[{"age": null, "album": "", "artist": null, "bookmarked": false, "comments": [], "date_published": "2024-06-19T17:20:22+00:00", "description": "Okazuje si\u0119, \u017ce kwota przygotowana na dofinansowanie szkolnych wycieczek by\u0142a zbyt niska w stosunku do zainteresowania programem.", "id": 740564, "language": "pl-PL", "link": "https://edukacja.rp.pl/oswiata/art40669841-pieniadze-z-rzadowego-programu-dla-szkol-skonczyly-sie-w-12-minut", "manual_status_code": 0, "page_rating": 32, "page_rating_contents": 100, "page_rating_visits": 0, "page_rating_votes": 0, "permanent": false, "source": "https://edukacja.rp.pl/rss/8681-edukacja", "source_obj__id": 270, "status_code": 0, "tags": [], "thumbnail": null, "title": "Pieni\u0105dze z rz\u0105dowego programu dla szk\u00f3\u0142 sko\u0144czy\u0142y si\u0119 w 12 minut", "user": null, "vote": 0}, {"age": null, "album": "", "artist": null, "bookmarked": false, "comments": [], "date_published": "2024-06-19T05:26:00+00:00", "description": "Edukacja prozdrowotna, wychowanie obywatelskie, edukacja dla bezpiecze\u0144stwa i pro obronna, rozw\u00f3j kompetencji cyfrowych i dobrostan uczni\u00f3w znalaz\u0142y si\u0119 w\u015br\u00f3d priorytet\u00f3w polityki o\u015bwiatowej pa\u0144stwa w roku szkolnym 2024/2025.", "id": 737066, "language": "pl-PL", "link": "https://edukacja.rp.pl/szkoly-podstawowe-i-srednie/art40662711-w-jakim-kierunku-bedzie-podazac-polska-oswiata-w-nowym-roku-szkolnym", "manual_status_code": 0, "page_rating": 32, "page_rating_contents": 100, "page_rating_visits": 0, "page_rating_votes": 0, "permanent": false, "source": "https://edukacja.rp.pl/rss/8681-edukacja", "source_obj__id": 270, "status_code": 0, "tags": [], "thumbnail": null, "title": "W jakim kierunku b\u0119dzie pod\u0105\u017ca\u0107 polska o\u015bwiata w nowym roku szkolnym?", "user": null, "vote": 0}]