[{"age": null, "album": "", "artist": null, "bookmarked": false, "comments": [], "date_published": "2024-06-19T22:45:12+00:00", "description": "", "id": 742205, "language": null, "link": "https://www.youtube.com/watch?v=v9VhLnNFzs4", "manual_status_code": 0, "page_rating": 32, "page_rating_contents": 100, "page_rating_visits": 0, "page_rating_votes": 0, "permanent": false, "source": "https://www.youtube.com/feeds/videos.xml?channel_id=UCSiPjfAJBgbFlIUsxOWpK0w", "source_obj__id": 259, "status_code": 0, "tags": [], "thumbnail": "https://i3.ytimg.com/vi/v9VhLnNFzs4/hqdefault.jpg", "title": "And welcome back to \u201cTender Moments with Pomplamoose.\u201d", "user": null, "vote": 0}]