[{"age": null, "album": "", "artist": null, "bookmarked": false, "comments": [], "date_published": "2024-06-19T19:00:17+00:00", "description": "A Question You've Never Asked (But Want the Answers To)\n\nJoin membership: https://www.youtube.com/channel/UCGHDQtN_vzFYJaq_Fx1eikg/join\nSecond Channel: https://www.youtube.com/channel/UCt93hxFmjppL5nLRAX94UrA\nMerch: https://qxir.creator-spring.com/\nPatreon: https://www.patreon.com/qxir\nTwitter: https://twitter.com/QxirYT\nFacebook: https://www.facebook.com/profile.php?id=100091768766293\nInstagram: https://www.instagram.com/qxiryt/\nTiktok: https://www.tiktok.com/@qxiryt\nDiscord: https://discord.gg/jZzvvwJ\nTwitch: https://www.twitch.tv/qxiryt/\nSubreddit: https://www.reddit.com/r/Qxir/", "id": 741168, "language": null, "link": "https://www.youtube.com/watch?v=YDRpTQoLnQk", "manual_status_code": 0, "page_rating": 32, "page_rating_contents": 100, "page_rating_visits": 0, "page_rating_votes": 0, "permanent": false, "source": "https://www.youtube.com/feeds/videos.xml?channel_id=UCGHDQtN_vzFYJaq_Fx1eikg", "source_obj__id": 447, "status_code": 0, "tags": [], "thumbnail": "https://i2.ytimg.com/vi/YDRpTQoLnQk/hqdefault.jpg", "title": "Why Do We Blow To Cool Something Down But Breathe To Warm It Up?", "user": null, "vote": 0}]