[{"age": null, "album": "", "artist": null, "bookmarked": false, "comments": [], "date_published": "2024-06-19T20:08:14+00:00", "description": "\u2611\ufe0f POM\u00d3\u017b NAM OSI\u0104GN\u0104\u0106 1 MILION SUBSKRYBENT\u00d3W!\nhttps://tiny.pl/c7cvg Ksi\u0105\u017cki o czy\u015b\u0107cu w naszym sklepiku:\nhttps://tiny.pl/c7t74\n\n(to proste! Twoje zakupy pomagaj\u0105 w realizacji naszej misji):\nhttps://sklep.kubogu.com.pl/ \nDzi\u0119kuj\u0105c za Twoje wsparcie prosimy Ci\u0119 r\u00f3wnie\u017c o modlitw\u0119; Msz\u0119 \u015awi\u0119t\u0105; Komuni\u0119 \u015awi\u0119t\u0105 w naszych intencjach. PAMI\u0118TAJ, \u017ce jeste\u015bmy na I linii ognia i bez TWOJEGO wsparcia oraz wstawiennictwa duchowego nie b\u0119dziemy mogli dzia\u0142a\u0107! \n\nkana\u0142 YouTube \u2018ku Bogu\u2019 od roku 2013 prowadzi fundacja \"ku Bogu\" z siedzib\u0105 w \u0141odzi\nul. Telewizyjna 1\n\nNUMERY KONT DO WSPARCIA NASZEJ PRACY:\nIBAN/BIC - BPKOPLPW \n\npln PL47 1020 5226 0000 6702 0802 8161\neur PL92 1020 5226 0000 6002 0802 8179\nusd PL94 1020 5226 0000 6902 0802 8187\n\nPAYPAL: https://www.paypal.com/paypalme/KuBoguPL\nhttps://www.paypal.com/paypalme/KuBogu\n\nhttps://paypal.me/KuBogu?country.x=NL&amp;locale.x=en_US\nInne formy wsparcia dost\u0119pne w linku na stronie startowej kana\u0142u \"ku Bogu\":\nwww.kuBogu.com.pl\n\nNawr\u00f3ci\u0142e\u015b si\u0119 dzieki s\u0142u", "id": 741379, "language": null, "link": "https://www.youtube.com/watch?v=_BVPjRemc3I", "manual_status_code": 0, "page_rating": 32, "page_rating_contents": 100, "page_rating_visits": 0, "page_rating_votes": 0, "permanent": false, "source": "https://www.youtube.com/feeds/videos.xml?channel_id=UCL0WiIwugwTXU5YBFvatbNg", "source_obj__id": 178, "status_code": 0, "tags": [], "thumbnail": "https://i4.ytimg.com/vi/_BVPjRemc3I/hqdefault.jpg", "title": "19.06.2024 \u015broda 21.20 Czy\u015bcimy Czy\u015bciec", "user": null, "vote": 0}, {"age": null, "album": "", "artist": null, "bookmarked": false, "comments": [], "date_published": "2024-06-19T13:10:00+00:00", "description": "\u2611\ufe0f \"Uwolnijcie nas st\u0105d!\" z Wydawnictwa M jest opracowane dzi\u0119ki wielkiej uprzejmo\u015bci tego wydawnictwa. Ksi\u0105\u017cka jest dost\u0119pna pod tym linkiem:\nhttps://tiny.pl/d5rwd\n\nOd roku 2017 kiedy pojawi\u0142a si\u0119 pierwsza wersja tej ksi\u0105\u017cki odnotowali\u015bmy ju\u017c ponad milion wy\u015bwietle\u0144. R\u00f3wnie\u017c druga wersja audiobooka przygotowana przez Roberta i Ludwik\u0119 cieszy\u0142a si\u0119 du\u017c\u0105 popularno\u015bci\u0105. Za zgod\u0105 Wydawnictwa M publikujemy ksi\u0105\u017ck\u0119 po raz trzeci - odnowion\u0105 wizualnie i d\u017awi\u0119kowo. \nTym razem w rol\u0119 Marii wciela si\u0119:\nMagdalena Wo\u017aniak\n@magda_wozniak_17\na Nickiego Eltz'a odtwarza Igor Nadolski.\nKsi\u0105\u017cka-wywiad z Mari\u0105 Simm\u0105 mistyczk\u0105, kt\u00f3ra przez wiele lat rozmawia\u0142a z duszami czy\u015b\u0107cowymi to jej relacja z kilkudziesi\u0119ciu lat obcowania z duszami czy\u015b\u0107cowymi. Z ksi\u0105\u017cki dowiemy si\u0119 czego potrzebuj\u0105 dusze w czy\u015b\u0107cu cierpi\u0105ce, dlaczego wa\u017cna jest msza za zmar\u0142ych i jak mo\u017cemy si\u0119 za nich modli\u0107. Ksi\u0105\u017cka zosta\u0142a opatrzona pozytywn\u0105 opini\u0105 przedstawicieli Ko\u015bcio\u0142a i cho\u0107 nie ma imprimatur z pewno\u015bci\u0105 przyczynia si\u0119\u00a0d", "id": 739068, "language": null, "link": "https://www.youtube.com/watch?v=vJeuO8VOgvg", "manual_status_code": 0, "page_rating": 32, "page_rating_contents": 100, "page_rating_visits": 0, "page_rating_votes": 0, "permanent": false, "source": "https://www.youtube.com/feeds/videos.xml?channel_id=UCL0WiIwugwTXU5YBFvatbNg", "source_obj__id": 178, "status_code": 0, "tags": [], "thumbnail": "https://i3.ytimg.com/vi/vJeuO8VOgvg/hqdefault.jpg", "title": "Uwolnijcie Nas St\u0105d! Maria Simma. NAUCZANIE KO\u015aCIO\u0141A i BIBLIA (cz\u0119\u015b\u0107 10).", "user": null, "vote": 0}, {"age": null, "album": "", "artist": null, "bookmarked": false, "comments": [], "date_published": "2024-06-19T13:00:11+00:00", "description": "\u2611\ufe0f \"Uwolnijcie nas st\u0105d!\" z Wydawnictwa M jest opracowane dzi\u0119ki wielkiej uprzejmo\u015bci tego wydawnictwa. Ksi\u0105\u017cka jest dost\u0119pna pod tym linkiem:\nhttps://tiny.pl/d5rwd\n\nOd roku 2017 kiedy pojawi\u0142a si\u0119 pierwsza wersja tej ksi\u0105\u017cki odnotowali\u015bmy ju\u017c ponad milion wy\u015bwietle\u0144. R\u00f3wnie\u017c druga wersja audiobooka przygotowana przez Roberta i Ludwik\u0119 cieszy\u0142a si\u0119 du\u017c\u0105 popularno\u015bci\u0105. Za zgod\u0105 Wydawnictwa M publikujemy ksi\u0105\u017ck\u0119 po raz trzeci - odnowion\u0105 wizualnie i d\u017awi\u0119kowo. \nTym razem w rol\u0119 Marii wciela si\u0119:\nMagdalena Wo\u017aniak\n@magda_wozniak_17\na Nickiego Eltz'a odtwarza Igor Nadolski.\nKsi\u0105\u017cka-wywiad z Mari\u0105 Simm\u0105 mistyczk\u0105, kt\u00f3ra przez wiele lat rozmawia\u0142a z duszami czy\u015b\u0107cowymi to jej relacja z kilkudziesi\u0119ciu lat obcowania z duszami czy\u015b\u0107cowymi. Z ksi\u0105\u017cki dowiemy si\u0119 czego potrzebuj\u0105 dusze w czy\u015b\u0107cu cierpi\u0105ce, dlaczego wa\u017cna jest msza za zmar\u0142ych i jak mo\u017cemy si\u0119 za nich modli\u0107. Ksi\u0105\u017cka zosta\u0142a opatrzona pozytywn\u0105 opini\u0105 przedstawicieli Ko\u015bcio\u0142a i cho\u0107 nie ma imprimatur z pewno\u015bci\u0105 przyczynia si\u0119\u00a0d", "id": 739069, "language": null, "link": "https://www.youtube.com/watch?v=DiKx0OdA-xk", "manual_status_code": 0, "page_rating": 32, "page_rating_contents": 100, "page_rating_visits": 0, "page_rating_votes": 0, "permanent": false, "source": "https://www.youtube.com/feeds/videos.xml?channel_id=UCL0WiIwugwTXU5YBFvatbNg", "source_obj__id": 178, "status_code": 0, "tags": [], "thumbnail": "https://i1.ytimg.com/vi/DiKx0OdA-xk/hqdefault.jpg", "title": "Uwolnijcie Nas St\u0105d! Maria Simma. \u015aWI\u0118CI (cz\u0119\u015b\u0107 9).", "user": null, "vote": 0}]