[{"age": null, "album": "", "artist": null, "bookmarked": false, "comments": [], "date_published": "2024-06-19T21:30:46+00:00", "description": "<p><a href=\"https://civic.band/\">Civic Band</a></p>\nExciting new civic tech project from Philip James: 30 (and counting) Datasette instances serving full-text search enabled collections of OCRd meeting minutes for different civic governments. Includes <a href=\"https://alameda.ca.civic.band/civic_minutes/pages\">20,000 pages for Alameda</a>, <a href=\"https://pittsburgh.pa.civic.band/civic_minutes/pages\">17,000 for Pittsburgh</a>, <a href=\"https://baltimore.md.civic.band/civic_minutes/pages\">3,567 for Baltimore</a> and an enormous <a href=\"https://maui-county.hi.civic.band/civic_minutes/pages\">117,000 for Maui County</a>.</p>\n<p>Philip includes <a href=\"https://civic.band/how.html\">some notes</a> on how they're doing it. They gather PDF minute notes from anywhere that provides API access to them, then run local Tesseract for OCR (the cost of cloud-based OCR proving prohibitive given the volume of data). The collection is then deployed to a single VPS running multiple instances of Dataset", "id": 742247, "language": "en-us", "link": "https://simonwillison.net/2024/Jun/19/civic-band/#atom-everything", "manual_status_code": 0, "page_rating": 32, "page_rating_contents": 100, "page_rating_visits": 0, "page_rating_votes": 0, "permanent": false, "source": "https://simonwillison.net/atom/everything", "source_obj__id": 423, "status_code": 0, "tags": [], "thumbnail": null, "title": "Civic Band", "user": null, "vote": 0}, {"age": null, "album": "", "artist": null, "bookmarked": false, "comments": [], "date_published": "2024-06-19T04:30:26+00:00", "description": "<p>I'm still spinning back up after my trip back to the UK, so actual time spent building things has been less than I'd like. I presented <a href=\"https://simonwillison.net/2024/Jun/17/cli-language-models/\">an hour long workshop on command-line LLM usage</a>, wrote five full blog entries (since my last weeknotes) and I've also been leaning more into short-form link blogging - a lot more prominent on this site now since my <a href=\"https://simonwillison.net/2024/Jun/12/homepage-redesign/\">homepage redesign</a> last week.</p>\n<h4 id=\"datasette-studio\">Datasette Studio</h4>\n<p>I ran a workshop for a data journalism class recently which included having students try running structured data extraction using <a href=\"https://github.com/datasette/datasette-extract\">datasette-extract</a>. I didn't want to talk them through installing Python etc on their own machines, so I instead took advantage of a project I've been tinkering with for a little while called <strong>Datasette Studio</strong>.</", "id": 737130, "language": "en-us", "link": "https://simonwillison.net/2024/Jun/19/datasette-studio/#atom-everything", "manual_status_code": 0, "page_rating": 32, "page_rating_contents": 100, "page_rating_visits": 0, "page_rating_votes": 0, "permanent": false, "source": "https://simonwillison.net/atom/everything", "source_obj__id": 423, "status_code": 0, "tags": [], "thumbnail": null, "title": "Weeknotes: Datasette Studio and a whole lot of blogging", "user": null, "vote": 0}, {"age": null, "album": "", "artist": null, "bookmarked": false, "comments": [], "date_published": "2024-06-19T03:53:49+00:00", "description": "<p><a href=\"https://lawrencekstimes.com/about/\">About the Lawrence Times</a></p>\nThe town of Lawrence, Kansas is where <a href=\"https://simonwillison.net/2010/Aug/24/what-is-the-history/\">Django was born</a>. I'm delighted to learn that it has a new independent online news publication as-of March 2021 - the Lawrence Times.</p>\n<p>It's always exciting to see local media startups like this one, and they've been publishing for three years now supported by both advertiser revenue and optional paid subscriptions.\n\n    <p>Via <a href=\"https://jacobian.org/2024/jun/11/paying-more-for-media/\">Jacob Kaplan-Moss</a></p>", "id": 737131, "language": "en-us", "link": "https://simonwillison.net/2024/Jun/19/the-lawrence-times/#atom-everything", "manual_status_code": 0, "page_rating": 32, "page_rating_contents": 100, "page_rating_visits": 0, "page_rating_votes": 0, "permanent": false, "source": "https://simonwillison.net/atom/everything", "source_obj__id": 423, "status_code": 0, "tags": [], "thumbnail": null, "title": "About the Lawrence Times", "user": null, "vote": 0}, {"age": null, "album": "", "artist": null, "bookmarked": false, "comments": [], "date_published": "2024-06-19T00:22:55+00:00", "description": "<p><a href=\"https://nightingaledvs.com/ive-stopped-using-box-plots-should-you/\">I\u2019ve stopped using box plots. Should you?</a></p>\nNick Desbarats explains box plots (including with <a href=\"https://www.youtube.com/watch?v=iBq23-eQhp8\">this excellent short YouTube video</a>) and then discusses why he thinks \"typically less than 20 percent\" of participants in his workshops already understand how to read them.</p>\n<p>A key problem is that they are unintuitive: a box plot has four sections, two thin lines (the top and bottom whisker segments) and two larger boxes, joined around the median. Each of these elements represents the same number of samples (one quartile each) but the thin lines v.s. thick boxes imply that the whiskers contain less samples than the boxes.\n\n    <p>Via <a href=\"https://lobste.rs/s/io4aui/i_ve_stopped_using_box_plots_should_you\">lobste.rs</a></p>", "id": 736038, "language": "en-us", "link": "https://simonwillison.net/2024/Jun/19/box-plots/#atom-everything", "manual_status_code": 0, "page_rating": 32, "page_rating_contents": 100, "page_rating_visits": 0, "page_rating_votes": 0, "permanent": false, "source": "https://simonwillison.net/atom/everything", "source_obj__id": 423, "status_code": 0, "tags": [], "thumbnail": null, "title": "I\u2019ve stopped using box plots. Should you?", "user": null, "vote": 0}]