[{"age": null, "album": "", "artist": null, "bookmarked": false, "comments": [], "date_published": "2024-06-19T16:42:25+00:00", "description": "<p><a href=\"https://wydarzenia.interia.pl/kraj/news-pogodowy-walec-sunie-przez-polske-burze-grad-i-niemal-tysiac,nId,7584525\"><img align=\"left\" alt=\"Pogodowy walec sunie przez Polsk\u0119. Burze, grad i niemal tysi\u0105c zg\u0142osze\u0144\" src=\"https://i.iplsc.com/pogodowy-walec-sunie-przez-polske-burze-grad-i-niemal-tysiac/000JCEFCAAJWVR6M-C321.jpg\" /></a>Pogoda daje do wiwatu. Przez ca\u0142\u0105 Polsk\u0119 przetaczaj\u0105 si\u0119 burze. Stra\u017cacy z ca\u0142ego kraju otrzymali ju\u017c niemal tysi\u0105c zg\u0142osze\u0144. Najwi\u0119cej by\u0142o w woj. mazowieckim i \u015bl\u0105skim. Nawa\u0142nica, kt\u00f3ra przesz\u0142a na po\u0142udniowy wsch\u00f3d od Warszawy, przynios\u0142a grad i ulewy w kilku powiatach. Przed godz. 18 IMGW wystosowa\u0142 kolejne ostrze\u017cenia. </p><br clear=\"all\" />", "id": 741155, "language": "pl-PL", "link": "https://wydarzenia.interia.pl/kraj/news-pogodowy-walec-sunie-przez-polske-burze-grad-i-niemal-tysiac,nId,7584525", "manual_status_code": 0, "page_rating": 32, "page_rating_contents": 100, "page_rating_visits": 0, "page_rating_votes": 0, "permanent": false, "source": "https://wydarzenia.interia.pl/polska/feed", "source_obj__id": 401, "status_code": 0, "tags": [], "thumbnail": null, "title": "Pogodowy walec sunie przez Polsk\u0119. Burze, grad i niemal tysi\u0105c zg\u0142osze\u0144", "user": null, "vote": 0}, {"age": null, "album": "", "artist": null, "bookmarked": false, "comments": [], "date_published": "2024-06-19T16:00:55+00:00", "description": "<p><a href=\"https://wydarzenia.interia.pl/kraj/news-covid-19-wkrotce-da-o-sobie-znac-znany-lekarz-ostrzega,nId,7584415\"><img align=\"left\" alt=\"COVID-19 wkr\u00f3tce da o sobie zna\u0107. Znany lekarz ostrzega\" src=\"https://i.iplsc.com/covid-19-wkrotce-da-o-sobie-znac-znany-lekarz-ostrzega/000JCDVZ5B6X77FK-C321.jpg\" /></a>- Spodziewamy si\u0119, \u017ce liczba zachorowa\u0144 na koronawirusa b\u0119dzie wzrasta\u0107 - ostrzega G\u0142\u00f3wny Inspektor Sanitarny. Doktor Pawe\u0142 Grzesiowski dodaje, \u017ce zwi\u0119kszona liczba przypadk\u00f3w notowana jest ju\u017c w Europie Zachodniej i Stanach Zjednoczonych, a w Polsce ich wzrost nast\u0105pi prawdopodobnie w lipcu. Ekspert radzi, aby w razie niepokoj\u0105cych objaw\u00f3w, uda\u0107 si\u0119 do lekarza oraz korzysta\u0107 z test\u00f3w &quot;combo&quot;, kt\u00f3re pomagaj\u0105 wykry\u0107 chorob\u0119.</p><br clear=\"all\" />", "id": 739987, "language": "pl-PL", "link": "https://wydarzenia.interia.pl/kraj/news-covid-19-wkrotce-da-o-sobie-znac-znany-lekarz-ostrzega,nId,7584415", "manual_status_code": 0, "page_rating": 32, "page_rating_contents": 100, "page_rating_visits": 0, "page_rating_votes": 0, "permanent": false, "source": "https://wydarzenia.interia.pl/polska/feed", "source_obj__id": 401, "status_code": 0, "tags": [], "thumbnail": null, "title": "COVID-19 wkr\u00f3tce da o sobie zna\u0107. Znany lekarz ostrzega", "user": null, "vote": 0}, {"age": null, "album": "", "artist": null, "bookmarked": false, "comments": [], "date_published": "2024-06-19T12:41:19+00:00", "description": "<p><a href=\"https://wydarzenia.interia.pl/kraj/news-zamieszanie-wokol-incydentu-na-granicy-stanowcza-reakcja-slu,nId,7584317\"><img align=\"left\" alt=\"Zamieszanie wok\u00f3\u0142 incydentu na granicy. Stanowcza reakcja s\u0142u\u017cb\" src=\"https://i.iplsc.com/zamieszanie-wokol-incydentu-na-granicy-stanowcza-reakcja-slu/000JCAV00L09APPE-C321.jpg\" /></a>Kolejny, rzekomy, niebezpieczny incydent na granicy polsko-bia\u0142oruskiej. Wed\u0142ug informacji medialnych, 35-letnia kobieta z Iranu mia\u0142a zosta\u0107 postrzelona w oko przez polskich mundurowych. Na doniesienia zareagowa\u0142y polskie s\u0142u\u017cby, kt\u00f3re zdementowa\u0142y doniesienia i przedstawi\u0142y inn\u0105 wersj\u0119 zdarzenia.</p><br clear=\"all\" />", "id": 738607, "language": "pl-PL", "link": "https://wydarzenia.interia.pl/kraj/news-zamieszanie-wokol-incydentu-na-granicy-stanowcza-reakcja-slu,nId,7584317", "manual_status_code": 0, "page_rating": 32, "page_rating_contents": 100, "page_rating_visits": 0, "page_rating_votes": 0, "permanent": false, "source": "https://wydarzenia.interia.pl/polska/feed", "source_obj__id": 401, "status_code": 0, "tags": [], "thumbnail": null, "title": "Zamieszanie wok\u00f3\u0142 incydentu na granicy. Stanowcza reakcja s\u0142u\u017cb", "user": null, "vote": 0}, {"age": null, "album": "", "artist": null, "bookmarked": false, "comments": [], "date_published": "2024-06-19T11:43:24+00:00", "description": "<p><a href=\"https://wydarzenia.interia.pl/kraj/news-burza-w-trybunale-konstytucyjnym-pawlowicz-starla-sie-z-posl,nId,7584269\"><img align=\"left\" alt=\"Burza w Trybunale Konstytucyjnym. Paw\u0142owicz star\u0142a si\u0119 z pos\u0142em\" src=\"https://i.iplsc.com/burza-w-trybunale-konstytucyjnym-pawlowicz-starla-sie-z-posl/000JCA6LYAJTJBXT-C321.jpg\" /></a>Szef Kancelarii Sejmu Jacek Cichocki oraz komendant Stra\u017cy Marsza\u0142kowskiej Micha\u0142 Sado\u0144 nie stawili si\u0119 na \u015brodowej rozprawie w Trybunale Konstytucyjnym - poinformowa\u0142a przewodnicz\u0105ca sk\u0142adu s\u0119dziowskiego w TK Krystyna Paw\u0142owicz. Zachowanie \u015bwiadk\u00f3w oceni\u0142a &quot;skandalicznym post\u0119powaniem&quot;, kt\u00f3re uniemo\u017cliwia dalsze post\u0119powanie przed TK. Mimo ostrze\u017ce\u0144 Paw\u0142owicz, sal\u0119 s\u0105dow\u0105 postanowi\u0142 opu\u015bci\u0107 tak\u017ce pose\u0142 Pawe\u0142 \u015aliz. P\u00f3\u017aniej gremium zdecydowa\u0142o w sprawie przepis\u00f3w o NCBR. TK uzna\u0142, \u017ce s\u0105 niezgodne z konstytucj\u0105.</p><br clear=\"all\" />", "id": 739161, "language": "pl-PL", "link": "https://wydarzenia.interia.pl/kraj/news-burza-w-trybunale-konstytucyjnym-pawlowicz-starla-sie-z-posl,nId,7584269", "manual_status_code": 0, "page_rating": 32, "page_rating_contents": 100, "page_rating_visits": 0, "page_rating_votes": 0, "permanent": false, "source": "https://wydarzenia.interia.pl/polska/feed", "source_obj__id": 401, "status_code": 0, "tags": [], "thumbnail": null, "title": "Burza w Trybunale Konstytucyjnym. Paw\u0142owicz star\u0142a si\u0119 z pos\u0142em", "user": null, "vote": 0}, {"age": null, "album": "", "artist": null, "bookmarked": false, "comments": [], "date_published": "2024-06-19T08:55:54+00:00", "description": "<p><a href=\"https://wydarzenia.interia.pl/kraj/news-prokuratura-chce-aresztowac-posla-suwerennej-polski-ruch-ada,nId,7584138\"><img align=\"left\" alt=\"Prokuratura chce aresztowa\u0107 pos\u0142a Suwerennej Polski. Ruch Adama Bodnara\" src=\"https://i.iplsc.com/prokuratura-chce-aresztowac-posla-suwerennej-polski-ruch-ada/000JC8WV7YAJUP22-C321.jpg\" /></a>Prokurator generalny przekaza\u0142 do Sejmu wniosek o wyra\u017cenie zgody na poci\u0105gni\u0119cie pos\u0142a Marcina Romanowskiego (Suwerenna Polska) do odpowiedzialno\u015bci karnej, a tak\u017ce jego zatrzymanie i tymczasowe aresztowanie. Romanowski jako wiceminister sprawiedliwo\u015bci odpowiada\u0142 za Fundusz Sprawiedliwo\u015bci. \u015aledczy stawiaj\u0105 mu 11 zarzut\u00f3w. </p><br clear=\"all\" />", "id": 737775, "language": "pl-PL", "link": "https://wydarzenia.interia.pl/kraj/news-prokuratura-chce-aresztowac-posla-suwerennej-polski-ruch-ada,nId,7584138", "manual_status_code": 0, "page_rating": 32, "page_rating_contents": 100, "page_rating_visits": 0, "page_rating_votes": 0, "permanent": false, "source": "https://wydarzenia.interia.pl/polska/feed", "source_obj__id": 401, "status_code": 0, "tags": [], "thumbnail": null, "title": "Prokuratura chce aresztowa\u0107 pos\u0142a Suwerennej Polski. Ruch Adama Bodnara", "user": null, "vote": 0}, {"age": null, "album": "", "artist": null, "bookmarked": false, "comments": [], "date_published": "2024-06-19T08:34:19+00:00", "description": "<p><a href=\"https://wydarzenia.interia.pl/kraj/news-anomalie-przejmuja-kontrole-to-zdarza-sie-raz-na-20-lat,nId,7584081\"><img align=\"left\" alt=\"Anomalie przejmuj\u0105 kontrol\u0119. To zdarza si\u0119 raz na 20 lat\" src=\"https://i.iplsc.com/anomalie-przejmuja-kontrole-to-zdarza-sie-raz-na-20-lat/000JC8KMCHFPA9GK-C321.jpg\" /></a>Pot\u0119\u017cne upa\u0142y, kt\u00f3re wyst\u0105pi\u0105 w ci\u0105gu dnia, b\u0119d\u0105 czym\u015b wyj\u0105tkowym. Temperatury w niekt\u00f3rych miastach b\u0119d\u0105 o prawie 9 stopni Celsjusza wy\u017csze ni\u017c zwykle o tej porze roku. Wed\u0142ug IMGW sytuacja, z kt\u00f3r\u0105 b\u0119dziemy mieli do czynienia, zdarza si\u0119 \u015brednio raz na dziesi\u0105tki lat. Sprawd\u017a, w kt\u00f3rych miastach b\u0119dzie najgor\u0119cej.</p><br clear=\"all\" />", "id": 737513, "language": "pl-PL", "link": "https://wydarzenia.interia.pl/kraj/news-anomalie-przejmuja-kontrole-to-zdarza-sie-raz-na-20-lat,nId,7584081", "manual_status_code": 0, "page_rating": 32, "page_rating_contents": 100, "page_rating_visits": 0, "page_rating_votes": 0, "permanent": false, "source": "https://wydarzenia.interia.pl/polska/feed", "source_obj__id": 401, "status_code": 0, "tags": [], "thumbnail": null, "title": "Anomalie przejmuj\u0105 kontrol\u0119. To zdarza si\u0119 raz na 20 lat", "user": null, "vote": 0}, {"age": null, "album": "", "artist": null, "bookmarked": false, "comments": [], "date_published": "2024-06-19T05:26:12+00:00", "description": "<p><a href=\"https://wydarzenia.interia.pl/kraj/news-janusz-kowalski-opuszcza-partie-jest-komentarz-suwerennej-po,nId,7583970\"><img align=\"left\" alt=\"Janusz Kowalski opuszcza parti\u0119. Jest komentarz Suwerennej Polski\" src=\"https://i.iplsc.com/janusz-kowalski-opuszcza-partie-jest-komentarz-suwerennej-po/000JC8LI0F6KD4I8-C321.jpg\" /></a>&quot;Dzi\u015b przestaj\u0119 by\u0107 cz\u0142onkiem Suwerennej Polski. Z\u0142o\u017cy\u0142em rezygnacj\u0119&quot; - poinformowa\u0142 pose\u0142 Janusz Kowalski. Po kilku godzinach partia wyda\u0142a lakoniczny komunikat w sprawie. &quot;Janusz Kowalski, jaki jest, ka\u017cdy wie. \u017byczymy mu powodzenia na nowej drodze&quot; - podkre\u015blono, zapewniaj\u0105c o kontynuacji &quot;budowy ideowego \u015brodowiska na prawicy&quot;. Kowalski ma pozosta\u0107 cz\u0142onkiem klubu parlamentarnego PiS.</p><br clear=\"all\" />", "id": 737514, "language": "pl-PL", "link": "https://wydarzenia.interia.pl/kraj/news-janusz-kowalski-opuszcza-partie-jest-komentarz-suwerennej-po,nId,7583970", "manual_status_code": 0, "page_rating": 32, "page_rating_contents": 100, "page_rating_visits": 0, "page_rating_votes": 0, "permanent": false, "source": "https://wydarzenia.interia.pl/polska/feed", "source_obj__id": 401, "status_code": 0, "tags": [], "thumbnail": null, "title": "Janusz Kowalski opuszcza parti\u0119. Jest komentarz Suwerennej Polski", "user": null, "vote": 0}, {"age": null, "album": "", "artist": null, "bookmarked": false, "comments": [], "date_published": "2024-06-19T05:11:13+00:00", "description": "<p><a href=\"https://wydarzenia.interia.pl/kraj/news-od-piekielnych-upalow-po-silne-burze-wyjatkiem-trzy-wojewodz,nId,7583952\"><img align=\"left\" alt=\"Od piekielnych upa\u0142\u00f3w po silne burze. Wyj\u0105tkiem trzy wojew\u00f3dztwa\" src=\"https://i.iplsc.com/od-piekielnych-upalow-po-silne-burze-wyjatkiem-trzy-wojewodz/000JC7FV25I7FIC5-C321.jpg\" /></a>Niemal w ca\u0142ej Polsce wydano ostrze\u017cenia przed upa\u0142ami i burzami. Temperatury na po\u0142udniu i wschodzie przekrocz\u0105 30 stopni. Na p\u00f3\u0142nocnych kra\u0144cach kraju mo\u017ce wyst\u0105pi\u0107 silny deszcz oraz opady gradu. IMGW ostrzega przed niebezpiecznym wiatrem przekraczaj\u0105cym 100 km/h.</p><br clear=\"all\" />", "id": 736983, "language": "pl-PL", "link": "https://wydarzenia.interia.pl/kraj/news-od-piekielnych-upalow-po-silne-burze-wyjatkiem-trzy-wojewodz,nId,7583952", "manual_status_code": 0, "page_rating": 32, "page_rating_contents": 100, "page_rating_visits": 0, "page_rating_votes": 0, "permanent": false, "source": "https://wydarzenia.interia.pl/polska/feed", "source_obj__id": 401, "status_code": 0, "tags": [], "thumbnail": null, "title": "Od piekielnych upa\u0142\u00f3w po silne burze. Wyj\u0105tkiem trzy wojew\u00f3dztwa", "user": null, "vote": 0}]