[{"age": null, "album": "", "artist": null, "bookmarked": false, "comments": [], "date_published": "2024-06-19T22:16:36+00:00", "description": "Scotland show their best qualities - as well as their worst - to get their Euro 2024 campaign back on track, writes Tom English.", "id": 742232, "language": "en-US", "link": "https://www.bbc.com/sport/football/articles/c9xx0zne9e9o", "manual_status_code": 0, "page_rating": 32, "page_rating_contents": 100, "page_rating_visits": 0, "page_rating_votes": 0, "permanent": false, "source": "https://feeds.bbci.co.uk/news/rss.xml", "source_obj__id": 27, "status_code": 0, "tags": [], "thumbnail": "https://ichef.bbci.co.uk/news/240/cpsprodpb/9ab0/live/70b79d50-2e8e-11ef-bdc5-41d7421c2adf.jpg", "title": "'Steely Scotland still standing after coming out swinging'", "user": null, "vote": 0}, {"age": null, "album": "", "artist": null, "bookmarked": false, "comments": [], "date_published": "2024-06-19T21:53:42+00:00", "description": "BBC correspondents analyse key policies in the SNP manifesto.", "id": 741962, "language": "en-US", "link": "https://www.bbc.com/news/articles/c3ggl375nn7o", "manual_status_code": 0, "page_rating": 32, "page_rating_contents": 100, "page_rating_visits": 0, "page_rating_votes": 0, "permanent": false, "source": "https://feeds.bbci.co.uk/news/rss.xml", "source_obj__id": 27, "status_code": 0, "tags": [], "thumbnail": "https://ichef.bbci.co.uk/news/240/cpsprodpb/86b8/live/638b6020-2e4e-11ef-90be-b75b34b0bbb2.png", "title": "SNP manifesto: Key policies analysed", "user": null, "vote": 0}, {"age": null, "album": "", "artist": null, "bookmarked": false, "comments": [], "date_published": "2024-06-19T21:48:49+00:00", "description": "Sue Taylor-Franklin had to crowdfund money to pay for knee surgery in Lithuania.", "id": 741965, "language": "en-US", "link": "https://www.bbc.com/news/articles/cx99d4v84gpo", "manual_status_code": 0, "page_rating": 32, "page_rating_contents": 100, "page_rating_visits": 0, "page_rating_votes": 0, "permanent": false, "source": "https://feeds.bbci.co.uk/news/rss.xml", "source_obj__id": 27, "status_code": 0, "tags": [], "thumbnail": "https://ichef.bbci.co.uk/ace/standard/240/cpsprodpb/395d/live/1194ecd0-2e87-11ef-bdc5-41d7421c2adf.png", "title": "Champion powerlifter faced five-year NHS wait", "user": null, "vote": 0}, {"age": null, "album": "", "artist": null, "bookmarked": false, "comments": [], "date_published": "2024-06-19T21:41:15+00:00", "description": "A march past Ardoyne shops is now being sought on the evening of 12 July.", "id": 741964, "language": "en-US", "link": "https://www.bbc.com/news/articles/cp66xg9n137o", "manual_status_code": 0, "page_rating": 32, "page_rating_contents": 100, "page_rating_visits": 0, "page_rating_votes": 0, "permanent": false, "source": "https://feeds.bbci.co.uk/news/rss.xml", "source_obj__id": 27, "status_code": 0, "tags": [], "thumbnail": "https://ichef.bbci.co.uk/news/240/cpsprodpb/7ef3/live/fb8c4850-2e79-11ef-8fb1-2db0e7cb7ea3.jpg", "title": "Agreement over Belfast Orange parade breaks down", "user": null, "vote": 0}, {"age": null, "album": "", "artist": null, "bookmarked": false, "comments": [], "date_published": "2024-06-19T21:03:43+00:00", "description": "As well as being a donor, Zia Yusuf will also have a public role for Reform UK during the campaign.", "id": 741961, "language": "en-US", "link": "https://www.bbc.com/news/articles/cd11xxn833yo", "manual_status_code": 0, "page_rating": 32, "page_rating_contents": 100, "page_rating_visits": 0, "page_rating_votes": 0, "permanent": false, "source": "https://feeds.bbci.co.uk/news/rss.xml", "source_obj__id": 27, "status_code": 0, "tags": [], "thumbnail": "https://ichef.bbci.co.uk/news/240/cpsprodpb/c6b6/live/f829e670-2e58-11ef-8037-1d36f173811f.jpg", "title": "Muslim millionaire gives major donation to Reform UK", "user": null, "vote": 0}, {"age": null, "album": "", "artist": null, "bookmarked": false, "comments": [], "date_published": "2024-06-19T21:02:00+00:00", "description": "Scotland and Switzerland both miss big chances and share the points after playing out a 1-1 draw in their Group A game in Cologne.", "id": 741963, "language": "en-US", "link": "https://www.bbc.com/sport/football/videos/c722g488798o", "manual_status_code": 0, "page_rating": 32, "page_rating_contents": 100, "page_rating_visits": 0, "page_rating_votes": 0, "permanent": false, "source": "https://feeds.bbci.co.uk/news/rss.xml", "source_obj__id": 27, "status_code": 0, "tags": [], "thumbnail": "https://ichef.bbci.co.uk/news/240/cpsprodpb/63f9/live/7fb99dd0-2e7f-11ef-bdc5-41d7421c2adf.jpg", "title": "Highlights: Scotland draw with Switzerland to keep Euros hopes alive", "user": null, "vote": 0}, {"age": null, "album": "", "artist": null, "bookmarked": false, "comments": [], "date_published": "2024-06-19T19:59:09+00:00", "description": "Law requires a poster in all public schools classrooms, up to university level, by 2025.", "id": 741678, "language": "en-US", "link": "https://www.bbc.com/news/articles/cp66xdxj0l3o", "manual_status_code": 0, "page_rating": 32, "page_rating_contents": 100, "page_rating_visits": 0, "page_rating_votes": 0, "permanent": false, "source": "https://feeds.bbci.co.uk/news/rss.xml", "source_obj__id": 27, "status_code": 0, "tags": [], "thumbnail": "https://ichef.bbci.co.uk/news/240/cpsprodpb/bab0/live/969233f0-2e75-11ef-ba8d-a9b9bfa74cb0.jpg", "title": "US state orders every classroom to display Ten Commandments", "user": null, "vote": 0}, {"age": null, "album": "", "artist": null, "bookmarked": false, "comments": [], "date_published": "2024-06-19T19:57:50+00:00", "description": "The singer was arrested for running a stop sign and failing to stay on the right side of the road.", "id": 741677, "language": "en-US", "link": "https://www.bbc.com/news/articles/c511weqy9g4o", "manual_status_code": 0, "page_rating": 32, "page_rating_contents": 100, "page_rating_visits": 0, "page_rating_votes": 0, "permanent": false, "source": "https://feeds.bbci.co.uk/news/rss.xml", "source_obj__id": 27, "status_code": 0, "tags": [], "thumbnail": "https://ichef.bbci.co.uk/news/240/cpsprodpb/148b/live/0bb562b0-2e76-11ef-a044-9d4367d5b599.png", "title": "Justin Timberlake's lawyer to 'vigorously' defend star", "user": null, "vote": 0}, {"age": null, "album": "", "artist": null, "bookmarked": false, "comments": [], "date_published": "2024-06-19T19:41:43+00:00", "description": "Xherdan Shaqiri scores a 'wonderstrike' to bring Switzerland level with Scotland in their Group A game in Cologne.", "id": 741368, "language": "en-US", "link": "https://www.bbc.com/sport/football/videos/c511de7pnpro", "manual_status_code": 0, "page_rating": 32, "page_rating_contents": 100, "page_rating_visits": 0, "page_rating_votes": 0, "permanent": false, "source": "https://feeds.bbci.co.uk/news/rss.xml", "source_obj__id": 27, "status_code": 0, "tags": [], "thumbnail": "https://ichef.bbci.co.uk/news/240/cpsprodpb/a202/live/6c508df0-2e73-11ef-bdc5-41d7421c2adf.jpg", "title": "Shaqiri 'wonderstrike' brings Switzerland level", "user": null, "vote": 0}, {"age": null, "album": "", "artist": null, "bookmarked": false, "comments": [], "date_published": "2024-06-19T19:26:46+00:00", "description": "Watch Scotland get off to a dream start as Scott McTominay gives Scotland the lead over Switzerland in their second group game of Euro 2024.", "id": 741369, "language": "en-US", "link": "https://www.bbc.com/sport/football/videos/cn33nmkkl1jo", "manual_status_code": 0, "page_rating": 32, "page_rating_contents": 100, "page_rating_visits": 0, "page_rating_votes": 0, "permanent": false, "source": "https://feeds.bbci.co.uk/news/rss.xml", "source_obj__id": 27, "status_code": 0, "tags": [], "thumbnail": "https://ichef.bbci.co.uk/news/240/cpsprodpb/cc08/live/62760340-2e74-11ef-bdc5-41d7421c2adf.jpg", "title": "McTominay deflected strike puts Scotland ahead against Switzerland", "user": null, "vote": 0}, {"age": null, "album": "", "artist": null, "bookmarked": false, "comments": [], "date_published": "2024-06-19T19:12:26+00:00", "description": "Gareth Southgate says England must not take major tournaments wins for granted, ahead of facing Denmark at Euro 2024.", "id": 741365, "language": "en-US", "link": "https://www.bbc.com/sport/football/articles/c2eemjg2rm7o", "manual_status_code": 0, "page_rating": 32, "page_rating_contents": 100, "page_rating_visits": 0, "page_rating_votes": 0, "permanent": false, "source": "https://feeds.bbci.co.uk/news/rss.xml", "source_obj__id": 27, "status_code": 0, "tags": [], "thumbnail": "https://ichef.bbci.co.uk/news/240/cpsprodpb/b089/live/affdd760-2e73-11ef-bdc5-41d7421c2adf.jpg", "title": "England should not take wins for granted - Southgate", "user": null, "vote": 0}, {"age": null, "album": "", "artist": null, "bookmarked": false, "comments": [], "date_published": "2024-06-19T18:58:00+00:00", "description": "Newscast and Newsnight unite in Birmingham", "id": 741679, "language": "en-US", "link": "https://www.bbc.co.uk/sounds/play/p0j57rp8", "manual_status_code": 0, "page_rating": 32, "page_rating_contents": 100, "page_rating_visits": 0, "page_rating_votes": 0, "permanent": false, "source": "https://feeds.bbci.co.uk/news/rss.xml", "source_obj__id": 27, "status_code": 0, "tags": [], "thumbnail": "https://ichef.bbci.co.uk/images/ic/240x135/p0j57ry6.jpg", "title": "Electioncast: The SNP manifesto", "user": null, "vote": 0}, {"age": null, "album": "", "artist": null, "bookmarked": false, "comments": [], "date_published": "2024-06-19T18:23:55+00:00", "description": "South Africa survive a scare before beating USA by 18 runs in the first game of the Super 8s at the T20 World Cup.", "id": 741077, "language": "en-US", "link": "https://www.bbc.com/sport/cricket/articles/c722gdklp7go", "manual_status_code": 0, "page_rating": 32, "page_rating_contents": 100, "page_rating_visits": 0, "page_rating_votes": 0, "permanent": false, "source": "https://feeds.bbci.co.uk/news/rss.xml", "source_obj__id": 27, "status_code": 0, "tags": [], "thumbnail": "https://ichef.bbci.co.uk/news/240/cpsprodpb/19b7/live/6c596560-2e64-11ef-90be-b75b34b0bbb2.jpg", "title": "South Africa survive scare against USA in Super 8s", "user": null, "vote": 0}, {"age": null, "album": "", "artist": null, "bookmarked": false, "comments": [], "date_published": "2024-06-19T18:19:20+00:00", "description": "Albania have shown they did not come to Euro 2024 to make up the numbers after a dramatic draw left Croatia's golden generation of players on the brink of an early exit.", "id": 741366, "language": "en-US", "link": "https://www.bbc.com/sport/football/articles/c255qqzg5yeo", "manual_status_code": 0, "page_rating": 32, "page_rating_contents": 100, "page_rating_visits": 0, "page_rating_votes": 0, "permanent": false, "source": "https://feeds.bbci.co.uk/news/rss.xml", "source_obj__id": 27, "status_code": 0, "tags": [], "thumbnail": "https://ichef.bbci.co.uk/news/240/cpsprodpb/0315/live/cb62f420-2e61-11ef-90be-b75b34b0bbb2.jpg", "title": "Albania joy in thriller as Croatia's golden era on brink", "user": null, "vote": 0}, {"age": null, "album": "", "artist": null, "bookmarked": false, "comments": [], "date_published": "2024-06-19T17:44:00+00:00", "description": "Amol and Nick look at whether pledges on economic growth are likely to be delivered.", "id": 741078, "language": "en-US", "link": "https://www.bbc.co.uk/sounds/play/m002097k", "manual_status_code": 0, "page_rating": 32, "page_rating_contents": 100, "page_rating_visits": 0, "page_rating_votes": 0, "permanent": false, "source": "https://feeds.bbci.co.uk/news/rss.xml", "source_obj__id": 27, "status_code": 0, "tags": [], "thumbnail": "https://ichef.bbci.co.uk/images/ic/240x135/p0j11wtv.jpg", "title": "How to grow an economy and get young people voting", "user": null, "vote": 0}, {"age": null, "album": "", "artist": null, "bookmarked": false, "comments": [], "date_published": "2024-06-19T17:34:23+00:00", "description": "The chancellor is the latest senior Tory to acknowledge his party could be on course for defeat.", "id": 741075, "language": "en-US", "link": "https://www.bbc.com/news/articles/c033qqme69po", "manual_status_code": 0, "page_rating": 32, "page_rating_contents": 100, "page_rating_visits": 0, "page_rating_votes": 0, "permanent": false, "source": "https://feeds.bbci.co.uk/news/rss.xml", "source_obj__id": 27, "status_code": 0, "tags": [], "thumbnail": "https://ichef.bbci.co.uk/news/240/cpsprodpb/35bd/live/aea57cb0-2e5a-11ef-a044-9d4367d5b599.jpg", "title": "Labour would need an effective opposition, says Hunt", "user": null, "vote": 0}, {"age": null, "album": "", "artist": null, "bookmarked": false, "comments": [], "date_published": "2024-06-19T17:23:05+00:00", "description": "On Israel's northern border, the line between deterrence and desire for war is getting harder to see.", "id": 741074, "language": "en-US", "link": "https://www.bbc.com/news/articles/cv22wz7e2z2o", "manual_status_code": 0, "page_rating": 32, "page_rating_contents": 100, "page_rating_visits": 0, "page_rating_votes": 0, "permanent": false, "source": "https://feeds.bbci.co.uk/news/rss.xml", "source_obj__id": 27, "status_code": 0, "tags": [], "thumbnail": "https://ichef.bbci.co.uk/news/240/cpsprodpb/d0c0/live/948794b0-2e66-11ef-90be-b75b34b0bbb2.png", "title": "Israel and Hezbollah play with fire but neither wants another war", "user": null, "vote": 0}, {"age": null, "album": "", "artist": null, "bookmarked": false, "comments": [], "date_published": "2024-06-19T16:38:32+00:00", "description": "Both the King and Princess of Wales were absent as they both continue treatment for cancer.", "id": 740672, "language": "en-US", "link": "https://www.bbc.com/news/articles/c2jj5yeeypvo", "manual_status_code": 0, "page_rating": 32, "page_rating_contents": 100, "page_rating_visits": 0, "page_rating_votes": 0, "permanent": false, "source": "https://feeds.bbci.co.uk/news/rss.xml", "source_obj__id": 27, "status_code": 0, "tags": [], "thumbnail": "https://ichef.bbci.co.uk/news/240/cpsprodpb/e397/live/31b99e30-2e59-11ef-8037-1d36f173811f.jpg", "title": "Prince William and Queen join second day of Royal Ascot", "user": null, "vote": 0}, {"age": null, "album": "", "artist": null, "bookmarked": false, "comments": [], "date_published": "2024-06-19T16:34:15+00:00", "description": "A number of England fans at Euro 2024 were filmed singing a controversial chant referencing German casualties in World War Two.", "id": 741076, "language": "en-US", "link": "https://www.bbc.com/sport/articles/cx77ljg2710o", "manual_status_code": 0, "page_rating": 32, "page_rating_contents": 100, "page_rating_visits": 0, "page_rating_votes": 0, "permanent": false, "source": "https://feeds.bbci.co.uk/news/rss.xml", "source_obj__id": 27, "status_code": 0, "tags": [], "thumbnail": "https://ichef.bbci.co.uk/news/240/cpsprodpb/6bde/live/bf3bbd80-2e66-11ef-bdc5-41d7421c2adf.jpg", "title": "England fans' behaviour under scrutiny over chant", "user": null, "vote": 0}, {"age": null, "album": "", "artist": null, "bookmarked": false, "comments": [], "date_published": "2024-06-19T16:26:38+00:00", "description": "Gary Lineker appeared to breach the corporation's guidelines by wearing outfits from his own range.", "id": 740288, "language": "en-US", "link": "https://www.bbc.com/news/articles/c877nnxplepo", "manual_status_code": 0, "page_rating": 32, "page_rating_contents": 100, "page_rating_visits": 0, "page_rating_votes": 0, "permanent": false, "source": "https://feeds.bbci.co.uk/news/rss.xml", "source_obj__id": 27, "status_code": 0, "tags": [], "thumbnail": "https://ichef.bbci.co.uk/news/240/cpsprodpb/2119/live/bfcc09e0-2e56-11ef-8037-1d36f173811f.jpg", "title": "BBC reminds hosts of rules after Lineker 'breach'", "user": null, "vote": 0}, {"age": null, "album": "", "artist": null, "bookmarked": false, "comments": [], "date_published": "2024-06-19T16:21:41+00:00", "description": "Andy Murray is forced to stop against Australia's Jordan Thompson in what is likely to be his final appearance at Queen's.", "id": 740289, "language": "en-US", "link": "https://www.bbc.com/sport/tennis/articles/crgg77n8w1ro", "manual_status_code": 0, "page_rating": 32, "page_rating_contents": 100, "page_rating_visits": 0, "page_rating_votes": 0, "permanent": false, "source": "https://feeds.bbci.co.uk/news/rss.xml", "source_obj__id": 27, "status_code": 0, "tags": [], "thumbnail": "https://ichef.bbci.co.uk/news/240/cpsprodpb/f8d7/live/1e52bac0-2e59-11ef-8037-1d36f173811f.jpg", "title": "Murray retires with injury at Queen's", "user": null, "vote": 0}, {"age": null, "album": "", "artist": null, "bookmarked": false, "comments": [], "date_published": "2024-06-19T16:20:23+00:00", "description": "The ex-footballer had already agreed to pay \u00a375,000 over a series of defamatory social media posts.", "id": 741367, "language": "en-US", "link": "https://www.bbc.com/news/articles/cjeev9g5745o", "manual_status_code": 0, "page_rating": 32, "page_rating_contents": 100, "page_rating_visits": 0, "page_rating_votes": 0, "permanent": false, "source": "https://feeds.bbci.co.uk/news/rss.xml", "source_obj__id": 27, "status_code": 0, "tags": [], "thumbnail": "https://ichef.bbci.co.uk/news/240/cpsprodpb/c74d/live/7ae75f70-2e36-11ef-aa27-fba4175cc85d.jpg", "title": "Joey Barton to pay an extra \u00a335,000 to Jeremy Vine", "user": null, "vote": 0}, {"age": null, "album": "", "artist": null, "bookmarked": false, "comments": [], "date_published": "2024-06-19T16:14:04+00:00", "description": "Charlie Cosser was stabbed three times in a marquee at a party attended by more than 100 people.", "id": 741364, "language": "en-US", "link": "https://www.bbc.com/news/articles/crgg91rdzdno", "manual_status_code": 0, "page_rating": 32, "page_rating_contents": 100, "page_rating_visits": 0, "page_rating_votes": 0, "permanent": false, "source": "https://feeds.bbci.co.uk/news/rss.xml", "source_obj__id": 27, "status_code": 0, "tags": [], "thumbnail": "https://ichef.bbci.co.uk/news/240/cpsprodpb/89bc/live/1e250d20-2e2f-11ef-9a1d-85ccbb7c4a67.jpg", "title": "Teen jailed for life for party stabbing murder", "user": null, "vote": 0}, {"age": null, "album": "", "artist": null, "bookmarked": false, "comments": [], "date_published": "2024-06-19T16:08:28+00:00", "description": "Mary Lou McDonald was speaking at the launch of Sinn F\u00e9in's manifesto for the UK general election.", "id": 740673, "language": "en-US", "link": "https://www.bbc.com/news/articles/cpww78ywq8eo", "manual_status_code": 0, "page_rating": 32, "page_rating_contents": 100, "page_rating_visits": 0, "page_rating_votes": 0, "permanent": false, "source": "https://feeds.bbci.co.uk/news/rss.xml", "source_obj__id": 27, "status_code": 0, "tags": [], "thumbnail": "https://ichef.bbci.co.uk/news/240/cpsprodpb/223f/live/11159660-2e55-11ef-8037-1d36f173811f.jpg", "title": "Sinn F\u00e9in: Election must bring 'change' in NI funding", "user": null, "vote": 0}, {"age": null, "album": "", "artist": null, "bookmarked": false, "comments": [], "date_published": "2024-06-19T16:04:01+00:00", "description": "Henry Zeffman: Will falling inflation change minds on the campaign trail?", "id": 740287, "language": "en-US", "link": "https://www.bbc.com/news/videos/ck7794dygzxo", "manual_status_code": 0, "page_rating": 32, "page_rating_contents": 100, "page_rating_visits": 0, "page_rating_votes": 0, "permanent": false, "source": "https://feeds.bbci.co.uk/news/rss.xml", "source_obj__id": 27, "status_code": 0, "tags": [], "thumbnail": "https://ichef.bbci.co.uk/news/240/cpsprodpb/f751/live/49fef5a0-2e4d-11ef-a044-9d4367d5b599.jpg", "title": "Henry Zeffman: Will falling inflation change minds on the campaign trail?", "user": null, "vote": 0}, {"age": null, "album": "", "artist": null, "bookmarked": false, "comments": [], "date_published": "2024-06-19T15:37:41+00:00", "description": "The seven-month-old was rushed to hospital after the attack on Sunday, but died later, police say.", "id": 739905, "language": "en-US", "link": "https://www.bbc.com/news/articles/c255qyjqnqro", "manual_status_code": 0, "page_rating": 32, "page_rating_contents": 100, "page_rating_visits": 0, "page_rating_votes": 0, "permanent": false, "source": "https://feeds.bbci.co.uk/news/rss.xml", "source_obj__id": 27, "status_code": 0, "tags": [], "thumbnail": "https://ichef.bbci.co.uk/news/240/cpsprodpb/d6ad/live/d1bcfab0-2e4c-11ef-8037-1d36f173811f.jpg", "title": "Baby girl mauled to death by family's pet dog", "user": null, "vote": 0}, {"age": null, "album": "", "artist": null, "bookmarked": false, "comments": [], "date_published": "2024-06-19T14:35:56+00:00", "description": "The SNP's manifesto says a vote for the party is a vote for independence - but could they turn it into reality?", "id": 739906, "language": "en-US", "link": "https://www.bbc.com/news/articles/cljj9e9k5x1o", "manual_status_code": 0, "page_rating": 32, "page_rating_contents": 100, "page_rating_visits": 0, "page_rating_votes": 0, "permanent": false, "source": "https://feeds.bbci.co.uk/news/rss.xml", "source_obj__id": 27, "status_code": 0, "tags": [], "thumbnail": "https://ichef.bbci.co.uk/news/240/cpsprodpb/de59/live/eef2f3f0-2e47-11ef-90be-b75b34b0bbb2.jpg", "title": "What could this election mean for Scottish independence?", "user": null, "vote": 0}, {"age": null, "album": "", "artist": null, "bookmarked": false, "comments": [], "date_published": "2024-06-19T14:27:30+00:00", "description": "Twelve people were killed and dozens more injured in the 1987 bomb attack in Enniskillen", "id": 739385, "language": "en-US", "link": "https://www.bbc.com/news/articles/c6ppxkj46r5o", "manual_status_code": 0, "page_rating": 32, "page_rating_contents": 100, "page_rating_visits": 0, "page_rating_votes": 0, "permanent": false, "source": "https://feeds.bbci.co.uk/news/rss.xml", "source_obj__id": 27, "status_code": 0, "tags": [], "thumbnail": "https://ichef.bbci.co.uk/news/240/cpsprodpb/58f5/live/0488db70-2e3f-11ef-bd63-d150a5caeb00.jpg", "title": "Pat Cullen refuses to condemn IRA's Enniskillen bomb", "user": null, "vote": 0}, {"age": null, "album": "", "artist": null, "bookmarked": false, "comments": [], "date_published": "2024-06-19T14:25:37+00:00", "description": "Carol Morgan was found dead in the shop she ran with her husband more than 40 years ago.", "id": 739384, "language": "en-US", "link": "https://www.bbc.com/news/articles/cz77x3e8eeyo", "manual_status_code": 0, "page_rating": 32, "page_rating_contents": 100, "page_rating_visits": 0, "page_rating_votes": 0, "permanent": false, "source": "https://feeds.bbci.co.uk/news/rss.xml", "source_obj__id": 27, "status_code": 0, "tags": [], "thumbnail": "https://ichef.bbci.co.uk/news/240/cpsprodpb/c3cf/live/98a6d200-2e47-11ef-90be-b75b34b0bbb2.png", "title": "Husband guilty of conspiring to murder Carol Morgan", "user": null, "vote": 0}, {"age": null, "album": "", "artist": null, "bookmarked": false, "comments": [], "date_published": "2024-06-19T14:24:22+00:00", "description": "Israel says the UN report into six strikes last year that killed at least 218 people is \"flawed\u201d.", "id": 740674, "language": "en-US", "link": "https://www.bbc.com/news/articles/cy66e20j531o", "manual_status_code": 0, "page_rating": 32, "page_rating_contents": 100, "page_rating_visits": 0, "page_rating_votes": 0, "permanent": false, "source": "https://feeds.bbci.co.uk/news/rss.xml", "source_obj__id": 27, "status_code": 0, "tags": [], "thumbnail": "https://ichef.bbci.co.uk/news/240/cpsprodpb/bc78/live/ba33a340-2e37-11ef-bdc5-41d7421c2adf.jpg", "title": "Israeli strikes on Gaza may have violated laws of war - UN report", "user": null, "vote": 0}, {"age": null, "album": "", "artist": null, "bookmarked": false, "comments": [], "date_published": "2024-06-19T14:03:46+00:00", "description": "The Welsh secretary admits current polls suggest a Labour UK government, but says voters are \"not at all happy\" with choices.", "id": 739386, "language": "en-US", "link": "https://www.bbc.com/news/articles/ce77ljjwgggo", "manual_status_code": 0, "page_rating": 32, "page_rating_contents": 100, "page_rating_visits": 0, "page_rating_votes": 0, "permanent": false, "source": "https://feeds.bbci.co.uk/news/rss.xml", "source_obj__id": 27, "status_code": 0, "tags": [], "thumbnail": "https://ichef.bbci.co.uk/ace/standard/240/cpsprodpb/b16c/live/fb5748b0-2e44-11ef-90be-b75b34b0bbb2.png", "title": "Politicians to get it in the neck at election - senior Tory", "user": null, "vote": 0}, {"age": null, "album": "", "artist": null, "bookmarked": false, "comments": [], "date_published": "2024-06-19T13:55:21+00:00", "description": "There are signs President Xi disapproves of his allies' alliance, the BBC's China correspondent says.", "id": 739904, "language": "en-US", "link": "https://www.bbc.com/news/articles/c1vv196pe3eo", "manual_status_code": 0, "page_rating": 32, "page_rating_contents": 100, "page_rating_visits": 0, "page_rating_votes": 0, "permanent": false, "source": "https://feeds.bbci.co.uk/news/rss.xml", "source_obj__id": 27, "status_code": 0, "tags": [], "thumbnail": "https://ichef.bbci.co.uk/news/240/cpsprodpb/ce48/live/3b1127f0-2e31-11ef-a044-9d4367d5b599.png", "title": "China is the true power in Putin and Kim\u2019s budding friendship", "user": null, "vote": 0}, {"age": null, "album": "", "artist": null, "bookmarked": false, "comments": [], "date_published": "2024-06-19T13:38:16+00:00", "description": "Activists claim removal of place names is the latest attempt to undermine Uyghur culture in China.", "id": 739907, "language": "en-US", "link": "https://www.bbc.com/news/articles/cxrrkl6ve39o", "manual_status_code": 0, "page_rating": 32, "page_rating_contents": 100, "page_rating_visits": 0, "page_rating_votes": 0, "permanent": false, "source": "https://feeds.bbci.co.uk/news/rss.xml", "source_obj__id": 27, "status_code": 0, "tags": [], "thumbnail": "https://ichef.bbci.co.uk/news/240/cpsprodpb/616d/live/ab09fcb0-2e29-11ef-83a5-63f6b38e31f6.jpg", "title": "China changed village names 'to erase Uyghur culture'", "user": null, "vote": 0}, {"age": null, "album": "", "artist": null, "bookmarked": false, "comments": [], "date_published": "2024-06-19T13:06:46+00:00", "description": "The move comes the day before celebrations for the Summer Solstice.", "id": 738898, "language": "en-US", "link": "https://www.bbc.com/news/articles/cw44mdee0zzo", "manual_status_code": 0, "page_rating": 32, "page_rating_contents": 100, "page_rating_visits": 0, "page_rating_votes": 0, "permanent": false, "source": "https://feeds.bbci.co.uk/news/rss.xml", "source_obj__id": 27, "status_code": 0, "tags": [], "thumbnail": "https://ichef.bbci.co.uk/news/240/cpsprodpb/f765/live/a11ebd40-2e37-11ef-bc4b-955992fd9eb0.png", "title": "Stonehenge covered in orange paint by Just Stop Oil", "user": null, "vote": 0}, {"age": null, "album": "", "artist": null, "bookmarked": false, "comments": [], "date_published": "2024-06-19T13:01:38+00:00", "description": "A hospital consultant tells a jury that the former nurse stood watching as a baby girl became unwell.", "id": 739383, "language": "en-US", "link": "https://www.bbc.com/news/articles/cl44xrrxr0no", "manual_status_code": 0, "page_rating": 32, "page_rating_contents": 100, "page_rating_visits": 0, "page_rating_votes": 0, "permanent": false, "source": "https://feeds.bbci.co.uk/news/rss.xml", "source_obj__id": 27, "status_code": 0, "tags": [], "thumbnail": "https://ichef.bbci.co.uk/news/240/cpsprodpb/a5ff/live/535a6410-2e32-11ef-9a1d-85ccbb7c4a67.jpg", "title": "Letby 'did not intervene' when baby became unwell - court", "user": null, "vote": 0}, {"age": null, "album": "", "artist": null, "bookmarked": false, "comments": [], "date_published": "2024-06-19T12:35:48+00:00", "description": "The first minister said the election gives voters a chance to secure Scottish independence.", "id": 738907, "language": "en-US", "link": "https://www.bbc.com/news/articles/c511w93ye7po", "manual_status_code": 0, "page_rating": 32, "page_rating_contents": 100, "page_rating_visits": 0, "page_rating_votes": 0, "permanent": false, "source": "https://feeds.bbci.co.uk/news/rss.xml", "source_obj__id": 27, "status_code": 0, "tags": [], "thumbnail": "https://ichef.bbci.co.uk/news/240/cpsprodpb/88a9/live/f59dd570-2e39-11ef-90be-b75b34b0bbb2.jpg", "title": "SNP manifesto: Majority of seats would trigger independence talks", "user": null, "vote": 0}, {"age": null, "album": "", "artist": null, "bookmarked": false, "comments": [], "date_published": "2024-06-19T12:29:08+00:00", "description": "The Home Office was taken to court after it dropped three measures proposed after a review of the scandal.", "id": 738904, "language": "en-US", "link": "https://www.bbc.com/news/articles/cp99wxk88gpo", "manual_status_code": 0, "page_rating": 32, "page_rating_contents": 100, "page_rating_visits": 0, "page_rating_votes": 0, "permanent": false, "source": "https://feeds.bbci.co.uk/news/rss.xml", "source_obj__id": 27, "status_code": 0, "tags": [], "thumbnail": "https://ichef.bbci.co.uk/news/240/cpsprodpb/e845/live/ef97be40-2e2d-11ef-90be-b75b34b0bbb2.jpg", "title": "Dropping Windrush measures unlawful, court rules", "user": null, "vote": 0}, {"age": null, "album": "", "artist": null, "bookmarked": false, "comments": [], "date_published": "2024-06-19T12:10:45+00:00", "description": "The BBC's analysis editor answers some of your questions about constituency \nboundary changes.", "id": 738899, "language": "en-US", "link": "https://www.bbc.com/news/videos/cw44mdmyez2o", "manual_status_code": 0, "page_rating": 32, "page_rating_contents": 100, "page_rating_visits": 0, "page_rating_votes": 0, "permanent": false, "source": "https://feeds.bbci.co.uk/news/rss.xml", "source_obj__id": 27, "status_code": 0, "tags": [], "thumbnail": "https://ichef.bbci.co.uk/news/240/cpsprodpb/2980/live/896aa720-2e34-11ef-90be-b75b34b0bbb2.png", "title": "Boundary changes: Ros Atkins answers your questions", "user": null, "vote": 0}, {"age": null, "album": "", "artist": null, "bookmarked": false, "comments": [], "date_published": "2024-06-19T11:59:00+00:00", "description": "The Russian president gives car enthusiast Mr Kim a luxury Russian-made Aurus car during his visit.", "id": 738900, "language": "en-US", "link": "https://www.bbc.com/news/articles/c899nwx8821o", "manual_status_code": 0, "page_rating": 32, "page_rating_contents": 100, "page_rating_visits": 0, "page_rating_votes": 0, "permanent": false, "source": "https://feeds.bbci.co.uk/news/rss.xml", "source_obj__id": 27, "status_code": 0, "tags": [], "thumbnail": "https://ichef.bbci.co.uk/news/240/cpsprodpb/73de/live/ea107960-2e34-11ef-bc4b-955992fd9eb0.jpg", "title": "Limousine, tea set and 'busts' among Putin and Kim gifts", "user": null, "vote": 0}, {"age": null, "album": "", "artist": null, "bookmarked": false, "comments": [], "date_published": "2024-06-19T11:58:45+00:00", "description": "The Scottish Child Abuse Inquiry looked at the school where the future King Charles was educated.", "id": 738903, "language": "en-US", "link": "https://www.bbc.com/news/articles/clddq94w27no", "manual_status_code": 0, "page_rating": 32, "page_rating_contents": 100, "page_rating_visits": 0, "page_rating_votes": 0, "permanent": false, "source": "https://feeds.bbci.co.uk/news/rss.xml", "source_obj__id": 27, "status_code": 0, "tags": [], "thumbnail": "https://ichef.bbci.co.uk/news/240/cpsprodpb/8fc4/live/97d06bd0-2e1e-11ef-84ac-a74c8743f290.jpg", "title": "Gordonstoun abuse flourished unchecked for decades, inquiry finds", "user": null, "vote": 0}, {"age": null, "album": "", "artist": null, "bookmarked": false, "comments": [], "date_published": "2024-06-19T11:52:38+00:00", "description": "Talks have been held over the potential collapse of tech firm Atos, which runs vital UK public services.", "id": 738901, "language": "en-US", "link": "https://www.bbc.com/news/articles/cp33evkxz5go", "manual_status_code": 0, "page_rating": 32, "page_rating_contents": 100, "page_rating_visits": 0, "page_rating_votes": 0, "permanent": false, "source": "https://feeds.bbci.co.uk/news/rss.xml", "source_obj__id": 27, "status_code": 0, "tags": [], "thumbnail": "https://ichef.bbci.co.uk/news/240/cpsprodpb/73bc/live/bb7bc5d0-2d96-11ef-8900-6f6987843028.png", "title": "Secret files reveal fears over future of NHS IT giant", "user": null, "vote": 0}, {"age": null, "album": "", "artist": null, "bookmarked": false, "comments": [], "date_published": "2024-06-19T11:41:34+00:00", "description": "The Home Office said 882 people crossed the Channel in 15 boats on Tuesday.", "id": 738902, "language": "en-US", "link": "https://www.bbc.com/news/articles/c2vv4j87n5wo", "manual_status_code": 0, "page_rating": 32, "page_rating_contents": 100, "page_rating_visits": 0, "page_rating_votes": 0, "permanent": false, "source": "https://feeds.bbci.co.uk/news/rss.xml", "source_obj__id": 27, "status_code": 0, "tags": [], "thumbnail": "https://ichef.bbci.co.uk/news/240/cpsprodpb/c0b0/live/884863b0-2e33-11ef-9a1d-85ccbb7c4a67.jpg", "title": "Nearly 900 migrants arrive in small boats in a day", "user": null, "vote": 0}, {"age": null, "album": "", "artist": null, "bookmarked": false, "comments": [], "date_published": "2024-06-19T11:30:11+00:00", "description": "A police watchdog says Surrey Police\u2019s professional standards department should investigate.", "id": 738905, "language": "en-US", "link": "https://www.bbc.com/news/articles/c4nnk7ywnvqo", "manual_status_code": 0, "page_rating": 32, "page_rating_contents": 100, "page_rating_visits": 0, "page_rating_votes": 0, "permanent": false, "source": "https://feeds.bbci.co.uk/news/rss.xml", "source_obj__id": 27, "status_code": 0, "tags": [], "thumbnail": "https://ichef.bbci.co.uk/news/240/cpsprodpb/655c/live/922a5ee0-2e26-11ef-8715-85651e35d56b.jpg", "title": "Surrey Police told to investigate cow being hit", "user": null, "vote": 0}, {"age": null, "album": "", "artist": null, "bookmarked": false, "comments": [], "date_published": "2024-06-19T11:14:28+00:00", "description": "An inquest hears that Leah Croucher probably died on or near the day she went missing in 2019.", "id": 738399, "language": "en-US", "link": "https://www.bbc.com/news/articles/cd11l0vrv4yo", "manual_status_code": 0, "page_rating": 32, "page_rating_contents": 100, "page_rating_visits": 0, "page_rating_votes": 0, "permanent": false, "source": "https://feeds.bbci.co.uk/news/rss.xml", "source_obj__id": 27, "status_code": 0, "tags": [], "thumbnail": "https://ichef.bbci.co.uk/news/240/cpsprodpb/a37b/live/47410690-2e2b-11ef-83a5-63f6b38e31f6.jpg", "title": "Leah Croucher may have died during sex attack, inquest hears", "user": null, "vote": 0}, {"age": null, "album": "", "artist": null, "bookmarked": false, "comments": [], "date_published": "2024-06-19T11:13:52+00:00", "description": "Ella Janneh brought civil claims against Michael Lousada after the CPS did not press charges.", "id": 738398, "language": "en-US", "link": "https://www.bbc.com/news/articles/cw99e1vpe58o", "manual_status_code": 0, "page_rating": 32, "page_rating_contents": 100, "page_rating_visits": 0, "page_rating_votes": 0, "permanent": false, "source": "https://feeds.bbci.co.uk/news/rss.xml", "source_obj__id": 27, "status_code": 0, "tags": [], "thumbnail": "https://ichef.bbci.co.uk/news/240/cpsprodpb/038e/live/6b75bff0-2e13-11ef-bdc5-41d7421c2adf.jpg", "title": "Woman wins civil rape case against therapist", "user": null, "vote": 0}, {"age": null, "album": "", "artist": null, "bookmarked": false, "comments": [], "date_published": "2024-06-19T11:10:24+00:00", "description": "Ms Marten, 37, and Mr Gordon, 50, denied manslaughter by gross negligence of their baby Victoria.", "id": 738396, "language": "en-US", "link": "https://www.bbc.com/news/articles/cq55x87nqnzo", "manual_status_code": 0, "page_rating": 32, "page_rating_contents": 100, "page_rating_visits": 0, "page_rating_votes": 0, "permanent": false, "source": "https://feeds.bbci.co.uk/news/rss.xml", "source_obj__id": 27, "status_code": 0, "tags": [], "thumbnail": "https://ichef.bbci.co.uk/news/240/cpsprodpb/d32f/live/9af77790-2e2d-11ef-a044-9d4367d5b599.jpg", "title": "Constance Marten and Mark Gordon jury discharged", "user": null, "vote": 0}, {"age": null, "album": "", "artist": null, "bookmarked": false, "comments": [], "date_published": "2024-06-19T10:23:25+00:00", "description": "Leicester are speaking to former Nottingham Forest boss Steve Cooper about their managerial vacancy.", "id": 738403, "language": "en-US", "link": "https://www.bbc.com/sport/football/articles/crgg5rkj7z5o", "manual_status_code": 0, "page_rating": 32, "page_rating_contents": 100, "page_rating_visits": 0, "page_rating_votes": 0, "permanent": false, "source": "https://feeds.bbci.co.uk/news/rss.xml", "source_obj__id": 27, "status_code": 0, "tags": [], "thumbnail": "https://ichef.bbci.co.uk/news/240/cpsprodpb/3487/live/778db350-2e19-11ef-84ac-a74c8743f290.jpg", "title": "Ex-Forest boss Cooper is leading contender for Leicester job", "user": null, "vote": 0}, {"age": null, "album": "", "artist": null, "bookmarked": false, "comments": [], "date_published": "2024-06-19T09:57:59+00:00", "description": "Former British number one Emma Raducanu is one of four Grand Slam champions to receive a wildcard to play at Wimbledon.", "id": 738404, "language": "en-US", "link": "https://www.bbc.com/sport/tennis/articles/c722gn1nnzdo", "manual_status_code": 0, "page_rating": 32, "page_rating_contents": 100, "page_rating_visits": 0, "page_rating_votes": 0, "permanent": false, "source": "https://feeds.bbci.co.uk/news/rss.xml", "source_obj__id": 27, "status_code": 0, "tags": [], "thumbnail": "https://ichef.bbci.co.uk/news/240/cpsprodpb/8818/live/c212ca90-2e1f-11ef-8715-85651e35d56b.jpg", "title": "Raducanu among major winners given Wimbledon wildcards", "user": null, "vote": 0}, {"age": null, "album": "", "artist": null, "bookmarked": false, "comments": [], "date_published": "2024-06-19T09:53:36+00:00", "description": "Jay Slater hasn't been seen since he left his friends in Tenerife  48 hours ago.", "id": 738397, "language": "en-US", "link": "https://www.bbc.com/news/articles/c0335xe9770o", "manual_status_code": 0, "page_rating": 32, "page_rating_contents": 100, "page_rating_visits": 0, "page_rating_votes": 0, "permanent": false, "source": "https://feeds.bbci.co.uk/news/rss.xml", "source_obj__id": 27, "status_code": 0, "tags": [], "thumbnail": "https://ichef.bbci.co.uk/news/240/cpsprodpb/47c9/live/ab43dbf0-2e2a-11ef-a044-9d4367d5b599.jpg", "title": "Teenager missing in Tenerife was on first holiday with friends, says mum", "user": null, "vote": 0}, {"age": null, "album": "", "artist": null, "bookmarked": false, "comments": [], "date_published": "2024-06-19T09:48:11+00:00", "description": "BBC pundits suggest Billy Gilmour, Lawrence Shankland and James Forrest could start for Scotland in Wednesday's Euro 2024 game against Switzerland.", "id": 738402, "language": "en-US", "link": "https://www.bbc.com/sport/football/articles/cp99w8zkgyeo", "manual_status_code": 0, "page_rating": 32, "page_rating_contents": 100, "page_rating_visits": 0, "page_rating_votes": 0, "permanent": false, "source": "https://feeds.bbci.co.uk/news/rss.xml", "source_obj__id": 27, "status_code": 0, "tags": [], "thumbnail": "https://ichef.bbci.co.uk/news/240/cpsprodpb/de56/live/d649b2c0-2e20-11ef-bdc5-41d7421c2adf.png", "title": "Key Scotland conundrums Clarke must solve", "user": null, "vote": 0}, {"age": null, "album": "", "artist": null, "bookmarked": false, "comments": [], "date_published": "2024-06-19T09:03:26+00:00", "description": "The former prime minister Boris Johnson is not expected on the campaign trail between now and polling day.", "id": 738401, "language": "en-US", "link": "https://www.bbc.com/news/articles/ce55krn6lrzo", "manual_status_code": 0, "page_rating": 32, "page_rating_contents": 100, "page_rating_visits": 0, "page_rating_votes": 0, "permanent": false, "source": "https://feeds.bbci.co.uk/news/rss.xml", "source_obj__id": 27, "status_code": 0, "tags": [], "thumbnail": "https://ichef.bbci.co.uk/news/240/cpsprodpb/918b/live/c990c370-2e25-11ef-90be-b75b34b0bbb2.jpg", "title": "Boris Johnson not expected to join campaign trail", "user": null, "vote": 0}, {"age": null, "album": "", "artist": null, "bookmarked": false, "comments": [], "date_published": "2024-06-19T08:58:29+00:00", "description": "Visitors to Kew Gardens are still able to catch a glimpse - and whiff - of the Titan arum plant.", "id": 737967, "language": "en-US", "link": "https://www.bbc.com/news/articles/cxxx5l0xly6o", "manual_status_code": 0, "page_rating": 32, "page_rating_contents": 100, "page_rating_visits": 0, "page_rating_votes": 0, "permanent": false, "source": "https://feeds.bbci.co.uk/news/rss.xml", "source_obj__id": 27, "status_code": 0, "tags": [], "thumbnail": "https://ichef.bbci.co.uk/news/240/cpsprodpb/9438/live/9d301ff0-2e21-11ef-a044-9d4367d5b599.jpg", "title": "Kew's foul-smelling 'corpse flower' blooms again", "user": null, "vote": 0}, {"age": null, "album": "", "artist": null, "bookmarked": false, "comments": [], "date_published": "2024-06-19T08:57:42+00:00", "description": "Taylor Swift's record-breaking Eras Tour brings the house down in Cardiff.", "id": 737968, "language": "en-US", "link": "https://www.bbc.com/news/videos/c1661e64556o", "manual_status_code": 0, "page_rating": 32, "page_rating_contents": 100, "page_rating_visits": 0, "page_rating_votes": 0, "permanent": false, "source": "https://feeds.bbci.co.uk/news/rss.xml", "source_obj__id": 27, "status_code": 0, "tags": [], "thumbnail": "https://ichef.bbci.co.uk/news/240/cpsprodpb/6aa5/live/60c8bb50-2e1a-11ef-bdc5-41d7421c2adf.jpg", "title": "Taylor Swift greets Cardiff crowd in Welsh", "user": null, "vote": 0}, {"age": null, "album": "", "artist": null, "bookmarked": false, "comments": [], "date_published": "2024-06-19T08:42:24+00:00", "description": "Ada Sagi says her ordeal destroyed her belief that peace is possible between Israelis and Palestinians.", "id": 737655, "language": "en-US", "link": "https://www.bbc.com/news/articles/c2eem7e7v30o", "manual_status_code": 0, "page_rating": 32, "page_rating_contents": 100, "page_rating_visits": 0, "page_rating_votes": 0, "permanent": false, "source": "https://feeds.bbci.co.uk/news/rss.xml", "source_obj__id": 27, "status_code": 0, "tags": [], "thumbnail": "https://ichef.bbci.co.uk/news/240/cpsprodpb/8dc8/live/e9dcd4c0-2dbc-11ef-90be-b75b34b0bbb2.jpg", "title": "'I don't believe in peace now,' released Gaza hostage tells BBC", "user": null, "vote": 0}, {"age": null, "album": "", "artist": null, "bookmarked": false, "comments": [], "date_published": "2024-06-19T08:25:09+00:00", "description": "Cyril Ramaphosa has been forced to share power after failing to secure a majority in last month's election.", "id": 737657, "language": "en-US", "link": "https://www.bbc.com/news/articles/c3gge414vk9o", "manual_status_code": 0, "page_rating": 32, "page_rating_contents": 100, "page_rating_visits": 0, "page_rating_votes": 0, "permanent": false, "source": "https://feeds.bbci.co.uk/news/rss.xml", "source_obj__id": 27, "status_code": 0, "tags": [], "thumbnail": "https://ichef.bbci.co.uk/news/240/cpsprodpb/5a0b/live/89341780-2e18-11ef-84ac-a74c8743f290.jpg", "title": "South Africa's Ramaphosa to be sworn in for second term", "user": null, "vote": 0}, {"age": null, "album": "", "artist": null, "bookmarked": false, "comments": [], "date_published": "2024-06-19T08:14:48+00:00", "description": "The Prince Charles Cinema drops the private screening due to \"strong concerns\" of its customers.", "id": 738400, "language": "en-US", "link": "https://www.bbc.com/news/articles/cjll3w15j0yo", "manual_status_code": 0, "page_rating": 32, "page_rating_contents": 100, "page_rating_visits": 0, "page_rating_votes": 0, "permanent": false, "source": "https://feeds.bbci.co.uk/news/rss.xml", "source_obj__id": 27, "status_code": 0, "tags": [], "thumbnail": "https://ichef.bbci.co.uk/news/240/cpsprodpb/40e7/live/3d4613b0-2e0d-11ef-84ac-a74c8743f290.png", "title": "London cinema drops AI-written film after backlash", "user": null, "vote": 0}, {"age": null, "album": "", "artist": null, "bookmarked": false, "comments": [], "date_published": "2024-06-19T07:27:34+00:00", "description": "Edward and Sophie celebrated their silver wedding anniversary by releasing a new portrait.", "id": 737656, "language": "en-US", "link": "https://www.bbc.com/news/articles/cleevx66p02o", "manual_status_code": 0, "page_rating": 32, "page_rating_contents": 100, "page_rating_visits": 0, "page_rating_votes": 0, "permanent": false, "source": "https://feeds.bbci.co.uk/news/rss.xml", "source_obj__id": 27, "status_code": 0, "tags": [], "thumbnail": "https://ichef.bbci.co.uk/news/240/cpsprodpb/416f/live/f1967770-2e0c-11ef-bdc5-41d7421c2adf.jpg", "title": "Duke and Duchess of Edinburgh mark 25 years married", "user": null, "vote": 0}, {"age": null, "album": "", "artist": null, "bookmarked": false, "comments": [], "date_published": "2024-06-19T07:18:52+00:00", "description": "Inflation has hit the Bank of England's target for the first time in almost three years.", "id": 737430, "language": "en-US", "link": "https://www.bbc.com/news/articles/cjrrk8j7pwxo", "manual_status_code": 0, "page_rating": 32, "page_rating_contents": 100, "page_rating_visits": 0, "page_rating_votes": 0, "permanent": false, "source": "https://feeds.bbci.co.uk/news/rss.xml", "source_obj__id": 27, "status_code": 0, "tags": [], "thumbnail": "https://ichef.bbci.co.uk/news/240/cpsprodpb/a16d/live/a3e82240-2d8e-11ef-9269-e191fec80e79.jpg", "title": "Inflation falls to lowest level in almost three years", "user": null, "vote": 0}, {"age": null, "album": "", "artist": null, "bookmarked": false, "comments": [], "date_published": "2024-06-19T06:13:01+00:00", "description": "Scotland need to rediscover their fearlessness and resilience if they are to beat Switzerland and revive their Euro 2024 hopes, writes Tom English.", "id": 737433, "language": "en-US", "link": "https://www.bbc.com/sport/football/articles/c033qm1ynn7o", "manual_status_code": 0, "page_rating": 32, "page_rating_contents": 100, "page_rating_visits": 0, "page_rating_votes": 0, "permanent": false, "source": "https://feeds.bbci.co.uk/news/rss.xml", "source_obj__id": 27, "status_code": 0, "tags": [], "thumbnail": "https://ichef.bbci.co.uk/news/240/cpsprodpb/b5bf/live/d9742d40-2da8-11ef-a044-9d4367d5b599.jpg", "title": "'Scotland's soft touches must become hard cases again'", "user": null, "vote": 0}, {"age": null, "album": "", "artist": null, "bookmarked": false, "comments": [], "date_published": "2024-06-19T06:12:14+00:00", "description": "BBC Sport's football expert Chris Sutton gives his predictions for the second round of group games at Euro 2024", "id": 737969, "language": "en-US", "link": "https://www.bbc.com/sport/football/articles/ce77k1x10e6o", "manual_status_code": 0, "page_rating": 32, "page_rating_contents": 100, "page_rating_visits": 0, "page_rating_votes": 0, "permanent": false, "source": "https://feeds.bbci.co.uk/news/rss.xml", "source_obj__id": 27, "status_code": 0, "tags": [], "thumbnail": "https://ichef.bbci.co.uk/news/240/cpsprodpb/a9b5/live/38e8f4c0-2e05-11ef-bdc5-41d7421c2adf.jpg", "title": "England to win again? Sutton's predictions - second group games", "user": null, "vote": 0}, {"age": null, "album": "", "artist": null, "bookmarked": false, "comments": [], "date_published": "2024-06-19T06:02:16+00:00", "description": "Two generations of the Tartan Army relive Scotland's Euro 2024 qualifying campaign.", "id": 737256, "language": "en-US", "link": "https://www.bbc.com/sport/football/videos/cevvqzgjd75o", "manual_status_code": 0, "page_rating": 32, "page_rating_contents": 100, "page_rating_visits": 0, "page_rating_votes": 0, "permanent": false, "source": "https://feeds.bbci.co.uk/news/rss.xml", "source_obj__id": 27, "status_code": 0, "tags": [], "thumbnail": "https://ichef.bbci.co.uk/news/240/cpsprodpb/a777/live/2c5a31f0-2cc6-11ef-a044-9d4367d5b599.jpg", "title": "Two generations of fans on Haaland, Robertson & Germany adventure", "user": null, "vote": 0}, {"age": null, "album": "", "artist": null, "bookmarked": false, "comments": [], "date_published": "2024-06-19T05:33:50+00:00", "description": "England are expecting a boisterous atmosphere when they play hosts West Indies on Wednesday in a crucial T20 World Cup game.", "id": 737257, "language": "en-US", "link": "https://www.bbc.com/sport/cricket/articles/c4nnx441762o", "manual_status_code": 0, "page_rating": 32, "page_rating_contents": 100, "page_rating_visits": 0, "page_rating_votes": 0, "permanent": false, "source": "https://feeds.bbci.co.uk/news/rss.xml", "source_obj__id": 27, "status_code": 0, "tags": [], "thumbnail": "https://ichef.bbci.co.uk/news/240/cpsprodpb/c0eb/live/bd66eba0-2da4-11ef-9d79-b966227f8b9b.jpg", "title": "'Cauldron' awaits at start of pivotal week for England", "user": null, "vote": 0}, {"age": null, "album": "", "artist": null, "bookmarked": false, "comments": [], "date_published": "2024-06-19T05:23:45+00:00", "description": "Displaced people in Gaza run the risk of disease as more than 300,000 tonnes of waste piles up.", "id": 737251, "language": "en-US", "link": "https://www.bbc.com/news/articles/cy66w5ppnp7o", "manual_status_code": 0, "page_rating": 32, "page_rating_contents": 100, "page_rating_visits": 0, "page_rating_votes": 0, "permanent": false, "source": "https://feeds.bbci.co.uk/news/rss.xml", "source_obj__id": 27, "status_code": 0, "tags": [], "thumbnail": "https://ichef.bbci.co.uk/news/240/cpsprodpb/5110/live/d45bfe80-2d5a-11ef-a044-9d4367d5b599.jpg", "title": "'A slow death': Gazans live alongside rotting rubbish and rodents", "user": null, "vote": 0}, {"age": null, "album": "", "artist": null, "bookmarked": false, "comments": [], "date_published": "2024-06-19T05:22:06+00:00", "description": "Opportunities were missed to help a 15-year-old girl before she died on a railway, a report finds.", "id": 737258, "language": "en-US", "link": "https://www.bbc.com/news/articles/czkkj0g18l2o", "manual_status_code": 0, "page_rating": 32, "page_rating_contents": 100, "page_rating_visits": 0, "page_rating_votes": 0, "permanent": false, "source": "https://feeds.bbci.co.uk/news/rss.xml", "source_obj__id": 27, "status_code": 0, "tags": [], "thumbnail": "https://ichef.bbci.co.uk/news/240/cpsprodpb/6b5b/live/c15eb380-2d74-11ef-9392-432147ef7554.jpg", "title": "Failings over teen electrocuted on railway - report", "user": null, "vote": 0}, {"age": null, "album": "", "artist": null, "bookmarked": false, "comments": [], "date_published": "2024-06-19T05:14:50+00:00", "description": "Michelle Wibowo, from Hayward Heath, crafted the edible heads for an exhibition.", "id": 737432, "language": "en-US", "link": "https://www.bbc.com/news/articles/cw00rddz04do", "manual_status_code": 0, "page_rating": 32, "page_rating_contents": 100, "page_rating_visits": 0, "page_rating_votes": 0, "permanent": false, "source": "https://feeds.bbci.co.uk/news/rss.xml", "source_obj__id": 27, "status_code": 0, "tags": [], "thumbnail": "https://ichef.bbci.co.uk/news/240/cpsprodpb/b766/live/3f8c4020-2d7e-11ef-9513-63b9a1fb9465.jpg", "title": "Artist creates celebrity heads from sushi", "user": null, "vote": 0}, {"age": null, "album": "", "artist": null, "bookmarked": false, "comments": [], "date_published": "2024-06-19T05:09:17+00:00", "description": "Workers are set to vote on whether GMB should be recognised at the online retailer's Coventry site.", "id": 737252, "language": "en-US", "link": "https://www.bbc.com/news/articles/cd11j9p9g0po", "manual_status_code": 0, "page_rating": 32, "page_rating_contents": 100, "page_rating_visits": 0, "page_rating_votes": 0, "permanent": false, "source": "https://feeds.bbci.co.uk/news/rss.xml", "source_obj__id": 27, "status_code": 0, "tags": [], "thumbnail": "https://ichef.bbci.co.uk/news/240/cpsprodpb/a26a/live/14e14bd0-2d8e-11ef-9269-e191fec80e79.jpg", "title": "Amazon workers to be balloted on union recognition", "user": null, "vote": 0}, {"age": null, "album": "", "artist": null, "bookmarked": false, "comments": [], "date_published": "2024-06-19T05:06:36+00:00", "description": "The late poet, writer and actor is set to have the main stage named after him at  the upcoming event.", "id": 737255, "language": "en-US", "link": "https://www.bbc.com/news/articles/cp66xkeewelo", "manual_status_code": 0, "page_rating": 32, "page_rating_contents": 100, "page_rating_visits": 0, "page_rating_votes": 0, "permanent": false, "source": "https://feeds.bbci.co.uk/news/rss.xml", "source_obj__id": 27, "status_code": 0, "tags": [], "thumbnail": "https://ichef.bbci.co.uk/news/240/cpsprodpb/5f6c/live/4eb3cf60-2d82-11ef-933f-594e9e9f7991.jpg", "title": "Zephaniah to get posthumous honour on Windrush Day", "user": null, "vote": 0}, {"age": null, "album": "", "artist": null, "bookmarked": false, "comments": [], "date_published": "2024-06-19T04:59:56+00:00", "description": "Continuing coverage of the 2024 General Election Campaign, from BBC News", "id": 737434, "language": "en-US", "link": "https://www.bbc.co.uk/iplayer/episode/l0056npg", "manual_status_code": 0, "page_rating": 32, "page_rating_contents": 100, "page_rating_visits": 0, "page_rating_votes": 0, "permanent": false, "source": "https://feeds.bbci.co.uk/news/rss.xml", "source_obj__id": 27, "status_code": 0, "tags": [], "thumbnail": "https://ichef.bbci.co.uk/images/ic/240x135/p0j5212b.jpg", "title": "Watch coverage of the campaign", "user": null, "vote": 0}, {"age": null, "album": "", "artist": null, "bookmarked": false, "comments": [], "date_published": "2024-06-19T03:10:07+00:00", "description": "What do those priced out of home ownership want to hear from those seeking their vote?", "id": 736687, "language": "en-US", "link": "https://www.bbc.com/news/articles/cxxx609w12lo", "manual_status_code": 0, "page_rating": 32, "page_rating_contents": 100, "page_rating_visits": 0, "page_rating_votes": 0, "permanent": false, "source": "https://feeds.bbci.co.uk/news/rss.xml", "source_obj__id": 27, "status_code": 0, "tags": [], "thumbnail": "https://ichef.bbci.co.uk/news/240/cpsprodpb/06a1/live/e3de3340-2d92-11ef-bdc5-41d7421c2adf.jpg", "title": "Voting where house prices are 17 times yearly earnings", "user": null, "vote": 0}, {"age": null, "album": "", "artist": null, "bookmarked": false, "comments": [], "date_published": "2024-06-19T02:59:30+00:00", "description": "Tawana tells the Reliable Sauce podcast that she unexpectedly found out she was pregnant in month eight.", "id": 736688, "language": "en-US", "link": "https://www.bbc.com/news/articles/c0xx6gn09ylo", "manual_status_code": 0, "page_rating": 32, "page_rating_contents": 100, "page_rating_visits": 0, "page_rating_votes": 0, "permanent": false, "source": "https://feeds.bbci.co.uk/news/rss.xml", "source_obj__id": 27, "status_code": 0, "tags": [], "thumbnail": "https://ichef.bbci.co.uk/news/240/cpsprodpb/b45a/live/989d17c0-2996-11ef-b932-27d3f03772f0.jpg", "title": "Cryptic pregnancy: 'I had 4 weeks to get my life together'", "user": null, "vote": 0}, {"age": null, "album": "", "artist": null, "bookmarked": false, "comments": [], "date_published": "2024-06-19T02:51:56+00:00", "description": "The president says people have been killed and wounded in the blast in the capital, N'Djamena.", "id": 737254, "language": "en-US", "link": "https://www.bbc.com/news/articles/crggre2xj4mo", "manual_status_code": 0, "page_rating": 32, "page_rating_contents": 100, "page_rating_visits": 0, "page_rating_votes": 0, "permanent": false, "source": "https://feeds.bbci.co.uk/news/rss.xml", "source_obj__id": 27, "status_code": 0, "tags": [], "thumbnail": "https://ichef.bbci.co.uk/news/240/cpsprodpb/bc33/live/1b6155b0-2de1-11ef-a044-9d4367d5b599.jpg", "title": "Deadly blaze breaks out at ammunition depot in Chad", "user": null, "vote": 0}, {"age": null, "album": "", "artist": null, "bookmarked": false, "comments": [], "date_published": "2024-06-19T02:39:31+00:00", "description": "Andy Brown, standing in Aberdeen North and Moray East, is suspended by the party pending an investigation.", "id": 736685, "language": "en-US", "link": "https://www.bbc.com/news/articles/c0vvjzw5ejno", "manual_status_code": 0, "page_rating": 32, "page_rating_contents": 100, "page_rating_visits": 0, "page_rating_votes": 0, "permanent": false, "source": "https://feeds.bbci.co.uk/news/rss.xml", "source_obj__id": 27, "status_code": 0, "tags": [], "thumbnail": "https://ichef.bbci.co.uk/news/240/cpsprodpb/c973/live/6001f210-2ddc-11ef-851f-a18f42039463.jpg", "title": "Labour suspends candidate over 'pro-Russian' post", "user": null, "vote": 0}, {"age": null, "album": "", "artist": null, "bookmarked": false, "comments": [], "date_published": "2024-06-19T02:36:02+00:00", "description": "One wildfire nearly tripled in size overnight, officials said, and both fires were completely uncontained.", "id": 736686, "language": "en-US", "link": "https://www.bbc.com/news/articles/cz99ml81z03o", "manual_status_code": 0, "page_rating": 32, "page_rating_contents": 100, "page_rating_visits": 0, "page_rating_votes": 0, "permanent": false, "source": "https://feeds.bbci.co.uk/news/rss.xml", "source_obj__id": 27, "status_code": 0, "tags": [], "thumbnail": "https://ichef.bbci.co.uk/news/240/cpsprodpb/3a47/live/daa1de00-2d8b-11ef-a044-9d4367d5b599.jpg", "title": "Thousands flee as deadly fires surround New Mexico village", "user": null, "vote": 0}, {"age": null, "album": "", "artist": null, "bookmarked": false, "comments": [], "date_published": "2024-06-19T01:36:05+00:00", "description": "Mays won the World Series with the San Francisco Giants in 1954.", "id": 736507, "language": "en-US", "link": "https://www.bbc.com/news/articles/cp99w0wme02o", "manual_status_code": 0, "page_rating": 32, "page_rating_contents": 100, "page_rating_visits": 0, "page_rating_votes": 0, "permanent": false, "source": "https://feeds.bbci.co.uk/news/rss.xml", "source_obj__id": 27, "status_code": 0, "tags": [], "thumbnail": "https://ichef.bbci.co.uk/news/240/cpsprodpb/76ee/live/52971180-2dd9-11ef-93e4-45d8542d5b46.jpg", "title": "Baseball great Willie Mays dies at 93", "user": null, "vote": 0}, {"age": null, "album": "", "artist": null, "bookmarked": false, "comments": [], "date_published": "2024-06-19T01:25:24+00:00", "description": "The A-lister is the latest star to land a solo exhibition at London's V&amp;A.", "id": 736509, "language": "en-US", "link": "https://www.bbc.com/news/articles/cg330xz1vveo", "manual_status_code": 0, "page_rating": 32, "page_rating_contents": 100, "page_rating_visits": 0, "page_rating_votes": 0, "permanent": false, "source": "https://feeds.bbci.co.uk/news/rss.xml", "source_obj__id": 27, "status_code": 0, "tags": [], "thumbnail": "https://ichef.bbci.co.uk/news/240/cpsprodpb/5dbc/live/cec940c0-2d89-11ef-bdc5-41d7421c2adf.jpg", "title": "Naomi Campbell at the V&A: \u2018A Pandora\u2019s box\u2019 of memories", "user": null, "vote": 0}, {"age": null, "album": "", "artist": null, "bookmarked": false, "comments": [], "date_published": "2024-06-19T00:20:31+00:00", "description": "Wednesday's papers report fears of a tax rise if Labour is voted into power.", "id": 736256, "language": "en-US", "link": "https://www.bbc.com/news/articles/cyjjkem2ge4o", "manual_status_code": 0, "page_rating": 32, "page_rating_contents": 100, "page_rating_visits": 0, "page_rating_votes": 0, "permanent": false, "source": "https://feeds.bbci.co.uk/news/rss.xml", "source_obj__id": 27, "status_code": 0, "tags": [], "thumbnail": "https://ichef.bbci.co.uk/news/240/cpsprodpb/006a/live/cde56ea0-2dc4-11ef-a044-9d4367d5b599.jpg", "title": "The Papers: 'Labour's secret tax rise dossier' and 'financial turmoil at IT giant'", "user": null, "vote": 0}]