[{"age": null, "album": "", "artist": null, "bookmarked": false, "comments": [], "date_published": "2024-06-19T21:58:23+00:00", "description": "An Android watch app shows a concept for  universal control with VR headsets and AR glasses.", "id": 742208, "language": null, "link": "https://www.uploadvr.com/android-watch-app-wowmouse-simulates-mouse-input-for-ar-vr", "manual_status_code": 0, "page_rating": 32, "page_rating_contents": 100, "page_rating_visits": 0, "page_rating_votes": 0, "permanent": false, "source": "https://www.uploadvr.com/rss", "source_obj__id": 375, "status_code": 0, "tags": [], "thumbnail": "https://www.uploadvr.com/content/images/2024/06/IMG_9499.jpeg", "title": "Android Watch App WowMouse Simulates Mouse Input For AR  &amp; VR Headsets", "user": null, "vote": 0}, {"age": null, "album": "", "artist": null, "bookmarked": false, "comments": [], "date_published": "2024-06-19T20:15:54+00:00", "description": "Ultraleap demonstrates gestural input on the Meta Ray-Ban glasses with an added sensor.", "id": 741551, "language": null, "link": "https://www.uploadvr.com/leap-motion-demos-metas-ray-ban-glasses-with-hand-tracking-sensor-2", "manual_status_code": 0, "page_rating": 32, "page_rating_contents": 100, "page_rating_visits": 0, "page_rating_votes": 0, "permanent": false, "source": "https://www.uploadvr.com/rss", "source_obj__id": 375, "status_code": 0, "tags": [], "thumbnail": "https://www.uploadvr.com/content/images/2024/06/IMG_9443-1.jpg", "title": "Ultraleap Demos Meta&#x27;s Ray-Ban Glasses With All-Day Hand Tracking Sensor Added", "user": null, "vote": 0}, {"age": null, "album": "", "artist": null, "bookmarked": false, "comments": [], "date_published": "2024-06-19T10:45:53+00:00", "description": "Presenting a snarky sci-fi take on Demeo, Neon Squad Tactics offers an enjoyable VR turn-based strategy game.\n\nOur full review.", "id": 738312, "language": null, "link": "https://www.uploadvr.com/neon-squad-tactics-review", "manual_status_code": 0, "page_rating": 32, "page_rating_contents": 100, "page_rating_visits": 0, "page_rating_votes": 0, "permanent": false, "source": "https://www.uploadvr.com/rss", "source_obj__id": 375, "status_code": 0, "tags": [], "thumbnail": "https://www.uploadvr.com/content/images/2024/06/NST_capsule_landscape-1.png", "title": "Neon Squad Tactics Review: Demeo With Droids", "user": null, "vote": 0}, {"age": null, "album": "", "artist": null, "bookmarked": false, "comments": [], "date_published": "2024-06-19T00:00:04+00:00", "description": "Gorilla Tag, the free-to-play VR multiplayer hit, reached a new milestone with over 1 million daily and three million monthly active players.", "id": 736204, "language": null, "link": "https://www.uploadvr.com/gorilla-tag-daily-monthly-users", "manual_status_code": 0, "page_rating": 32, "page_rating_contents": 100, "page_rating_visits": 0, "page_rating_votes": 0, "permanent": false, "source": "https://www.uploadvr.com/rss", "source_obj__id": 375, "status_code": 0, "tags": [], "thumbnail": "https://www.uploadvr.com/content/images/2024/06/75299157_507655234655122_9079723212259486009_n.jpg", "title": "Gorilla Tag Has 1 Million Daily &amp; 3 Million Monthly Active Players", "user": null, "vote": 0}]