[{"age": null, "album": "", "artist": null, "bookmarked": false, "comments": [], "date_published": "2024-06-19T15:00:32+00:00", "description": "As the edition marches to a close there&#8217;s still a few major GTs to look at. Atlantic City Open is on its fourth year and has the timing to come in right at the end of an edition, so we get to see some players taking their one last run with their favorite armies or [&#8230;]", "id": 739880, "language": "en-GB", "link": "https://www.goonhammer.com/competitive-innovations-in-the-mortal-realms-june-11-17-2024-they-blew-up-the-chicken-man", "manual_status_code": 0, "page_rating": 32, "page_rating_contents": 100, "page_rating_visits": 0, "page_rating_votes": 0, "permanent": false, "source": "https://www.goonhammer.com/feed", "source_obj__id": 136, "status_code": 0, "tags": [], "thumbnail": null, "title": "Competitive Innovations in the Mortal Realms, June 11-17 2024: They Blew Up the Chicken Man", "user": null, "vote": 0}, {"age": null, "album": "", "artist": null, "bookmarked": false, "comments": [], "date_published": "2024-06-19T14:30:54+00:00", "description": "The Age of Darkness is a unique setting due to its massive variety of options: both in the flavor of building an army down to the gear of individual units, one of the major draws of The Horus Heresy is the customization and personalization in every part of the game. That being said, it&#8217;s not [&#8230;]", "id": 739881, "language": "en-GB", "link": "https://www.goonhammer.com/horus-heresy-hot-take-charnabal-weapons-are-better-than-you-think", "manual_status_code": 0, "page_rating": 32, "page_rating_contents": 100, "page_rating_visits": 0, "page_rating_votes": 0, "permanent": false, "source": "https://www.goonhammer.com/feed", "source_obj__id": 136, "status_code": 0, "tags": [], "thumbnail": null, "title": "Horus Heresy Hot Take: Charnabal Weapons Are Better Than You Think", "user": null, "vote": 0}, {"age": null, "album": "", "artist": null, "bookmarked": false, "comments": [], "date_published": "2024-06-19T14:00:37+00:00", "description": "On Thursday June 13, AMG announced the discontinuation of development on Star Wars: Armada and Star Wars: X-Wing. This came after a week of tense waiting when Asmodee quietly delisted all Star Wars: Armada stock from their store. Optimistic fellows hoped that this was a reboxing or some other sign of movement in the game&#8217;s [&#8230;]", "id": 739368, "language": "en-GB", "link": "https://www.goonhammer.com/star-wars-armada-obituary-and-future", "manual_status_code": 0, "page_rating": 32, "page_rating_contents": 100, "page_rating_visits": 0, "page_rating_votes": 0, "permanent": false, "source": "https://www.goonhammer.com/feed", "source_obj__id": 136, "status_code": 0, "tags": [], "thumbnail": null, "title": "Star Wars: Armada \u2013 Obituary and Future", "user": null, "vote": 0}, {"age": null, "album": "", "artist": null, "bookmarked": false, "comments": [], "date_published": "2024-06-19T13:30:20+00:00", "description": "The last week before we have the broad meta adopt Kill Team: Termination, sees a busy weekend, with a few new entrants to the World Championships crowned! We\u2019ve also got a broad view of the meta this week with some weekly snapshots from the ITC dataset. This data is not focused on GT\u2019s specifically but [&#8230;]", "id": 739369, "language": "en-GB", "link": "https://www.goonhammer.com/competitive-innovations-in-kill-team-june-11-17-2024", "manual_status_code": 0, "page_rating": 32, "page_rating_contents": 100, "page_rating_visits": 0, "page_rating_votes": 0, "permanent": false, "source": "https://www.goonhammer.com/feed", "source_obj__id": 136, "status_code": 0, "tags": [], "thumbnail": null, "title": "Competitive Innovations in Kill Team, June 11-17 2024", "user": null, "vote": 0}, {"age": null, "album": "", "artist": null, "bookmarked": false, "comments": [], "date_published": "2024-06-19T13:00:10+00:00", "description": "We really are in the final stages of the old metagame now &#8211; we know a Balance Dataslate is dropping this week, the Pariah missions release on the weekend, and the Sisters and GSC Codexes will start kicking in alongside them. Given that, and because we&#8217;ve been\u00a0very busy, we&#8217;re going a little light this week [&#8230;]", "id": 738875, "language": "en-GB", "link": "https://www.goonhammer.com/competitive-innovations-in-10th-liminal-space-marines-pt-1", "manual_status_code": 0, "page_rating": 32, "page_rating_contents": 100, "page_rating_visits": 0, "page_rating_votes": 0, "permanent": false, "source": "https://www.goonhammer.com/feed", "source_obj__id": 136, "status_code": 0, "tags": [], "thumbnail": null, "title": "Competitive Innovations in 10th: Liminal Space Marines pt.1", "user": null, "vote": 0}, {"age": null, "album": "", "artist": null, "bookmarked": false, "comments": [], "date_published": "2024-06-19T12:30:56+00:00", "description": "Summer Game Fest might be over, but that doesn\u2019t mean the summer of game announcements is, and Nintendo decided to show everyone how it was done during today\u2019s Nintendo Direct, with a slew of titles that dwarfed entire days of the Summer Game Fest show itself. We\u2019ve got a recap for you if you missed [&#8230;]", "id": 738876, "language": "en-GB", "link": "https://www.goonhammer.com/everything-shown-at-june-18ths-nintendo-direct", "manual_status_code": 0, "page_rating": 32, "page_rating_contents": 100, "page_rating_visits": 0, "page_rating_votes": 0, "permanent": false, "source": "https://www.goonhammer.com/feed", "source_obj__id": 136, "status_code": 0, "tags": [], "thumbnail": null, "title": "Everything Shown at June 18th\u2019s Nintendo Direct", "user": null, "vote": 0}, {"age": null, "album": "", "artist": null, "bookmarked": false, "comments": [], "date_published": "2024-06-19T12:00:01+00:00", "description": "Along with the usual cavalcade of product released with Ursula\u2019s Return, Lorcana has also introduced an entirely new kind of dinglehopper that brings solo and co-op play to the game. I think this is great as it positions Lorcana as a competitor to co-op and solo board games, offering some crossover appeal to folks who [&#8230;]", "id": 738877, "language": "en-GB", "link": "https://www.goonhammer.com/mikey-mouse-club-25-illumineers-quest-deep-trouble-review", "manual_status_code": 0, "page_rating": 32, "page_rating_contents": 100, "page_rating_visits": 0, "page_rating_votes": 0, "permanent": false, "source": "https://www.goonhammer.com/feed", "source_obj__id": 136, "status_code": 0, "tags": [], "thumbnail": null, "title": "Mikey Mouse Club #25 \u2013 Illumineer\u2019s Quest: Deep Trouble Review", "user": null, "vote": 0}, {"age": null, "album": "", "artist": null, "bookmarked": false, "comments": [], "date_published": "2024-06-19T11:00:03+00:00", "description": "The Goonhammer group is made up of dozens of multi-talented authors, many of whom have other projects outside of the site. In addition to their work here, Dan Boyd and Campbell &#8220;SRM&#8221; McLaughlin have their own podcast, the 40K Badcast, a member of the Goonhammer Media Network. \u00a0 Another day, another Blood Bowl trip report [&#8230;]", "id": 738374, "language": "en-GB", "link": "https://www.goonhammer.com/40k-badcast-150-cloaca-in-bio", "manual_status_code": 0, "page_rating": 32, "page_rating_contents": 100, "page_rating_visits": 0, "page_rating_votes": 0, "permanent": false, "source": "https://www.goonhammer.com/feed", "source_obj__id": 136, "status_code": 0, "tags": [], "thumbnail": null, "title": "40K BADCAST 150 \u2013 CLOACA IN BIO", "user": null, "vote": 0}]