[{"age": null, "album": "", "artist": null, "bookmarked": false, "comments": [], "date_published": "2024-06-19T23:23:36+00:00", "description": "As the heat wave moved east, the Northeast felt the brunt of the conditions. But forecasters provided a glimmer of relief, saying \u201cconditions should improve over New England\u201d this weekend.", "id": 742356, "language": "en-us", "link": "https://www.nytimes.com/2024/06/19/weather/heat-wave-northeast-midwest.html", "manual_status_code": 0, "page_rating": 32, "page_rating_contents": 100, "page_rating_visits": 0, "page_rating_votes": 0, "permanent": false, "source": "https://rss.nytimes.com/services/xml/rss/nyt/HomePage.xml", "source_obj__id": 229, "status_code": 0, "tags": [], "thumbnail": "https://static01.nyt.com/images/2024/06/19/multimedia/19wea-heat-ledeall-vtlj/19wea-heat-ledeall-vtlj-mediumSquareAt3X.jpg", "title": "Unrelenting Heat Stifles Millions of Americans for 3rd Consecutive Day", "user": null, "vote": 0}, {"age": null, "album": "", "artist": null, "bookmarked": false, "comments": [], "date_published": "2024-06-19T23:02:11+00:00", "description": "Robert F. Kennedy Jr.\u2019s campaign has depended heavily on contributions from Nicole Shanahan, his vice-presidential pick, who did not make major new donations in May.", "id": 742355, "language": "en-us", "link": "https://www.nytimes.com/2024/06/19/us/politics/rfk-jr-money-nicole-shanahan.html", "manual_status_code": 0, "page_rating": 32, "page_rating_contents": 100, "page_rating_visits": 0, "page_rating_votes": 0, "permanent": false, "source": "https://rss.nytimes.com/services/xml/rss/nyt/HomePage.xml", "source_obj__id": 229, "status_code": 0, "tags": [], "thumbnail": "https://static01.nyt.com/images/2024/06/19/multimedia/19pol-rfk-money-topart-wkhm/19pol-rfk-money-topart-wkhm-mediumSquareAt3X.jpg", "title": "Robert F. Kennedy Jr. Raises Just $2.6 Million", "user": null, "vote": 0}, {"age": null, "album": "", "artist": null, "bookmarked": false, "comments": [], "date_published": "2024-06-19T20:49:05+00:00", "description": "President Biden\u2019s recent actions on immigration put his approach to one of the most divisive issues in the 2024 election into focus.", "id": 741543, "language": "en-us", "link": "https://www.nytimes.com/2024/06/19/us/politics/bidens-strategy-immigrants.html", "manual_status_code": 0, "page_rating": 32, "page_rating_contents": 100, "page_rating_visits": 0, "page_rating_votes": 0, "permanent": false, "source": "https://rss.nytimes.com/services/xml/rss/nyt/HomePage.xml", "source_obj__id": 229, "status_code": 0, "tags": [], "thumbnail": "https://static01.nyt.com/images/2024/06/19/multimedia/19dc-assess-vjcf/19dc-assess-vjcf-mediumSquareAt3X.jpg", "title": "Biden\u2019s Strategy: Help Immigrants in the U.S., but Stop Others From Arriving", "user": null, "vote": 0}, {"age": null, "album": "", "artist": null, "bookmarked": false, "comments": [], "date_published": "2024-06-19T19:42:08+00:00", "description": "A law signed by Gov. Jeff Landry on Wednesday makes the state the only one with such a mandate. Critics have vowed to mount a constitutional challenge.", "id": 741545, "language": "en-us", "link": "https://www.nytimes.com/2024/06/19/us/louisiana-ten-commandments-classrooms.html", "manual_status_code": 0, "page_rating": 32, "page_rating_contents": 100, "page_rating_visits": 0, "page_rating_votes": 0, "permanent": false, "source": "https://rss.nytimes.com/services/xml/rss/nyt/HomePage.xml", "source_obj__id": 229, "status_code": 0, "tags": [], "thumbnail": "https://static01.nyt.com/images/2024/06/07/multimedia/00nat-louisiana-commandments-hwcb/00nat-louisiana-commandments-hwcb-mediumSquareAt3X.jpg", "title": "Louisiana Requires Ten Commandments to Be Displayed in Every Public Classroom", "user": null, "vote": 0}, {"age": null, "album": "", "artist": null, "bookmarked": false, "comments": [], "date_published": "2024-06-19T19:11:13+00:00", "description": "The former president has set a low bar for President Biden\u2019s performance at next week\u2019s matchup. Now, he is preparing supporters for the possibility that Mr. Biden clears it.", "id": 741544, "language": "en-us", "link": "https://www.nytimes.com/2024/06/19/us/politics/trump-biden-debate-expectations.html", "manual_status_code": 0, "page_rating": 32, "page_rating_contents": 100, "page_rating_visits": 0, "page_rating_votes": 0, "permanent": false, "source": "https://rss.nytimes.com/services/xml/rss/nyt/HomePage.xml", "source_obj__id": 229, "status_code": 0, "tags": [], "thumbnail": "https://static01.nyt.com/images/2024/06/19/multimedia/19pol-Trump-Debate-topart-zmkp/19pol-Trump-Debate-topart-zmkp-mediumSquareAt3X.jpg", "title": "Trump Tries to Set Expectations, and Floats Excuses, for His Debate With Biden", "user": null, "vote": 0}, {"age": null, "album": "", "artist": null, "bookmarked": false, "comments": [], "date_published": "2024-06-19T19:05:13+00:00", "description": "A law signed by Gov. Jeff Landry on Wednesday makes the state the only one with such a mandate. Critics have vowed to mount a constitutional challenge.", "id": 741290, "language": "en-us", "link": "https://www.nytimes.com/2024/06/19/us/lousiana-ten-commandments-classrooms.html", "manual_status_code": 0, "page_rating": 32, "page_rating_contents": 100, "page_rating_visits": 0, "page_rating_votes": 0, "permanent": false, "source": "https://rss.nytimes.com/services/xml/rss/nyt/HomePage.xml", "source_obj__id": 229, "status_code": 0, "tags": [], "thumbnail": "https://static01.nyt.com/images/2024/06/07/multimedia/00nat-louisiana-commandments-hwcb/00nat-louisiana-commandments-hwcb-mediumSquareAt3X.jpg", "title": "Louisiana Requires Ten Commandments to Be Displayed in Every Public Classroom", "user": null, "vote": 0}, {"age": null, "album": "", "artist": null, "bookmarked": false, "comments": [], "date_published": "2024-06-19T17:34:43+00:00", "description": "As the serene Hamptons village is overrun with news vans, the locals eat oysters and engage in some light media criticism.", "id": 740966, "language": "en-us", "link": "https://www.nytimes.com/2024/06/19/style/justin-timberlake-arrest-sag-harbor-local-reaction.html", "manual_status_code": 0, "page_rating": 32, "page_rating_contents": 100, "page_rating_visits": 0, "page_rating_votes": 0, "permanent": false, "source": "https://rss.nytimes.com/services/xml/rss/nyt/HomePage.xml", "source_obj__id": 229, "status_code": 0, "tags": [], "thumbnail": "https://static01.nyt.com/images/2024/06/19/fashion/19TIMBERLAKE-HAMPTONS/19TIMBERLAKE-HAMPTONS-mediumSquareAt3X.jpg", "title": "Justin Timberlake Arrest Causes a Stir in the Hamptons", "user": null, "vote": 0}, {"age": null, "album": "", "artist": null, "bookmarked": false, "comments": [], "date_published": "2024-06-19T17:01:43+00:00", "description": "High temperatures can make us miserable. Research shows they also make us aggressive, impulsive and dumb.", "id": 740501, "language": "en-us", "link": "https://www.nytimes.com/2024/06/19/well/mind/heat-affect-brain-emotions.html", "manual_status_code": 0, "page_rating": 32, "page_rating_contents": 100, "page_rating_visits": 0, "page_rating_votes": 0, "permanent": false, "source": "https://rss.nytimes.com/services/xml/rss/nyt/HomePage.xml", "source_obj__id": 229, "status_code": 0, "tags": [], "thumbnail": "https://static01.nyt.com/images/2024/06/19/multimedia/19WELL-HEAT-BRAIN-whmg/19WELL-HEAT-BRAIN-whmg-mediumSquareAt3X.jpg", "title": "How Heat Affects the Brain", "user": null, "vote": 0}, {"age": null, "album": "", "artist": null, "bookmarked": false, "comments": [], "date_published": "2024-06-19T16:53:37+00:00", "description": "Republicans and Democrats are weighing proposals to expand military conscription to women and make registration automatic. Both proposals face an uphill path to becoming law.", "id": 740500, "language": "en-us", "link": "https://www.nytimes.com/2024/06/19/us/politics/military-draft-women.html", "manual_status_code": 0, "page_rating": 32, "page_rating_contents": 100, "page_rating_visits": 0, "page_rating_votes": 0, "permanent": false, "source": "https://rss.nytimes.com/services/xml/rss/nyt/HomePage.xml", "source_obj__id": 229, "status_code": 0, "tags": [], "thumbnail": "https://static01.nyt.com/images/2024/06/18/multimedia/18dc-draft-gbtk/18dc-draft-gbtk-mediumSquareAt3X.jpg", "title": "Amid Military Recruitment Challenges, Congress Debates Changes to the Draft", "user": null, "vote": 0}, {"age": null, "album": "", "artist": null, "bookmarked": false, "comments": [], "date_published": "2024-06-19T16:49:33+00:00", "description": "Before being appointed to the bench in Washington, he was a track star who became a symbol of discrimination against Black athletes.", "id": 740965, "language": "en-us", "link": "https://www.nytimes.com/2024/06/19/us/ricardo-urbina-dead.html", "manual_status_code": 0, "page_rating": 32, "page_rating_contents": 100, "page_rating_visits": 0, "page_rating_votes": 0, "permanent": false, "source": "https://rss.nytimes.com/services/xml/rss/nyt/HomePage.xml", "source_obj__id": 229, "status_code": 0, "tags": [], "thumbnail": "https://static01.nyt.com/images/2024/06/18/multimedia/18Urbina-02-kqzw/18Urbina-02-kqzw-mediumSquareAt3X.jpg", "title": "Ricardo M. Urbina, Trailblazing Latino Judge in Capital, Dies at 79", "user": null, "vote": 0}, {"age": null, "album": "", "artist": null, "bookmarked": false, "comments": [], "date_published": "2024-06-19T16:15:27+00:00", "description": "Vladimir Putin promised unspecified technological help to North Korea, which could help the North better target its many adversaries.", "id": 740499, "language": "en-us", "link": "https://www.nytimes.com/2024/06/19/us/politics/putin-kim-russia-nuclear.html", "manual_status_code": 0, "page_rating": 32, "page_rating_contents": 100, "page_rating_visits": 0, "page_rating_votes": 0, "permanent": false, "source": "https://rss.nytimes.com/services/xml/rss/nyt/HomePage.xml", "source_obj__id": 229, "status_code": 0, "tags": [], "thumbnail": "https://static01.nyt.com/images/2024/06/19/multimedia/19russia-northkorea-assess-qlvg/19russia-northkorea-assess-qlvg-mediumSquareAt3X-v2.jpg", "title": "Putin Once Tried to Curb North Korea\u2019s Nuclear Program. That\u2019s Now Over.", "user": null, "vote": 0}, {"age": null, "album": "", "artist": null, "bookmarked": false, "comments": [], "date_published": "2024-06-19T15:31:29+00:00", "description": "The first named storm of the Atlantic hurricane season could dump more than a foot of rain on parts of Texas and Mexico.", "id": 740122, "language": "en-us", "link": "https://www.nytimes.com/2024/06/17/weather/alberto-tropical-storm.html", "manual_status_code": 0, "page_rating": 32, "page_rating_contents": 100, "page_rating_visits": 0, "page_rating_votes": 0, "permanent": false, "source": "https://rss.nytimes.com/services/xml/rss/nyt/HomePage.xml", "source_obj__id": 229, "status_code": 0, "tags": [], "thumbnail": "https://static01.nyt.com/images/2024/06/17/world/one-satellite-map-satellite_map/one-satellite-map-satellite_map-mediumSquareAt3X-v17.jpg", "title": "Storm Off Texas and Mexico Could Become Tropical Storm Alberto", "user": null, "vote": 0}, {"age": null, "album": "", "artist": null, "bookmarked": false, "comments": [], "date_published": "2024-06-19T15:03:15+00:00", "description": "Mayfield Brooks explores grief and decomposition in the hull of a 19th-century cargo ship.", "id": 740502, "language": "en-us", "link": "https://www.nytimes.com/2024/06/19/arts/dance/mayfield-brooks-whale-fall-abyss-wavertree.html", "manual_status_code": 0, "page_rating": 32, "page_rating_contents": 100, "page_rating_visits": 0, "page_rating_votes": 0, "permanent": false, "source": "https://rss.nytimes.com/services/xml/rss/nyt/HomePage.xml", "source_obj__id": 229, "status_code": 0, "tags": [], "thumbnail": "https://static01.nyt.com/images/2024/06/19/multimedia/19mayfield-brooks-07-mbjl/19mayfield-brooks-07-mbjl-mediumSquareAt3X.jpg", "title": "With the Help of Whales, a Choreographer Falls Into an Abyss", "user": null, "vote": 0}, {"age": null, "album": "", "artist": null, "bookmarked": false, "comments": [], "date_published": "2024-06-19T15:02:40+00:00", "description": "A group of neuroscientists argue that our words are primarily for communicating, not for reasoning.", "id": 740123, "language": "en-us", "link": "https://www.nytimes.com/2024/06/19/science/brain-language-thought.html", "manual_status_code": 0, "page_rating": 32, "page_rating_contents": 100, "page_rating_visits": 0, "page_rating_votes": 0, "permanent": false, "source": "https://rss.nytimes.com/services/xml/rss/nyt/HomePage.xml", "source_obj__id": 229, "status_code": 0, "tags": [], "thumbnail": "https://static01.nyt.com/images/2024/06/19/science/19-SCI-language/19-SCI-language-mediumSquareAt3X.jpg", "title": "How Our Brain Produces Language and Thought, According to Neuroscientists", "user": null, "vote": 0}, {"age": null, "album": "", "artist": null, "bookmarked": false, "comments": [], "date_published": "2024-06-19T14:18:08+00:00", "description": "You should expect the unexpected while flying, but few disruptions should provoke serious concern, aviation experts say.", "id": 739780, "language": "en-us", "link": "https://www.nytimes.com/2024/06/19/business/airplane-safety-flight-problems.html", "manual_status_code": 0, "page_rating": 32, "page_rating_contents": 100, "page_rating_visits": 0, "page_rating_votes": 0, "permanent": false, "source": "https://rss.nytimes.com/services/xml/rss/nyt/HomePage.xml", "source_obj__id": 229, "status_code": 0, "tags": [], "thumbnail": "https://static01.nyt.com/images/2024/06/12/multimedia/00plane-trouble-01-ctmg/00plane-trouble-01-ctmg-mediumSquareAt3X.jpg", "title": "Are Planes Safe Right Now? How to Understand Flight Disruptions.", "user": null, "vote": 0}, {"age": null, "album": "", "artist": null, "bookmarked": false, "comments": [], "date_published": "2024-06-19T14:00:16+00:00", "description": "For years he wowed \u2019em in the clubs with his drag-king lounge act. Now, against all odds, he\u2019s breaking out.", "id": 740121, "language": "en-us", "link": "https://www.nytimes.com/2024/06/19/style/murray-hill-showbiz-netflix-somebody-somewhere.html", "manual_status_code": 0, "page_rating": 32, "page_rating_contents": 100, "page_rating_visits": 0, "page_rating_votes": 0, "permanent": false, "source": "https://rss.nytimes.com/services/xml/rss/nyt/HomePage.xml", "source_obj__id": 229, "status_code": 0, "tags": [], "thumbnail": "https://static01.nyt.com/images/2024/06/19/multimedia/19MURRAY-HILL4-jmpz/19MURRAY-HILL4-jmpz-mediumSquareAt3X.jpg", "title": "Murray Hill\u2019s Showbiz Dream", "user": null, "vote": 0}, {"age": null, "album": "", "artist": null, "bookmarked": false, "comments": [], "date_published": "2024-06-19T13:48:10+00:00", "description": "The presidential candidate keeps two of the free-minded birds as wild pets. They\u2019re much better behaved than his old emu, Toby, who would attack his wife, Cheryl Hines.", "id": 739779, "language": "en-us", "link": "https://www.nytimes.com/2024/06/19/us/politics/rfk-jr-ravens.html", "manual_status_code": 0, "page_rating": 32, "page_rating_contents": 100, "page_rating_visits": 0, "page_rating_votes": 0, "permanent": false, "source": "https://rss.nytimes.com/services/xml/rss/nyt/HomePage.xml", "source_obj__id": 229, "status_code": 0, "tags": [], "thumbnail": "https://static01.nyt.com/images/2024/06/19/multimedia/19pol-rfk-ravens-topart-tplh/19pol-rfk-ravens-topart-tplh-mediumSquareAt3X.jpg", "title": "Robert F. Kennedy Jr.\u2019s Conspiracy of Ravens", "user": null, "vote": 0}, {"age": null, "album": "", "artist": null, "bookmarked": false, "comments": [], "date_published": "2024-06-19T12:32:45+00:00", "description": "The state\u2019s governor declared a regional state of emergency as thousands evacuated. Wind and rain could affect firefighting efforts.", "id": 738788, "language": "en-us", "link": "https://www.nytimes.com/2024/06/19/us/new-mexico-wildfires.html", "manual_status_code": 0, "page_rating": 32, "page_rating_contents": 100, "page_rating_visits": 0, "page_rating_votes": 0, "permanent": false, "source": "https://rss.nytimes.com/services/xml/rss/nyt/HomePage.xml", "source_obj__id": 229, "status_code": 0, "tags": [], "thumbnail": "https://static01.nyt.com/images/2024/06/19/multimedia/19xp-newmexicofire-01-cwgp/19xp-newmexicofire-01-cwgp-mediumSquareAt3X.jpg", "title": "New Mexico Battles \u2018Devastating\u2019 Wildfires as Weather Complicates the Fight", "user": null, "vote": 0}, {"age": null, "album": "", "artist": null, "bookmarked": false, "comments": [], "date_published": "2024-06-19T10:29:14+00:00", "description": "We explain why it has been such a challenge.", "id": 738291, "language": "en-us", "link": "https://www.nytimes.com/2024/06/19/briefing/getting-aid-into-gaza.html", "manual_status_code": 0, "page_rating": 32, "page_rating_contents": 100, "page_rating_visits": 0, "page_rating_votes": 0, "permanent": false, "source": "https://rss.nytimes.com/services/xml/rss/nyt/HomePage.xml", "source_obj__id": 229, "status_code": 0, "tags": [], "thumbnail": "https://static01.nyt.com/images/2024/06/20/multimedia/20themorning-nl-LEDE-qltg/20themorning-nl-LEDE-qltg-mediumSquareAt3X-v2.jpg", "title": "Getting Aid Into Gaza", "user": null, "vote": 0}, {"age": null, "album": "", "artist": null, "bookmarked": false, "comments": [], "date_published": "2024-06-19T10:06:41+00:00", "description": "Plus, baseball legend Willie Mays dies at 93.", "id": 738288, "language": "en-us", "link": "https://www.nytimes.com/2024/06/19/podcasts/netanyahu-us.html", "manual_status_code": 0, "page_rating": 32, "page_rating_contents": 100, "page_rating_visits": 0, "page_rating_votes": 0, "permanent": false, "source": "https://rss.nytimes.com/services/xml/rss/nyt/HomePage.xml", "source_obj__id": 229, "status_code": 0, "tags": [], "thumbnail": "https://static01.nyt.com/images/2024/06/19/multimedia/19headlines-audio-hczp/19headlines-audio-hczp-mediumSquareAt3X.jpg", "title": "Netanyahu Lashes Out at U.S., and the Stock Market\u2019s New King", "user": null, "vote": 0}, {"age": null, "album": "", "artist": null, "bookmarked": false, "comments": [], "date_published": "2024-06-19T09:04:34+00:00", "description": "The court\u2019s decision has the potential to undercut President Biden\u2019s efforts to restrict other gun accessories that enable semiautomatic rifles to fire at speeds rivaling those of machine guns.", "id": 738295, "language": "en-us", "link": "https://www.nytimes.com/2024/06/19/us/bump-stocks-supreme-court-guns.html", "manual_status_code": 0, "page_rating": 32, "page_rating_contents": 100, "page_rating_visits": 0, "page_rating_votes": 0, "permanent": false, "source": "https://rss.nytimes.com/services/xml/rss/nyt/HomePage.xml", "source_obj__id": 229, "status_code": 0, "tags": [], "thumbnail": "https://static01.nyt.com/images/2024/06/19/multimedia/19nat-bumpstocks-hkjf/19nat-bumpstocks-hkjf-mediumSquareAt3X.jpg", "title": "Supreme Court Ruling on Bump Stocks Could Open Door to More Lethal Weapons", "user": null, "vote": 0}, {"age": null, "album": "", "artist": null, "bookmarked": false, "comments": [], "date_published": "2024-06-19T09:04:26+00:00", "description": "It shouldn\u2019t take so long for the justices to consider an outlandish claim.", "id": 737909, "language": "en-us", "link": "https://www.nytimes.com/2024/06/19/opinion/supreme-court-trump-immunity.html", "manual_status_code": 0, "page_rating": 32, "page_rating_contents": 100, "page_rating_visits": 0, "page_rating_votes": 0, "permanent": false, "source": "https://rss.nytimes.com/services/xml/rss/nyt/HomePage.xml", "source_obj__id": 229, "status_code": 0, "tags": [], "thumbnail": "https://static01.nyt.com/images/2024/06/19/multimedia/19litman-bcpm/19litman-bcpm-mediumSquareAt3X.jpg", "title": "Is the Supreme Court Running Out the Clock on Trump\u2019s Immunity Case?", "user": null, "vote": 0}, {"age": null, "album": "", "artist": null, "bookmarked": false, "comments": [], "date_published": "2024-06-19T09:03:36+00:00", "description": "What does the rise of \u201cpartisan sectarians\u201d portend for the rest of us?", "id": 739315, "language": "en-us", "link": "https://www.nytimes.com/2024/06/19/opinion/democracy-partisanship-political-hatred.html", "manual_status_code": 0, "page_rating": 32, "page_rating_contents": 100, "page_rating_visits": 0, "page_rating_votes": 0, "permanent": false, "source": "https://rss.nytimes.com/services/xml/rss/nyt/HomePage.xml", "source_obj__id": 229, "status_code": 0, "tags": [], "thumbnail": "https://static01.nyt.com/images/2024/06/19/multimedia/19edsall-vjml/19edsall-vjml-mediumSquareAt3X.jpg", "title": "Political Scientists Want to Know Why We Hate Each Other This Much", "user": null, "vote": 0}, {"age": null, "album": "", "artist": null, "bookmarked": false, "comments": [], "date_published": "2024-06-19T09:03:35+00:00", "description": "The failure of the Massachusetts 911 system on Tuesday was the latest reminder of the potential problems faced by an emergency network that many say needs to be upgraded.", "id": 738296, "language": "en-us", "link": "https://www.nytimes.com/2024/06/19/us/emergency-911-outages.html", "manual_status_code": 0, "page_rating": 32, "page_rating_contents": 100, "page_rating_visits": 0, "page_rating_votes": 0, "permanent": false, "source": "https://rss.nytimes.com/services/xml/rss/nyt/HomePage.xml", "source_obj__id": 229, "status_code": 0, "tags": [], "thumbnail": "https://static01.nyt.com/images/2024/06/19/us/19nat-911-outage/19nat-911-outage-mediumSquareAt3X-v2.jpg", "title": "\u2018We Just Always Expect It to Work\u2019: 911 Outage Shows System\u2019s Perils", "user": null, "vote": 0}, {"age": null, "album": "", "artist": null, "bookmarked": false, "comments": [], "date_published": "2024-06-19T09:03:27+00:00", "description": "Much of the Northeast will swelter through the weekend from the same heat wave that has already baked the Midwest.", "id": 738294, "language": "en-us", "link": "https://www.nytimes.com/2024/06/19/weather/heat-wave-northeast-forecast.html", "manual_status_code": 0, "page_rating": 32, "page_rating_contents": 100, "page_rating_visits": 0, "page_rating_votes": 0, "permanent": false, "source": "https://rss.nytimes.com/services/xml/rss/nyt/HomePage.xml", "source_obj__id": 229, "status_code": 0, "tags": [], "thumbnail": "https://static01.nyt.com/images/2024/06/19/multimedia/19wea-heat-pinned-item-kmjq/19wea-heat-pinned-item-kmjq-mediumSquareAt3X.jpg", "title": "Northeast Heat Wave Forecast: Millions Under Extreme Weather Advisories", "user": null, "vote": 0}, {"age": null, "album": "", "artist": null, "bookmarked": false, "comments": [], "date_published": "2024-06-19T09:03:27+00:00", "description": "Some scientists who study youth mental health say the evidence does not support the notion that social media is harmful per se.", "id": 738297, "language": "en-us", "link": "https://www.nytimes.com/2024/06/19/health/social-media-kids-mental-health.html", "manual_status_code": 0, "page_rating": 32, "page_rating_contents": 100, "page_rating_visits": 0, "page_rating_votes": 0, "permanent": false, "source": "https://rss.nytimes.com/services/xml/rss/nyt/HomePage.xml", "source_obj__id": 229, "status_code": 0, "tags": [], "thumbnail": "https://static01.nyt.com/images/2024/06/19/science/19SOCIALMEDIA/19SOCIALMEDIA-mediumSquareAt3X.jpg", "title": "Researchers Say Social Media Warning Is Too Broad", "user": null, "vote": 0}, {"age": null, "album": "", "artist": null, "bookmarked": false, "comments": [], "date_published": "2024-06-19T09:03:20+00:00", "description": "A Times investigation reveals a crisis of the military\u2019s own making.", "id": 738293, "language": "en-us", "link": "https://www.nytimes.com/2024/06/19/magazine/suicides-military.html", "manual_status_code": 0, "page_rating": 32, "page_rating_contents": 100, "page_rating_visits": 0, "page_rating_votes": 0, "permanent": false, "source": "https://rss.nytimes.com/services/xml/rss/nyt/HomePage.xml", "source_obj__id": 229, "status_code": 0, "tags": [], "thumbnail": "https://static01.nyt.com/images/2024/06/23/magazine/23mag-Military-Takeaway-02/23mag-Military-Takeaway-02-mediumSquareAt3X-v5.jpg", "title": "What to Know About Suicides in the U.S. Army", "user": null, "vote": 0}, {"age": null, "album": "", "artist": null, "bookmarked": false, "comments": [], "date_published": "2024-06-19T09:03:03+00:00", "description": "Compulsory labor with little or no compensation should be unthinkable.", "id": 737910, "language": "en-us", "link": "https://www.nytimes.com/2024/06/19/opinion/juneteenth-slavery-prison.html", "manual_status_code": 0, "page_rating": 32, "page_rating_contents": 100, "page_rating_visits": 0, "page_rating_votes": 0, "permanent": false, "source": "https://rss.nytimes.com/services/xml/rss/nyt/HomePage.xml", "source_obj__id": 229, "status_code": 0, "tags": [], "thumbnail": null, "title": "Slavery Didn\u2019t End With Emancipation. It Persists in U.S. Prisons.", "user": null, "vote": 0}, {"age": null, "album": "", "artist": null, "bookmarked": false, "comments": [], "date_published": "2024-06-19T09:02:46+00:00", "description": "Austin Valley\u2019s death exposed the Army\u2019s most urgent challenge: a suicide crisis among soldiers in peacetime.", "id": 738292, "language": "en-us", "link": "https://www.nytimes.com/2024/06/19/magazine/suicide-military-austin-valley.html", "manual_status_code": 0, "page_rating": 32, "page_rating_contents": 100, "page_rating_visits": 0, "page_rating_votes": 0, "permanent": false, "source": "https://rss.nytimes.com/services/xml/rss/nyt/HomePage.xml", "source_obj__id": 229, "status_code": 0, "tags": [], "thumbnail": "https://static01.nyt.com/images/2024/06/23/magazine/23mag-Military-homepagepromo/23mag-Military-homepagepromo-mediumSquareAt3X-v4.jpg", "title": "A Disaster of the U.S. Military\u2019s Own Making", "user": null, "vote": 0}, {"age": null, "album": "", "artist": null, "bookmarked": false, "comments": [], "date_published": "2024-06-19T09:02:16+00:00", "description": "Here\u2019s who needs to worry right now.", "id": 737911, "language": "en-us", "link": "https://www.nytimes.com/2024/06/19/opinion/bird-flu-public-risk.html", "manual_status_code": 0, "page_rating": 32, "page_rating_contents": 100, "page_rating_visits": 0, "page_rating_votes": 0, "permanent": false, "source": "https://rss.nytimes.com/services/xml/rss/nyt/HomePage.xml", "source_obj__id": 229, "status_code": 0, "tags": [], "thumbnail": null, "title": "How Scared Should I Be of Bird Flu?", "user": null, "vote": 0}, {"age": null, "album": "", "artist": null, "bookmarked": false, "comments": [], "date_published": "2024-06-19T07:00:19+00:00", "description": "New Jersey\u2019s senior senator is on trial, charged with taking bribes. A political power broker is accused of racketeering. A judge has declared the election system unfair.", "id": 738298, "language": "en-us", "link": "https://www.nytimes.com/2024/06/19/nyregion/new-jersey-political-scandals.html", "manual_status_code": 0, "page_rating": 32, "page_rating_contents": 100, "page_rating_visits": 0, "page_rating_votes": 0, "permanent": false, "source": "https://rss.nytimes.com/services/xml/rss/nyt/HomePage.xml", "source_obj__id": 229, "status_code": 0, "tags": [], "thumbnail": "https://static01.nyt.com/images/2024/06/19/multimedia/19nj-corrupt-fckq/19nj-corrupt-fckq-mediumSquareAt3X.jpg", "title": "In a State Notorious for Political Scandal, Signs of Change Emerge", "user": null, "vote": 0}, {"age": null, "album": "", "artist": null, "bookmarked": false, "comments": [], "date_published": "2024-06-19T06:13:58+00:00", "description": "After more than a decade of deep budget cuts, slow growth and weak productivity, the country has struggled to overcome years of uncertainty and underinvestment.", "id": 737402, "language": "en-us", "link": "https://www.nytimes.com/2024/06/19/business/britain-economy-inflation.html", "manual_status_code": 0, "page_rating": 32, "page_rating_contents": 100, "page_rating_visits": 0, "page_rating_votes": 0, "permanent": false, "source": "https://rss.nytimes.com/services/xml/rss/nyt/HomePage.xml", "source_obj__id": 229, "status_code": 0, "tags": [], "thumbnail": "https://static01.nyt.com/images/2024/06/19/multimedia/19uk-econ-explainer-01-pvfj/19uk-econ-explainer-01-pvfj-mediumSquareAt3X.jpg", "title": "How Britain\u2019s Economy Became So Stagnant", "user": null, "vote": 0}, {"age": null, "album": "", "artist": null, "bookmarked": false, "comments": [], "date_published": "2024-06-19T04:01:14+00:00", "description": "The first major exhibition at H\u2019Art, a former satellite of the Hermitage, explores how war and nationalism shaped the painter\u2019s career.", "id": 742357, "language": "en-us", "link": "https://www.nytimes.com/2024/06/19/arts/design/hart-museum-kandinsky.html", "manual_status_code": 0, "page_rating": 32, "page_rating_contents": 100, "page_rating_visits": 0, "page_rating_votes": 0, "permanent": false, "source": "https://rss.nytimes.com/services/xml/rss/nyt/HomePage.xml", "source_obj__id": 229, "status_code": 0, "tags": [], "thumbnail": null, "title": "Kandinsky Cut Ties With Russia. So Did This Museum.", "user": null, "vote": 0}, {"age": null, "album": "", "artist": null, "bookmarked": false, "comments": [], "date_published": "2024-06-19T03:39:02+00:00", "description": "Robert Morris, a faith adviser to the Trump White House, resigned from Gateway Church after he was accused of abusing a child in the 1980s.", "id": 736819, "language": "en-us", "link": "https://www.nytimes.com/2024/06/18/us/pastor-robert-morris-gateway-church.html", "manual_status_code": 0, "page_rating": 32, "page_rating_contents": 100, "page_rating_visits": 0, "page_rating_votes": 0, "permanent": false, "source": "https://rss.nytimes.com/services/xml/rss/nyt/HomePage.xml", "source_obj__id": 229, "status_code": 0, "tags": [], "thumbnail": "https://static01.nyt.com/images/2024/06/18/multimedia/18xp-pastor-hmpk/18xp-pastor-hmpk-mediumSquareAt3X.jpg", "title": "Pastor Robert Morris Leaves Gateway Church After Abuse Allegations", "user": null, "vote": 0}, {"age": null, "album": "", "artist": null, "bookmarked": false, "comments": [], "date_published": "2024-06-19T03:19:56+00:00", "description": "In a report released Tuesday, the Biden administration said that federal dams in the Columbia River Basin had inflicted damage on local communities, and committed to restoring native fish to the ecosystem.", "id": 736820, "language": "en-us", "link": "https://www.nytimes.com/2024/06/18/us/dams-snake-columbia-river-native-tribes.html", "manual_status_code": 0, "page_rating": 32, "page_rating_contents": 100, "page_rating_visits": 0, "page_rating_votes": 0, "permanent": false, "source": "https://rss.nytimes.com/services/xml/rss/nyt/HomePage.xml", "source_obj__id": 229, "status_code": 0, "tags": [], "thumbnail": "https://static01.nyt.com/images/2024/06/18/multimedia/18xp-snakeriver-qhvt/18xp-snakeriver-qhvt-mediumSquareAt3X-v2.jpg", "title": "In a First, Federal Government Acknowledges Harms of Dams on Native American Communities", "user": null, "vote": 0}, {"age": null, "album": "", "artist": null, "bookmarked": false, "comments": [], "date_published": "2024-06-19T02:05:46+00:00", "description": "Mays, who died on Tuesday at 93, had been perfect for so long that the shock of seeing baseball get the best of him was the shock of seeing a god become mortal.", "id": 736470, "language": "en-us", "link": "https://www.nytimes.com/2024/06/18/us/willie-mays-death-baseball-legacy.html", "manual_status_code": 0, "page_rating": 32, "page_rating_contents": 100, "page_rating_visits": 0, "page_rating_votes": 0, "permanent": false, "source": "https://rss.nytimes.com/services/xml/rss/nyt/HomePage.xml", "source_obj__id": 229, "status_code": 0, "tags": [], "thumbnail": "https://static01.nyt.com/images/2024/06/18/multimedia/18nat-mays-appraisal-wzfk/18nat-mays-appraisal-wzfk-mediumSquareAt3X.jpg", "title": "Remembering Willie Mays as Both Untouchable and Human", "user": null, "vote": 0}, {"age": null, "album": "", "artist": null, "bookmarked": false, "comments": [], "date_published": "2024-06-19T01:59:18+00:00", "description": "Mays, the Say Hey Kid, was baseball\u2019s exuberant embodiment of the complete player. Some say he was the greatest of them all.", "id": 736469, "language": "en-us", "link": "https://www.nytimes.com/2024/06/18/sports/willie-mays-dead.html", "manual_status_code": 0, "page_rating": 32, "page_rating_contents": 100, "page_rating_visits": 0, "page_rating_votes": 0, "permanent": false, "source": "https://rss.nytimes.com/services/xml/rss/nyt/HomePage.xml", "source_obj__id": 229, "status_code": 0, "tags": [], "thumbnail": "https://static01.nyt.com/images/2013/01/11/sports/00mays-obit1-promo/20130111-Willie-Mays-Obit-slide-QZTJ-moth.jpg", "title": "Willie Mays, Electrifying Ballplayer of Power and Grace, Dies at 93", "user": null, "vote": 0}, {"age": null, "album": "", "artist": null, "bookmarked": false, "comments": [], "date_published": "2024-06-19T00:08:27+00:00", "description": "Yevgeny Vindman, who raised alarms about then-President Donald J. Trump\u2019s conduct toward Ukraine, will stand for Abigail Spanberger\u2019s seat in Congress as a Democrat.", "id": 738289, "language": "en-us", "link": "https://www.nytimes.com/2024/06/18/us/politics/eugene-vindman-virginia-house-primary.html", "manual_status_code": 0, "page_rating": 32, "page_rating_contents": 100, "page_rating_visits": 0, "page_rating_votes": 0, "permanent": false, "source": "https://rss.nytimes.com/services/xml/rss/nyt/HomePage.xml", "source_obj__id": 229, "status_code": 0, "tags": [], "thumbnail": "https://static01.nyt.com/images/2024/06/18/multimedia/18pol-virginia-07-HFO-1-ktfq/18pol-virginia-07-HFO-1-ktfq-mediumSquareAt3X.jpg", "title": "Eugene Vindman, Key Trump Whistle-Blower, Wins House Primary in Virginia", "user": null, "vote": 0}]