[{"age": null, "album": "", "artist": null, "bookmarked": false, "comments": [], "date_published": "2024-06-19T18:02:00+00:00", "description": "<p>Liz Long, a chassis reliability test engineer at the Honda Auto Development Center in Ohio, started working for the company a decade ago. In 2018, Long was invited to collaborate on a Honda vehicle designated for an eight-day off-roading competition in California. In the process, she started dreaming about hitting the trails herself.\u00a0\u00a0 That collaboration [&#8230;]</p>\n<p>The post <a href=\"https://www.popsci.com/technology/honda-pilot-trailsport/\">The engineer who went off-roading to help build Honda&#8217;s most rugged vehicle</a> appeared first on <a href=\"https://www.popsci.com\">Popular Science</a>.</p>", "id": 741005, "language": "en-US", "link": "https://www.popsci.com/technology/honda-pilot-trailsport", "manual_status_code": 0, "page_rating": 32, "page_rating_contents": 100, "page_rating_visits": 0, "page_rating_votes": 0, "permanent": false, "source": "https://www.popsci.com/feed", "source_obj__id": 260, "status_code": 0, "tags": [], "thumbnail": null, "title": "The engineer who went off-roading to help build Honda&#8217;s most rugged vehicle", "user": null, "vote": 0}, {"age": null, "album": "", "artist": null, "bookmarked": false, "comments": [], "date_published": "2024-06-19T15:03:00+00:00", "description": "<p>two hands holding an iphone with an alarm being set on the screen</p>\n<p>The post <a href=\"https://www.popsci.com/technology/ai-siri/\">All the AI features coming to Siri on your iPhone</a> appeared first on <a href=\"https://www.popsci.com\">Popular Science</a>.</p>", "id": 739810, "language": "en-US", "link": "https://www.popsci.com/technology/ai-siri", "manual_status_code": 0, "page_rating": 32, "page_rating_contents": 100, "page_rating_visits": 0, "page_rating_votes": 0, "permanent": false, "source": "https://www.popsci.com/feed", "source_obj__id": 260, "status_code": 0, "tags": [], "thumbnail": null, "title": "All the AI features coming to Siri on your iPhone", "user": null, "vote": 0}, {"age": null, "album": "", "artist": null, "bookmarked": false, "comments": [], "date_published": "2024-06-19T13:00:00+00:00", "description": "<p>What\u2019s the weirdest thing you learned this week? Well, whatever it is, we promise you\u2019ll have an even weirder answer if you listen to PopSci\u2019s hit podcast. The Weirdest Thing I Learned This Week hits Apple, Spotify, YouTube, and everywhere else you listen to podcasts every-other Wednesday morning. It\u2019s your new favorite source for the [&#8230;]</p>\n<p>The post <a href=\"https://www.popsci.com/science/giraffes-weirdest-thing/\">Giraffes are a lot gayer than most people give them credit fo</a> appeared first on <a href=\"https://www.popsci.com\">Popular Science</a>.</p>", "id": 738822, "language": "en-US", "link": "https://www.popsci.com/science/giraffes-weirdest-thing", "manual_status_code": 0, "page_rating": 32, "page_rating_contents": 100, "page_rating_visits": 0, "page_rating_votes": 0, "permanent": false, "source": "https://www.popsci.com/feed", "source_obj__id": 260, "status_code": 0, "tags": [], "thumbnail": null, "title": "Giraffes are a lot gayer than most people give them credit fo", "user": null, "vote": 0}, {"age": null, "album": "", "artist": null, "bookmarked": false, "comments": [], "date_published": "2024-06-19T12:00:00+00:00", "description": "<p>This\u00a0story\u00a0originally appeared on\u00a0Yale Environment 360. Late last year federal officials discovered the carcass of a mule deer buck near Yellowstone Lake in a remote region of Yellowstone National Park. Its cause of death was chronic wasting disease (CWD), experts said, making this the first confirmed death of an animal in the park from the disease. [&#8230;]</p>\n<p>The post <a href=\"https://www.popsci.com/environment/zombie-deer-disease/\">As \u2018zombie\u2019 deer disease spreads, scientists look for answers</a> appeared first on <a href=\"https://www.popsci.com\">Popular Science</a>.</p>", "id": 738823, "language": "en-US", "link": "https://www.popsci.com/environment/zombie-deer-disease", "manual_status_code": 0, "page_rating": 32, "page_rating_contents": 100, "page_rating_visits": 0, "page_rating_votes": 0, "permanent": false, "source": "https://www.popsci.com/feed", "source_obj__id": 260, "status_code": 0, "tags": [], "thumbnail": null, "title": "As \u2018zombie\u2019 deer disease spreads, scientists look for answers", "user": null, "vote": 0}]