[{"age": null, "album": "", "artist": null, "bookmarked": false, "comments": [], "date_published": "2024-06-19T22:39:17+00:00", "description": "Go to https://ground.news/moon to burst your bias bubble and become a critical thinker. Subscribe through my link for 40% off unlimited access this month.\n\nYouTube with Moon: https://www.skool.com/moon-society-5881/about\n\nSupport the channel here (all money goes straight back into the channel):\n\u25ba  Become a Patron:  https://www.patreon.com/MoonReal\n\u25ba Follow my Twitter: https://twitter.com/MoonRealYT", "id": 742123, "language": null, "link": "https://www.youtube.com/watch?v=LHzdwyvXl7g", "manual_status_code": 0, "page_rating": 32, "page_rating_contents": 100, "page_rating_visits": 0, "page_rating_votes": 0, "permanent": false, "source": "https://www.youtube.com/feeds/videos.xml?channel_id=UCmFeOdJI3IXgTBDzqBLD8qg", "source_obj__id": 216, "status_code": 0, "tags": [], "thumbnail": "https://i1.ytimg.com/vi/LHzdwyvXl7g/hqdefault.jpg", "title": "The U.K Has Fallen. What Happened?", "user": null, "vote": 0}]