[{"age": null, "album": "", "artist": null, "bookmarked": false, "comments": [], "date_published": "2024-06-19T14:55:04+00:00", "description": "Iran\u2019s CBDC is entering the public pilot trial on June 21", "id": 740120, "language": "en", "link": "https://www.gadgets360.com/cryptocurrency/news/iran-launch-digital-rial-cbdc-public-pilot-phase-5925193", "manual_status_code": 0, "page_rating": 32, "page_rating_contents": 100, "page_rating_visits": 0, "page_rating_votes": 0, "permanent": false, "source": "https://feeds.feedburner.com/gadgets360-latest", "source_obj__id": 124, "status_code": 0, "tags": [], "thumbnail": "https://i.gadgets360cdn.com/large/large_22_1718808865837.jpg", "title": "Iran to Launch its Digital Rial CBDC into Public Pilot Phase", "user": null, "vote": 0}, {"age": null, "album": "", "artist": null, "bookmarked": false, "comments": [], "date_published": "2024-06-19T14:14:46+00:00", "description": "Elden Ring: Shadow of the Erdtree has a Metacritic score of 95", "id": 739777, "language": "en", "link": "https://www.gadgets360.com/games/news/elden-ring-shadow-of-the-erdtree-highest-rated-dlc-expansion-metacritic-score-ps5-5924814", "manual_status_code": 0, "page_rating": 32, "page_rating_contents": 100, "page_rating_visits": 0, "page_rating_votes": 0, "permanent": false, "source": "https://feeds.feedburner.com/gadgets360-latest", "source_obj__id": 124, "status_code": 0, "tags": [], "thumbnail": "https://i.gadgets360cdn.com/large/ERSOTE-screenshot-4_1_1718806103298.png", "title": "Elden Ring: Shadow of the Erdtree Is Now the Highest Rated Expansion Ever on Metacritic", "user": null, "vote": 0}, {"age": null, "album": "", "artist": null, "bookmarked": false, "comments": [], "date_published": "2024-06-19T14:13:05+00:00", "description": "Samsung Galaxy S24+ has a triple camera system", "id": 739778, "language": "en", "link": "https://www.gadgets360.com/mobiles/news/samsung-s25-plus-ultra-camera-50-megapixel-primary-sensor-specifications-report-galaxy-5924497", "manual_status_code": 0, "page_rating": 32, "page_rating_contents": 100, "page_rating_visits": 0, "page_rating_votes": 0, "permanent": false, "source": "https://feeds.feedburner.com/gadgets360-latest", "source_obj__id": 124, "status_code": 0, "tags": [], "thumbnail": "https://i.gadgets360cdn.com/large/galaxy-s24-plus-review3_1715077401562.jpg", "title": "Samsung Galaxy S25's Main Camera Sensor Could Be Same as Galaxy S24", "user": null, "vote": 0}, {"age": null, "album": "", "artist": null, "bookmarked": false, "comments": [], "date_published": "2024-06-19T13:19:07+00:00", "description": "OnePlus Glacier Battery Technology is built in association with CATL", "id": 739313, "language": "en", "link": "https://www.gadgets360.com/mobiles/news/oneplus-glacier-battery-technology-launch-june-20-ace-3-pro-specifications-expected-weibo-5923897", "manual_status_code": 0, "page_rating": 32, "page_rating_contents": 100, "page_rating_visits": 0, "page_rating_votes": 0, "permanent": false, "source": "https://feeds.feedburner.com/gadgets360-latest", "source_obj__id": 124, "status_code": 0, "tags": [], "thumbnail": "https://i.gadgets360cdn.com/large/oneplus_battery_fast_charging_1718797664589.jpg", "title": "OnePlus Glacier Battery Technology to Be Revealed on June 20; OnePlus Ace 3 Pro Might Get It First", "user": null, "vote": 0}, {"age": null, "album": "", "artist": null, "bookmarked": false, "comments": [], "date_published": "2024-06-19T13:15:38+00:00", "description": "Founded in 2017 by IIM Calcutta alumni, Giottus is headquartered in Chennai", "id": 739314, "language": "en", "link": "https://www.gadgets360.com/cryptocurrency/news/giottus-lists-43-new-cryptocurrency-exchange-india-5924482", "manual_status_code": 0, "page_rating": 32, "page_rating_contents": 100, "page_rating_visits": 0, "page_rating_votes": 0, "permanent": false, "source": "https://feeds.feedburner.com/gadgets360-latest", "source_obj__id": 124, "status_code": 0, "tags": [], "thumbnail": "https://i.gadgets360cdn.com/large/india_pexels_Deepak_Bhandari_large_1680871013126.jpg", "title": "Giottus Exchange Lists 43 New Cryptocurrencies in India, Pumps Total Token Count to 300", "user": null, "vote": 0}, {"age": null, "album": "", "artist": null, "bookmarked": false, "comments": [], "date_published": "2024-06-19T12:14:19+00:00", "description": "Lenovo Legion Go was launched during IFA 2023 in September", "id": 738782, "language": "en", "link": "https://www.gadgets360.com/laptops/news/lenovo-legion-go-india-launch-date-features-windows-handheld-5923823", "manual_status_code": 0, "page_rating": 32, "page_rating_contents": 100, "page_rating_visits": 0, "page_rating_votes": 0, "permanent": false, "source": "https://feeds.feedburner.com/gadgets360-latest", "source_obj__id": 124, "status_code": 0, "tags": [], "thumbnail": "https://i.gadgets360cdn.com/large/lenovo_legion_go_lenovo_1718794723345.jpg", "title": "Lenovo Legion Go India Launch Date Set for June 27; Key Features Confirmed", "user": null, "vote": 0}, {"age": null, "album": "", "artist": null, "bookmarked": false, "comments": [], "date_published": "2024-06-19T12:02:48+00:00", "description": "An iPhone 15 Pro Max running iOS 18 scored more points in the Geekbench ML Score compared to iOS 17", "id": 738783, "language": "en", "link": "https://www.gadgets360.com/ai/news/ios-18-update-iphone-neural-engine-geekbench-score-apple-5923588", "manual_status_code": 0, "page_rating": 32, "page_rating_contents": 100, "page_rating_visits": 0, "page_rating_votes": 0, "permanent": false, "source": "https://feeds.feedburner.com/gadgets360-latest", "source_obj__id": 124, "status_code": 0, "tags": [], "thumbnail": "https://i.gadgets360cdn.com/large/iphone_15_pro_unsplash_1718795372556.jpg", "title": "iOS 18 Improves iPhone\u2019s Neural Engine Performance by 25 Percent, Geekbench Score Suggests", "user": null, "vote": 0}, {"age": null, "album": "", "artist": null, "bookmarked": false, "comments": [], "date_published": "2024-06-19T12:00:07+00:00", "description": "At WWDC 2024, Apple announced the Vision Pro sale in eight new regions, including Singapore and China", "id": 738784, "language": "en", "link": "https://www.gadgets360.com/wearables/news/apple-vision-pro-2-launch-delayed-cheaper-headset-2025-5923045", "manual_status_code": 0, "page_rating": 32, "page_rating_contents": 100, "page_rating_visits": 0, "page_rating_votes": 0, "permanent": false, "source": "https://feeds.feedburner.com/gadgets360-latest", "source_obj__id": 124, "status_code": 0, "tags": [], "thumbnail": "https://i.gadgets360cdn.com/large/apple_vision_pro_1718790699983.jpg", "title": "Apple Vision Pro 2 Development Reportedly Halted Amidst Poor Sales; Cheaper Headset Set for 2025 Launch", "user": null, "vote": 0}, {"age": null, "album": "", "artist": null, "bookmarked": false, "comments": [], "date_published": "2024-06-19T11:43:14+00:00", "description": "Gigabyte Aorus 16X and Gigabyte G6X laptops are offered in shades of grey", "id": 738785, "language": "en", "link": "https://www.gadgets360.com/laptops/news/gigabyte-aorus-16x-g6x-price-india-launch-specifications-features-5923120", "manual_status_code": 0, "page_rating": 32, "page_rating_contents": 100, "page_rating_visits": 0, "page_rating_votes": 0, "permanent": false, "source": "https://feeds.feedburner.com/gadgets360-latest", "source_obj__id": 124, "status_code": 0, "tags": [], "thumbnail": "https://i.gadgets360cdn.com/large/gigabyte_auros_16x_g6x_gigabyte_1718788744739.jpg", "title": "Gigabyte Aorus 16X, Gigabyte G6X AI-Backed Gaming Laptops Debut in India: Price, Specifications", "user": null, "vote": 0}, {"age": null, "album": "", "artist": null, "bookmarked": false, "comments": [], "date_published": "2024-06-19T11:43:08+00:00", "description": "\u200d\u200d\u200d\u200d", "id": 738786, "language": "en", "link": "https://www.gadgets360.com/mobiles/sponsored/why-the-oppo-f27-pro-5g-is-the-best-rugged-and-water-resistant-smartphone-in-india-worth-every-penny-5923866", "manual_status_code": 0, "page_rating": 32, "page_rating_contents": 100, "page_rating_visits": 0, "page_rating_votes": 0, "permanent": false, "source": "https://feeds.feedburner.com/gadgets360-latest", "source_obj__id": 124, "status_code": 0, "tags": [], "thumbnail": "https://i.gadgets360cdn.com/large/oppo-1_1718796651144.png", "title": "Why the OPPO F27 Pro+ 5G Is the Best Rugged and Water-Resistant Smartphone in India - Worth Every Penny", "user": null, "vote": 0}, {"age": null, "album": "", "artist": null, "bookmarked": false, "comments": [], "date_published": "2024-06-19T11:28:24+00:00", "description": "Vivo Y58 5G is tipped to get a dual rear camera unit", "id": 738787, "language": "en", "link": "https://www.gadgets360.com/mobiles/news/vivo-y58-5g-india-price-specifications-retail-box-image-launch-june-20-leak-5923168", "manual_status_code": 0, "page_rating": 32, "page_rating_contents": 100, "page_rating_visits": 0, "page_rating_votes": 0, "permanent": false, "source": "https://feeds.feedburner.com/gadgets360-latest", "source_obj__id": 124, "status_code": 0, "tags": [], "thumbnail": "https://i.gadgets360cdn.com/large/vivo_y58_1718791764907.jpg", "title": "Vivo Y58 5G Price in India, Specifications Tipped Ahead of June 20 Launch", "user": null, "vote": 0}, {"age": null, "album": "", "artist": null, "bookmarked": false, "comments": [], "date_published": "2024-06-19T10:29:16+00:00", "description": "Nvidia has consistently breezed past Wall Street's lofty expectations", "id": 738284, "language": "en", "link": "https://www.gadgets360.com/internet/news/nvidia-worlds-most-valuable-company-eclipses-microsoft-ai-5923248", "manual_status_code": 0, "page_rating": 32, "page_rating_contents": 100, "page_rating_visits": 0, "page_rating_votes": 0, "permanent": false, "source": "https://feeds.feedburner.com/gadgets360-latest", "source_obj__id": 124, "status_code": 0, "tags": [], "thumbnail": "https://i.gadgets360cdn.com/large/nvidia_reuters_1682491698706.jpg", "title": "Nvidia Rides AI Boom to Dethrone Microsoft as World's Most Valuable Company", "user": null, "vote": 0}, {"age": null, "album": "", "artist": null, "bookmarked": false, "comments": [], "date_published": "2024-06-19T10:25:27+00:00", "description": "Asus ROG Zephyrus G14 (2024) comes in a Grey shade", "id": 738285, "language": "en", "link": "https://www.gadgets360.com/laptops/news/asus-rog-zephyrus-g14-2024-price-in-india-launch-specifications-features-5922445", "manual_status_code": 0, "page_rating": 32, "page_rating_contents": 100, "page_rating_visits": 0, "page_rating_votes": 0, "permanent": false, "source": "https://feeds.feedburner.com/gadgets360-latest", "source_obj__id": 124, "status_code": 0, "tags": [], "thumbnail": "https://i.gadgets360cdn.com/large/asus_rog_zephyrus_g14_1718785633487.jpg", "title": "Asus ROG Zephyrus G14 (2024) With AMD Ryzen 9 Processor, Nvidia RTX 4070 GPU Launched in India", "user": null, "vote": 0}, {"age": null, "album": "", "artist": null, "bookmarked": false, "comments": [], "date_published": "2024-06-19T09:12:23+00:00", "description": "Motorola Razr 50 series is expected to feature 32-megapixel front cameras", "id": 738286, "language": "en", "link": "https://www.gadgets360.com/mobiles/news/motorola-razr-50-ultra-g85-5g-price-colour-options-leak-5922338", "manual_status_code": 0, "page_rating": 32, "page_rating_contents": 100, "page_rating_visits": 0, "page_rating_votes": 0, "permanent": false, "source": "https://feeds.feedburner.com/gadgets360-latest", "source_obj__id": 124, "status_code": 0, "tags": [], "thumbnail": "https://i.gadgets360cdn.com/large/razr_50_series_motorola_1718784476035.jpg", "title": "Motorola Razr 50, Razr 50 Ultra Price and Colour Options Leak Alongside Details of Moto G85 5G", "user": null, "vote": 0}, {"age": null, "album": "", "artist": null, "bookmarked": false, "comments": [], "date_published": "2024-06-19T09:04:31+00:00", "description": "The Legend of Zelda: Echoes of Wisdom will actually let you play as Zelda for a change", "id": 738287, "language": "en", "link": "https://www.gadgets360.com/games/news/nintendo-direct-showcase-everything-announced-the-legend-of-zelda-echoes-of-wisdom-mario-and-luigi-brothership-metroid-prime-4-beyond-switch-5922622", "manual_status_code": 0, "page_rating": 32, "page_rating_contents": 100, "page_rating_visits": 0, "page_rating_votes": 0, "permanent": false, "source": "https://feeds.feedburner.com/gadgets360-latest", "source_obj__id": 124, "status_code": 0, "tags": [], "thumbnail": "https://i.gadgets360cdn.com/large/zelda_1_1718786264485.jpg", "title": "Nintendo Direct: The Legend of Zelda: Echoes of Wisdom, Mario & Luigi: Brothership Revealed", "user": null, "vote": 0}, {"age": null, "album": "", "artist": null, "bookmarked": false, "comments": [], "date_published": "2024-06-19T08:59:49+00:00", "description": "Google is reported to be developing the ability to invoke Circle to Search when using split-screen mode", "id": 737908, "language": "en", "link": "https://www.gadgets360.com/apps/news/pixel-tablet-circle-to-search-android-15-beta-3-update-report-google-5922345", "manual_status_code": 0, "page_rating": 32, "page_rating_contents": 100, "page_rating_visits": 0, "page_rating_votes": 0, "permanent": false, "source": "https://feeds.feedburner.com/gadgets360-latest", "source_obj__id": 124, "status_code": 0, "tags": [], "thumbnail": "https://i.gadgets360cdn.com/large/pixel_tablet_google_blog_1707380621333.jpg", "title": "Google Pixel Tablet Gains Circle to Search Access via Action Key on Android 15 Beta 3: Report", "user": null, "vote": 0}, {"age": null, "album": "", "artist": null, "bookmarked": false, "comments": [], "date_published": "2024-06-19T07:21:26+00:00", "description": "Samsung Galaxy Z Fold 5 (pictured) was launched in July last year", "id": 737614, "language": "en", "link": "https://www.gadgets360.com/mobiles/news/samsung-z-fold-6-slim-launch-timeline-leak-w25-specifications-expected-galaxy-5921877", "manual_status_code": 0, "page_rating": 32, "page_rating_contents": 100, "page_rating_visits": 0, "page_rating_votes": 0, "permanent": false, "source": "https://feeds.feedburner.com/gadgets360-latest", "source_obj__id": 124, "status_code": 0, "tags": [], "thumbnail": "https://i.gadgets360cdn.com/large/samsung_galaxy_z_fold_5_review_case_gadgets360_1695902188517.jpg", "title": "Samsung Galaxy Z Fold 6 Slim Tipped to Launch in October, Could Be Rebranded in China", "user": null, "vote": 0}, {"age": null, "album": "", "artist": null, "bookmarked": false, "comments": [], "date_published": "2024-06-19T07:10:37+00:00", "description": "HMD Skyline leaked render seen in a yellow colourway", "id": 737394, "language": "en", "link": "https://www.gadgets360.com/mobiles/news/hmd-skyline-geekbench-listing-soc-expected-features-price-leak-5921713", "manual_status_code": 0, "page_rating": 32, "page_rating_contents": 100, "page_rating_visits": 0, "page_rating_votes": 0, "permanent": false, "source": "https://feeds.feedburner.com/gadgets360-latest", "source_obj__id": 124, "status_code": 0, "tags": [], "thumbnail": "https://i.gadgets360cdn.com/large/hmd_skyline_x_Smashx_1718776739886.jpg", "title": "HMD Skyline Spotted on Geekbench, Might Feature Snapdragon 7s Gen 2 Chipset", "user": null, "vote": 0}, {"age": null, "album": "", "artist": null, "bookmarked": false, "comments": [], "date_published": "2024-06-19T07:09:23+00:00", "description": "The crypto market cap, currently stands at $2.38 trillion as of June 19", "id": 737395, "language": "en", "link": "https://www.gadgets360.com/cryptocurrency/news/bitcoin-ether-price-today-profits-trading-india-5921997", "manual_status_code": 0, "page_rating": 32, "page_rating_contents": 100, "page_rating_visits": 0, "page_rating_votes": 0, "permanent": false, "source": "https://feeds.feedburner.com/gadgets360-latest", "source_obj__id": 124, "status_code": 0, "tags": [], "thumbnail": "https://i.gadgets360cdn.com/large/large_6_1707193008204.jpg", "title": "Crypto Price India: Bitcoin Climbs to $65,000, Most Cryptocurrencies Log Small but Notable Profits", "user": null, "vote": 0}, {"age": null, "album": "", "artist": null, "bookmarked": false, "comments": [], "date_published": "2024-06-19T06:58:35+00:00", "description": "A mention of the new app was reportedly spotted in a binary related to the Tensor chip's TPU", "id": 737396, "language": "en", "link": "https://www.gadgets360.com/ai/news/pixel-9-creative-assistant-app-google-generative-ai-stickers-report-5921723", "manual_status_code": 0, "page_rating": 32, "page_rating_contents": 100, "page_rating_visits": 0, "page_rating_votes": 0, "permanent": false, "source": "https://feeds.feedburner.com/gadgets360-latest", "source_obj__id": 124, "status_code": 0, "tags": [], "thumbnail": "https://i.gadgets360cdn.com/large/google_pixel_8a_main_big_gadgets_360_1715601719940.jpg", "title": "Google Pixel 9 to Feature Creative Assistant App for Custom AI Sticker, Emoji Generation: Report", "user": null, "vote": 0}, {"age": null, "album": "", "artist": null, "bookmarked": false, "comments": [], "date_published": "2024-06-19T06:54:17+00:00", "description": "OnePlus teased the Nord CE 4 Lite in a new Mega Blue colourway on social media", "id": 737397, "language": "en", "link": "https://www.gadgets360.com/mobiles/news/oneplus-nord-ce-4-lite-5g-launch-date-in-india-june-24-specifications-5921447", "manual_status_code": 0, "page_rating": 32, "page_rating_contents": 100, "page_rating_visits": 0, "page_rating_votes": 0, "permanent": false, "source": "https://feeds.feedburner.com/gadgets360-latest", "source_obj__id": 124, "status_code": 0, "tags": [], "thumbnail": "https://i.gadgets360cdn.com/large/oneplus_nord_ce_4_lite_1718774908853.jpg", "title": "OnePlus Nord CE 4 Lite 5G India Launch Set for June 24; Colour Option, Specifications Revealed", "user": null, "vote": 0}, {"age": null, "album": "", "artist": null, "bookmarked": false, "comments": [], "date_published": "2024-06-19T06:49:11+00:00", "description": "The HP AI PCs come bundled with 25GB of free Dropbox storage for 12 months from the date of registration", "id": 737398, "language": "en", "link": "https://www.gadgets360.com/laptops/news/hp-elitebook-ultra-omnibook-x-ai-pcs-price-in-india-features-specifications-launch-5921058", "manual_status_code": 0, "page_rating": 32, "page_rating_contents": 100, "page_rating_visits": 0, "page_rating_votes": 0, "permanent": false, "source": "https://feeds.feedburner.com/gadgets360-latest", "source_obj__id": 124, "status_code": 0, "tags": [], "thumbnail": "https://i.gadgets360cdn.com/large/hp_ai_pc_1718770683608.jpg", "title": "HP EliteBook Ultra and OmniBook X AI PCs Now Available for Prebooking in India: Specifications, Price", "user": null, "vote": 0}, {"age": null, "album": "", "artist": null, "bookmarked": false, "comments": [], "date_published": "2024-06-19T06:42:21+00:00", "description": "Google is yet to announce when the successor to Android 14 (pictured) will be rolled out this year", "id": 737399, "language": "en", "link": "https://www.gadgets360.com/mobiles/news/android-15-beta-3-update-download-new-features-5921718", "manual_status_code": 0, "page_rating": 32, "page_rating_contents": 100, "page_rating_visits": 0, "page_rating_votes": 0, "permanent": false, "source": "https://feeds.feedburner.com/gadgets360-latest", "source_obj__id": 124, "status_code": 0, "tags": [], "thumbnail": "https://i.gadgets360cdn.com/large/pixel_8_pro_1710759682607.jpg", "title": "Android 15 Beta 3 With Improved Passkey Support Rolled Out By Google as Update Reaches Platform Stability", "user": null, "vote": 0}, {"age": null, "album": "", "artist": null, "bookmarked": false, "comments": [], "date_published": "2024-06-19T06:36:42+00:00", "description": "Samsung is expected to place the Galaxy Watch Ultra to compete directly with the Apple Watch Ultra", "id": 737400, "language": "en", "link": "https://www.gadgets360.com/wearables/news/samsung-watch-ultra-renders-design-specifications-galaxy-weibo-5921368", "manual_status_code": 0, "page_rating": 32, "page_rating_contents": 100, "page_rating_visits": 0, "page_rating_votes": 0, "permanent": false, "source": "https://feeds.feedburner.com/gadgets360-latest", "source_obj__id": 124, "status_code": 0, "tags": [], "thumbnail": "https://i.gadgets360cdn.com/large/samsung_galaxy_watch_ultra_weibo_1718774563448.jpg", "title": "Samsung Galaxy Watch Ultra Design Leaked in New Renders; Show Two Colourways, Round Dial", "user": null, "vote": 0}, {"age": null, "album": "", "artist": null, "bookmarked": false, "comments": [], "date_published": "2024-06-19T06:33:44+00:00", "description": "Oppo Reno 12 series phones are equipped with several generative AI features", "id": 737401, "language": "en", "link": "https://www.gadgets360.com/mobiles/news/oppo-reno-12-pro-series-price-global-launch-specifications-features-5921242", "manual_status_code": 0, "page_rating": 32, "page_rating_contents": 100, "page_rating_visits": 0, "page_rating_votes": 0, "permanent": false, "source": "https://feeds.feedburner.com/gadgets360-latest", "source_obj__id": 124, "status_code": 0, "tags": [], "thumbnail": "https://i.gadgets360cdn.com/large/oppo_reno_12_series_oppo_1_1718770489038.jpg", "title": "Oppo Reno 12, Reno 12 Pro\u00a0With MediaTek Dimensity 7300-Energy SoCs Launched Globally: Price, Specifications", "user": null, "vote": 0}, {"age": null, "album": "", "artist": null, "bookmarked": false, "comments": [], "date_published": "2024-06-19T04:06:43+00:00", "description": "Samsung Galaxy Buds 3 may sport an AirPods Pro-like design this year, leaks suggest", "id": 736818, "language": "en", "link": "https://www.gadgets360.com/audio/news/galaxy-buds-3-design-retail-box-leak-airpods-pro-report-samsung-5920784", "manual_status_code": 0, "page_rating": 32, "page_rating_contents": 100, "page_rating_visits": 0, "page_rating_votes": 0, "permanent": false, "source": "https://feeds.feedburner.com/gadgets360-latest", "source_obj__id": 124, "status_code": 0, "tags": [], "thumbnail": "https://i.gadgets360cdn.com/large/tws_earbuds_unsplash_1718766732436.jpg", "title": "Samsung Galaxy Buds 3 Retail Box Leak Suggests an AirPods Pro-Like Design", "user": null, "vote": 0}]