[{"age": null, "album": "", "artist": null, "bookmarked": false, "comments": [], "date_published": "2024-06-19T12:03:27+00:00", "description": "MAIN RULE: Please do NOT attack or insult other members of the chat with superchats.\n\nGet Dr. Alpha: 2nd Chance Campaign: https://www.indiegogo.com/projects/dr-alpha-miracle-child-2nd-chance/x/22169562#/\n\nDr. Alpha: Miracle Child on Amazon: https://www.amazon.com/dp/B0B7F95YF3\n\nRumble: https://rumble.com/c/c-2621304\n\nMUSIC:\nThere You Are (POGO): https://www.youtube.com/watch?v=5tOAZkrkuVA\nSurrender (First to Eleven): https://www.youtube.com/watch?v=nUk6ARY7dSg\nWalk Like An Egyptian (Bangles): https://www.youtube.com/watch?v=tMnGmoLS6zo\nSaturday Night's Alright for Fighting (Elton John): https://www.youtube.com/watch?v=26wEWSUUsUc\nSmells Like Teen Spirit Major Key (Nirvana/Sleep Good): https://www.youtube.com/watch?v=dVehv_LDWaE\nSurface Pressure JoJo Remix (Thai McGrath): https://www.youtube.com/watch?v=MVOrUkLOEOI\nSegata Sanshiro: https://www.youtube.com/watch?v=POkU70cjYI8\nOut to Lunch: https://www.youtube.com/watch?v=Vn1pf0Xi3nU\nWalking Around in Circles: https://www.youtube.com/wat", "id": 738536, "language": null, "link": "https://www.youtube.com/watch?v=Mp3ZamdJ7uE", "manual_status_code": 0, "page_rating": 32, "page_rating_contents": 100, "page_rating_visits": 0, "page_rating_votes": 0, "permanent": false, "source": "https://www.youtube.com/feeds/videos.xml?channel_id=UCz1fTbwui7o5aDZ6W1dOLTQ", "source_obj__id": 198, "status_code": 0, "tags": [], "thumbnail": "https://i2.ytimg.com/vi/Mp3ZamdJ7uE/hqdefault.jpg", "title": "Morning Nonsense: White Pill Wednesday (George Lucas Has Had Enough?!)", "user": null, "vote": 0}]