[{"age": null, "album": "", "artist": null, "bookmarked": false, "comments": [], "date_published": "2024-06-19T18:31:55+00:00", "description": "Sky: Children of the Light is a free-to-play MMO RPG developed by thatgamecompany. Players will soon be able to access the two-week Days of Color 2024 event that sets out to celebrate the game\u2019s diverse community and making the world a more inclusive place for all. Sky kids will spread love and hope as they band together above the clouds to complete a rainbow puzzle that grows larger each day. The Days of Color 2024 for Sky: Children of the Light runs from June 24 through July 7 for PlayStation 4 (PS4), PlayStation 5 (PS5), Nintendo Switch, iOS, Android, and PC (Steam).\n\n#SkyChildrenOfTheLight #DaysOfColor2024 #IGN", "id": 741079, "language": null, "link": "https://www.youtube.com/watch?v=itLAokwrzOk", "manual_status_code": 0, "page_rating": 32, "page_rating_contents": 100, "page_rating_visits": 0, "page_rating_votes": 0, "permanent": false, "source": "https://www.youtube.com/feeds/videos.xml?channel_id=UCKy1dAqELo0zrOtPkf0eTMw", "source_obj__id": 149, "status_code": 0, "tags": [], "thumbnail": "https://i2.ytimg.com/vi/itLAokwrzOk/hqdefault.jpg", "title": "Sky: Children of the Light - Official Days of Color 2024 Trailer", "user": null, "vote": 0}, {"age": null, "album": "", "artist": null, "bookmarked": false, "comments": [], "date_published": "2024-06-19T17:15:01+00:00", "description": "After over two years since the release of Elden Ring, Shadow of the Erdtree is finally here, but if you\u2019re like many, you may not be ready for what\u2019s coming in the Land of Shadow. But fret not Tarnished, because, over the next hour, we\u2019re going over some of our best builds, pro tips from a speed runner, and everything you need to know and do to best prep yourself for Elden Ring: Shadow of the Erdtree.\n\n00:00 - Intro\n00:27 - Shadow of the Erdtree Everything You NEED to Do Before Elden Ring's DLC\n11:35 - How to Reach Shadow of the Erdtree FAST!\n25:43 - The Best Spirit Ash Summon You NEED to Get Before Erdtree\n30:59 - Elden Ring Speedrunner Shows You How to MELT Mohg and Radahn (Before Erdtree DLC)\n39:48 - 7 Essential Gear Sets to Build BEFORE Erdtree\n53:31 - Everything You Need to Know About a Greatsword Build in Elden Ring\n01:04:33 - This Elden Ring Faith Build is SUPER POWERFUL!", "id": 740675, "language": null, "link": "https://www.youtube.com/watch?v=O4urf2TPlDY", "manual_status_code": 0, "page_rating": 32, "page_rating_contents": 100, "page_rating_visits": 0, "page_rating_votes": 0, "permanent": false, "source": "https://www.youtube.com/feeds/videos.xml?channel_id=UCKy1dAqELo0zrOtPkf0eTMw", "source_obj__id": 149, "status_code": 0, "tags": [], "thumbnail": "https://i4.ytimg.com/vi/O4urf2TPlDY/hqdefault.jpg", "title": "Elden Ring: Everything You Need to Prepare For Shadow of the Erdtree", "user": null, "vote": 0}, {"age": null, "album": "", "artist": null, "bookmarked": false, "comments": [], "date_published": "2024-06-19T13:00:33+00:00", "description": "Even in my all-too-brief hands-on demo, it was clear that Tales of the Shire is shaping up to be exactly what I was hoping it would be: a zero-stakes, relaxing time spent in the Shire. Previewed by Ryan McCaffrey\n\n#IGN #Gaming", "id": 739387, "language": null, "link": "https://www.youtube.com/watch?v=Shyc9EyPdCg", "manual_status_code": 0, "page_rating": 32, "page_rating_contents": 100, "page_rating_visits": 0, "page_rating_votes": 0, "permanent": false, "source": "https://www.youtube.com/feeds/videos.xml?channel_id=UCKy1dAqELo0zrOtPkf0eTMw", "source_obj__id": 149, "status_code": 0, "tags": [], "thumbnail": "https://i4.ytimg.com/vi/Shyc9EyPdCg/hqdefault.jpg", "title": "Tales of the Shire Preview: Living a Hobbit\u2019s Life in Peace", "user": null, "vote": 0}, {"age": null, "album": "", "artist": null, "bookmarked": false, "comments": [], "date_published": "2024-06-19T13:00:31+00:00", "description": "Check out Flippy Fest, the first-ever livestream event for EverQuest. The event celebrates the past 28 years of development and looks forward to the current devs behind EverQuest and EverQuest ll. Make sure to watch the video to find out what to expect for Year of Darkpaw: An EverQuest Celebration. \n\n#IGN #Gaming", "id": 739388, "language": null, "link": "https://www.youtube.com/watch?v=NPt9mGqURQk", "manual_status_code": 0, "page_rating": 32, "page_rating_contents": 100, "page_rating_visits": 0, "page_rating_votes": 0, "permanent": false, "source": "https://www.youtube.com/feeds/videos.xml?channel_id=UCKy1dAqELo0zrOtPkf0eTMw", "source_obj__id": 149, "status_code": 0, "tags": [], "thumbnail": "https://i3.ytimg.com/vi/NPt9mGqURQk/hqdefault.jpg", "title": "Flippy Fest 2024: An EverQuest Celebration", "user": null, "vote": 0}, {"age": null, "album": "", "artist": null, "bookmarked": false, "comments": [], "date_published": "2024-06-19T09:52:32+00:00", "description": "Check out the Mario & Luigi: Brothership trailer. Get a look at some Mario & Luigi: Brothership gameplay, enemies, and more as the duo embark on a new seafaring adventure. Mario & Luigi Brothership is coming to Nintendo Switch on November 7, 2024.\n\n#Mario #Nintendo #Gaming", "id": 738405, "language": null, "link": "https://www.youtube.com/watch?v=5BTHdsLYGPM", "manual_status_code": 0, "page_rating": 32, "page_rating_contents": 100, "page_rating_visits": 0, "page_rating_votes": 0, "permanent": false, "source": "https://www.youtube.com/feeds/videos.xml?channel_id=UCKy1dAqELo0zrOtPkf0eTMw", "source_obj__id": 149, "status_code": 0, "tags": [], "thumbnail": "https://i2.ytimg.com/vi/5BTHdsLYGPM/hqdefault.jpg", "title": "Mario & Luigi: Brothership - Official Announcement Trailer | Nintendo Direct 2024", "user": null, "vote": 0}, {"age": null, "album": "", "artist": null, "bookmarked": false, "comments": [], "date_published": "2024-06-19T01:32:54+00:00", "description": "Nintendo came out swinging with the presumably last Nintendo Direct that belongs solely to the Nintendo Switch. With a brand new Zelda game where you finally play as the titular character in The Legend of Zelda: Echoes of Wisdom and, after seven years, a first-look at Metroid Prime 4 gameplay, which very much looks like a Switch 2 release. Here's everything that was announced in the June 2024 Nintendo Direct.\n\n#IGN #Gaming #nintendo", "id": 736511, "language": null, "link": "https://www.youtube.com/watch?v=GblXfFCZkFE", "manual_status_code": 0, "page_rating": 32, "page_rating_contents": 100, "page_rating_visits": 0, "page_rating_votes": 0, "permanent": false, "source": "https://www.youtube.com/feeds/videos.xml?channel_id=UCKy1dAqELo0zrOtPkf0eTMw", "source_obj__id": 149, "status_code": 0, "tags": [], "thumbnail": "https://i4.ytimg.com/vi/GblXfFCZkFE/hqdefault.jpg", "title": "Everything Announced in the Nintendo Direct (June 2024)", "user": null, "vote": 0}, {"age": null, "album": "", "artist": null, "bookmarked": false, "comments": [], "date_published": "2024-06-19T00:47:25+00:00", "description": "", "id": 736258, "language": null, "link": "https://www.youtube.com/watch?v=BVRs9pj9d5c", "manual_status_code": 0, "page_rating": 32, "page_rating_contents": 100, "page_rating_visits": 0, "page_rating_votes": 0, "permanent": false, "source": "https://www.youtube.com/feeds/videos.xml?channel_id=UCKy1dAqELo0zrOtPkf0eTMw", "source_obj__id": 149, "status_code": 0, "tags": [], "thumbnail": "https://i3.ytimg.com/vi/BVRs9pj9d5c/hqdefault.jpg", "title": "Here\u2019s what to expect from PlayStation this summer. Presented by The United States @marinecorps", "user": null, "vote": 0}, {"age": null, "album": "", "artist": null, "bookmarked": false, "comments": [], "date_published": "2024-06-19T00:46:34+00:00", "description": "", "id": 736259, "language": null, "link": "https://www.youtube.com/watch?v=fX6eMmfqyko", "manual_status_code": 0, "page_rating": 32, "page_rating_contents": 100, "page_rating_visits": 0, "page_rating_votes": 0, "permanent": false, "source": "https://www.youtube.com/feeds/videos.xml?channel_id=UCKy1dAqELo0zrOtPkf0eTMw", "source_obj__id": 149, "status_code": 0, "tags": [], "thumbnail": "https://i3.ytimg.com/vi/fX6eMmfqyko/hqdefault.jpg", "title": "Here\u2019s what we\u2019re anticipating from Xbox this summer. Presented by The United States @marinecorps", "user": null, "vote": 0}, {"age": null, "album": "", "artist": null, "bookmarked": false, "comments": [], "date_published": "2024-06-19T00:07:58+00:00", "description": "", "id": 736260, "language": null, "link": "https://www.youtube.com/watch?v=u9C0lCjGBXo", "manual_status_code": 0, "page_rating": 32, "page_rating_contents": 100, "page_rating_visits": 0, "page_rating_votes": 0, "permanent": false, "source": "https://www.youtube.com/feeds/videos.xml?channel_id=UCKy1dAqELo0zrOtPkf0eTMw", "source_obj__id": 149, "status_code": 0, "tags": [], "thumbnail": "https://i2.ytimg.com/vi/u9C0lCjGBXo/hqdefault.jpg", "title": "Is Metroid Prime 4 the first Switch 2 game? Presented by @xfinity", "user": null, "vote": 0}, {"age": null, "album": "", "artist": null, "bookmarked": false, "comments": [], "date_published": "2024-06-19T00:02:59+00:00", "description": "Your demise awaits! Watch the latest Street Fighter 6 trailer for a deep dive into M. Bison's moves, special abilities, and more ahead of the character's arrival in the fighting game on June 26, 2024. The trailer showcases moves like psycho crusher attack, double knee press, and much more.\n\n#IGN #Gaming #StreetFighter6", "id": 736261, "language": null, "link": "https://www.youtube.com/watch?v=oYSyqdXBs2Q", "manual_status_code": 0, "page_rating": 32, "page_rating_contents": 100, "page_rating_visits": 0, "page_rating_votes": 0, "permanent": false, "source": "https://www.youtube.com/feeds/videos.xml?channel_id=UCKy1dAqELo0zrOtPkf0eTMw", "source_obj__id": 149, "status_code": 0, "tags": [], "thumbnail": "https://i4.ytimg.com/vi/oYSyqdXBs2Q/hqdefault.jpg", "title": "Street Fighter 6 - Official Character Guide: M. Bison Trailer", "user": null, "vote": 0}, {"age": null, "album": "", "artist": null, "bookmarked": false, "comments": [], "date_published": "2024-06-19T00:00:01+00:00", "description": "Check out the trailer for The Beast Within, an upcoming movie starring Kit Harington, Ashleigh Cummings, James Cosmo, and Caoilinn Springall.\n\nAfter a series of strange events leads her to question her family\u2019s isolated life on a fortified compound deep in the English wilds, 10-year-old Willow follows her parents on one of their secret late-night treks to the heart of the ancient forest. But upon witnessing her father undergo a terrible transformation, she too becomes ensnared by the dark ancestral secret they\u2019ve tried so desperately to conceal.\n\nThe Beast Within is produced by Merlin Merton, Martin Owen, Ryan Hamilton, Karl Hall, Sebastian Street, Alex Chang, Jack Christian, Evan Ross, Jordan Wagner, and Ying Ye. It is written by Greer Taylor Ellison and Alexander J. Farrell.\n\nThe Beast Within, directed by Alexander J. Farrell, opens in theaters nationwide on July 26, 2024.\n\n#IGN #Movies", "id": 736262, "language": null, "link": "https://www.youtube.com/watch?v=aabVx84XZ9A", "manual_status_code": 0, "page_rating": 32, "page_rating_contents": 100, "page_rating_visits": 0, "page_rating_votes": 0, "permanent": false, "source": "https://www.youtube.com/feeds/videos.xml?channel_id=UCKy1dAqELo0zrOtPkf0eTMw", "source_obj__id": 149, "status_code": 0, "tags": [], "thumbnail": "https://i2.ytimg.com/vi/aabVx84XZ9A/hqdefault.jpg", "title": "The Beast Within - Official Trailer (2024) Kit Harington, Ashleigh Cummings", "user": null, "vote": 0}]