[{"manual_status_code": 0, "date_published": "2024-03-26T22:35:54+00:00", "album": "", "page_rating_contents": 94, "comments": [], "source": "https://www.techdirt.com/feed", "language": "en-US", "page_rating": 94, "user": null, "source_obj__id": 325, "page_rating_votes": 0, "status_code": 0, "link": "https://www.techdirt.com/2024/03/26/gov-ron-desantis-signs-age-verification-into-law-because-florida-is-supposedly-free", "thumbnail": null, "page_rating_visits": 0, "tags": [], "bookmarked": false, "title": "Gov. Ron DeSantis Signs Age Verification Into Law Because Florida Is Supposedly \u2018Free\u2019", "age": null, "permanent": false, "description": "Florida Gov. Ron DeSantis, who failed miserably in his run for president, signed a very controversial bill into law that requires age verification for porn websites and bans social media for minors under the age of 14. The act, House Bill (HB) 3, is one of the most restrictive laws of its kind to be [&#8230;]", "vote": 0, "artist": null}, {"manual_status_code": 0, "date_published": "2024-03-26T20:33:00+00:00", "album": "", "page_rating_contents": 94, "comments": [], "source": "https://www.techdirt.com/feed", "language": "en-US", "page_rating": 94, "user": null, "source_obj__id": 325, "page_rating_votes": 0, "status_code": 0, "link": "https://www.techdirt.com/2024/03/26/techdirt-podcast-episode-384-cognitive-liberty-is-the-end-goal-of-decentralization", "thumbnail": null, "page_rating_visits": 0, "tags": [], "bookmarked": false, "title": "Techdirt Podcast Episode 384: Cognitive Liberty Is The End Goal Of Decentralization", "age": null, "permanent": false, "description": "Last year in September, we released a cross-post episode of Mike&#8217;s appearance on the DWeb Decoded podcast with Danny O&#8217;Brien. If you listened to that episode, you know that Mike and Danny go way back, and Danny played an important role in the founding of Techdirt. This week, we&#8217;ve got the inverse counterpart to that [&#8230;]", "vote": 0, "artist": null}, {"manual_status_code": 0, "date_published": "2024-03-26T19:11:09+00:00", "album": "", "page_rating_contents": 94, "comments": [], "source": "https://www.techdirt.com/feed", "language": "en-US", "page_rating": 94, "user": null, "source_obj__id": 325, "page_rating_votes": 0, "status_code": 0, "link": "https://www.techdirt.com/2024/03/26/if-youre-worried-about-how-elections-might-play-out-this-year-we-can-help-you-prepare-with-threatcast-2024", "thumbnail": null, "page_rating_visits": 0, "tags": [], "bookmarked": false, "title": "If You\u2019re Worried About How Elections Might Play Out This Year, We Can Help You Prepare With Threatcast 2024", "age": null, "permanent": false, "description": "There are a lot of elections worldwide, and these events invariably raise significant concerns regarding potential manipulation, particularly in light of emerging technologies such as generative AI. To help address these concerns, we are reintroducing our innovative &#8220;election threatcasting\u201d game, Threatcast 2024, which has been designed to help users anticipate and counteract such threats. In [&#8230;]", "vote": 0, "artist": null}, {"manual_status_code": 0, "date_published": "2024-03-26T17:53:09+00:00", "album": "", "page_rating_contents": 94, "comments": [], "source": "https://www.techdirt.com/feed", "language": "en-US", "page_rating": 94, "user": null, "source_obj__id": 325, "page_rating_votes": 0, "status_code": 0, "link": "https://www.techdirt.com/2024/03/26/feds-now-adding-dragnet-searches-of-youtube-users-to-their-investigative-arsenal", "thumbnail": null, "page_rating_visits": 0, "tags": [], "bookmarked": false, "title": "Feds Now Adding Dragnet Searches Of YouTube Users\u2019 Video Watching To Their Investigative Arsenal", "age": null, "permanent": false, "description": "All you need is Google. That&#8217;s how things have been going in the law enforcement world. If you don&#8217;t know who you&#8217;re looking for, just ask Google to do it for you. A variety of warrants that demand Google search its data stores for personal information (that might lead investigators to find potential suspects [who [&#8230;]", "vote": 0, "artist": null}, {"manual_status_code": 0, "date_published": "2024-03-26T17:49:21+00:00", "album": "", "page_rating_contents": 94, "comments": [], "source": "https://www.techdirt.com/feed", "language": "en-US", "page_rating": 94, "user": null, "source_obj__id": 325, "page_rating_votes": 0, "status_code": 0, "link": "https://www.techdirt.com/2024/03/26/daily-deal-rosetta-stone-5", "thumbnail": null, "page_rating_visits": 0, "tags": [], "bookmarked": false, "title": "Daily Deal: Rosetta Stone", "age": null, "permanent": false, "description": "Embark on the journey of language learning with the Rosetta Stone lifetime subscription for all languages. Rosetta Stone has been the go-to software for language learning for the past 27 years. With its immersive and intuitive training method, you might be reading, writing, and speaking a new language with confidence in no time. It&#8217;s on [&#8230;]", "vote": 0, "artist": null}, {"manual_status_code": 0, "date_published": "2024-03-26T16:23:14+00:00", "album": "", "page_rating_contents": 94, "comments": [], "source": "https://www.techdirt.com/feed", "language": "en-US", "page_rating": 94, "user": null, "source_obj__id": 325, "page_rating_votes": 0, "status_code": 0, "link": "https://www.techdirt.com/2024/03/26/elon-discovers-when-content-moderation-makes-sense-when-he-can-use-it-to-protect-racist-bigots-from-being-called-out", "thumbnail": null, "page_rating_visits": 0, "tags": [], "bookmarked": false, "title": "Elon Discovers When Content Moderation Makes Sense: When He Can Use It To Protect Racist Bigots From Being Called Out", "age": null, "permanent": false, "description": "Right after Elon took over Twitter, we published what we had hoped would be a useful \u201cspeed run\u201d through the content moderation learning curve that most platforms figure out along the way. We\u2019ve seen other \u201cfree speech!\u201d platforms learn these basic lessons, though not always quickly enough to survive. The basic idea is that no [&#8230;]", "vote": 0, "artist": null}, {"manual_status_code": 0, "date_published": "2024-03-26T12:30:53+00:00", "album": "", "page_rating_contents": 94, "comments": [], "source": "https://www.techdirt.com/feed", "language": "en-US", "page_rating": 94, "user": null, "source_obj__id": 325, "page_rating_votes": 0, "status_code": 0, "link": "https://www.techdirt.com/2024/03/26/senators-shocked-to-learn-tiktok-does-things-only-made-possible-by-their-corrupt-failure-to-pass-a-real-privacy-law", "thumbnail": null, "page_rating_visits": 0, "tags": [], "bookmarked": false, "title": "Senators \u2018Shocked\u2019 To Learn TikTok Does Things Only Made Possible By Their Corrupt Failure To Pass A Real Privacy Law", "age": null, "permanent": false, "description": "We&#8217;ve noted a few times now how the quest to ban TikTok is heavily peppered with bad faith actors who historically don&#8217;t care about consumer privacy or national security. We&#8217;ve also noted how it&#8217;s performative to hyperventilate about one single sometimes-dodgy app, but ignore the broader dysfunction and corruption (like our lack of a modern [&#8230;]", "vote": 0, "artist": null}, {"manual_status_code": 0, "date_published": "2024-03-26T02:58:36+00:00", "album": "", "page_rating_contents": 94, "comments": [], "source": "https://www.techdirt.com/feed", "language": "en-US", "page_rating": 94, "user": null, "source_obj__id": 325, "page_rating_votes": 0, "status_code": 0, "link": "https://www.techdirt.com/2024/03/25/10th-circuit-appeals-court-says-68-days-of-pole-camera-surveillance-doesnt-violate-4th-amendment", "thumbnail": null, "page_rating_visits": 0, "tags": [], "bookmarked": false, "title": "10th Circuit Appeals Court Says 68 Days Of Pole Camera Surveillance Doesn\u2019t Violate 4th Amendment", "age": null, "permanent": false, "description": "Well, that&#8217;s the way it goes. Courts have been extremely reluctant to disrupt the long-term surveillance plans of law enforcement. If investigators can mount a camera on public property and keep it focused on areas visible by members of the public, no harm, no foul. Not every court has reached this same conclusion. Notably, one [&#8230;]", "vote": 0, "artist": null}]