[{"manual_status_code": 0, "date_published": "2024-03-26T10:00:37+00:00", "album": "", "page_rating_contents": 94, "comments": [], "source": "https://www.youtube.com/feeds/videos.xml?channel_id=UCQ-W1KE9EYfdxhL6S4twUNw", "language": null, "page_rating": 94, "user": null, "source_obj__id": 419, "page_rating_votes": 0, "status_code": 0, "link": "https://www.youtube.com/watch?v=hVjvo_cXHrU", "thumbnail": "https://i1.ytimg.com/vi/hVjvo_cXHrU/hqdefault.jpg", "page_rating_visits": 0, "tags": [], "bookmarked": false, "title": "Worst Implicit Casting in C++", "age": null, "permanent": false, "description": "Live Stream \u25ba https://twitch.tv/thecherno\nPatreon \u25ba https://patreon.com/thecherno\nInstagram \u25ba https://instagram.com/thecherno\nTwitter \u25ba https://twitter.com/thecherno\nDiscord \u25ba https://discord.gg/thecherno\n\nHazel \u25ba https://hazelengine.com\n\ud83d\udd79\ufe0f Play our latest game FREE (made in Hazel!) \u25ba https://studiocherno.itch.io/dichotomy\n\n\ud83c\udf0f Need web hosting? \u25ba https://hostinger.com/cherno\n\n\ud83d\udcb0 Links to stuff I use:\n\u2328 Keyboard \u25ba https://geni.us/T2J7\n\ud83d\udc2d Mouse \u25ba https://geni.us/BuY7\n\ud83d\udcbb Monitors \u25ba https://geni.us/wZFSwSK\n\n#Hazel #GameEngine #Cpp #Shorts", "vote": 0, "artist": null}]