[{"age": null, "album": "", "artist": null, "bookmarked": false, "comments": [], "date_published": "2024-04-27T08:00:12+00:00", "description": "AI Slack bots are coming in a big way. Learn how to build one yourself in this series.\n\n\ud83d\udcbb Code https://github.com/codingforentrepreneurs/Django-AI-Slackbot\n\nReferences:\n\u2b50\ufe0f Upstash: https://upstash.com/\n\u2b50\ufe0f CloudFlare: https://www.cloudflare.com/\n\u2b50\ufe0f LlamaIndex: https://www.llamaindex.ai/\n\u2b50\ufe0f Django: https://www.djangoproject.com/\n\u2b50\ufe0f Celery: https://docs.celeryq.dev/en/stable/getting-started/introduction.html\n\u2b50\ufe0f Jupyter https://jupyter.org/\n\nNew to Django? Python? Watch these:\n\u29bf Try Django 3.2 (or similar):  https://www.youtube.com/playlist?list=PLEsfXFp6DpzRMby_cSoWTFw8zaMdTEXgL\n\u29bf 30 Days of Python (up to about day 15):  https://www.youtube.com/playlist?list=PLEsfXFp6DpzQjDBvhNy5YbaBx9j-ZsUe6\n\u29bf Some HTML / CSS Experience is ideal\n\n00:00:00 - Welcome\n00:02:03 - Demo\n00:04:41 - Requirements\n00:06:05 - Public URLs and HTTPs during Development\n00:08:28 - Setting up Cloudflare Tunnel\n00:15:58 - Django Project Hello Actual World\n00:23:33 - Create your Slack Bot\n00:25:54 - Slack Bot Event Subsc", "language": null, "link": "https://www.youtube.com/watch?v=Rol2SR11oZU", "manual_status_code": 0, "page_rating": 100, "page_rating_contents": 100, "page_rating_visits": 0, "page_rating_votes": 0, "permanent": false, "source": "https://www.youtube.com/feeds/videos.xml?channel_id=UCWEHue8kksIaktO8KTTN_zg", "source_obj__id": 74, "status_code": 0, "tags": [], "thumbnail": "https://i3.ytimg.com/vi/Rol2SR11oZU/hqdefault.jpg", "title": "Chat with PDFs on Slack with LLMs! Using Django, Celery, Upstash, LlamaIndex, OpenAI and more.", "user": null, "vote": 0}]