[{"age": null, "album": "", "artist": null, "bookmarked": false, "comments": [], "date_published": "2024-04-27T19:42:47+00:00", "description": "STOP! Doctor Who is already dead!\n#Disney #DoctorWho #Hollywood\n\nEdited by @QTRBlackGarrett \nIntro by @PierryChan \n\nPlease subscribe to the Nerdrotic Network @nerdrotic @NerdroticLive @NerdroticDaily \n\nBecome a Nerdrotic Channel Member\nwww.youtube.com/c/sutrowatchtower/join\n\nHall of the Mountain King by Kevin MacLeod is licensed under a Creative Commons Attribution 4.0 license. https://creativecommons.org/licenses/by/4.0/\n\nNerdrotic Merch Store!\nhttps://mixedtees.com/nerdrotic\n\nFNT T-Shirt!\nhttps://mixedtees.com/nerdrotic/friday-night-tights\n\nSponsored by MetaPCs!\nhttps://www.metapcs.com/creator-nerdrotic/\n\nSponsored by GEEK GRIND!\nNerdrotic Blend Coffee from Geek Grind\nUse Promo Code \"Nerdrotic\" for 20% off:\nhttps://geekgrindcoffee.com/collections/nerdrotic-coffee\n\nNerdrotic Coffee Cup from Geek Grind:\nhttps://geekgrindcoffee.com/products/nerdrotic-mug?", "language": null, "link": "https://www.youtube.com/watch?v=Cbna7QtGjM4", "manual_status_code": 0, "page_rating": 100, "page_rating_contents": 100, "page_rating_visits": 0, "page_rating_votes": 0, "permanent": false, "source": "https://www.youtube.com/feeds/videos.xml?channel_id=UC5T0tXJN5CrMZUEJuz4oovw", "source_obj__id": 235, "status_code": 0, "tags": [], "thumbnail": "https://i4.ytimg.com/vi/Cbna7QtGjM4/hqdefault.jpg", "title": "Disney's Doctor Who ATTACKS Fans - An Unmitigated DISASTER", "user": null, "vote": 0}]