[{"age": null, "album": "", "artist": null, "bookmarked": false, "comments": [], "date_published": "2024-04-27T16:05:38+00:00", "description": "<img src=\"https://i.wpimg.pl/308x/filerepo.grupawp.pl/api/v1/display/embed/26c4c36d-df29-487e-b375-9ecfcdad36c7\" width=\"308\" /> Wprowadzenie kasowego PIT-u przez rz\u0105d oznacza te\u017c kasow\u0105 sk\u0142adk\u0119 zdrowotn\u0105. Przedsi\u0119biorcy odprowadz\u0105 j\u0105, dopiero kiedy dostan\u0105 zap\u0142at\u0119 za faktur\u0119. Istnieje ryzyko, \u017ce zatory p\u0142atnicze z sektora M\u015aP przejd\u0105 na Narodowy Fundusz Zdrowia. Ministerstwo Zdrowia analizuje projekt.", "language": "pl-PL", "link": "https://www.money.pl/podatki/kasowy-pit-rozchwieje-finanse-panstwa-eksperci-istnieje-takie-ryzyko-7020389185178560a.html", "manual_status_code": 0, "page_rating": 100, "page_rating_contents": 100, "page_rating_visits": 0, "page_rating_votes": 0, "permanent": false, "source": "https://www.money.pl/rss/rss.xml", "source_obj__id": 215, "status_code": 0, "tags": [], "thumbnail": null, "title": "Kasowy PIT rozchwieje finanse pa\u0144stwa? Eksperci: istnieje takie ryzyko", "user": null, "vote": 0}, {"age": null, "album": "", "artist": null, "bookmarked": false, "comments": [], "date_published": "2024-04-27T12:00:46+00:00", "description": "<img src=\"https://i.wpimg.pl/308x/filerepo.grupawp.pl/api/v1/display/embed/698c02a9-787b-42af-a2fc-1e17db7e3321\" width=\"308\" /> Polski Zwi\u0105zek Pracodawc\u00f3w Ochrona alarmuje, \u017ce bez urealnienia warto\u015bci subsydi\u00f3w p\u0142acowych z PFRON firmy ochrony nie b\u0119d\u0105 w stanie utrzyma\u0107 poziomu zatrudnienia os\u00f3b z niepe\u0142nosprawno\u015bci\u0105. Bran\u017ca ta, dzi\u0119ki post\u0119powi technologii, jest szans\u0105 dla takich pracownik\u00f3w.", "language": "pl-PL", "link": "https://www.money.pl/pieniadze/bija-na-alarm-i-apeluja-do-rzadu-o-srodki-dla-tej-grupy-pracownikow-7021393923488672a.html", "manual_status_code": 0, "page_rating": 100, "page_rating_contents": 100, "page_rating_visits": 0, "page_rating_votes": 0, "permanent": false, "source": "https://www.money.pl/rss/rss.xml", "source_obj__id": 215, "status_code": 0, "tags": [], "thumbnail": null, "title": "Bij\u0105 na alarm i apeluj\u0105 do rz\u0105du o \u015brodki dla tej grupy pracownik\u00f3w", "user": null, "vote": 0}, {"age": null, "album": "", "artist": null, "bookmarked": false, "comments": [], "date_published": "2024-04-27T09:30:27+00:00", "description": "<img src=\"https://i.wpimg.pl/308x/filerepo.grupawp.pl/api/v1/display/embed/6fc1c1a9-e444-409c-8d8d-e6402830e613\" width=\"308\" /> Zatrzymany przez CBA proboszcz parafii \u015bw. Faustyny w Warszawie zosta\u0142 zawieszony w wykonywaniu obowi\u0105zk\u00f3w - poinformowano w o\u015bwiadczeniu opublikowanym na stronie Diecezji Warszawsko-Praskiej.", "language": "pl-PL", "link": "https://www.money.pl/podatki/cba-nakrylo-proboszcza-sa-powazne-zarzuty-kuria-podjela-decyzje-7021402372287424a.html", "manual_status_code": 0, "page_rating": 100, "page_rating_contents": 100, "page_rating_visits": 0, "page_rating_votes": 0, "permanent": false, "source": "https://www.money.pl/rss/rss.xml", "source_obj__id": 215, "status_code": 0, "tags": [], "thumbnail": null, "title": "CBA nakry\u0142o proboszcza. S\u0105 powa\u017cne zarzuty. Kuria podj\u0119\u0142a decyzj\u0119", "user": null, "vote": 0}, {"age": null, "album": "", "artist": null, "bookmarked": false, "comments": [], "date_published": "2024-04-27T09:30:27+00:00", "description": "<img src=\"https://i.wpimg.pl/308x/filerepo.grupawp.pl/api/v1/display/embed/6fc1c1a9-e444-409c-8d8d-e6402830e613\" width=\"308\" /> Zatrzymany przez CBA proboszcz parafii \u015bw. Faustyny w Warszawie zosta\u0142 zawieszony w wykonywaniu obowi\u0105zk\u00f3w - poinformowano w o\u015bwiadczeniu opublikowanym na stronie Diecezji Warszawsko-Praskiej.", "language": "pl-PL", "link": "https://www.money.pl/podatki/proboszcz-zatrzymany-przez-cba-kuria-podjela-decyzje-7021402372287424a.html", "manual_status_code": 0, "page_rating": 100, "page_rating_contents": 100, "page_rating_visits": 0, "page_rating_votes": 0, "permanent": false, "source": "https://www.money.pl/rss/rss.xml", "source_obj__id": 215, "status_code": 0, "tags": [], "thumbnail": null, "title": "Proboszcz zatrzymany przez CBA. Kuria podj\u0119\u0142a decyzj\u0119", "user": null, "vote": 0}, {"age": null, "album": "", "artist": null, "bookmarked": false, "comments": [], "date_published": "2024-04-27T05:50:37+00:00", "description": "<img src=\"https://i.wpimg.pl/308x/filerepo.grupawp.pl/api/v1/display/embed/193e0dec-32e0-4741-a7cf-e635e434451d\" width=\"308\" /> Podatnicy podatku PIT, z kt\u00f3rych zaznania za 2023 rok wynika niedop\u0142ata podatku, powinni go uregulowa\u0107 najp\u00f3\u017aniej 30 kwietnia 2024 r. Wp\u0142aty nale\u017cy dokona\u0107 na mikrorachunek podatkowy. Podatnik, kt\u00f3ry nie zna numeru - powinien pos\u0142u\u017cy\u0107 si\u0119 generatorem mikrorachunku.", "language": "pl-PL", "link": "https://www.money.pl/podatki/niedoplata-podatku-co-wtedy-jest-wazny-termin-7021201461124000a.html", "manual_status_code": 0, "page_rating": 100, "page_rating_contents": 100, "page_rating_visits": 0, "page_rating_votes": 0, "permanent": false, "source": "https://www.money.pl/rss/rss.xml", "source_obj__id": 215, "status_code": 0, "tags": [], "thumbnail": null, "title": "Niedop\u0142ata podatku. Co wtedy? Jest wa\u017cny termin", "user": null, "vote": 0}]