[{"age": null, "album": "", "artist": null, "bookmarked": false, "comments": [], "date_published": "2024-04-27T06:17:00+00:00", "description": "A new C++ SAX library to simplify parsing", "language": "en-us", "link": "https://www.codeproject.com/Articles/692153/SequelMax-Cplusplus-XML-SAX-Parser", "manual_status_code": 0, "page_rating": 100, "page_rating_contents": 100, "page_rating_visits": 0, "page_rating_votes": 0, "permanent": false, "source": "https://www.codeproject.com/WebServices/ArticleRSS.aspx?cat=1", "source_obj__id": 73, "status_code": 0, "tags": [], "thumbnail": null, "title": "SequelMax: C++ XML SAX Parser", "user": null, "vote": 0}, {"age": null, "album": "", "artist": null, "bookmarked": false, "comments": [], "date_published": "2024-04-27T06:09:00+00:00", "description": "Tutorial on a cross-platform C++ XML DOM library", "language": "en-us", "link": "https://www.codeproject.com/Articles/687720/Portable-Elmax-Cplusplus-XML-DOM-Parser", "manual_status_code": 0, "page_rating": 100, "page_rating_contents": 100, "page_rating_visits": 0, "page_rating_votes": 0, "permanent": false, "source": "https://www.codeproject.com/WebServices/ArticleRSS.aspx?cat=1", "source_obj__id": 73, "status_code": 0, "tags": [], "thumbnail": null, "title": "Portable Elmax: C++ XML DOM Parser", "user": null, "vote": 0}]