[{"age": null, "album": "", "artist": null, "bookmarked": false, "comments": [], "date_published": "2024-04-27T20:14:00+00:00", "description": "Bartosz Zmarzlik bez trzeciej z rz\u0119du wygranej w Grand Prix Chorwacji. W miejscowo\u015bci Donji Kraljevec na inauguracj\u0119 tegorocznego cyklu zwyci\u0119\u017cy\u0142 Australijczyk Jack Holder.", "language": "pl-PL", "link": "https://sport.rp.pl/zuzel/art40266271-przerwana-seria-bartosza-zmarzlika-grand-prix-chorwacji-dla-jacka-holdera", "manual_status_code": 0, "page_rating": 100, "page_rating_contents": 100, "page_rating_visits": 0, "page_rating_votes": 0, "permanent": false, "source": "https://www.rp.pl/rss_main", "source_obj__id": 412, "status_code": 0, "tags": [], "thumbnail": null, "title": "Przerwana seria Bartosza Zmarzlika. Grand Prix Chorwacji dla Jacka Holdera", "user": null, "vote": 0}, {"age": null, "album": "", "artist": null, "bookmarked": false, "comments": [], "date_published": "2024-04-27T19:45:42+00:00", "description": "Paris Saint-Germain pogodzi\u0142o si\u0119 z odej\u015bciem Kyliana Mbappe i pr\u00f3buje znale\u017a\u0107 nast\u0119pc\u0119. W\u015br\u00f3d kandydat\u00f3w jest Lamine Yamal, za kt\u00f3rego Francuzi chc\u0105 zap\u0142aci\u0107 200 mln euro.", "language": "pl-PL", "link": "https://sport.rp.pl/pilka-nozna/art40266191-nowy-kylian-mbappe-pilnie-poszukiwany-lamine-yamal-na-celowniku-paris-saint-germain", "manual_status_code": 0, "page_rating": 100, "page_rating_contents": 100, "page_rating_visits": 0, "page_rating_votes": 0, "permanent": false, "source": "https://www.rp.pl/rss_main", "source_obj__id": 412, "status_code": 0, "tags": [], "thumbnail": null, "title": "Nowy Kylian Mbappe pilnie poszukiwany. Lamine Yamal na celowniku Paris Saint-Germain", "user": null, "vote": 0}, {"age": null, "album": "", "artist": null, "bookmarked": false, "comments": [], "date_published": "2024-04-27T19:41:23+00:00", "description": "Blisko tysi\u0105c uczestnik\u00f3w rywalizuje w turniejach XI Festiwalu Szachowego. Katowice na trzy dni sta\u0142y si\u0119 dzi\u0119ki temu europejsk\u0105 stolic\u0105 kr\u00f3lewskiej gry.", "language": "pl-PL", "link": "https://sport.rp.pl/inne-sporty/art40266181-swieto-szachow-i-hitowe-transfery-w-katowicach", "manual_status_code": 0, "page_rating": 100, "page_rating_contents": 100, "page_rating_visits": 0, "page_rating_votes": 0, "permanent": false, "source": "https://www.rp.pl/rss_main", "source_obj__id": 412, "status_code": 0, "tags": [], "thumbnail": null, "title": "\u015awi\u0119to szach\u00f3w i hitowe transfery w Katowicach", "user": null, "vote": 0}, {"age": null, "album": "", "artist": null, "bookmarked": false, "comments": [], "date_published": "2024-04-27T18:53:44+00:00", "description": "W drugim meczu fina\u0142u Aluron CMC Warta Zawiercie pokona\u0142o 3:1 Jastrz\u0119bski W\u0119giel. O tytule mistrz\u00f3w Polski zadecyduje niedzielny mecz. Gospodarzem b\u0119dzie Jastrz\u0119bski W\u0119giel.", "language": "pl-PL", "link": "https://sport.rp.pl/siatkowka/art40266161-nerwy-przepychanki-klotnie-zawiercie-nie-rezygnuje-z-marzen", "manual_status_code": 0, "page_rating": 100, "page_rating_contents": 100, "page_rating_visits": 0, "page_rating_votes": 0, "permanent": false, "source": "https://www.rp.pl/rss_main", "source_obj__id": 412, "status_code": 0, "tags": [], "thumbnail": null, "title": "Nerwy, przepychanki, k\u0142\u00f3tnie: Zawiercie nie rezygnuje z marze\u0144", "user": null, "vote": 0}, {"age": null, "album": "", "artist": null, "bookmarked": false, "comments": [], "date_published": "2024-04-27T18:04:50+00:00", "description": "Ukrai\u0144ska 47. Oddzielna Brygada Zmechanizowana odrzuci\u0142a doniesienia Associated Press (AP), z kt\u00f3rych wynika\u0142o, \u017ce si\u0142y ukrai\u0144skie wycofa\u0142y z frontu dostarczone przez USA czo\u0142gi Abrams.", "language": "pl-PL", "link": "https://www.rp.pl/konflikty-zbrojne/art40266131-ukrainskie-wojsko-dementuje-doniesienia-mediow-o-czolgach-abrams", "manual_status_code": 0, "page_rating": 100, "page_rating_contents": 100, "page_rating_visits": 0, "page_rating_votes": 0, "permanent": false, "source": "https://www.rp.pl/rss_main", "source_obj__id": 412, "status_code": 0, "tags": [], "thumbnail": null, "title": "Ukrai\u0144skie wojsko dementuje doniesienia medi\u00f3w o czo\u0142gach Abrams", "user": null, "vote": 0}, {"age": null, "album": "", "artist": null, "bookmarked": false, "comments": [], "date_published": "2024-04-27T16:23:51+00:00", "description": "Peda\u0142 gazu w Tesli Cybertruck, kontrowersyjnie wygl\u0105daj\u0105cym elektrycznym pick-upie mo\u017ce ulec zablokowaniu, a dok\u0142adniej utkn\u0105\u0107 pod tapicerk\u0105. Departament Transportu USA postanowi\u0142 wezwa\u0107 do warsztatu wszystkie wyprodukowane do tej pory egzemplarze auta.", "language": "pl-PL", "link": "https://moto.rp.pl/tu-i-teraz/art40265921-problemy-z-tesla-cybertruck-wstrzymana-produkcja-przez-mydlo", "manual_status_code": 0, "page_rating": 100, "page_rating_contents": 100, "page_rating_visits": 0, "page_rating_votes": 0, "permanent": false, "source": "https://www.rp.pl/rss_main", "source_obj__id": 412, "status_code": 0, "tags": [], "thumbnail": null, "title": "Problemy z Tesl\u0105 Cybertruck. Wstrzymana produkcja przez... myd\u0142o", "user": null, "vote": 0}, {"age": null, "album": "", "artist": null, "bookmarked": false, "comments": [], "date_published": "2024-04-27T15:37:00+00:00", "description": "W najbli\u017csz\u0105 niedziel\u0119 Polacy b\u0119d\u0105 mogli uzupe\u0142ni\u0107 zapasy na majowe spotkania przy grillu. To dlatego, \u017ce zakaz handlu nie obowi\u0105zuje w ostatni\u0105 niedziel\u0119 przypadaj\u0105c\u0105 w styczniu, kwietniu, czerwcu i sierpniu, niedziel\u0119 bezpo\u015brednio poprzedzaj\u0105c\u0105 pierwszy dzie\u0144 Wielkanocy oraz w kolejne dwie niedziele poprzedzaj\u0105ce pierwszy dzie\u0144 Bo\u017cego Narodzenia.", "language": "pl-PL", "link": "https://www.rp.pl/handel/art40265961-w-niedziele-28-kwietnia-sklepy-otwarte-okazja-do-zaopatrzenia-sie-na-majowke", "manual_status_code": 0, "page_rating": 100, "page_rating_contents": 100, "page_rating_visits": 0, "page_rating_votes": 0, "permanent": false, "source": "https://www.rp.pl/rss_main", "source_obj__id": 412, "status_code": 0, "tags": [], "thumbnail": null, "title": "W niedziel\u0119, 28 kwietnia, sklepy otwarte. Okazja do zaopatrzenia si\u0119 na maj\u00f3wk\u0119", "user": null, "vote": 0}, {"age": null, "album": "", "artist": null, "bookmarked": false, "comments": [], "date_published": "2024-04-27T15:23:00+00:00", "description": "Przypominaj\u0105cy mant\u0119 i trudny do wykrycia Kronos jest w stanie wej\u015b\u0107 pod wod\u0105 w 180-stopniowy zakr\u0119t z pe\u0142n\u0105 pr\u0119dko\u015bci\u0105 i zaatakowa\u0107 wrogi okr\u0119t torpedami lub podczepi\u0107 miny.", "language": "pl-PL", "link": "https://cyfrowa.rp.pl/technologie/art40265951-ukraincy-stworzyli-niezwykly-okret-podwodny-w-technologii-stealth-rosja-ma-problem", "manual_status_code": 0, "page_rating": 100, "page_rating_contents": 100, "page_rating_visits": 0, "page_rating_votes": 0, "permanent": false, "source": "https://www.rp.pl/rss_main", "source_obj__id": 412, "status_code": 0, "tags": [], "thumbnail": null, "title": "Ukrai\u0144cy stworzyli niezwyk\u0142y okr\u0119t podwodny w technologii stealth. Rosja ma problem", "user": null, "vote": 0}, {"age": null, "album": "", "artist": null, "bookmarked": false, "comments": [], "date_published": "2024-04-27T14:47:24+00:00", "description": "Bugatti chce wkr\u00f3tce przedstawi\u0107 nast\u0119pc\u0119 modelu Chiron. Na pierwszych zdj\u0119ciach pokazano p\u00f3ki co wysokoobrotowy, wolnoss\u0105cy silnik V16. Teraz Mate Rimac, dyrektor generalny marki zdradza kilka nowych szczeg\u00f3\u0142\u00f3w.", "language": "pl-PL", "link": "https://moto.rp.pl/samochod-jutra/art40265691-nowy-model-bugatti-bedzie-napedzany-16-cylindrowa-hybryda-o-mocy-1800-km", "manual_status_code": 0, "page_rating": 100, "page_rating_contents": 100, "page_rating_visits": 0, "page_rating_votes": 0, "permanent": false, "source": "https://www.rp.pl/rss_main", "source_obj__id": 412, "status_code": 0, "tags": [], "thumbnail": null, "title": "Nowy model Bugatti b\u0119dzie nap\u0119dzany 16-cylindrow\u0105 hybryd\u0105 o mocy 1800 KM", "user": null, "vote": 0}, {"age": null, "album": "", "artist": null, "bookmarked": false, "comments": [], "date_published": "2024-04-27T14:42:33+00:00", "description": "Wojsko odnalaz\u0142o cia\u0142o nurka GROMu, kt\u00f3ry zagin\u0105\u0142 w \u015brod\u0119 podczas \u0107wicze\u0144 na Morzu Ba\u0142tyckim.", "language": "pl-PL", "link": "https://www.rp.pl/wojsko/art40265851-dramatyczny-koniec-poszukiwan-nurka-grom-na-baltyku-wojsko-odnalazlo-cialo", "manual_status_code": 0, "page_rating": 100, "page_rating_contents": 100, "page_rating_visits": 0, "page_rating_votes": 0, "permanent": false, "source": "https://www.rp.pl/rss_main", "source_obj__id": 412, "status_code": 0, "tags": [], "thumbnail": null, "title": "Dramatyczny koniec poszukiwa\u0144 nurka GROM na Ba\u0142tyku. Wojsko odnalaz\u0142o cia\u0142o", "user": null, "vote": 0}, {"age": null, "album": "", "artist": null, "bookmarked": false, "comments": [], "date_published": "2024-04-27T14:37:50+00:00", "description": "Derby Mankinka, czyli pierwszy czarnosk\u00f3ry pi\u0142karski mistrz Polski, 27 kwietnia 1993 roku zgin\u0105\u0142 w katastrofie lotniczej z reprezentacj\u0105 Zambii na pok\u0142adzie. Czy ta historia mog\u0142a si\u0119 potoczy\u0107 inaczej?", "language": "pl-PL", "link": "https://www.rp.pl/plus-minus/art40256601-derby-mankinka-tragiczne-losy-pilkarza-lecha-poznan-z-zambii-zginal-w-katastrofie", "manual_status_code": 0, "page_rating": 100, "page_rating_contents": 100, "page_rating_visits": 0, "page_rating_votes": 0, "permanent": false, "source": "https://www.rp.pl/rss_main", "source_obj__id": 412, "status_code": 0, "tags": [], "thumbnail": null, "title": "Derby Mankinka - tragiczne losy pi\u0142karza Lecha Pozna\u0144 z Zambii. Zgin\u0105\u0142 w katastrofie", "user": null, "vote": 0}, {"age": null, "album": "", "artist": null, "bookmarked": false, "comments": [], "date_published": "2024-04-27T14:08:54+00:00", "description": "To w\u0142a\u015bnie my, konserwaty\u015bci, wygramy w Europie \u2013 zapewniali uczestnicy konwencji Prawa i Sprawiedliwo\u015bci przed wyborami do Parlamentu Europejskiego.", "language": "pl-PL", "link": "https://www.rp.pl/polityka/art40265671-nie-chcemy-polexitu-tylko-reformy-unii-europejskiej-konwencja-wyborcza-pis", "manual_status_code": 0, "page_rating": 100, "page_rating_contents": 100, "page_rating_visits": 0, "page_rating_votes": 0, "permanent": false, "source": "https://www.rp.pl/rss_main", "source_obj__id": 412, "status_code": 0, "tags": [], "thumbnail": null, "title": "\u201eNie chcemy polexitu, tylko reformy Unii Europejskiej\u201d. Konwencja wyborcza PiS", "user": null, "vote": 0}, {"age": null, "album": "", "artist": null, "bookmarked": false, "comments": [], "date_published": "2024-04-27T13:22:46+00:00", "description": "Pi\u0119\u0107 premier w maju, w tym nagradzany \"1989\", spektakle z Krystyn\u0105 Jand\u0105 i Jerzym Radziwi\u0142owiczem, zapowiada nowa dyrekcja Teatru TV. W\u015br\u00f3d nich nie b\u0119dzie ani jednego spektaklu powsta\u0142ego specjalnie na potrzeby telewizyjnej sceny, co by\u0142o specjalno\u015bci\u0105 Teatru TV.", "language": "pl-PL", "link": "https://www.rp.pl/teatr/art40265401-krystyna-janda-na-woronicza-w-teatrze-tv", "manual_status_code": 0, "page_rating": 100, "page_rating_contents": 100, "page_rating_visits": 0, "page_rating_votes": 0, "permanent": false, "source": "https://www.rp.pl/rss_main", "source_obj__id": 412, "status_code": 0, "tags": [], "thumbnail": null, "title": "Krystyna Janda na Woronicza w Teatrze TV", "user": null, "vote": 0}, {"age": null, "album": "", "artist": null, "bookmarked": false, "comments": [], "date_published": "2024-04-27T12:38:00+00:00", "description": "Pierwsze expose ministra spraw zagranicznych Rados\u0142awa Sikorskiego spotka\u0142o si\u0119 z zainteresowaniem niemieckich medi\u00f3w. O wyst\u0105pieniu szefa polskiej dyplomacji w Sejmie pisze w sobot\u0119 \u201eBerliner Zeitung\u201d.", "language": "pl-PL", "link": "https://www.rp.pl/polityka/art40265641-berliner-zeitung-pis-zrobi-z-sikorskiego-rosyjskiego-agenta", "manual_status_code": 0, "page_rating": 100, "page_rating_contents": 100, "page_rating_visits": 0, "page_rating_votes": 0, "permanent": false, "source": "https://www.rp.pl/rss_main", "source_obj__id": 412, "status_code": 0, "tags": [], "thumbnail": null, "title": "Berliner Zeitung: PiS zrobi z Sikorskiego rosyjskiego agenta", "user": null, "vote": 0}, {"age": null, "album": "", "artist": null, "bookmarked": false, "comments": [], "date_published": "2024-04-27T12:29:00+00:00", "description": "Pierwsze cztery statki handlowe opu\u015bci\u0142y port w Baltimore, gdzie zawali\u0142 si\u0119 most, korzystaj\u0105c z nowego tymczasowego szlaku o szeroko\u015bci 300 m i g\u0142\u0119boko\u015bci 11 m.", "language": "pl-PL", "link": "https://www.rp.pl/transport/art40265621-tor-wodny-z-i-do-portu-w-baltimore-odblokowany", "manual_status_code": 0, "page_rating": 100, "page_rating_contents": 100, "page_rating_visits": 0, "page_rating_votes": 0, "permanent": false, "source": "https://www.rp.pl/rss_main", "source_obj__id": 412, "status_code": 0, "tags": [], "thumbnail": null, "title": "Tor wodny z i do portu w Baltimore odblokowany", "user": null, "vote": 0}, {"age": null, "album": "", "artist": null, "bookmarked": false, "comments": [], "date_published": "2024-04-27T12:13:31+00:00", "description": "\u201eUnia to te\u017c my\u201d \u2013 to nie tylko stwierdzenie faktu naszego cz\u0142onkostwa. To przypomnienie, \u017ce mamy prawo i obowi\u0105zek kszta\u0142towa\u0107 UE tak, aby odpowiada\u0142a naszym wsp\u00f3lnym interesom, ideom i aspiracjom. To zrozumienie, \u017ce jeste\u015bmy cz\u0142onkiem, kt\u00f3remu mityczna Bruksela nic nie nakazuje, ale \u017ce brali\u015bmy udzia\u0142 w procesie decyzyjnym, cho\u0107 jego efekty nie s\u0105 idealne.", "language": "pl-PL", "link": "https://www.rp.pl/opinie-polityczno-spoleczne/art40253591-piotr-arak-po-20-latach-w-ue-musimy-nauczyc-sie-budowac-koalicje", "manual_status_code": 0, "page_rating": 100, "page_rating_contents": 100, "page_rating_visits": 0, "page_rating_votes": 0, "permanent": false, "source": "https://www.rp.pl/rss_main", "source_obj__id": 412, "status_code": 0, "tags": [], "thumbnail": null, "title": "Piotr Arak: Po 20 latach w UE musimy nauczy\u0107 si\u0119 budowa\u0107 koalicje", "user": null, "vote": 0}, {"age": null, "album": "", "artist": null, "bookmarked": false, "comments": [], "date_published": "2024-04-27T11:56:31+00:00", "description": "Jak wynika z o\u015bwiadcze\u0144 maj\u0105tkowych cz\u0142onk\u00f3w rz\u0105du, w zesz\u0142ym roku utrzymywali si\u0119 oni g\u0142\u00f3wnie z uposa\u017ce\u0144 i diet poselskich, prac dorywczych na umow\u0119-zlecenie oraz wynajmu mieszka\u0144. W\u015br\u00f3d najlepiej zarabiaj\u0105cych w rz\u0105dzie znale\u017ali si\u0119 emeryci.", "language": "pl-PL", "link": "https://www.rp.pl/polityka/art40265581-rada-ministrow-na-smieciowkach-jak-zarabiali-czlonkowie-rzadu-w-zeszlym-roku", "manual_status_code": 0, "page_rating": 100, "page_rating_contents": 100, "page_rating_visits": 0, "page_rating_votes": 0, "permanent": false, "source": "https://www.rp.pl/rss_main", "source_obj__id": 412, "status_code": 0, "tags": [], "thumbnail": null, "title": "Rada ministr\u00f3w na \u015bmieci\u00f3wkach. Jak zarabiali cz\u0142onkowie rz\u0105du w zesz\u0142ym roku?", "user": null, "vote": 0}, {"age": null, "album": "", "artist": null, "bookmarked": false, "comments": [], "date_published": "2024-04-27T11:39:00+00:00", "description": "Bezrobocie w Niemczech najwy\u017csze od 2015 r. We Francji stabilizacja na poziomie 7,4 proc., ale ro\u015bnie w\u015br\u00f3d m\u0142odych, zmala\u0142o natomiast w\u015br\u00f3d senior\u00f3w. Firmy nie kwapi\u0105 si\u0119 z zatrudnianiem. Za to niemieccy konsumenci bardzo optymistycznie oceniaj\u0105 perspektywy swych dochod\u00f3w \u2014 wynika z ankiety instytut\u00f3w GfK i NIM dotycz\u0105cej nastroj\u00f3w w maju. A brytyjskich s\u0105 najlepsze od 2 lat.", "language": "pl-PL", "link": "https://www.rp.pl/gospodarka/art40265571-bezrobocie-w-niemczech-rosnie-we-francji-jest-juz-wysokie-ale-ma-zmalec", "manual_status_code": 0, "page_rating": 100, "page_rating_contents": 100, "page_rating_visits": 0, "page_rating_votes": 0, "permanent": false, "source": "https://www.rp.pl/rss_main", "source_obj__id": 412, "status_code": 0, "tags": [], "thumbnail": null, "title": "Bezrobocie w Niemczech ro\u015bnie, we Francji jest ju\u017c wysokie, ale ma zmale\u0107", "user": null, "vote": 0}, {"age": null, "album": "", "artist": null, "bookmarked": false, "comments": [], "date_published": "2024-04-27T10:56:10+00:00", "description": "Minister sprawiedliwo\u015bci Adam Bodnar zapowiedzia\u0142, i\u017c jego resort podejmie kroki w kierunku zniesienia przepis\u00f3w karnych dotycz\u0105cych znies\u0142awienia, czyli art. 212 kodeksu karnego.", "language": "pl-PL", "link": "https://www.rp.pl/prawo-karne/art40265531-slynny-artykul-o-znieslawieniu-ma-zniknac-z-kodeksu-karnego", "manual_status_code": 0, "page_rating": 100, "page_rating_contents": 100, "page_rating_visits": 0, "page_rating_votes": 0, "permanent": false, "source": "https://www.rp.pl/rss_main", "source_obj__id": 412, "status_code": 0, "tags": [], "thumbnail": null, "title": "S\u0142ynny artyku\u0142 o znies\u0142awieniu ma znikn\u0105\u0107 z kodeksu karnego", "user": null, "vote": 0}, {"age": null, "album": "", "artist": null, "bookmarked": false, "comments": [], "date_published": "2024-04-27T10:49:11+00:00", "description": "Trener Wis\u0142y Krak\u00f3w Albert Rude t\u0142umaczy, \u017ce jego pi\u0142karze s\u0105 zm\u0119czeni, cho\u0107 w dwa miesi\u0105ce rozegrali tylko trzyna\u015bcie mecz\u00f3w. Szanse na bezpo\u015bredni awans do Ekstraklasy Bia\u0142a Gwiazda ma ju\u017c tylko matematyczne.", "language": "pl-PL", "link": "https://sport.rp.pl/pilka-nozna/art40255531-wisla-krakow-i-rwacy-nurt-pierwszej-ligi-droga-do-ekstraklasy-daleka", "manual_status_code": 0, "page_rating": 100, "page_rating_contents": 100, "page_rating_visits": 0, "page_rating_votes": 0, "permanent": false, "source": "https://www.rp.pl/rss_main", "source_obj__id": 412, "status_code": 0, "tags": [], "thumbnail": null, "title": "Wis\u0142a Krak\u00f3w i rw\u0105cy nurt pierwszej ligi. Droga do Ekstraklasy daleka", "user": null, "vote": 0}, {"age": null, "album": "", "artist": null, "bookmarked": false, "comments": [], "date_published": "2024-04-27T10:42:37+00:00", "description": "Magnus Carlsen b\u0119dzie najwi\u0119ksz\u0105 gwiazd\u0105 turnieju Superbet Rapid & Blitz Poland, kt\u00f3ry w dniach 8-12 maja ugo\u015bci Centrum Konferencyjnym POLIN w Warszawie.", "language": "pl-PL", "link": "https://sport.rp.pl/inne-sporty/art40252331-magnus-carlsen-wraca-do-polski-bedzie-gwiazda-turnieju-w-warszawie", "manual_status_code": 0, "page_rating": 100, "page_rating_contents": 100, "page_rating_visits": 0, "page_rating_votes": 0, "permanent": false, "source": "https://www.rp.pl/rss_main", "source_obj__id": 412, "status_code": 0, "tags": [], "thumbnail": null, "title": "Magnus Carlsen wraca do Polski. B\u0119dzie gwiazd\u0105 turnieju w Warszawie", "user": null, "vote": 0}, {"age": null, "album": "", "artist": null, "bookmarked": false, "comments": [], "date_published": "2024-04-27T10:39:28+00:00", "description": "Chcemy wypracowa\u0107 wizerunek kraju zr\u00f3wnowa\u017conego, dbaj\u0105cego o swoje zasoby, kt\u00f3ry kojarzy si\u0119 z wysok\u0105 jako\u015bci\u0105. To wielkie zadanie dla chorwackiej turystyki - m\u00f3wi dyrektor Chorwackiej Wsp\u00f3lnoty Turystycznej Kristjan Stani\u010di\u0107.", "language": "pl-PL", "link": "https://turystyka.rp.pl/popularne-trendy/art40265431-chorwacja-przestawiamy-turystyke-na-zrownowazone-tory", "manual_status_code": 0, "page_rating": 100, "page_rating_contents": 100, "page_rating_visits": 0, "page_rating_votes": 0, "permanent": false, "source": "https://www.rp.pl/rss_main", "source_obj__id": 412, "status_code": 0, "tags": [], "thumbnail": null, "title": "Chorwacja: Przestawiamy turystyk\u0119 na zr\u00f3wnowa\u017cone tory", "user": null, "vote": 0}, {"age": null, "album": "", "artist": null, "bookmarked": false, "comments": [], "date_published": "2024-04-27T10:39:28+00:00", "description": "Chcemy wypracowa\u0107 wizerunek kraju zr\u00f3wnowa\u017conego, dbaj\u0105cego o swoje zasoby, kt\u00f3ry kojarzy si\u0119 z wysok\u0105 jako\u015bci\u0105. To wielkie zadanie dla chorwackiej turystyki - m\u00f3wi dyrektor Chorwackiej Wsp\u00f3lnoty Turystycznej Kristjan Stani\u010di\u0107.", "language": "pl-PL", "link": "https://turystyka.rp.pl/popularne-trendy/art40265431-chorwacja-przestawiamy-turystyke-na-zrownowazone-tory-celem-wysoka-jakosc", "manual_status_code": 0, "page_rating": 100, "page_rating_contents": 100, "page_rating_visits": 0, "page_rating_votes": 0, "permanent": false, "source": "https://www.rp.pl/rss_main", "source_obj__id": 412, "status_code": 0, "tags": [], "thumbnail": null, "title": "Chorwacja: Przestawiamy turystyk\u0119 na zr\u00f3wnowa\u017cone tory. Celem - wysoka jako\u015b\u0107", "user": null, "vote": 0}, {"age": null, "album": "", "artist": null, "bookmarked": false, "comments": [], "date_published": "2024-04-27T10:37:16+00:00", "description": "Iga \u015awi\u0105tek pokona\u0142a Soran\u0119 Cirste\u0119 6:1, 6:1 i awansowa\u0142a do 1/8 fina\u0142u turnieju w Madrycie. Sobotni mecz pokaza\u0142, \u017ce forma Polki ro\u015bnie. 22-latka z Raszyna zn\u00f3w mo\u017ce zosta\u0107 w tym roku kr\u00f3low\u0105 \"m\u0105czki\".", "language": "pl-PL", "link": "https://sport.rp.pl/tenis/art40255551-wta-madryt-iga-swiatek-zagrala-koncert-sprinterski-awans-do-1-8-finalu", "manual_status_code": 0, "page_rating": 100, "page_rating_contents": 100, "page_rating_visits": 0, "page_rating_votes": 0, "permanent": false, "source": "https://www.rp.pl/rss_main", "source_obj__id": 412, "status_code": 0, "tags": [], "thumbnail": null, "title": "WTA Madryt. Iga \u015awi\u0105tek zagra\u0142a koncert. Sprinterski awans do 1/8 fina\u0142u", "user": null, "vote": 0}, {"age": null, "album": "", "artist": null, "bookmarked": false, "comments": [], "date_published": "2024-04-27T10:36:11+00:00", "description": "Rejestracja samochod\u00f3w przez internet ma by\u0107 \u0142atwa i powszechnie dost\u0119pna, zar\u00f3wno dla os\u00f3b prywatnych, jak i dla firm leasingowych, salon\u00f3w czy importer\u00f3w. Niestety poczekamy na to jeszcze 2,5 roku.", "language": "pl-PL", "link": "https://moto.rp.pl/prawo/art40265451-koniec-wizyt-w-urzedzie-samochod-zarejestrujesz-przez-internet", "manual_status_code": 0, "page_rating": 100, "page_rating_contents": 100, "page_rating_visits": 0, "page_rating_votes": 0, "permanent": false, "source": "https://www.rp.pl/rss_main", "source_obj__id": 412, "status_code": 0, "tags": [], "thumbnail": null, "title": "Koniec wizyt w urz\u0119dzie. Samoch\u00f3d zarejestrujesz przez internet", "user": null, "vote": 0}, {"age": null, "album": "", "artist": null, "bookmarked": false, "comments": [], "date_published": "2024-04-27T10:23:41+00:00", "description": "Ju\u017c w tym roku na \u0142amach przewodnika kulinarnego Michelin \u2013 najbardziej znanej tego typu publikacji na \u015bwiecie \u2013 mog\u0105 si\u0119 znale\u017a\u0107 restauracje z Pomorza. To efekt porozumienia Polskiej Organizacji Turystycznej i w\u0142adz wojew\u00f3dztwa pomorskiego z wydawc\u0105 przewodnika.", "language": "pl-PL", "link": "https://sukces.rp.pl/kuchnia/art40253481-kolejna-polska-restauracja-z-gwiazdka-michelin-bedzie-na-pomorzu-decyzja-wladz", "manual_status_code": 0, "page_rating": 100, "page_rating_contents": 100, "page_rating_visits": 0, "page_rating_votes": 0, "permanent": false, "source": "https://www.rp.pl/rss_main", "source_obj__id": 412, "status_code": 0, "tags": [], "thumbnail": null, "title": "Kolejna polska restauracja\u00a0z gwiazdk\u0105\u00a0Michelin b\u0119dzie na Pomorzu? Decyzja w\u0142adz", "user": null, "vote": 0}, {"age": null, "album": "", "artist": null, "bookmarked": false, "comments": [], "date_published": "2024-04-27T10:03:37+00:00", "description": "Europa dla Ciebie \u2013 pod takim has\u0142em wystartuje do eurowybor\u00f3w Lewica. Jej dzia\u0142acze podczas konwencji programowej przekonywali, \u017ce warto na nich odda\u0107 g\u0142os.", "language": "pl-PL", "link": "https://www.rp.pl/polityka/art40265471-tylko-my-mozemy-zatrzymac-brunatne-sily-w-europie-konwencja-wyborcza-lewicy", "manual_status_code": 0, "page_rating": 100, "page_rating_contents": 100, "page_rating_visits": 0, "page_rating_votes": 0, "permanent": false, "source": "https://www.rp.pl/rss_main", "source_obj__id": 412, "status_code": 0, "tags": [], "thumbnail": null, "title": "\u201eTylko my mo\u017cemy zatrzyma\u0107 brunatne si\u0142y w Europie\u201d. Konwencja wyborcza Lewicy", "user": null, "vote": 0}, {"age": null, "album": "", "artist": null, "bookmarked": false, "comments": [], "date_published": "2024-04-27T10:02:00+00:00", "description": "Umowa na tranzyt rosyjskiego gazu przez Ukrain\u0119 wygasa za osiem miesi\u0119cy. Kreml nie ma ju\u017c z\u0142udze\u0144, \u017ce da si\u0119 j\u0105 przed\u0142u\u017cy\u0107. W sobot\u0119 nad ranem rosyjski agresor zaatakowa\u0142 magistrale gazowe i magazyny Ukrainy. Ataki by\u0142y nieskuteczne.", "language": "pl-PL", "link": "https://energia.rp.pl/gaz/art40265441-infrastruktura-gazowa-ukrainy-zaatakowana-to-takze-atak-na-unijny-gaz", "manual_status_code": 0, "page_rating": 100, "page_rating_contents": 100, "page_rating_visits": 0, "page_rating_votes": 0, "permanent": false, "source": "https://www.rp.pl/rss_main", "source_obj__id": 412, "status_code": 0, "tags": [], "thumbnail": null, "title": "Infrastruktura gazowa Ukrainy zaatakowana. To tak\u017ce atak na unijny gaz", "user": null, "vote": 0}, {"age": null, "album": "", "artist": null, "bookmarked": false, "comments": [], "date_published": "2024-04-27T09:17:27+00:00", "description": "Tu\u017c przed weekendow\u0105 konwencj\u0105 Lewicy Onet opublikowa\u0142 ranking zaufania do polityk\u00f3w, z kt\u00f3rego wynika\u0142o, \u017ce ok. 40 proc. Polak\u00f3w nie zna cz\u0142onk\u00f3w Lewicy zasiadaj\u0105cych w rz\u0105dzie - minister pracy Agnieszki Dziemianowicz-B\u0105k i wicepremiera Krzysztofa Gawkowskiego. To najlepszy dow\u00f3d na to, \u017ce Lewica ma dzi\u015b powa\u017cny problem.", "language": "pl-PL", "link": "https://www.rp.pl/publicystyka/art40265341-artur-bartkiewicz-wybory-do-parlamentu-europejskiego-dlaczego-tym-razem-lewicy-mialoby-sie-udac", "manual_status_code": 0, "page_rating": 100, "page_rating_contents": 100, "page_rating_visits": 0, "page_rating_votes": 0, "permanent": false, "source": "https://www.rp.pl/rss_main", "source_obj__id": 412, "status_code": 0, "tags": [], "thumbnail": null, "title": "Artur Bartkiewicz: Wybory do Parlamentu Europejskiego. Dlaczego tym razem Lewicy mia\u0142oby si\u0119 uda\u0107?", "user": null, "vote": 0}, {"age": null, "album": "", "artist": null, "bookmarked": false, "comments": [], "date_published": "2024-04-27T09:10:43+00:00", "description": "Pion \u015bledczy IPN przeprowadzi\u0142 ekshumacje szcz\u0105tk\u00f3w ofiar zbrodni niemieckich dokonanych w lutym 1940 roku. Pochowano ich w masowym grobie na le\u015bnej polanie w pobli\u017cu miejscowo\u015bci Tury i D\u0105browice w powiecie kolskim.", "language": "pl-PL", "link": "https://historia.rp.pl/historia-polski/art40265381-znaleziono-szczatki-kilkudziesieciu-osob-to-ofiary-zbrodni-niemieckich", "manual_status_code": 0, "page_rating": 100, "page_rating_contents": 100, "page_rating_visits": 0, "page_rating_votes": 0, "permanent": false, "source": "https://www.rp.pl/rss_main", "source_obj__id": 412, "status_code": 0, "tags": [], "thumbnail": null, "title": "Znaleziono szcz\u0105tki kilkudziesi\u0119ciu os\u00f3b. To ofiary zbrodni niemieckich", "user": null, "vote": 0}, {"age": null, "album": "", "artist": null, "bookmarked": false, "comments": [], "date_published": "2024-04-27T09:01:17+00:00", "description": "W czasach, gdy wolne dni staj\u0105 si\u0119 dobrem luksusowym i deficytowym, warto wiedzie\u0107, ile dobrego robi dla organizmu lenistwo.", "language": "pl-PL", "link": "https://kobieta.rp.pl/styl-zycia/art40243311-karygodne-bledy-odpoczywania-jak-nie-powinien-wygladac-relaks", "manual_status_code": 0, "page_rating": 100, "page_rating_contents": 100, "page_rating_visits": 0, "page_rating_votes": 0, "permanent": false, "source": "https://www.rp.pl/rss_main", "source_obj__id": 412, "status_code": 0, "tags": [], "thumbnail": null, "title": "Karygodne b\u0142\u0119dy odpoczywania. Jak nie powinien wygl\u0105da\u0107 relaks?", "user": null, "vote": 0}, {"age": null, "album": "", "artist": null, "bookmarked": false, "comments": [], "date_published": "2024-04-27T08:23:47+00:00", "description": "Zapowied\u017a wsp\u00f3\u0142przewodnicz\u0105cego Nowej Lewicy Roberta Biedronia o tym, i\u017c b\u0119dzie zabiega\u0142, aby na ich listach znale\u017ali si\u0119 dwaj byli premierzy Marek Belka i W\u0142odzimierz Cimoszewicz to wywieszenie bia\u0142ej flagi w europejskim wy\u015bcigu i potwierdzenie kr\u00f3tkiej \u0142awki lewicowej formacji.", "language": "pl-PL", "link": "https://www.rp.pl/opinie-polityczno-spoleczne/art40253731-przemyslaw-prekiel-krotka-lawka-lewicy", "manual_status_code": 0, "page_rating": 100, "page_rating_contents": 100, "page_rating_visits": 0, "page_rating_votes": 0, "permanent": false, "source": "https://www.rp.pl/rss_main", "source_obj__id": 412, "status_code": 0, "tags": [], "thumbnail": null, "title": "Przemys\u0142aw Prekiel: Kr\u00f3tka \u0142awka Lewicy", "user": null, "vote": 0}, {"age": null, "album": "", "artist": null, "bookmarked": false, "comments": [], "date_published": "2024-04-27T08:01:28+00:00", "description": "Od blisko 40 lat obowi\u0105zuj\u0105 sankcje przeciwko Iranowi, a na Rosj\u0119 na\u0142o\u017cono rekordow\u0105 liczb\u0119 restrykcji w bardzo kr\u00f3tkim czasie. Efekt jest ograniczony, ale nie ma alternatywy wobec sankcji.", "language": "pl-PL", "link": "https://www.rp.pl/polityka/art40265291-rosja-i-iran-maja-sposoby-na-zachodnie-sankcje", "manual_status_code": 0, "page_rating": 100, "page_rating_contents": 100, "page_rating_visits": 0, "page_rating_votes": 0, "permanent": false, "source": "https://www.rp.pl/rss_main", "source_obj__id": 412, "status_code": 0, "tags": [], "thumbnail": null, "title": "Rosja i Iran maj\u0105 sposoby na zachodnie sankcje", "user": null, "vote": 0}, {"age": null, "album": "", "artist": null, "bookmarked": false, "comments": [], "date_published": "2024-04-27T06:58:17+00:00", "description": "Uczestnik PPK, kt\u00f3ry nie ma jeszcze 45 lat, mo\u017ce z\u0142o\u017cy\u0107 wniosek o wyp\u0142at\u0119 \u015brodk\u00f3w z rachunku PPK na pokrycie wk\u0142adu w\u0142asnego - wymaganego, aby otrzyma\u0107 kredyt hipoteczny. Uczestnik mo\u017ce wyp\u0142aci\u0107 na wk\u0142ad w\u0142asny nawet 100% \u015brodk\u00f3w, bez pomniejsze\u0144, ale z obowi\u0105zkiem zwrotu na rachunek PPK.", "language": "pl-PL", "link": "https://www.rp.pl/praca-emerytury-i-renty/art40265241-wyplata-srodkow-z-rachunku-ppk-na-wklad-wlasny-do-kredytu-hipotecznego", "manual_status_code": 0, "page_rating": 100, "page_rating_contents": 100, "page_rating_visits": 0, "page_rating_votes": 0, "permanent": false, "source": "https://www.rp.pl/rss_main", "source_obj__id": 412, "status_code": 0, "tags": [], "thumbnail": null, "title": "Wyp\u0142ata \u015brodk\u00f3w z rachunku PPK na wk\u0142ad w\u0142asny do kredytu hipotecznego", "user": null, "vote": 0}, {"age": null, "album": "", "artist": null, "bookmarked": false, "comments": [], "date_published": "2024-04-27T06:47:34+00:00", "description": "Tematem pracy Komisji Nadzwyczajnej ds. wybor\u00f3w kopertowych jest wyja\u015bnienie zmarnowania prawie 100 mln z\u0142 pieni\u0119dzy obywateli. Jednak znaczenie ustale\u0144 tej Komisji ma w rzeczywisto\u015bci zupe\u0142nie inne cele. Obna\u017caj\u0105 one bowiem jak organy pa\u0144stwa lekcewa\u017c\u0105 Konstytucj\u0119. Jak robi\u0105 co chc\u0105. Czyli jak niszcz\u0105 pa\u0144stwo. Wybory kopertowe to jedynie wierzcho\u0142ek g\u00f3ry lodowej.", "language": "pl-PL", "link": "https://www.rp.pl/opinie-prawne/art40265231-marek-isanski-wybory-kopertowe-czyli-prawo-panstwa-kontra-prawa-obywatela", "manual_status_code": 0, "page_rating": 100, "page_rating_contents": 100, "page_rating_visits": 0, "page_rating_votes": 0, "permanent": false, "source": "https://www.rp.pl/rss_main", "source_obj__id": 412, "status_code": 0, "tags": [], "thumbnail": null, "title": "Marek Isa\u0144ski: Wybory kopertowe, czyli \u201eprawo\u201d pa\u0144stwa kontra prawa obywatela", "user": null, "vote": 0}, {"age": null, "album": "", "artist": null, "bookmarked": false, "comments": [], "date_published": "2024-04-27T06:46:51+00:00", "description": "27 kwietnia przekazane zostan\u0105 dwa zabytkowe obiekty pochodz\u0105ce z przedwojennych zbior\u00f3w Zamku: kwatera witra\u017cowa i skrzyd\u0142o o\u0142tarzowe z dawnego ko\u015bcio\u0142a NMP na Zamku Wysokim.", "language": "pl-PL", "link": "https://www.rp.pl/kultura/art40265191-powrot-strat-wojennych-do-muzeum-zamkowego-w-malborku", "manual_status_code": 0, "page_rating": 100, "page_rating_contents": 100, "page_rating_visits": 0, "page_rating_votes": 0, "permanent": false, "source": "https://www.rp.pl/rss_main", "source_obj__id": 412, "status_code": 0, "tags": [], "thumbnail": null, "title": "Powr\u00f3t strat wojennych do Muzeum Zamkowego w Malborku", "user": null, "vote": 0}, {"age": null, "album": "", "artist": null, "bookmarked": false, "comments": [], "date_published": "2024-04-27T06:27:00+00:00", "description": "Osob\u0105, kt\u00f3ra musi uregulowa\u0107 swoje zobowi\u0105zania wobec fiskusa, jest najcz\u0119\u015bciej sam podatnik. Zdarzaj\u0105 si\u0119 jednak sytuacje, gdy za zobowi\u0105zania podatkowe odpowiadaj\u0105 osoby trzecie.", "language": "pl-PL", "link": "https://www.rp.pl/podatki/art40265171-czy-rodzina-musi-zaplacic-za-nas-pit-oto-co-mowia-na-temat-przepisy", "manual_status_code": 0, "page_rating": 100, "page_rating_contents": 100, "page_rating_visits": 0, "page_rating_votes": 0, "permanent": false, "source": "https://www.rp.pl/rss_main", "source_obj__id": 412, "status_code": 0, "tags": [], "thumbnail": null, "title": "Czy rodzina musi zap\u0142aci\u0107 za nas PIT? Oto, co m\u00f3wi\u0105 na temat przepisy", "user": null, "vote": 0}, {"age": null, "album": "", "artist": null, "bookmarked": false, "comments": [], "date_published": "2024-04-27T06:10:13+00:00", "description": "W drugiej turze Jerzy Dorobek stoczy\u0142 walk\u0119 sam ze sob\u0105, bo kontrkandydat Jerzy Maciej Staniszewski zrezygnowa\u0142 z walki o fotel burmistrza Bodzanowa na Mazowszu. Jedyny kandydat wygra\u0142 w tym nietypowym pojedynku uzyskuj\u0105c 85 proc. poparcia. Takich gmin w Polsce by\u0142o wi\u0119cej.", "language": "pl-PL", "link": "https://regiony.rp.pl/z-regionow/art40265161-wybory-samorzadowe-2024-niektorzy-kandydaci-w-ii-turze-walczyli-tylko-ze-soba", "manual_status_code": 0, "page_rating": 100, "page_rating_contents": 100, "page_rating_visits": 0, "page_rating_votes": 0, "permanent": false, "source": "https://www.rp.pl/rss_main", "source_obj__id": 412, "status_code": 0, "tags": [], "thumbnail": null, "title": "Wybory samorz\u0105dowe 2024. Niekt\u00f3rzy kandydaci w II turze walczyli tylko ze sob\u0105", "user": null, "vote": 0}, {"age": null, "album": "", "artist": null, "bookmarked": false, "comments": [], "date_published": "2024-04-27T05:48:47+00:00", "description": "\"Jak ocenia Pani/Pan przedstawiony przez prezydenta Andrzeja Dud\u0119 pomys\u0142, by w Polsce pojawi\u0142a si\u0119 bro\u0144 atomowa USA (w ramach programu Nuclear Sharing)?\" - takie pytanie zadali\u015bmy uczestnikom sonda\u017cu SW Research dla rp.pl.", "language": "pl-PL", "link": "https://www.rp.pl/polityka/art40265141-sondaz-bron-atomowa-usa-w-polsce-dzieli-polakow", "manual_status_code": 0, "page_rating": 100, "page_rating_contents": 100, "page_rating_visits": 0, "page_rating_votes": 0, "permanent": false, "source": "https://www.rp.pl/rss_main", "source_obj__id": 412, "status_code": 0, "tags": [], "thumbnail": null, "title": "Sonda\u017c: Bro\u0144 atomowa USA w Polsce dzieli Polak\u00f3w", "user": null, "vote": 0}, {"age": null, "album": "", "artist": null, "bookmarked": false, "comments": [], "date_published": "2024-04-27T05:22:26+00:00", "description": "Wskutek niez\u0142o\u017cenia w terminie sprawozda\u0144, zdelegalizowanych zostanie kilkana\u015bcie partii, z czego cz\u0119\u015b\u0107 jest lub by\u0142a zwi\u0105zana ze znanymi politykami i celebrytami.", "language": "pl-PL", "link": "https://www.rp.pl/polityka/art40253451-hekatomba-malych-partii-pod-noz-ida-ugrupowania-m-in-kolodziejczaka-piecha-i-jaszczura", "manual_status_code": 0, "page_rating": 100, "page_rating_contents": 100, "page_rating_visits": 0, "page_rating_votes": 0, "permanent": false, "source": "https://www.rp.pl/rss_main", "source_obj__id": 412, "status_code": 0, "tags": [], "thumbnail": null, "title": "Hekatomba ma\u0142ych partii. Pod n\u00f3\u017c id\u0105 ugrupowania m.in. Ko\u0142odziejczaka, Piecha i \u201eJaszczura\u201d", "user": null, "vote": 0}, {"age": null, "album": "", "artist": null, "bookmarked": false, "comments": [], "date_published": "2024-04-27T04:30:00+00:00", "description": "24 lutego 2022 roku Rosja rozpocz\u0119\u0142a pe\u0142nowymiarow\u0105 inwazj\u0119 na Ukrain\u0119", "language": "pl-PL", "link": "https://www.rp.pl/konflikty-zbrojne/art40264541-wojna-rosji-z-ukraina-dzien-794", "manual_status_code": 0, "page_rating": 100, "page_rating_contents": 100, "page_rating_visits": 0, "page_rating_votes": 0, "permanent": false, "source": "https://www.rp.pl/rss_main", "source_obj__id": 412, "status_code": 0, "tags": [], "thumbnail": null, "title": "Wojna Rosji z Ukrain\u0105. Dzie\u0144 794", "user": null, "vote": 0}]