[{"age": null, "album": "", "artist": null, "bookmarked": false, "comments": [], "date_published": "2024-04-27T21:12:48+00:00", "description": "The Red Roses sealed a third consecutive Six Nations Grand Slam and fifth straight title with a victory over France in Bordeaux.", "language": "en-US", "link": "https://www.lemonde.fr/en/sports/article/2024/04/27/england-clinch-third-successive-women-s-six-nations-grand-slam_6669754_9.html", "manual_status_code": 0, "page_rating": 100, "page_rating_contents": 100, "page_rating_visits": 0, "page_rating_votes": 0, "permanent": false, "source": "https://www.lemonde.fr/en/rss/une.xml", "source_obj__id": 189, "status_code": 0, "tags": [], "thumbnail": "https://img.lemde.fr/2024/04/27/444/0/5334/2667/644/322/60/0/58b189a_5318670-01-06.jpg", "title": "England clinch third successive Women's Six Nations Grand Slam", "user": null, "vote": 0}, {"age": null, "album": "", "artist": null, "bookmarked": false, "comments": [], "date_published": "2024-04-27T16:06:32+00:00", "description": "The British prime minister said in a television interview that the influx of migrants into Ireland is because his Rwanda plan is working as a deterrent.", "language": "en-US", "link": "https://www.lemonde.fr/en/immigration/article/2024/04/27/ireland-s-asylum-seeker-rise-shows-uk-rwanda-plan-having-impact-claims-sunak_6669748_144.html", "manual_status_code": 0, "page_rating": 100, "page_rating_contents": 100, "page_rating_visits": 0, "page_rating_votes": 0, "permanent": false, "source": "https://www.lemonde.fr/en/rss/une.xml", "source_obj__id": 189, "status_code": 0, "tags": [], "thumbnail": "https://img.lemde.fr/2024/04/24/489/0/5874/2937/644/322/60/0/9d18450_5285138-01-06.jpg", "title": "Ireland's asylum-seeker rise shows UK Rwanda plan having impact, claims Sunak", "user": null, "vote": 0}, {"age": null, "album": "", "artist": null, "bookmarked": false, "comments": [], "date_published": "2024-04-27T15:13:40+00:00", "description": "The action was taken on Saturday after some protesters resorted to 'virulent anti-Semitic slurs, including Kill the Jews,' Northeastern University said on social media.", "language": "en-US", "link": "https://www.lemonde.fr/en/international/article/2024/04/27/police-detain-100-as-pro-palestinian-camp-cleared-at-boston-university_6669745_4.html", "manual_status_code": 0, "page_rating": 100, "page_rating_contents": 100, "page_rating_visits": 0, "page_rating_votes": 0, "permanent": false, "source": "https://www.lemonde.fr/en/rss/une.xml", "source_obj__id": 189, "status_code": 0, "tags": [], "thumbnail": "https://img.lemde.fr/2024/04/25/464/0/5568/2784/644/322/60/0/3cf6b8a_5300944-01-06.jpg", "title": "Police detain 100 as pro-Palestinian camp cleared at Boston university", "user": null, "vote": 0}, {"age": null, "album": "", "artist": null, "bookmarked": false, "comments": [], "date_published": "2024-04-27T15:12:09+00:00", "description": "The nine members of the temporary governing body were sworn in, while Prime Minister Ariel Henry resigned. The new leaders will have to resolve the serious security crisis, in order to hand over power to an elected government by February 2026.", "language": "en-US", "link": "https://www.lemonde.fr/en/international/article/2024/04/27/mammoth-task-awaits-haiti-s-newly-installed-transition-council_6669744_4.html", "manual_status_code": 0, "page_rating": 100, "page_rating_contents": 100, "page_rating_visits": 0, "page_rating_votes": 0, "permanent": false, "source": "https://www.lemonde.fr/en/rss/une.xml", "source_obj__id": 189, "status_code": 0, "tags": [], "thumbnail": "https://img.lemde.fr/2024/04/26/399/0/8640/4320/644/322/60/0/c864631_1714122472832-305357.jpg", "title": "'Mammoth task' awaits Haiti's newly installed transition council", "user": null, "vote": 0}, {"age": null, "album": "", "artist": null, "bookmarked": false, "comments": [], "date_published": "2024-04-27T14:55:38+00:00", "description": "'Guinea-Bissau has allowed itself to become complicit in Israel's deliberate starvation, illegal siege and genocide of Palestinians in Gaza,' the Freedom Flotilla Coalition said, after two of their boats were blocked in Turkey on Saturday.", "language": "en-US", "link": "https://www.lemonde.fr/en/international/article/2024/04/27/gaza-freedom-flotilla-delayed-in-turkey_6669742_4.html", "manual_status_code": 0, "page_rating": 100, "page_rating_contents": 100, "page_rating_visits": 0, "page_rating_votes": 0, "permanent": false, "source": "https://www.lemonde.fr/en/rss/une.xml", "source_obj__id": 189, "status_code": 0, "tags": [], "thumbnail": "https://img.lemde.fr/2024/04/19/621/0/7445/3722/644/322/60/0/c1ddbbb_e420113dfeb34198a676292a1db5fac8-0-f915711401da43e08af4c2981b981e37.jpg", "title": "Gaza 'Freedom Flotilla' delayed in Turkey", "user": null, "vote": 0}, {"age": null, "album": "", "artist": null, "bookmarked": false, "comments": [], "date_published": "2024-04-27T14:08:55+00:00", "description": "'I wouldn't be where I am today if...' In this series, Le Monde interviews a personality about a decisive moment in their life. The actress, who has won two C\u00e9sar awards for Best Actress, talks about the origin of her eternal joie de vivre.", "language": "en-US", "link": "https://www.lemonde.fr/en/culture/article/2024/04/27/sabine-azema-i-ve-always-felt-like-a-sheep-that-s-escaped-from-the-herd_6669738_30.html", "manual_status_code": 0, "page_rating": 100, "page_rating_contents": 100, "page_rating_visits": 0, "page_rating_votes": 0, "permanent": false, "source": "https://www.lemonde.fr/en/rss/une.xml", "source_obj__id": 189, "status_code": 0, "tags": [], "thumbnail": "https://img.lemde.fr/2024/04/18/2276/0/5057/2528/644/322/60/0/1516430_1713431753189-013800-003.jpeg", "title": "Sabine Az\u00e9ma: 'I've always felt like a sheep that's escaped from the herd'", "user": null, "vote": 0}, {"age": null, "album": "", "artist": null, "bookmarked": false, "comments": [], "date_published": "2024-04-27T12:46:32+00:00", "description": "On Thursday, the justices considered the former president's request for full immunity. By seeking to define the scope of any partial immunity, they are paving the way for further appeals that could last beyond the presidential election.", "language": "en-US", "link": "https://www.lemonde.fr/en/international/article/2024/04/27/at-the-us-supreme-court-debates-over-trump-s-immunity-push-back-the-prospect-of-a-trial_6669734_4.html", "manual_status_code": 0, "page_rating": 100, "page_rating_contents": 100, "page_rating_visits": 0, "page_rating_votes": 0, "permanent": false, "source": "https://www.lemonde.fr/en/rss/une.xml", "source_obj__id": 189, "status_code": 0, "tags": [], "thumbnail": "https://img.lemde.fr/2024/04/25/468/0/5616/2808/644/322/60/0/dab53d0_2024-04-25t215646z-361784404-rc2xd7arbyl5-rtrmadp-3-usa-trump-new-york.JPG", "title": "At the US Supreme Court, debates over Trump's immunity push back the prospect of a trial", "user": null, "vote": 0}, {"age": null, "album": "", "artist": null, "bookmarked": false, "comments": [], "date_published": "2024-04-27T12:33:51+00:00", "description": "In China, new players from the world of electronics benefit from a complete industry, from ore refining to the factory. But past experience shows that European manufacturers have the capacity to adapt, writes columnist Philippe Escande.", "language": "en-US", "link": "https://www.lemonde.fr/en/international/article/2024/04/27/chinese-electric-cars-an-existential-danger-for-european-automakers_6669731_4.html", "manual_status_code": 0, "page_rating": 100, "page_rating_contents": 100, "page_rating_visits": 0, "page_rating_votes": 0, "permanent": false, "source": "https://www.lemonde.fr/en/rss/une.xml", "source_obj__id": 189, "status_code": 0, "tags": [], "thumbnail": "https://img.lemde.fr/2024/04/26/496/0/5950/2975/644/322/60/0/83130e0_1714120448427-byd.jpg", "title": "Chinese electric cars: An existential danger for European automakers", "user": null, "vote": 0}, {"age": null, "album": "", "artist": null, "bookmarked": false, "comments": [], "date_published": "2024-04-27T11:35:08+00:00", "description": "Anne Chirol reports on the digital archetypes of our time, from the #tradwife to the #fuckboy. This week, the mother who wants to be eternally connected with her son, to whom she is devoted.", "language": "en-US", "link": "https://www.lemonde.fr/en/our-times/article/2024/04/27/the-boy-mom-the-mother-who-cannot-cut-the-cord-with-her-son_6669728_39.html", "manual_status_code": 0, "page_rating": 100, "page_rating_contents": 100, "page_rating_visits": 0, "page_rating_votes": 0, "permanent": false, "source": "https://www.lemonde.fr/en/rss/une.xml", "source_obj__id": 189, "status_code": 0, "tags": [], "thumbnail": "https://img.lemde.fr/2023/11/15/767/0/1890/945/644/322/60/0/ce11491_1700044216768-115da50-1686048314389-v2.jpg", "title": "The 'boy mom,' the mother who cannot cut the cord with her son", "user": null, "vote": 0}, {"age": null, "album": "", "artist": null, "bookmarked": false, "comments": [], "date_published": "2024-04-27T11:29:58+00:00", "description": "As the death toll mounts in Gaza, protesters at universities across the country are demanding schools cut financial ties to Israel.", "language": "en-US", "link": "https://www.lemonde.fr/en/united-states/article/2024/04/27/influential-iraqi-cleric-moqtada-sadr-backs-us-campus-protests-for-gaza_6669725_133.html", "manual_status_code": 0, "page_rating": 100, "page_rating_contents": 100, "page_rating_visits": 0, "page_rating_votes": 0, "permanent": false, "source": "https://www.lemonde.fr/en/rss/une.xml", "source_obj__id": 189, "status_code": 0, "tags": [], "thumbnail": "https://img.lemde.fr/2024/04/27/640/0/7684/3842/644/322/60/0/864c1ee_6c939b77aba1432ab6c4707ab986fe87-0-f55e7b1b42c44dd6bec111583e045d40.jpg", "title": "Influential Iraqi cleric Moqtada Sadr backs US campus protests for Gaza", "user": null, "vote": 0}, {"age": null, "album": "", "artist": null, "bookmarked": false, "comments": [], "date_published": "2024-04-27T10:30:15+00:00", "description": "This 52-year-old woman spent a year on the streets to escape an abusive husband. She overcame this challenging period by getting involved in civic matters.", "language": "en-US", "link": "https://www.lemonde.fr/en/france/article/2024/04/27/giving-a-voice-to-people-in-precarious-situations-was-the-tool-i-needed-to-rebuild-my-life_6669719_7.html", "manual_status_code": 0, "page_rating": 100, "page_rating_contents": 100, "page_rating_visits": 0, "page_rating_votes": 0, "permanent": false, "source": "https://www.lemonde.fr/en/rss/une.xml", "source_obj__id": 189, "status_code": 0, "tags": [], "thumbnail": "https://img.lemde.fr/2024/04/13/664/0/5315/2657/644/322/60/0/9755a36_1712999664329-a-camillegharbi-le-monde-carole-le-floch-2301.jpg", "title": "'Giving a voice to people in precarious situations was the tool I needed to rebuild my life'", "user": null, "vote": 0}, {"age": null, "album": "", "artist": null, "bookmarked": false, "comments": [], "date_published": "2024-04-27T10:01:14+00:00", "description": "Germany, one of the main donors to the UN agency in charge of Palestinian refugees, has announced the resumption of its payments. Others may follow. These funds were frozen at the end of January after Israel accused the organization of being infiltrated by Hamas.", "language": "en-US", "link": "https://www.lemonde.fr/en/international/article/2024/04/27/unrwa-wins-back-support-from-some-donor-countries-following-independent-review_6669716_4.html", "manual_status_code": 0, "page_rating": 100, "page_rating_contents": 100, "page_rating_visits": 0, "page_rating_votes": 0, "permanent": false, "source": "https://www.lemonde.fr/en/rss/une.xml", "source_obj__id": 189, "status_code": 0, "tags": [], "thumbnail": "https://img.lemde.fr/2024/04/25/480/0/5760/2880/644/322/60/0/8483c23_1714056477651-ap24041762435279.jpg", "title": "UNRWA wins back support from some donor countries following independent review", "user": null, "vote": 0}, {"age": null, "album": "", "artist": null, "bookmarked": false, "comments": [], "date_published": "2024-04-27T09:31:21+00:00", "description": "Facing France on the final day of the competition on Saturday, England's Red Roses are riding the wave of excellent results thanks to a strong championship and the professionalization of their players.", "language": "en-US", "link": "https://www.lemonde.fr/en/sports/article/2024/04/27/six-nations-france-in-final-against-england-the-kingdom-of-women-s-rugby_6669715_9.html", "manual_status_code": 0, "page_rating": 100, "page_rating_contents": 100, "page_rating_visits": 0, "page_rating_votes": 0, "permanent": false, "source": "https://www.lemonde.fr/en/rss/une.xml", "source_obj__id": 189, "status_code": 0, "tags": [], "thumbnail": "https://img.lemde.fr/2024/04/20/85/0/3685/1842/644/322/60/0/1909728_5250708-01-06.jpg", "title": "Six Nations: France in 'final' against England, the kingdom of women's rugby", "user": null, "vote": 0}, {"age": null, "album": "", "artist": null, "bookmarked": false, "comments": [], "date_published": "2024-04-27T07:19:45+00:00", "description": "Buckingham Palace say the king will make his inaugural outing following his own cancer diagnosis three months ago to visit a cancer treatment center on Tuesday.", "language": "en-US", "link": "https://www.lemonde.fr/en/united-kingdom/article/2024/04/27/britain-s-king-charles-will-resume-public-duties-next-week-after-cancer-treatment_6669710_135.html", "manual_status_code": 0, "page_rating": 100, "page_rating_contents": 100, "page_rating_visits": 0, "page_rating_votes": 0, "permanent": false, "source": "https://www.lemonde.fr/en/rss/une.xml", "source_obj__id": 189, "status_code": 0, "tags": [], "thumbnail": "https://img.lemde.fr/2024/04/26/427/0/5123/2561/644/322/60/0/3108e5b_2e018108a6df4692aca9a643c3c66305-0-6c738703ac1d4d4eb8f49c1fdea7f1f7.jpg", "title": "Britain's King Charles will resume public duties next week after cancer treatment", "user": null, "vote": 0}, {"age": null, "album": "", "artist": null, "bookmarked": false, "comments": [], "date_published": "2024-04-27T03:19:57+00:00", "description": "The province is asking the federal government to make illicit drug use illegal in all public spaces, including inside hospitals, on transit, and in parks.", "language": "en-US", "link": "https://www.lemonde.fr/en/international/article/2024/04/27/in-canada-british-columbia-will-make-changes-to-its-drug-decriminalization-policy_6669700_4.html", "manual_status_code": 0, "page_rating": 100, "page_rating_contents": 100, "page_rating_visits": 0, "page_rating_votes": 0, "permanent": false, "source": "https://www.lemonde.fr/en/rss/une.xml", "source_obj__id": 189, "status_code": 0, "tags": [], "thumbnail": "https://img.lemde.fr/2024/04/27/617/0/6500/3250/644/322/60/0/b25d94b_6189a7b81550453b89712a440f52af7b-0-b4433b489b464f9a8a49f49c10c1e949.jpg", "title": "In Canada, British Columbia will make changes to its drug decriminalization policy", "user": null, "vote": 0}, {"age": null, "album": "", "artist": null, "bookmarked": false, "comments": [], "date_published": "2024-04-27T01:48:57+00:00", "description": "University authorities agreed to drop all disciplinary proceedings against demonstrators.", "language": "en-US", "link": "https://www.lemonde.fr/en/campus/article/2024/04/27/paris-students-end-gaza-war-protests-after-street-fight_6669696_11.html", "manual_status_code": 0, "page_rating": 100, "page_rating_contents": 100, "page_rating_visits": 0, "page_rating_votes": 0, "permanent": false, "source": "https://www.lemonde.fr/en/rss/une.xml", "source_obj__id": 189, "status_code": 0, "tags": [], "thumbnail": "https://img.lemde.fr/2024/04/26/458/0/5500/2750/644/322/60/0/d080830_2024-04-26t195443z-963779696-rc2ee7axd3l5-rtrmadp-3-israel-palestinians-france-students.JPG", "title": "Sciences Po students end Gaza war protests after street fight in Paris", "user": null, "vote": 0}, {"age": null, "album": "", "artist": null, "bookmarked": false, "comments": [], "date_published": "2024-04-27T01:23:05+00:00", "description": "According to Human Rights Watch, over 200 civilians were killed at the end of February in the north of the country. It was another massacre blamed on an army unable to contain the jihadist insurgency.", "language": "en-US", "link": "https://www.lemonde.fr/en/le-monde-africa/article/2024/04/27/in-burkina-faso-soldiers-wanted-to-make-sure-there-were-no-survivors_6669693_124.html", "manual_status_code": 0, "page_rating": 100, "page_rating_contents": 100, "page_rating_visits": 0, "page_rating_votes": 0, "permanent": false, "source": "https://www.lemonde.fr/en/rss/une.xml", "source_obj__id": 189, "status_code": 0, "tags": [], "thumbnail": "https://img.lemde.fr/2024/01/31/325/0/2874/1437/644/322/60/0/b930712_2024-01-31t151237z-2145036731-rc21d2am70ko-rtrmadp-3-westafrica-politics.JPG", "title": "In Burkina Faso, 'soldiers wanted to make sure there were no survivors'", "user": null, "vote": 0}, {"age": null, "album": "", "artist": null, "bookmarked": false, "comments": [], "date_published": "2024-04-27T00:20:27+00:00", "description": "Dozens of calls for deportation were issued in the country after the murder of a Christian political leader, blamed by the army on a 'Syrian gang.'", "language": "en-US", "link": "https://www.lemonde.fr/en/international/article/2024/04/27/in-lebanon-a-wave-of-hostility-against-syrian-refugees_6669691_4.html", "manual_status_code": 0, "page_rating": 100, "page_rating_contents": 100, "page_rating_visits": 0, "page_rating_votes": 0, "permanent": false, "source": "https://www.lemonde.fr/en/rss/une.xml", "source_obj__id": 189, "status_code": 0, "tags": [], "thumbnail": "https://img.lemde.fr/2024/04/24/684/0/8192/4096/644/322/60/0/bcdfb8c_1713971383597-000-33y498l.jpg", "title": "In Lebanon, a wave of hostility against Syrian refugees", "user": null, "vote": 0}]