[{"age": null, "album": "", "artist": null, "bookmarked": false, "comments": [], "date_published": "2024-04-27T12:00:24+00:00", "description": "Here's (almost) everything happening on the art fair circuit this May.", "language": "en", "link": "https://observer.com/2024/04/may-art-fair-calendar-2024", "manual_status_code": 0, "page_rating": 100, "page_rating_contents": 100, "page_rating_visits": 0, "page_rating_votes": 0, "permanent": false, "source": "http://www.observer.com/feed", "source_obj__id": 243, "status_code": 0, "tags": [], "thumbnail": null, "title": "A Guide to All the May Art Fairs", "user": null, "vote": 0}]