[{"age": null, "album": "", "artist": null, "bookmarked": false, "comments": [], "date_published": "2024-04-27T13:30:00+00:00", "description": "<p>The 3rd Gen paints from AK Interactive are popular among many pro painters and high-profile YouTubers. But are they suitable for you if you are more of a beginner or average painter, or should you opt for newer paint ranges like Warpaints Fanatic or Two Thin Coats? In this video, I'll be reviewing not only all 236 AK 3rd Gen paints, including the brand-new Color Punch label but also reveal the IMO biggest issue with this paint range and how to overcome it.</p>\n<p>The post <a href=\"https://taleofpainters.com/2024/04/review-ak-3rd-generation-acrylics-the-new-color-punch-paints/\">Review: AK 3rd Generation acrylics &amp; the new Color Punch paints</a> appeared first on <a href=\"https://taleofpainters.com\">Tale of Painters</a>.</p>", "language": "en-GB", "link": "https://taleofpainters.com/2024/04/review-ak-3rd-generation-acrylics-the-new-color-punch-paints", "manual_status_code": 0, "page_rating": 100, "page_rating_contents": 100, "page_rating_visits": 0, "page_rating_votes": 0, "permanent": false, "source": "https://taleofpainters.com/feed", "source_obj__id": 323, "status_code": 0, "tags": [], "thumbnail": "https://taleofpainters.com/wp-content/uploads/2024/04/AK_3rd_Gen_review_featured.jpg", "title": "Review: AK 3rd Generation acrylics & the new Color Punch paints", "user": null, "vote": 0}]