[{"age": null, "album": "", "artist": null, "bookmarked": false, "comments": [], "date_published": "2024-04-27T01:36:25+00:00", "description": "Hello guys and gals, it's me Mutahar again! This time I take a look at Stellar Blade which recently just dropped and wading through it's massive controversy I wanted to see the game for it's own merits and what I found was a pretty decent soulslike. Thanks for watching!\nLike, Comment and Subscribe for more videos!", "language": null, "link": "https://www.youtube.com/watch?v=eAzGtJ_Kdcs", "manual_status_code": 0, "page_rating": 100, "page_rating_contents": 100, "page_rating_visits": 0, "page_rating_votes": 0, "permanent": false, "source": "https://www.youtube.com/feeds/videos.xml?channel_id=UCtMVHI3AJD4Qk4hcbZnI9ZQ", "source_obj__id": 309, "status_code": 0, "tags": [], "thumbnail": "https://i2.ytimg.com/vi/eAzGtJ_Kdcs/hqdefault.jpg", "title": "Coomer Souls Is Awesome...", "user": null, "vote": 0}]