[{"age": null, "album": "", "artist": null, "bookmarked": false, "comments": [], "date_published": "2024-04-27T04:43:49+00:00", "description": "<p>Nature won the war. Dryads, spirit protectors of the forests, have defeated mankind. Their King Dark Oak now reigns across The Old Continent, but his victory over Queen Cathryn only intensifies his need to control. Fueled by the painful memories of his past, he confines mankind to his unforgiving regime. Mankind is leaderless, powerless, and scattered. Still, Dark Oak is not satisfied. His boundless rage may destroy the very forests he sought to protect. A new age dawns in Jacob Sannox\u2019s second book of The Dark Oak Chronicles. Age of the Dryad is classic fantasy meets post apocalypse. For a thousand years the combined people were unified. Defying all odds, they stood against the dark lord and political turmoil. Their gathered strength is nothing compared to the new king of the Dryads. Dark Oak easily shatters their legacy. His victory topples their entire civilization. He imposes extreme sanctions, reducing mankind to simple hunters and gatherers. Displaced and homeless people beca", "language": "en-AU", "link": "https://www.grimdarkmagazine.com/review-age-of-the-dryad-by-jacob-sannox", "manual_status_code": 0, "page_rating": 100, "page_rating_contents": 100, "page_rating_visits": 0, "page_rating_votes": 0, "permanent": false, "source": "https://www.grimdarkmagazine.com/feed", "source_obj__id": 137, "status_code": 0, "tags": [], "thumbnail": null, "title": "REVIEW: Age of the Dryad by Jacob Sannox", "user": null, "vote": 0}]