[{"age": null, "album": "", "artist": null, "bookmarked": false, "comments": [], "date_published": "2024-04-27T21:00:33+00:00", "description": "Need Answers or Advice for your DIY Project?\n\nBECOME A DIY MEMBER NOW! Click \ud83d\udc47\ud83c\udffc\nhttps://www.youtube.com/c/HomeRenoVisionDIY/membership\n\u25ba Get FULL access to me and my team for Q and A\u2019s in the DIY Crew Forum\n\u25ba Participate in LIVE streams for live consulting and Member support!\n\n\ud83d\udd28 PRODUCTS IN THIS VIDEO \ud83d\udd28\nKILZ primer \nDryDex Spackling - https://amzn.to/4aRINAV\nDewalt Sander - https://amzn.to/4dehkLz (41% off right now) *price may change\nSanding Sponge - https://amzn.to/44g6eBJ\n\nWatch the entire series \ud83d\udc49\ud83c\udffchttps://www.youtube.com/playlist?list=PL34cQkzKfXWZZD69hLLOOvpYq3nzPhfZf\n\n\nShop Jeff\u2019s favorite tools and great products and help support our next project!\n\n\u25ba Shop Wayfair \ud83c\udde8\ud83c\udde6: http://www.jdoqocy.com/click-9148559-14525657\n\u25ba Shop Wayfair \ud83c\uddfa\ud83c\uddf8: http://www.jdoqocy.com/click-9148559-14524913\n\u25ba Shop Amazon \ud83c\udde8\ud83c\udde6: https://amzn.to/48I03He\n\u25ba Shop Amazon \ud83c\uddfa\ud83c\uddf8: https://www.amazon.com/shop/homerenovisiondiy\n\u25ba Shop Home Depot: https://homedepot.sjv.io/nBVOX\n\u25ba For up to date discounts visit our website:  \n ", "language": null, "link": "https://www.youtube.com/watch?v=tfxS2uXIf8k", "manual_status_code": 0, "page_rating": 100, "page_rating_contents": 100, "page_rating_visits": 0, "page_rating_votes": 0, "permanent": false, "source": "https://www.youtube.com/feeds/videos.xml?channel_id=UCnorhjQR4zJkT7AVNhu395Q", "source_obj__id": 143, "status_code": 0, "tags": [], "thumbnail": "https://i1.ytimg.com/vi/tfxS2uXIf8k/hqdefault.jpg", "title": "I Rebuilt My Kitchen for $500 (Contractor Quoted $8000)", "user": null, "vote": 0}]