[{"age": null, "album": "", "artist": null, "bookmarked": false, "comments": [], "date_published": "2024-04-27T14:12:07+00:00", "description": "<p>While the Rassemblement National is still well ahead in the polls in France for the European elections, divorce seems imminent between the French far-right party [&#8230;]</p>\n<p>The post <a href=\"https://insightnews.media/why-does-mayotte-divide-the-german-and-french-far-right-unlike-moscow/\">Why does Mayotte divide the German and French far right, unlike Moscow?</a> appeared first on <a href=\"https://insightnews.media\">Insight News Media</a>.</p>", "language": "en-US", "link": "https://insightnews.media/why-does-mayotte-divide-the-german-and-french-far-right-unlike-moscow", "manual_status_code": 0, "page_rating": 100, "page_rating_contents": 100, "page_rating_visits": 0, "page_rating_votes": 0, "permanent": false, "source": "https://insightnews.media/feed", "source_obj__id": 153, "status_code": 0, "tags": [], "thumbnail": null, "title": "Why does Mayotte divide the German and French far right, unlike Moscow?", "user": null, "vote": 0}, {"age": null, "album": "", "artist": null, "bookmarked": false, "comments": [], "date_published": "2024-04-27T07:38:55+00:00", "description": "<p>The leader of the Rassemblement National Party (National Rally) lashed out at &#8220;overly bureaucratic&#8221; Europe and mass immigration, while hinting at the dissolution of the [&#8230;]</p>\n<p>The post <a href=\"https://insightnews.media/bardella-attacks-the-eu-as-he-presents-his-program-but-runs-away-from-questions/\">Bardella attacks the EU as he presents his program, but runs away from questions</a> appeared first on <a href=\"https://insightnews.media\">Insight News Media</a>.</p>", "language": "en-US", "link": "https://insightnews.media/bardella-attacks-the-eu-as-he-presents-his-program-but-runs-away-from-questions", "manual_status_code": 0, "page_rating": 100, "page_rating_contents": 100, "page_rating_visits": 0, "page_rating_votes": 0, "permanent": false, "source": "https://insightnews.media/feed", "source_obj__id": 153, "status_code": 0, "tags": [], "thumbnail": null, "title": "Bardella attacks the EU as he presents his program, but runs away from questions", "user": null, "vote": 0}]