[{"age": null, "album": "", "artist": null, "bookmarked": false, "comments": [], "date_published": "2024-04-27T21:32:00+00:00", "description": "European Union flags are displayed at the European Council headquarters in Brussels on Nov. 29, 2019. (Kenzo Tribouillard/AFP via Getty Images)", "language": "en-US", "link": "https://www.theepochtimes.com/china/belgian-foreign-affairs-committee-chair-says-she-was-hacked-by-ccp-spies-5638934", "manual_status_code": 0, "page_rating": 100, "page_rating_contents": 100, "page_rating_visits": 0, "page_rating_votes": 0, "permanent": false, "source": "https://feed.theepochtimes.com/world/feed", "source_obj__id": 106, "status_code": 0, "tags": [], "thumbnail": "https://img.theepochtimes.com/assets/uploads/2023/07/30/id5433106-EU-700x420.jpg", "title": "Belgian Foreign Affairs Committee Chair Says She Was Hacked by CCP Spies", "user": null, "vote": 0}, {"age": null, "album": "", "artist": null, "bookmarked": false, "comments": [], "date_published": "2024-04-27T21:24:12+00:00", "description": "The renamed Toronto Metropolitan University (TMU), formerly known as Ryerson University in Toronto on April 26, 2023. (The Canadian Press/Nathan Denette)", "language": "en-US", "link": "https://www.theepochtimes.com/world/student-sues-toronto-metropolitan-university-for-pervasive-antisemitism-5638962", "manual_status_code": 0, "page_rating": 100, "page_rating_contents": 100, "page_rating_visits": 0, "page_rating_votes": 0, "permanent": false, "source": "https://feed.theepochtimes.com/world/feed", "source_obj__id": 106, "status_code": 0, "tags": [], "thumbnail": "https://img.theepochtimes.com/assets/uploads/2023/12/25/id5552981-CP166654778-1080x720.jpeg", "title": "Student Sues Toronto Metropolitan University for \u2018Pervasive Antisemitism\u2019", "user": null, "vote": 0}, {"age": null, "album": "", "artist": null, "bookmarked": false, "comments": [], "date_published": "2024-04-27T19:49:50+00:00", "description": "Environment Minister Steven Guilbeault speaks at a press conference during the fourth session of the Intergovernmental Negotiating Committee to develop an international treaty on plastic pollution, in Ottawa on April 22, 2024. (The Canadian Press/Sean Kilpatrick)", "language": "en-US", "link": "https://www.theepochtimes.com/opinion/david-krayden-plastics-registry-is-a-nightmare-for-industry-and-a-farce-for-canadians-5638226", "manual_status_code": 0, "page_rating": 100, "page_rating_contents": 100, "page_rating_visits": 0, "page_rating_votes": 0, "permanent": false, "source": "https://feed.theepochtimes.com/world/feed", "source_obj__id": 106, "status_code": 0, "tags": [], "thumbnail": "https://img.theepochtimes.com/assets/uploads/2024/04/26/id5638496-CP170726593-1080x720.jpg", "title": "David Krayden: Plastics Registry Is a Nightmare for Industry and a Farce for Canadians", "user": null, "vote": 0}, {"age": null, "album": "", "artist": null, "bookmarked": false, "comments": [], "date_published": "2024-04-27T17:28:57+00:00", "description": "IRTI and Chiayi County held drone development collaboration agreement signing ceremony in San Jose on Apr. 25, 2024.(Nathan Su/The Epoch Times)", "language": "en-US", "link": "https://www.theepochtimes.com/china/taiwan-seeks-to-collaborate-with-us-tech-industries-for-drone-production-5638600", "manual_status_code": 0, "page_rating": 100, "page_rating_contents": 100, "page_rating_visits": 0, "page_rating_votes": 0, "permanent": false, "source": "https://feed.theepochtimes.com/world/feed", "source_obj__id": 106, "status_code": 0, "tags": [], "thumbnail": "https://img.theepochtimes.com/assets/uploads/2024/04/26/id5638608-IRTI-and-Chiayi-County-held-drone-development-collaboration-agreement-signing-ceremony-in-San-Jose.jpg", "title": "Taiwan Seeks to Collaborate With US Tech Industries for Drone Production", "user": null, "vote": 0}, {"age": null, "album": "", "artist": null, "bookmarked": false, "comments": [], "date_published": "2024-04-27T15:55:07+00:00", "description": "Sir Jacob Rees-Mogg during the launch of the Popular Conservatism movement at the Emmanuel Centre in central London on Feb. 6, 2024. (Victoria Jones/PA Wire)", "language": "en-US", "link": "https://www.theepochtimes.com/world/communist-pro-gaza-students-chase-jacob-rees-mogg-after-speech-at-cardiff-university-5638847", "manual_status_code": 0, "page_rating": 100, "page_rating_contents": 100, "page_rating_visits": 0, "page_rating_votes": 0, "permanent": false, "source": "https://feed.theepochtimes.com/world/feed", "source_obj__id": 106, "status_code": 0, "tags": [], "thumbnail": "https://img.theepochtimes.com/assets/uploads/2024/04/27/id5638883-Sir-Jacob-Rees-Mogg-1080x720.jpg", "title": "Communist Pro-Gaza Students Chase Jacob Rees-Mogg After Speech at Cardiff University", "user": null, "vote": 0}, {"age": null, "album": "", "artist": null, "bookmarked": false, "comments": [], "date_published": "2024-04-27T15:24:42+00:00", "description": "First Minister of Scotland Humza Yousaf tours the recently completed Clarice Pears building during a to visit to the University of Glasgow on May 26, 2023. (Robert Perry/PA)", "language": "en-US", "link": "https://www.theepochtimes.com/world/yousaf-poor-choice-for-greens-to-back-no-confidence-motion-in-me-5638885", "manual_status_code": 0, "page_rating": 100, "page_rating_contents": 100, "page_rating_visits": 0, "page_rating_votes": 0, "permanent": false, "source": "https://feed.theepochtimes.com/world/feed", "source_obj__id": 106, "status_code": 0, "tags": [], "thumbnail": "https://img.theepochtimes.com/assets/uploads/2023/05/27/id5295907-Humza-Yousaf-700x420.jpg", "title": "Yousaf: \u2018Poor Choice\u2019 for Greens to Back No Confidence Motion in Me", "user": null, "vote": 0}, {"age": null, "album": "", "artist": null, "bookmarked": false, "comments": [], "date_published": "2024-04-27T10:32:00+00:00", "description": "Undated file photo of the sign of the National Crime Agency. (Kirsty O\u2019Connor/PA)", "language": "en-US", "link": "https://www.theepochtimes.com/world/four-vietnamese-nationals-held-in-facebook-people-smugglers-probe-5638814", "manual_status_code": 0, "page_rating": 100, "page_rating_contents": 100, "page_rating_visits": 0, "page_rating_votes": 0, "permanent": false, "source": "https://feed.theepochtimes.com/world/feed", "source_obj__id": 106, "status_code": 0, "tags": [], "thumbnail": "https://img.theepochtimes.com/assets/uploads/2024/04/27/id5638815-featureimage-1080x720.jpg", "title": "Four Vietnamese Nationals Held in Facebook People Smugglers Probe", "user": null, "vote": 0}, {"age": null, "album": "", "artist": null, "bookmarked": false, "comments": [], "date_published": "2024-04-27T10:22:21+00:00", "description": "A woman using a laptop on a dining room table set up as a remote office to work from home on March 4, 2020. (Joe Giddens/PA Wire)", "language": "en-US", "link": "https://www.theepochtimes.com/world/ons-staff-to-ignore-order-to-work-in-office-2-days-a-week-5638807", "manual_status_code": 0, "page_rating": 100, "page_rating_contents": 100, "page_rating_visits": 0, "page_rating_votes": 0, "permanent": false, "source": "https://feed.theepochtimes.com/world/feed", "source_obj__id": 106, "status_code": 0, "tags": [], "thumbnail": "https://img.theepochtimes.com/assets/uploads/2024/04/05/id5622796-1.2.51133889.jpgKO_-1080x720.jpg", "title": "ONS Staff to Ignore Order to Work in Office 2 Days a Week", "user": null, "vote": 0}, {"age": null, "album": "", "artist": null, "bookmarked": false, "comments": [], "date_published": "2024-04-27T09:57:55+00:00", "description": "People take part in a pro-Palestine march in central London on April 13, 2024. (Jeff Moore/PA)", "language": "en-US", "link": "https://www.theepochtimes.com/world/hundreds-of-thousands-expected-at-pro-palestinian-march-in-london-on-saturday-5638809", "manual_status_code": 0, "page_rating": 100, "page_rating_contents": 100, "page_rating_visits": 0, "page_rating_votes": 0, "permanent": false, "source": "https://feed.theepochtimes.com/world/feed", "source_obj__id": 106, "status_code": 0, "tags": [], "thumbnail": "https://img.theepochtimes.com/assets/uploads/2024/04/27/id5638812-featureimage-1080x720.jpg", "title": "\u2018Hundreds of Thousands\u2019 Expected at Pro-Palestinian March in London on Saturday", "user": null, "vote": 0}, {"age": null, "album": "", "artist": null, "bookmarked": false, "comments": [], "date_published": "2024-04-27T03:19:18+00:00", "description": "The Quebec provincial flag is seen in a file photo. (The Canadian Press/Adrian Wyld)", "language": "en-US", "link": "https://www.theepochtimes.com/world/quebec-municipality-to-require-visitors-to-scan-qr-code-to-enter-and-leave-5638705", "manual_status_code": 0, "page_rating": 100, "page_rating_contents": 100, "page_rating_visits": 0, "page_rating_votes": 0, "permanent": false, "source": "https://feed.theepochtimes.com/world/feed", "source_obj__id": 106, "status_code": 0, "tags": [], "thumbnail": "https://img.theepochtimes.com/assets/uploads/2023/11/29/id5538160-baseimage-2023-11-29T123826.660-1080x720.jpg", "title": "Quebec Municipality to Require Visitors to Scan QR Code to Enter and Leave", "user": null, "vote": 0}, {"age": null, "album": "", "artist": null, "bookmarked": false, "comments": [], "date_published": "2024-04-27T03:00:53+00:00", "description": "Signs and barricades are placed around Rozelle Parklands for it\u2019s clossure after asbestos was found, in Sydney, Jan. 10, 2024. A newly opened parkland in Sydney near a controversial motorway project has been closed after the discovery of asbestos in mulch surrounding a playground. (AAP Image/Bianca De Marchi)", "language": "en-US", "link": "https://www.theepochtimes.com/world/legal-threat-as-asbestos-park-hit-by-algae-outbreak-5638649", "manual_status_code": 0, "page_rating": 100, "page_rating_contents": 100, "page_rating_visits": 0, "page_rating_votes": 0, "permanent": false, "source": "https://feed.theepochtimes.com/world/feed", "source_obj__id": 106, "status_code": 0, "tags": [], "thumbnail": "https://img.theepochtimes.com/assets/uploads/2024/01/12/id5564056-Sydney-Playground-Asbestos-1080x720.jpeg", "title": "Legal Threat as Asbestos-Park Hit by Algae Outbreak", "user": null, "vote": 0}, {"age": null, "album": "", "artist": null, "bookmarked": false, "comments": [], "date_published": "2024-04-27T02:00:30+00:00", "description": "Remote-controlled stackers and reclaimers moving iron ore at Rio Tinto's Port Dampier operations in Western Australia's Pilbara region. (Amy Coopes/AFP/Getty Images)", "language": "en-US", "link": "https://www.theepochtimes.com/world/treasurer-faces-hard-truths-in-global-industrial-race-5638643", "manual_status_code": 0, "page_rating": 100, "page_rating_contents": 100, "page_rating_visits": 0, "page_rating_votes": 0, "permanent": false, "source": "https://feed.theepochtimes.com/world/feed", "source_obj__id": 106, "status_code": 0, "tags": [], "thumbnail": "https://img.theepochtimes.com/assets/uploads/2018/11/12/Western-Australia-Mining-700x420.jpg", "title": "Treasurer Faces \u2018Hard Truths\u2019 in Global Industrial Race", "user": null, "vote": 0}, {"age": null, "album": "", "artist": null, "bookmarked": false, "comments": [], "date_published": "2024-04-27T01:00:42+00:00", "description": "Ambulances arrive at St Vincent's Hospital in Sydney, Australia, on Dec. 28, 2021. (Jenny Evans/Getty Images)", "language": "en-US", "link": "https://www.theepochtimes.com/world/half-of-nurses-midwives-considering-leaving-profession-5638640", "manual_status_code": 0, "page_rating": 100, "page_rating_contents": 100, "page_rating_visits": 0, "page_rating_votes": 0, "permanent": false, "source": "https://feed.theepochtimes.com/world/feed", "source_obj__id": 106, "status_code": 0, "tags": [], "thumbnail": "https://img.theepochtimes.com/assets/uploads/2023/07/15/id5401425-GettyImages-1361423574-700x420.jpg", "title": "Half of Nurses, Midwives Considering Leaving Profession", "user": null, "vote": 0}, {"age": null, "album": "", "artist": null, "bookmarked": false, "comments": [], "date_published": "2024-04-27T00:00:24+00:00", "description": "A Medicare and Centrelink office sign is seen at Bondi Junction in Sydney, Australia, on March 21, 2016. (Matt King/Getty Images)", "language": "en-US", "link": "https://www.theepochtimes.com/world/centrelink-claims-backlog-slashed-after-hiring-blitz-5638637", "manual_status_code": 0, "page_rating": 100, "page_rating_contents": 100, "page_rating_visits": 0, "page_rating_votes": 0, "permanent": false, "source": "https://feed.theepochtimes.com/world/feed", "source_obj__id": 106, "status_code": 0, "tags": [], "thumbnail": "https://img.theepochtimes.com/assets/uploads/2023/01/18/GettyImages-516773046-700x420.jpg", "title": "Centrelink Claims Backlog Slashed After Hiring Blitz", "user": null, "vote": 0}]