[{"age": null, "album": "", "artist": null, "bookmarked": false, "comments": [], "date_published": "2024-04-27T10:54:48+00:00", "description": "Oppo A60 sports a dual rear camera setup", "language": "en", "link": "https://www.gadgets360.com/mobiles/news/oppo-a60-price-launch-sale-specifications-features-5535722", "manual_status_code": 0, "page_rating": 100, "page_rating_contents": 100, "page_rating_visits": 0, "page_rating_votes": 0, "permanent": false, "source": "https://feeds.feedburner.com/gadgets360-latest", "source_obj__id": 124, "status_code": 0, "tags": [], "thumbnail": "https://i.gadgets360cdn.com/large/oppo_a60_1714214258814.jpg", "title": "Oppo A60 With 6.67-inch LCD Screen, Snapdragon 680 SoC Launched: Price, Specifications", "user": null, "vote": 0}, {"age": null, "album": "", "artist": null, "bookmarked": false, "comments": [], "date_published": "2024-04-27T09:31:12+00:00", "description": "Alphabet joined Apple, Microsoft, Saudi Aramco, and Nvidia in crossing the $2 trillion threshold", "language": "en", "link": "https://www.gadgets360.com/internet/news/alphabet-usd-2-trillion-market-capitalisation-google-ai-strength-5535304", "manual_status_code": 0, "page_rating": 100, "page_rating_contents": 100, "page_rating_visits": 0, "page_rating_votes": 0, "permanent": false, "source": "https://feeds.feedburner.com/gadgets360-latest", "source_obj__id": 124, "status_code": 0, "tags": [], "thumbnail": "https://i.gadgets360cdn.com/large/google_bb_1688462889339.jpg", "title": "Google Parent Alphabet Joins $2 Trillion Club as Results Show AI Strength", "user": null, "vote": 0}, {"age": null, "album": "", "artist": null, "bookmarked": false, "comments": [], "date_published": "2024-04-27T08:07:12+00:00", "description": "App passwords will also need to be set up again after a password reset", "language": "en", "link": "https://www.gadgets360.com/mobiles/news/apple-id-login-password-reset-error-bug-how-to-fix-5534544", "manual_status_code": 0, "page_rating": 100, "page_rating_contents": 100, "page_rating_visits": 0, "page_rating_votes": 0, "permanent": false, "source": "https://feeds.feedburner.com/gadgets360-latest", "source_obj__id": 124, "status_code": 0, "tags": [], "thumbnail": "https://i.gadgets360cdn.com/large/iphone_unsplash_1709213870431.jpg", "title": "Apple ID Account Bug Locks Some Users Out of Accounts, Forces Password Reset", "user": null, "vote": 0}, {"age": null, "album": "", "artist": null, "bookmarked": false, "comments": [], "date_published": "2024-04-27T06:38:38+00:00", "description": "Google Pixel 8a is expected to succeed last year's Pixel 7a (pictured) smartphone", "language": "en", "link": "https://www.gadgets360.com/mobiles/news/google-pixel-8a-ai-features-reveal-leak-specifications-expected-5534273", "manual_status_code": 0, "page_rating": 100, "page_rating_contents": 100, "page_rating_visits": 0, "page_rating_votes": 0, "permanent": false, "source": "https://feeds.feedburner.com/gadgets360-latest", "source_obj__id": 124, "status_code": 0, "tags": [], "thumbnail": "https://i.gadgets360cdn.com/large/7a_pixel_blog_google_1710835187551.jpg", "title": "Google Pixel 8a Video Showing AI Features Leaks; Promotional Images Indicate 7-Year Software Support", "user": null, "vote": 0}, {"age": null, "album": "", "artist": null, "bookmarked": false, "comments": [], "date_published": "2024-04-27T03:58:34+00:00", "description": "Vivo X100 series (pictured) was previously launched in India and other markets", "language": "en", "link": "https://www.gadgets360.com/mobiles/news/vivo-x100-ultra-s19-certification-china-launch-specifications-expected-5533491", "manual_status_code": 0, "page_rating": 100, "page_rating_contents": 100, "page_rating_visits": 0, "page_rating_votes": 0, "permanent": false, "source": "https://feeds.feedburner.com/gadgets360-latest", "source_obj__id": 124, "status_code": 0, "tags": [], "thumbnail": "https://i.gadgets360cdn.com/large/vivo_x100_blue_black_1704353178034.jpg", "title": "Vivo X100 Ultra, Vivo S19 and Vivo S19 Pro Bag 3C Certification Ahead of Anticipated Launch in China", "user": null, "vote": 0}, {"age": null, "album": "", "artist": null, "bookmarked": false, "comments": [], "date_published": "2024-04-27T02:39:58+00:00", "description": "Apple is said to be seeking partners to power a chatbot-like feature akin to OpenAI\u2019s ChatGPT", "language": "en", "link": "https://www.gadgets360.com/mobiles/news/apple-openai-iphone-generative-ai-features-discussions-5533308", "manual_status_code": 0, "page_rating": 100, "page_rating_contents": 100, "page_rating_visits": 0, "page_rating_votes": 0, "permanent": false, "source": "https://feeds.feedburner.com/gadgets360-latest", "source_obj__id": 124, "status_code": 0, "tags": [], "thumbnail": "https://i.gadgets360cdn.com/large/iphone_410848249_bloomberg_1714185243836.jpg", "title": "Apple Renews Talks With OpenAI for iPhone Generative AI Features", "user": null, "vote": 0}]