[{"age": null, "album": "", "artist": null, "bookmarked": false, "comments": [], "date_published": "2024-04-27T21:04:00+00:00", "description": "Im oberbayerischen Murnau sind zwei ukrainische M\u00e4nner get\u00f6tet worden. Der mutma\u00dfliche T\u00e4ter wurde kurz darauf gefasst. Es handelt es sich laut Polizei um einen Russen.", "language": "de", "link": "https://www.spiegel.de/panorama/justiz/garmisch-partenkirchen-zwei-ukrainische-maenner-in-murnau-getoetet-mutmasslicher-taeter-gefasst-a-e463a975-0044-4f84-b38c-c776db7c69ab#ref=rss", "manual_status_code": 0, "page_rating": 100, "page_rating_contents": 100, "page_rating_visits": 0, "page_rating_votes": 0, "permanent": false, "source": "https://www.spiegel.de/schlagzeilen/index.rss", "source_obj__id": 84, "status_code": 0, "tags": [], "thumbnail": null, "title": "Garmisch-Partenkirchen: Zwei ukrainische M\u00e4nner in Murnau get\u00f6tet \u2013 mutma\u00dflicher T\u00e4ter gefasst", "user": null, "vote": 0}, {"age": null, "album": "", "artist": null, "bookmarked": false, "comments": [], "date_published": "2024-04-27T20:45:00+00:00", "description": "Dieses St\u00fcck Zeitgeschichte war einem Bieter eine Rekordsumme wert: Mit umgerechnet etwa 1,4 Millionen Euro ist die goldene Uhr das teuerste \u00bbTitanic\u00ab-Andenken. Ihr Besitzer geh\u00f6rte 1912 zu den wohlhabendsten Menschen der Welt.", "language": "de", "link": "https://www.spiegel.de/panorama/leute/titanic-goldene-taschenuhr-des-wohlhabendsten-passagiers-john-jacob-astor-fuer-1-175-millionen-pfund-versteigert-a-9d1a256f-734a-4ce9-a726-1f6f77d4ee2d#ref=rss", "manual_status_code": 0, "page_rating": 100, "page_rating_contents": 100, "page_rating_visits": 0, "page_rating_votes": 0, "permanent": false, "source": "https://www.spiegel.de/schlagzeilen/index.rss", "source_obj__id": 84, "status_code": 0, "tags": [], "thumbnail": null, "title": "Titanic: Goldene Taschenuhr des wohlhabendsten Passagiers John Jacob Astor f\u00fcr 1,175 Millionen Pfund versteigert", "user": null, "vote": 0}, {"age": null, "album": "", "artist": null, "bookmarked": false, "comments": [], "date_published": "2024-04-27T20:43:00+00:00", "description": "In sechs Partien hatte Fortuna D\u00fcsseldorf zuletzt den Platz als Sieger verlassen. Bei Schalke 04 hingegen reichte es nur zu einem Unentschieden. Die Fortuna bliebt aber weiter aussichtsreich im Aufstiegsrennen.", "language": "de", "link": "https://www.spiegel.de/sport/fussball/2-bundesliga-schalke-04-beendet-erfolgsserie-von-fortuna-duesseldorf-a-c8c373f3-374d-4c61-bde5-020d7efb477a#ref=rss", "manual_status_code": 0, "page_rating": 100, "page_rating_contents": 100, "page_rating_visits": 0, "page_rating_votes": 0, "permanent": false, "source": "https://www.spiegel.de/schlagzeilen/index.rss", "source_obj__id": 84, "status_code": 0, "tags": [], "thumbnail": null, "title": "2. Bundesliga: Schalke 04 beendet Erfolgsserie von Fortuna D\u00fcsseldorf", "user": null, "vote": 0}, {"age": null, "album": "", "artist": null, "bookmarked": false, "comments": [], "date_published": "2024-04-27T20:06:00+00:00", "description": "Nach der \u00fcberraschenden Aufhebung seiner Verurteilung wegen Sexualverbrechen soll Harvey Weinstein kommende Woche vor Gericht erscheinen. Nun berichtet der Anwalt des Filmproduzenten: sein Klient befinde sich im Krankenhaus.", "language": "de", "link": "https://www.spiegel.de/panorama/harvey-weinstein-nach-aufgehobenem-vergewaltigungsurteil-ins-krankenhaus-eingeliefert-a-fc205245-c0a0-4fe9-a030-8dfd1257c5b9#ref=rss", "manual_status_code": 0, "page_rating": 100, "page_rating_contents": 100, "page_rating_visits": 0, "page_rating_votes": 0, "permanent": false, "source": "https://www.spiegel.de/schlagzeilen/index.rss", "source_obj__id": 84, "status_code": 0, "tags": [], "thumbnail": null, "title": "Harvey Weinstein offenbar ins Krankenhaus eingeliefert", "user": null, "vote": 0}, {"age": null, "album": "", "artist": null, "bookmarked": false, "comments": [], "date_published": "2024-04-27T19:57:00+00:00", "description": "Der FC Barcelona steht erneut im Finale der Champions League der Frauen. Die Gegnerinnen vom FC Chelsea scheiterten an der Verwertung ihrer Chancen, die gr\u00f6\u00dfte vergab Ex-Nationalspielerin Melanie Leupolz.", "language": "de", "link": "https://www.spiegel.de/sport/fussball/champions-league-halbfinale-chelsea-verpasst-das-finale-auch-weil-leupolz-das-leere-tor-nicht-trifft-a-d7fd63bb-17f5-4b05-8000-64334c48b6f7#ref=rss", "manual_status_code": 0, "page_rating": 100, "page_rating_contents": 100, "page_rating_visits": 0, "page_rating_votes": 0, "permanent": false, "source": "https://www.spiegel.de/schlagzeilen/index.rss", "source_obj__id": 84, "status_code": 0, "tags": [], "thumbnail": null, "title": "Champions League: FC Chelsea verpasst Finale", "user": null, "vote": 0}, {"age": null, "album": "", "artist": null, "bookmarked": false, "comments": [], "date_published": "2024-04-27T19:50:00+00:00", "description": "Bayer Leverkusen macht es gegen den VfB Stuttgart schon wieder: Erneut hat das Team in der Nachspielzeit getroffen und die erste Saisonniederlage verhindert. Trainer Xabi Alonso d\u00fcrfte kurz vor der Heiligsprechung stehen.", "language": "de", "link": "https://www.spiegel.de/sport/fussball/leverkusen-remis-gegen-vfb-stuttgart-alles-hat-ein-ende-nur-die-bayer-serie-nicht-a-371536a7-5865-4c9f-bf2d-2f6c1b829a22#ref=rss", "manual_status_code": 0, "page_rating": 100, "page_rating_contents": 100, "page_rating_visits": 0, "page_rating_votes": 0, "permanent": false, "source": "https://www.spiegel.de/schlagzeilen/index.rss", "source_obj__id": 84, "status_code": 0, "tags": [], "thumbnail": null, "title": "Bayer-Leverkusen vs. VfB Stuttgart: Alles hat ein Ende, nur die Bayer-Serie nicht", "user": null, "vote": 0}, {"age": null, "album": "", "artist": null, "bookmarked": false, "comments": [], "date_published": "2024-04-27T19:27:00+00:00", "description": "Den Grundstein ihres Reichtums legte die Schweiz \u00fcber Jahrhunderte mit der Ausfuhr von \u00bbWaren\u00ab, die bei Europas Monarchen hohe Preise erzielten: Junge M\u00e4nner \u2013 auf Schlachtfeldern k\u00e4mpften mitunter Schweizer gegen Schweizer.", "language": "de", "link": "https://www.spiegel.de/geschichte/soeldnerland-schweiz-alpenkrieger-als-exportware-a-b1603e77-5651-42de-a619-20d31aeb33c1#ref=rss", "manual_status_code": 0, "page_rating": 100, "page_rating_contents": 100, "page_rating_visits": 0, "page_rating_votes": 0, "permanent": false, "source": "https://www.spiegel.de/schlagzeilen/index.rss", "source_obj__id": 84, "status_code": 0, "tags": [], "thumbnail": null, "title": "S\u00f6ldnerland Schweiz: Alpenkrieger als Exportware", "user": null, "vote": 0}, {"age": null, "album": "", "artist": null, "bookmarked": false, "comments": [], "date_published": "2024-04-27T19:19:00+00:00", "description": "Ex-Bundeskanzler Gerhard Schr\u00f6der hat zu einer Geburtstagsparty in ein Berliner Promi-Restaurant geladen. Bekannte G\u00e4ste waren dabei, die amtierende SPD-Spitze jedoch nicht.", "language": "de", "link": "https://www.spiegel.de/politik/deutschland/gerhard-schroeder-feiert-80-geburtstag-mit-kubicki-gysi-und-gabriel-a-19af8bc8-0b6b-4231-b288-cd21c5cc18d3#ref=rss", "manual_status_code": 0, "page_rating": 100, "page_rating_contents": 100, "page_rating_visits": 0, "page_rating_votes": 0, "permanent": false, "source": "https://www.spiegel.de/schlagzeilen/index.rss", "source_obj__id": 84, "status_code": 0, "tags": [], "thumbnail": null, "title": "Gerhard Schr\u00f6der feiert 80. Geburtstag mit Kubicki, Gysi und Gabriel", "user": null, "vote": 0}, {"age": null, "album": "", "artist": null, "bookmarked": false, "comments": [], "date_published": "2024-04-27T19:12:00+00:00", "description": "Es fehlt weiter jede Spur von Arian aus Bremerv\u00f6rde. Nun sollen noch mehr Hilfskr\u00e4fte ausr\u00fccken, um den autistischen Jungen zu finden. Auch aus der Luft soll die Suche fortgesetzt werden.", "language": "de", "link": "https://www.spiegel.de/panorama/justiz/bremervoerde-800-einsatzkraefte-suchen-am-sonntag-nach-vermisstem-sechsjaehrigen-arian-a-37d2247a-5841-45f2-a0c1-fdadbf4b7bc4#ref=rss", "manual_status_code": 0, "page_rating": 100, "page_rating_contents": 100, "page_rating_visits": 0, "page_rating_votes": 0, "permanent": false, "source": "https://www.spiegel.de/schlagzeilen/index.rss", "source_obj__id": 84, "status_code": 0, "tags": [], "thumbnail": null, "title": "Bremerv\u00f6rde: 800 Einsatzkr\u00e4fte suchen am Sonntag nach vermisstem Sechsj\u00e4hrigen Arian", "user": null, "vote": 0}, {"age": null, "album": "", "artist": null, "bookmarked": false, "comments": [], "date_published": "2024-04-27T19:09:00+00:00", "description": "Das K\u00f6nigsklassen-Duell mit Real Madrid haben sie vor der Brust, die Bayern stehen vor dem Schl\u00fcsselmoment dieser Saison. Trotzdem ging es rund um das Bundesligaspiel gegen Frankfurt kaum ums Sportliche.", "language": "de", "link": "https://www.spiegel.de/sport/fussball/fc-bayern-muenchen-unruhe-vor-champions-league-halbfinale-uli-hoeness-attackiert-thomas-tuchel-kontert-a-d2d99853-1439-4021-aeaa-80af2a7e0588#ref=rss", "manual_status_code": 0, "page_rating": 100, "page_rating_contents": 100, "page_rating_visits": 0, "page_rating_votes": 0, "permanent": false, "source": "https://www.spiegel.de/schlagzeilen/index.rss", "source_obj__id": 84, "status_code": 0, "tags": [], "thumbnail": null, "title": "FC Bayern M\u00fcnchen: Unruhe vor Champions-League-Halbfinale \u2013 Uli Hoene\u00df attackiert, Thomas Tuchel kontert", "user": null, "vote": 0}, {"age": null, "album": "", "artist": null, "bookmarked": false, "comments": [], "date_published": "2024-04-27T18:57:00+00:00", "description": "Die Pl\u00e4ne gelten als Frontalangriff gegen die Ampel-Partner: Eine gro\u00dfe Mehrheit hat beim FDP-Parteitag f\u00fcr die Forderungen nach einer anderen Wirtschaftspolitik gestimmt.", "language": "de", "link": "https://www.spiegel.de/politik/deutschland/fdp-bundesparteitag-beschliesst-leitantrag-zur-wirtschaftswende-a-fc17add3-f674-4929-924d-e361d9542e1d#ref=rss", "manual_status_code": 0, "page_rating": 100, "page_rating_contents": 100, "page_rating_visits": 0, "page_rating_votes": 0, "permanent": false, "source": "https://www.spiegel.de/schlagzeilen/index.rss", "source_obj__id": 84, "status_code": 0, "tags": [], "thumbnail": null, "title": "FDP-Bundesparteitag beschlie\u00dft Leitantrag zur \u00bbWirtschaftswende\u00ab", "user": null, "vote": 0}, {"age": null, "album": "", "artist": null, "bookmarked": false, "comments": [], "date_published": "2024-04-27T18:29:00+00:00", "description": "Dreimal hatte der VfB Stuttgart Bayer Leverkusen an der Grenze einer Niederlage, dreimal fand Bayer einen Weg zur\u00fcck in das Spiel \u2013 und glich erneut mit der letzten Aktion des Spiels aus.", "language": "de", "link": "https://www.spiegel.de/sport/fussball/fussball-bundesliga-bayer-leverkusen-spielt-remis-gegen-den-vfb-stuttgart-a-2cc119fc-cfef-496c-b6d3-1e73cdb11b77#ref=rss", "manual_status_code": 0, "page_rating": 100, "page_rating_contents": 100, "page_rating_visits": 0, "page_rating_votes": 0, "permanent": false, "source": "https://www.spiegel.de/schlagzeilen/index.rss", "source_obj__id": 84, "status_code": 0, "tags": [], "thumbnail": null, "title": "Fu\u00dfball-Bundesliga: Bayer Leverkusen spielt Remis gegen den VfB Stuttgart", "user": null, "vote": 0}, {"age": null, "album": "", "artist": null, "bookmarked": false, "comments": [], "date_published": "2024-04-27T18:19:00+00:00", "description": "Zwei Wochen lang haben propal\u00e4stinensische Aktivisten im Regierungsviertel protestiert. Die Berliner Polizei hat die Aktion verboten und den Platz ger\u00e4umt. Dennoch gibt es weiterhin Rangeleien und Spontandemos.", "language": "de", "link": "https://www.spiegel.de/politik/berlin-rangeleien-trotz-raeumung-des-protestcamps-von-propalaestinensischen-aktivisten-a-aa9dd72b-0a3b-4ad3-9c38-ab52b966dd8f#ref=rss", "manual_status_code": 0, "page_rating": 100, "page_rating_contents": 100, "page_rating_visits": 0, "page_rating_votes": 0, "permanent": false, "source": "https://www.spiegel.de/schlagzeilen/index.rss", "source_obj__id": 84, "status_code": 0, "tags": [], "thumbnail": null, "title": "Berlin: Rangeleien trotz R\u00e4umung des Protestcamps von Propal\u00e4stinensischen Aktivisten", "user": null, "vote": 0}, {"age": null, "album": "", "artist": null, "bookmarked": false, "comments": [], "date_published": "2024-04-27T18:08:00+00:00", "description": "Mitarbeiter des Hamburger Zollamts m\u00fcssen besonders gut auf ihre Notebooks achten \u2013 denn f\u00fcr neue ist in diesem Jahr wenig Geld da. Nach SPIEGEL-Informationen zwingt die Haushaltslage die Beh\u00f6rde zu ungew\u00f6hnlichen Ma\u00dfnahmen.", "language": "de", "link": "https://www.spiegel.de/panorama/zoll-kein-geld-fuer-notebooks-im-hamburger-hauptzollamt-a-e31836f0-aa17-40fb-91f8-4abf6363a79e#ref=rss", "manual_status_code": 0, "page_rating": 100, "page_rating_contents": 100, "page_rating_visits": 0, "page_rating_votes": 0, "permanent": false, "source": "https://www.spiegel.de/schlagzeilen/index.rss", "source_obj__id": 84, "status_code": 0, "tags": [], "thumbnail": null, "title": "Zoll: Kein Geld f\u00fcr Notebooks im Hamburger Hauptzollamt", "user": null, "vote": 0}, {"age": null, "album": "", "artist": null, "bookmarked": false, "comments": [], "date_published": "2024-04-27T17:59:00+00:00", "description": "129 israelische Geiseln sollen noch in der Gewalt der Hamas sein. Nach langer Funkstille hat die Terrororganisation innerhalb weniger Tage ein zweites Video ver\u00f6ffentlicht. Der Zeitpunkt scheint nicht zuf\u00e4llig.", "language": "de", "link": "https://www.spiegel.de/ausland/nahost-konflikt-terrororganisation-hamas-veroeffentlicht-neues-geisel-video-a-283dbb38-901e-49db-aac9-1c4cb9560db4#ref=rss", "manual_status_code": 0, "page_rating": 100, "page_rating_contents": 100, "page_rating_visits": 0, "page_rating_votes": 0, "permanent": false, "source": "https://www.spiegel.de/schlagzeilen/index.rss", "source_obj__id": 84, "status_code": 0, "tags": [], "thumbnail": null, "title": "Nahost-Konflikt: Terrororganisation Hamas ver\u00f6ffentlicht neues Geisel-Video", "user": null, "vote": 0}, {"age": null, "album": "", "artist": null, "bookmarked": false, "comments": [], "date_published": "2024-04-27T17:52:00+00:00", "description": "Christian Lindner versucht den Spagat: Beim Parteitag wirbt der FDP-Chef f\u00fcr seine umstrittenen Wirtschaftspl\u00e4ne. Zugleich k\u00e4mpft er gegen den Eindruck, die Liberalen arbeiteten am Koalitionsbruch. Gelingt so der Ausweg aus dem Umfragetief?", "language": "de", "link": "https://www.spiegel.de/politik/deutschland/fdp-parteitag-und-ampel-zoff-preisen-und-zuendeln-a-843e2526-0217-4e80-96d4-293c7656d04e#ref=rss", "manual_status_code": 0, "page_rating": 100, "page_rating_contents": 100, "page_rating_visits": 0, "page_rating_votes": 0, "permanent": false, "source": "https://www.spiegel.de/schlagzeilen/index.rss", "source_obj__id": 84, "status_code": 0, "tags": [], "thumbnail": null, "title": "FDP-Parteitag und Ampel-Zoff: Preisen und z\u00fcndeln", "user": null, "vote": 0}, {"age": null, "album": "", "artist": null, "bookmarked": false, "comments": [], "date_published": "2024-04-27T17:46:00+00:00", "description": "Scherze \u00fcber Geiseln? \u00dcber muslimische Diktatoren oder j\u00fcdische Besatzer? Bassem Youssef, der ber\u00fchmteste Komiker der arabischsprachigen Welt, f\u00fcllt damit Hallen in London, Rotterdam und Hamburg.", "language": "de", "link": "https://www.spiegel.de/panorama/bassem-youssef-auf-deutschland-tour-er-macht-noch-witze-ueber-gaza-und-geiseln-a-4860051f-c59e-46c6-a0c6-b72cc1535f90#ref=rss", "manual_status_code": 0, "page_rating": 100, "page_rating_contents": 100, "page_rating_visits": 0, "page_rating_votes": 0, "permanent": false, "source": "https://www.spiegel.de/schlagzeilen/index.rss", "source_obj__id": 84, "status_code": 0, "tags": [], "thumbnail": null, "title": "Bassem Youssef auf Deutschland-Tour: Er macht noch Witze \u00fcber Gaza und Geiseln", "user": null, "vote": 0}, {"age": null, "album": "", "artist": null, "bookmarked": false, "comments": [], "date_published": "2024-04-27T17:43:00+00:00", "description": "Die US-Regierung braucht TikTok im Wahlkampf, bek\u00e4mpft die Videoplattform aber h\u00e4rter als jedes andere Techunternehmen. Schlechte Nachrichten f\u00fcr die App-Eigner kommen jetzt aus allen Ecken und Enden \u2013 auch von innen.", "language": "de", "link": "https://www.spiegel.de/netzwelt/netzpolitik/tiktok-in-den-usa-die-angst-der-amerikaner-vor-tiktok-a-72ee45d9-2102-4212-b545-a91607f19a0e#ref=rss", "manual_status_code": 0, "page_rating": 100, "page_rating_contents": 100, "page_rating_visits": 0, "page_rating_votes": 0, "permanent": false, "source": "https://www.spiegel.de/schlagzeilen/index.rss", "source_obj__id": 84, "status_code": 0, "tags": [], "thumbnail": null, "title": "TikTok in den USA: Die Angst der Amerikaner vor Tiktok", "user": null, "vote": 0}, {"age": null, "album": "", "artist": null, "bookmarked": false, "comments": [], "date_published": "2024-04-27T17:40:00+00:00", "description": "Das Wirtschaftsprofil sch\u00e4rfen, die eigenen Leistungen in der Ampel besser kommunizieren \u2013 das hat sich die FDP f\u00fcr ihren Parteitag in Berlin vorgenommen. Doch angesichts schlechter Umfragewerte rumort es an der Basis.", "language": "de", "link": "https://www.spiegel.de/politik/deutschland/fdp-parteitag-christian-linder-setzt-auf-wirtschaftswende-koalitionsbruch-kein-thema-a-b79fa0c1-d6e7-45ec-83a6-e4f3c9a98f18#ref=rss", "manual_status_code": 0, "page_rating": 100, "page_rating_contents": 100, "page_rating_visits": 0, "page_rating_votes": 0, "permanent": false, "source": "https://www.spiegel.de/schlagzeilen/index.rss", "source_obj__id": 84, "status_code": 0, "tags": [], "thumbnail": null, "title": "FDP-Parteitag: Christian Linder setzt auf Wirtschaftswende, Koalitionsbruch kein Thema", "user": null, "vote": 0}, {"age": null, "album": "", "artist": null, "bookmarked": false, "comments": [], "date_published": "2024-04-27T17:07:00+00:00", "description": "Die CSU hat gro\u00dfe Ziele f\u00fcr die Europawahl, doch das Verh\u00e4ltnis ihrer Spitzenleute ist weiter frostig. Beim Parteitag in Passau meiden sich Markus S\u00f6der und Manfred Weber, so gut es geht. Dabei bleibt die gr\u00f6\u00dfte Streitfrage unbeantwortet.", "language": "de", "link": "https://www.spiegel.de/politik/deutschland/csu-europaparteitag-wo-genau-steht-noch-mal-die-brandmauer-a-0089c163-1801-47d5-9ac3-731bda2438f1#ref=rss", "manual_status_code": 0, "page_rating": 100, "page_rating_contents": 100, "page_rating_visits": 0, "page_rating_votes": 0, "permanent": false, "source": "https://www.spiegel.de/schlagzeilen/index.rss", "source_obj__id": 84, "status_code": 0, "tags": [], "thumbnail": null, "title": "CSU-Europaparteitag: Wo genau steht noch mal die Brandmauer?", "user": null, "vote": 0}, {"age": null, "album": "", "artist": null, "bookmarked": false, "comments": [], "date_published": "2024-04-27T17:01:00+00:00", "description": "Die CDU hat zu wenige Frauen und wirbt um Migranten. Beste Voraussetzungen f\u00fcr die Bundestagsabgeordnete Serap G\u00fcler. W\u00e4re da nicht Friedrich Merz.", "language": "de", "link": "https://www.spiegel.de/politik/deutschland/serap-gueler-warum-die-cdu-hoffnungstraegerin-unter-friedrich-merz-so-hart-kaempfen-muss-a-6a497ccd-4b5e-4aff-83e3-0e8585bd04c3#ref=rss", "manual_status_code": 0, "page_rating": 100, "page_rating_contents": 100, "page_rating_visits": 0, "page_rating_votes": 0, "permanent": false, "source": "https://www.spiegel.de/schlagzeilen/index.rss", "source_obj__id": 84, "status_code": 0, "tags": [], "thumbnail": null, "title": "Serap G\u00fcler: Warum die CDU-Hoffnungstr\u00e4gerin unter Friedrich Merz so hart k\u00e4mpfen muss", "user": null, "vote": 0}, {"age": null, "album": "", "artist": null, "bookmarked": false, "comments": [], "date_published": "2024-04-27T16:22:00+00:00", "description": "Krisen k\u00f6nnen wir nicht weglachen. Aber eine humorvolle Haltung hilft, psychisch stabil zu bleiben. Das zeigt auch die Forschung. Worauf es ankommt, sagt Neurologe und Bestsellerautor Volker Busch.", "language": "de", "link": "https://www.spiegel.de/familie/mentale-gesundheit-lachen-und-humor-helfen-der-psyche-podcast-mit-volker-busch-a-92e57c2a-4758-4e6f-9b54-b5626325344d#ref=rss", "manual_status_code": 0, "page_rating": 100, "page_rating_contents": 100, "page_rating_visits": 0, "page_rating_votes": 0, "permanent": false, "source": "https://www.spiegel.de/schlagzeilen/index.rss", "source_obj__id": 84, "status_code": 0, "tags": [], "thumbnail": null, "title": "Mentale Gesundheit: Lachen und Humor helfen der Psyche - Podcast mit Volker Busch", "user": null, "vote": 0}, {"age": null, "album": "", "artist": null, "bookmarked": false, "comments": [], "date_published": "2024-04-27T16:16:00+00:00", "description": "Es gab rote Rosen f\u00fcr David Cameron, Saharastaub \u00fcber Athen und Spiderman am Strand von S\u00fcdfrankreich: unsere Motive der Woche.", "language": "de", "link": "https://www.spiegel.de/panorama/bilder-der-woche-rote-rosen-fuer-david-cameron-saharastaub-ueber-athen-und-spiderman-am-strand-von-suedfrankreich-a-2ebbd8b2-0984-4885-bddc-882f890b4d91#ref=rss", "manual_status_code": 0, "page_rating": 100, "page_rating_contents": 100, "page_rating_visits": 0, "page_rating_votes": 0, "permanent": false, "source": "https://www.spiegel.de/schlagzeilen/index.rss", "source_obj__id": 84, "status_code": 0, "tags": [], "thumbnail": null, "title": "Bilder der Woche: Rote Rosen f\u00fcr David Cameron, Saharastaub \u00fcber Athen und Spiderman am Strand von S\u00fcdfrankreich", "user": null, "vote": 0}, {"age": null, "album": "", "artist": null, "bookmarked": false, "comments": [], "date_published": "2024-04-27T16:15:00+00:00", "description": "T\u00e4glich gut 20.000 Menschen bestaunen in Paris die Mona Lisa. Das Louvre h\u00e4lt die Bedingungen f\u00fcr \u00bbnicht ideal\u00ab. Die Museums-Chefin Laurence Des Cars denkt an einen eigenen Saal f\u00fcr das weltber\u00fchmte \u00d6lgem\u00e4lde.", "language": "de", "link": "https://www.spiegel.de/panorama/louvre-chefin-plant-bessere-praesentation-der-mona-lisa-a-4bc3f1ed-1780-4cc7-916c-d5dd309f0c51#ref=rss", "manual_status_code": 0, "page_rating": 100, "page_rating_contents": 100, "page_rating_visits": 0, "page_rating_votes": 0, "permanent": false, "source": "https://www.spiegel.de/schlagzeilen/index.rss", "source_obj__id": 84, "status_code": 0, "tags": [], "thumbnail": null, "title": "Louvre-Chefin plant bessere Pr\u00e4sentation der Mona Lisa", "user": null, "vote": 0}, {"age": null, "album": "", "artist": null, "bookmarked": false, "comments": [], "date_published": "2024-04-27T16:09:00+00:00", "description": "Bringt BMW seinen iX5 mit Brennstoffzellenantrieb in Serie? Das Fahren im Prototyp imponiert, daf\u00fcr hapert es an anderer Stelle.", "language": "de", "link": "https://www.spiegel.de/auto/bmw-ix5-hydrogen-im-test-das-ist-die-wasserstoff-hoffnung-von-bmw-a-6c4c5857-8aa3-4ff2-be3e-ecd52634f81a#ref=rss", "manual_status_code": 0, "page_rating": 100, "page_rating_contents": 100, "page_rating_visits": 0, "page_rating_votes": 0, "permanent": false, "source": "https://www.spiegel.de/schlagzeilen/index.rss", "source_obj__id": 84, "status_code": 0, "tags": [], "thumbnail": null, "title": "BMW iX5 Hydrogen im Test: Das ist die Wasserstoff-Hoffnung von BMW", "user": null, "vote": 0}, {"age": null, "album": "", "artist": null, "bookmarked": false, "comments": [], "date_published": "2024-04-27T16:08:00+00:00", "description": "Ich trainiere, habe ein Ziel, den Wettkampf unmittelbar vor den Augen. Dann kommt die Erk\u00e4ltung. Manchmal muss man als L\u00e4ufer \u00fcber sich hinaus wachsen \u2013 und die Schuhe stehen lassen.", "language": "de", "link": "https://www.spiegel.de/fitness/newsletter-spiegel-laeuft-staerker-werden-ohne-bewegung-a-71a80161-b587-42f7-8903-bf47d3131cae#ref=rss", "manual_status_code": 0, "page_rating": 100, "page_rating_contents": 100, "page_rating_visits": 0, "page_rating_votes": 0, "permanent": false, "source": "https://www.spiegel.de/schlagzeilen/index.rss", "source_obj__id": 84, "status_code": 0, "tags": [], "thumbnail": null, "title": "Newsletter \u00bbSPIEGEL l\u00e4uft\u00ab: St\u00e4rker werden ohne Bewegung", "user": null, "vote": 0}, {"age": null, "album": "", "artist": null, "bookmarked": false, "comments": [], "date_published": "2024-04-27T16:04:00+00:00", "description": "Viele deutsche Eisdielen bieten inzwischen Kugeln in Br\u00f6tchen an und behaupten, es sei eine italienische Tradition. Stimmt denn das? Siziliens ber\u00fchmtester Eismacher Corrado Assenza sagt, was er von dem Trend h\u00e4lt.", "language": "de", "link": "https://www.spiegel.de/stil/eis-im-broetchen-stammt-der-trend-tatsaechlich-aus-sizilien-a-7200eaa1-600e-47b1-97a4-c822903e816a#ref=rss", "manual_status_code": 0, "page_rating": 100, "page_rating_contents": 100, "page_rating_visits": 0, "page_rating_votes": 0, "permanent": false, "source": "https://www.spiegel.de/schlagzeilen/index.rss", "source_obj__id": 84, "status_code": 0, "tags": [], "thumbnail": null, "title": "Eis im Br\u00f6tchen: Stammt der Trend tats\u00e4chlich aus Sizilien?", "user": null, "vote": 0}, {"age": null, "album": "", "artist": null, "bookmarked": false, "comments": [], "date_published": "2024-04-27T16:01:00+00:00", "description": "Bremerhaven ist Vize, damit kennt sich die zweite Stadt im Stadtstaat Bremen aus. Trotz des verpassten Titels ist jetzt etwas anders: Eishockey und ein Teammanager aus der Oberpfalz vermitteln der Region ein neues Selbstbild.", "language": "de", "link": "https://www.spiegel.de/sport/eishockey/fischtown-pinguins-wie-der-erfolg-ganz-bremerhaven-ein-neues-selbstbild-vermittelt-a-83666332-ed48-47ee-b011-5dfae850e17d#ref=rss", "manual_status_code": 0, "page_rating": 100, "page_rating_contents": 100, "page_rating_visits": 0, "page_rating_votes": 0, "permanent": false, "source": "https://www.spiegel.de/schlagzeilen/index.rss", "source_obj__id": 84, "status_code": 0, "tags": [], "thumbnail": null, "title": "Fischtown Pinguins: Wie der Erfolg ganz Bremerhaven ein neues Selbstbild vermittelt", "user": null, "vote": 0}, {"age": null, "album": "", "artist": null, "bookmarked": false, "comments": [], "date_published": "2024-04-27T15:29:00+00:00", "description": "Jetzt schon 35 Saisontore \u2013 auch gegen Eintracht Frankfurt war Torj\u00e4ger Harry Kane der Erfolgsgarant f\u00fcr die Bayern. Im Duell um Tabellenplatz vier hat RB Leipzig Borussia Dortmund deutlich geschlagen.", "language": "de", "link": "https://www.spiegel.de/sport/fussball/fussball-bundesliga-der-fc-bayern-besiegt-eintracht-frankfurt-borussia-dortmund-patzt-in-leipzig-a-c746020f-1aca-4de4-9182-7d20ed437951#ref=rss", "manual_status_code": 0, "page_rating": 100, "page_rating_contents": 100, "page_rating_visits": 0, "page_rating_votes": 0, "permanent": false, "source": "https://www.spiegel.de/schlagzeilen/index.rss", "source_obj__id": 84, "status_code": 0, "tags": [], "thumbnail": null, "title": "Fu\u00dfball-Bundesliga: Der FC Bayern besiegt Eintracht Frankfurt, Borussia Dortmund patzt in Leipzig", "user": null, "vote": 0}, {"age": null, "album": "", "artist": null, "bookmarked": false, "comments": [], "date_published": "2024-04-27T15:23:00+00:00", "description": "Ein immenser Imageschaden, Kosten in Milliardenh\u00f6he, ein umfangreiches Gerichtsverfahren: All das bleibt dem Autobauer Mercedes-Benz erspart. Die US-Justiz will in der Abgasaff\u00e4re keine Anklage erheben.", "language": "de", "link": "https://www.spiegel.de/wirtschaft/unternehmen/mercedes-benz-us-justiz-stellt-strafrechtliche-ermittlungen-in-diesel-affaere-ein-a-df1fab0d-0156-4a3e-8e13-fb0c862c3d6f#ref=rss", "manual_status_code": 0, "page_rating": 100, "page_rating_contents": 100, "page_rating_visits": 0, "page_rating_votes": 0, "permanent": false, "source": "https://www.spiegel.de/schlagzeilen/index.rss", "source_obj__id": 84, "status_code": 0, "tags": [], "thumbnail": null, "title": "Mercedes-Benz: US-Justiz stellt strafrechtliche Ermittlungen in Diesel-Aff\u00e4re ein", "user": null, "vote": 0}, {"age": null, "album": "", "artist": null, "bookmarked": false, "comments": [], "date_published": "2024-04-27T15:06:00+00:00", "description": "Die Sportwissenschaftlerin Ina Hunger erz\u00e4hlt, warum Mannschaftswahlen dem\u00fctigend sein k\u00f6nnen \u2013 und wieso das Gef\u00fchl des Versagens bei einer Turn\u00fcbung schlimmer ausfallen kann als beim Vorrechnen an der Tafel.", "language": "de", "link": "https://www.spiegel.de/deinspiegel/professorin-fuer-sportpaedagogik-ina-hunger-in-einem-guten-sportunterricht-hat-niemand-angst-a-e84453cb-0fd2-4c10-98b4-4f5a3d7424cc#ref=rss", "manual_status_code": 0, "page_rating": 100, "page_rating_contents": 100, "page_rating_visits": 0, "page_rating_votes": 0, "permanent": false, "source": "https://www.spiegel.de/schlagzeilen/index.rss", "source_obj__id": 84, "status_code": 0, "tags": [], "thumbnail": null, "title": "Professorin f\u00fcr Sportp\u00e4dagogik Ina Hunger: \u00bbIn einem guten Sportunterricht hat niemand Angst\u00ab", "user": null, "vote": 0}, {"age": null, "album": "", "artist": null, "bookmarked": false, "comments": [], "date_published": "2024-04-27T15:04:00+00:00", "description": "Bewegung soll Spa\u00df machen. Doch viele Kinder erleben beim Schulsport eher das Gegenteil. Wo genau liegen die Probleme? Und wie sollte man die Sportstunden gestalten, damit alle etwas davon haben?", "language": "de", "link": "https://www.spiegel.de/deinspiegel/anpfiff-fuer-die-schulen-wie-kann-der-sportunterricht-besser-werden-a-1fd1ecde-b6db-407f-94e1-0c33729433a2#ref=rss", "manual_status_code": 0, "page_rating": 100, "page_rating_contents": 100, "page_rating_visits": 0, "page_rating_votes": 0, "permanent": false, "source": "https://www.spiegel.de/schlagzeilen/index.rss", "source_obj__id": 84, "status_code": 0, "tags": [], "thumbnail": null, "title": "Anpfiff f\u00fcr die Schulen: Wie kann der Sportunterricht besser werden?", "user": null, "vote": 0}, {"age": null, "album": "", "artist": null, "bookmarked": false, "comments": [], "date_published": "2024-04-27T14:57:00+00:00", "description": "Der j\u00fcdische Schriftsteller Tomer Dotan-Dreyfus polarisiert mit seiner Kritik an Israel, auf Instagram und Pro-Pal\u00e4stina-Demonstrationen. Will er nur streiten\u00a0oder hat er einen Punkt?", "language": "de", "link": "https://www.spiegel.de/kultur/literatur/israel-gaza-krieg-wie-sich-der-schriftsteller-tomer-dotan-dreyfus-radikalisierte-a-7f8a014d-59d3-4243-b01b-1f0c9ed675ba#ref=rss", "manual_status_code": 0, "page_rating": 100, "page_rating_contents": 100, "page_rating_visits": 0, "page_rating_votes": 0, "permanent": false, "source": "https://www.spiegel.de/schlagzeilen/index.rss", "source_obj__id": 84, "status_code": 0, "tags": [], "thumbnail": null, "title": "Israel-Gaza-Krieg: Wie sich der Schriftsteller Tomer Dotan-Dreyfus radikalisierte", "user": null, "vote": 0}, {"age": null, "album": "", "artist": null, "bookmarked": false, "comments": [], "date_published": "2024-04-27T14:43:00+00:00", "description": "Unrentabel, unpassend, \u00fcberteuert: Die Verbraucherzentrale warnt vor Finanzdienstleistern, die Studierenden Anlage- oder Versicherungsprodukte verkaufen wollen. \u00d6konom Hartmut Walz erkl\u00e4rt, wie man sich davor sch\u00fctzt.", "language": "de", "link": "https://www.spiegel.de/start/versicherungen-fuer-junge-menschen-wie-finanzberater-studierende-koedern-a-302e972e-2cb0-448f-b360-905ac6edebed#ref=rss", "manual_status_code": 0, "page_rating": 100, "page_rating_contents": 100, "page_rating_visits": 0, "page_rating_votes": 0, "permanent": false, "source": "https://www.spiegel.de/schlagzeilen/index.rss", "source_obj__id": 84, "status_code": 0, "tags": [], "thumbnail": null, "title": "Versicherungen f\u00fcr junge Menschen: Wie Finanzberater Studierende k\u00f6dern", "user": null, "vote": 0}, {"age": null, "album": "", "artist": null, "bookmarked": false, "comments": [], "date_published": "2024-04-27T14:40:00+00:00", "description": "Der US-Sender Nickelodeon war in den Neunziger- und fr\u00fchen Nullerjahren eine vermeintliche Traumfabrik f\u00fcr junge Talente. Die Dokumentation \u00bbQuiet on Set\u00ab enth\u00fcllt nun die dunkle Seite. Und erz\u00e4hlt vom Leid hinter den Kulissen.", "language": "de", "link": "https://www.spiegel.de/kultur/tv/nickelodeon-skandal-wir-alle-haben-am-set-dinge-gesehen-die-seltsam-waren-a-b0fe5959-8c00-4202-a320-e2c0f726a738#ref=rss", "manual_status_code": 0, "page_rating": 100, "page_rating_contents": 100, "page_rating_visits": 0, "page_rating_votes": 0, "permanent": false, "source": "https://www.spiegel.de/schlagzeilen/index.rss", "source_obj__id": 84, "status_code": 0, "tags": [], "thumbnail": null, "title": "Nickelodeon-Skandal: \u00bbWir alle haben am Set Dinge gesehen, die seltsam waren\u00ab", "user": null, "vote": 0}, {"age": null, "album": "", "artist": null, "bookmarked": false, "comments": [], "date_published": "2024-04-27T14:35:00+00:00", "description": "Diebstahl in gro\u00dfem Stil: Mit fadenscheinigen Argumenten l\u00e4sst Putin die ihm ergebenen Beh\u00f6rden gegen unliebsame Oligarchen von der Kette. So k\u00f6nnte sich der Staat die besten Unternehmen unter den Nagel rei\u00dfen.", "language": "de", "link": "https://www.spiegel.de/ausland/russland-wladimir-putin-laesst-unliebsame-oligarchen-enteignen-kolumne-a-5b67e145-2958-48e2-b23d-a8d1537bf44f#ref=rss", "manual_status_code": 0, "page_rating": 100, "page_rating_contents": 100, "page_rating_visits": 0, "page_rating_votes": 0, "permanent": false, "source": "https://www.spiegel.de/schlagzeilen/index.rss", "source_obj__id": 84, "status_code": 0, "tags": [], "thumbnail": null, "title": "Russland: Wladimir Putin l\u00e4sst unliebsame Oligarchen enteignen - Kolumne", "user": null, "vote": 0}, {"age": null, "album": "", "artist": null, "bookmarked": false, "comments": [], "date_published": "2024-04-27T14:32:00+00:00", "description": "An diesem Wochenende j\u00e4hren sich zum 30. Mal die ersten freien Wahlen in S\u00fcdafrika. Sie markierten das Ende der Apartheid. Doch eine junge Generation blickt zunehmend mit Wut auf die alten Helden des Widerstands.", "language": "de", "link": "https://www.spiegel.de/ausland/suedafrika-30-jahre-nach-ende-der-apartheid-wie-der-anc-das-land-ruiniert-hat-a-414b9d7c-0514-4770-a099-a9d9bbce85ee#ref=rss", "manual_status_code": 0, "page_rating": 100, "page_rating_contents": 100, "page_rating_visits": 0, "page_rating_votes": 0, "permanent": false, "source": "https://www.spiegel.de/schlagzeilen/index.rss", "source_obj__id": 84, "status_code": 0, "tags": [], "thumbnail": null, "title": "S\u00fcdafrika 30 Jahre nach Ende der Apartheid: Wie der ANC das Land ruiniert hat", "user": null, "vote": 0}, {"age": null, "album": "", "artist": null, "bookmarked": false, "comments": [], "date_published": "2024-04-27T14:30:00+00:00", "description": "Jordan Bardella, 28, ist Spitzenkandidat des rechtspopulistischen Rassemblement National. Er liegt in allen Europawahl-Umfragen auf Platz eins. Und erkl\u00e4rt jedem, dies sei nur eine erste Etappe auf dem Weg zur Macht. Wer ist dieser Mann?", "language": "de", "link": "https://www.spiegel.de/ausland/jordan-bardella-vom-rassemblement-national-der-mann-der-frankreichs-rechte-verzueckt-a-8e162b50-0e15-40ae-a8f0-761791aee307#ref=rss", "manual_status_code": 0, "page_rating": 100, "page_rating_contents": 100, "page_rating_visits": 0, "page_rating_votes": 0, "permanent": false, "source": "https://www.spiegel.de/schlagzeilen/index.rss", "source_obj__id": 84, "status_code": 0, "tags": [], "thumbnail": null, "title": "Jordan Bardella vom \u00bbRassemblement national\u00ab: Der Mann, der Frankreichs Rechte verz\u00fcckt", "user": null, "vote": 0}, {"age": null, "album": "", "artist": null, "bookmarked": false, "comments": [], "date_published": "2024-04-27T14:21:00+00:00", "description": "Bayerns Ehrenpr\u00e4sident Uli Hoene\u00df wirft Thomas Tuchel vor, zu wenig auf junge Spieler zu setzen. Der Trainer reagiert gereizt. Vor dem Duell mit Real Madrid w\u00e4chst der \u00c4rger im Klub.", "language": "de", "link": "https://www.spiegel.de/sport/fc-bayern-muenchen-thomas-tuchel-wehrt-sich-gegen-uli-hoeness-kritik-an-spielerwahl-a-534696f6-0efe-41bf-848a-51da9a402133#ref=rss", "manual_status_code": 0, "page_rating": 100, "page_rating_contents": 100, "page_rating_visits": 0, "page_rating_votes": 0, "permanent": false, "source": "https://www.spiegel.de/schlagzeilen/index.rss", "source_obj__id": 84, "status_code": 0, "tags": [], "thumbnail": null, "title": "FC Bayern M\u00fcnchen: Thomas Tuchel wehrt sich gegen Uli Hoene\u00df' Kritik an Spielerwahl", "user": null, "vote": 0}, {"age": null, "album": "", "artist": null, "bookmarked": false, "comments": [], "date_published": "2024-04-27T14:10:00+00:00", "description": "In Ostafrika ist kein Ende der Unwetter in Sicht. In Tansania und Kenia sind zahlreiche Menschen ums Leben gekommen \u2013 und am Wochenende werden in der Millionenmetropole Nairobi erneut schwere Regenf\u00e4lle erwartet.", "language": "de", "link": "https://www.spiegel.de/ausland/kenia-und-tansania-mindestens-220-tote-nach-schweren-regenfaellen-a-077bbd7f-3119-4f13-9e21-ab09ad52f1af#ref=rss", "manual_status_code": 0, "page_rating": 100, "page_rating_contents": 100, "page_rating_visits": 0, "page_rating_votes": 0, "permanent": false, "source": "https://www.spiegel.de/schlagzeilen/index.rss", "source_obj__id": 84, "status_code": 0, "tags": [], "thumbnail": null, "title": "Kenia und Tansania: Mindestens 220 Tote nach schweren Regenf\u00e4llen", "user": null, "vote": 0}, {"age": null, "album": "", "artist": null, "bookmarked": false, "comments": [], "date_published": "2024-04-27T14:05:00+00:00", "description": "Im Rennen um Platz drei hatte der Hamburger SV zuletzt schlechte Aussichten, muss nach dem Sieg in Braunschweig aber noch nicht aufgeben. \u00dcberraschend jubeln darf der 1. FC Kaiserslautern.", "language": "de", "link": "https://www.spiegel.de/sport/fussball/2-fussball-bundesliga-kaiserslautern-besiegt-holstein-kiel-hamburger-sv-schoepft-hoffnung-a-847cbe87-30e7-4560-a7de-5626412379c1#ref=rss", "manual_status_code": 0, "page_rating": 100, "page_rating_contents": 100, "page_rating_visits": 0, "page_rating_votes": 0, "permanent": false, "source": "https://www.spiegel.de/schlagzeilen/index.rss", "source_obj__id": 84, "status_code": 0, "tags": [], "thumbnail": null, "title": "2. Fu\u00dfball-Bundesliga: Kaiserslautern besiegt Holstein Kiel \u2013 Hamburger SV sch\u00f6pft Hoffnung", "user": null, "vote": 0}, {"age": null, "album": "", "artist": null, "bookmarked": false, "comments": [], "date_published": "2024-04-27T14:03:00+00:00", "description": "Vor einem Jahr wurde Andreas Babler \u00fcberraschend zum Parteichef der SP\u00d6 gew\u00e4hlt. Kann der linke B\u00fcrgermeister und Parteirebell den Aufschwung der Rechtspopulisten in \u00d6sterreich stoppen?", "language": "de", "link": "https://www.spiegel.de/ausland/oesterreich-kann-underdog-andreas-babler-ueberraschend-naechster-kanzler-werden-podcast-a-12528da4-cabe-4d09-8c54-d8f905e432d8#ref=rss", "manual_status_code": 0, "page_rating": 100, "page_rating_contents": 100, "page_rating_visits": 0, "page_rating_votes": 0, "permanent": false, "source": "https://www.spiegel.de/schlagzeilen/index.rss", "source_obj__id": 84, "status_code": 0, "tags": [], "thumbnail": null, "title": "\u00d6sterreich: Kann Underdog Andreas Babler \u00fcberraschend n\u00e4chster Kanzler werden? Podcast", "user": null, "vote": 0}, {"age": null, "album": "", "artist": null, "bookmarked": false, "comments": [], "date_published": "2024-04-27T14:01:00+00:00", "description": "Der FC Liverpool findet einfach nicht zur\u00fcck in die Erfolgsspur. Bei West Ham United h\u00e4tte die Mannschaft von J\u00fcrgen Klopp einen Sieg ben\u00f6tigt, spielte aber nur remis. Der FC Arsenal und Manchester City drohen zu enteilen.", "language": "de", "link": "https://www.spiegel.de/sport/fussball/premier-league-fc-liverpool-und-juergen-klopp-lassen-punkte-liegen-meistertitel-rueckt-in-die-ferne-a-ce719416-e6fe-4c49-be97-bcc85f74f20c#ref=rss", "manual_status_code": 0, "page_rating": 100, "page_rating_contents": 100, "page_rating_visits": 0, "page_rating_votes": 0, "permanent": false, "source": "https://www.spiegel.de/schlagzeilen/index.rss", "source_obj__id": 84, "status_code": 0, "tags": [], "thumbnail": null, "title": "Premier League: FC Liverpool und J\u00fcrgen Klopp lassen Punkte liegen - Meistertitel r\u00fcckt in die Ferne", "user": null, "vote": 0}, {"age": null, "album": "", "artist": null, "bookmarked": false, "comments": [], "date_published": "2024-04-27T13:51:00+00:00", "description": "Seit vergangenem Mittwoch l\u00e4sst Spaniens Ministerpr\u00e4sident Pedro S\u00e1nchez die Gesch\u00e4fte ruhen, er will \u00bbnachdenken\u00ab. Damit er bleibt, gehen nun mehr als zehntausend Menschen f\u00fcr ihn auf die Stra\u00dfe.", "language": "de", "link": "https://www.spiegel.de/ausland/spanien-unterstuetzung-fuer-pedro-sanchez-tausende-gehen-fuer-regierungschef-auf-die-strasse-a-f97f4d6c-adf5-4819-8fbf-661be8dc82ce#ref=rss", "manual_status_code": 0, "page_rating": 100, "page_rating_contents": 100, "page_rating_visits": 0, "page_rating_votes": 0, "permanent": false, "source": "https://www.spiegel.de/schlagzeilen/index.rss", "source_obj__id": 84, "status_code": 0, "tags": [], "thumbnail": null, "title": "Spanien: Unterst\u00fctzung f\u00fcr Pedro S\u00e1nchez - Tausende gehen f\u00fcr Regierungschef auf die Stra\u00dfe", "user": null, "vote": 0}, {"age": null, "album": "", "artist": null, "bookmarked": false, "comments": [], "date_published": "2024-04-27T13:41:00+00:00", "description": "Zum Abschlussball lud jemand eine Dragqueen an eine US-Highschool in Albuquerque ein \u2013 die Folgen haben es in sich, mindestens f\u00fcr die Schulleitung.", "language": "de", "link": "https://www.spiegel.de/panorama/bildung/albuquerque-nach-auftritt-einer-dragqueen-beim-abschlussball-muss-die-schulleitung-gehen-a-94db13d2-bcd8-43ca-af08-c879c18181ef#ref=rss", "manual_status_code": 0, "page_rating": 100, "page_rating_contents": 100, "page_rating_visits": 0, "page_rating_votes": 0, "permanent": false, "source": "https://www.spiegel.de/schlagzeilen/index.rss", "source_obj__id": 84, "status_code": 0, "tags": [], "thumbnail": null, "title": "Albuquerque: Nach Auftritt einer Dragqueen beim Abschlussball muss die Schulleitung gehen", "user": null, "vote": 0}, {"age": null, "album": "", "artist": null, "bookmarked": false, "comments": [], "date_published": "2024-04-27T13:23:00+00:00", "description": "In Sch\u00f6nebeck in Sachsen-Anhalt wurde am Samstag der erste Christopher Street Day des Jahres gefeiert. 2023 war es bei den Umz\u00fcgen zu St\u00f6raktionen und Attacken gekommen \u2013 nun ist Sicherheit ein gro\u00dfes Thema.", "language": "de", "link": "https://www.spiegel.de/panorama/gesellschaft/hunderte-feiern-christopher-street-day-in-sachsen-anhalt-a-18da1c40-a3ca-461f-b20c-7a6042d3d485#ref=rss", "manual_status_code": 0, "page_rating": 100, "page_rating_contents": 100, "page_rating_visits": 0, "page_rating_votes": 0, "permanent": false, "source": "https://www.spiegel.de/schlagzeilen/index.rss", "source_obj__id": 84, "status_code": 0, "tags": [], "thumbnail": null, "title": "Hunderte feiern Christopher Street Day in Sachsen-Anhalt", "user": null, "vote": 0}, {"age": null, "album": "", "artist": null, "bookmarked": false, "comments": [], "date_published": "2024-04-27T13:11:00+00:00", "description": "Einsatzkr\u00e4fte schw\u00e4rmen an Land und auf einem Nebenfluss der Elbe aus, um den sechsj\u00e4hrigen Arian aus Bremerv\u00f6rde zu finden. Polizisten melden sich offenbar freiwillig zum Dienst.", "language": "de", "link": "https://www.spiegel.de/panorama/bremervoerde-helfer-suchen-mit-sonarbooten-und-aufnahmen-der-mutter-nach-arian-a-d484b55f-7dd8-4313-8cb2-21cf2d5e5321#ref=rss", "manual_status_code": 0, "page_rating": 100, "page_rating_contents": 100, "page_rating_visits": 0, "page_rating_votes": 0, "permanent": false, "source": "https://www.spiegel.de/schlagzeilen/index.rss", "source_obj__id": 84, "status_code": 0, "tags": [], "thumbnail": null, "title": "Bremerv\u00f6rde: Helfer suchen mit Sonarbooten und Aufnahmen der Mutter nach Arian", "user": null, "vote": 0}, {"age": null, "album": "", "artist": null, "bookmarked": false, "comments": [], "date_published": "2024-04-27T12:40:00+00:00", "description": "Gesa Felicitas Krause hat sich in ihrem ersten internationalen Rennen als Mutter in der Weltspitze zur\u00fcckgemeldet. Sie unterbot die Norm f\u00fcr die Europameisterschaft und Olympia \u2013 und gab ambitionierte Ziele aus.", "language": "de", "link": "https://www.spiegel.de/sport/olympia/leichtathletik-gesa-krause-qualifiziert-sich-nach-babypause-fuer-olympia-und-europameisterschaft-a-db05f195-66f5-446c-96ad-694aeb23c21a#ref=rss", "manual_status_code": 0, "page_rating": 100, "page_rating_contents": 100, "page_rating_visits": 0, "page_rating_votes": 0, "permanent": false, "source": "https://www.spiegel.de/schlagzeilen/index.rss", "source_obj__id": 84, "status_code": 0, "tags": [], "thumbnail": null, "title": "Leichtathletik: Gesa Krause qualifiziert sich nach Babypause f\u00fcr Olympia und Europameisterschaft", "user": null, "vote": 0}, {"age": null, "album": "", "artist": null, "bookmarked": false, "comments": [], "date_published": "2024-04-27T12:24:00+00:00", "description": "Trotz des Misserfolgs in Bochum hat die TSG Hoffenheim noch Chancen auf die Qualifikation f\u00fcr den Europapokal. Dass die Fans unzufrieden sind, kann Angreifer Andrej Kramari\u0107 nicht nachvollziehen.", "language": "de", "link": "https://www.spiegel.de/sport/fussball/bundesliga-hoffenheims-andrej-kramaric-kritisiert-eigene-fans-nach-niederlage-in-bochum-a-8e77d87e-5e14-4e29-b322-cb4f3363a77c#ref=rss", "manual_status_code": 0, "page_rating": 100, "page_rating_contents": 100, "page_rating_visits": 0, "page_rating_votes": 0, "permanent": false, "source": "https://www.spiegel.de/schlagzeilen/index.rss", "source_obj__id": 84, "status_code": 0, "tags": [], "thumbnail": null, "title": "Bundesliga: Hoffenheims Andrej Kramari\u0107 kritisiert eigene Fans nach Niederlage in Bochum", "user": null, "vote": 0}, {"age": null, "album": "", "artist": null, "bookmarked": false, "comments": [], "date_published": "2024-04-27T12:17:00+00:00", "description": "Der gefallene Filmproduzent ist zur\u00fcck. Zumindest in den Schlagzeilen. Was die Welt zuletzt von Harvey Weinstein zu sehen bekam, ist physisch eine merkw\u00fcrdige Metamorphose: vom strahlenden Alphamann zum Opa mit Gehgestell.", "language": "de", "link": "https://www.spiegel.de/kultur/kino/harvey-weinstein-hat-der-filmproduzent-schauspieltipps-erhalten-kommentar-a-9e3b57ae-cb56-4d9a-9d33-4d998147e096#ref=rss", "manual_status_code": 0, "page_rating": 100, "page_rating_contents": 100, "page_rating_visits": 0, "page_rating_votes": 0, "permanent": false, "source": "https://www.spiegel.de/schlagzeilen/index.rss", "source_obj__id": 84, "status_code": 0, "tags": [], "thumbnail": null, "title": "Harvey Weinstein: Hat der Filmproduzent Schauspieltipps erhalten? - Kommentar", "user": null, "vote": 0}, {"age": null, "album": "", "artist": null, "bookmarked": false, "comments": [], "date_published": "2024-04-27T12:08:00+00:00", "description": "Sie sprach im Bundestag \u00fcber das Selbstbestimmungsgesetz und bekam Hunderte von Hassnachrichten. Die Sozialdemokratin Anke Hennig \u00fcber die verrohte Debatte \u2013 und eine explizite Warnung der Polizei.", "language": "de", "link": "https://www.spiegel.de/politik/deutschland/anke-hennig-spd-ueber-shitstorm-manchmal-bin-ich-nur-noch-verzweifelt-a-c7cb7176-bae9-4b00-bf8c-f96abb2577db#ref=rss", "manual_status_code": 0, "page_rating": 100, "page_rating_contents": 100, "page_rating_visits": 0, "page_rating_votes": 0, "permanent": false, "source": "https://www.spiegel.de/schlagzeilen/index.rss", "source_obj__id": 84, "status_code": 0, "tags": [], "thumbnail": null, "title": "Anke Hennig (SPD) \u00fcber Shitstorm: \u00bbManchmal bin ich nur noch verzweifelt\u00ab", "user": null, "vote": 0}, {"age": null, "album": "", "artist": null, "bookmarked": false, "comments": [], "date_published": "2024-04-27T12:07:00+00:00", "description": "Getir verl\u00e4sst offenbar den deutschen Markt, das Gesch\u00e4ft der schnellen Lebensmittellieferdienste in Deutschland steht vor einem Umbruch. Branchenkennerin Eva St\u00fcber erkl\u00e4rt, was sich \u00e4ndert.", "language": "de", "link": "https://www.spiegel.de/wirtschaft/unternehmen/getir-die-schnelle-lieferung-braucht-es-langfristig-vielleicht-gar-nicht-a-d3952f25-1da4-4db4-b5a2-d0755322a65d#ref=rss", "manual_status_code": 0, "page_rating": 100, "page_rating_contents": 100, "page_rating_visits": 0, "page_rating_votes": 0, "permanent": false, "source": "https://www.spiegel.de/schlagzeilen/index.rss", "source_obj__id": 84, "status_code": 0, "tags": [], "thumbnail": null, "title": "Getir: \u00bbDie schnelle Lieferung braucht es langfristig vielleicht gar nicht\u00ab", "user": null, "vote": 0}, {"age": null, "album": "", "artist": null, "bookmarked": false, "comments": [], "date_published": "2024-04-27T12:07:00+00:00", "description": "F\u00fcr die SPD scheint die Europawahl schon verloren, der Kanzler h\u00e4lt Spitzenkandidatin Barley offensichtlich f\u00fcr eine Nebenfigur. Wie will sie das noch drehen? Mit forschem Auftreten.", "language": "de", "link": "https://www.spiegel.de/politik/deutschland/katarina-barley-spd-die-frau-der-man-erst-zuhoert-wenn-sie-die-atombombe-rausholt-a-e8f4d9ff-64e8-4a3b-ae0b-5a9b6b23db30#ref=rss", "manual_status_code": 0, "page_rating": 100, "page_rating_contents": 100, "page_rating_visits": 0, "page_rating_votes": 0, "permanent": false, "source": "https://www.spiegel.de/schlagzeilen/index.rss", "source_obj__id": 84, "status_code": 0, "tags": [], "thumbnail": null, "title": "Katarina Barley (SPD): Die Frau, der man erst zuh\u00f6rt, wenn sie die Atombombe rausholt", "user": null, "vote": 0}, {"age": null, "album": "", "artist": null, "bookmarked": false, "comments": [], "date_published": "2024-04-27T11:54:00+00:00", "description": "Von der Antike bis heute galt \u00c4rzten der m\u00e4nnliche K\u00f6rper als Norm. Das Leiden des anderen Geschlechts wurde ignoriert. Jetzt finden Forschende immer mehr Unterschiede \u2013 und revolutionieren das Bild von Mann und Frau.", "language": "de", "link": "https://www.spiegel.de/wissenschaft/gendermedizin-der-grosse-unterschied-a-fa6ed79b-4bea-48eb-9430-0ea8ddc1813e#ref=rss", "manual_status_code": 0, "page_rating": 100, "page_rating_contents": 100, "page_rating_visits": 0, "page_rating_votes": 0, "permanent": false, "source": "https://www.spiegel.de/schlagzeilen/index.rss", "source_obj__id": 84, "status_code": 0, "tags": [], "thumbnail": null, "title": "Gendermedizin: Warum Frauen anders krank werden als M\u00e4nner und was daraus folgt", "user": null, "vote": 0}, {"age": null, "album": "", "artist": null, "bookmarked": false, "comments": [], "date_published": "2024-04-27T11:49:00+00:00", "description": "Tausende Oktopusse gingen vor 27 Jahren in einem Schiffscontainer \u00fcber Bord, keine echten, sondern Kinderspielzeuge. Einen davon hat nun ein 13-j\u00e4hriger Brite mit einem besonderen Hobby am Strand entdeckt.", "language": "de", "link": "https://www.spiegel.de/panorama/grossbritannien-junge-findet-seltenen-lego-oktopus-aus-1997-ins-meer-gefallenem-container-a-980c2879-e2a4-4059-b867-bb0b29bf9f9a#ref=rss", "manual_status_code": 0, "page_rating": 100, "page_rating_contents": 100, "page_rating_visits": 0, "page_rating_votes": 0, "permanent": false, "source": "https://www.spiegel.de/schlagzeilen/index.rss", "source_obj__id": 84, "status_code": 0, "tags": [], "thumbnail": null, "title": "Gro\u00dfbritannien: Junge findet seltenen Lego-Oktopus \u2013 aus 1997 ins Meer gefallenem Container", "user": null, "vote": 0}, {"age": null, "album": "", "artist": null, "bookmarked": false, "comments": [], "date_published": "2024-04-27T10:36:00+00:00", "description": "Ermittelt wurde schon l\u00e4nger gegen ihn, doch erst kurz vor seinem Tod gestand ein Altenheimbewohner in den USA einen lange zur\u00fcckliegenden Doppelmord. Seine Opfer wurden erst gefunden, als er schon gestorben war.", "language": "de", "link": "https://www.spiegel.de/panorama/justiz/usa-doppelmord-gestaendnis-auf-dem-sterbebett-a-bc64deb0-5ab8-4239-8185-d5c55bd9716c#ref=rss", "manual_status_code": 0, "page_rating": 100, "page_rating_contents": 100, "page_rating_visits": 0, "page_rating_votes": 0, "permanent": false, "source": "https://www.spiegel.de/schlagzeilen/index.rss", "source_obj__id": 84, "status_code": 0, "tags": [], "thumbnail": null, "title": "USA: Doppelmord-Gest\u00e4ndnis auf dem Sterbebett", "user": null, "vote": 0}, {"age": null, "album": "", "artist": null, "bookmarked": false, "comments": [], "date_published": "2024-04-27T10:18:00+00:00", "description": "Antisemitismus und Israelfeindlichkeit: In der Gedenkst\u00e4tte Sachsenhausen h\u00e4ufen sich seit Beginn des Gazakriegs die Hassbotschaften. Sogar G\u00e4steb\u00fccher mussten deswegen schon ausgetauscht werden.", "language": "de", "link": "https://www.spiegel.de/panorama/justiz/kz-gedenkstaette-sachsenhausen-gaestebuecher-voll-mit-hassbotschaften-a-3c645586-3b96-4517-abfb-0241db04d337#ref=rss", "manual_status_code": 0, "page_rating": 100, "page_rating_contents": 100, "page_rating_visits": 0, "page_rating_votes": 0, "permanent": false, "source": "https://www.spiegel.de/schlagzeilen/index.rss", "source_obj__id": 84, "status_code": 0, "tags": [], "thumbnail": null, "title": "KZ-Gedenkst\u00e4tte Sachsenhausen: G\u00e4steb\u00fccher voll mit Hassbotschaften", "user": null, "vote": 0}, {"age": null, "album": "", "artist": null, "bookmarked": false, "comments": [], "date_published": "2024-04-27T10:04:00+00:00", "description": "Seit zwei Wochen steht Trump in New York vor Gericht. Im Verhandlungssaal scheint er zu verk\u00fcmmern, friert, jammert, schl\u00e4ft \u2013 Zeichen eines Mannes, der jede Macht \u00fcber sein Umfeld verloren hat. Selbst Fans wenden sich ab.", "language": "de", "link": "https://www.spiegel.de/ausland/donald-trump-vor-gericht-in-new-york-die-entzauberung-des-ex-praesidenten-a-81f7d2cc-adbf-4de6-8a1a-da6284753987#ref=rss", "manual_status_code": 0, "page_rating": 100, "page_rating_contents": 100, "page_rating_visits": 0, "page_rating_votes": 0, "permanent": false, "source": "https://www.spiegel.de/schlagzeilen/index.rss", "source_obj__id": 84, "status_code": 0, "tags": [], "thumbnail": null, "title": "Donald Trump vor Gericht in New York: Die Entzauberung des Ex-Pr\u00e4sidenten", "user": null, "vote": 0}, {"age": null, "album": "", "artist": null, "bookmarked": false, "comments": [], "date_published": "2024-04-27T09:54:00+00:00", "description": "Die \u00f6sterreichische Literaturnobelpreistr\u00e4gerin ist in einem seelischen Tief und erz\u00e4hlt davon in dem St\u00fccktext \u00bbAsche\u00ab. Die M\u00fcnchner Urauff\u00fchrung des Schwermutsberichts ger\u00e4t zu einem wirklich f\u00fcrchterlichen Theaterabend.", "language": "de", "link": "https://www.spiegel.de/kultur/elfriede-jelineks-neues-stueck-asche-das-theater-spielt-mal-wieder-apokalypse-a-3cdd241a-1dfc-4f69-856c-7f6de02714d9#ref=rss", "manual_status_code": 0, "page_rating": 100, "page_rating_contents": 100, "page_rating_visits": 0, "page_rating_votes": 0, "permanent": false, "source": "https://www.spiegel.de/schlagzeilen/index.rss", "source_obj__id": 84, "status_code": 0, "tags": [], "thumbnail": null, "title": "Elfriede Jelineks neues St\u00fcck \u00bbAsche\u00ab: Das Theater spielt mal wieder Apokalypse", "user": null, "vote": 0}, {"age": null, "album": "", "artist": null, "bookmarked": false, "comments": [], "date_published": "2024-04-27T09:29:00+00:00", "description": "Nicht ausflippen, nicht patzig werden: Es ist ein Vorsatz, der im Alltag mit Kindern und Teenies nicht immer gelingt. Aber wie kommunizieren wir wertsch\u00e4tzend und kommen gut miteinander ins Gespr\u00e4ch?", "language": "de", "link": "https://www.spiegel.de/familie/familie-streiten-sie-noch-oder-giraffeln-sie-schon-a-4504fcf8-e1a3-4855-9ea0-14c381226a3d#ref=rss", "manual_status_code": 0, "page_rating": 100, "page_rating_contents": 100, "page_rating_visits": 0, "page_rating_votes": 0, "permanent": false, "source": "https://www.spiegel.de/schlagzeilen/index.rss", "source_obj__id": 84, "status_code": 0, "tags": [], "thumbnail": null, "title": "Familie: Streiten Sie noch oder Giraffeln Sie schon?", "user": null, "vote": 0}, {"age": null, "album": "", "artist": null, "bookmarked": false, "comments": [], "date_published": "2024-04-27T09:27:00+00:00", "description": "\u00bbDas hat meinem Ego sehr zugesetzt\u00ab: Die ehemalige Talkshow-Moderatorin Ellen DeGeneres hat ihren \u00f6ffentlichen R\u00fcckzug beim ersten Auftritt ihrer \u00bbEllens Last Stand\u2026 Up Tour\u00ab angesprochen. Ist das ihr Comeback?", "language": "de", "link": "https://www.spiegel.de/panorama/leute/ellen-degeneres-spricht-ueber-ihren-rausschmiss-aus-dem-showbusiness-a-b27e89d4-cd4b-445c-bfe2-1b1549b5c393#ref=rss", "manual_status_code": 0, "page_rating": 100, "page_rating_contents": 100, "page_rating_visits": 0, "page_rating_votes": 0, "permanent": false, "source": "https://www.spiegel.de/schlagzeilen/index.rss", "source_obj__id": 84, "status_code": 0, "tags": [], "thumbnail": null, "title": "Ellen DeGeneres spricht \u00fcber ihren \u00bbRausschmiss\u00ab aus dem Showbusiness", "user": null, "vote": 0}, {"age": null, "album": "", "artist": null, "bookmarked": false, "comments": [], "date_published": "2024-04-27T08:46:00+00:00", "description": "Die Temperaturen klettern am Wochenende auf deutlich \u00fcber 20 Grad. Auch wenn es vereinzelte Schauer und Gewitter geben kann: Es geht erkennbar in Richtung Fr\u00fchling, prognostiziert der Deutsche Wetterdienst.", "language": "de", "link": "https://www.spiegel.de/panorama/wetter-am-wochenende-der-fruehling-kehrt-zurueck-a-67241205-6362-40b7-a8d6-8898ccce7d43#ref=rss", "manual_status_code": 0, "page_rating": 100, "page_rating_contents": 100, "page_rating_visits": 0, "page_rating_votes": 0, "permanent": false, "source": "https://www.spiegel.de/schlagzeilen/index.rss", "source_obj__id": 84, "status_code": 0, "tags": [], "thumbnail": null, "title": "Wetter am Wochenende: Der Fr\u00fchling kehrt zur\u00fcck", "user": null, "vote": 0}, {"age": null, "album": "", "artist": null, "bookmarked": false, "comments": [], "date_published": "2024-04-27T08:33:00+00:00", "description": "Die U12 der Queens Park Ladies ist ungeschlagen Meister geworden \u2013 in einer Jungen-Liga. Trainer Toby Green \u00fcber vorlaute Gegner, Vergleiche mit den \u00bbInvincibles\u00ab des FC Arsenal und Bayer Leverkusen.", "language": "de", "link": "https://www.spiegel.de/sport/fussball/was-bayer-leverkusen-von-diesen-englischen-u12-maedchen-lernen-kann-a-fe704b6b-0bbc-4e74-8bea-0497a5570d25#ref=rss", "manual_status_code": 0, "page_rating": 100, "page_rating_contents": 100, "page_rating_visits": 0, "page_rating_votes": 0, "permanent": false, "source": "https://www.spiegel.de/schlagzeilen/index.rss", "source_obj__id": 84, "status_code": 0, "tags": [], "thumbnail": null, "title": "Was Bayer Leverkusen von diesen englischen U12-M\u00e4dchen lernen kann", "user": null, "vote": 0}, {"age": null, "album": "", "artist": null, "bookmarked": false, "comments": [], "date_published": "2024-04-27T08:09:00+00:00", "description": "Mehr als jedes sechste Warenhaus macht Galeria Karstadt Kaufhof im Rahmen der Insolvenz dicht. Sehen Sie hier, welche Gesch\u00e4fte betroffen sind \u2013 und welche offen bleiben.", "language": "de", "link": "https://www.spiegel.de/wirtschaft/unternehmen/galeria-karstadt-kaufhof-diese-filialen-schliessen-a-d8c04a40-6efa-46db-9ea2-45fe9319e584#ref=rss", "manual_status_code": 0, "page_rating": 100, "page_rating_contents": 100, "page_rating_visits": 0, "page_rating_votes": 0, "permanent": false, "source": "https://www.spiegel.de/schlagzeilen/index.rss", "source_obj__id": 84, "status_code": 0, "tags": [], "thumbnail": null, "title": "Galeria Karstadt Kaufhof: Diese Filialen schlie\u00dfen", "user": null, "vote": 0}, {"age": null, "album": "", "artist": null, "bookmarked": false, "comments": [], "date_published": "2024-04-27T08:03:00+00:00", "description": "Erst n\u00e4chtlicher Luftalarm, dann Raketenangriffe: Russland hat erneut Energieanlagen in der Ukraine bombardiert, dabei entstanden erhebliche Sch\u00e4den. Aber auch der Angreifer selbst musste neue Schl\u00e4ge hinnehmen.", "language": "de", "link": "https://www.spiegel.de/ausland/russland-ueberzieht-ukraine-mit-massiven-luftschlaegen-a-3951951f-0d9b-43d3-8ea1-e237cc0b8b48#ref=rss", "manual_status_code": 0, "page_rating": 100, "page_rating_contents": 100, "page_rating_visits": 0, "page_rating_votes": 0, "permanent": false, "source": "https://www.spiegel.de/schlagzeilen/index.rss", "source_obj__id": 84, "status_code": 0, "tags": [], "thumbnail": null, "title": "Russland \u00fcberzieht Ukraine mit massiven Luftschl\u00e4gen", "user": null, "vote": 0}, {"age": null, "album": "", "artist": null, "bookmarked": false, "comments": [], "date_published": "2024-04-27T07:55:00+00:00", "description": "Franz\u00f6sische Forschende haben herausgefunden, dass H\u00fchner im Gesicht Farbe bekommen, wenn sie aufgeregt sind oder sich aufregen. Diese Erkenntnis k\u00f6nnte auch Auswirkungen auf den Tierschutz haben.", "language": "de", "link": "https://www.spiegel.de/wissenschaft/natur/ergebnisse-neuer-studie-huehner-erroeten-vor-aufregung-wie-menschen-a-fe46495c-920b-4430-bc7c-5bd23dfafae0#ref=rss", "manual_status_code": 0, "page_rating": 100, "page_rating_contents": 100, "page_rating_visits": 0, "page_rating_votes": 0, "permanent": false, "source": "https://www.spiegel.de/schlagzeilen/index.rss", "source_obj__id": 84, "status_code": 0, "tags": [], "thumbnail": null, "title": "Ergebnisse neuer Studie: H\u00fchner err\u00f6ten vor Aufregung \u2013 wie Menschen", "user": null, "vote": 0}, {"age": null, "album": "", "artist": null, "bookmarked": false, "comments": [], "date_published": "2024-04-27T07:38:00+00:00", "description": "Viele Eltern \u00fcbertragen ihre eigenen \u00c4ngste auf ihre Kinder. Hier sagt die P\u00e4dagogin Inke Hummel, woran das liegt und wie man es verhindert.", "language": "de", "link": "https://www.spiegel.de/familie/erziehung-es-ist-wichtig-kindern-etwas-zuzutrauen-und-raum-zu-lassen-a-ec4f6bd3-1e03-4add-96de-76d633fe0250#ref=rss", "manual_status_code": 0, "page_rating": 100, "page_rating_contents": 100, "page_rating_visits": 0, "page_rating_votes": 0, "permanent": false, "source": "https://www.spiegel.de/schlagzeilen/index.rss", "source_obj__id": 84, "status_code": 0, "tags": [], "thumbnail": null, "title": "Erziehung: \u00bbEs ist wichtig, Kindern etwas zuzutrauen und Raum zu lassen\u00ab", "user": null, "vote": 0}, {"age": null, "album": "", "artist": null, "bookmarked": false, "comments": [], "date_published": "2024-04-27T07:36:00+00:00", "description": "Ein Mexikaner hat zwei Paar Ohrringe des Schmuckherstellers Cartier f\u00fcr ein Tausendstel des Originalpreises gekauft. Schuld war ein Fehler des Unternehmens \u2013 das erst nach mehrmonatigem juristischen Tauziehen geliefert hat.", "language": "de", "link": "https://www.spiegel.de/panorama/cartier-macht-grossen-fehler-mexikaner-kauft-ohrringe-im-wert-von-26-000-euro-fuer-26-euro-a-9bbbc184-6c5b-4c6a-b48f-f9cb0e83ea8b#ref=rss", "manual_status_code": 0, "page_rating": 100, "page_rating_contents": 100, "page_rating_visits": 0, "page_rating_votes": 0, "permanent": false, "source": "https://www.spiegel.de/schlagzeilen/index.rss", "source_obj__id": 84, "status_code": 0, "tags": [], "thumbnail": null, "title": "Cartier macht gro\u00dfen Fehler: Mexikaner kauft Ohrringe im Wert von 26.000 Euro \u2013 f\u00fcr 26 Euro", "user": null, "vote": 0}, {"age": null, "album": "", "artist": null, "bookmarked": false, "comments": [], "date_published": "2024-04-27T07:25:00+00:00", "description": "Die \u00bbleise Strategie\u00ab in der Nacht hat bei der Suche nach Arian in Bremerv\u00f6rde bislang keinen Erfolg gebracht. Nun wird das Gebiet weiter durchk\u00e4mmt \u2013 an manchen Orten schauen die Einsatzkr\u00e4fte mehrfach.", "language": "de", "link": "https://www.spiegel.de/panorama/bremervoerde-einsatzkraefte-suchen-an-fluss-nach-sechsjaehrigem-arian-a-f21099d9-58db-49b8-a409-684ab1467e82#ref=rss", "manual_status_code": 0, "page_rating": 100, "page_rating_contents": 100, "page_rating_visits": 0, "page_rating_votes": 0, "permanent": false, "source": "https://www.spiegel.de/schlagzeilen/index.rss", "source_obj__id": 84, "status_code": 0, "tags": [], "thumbnail": null, "title": "Bremerv\u00f6rde: Einsatzkr\u00e4fte suchen an Fluss nach sechsj\u00e4hrigem Arian", "user": null, "vote": 0}, {"age": null, "album": "", "artist": null, "bookmarked": false, "comments": [], "date_published": "2024-04-27T07:01:00+00:00", "description": "Kurz nach dem Start in New York ist bei einer \u00e4lteren Boeing 767 die Notrutsche abgefallen. Die Maschine kehrte zum Flughafen zur\u00fcck \u2013 aber wo ist die Rutsche?", "language": "de", "link": "https://www.spiegel.de/panorama/usa-flugzeug-der-delta-air-lines-verliert-notrutsche-a-70523c1e-6c53-4cff-9218-1cd1fad2fbd3#ref=rss", "manual_status_code": 0, "page_rating": 100, "page_rating_contents": 100, "page_rating_visits": 0, "page_rating_votes": 0, "permanent": false, "source": "https://www.spiegel.de/schlagzeilen/index.rss", "source_obj__id": 84, "status_code": 0, "tags": [], "thumbnail": null, "title": "USA: Flugzeug der Delta Air Lines verliert Notrutsche", "user": null, "vote": 0}, {"age": null, "album": "", "artist": null, "bookmarked": false, "comments": [], "date_published": "2024-04-27T06:55:00+00:00", "description": "Alle sollen den Liberalen alles zutrauen, sogar den Bruch der Koalition. Christian Lindner hat sich und seine Partei mit einer riskanten Strategie in die Ecke man\u00f6vriert.", "language": "de", "link": "https://www.spiegel.de/politik/deutschland/die-fdp-und-die-ampel-christian-lindner-hat-sich-verzockt-a-855123ff-3319-4c27-a4b1-e60d74636551#ref=rss", "manual_status_code": 0, "page_rating": 100, "page_rating_contents": 100, "page_rating_visits": 0, "page_rating_votes": 0, "permanent": false, "source": "https://www.spiegel.de/schlagzeilen/index.rss", "source_obj__id": 84, "status_code": 0, "tags": [], "thumbnail": null, "title": "Die FDP und die Ampel: Christian Lindner hat sich verzockt", "user": null, "vote": 0}, {"age": null, "album": "", "artist": null, "bookmarked": false, "comments": [], "date_published": "2024-04-27T06:55:00+00:00", "description": "Mit neuer Optik f\u00fchrte FDP-Chef Christian Lindner seine Partei einst zur\u00fcck in Bundestag und Regierung. Finanziert wird sie auch durch eine Sonderumlage. Ein Antrag fordert nun deren Abschaffung.", "language": "de", "link": "https://www.spiegel.de/politik/deutschland/fdp-parteitag-knallig-in-kreuzberg-a-e2a711c7-73f6-4a7c-8659-36bb91c5590b#ref=rss", "manual_status_code": 0, "page_rating": 100, "page_rating_contents": 100, "page_rating_visits": 0, "page_rating_votes": 0, "permanent": false, "source": "https://www.spiegel.de/schlagzeilen/index.rss", "source_obj__id": 84, "status_code": 0, "tags": [], "thumbnail": null, "title": "FDP-Parteitag: Knallig in Kreuzberg", "user": null, "vote": 0}, {"age": null, "album": "", "artist": null, "bookmarked": false, "comments": [], "date_published": "2024-04-27T06:31:00+00:00", "description": "Florian Seibel wollte eigentlich Drohnen f\u00fcr eine nachhaltige Landwirtschaft verkaufen. Jetzt liefert er Hunderte Sp\u00e4hflieger an die Ukraine und will sogar Kampfdrohnen herstellen. Die Geschichte einer Wandlung.", "language": "de", "link": "https://www.spiegel.de/wirtschaft/unternehmen/ukraine-krieg-wie-ein-klima-start-up-mit-drohnen-die-ruestungsbranche-aufmischt-a-52778f62-9760-4b80-940e-b2bb62640560#ref=rss", "manual_status_code": 0, "page_rating": 100, "page_rating_contents": 100, "page_rating_visits": 0, "page_rating_votes": 0, "permanent": false, "source": "https://www.spiegel.de/schlagzeilen/index.rss", "source_obj__id": 84, "status_code": 0, "tags": [], "thumbnail": null, "title": "Ukraine-Krieg: Wie ein Klima-Start-up mit Drohnen die R\u00fcstungsbranche aufmischt", "user": null, "vote": 0}, {"age": null, "album": "", "artist": null, "bookmarked": false, "comments": [], "date_published": "2024-04-27T06:24:00+00:00", "description": "Beim Bau eines neuen G\u00e4stehauses f\u00fcr den Landtag in D\u00fcsseldorf stie\u00dfen Bauarbeiter auf Knochen. Nun haben Arch\u00e4ologen mehrere Dutzend Skelette aufgedeckt. Es handelt sich wohl um einen Friedhof aus dem 18. Jahrhundert.", "language": "de", "link": "https://www.spiegel.de/wissenschaft/mensch/duesseldorf-archaeologen-entdecken-30-graeber-unter-baustelle-a-c9460c3e-21b3-410f-bfe8-d766c09ab97d#ref=rss", "manual_status_code": 0, "page_rating": 100, "page_rating_contents": 100, "page_rating_visits": 0, "page_rating_votes": 0, "permanent": false, "source": "https://www.spiegel.de/schlagzeilen/index.rss", "source_obj__id": 84, "status_code": 0, "tags": [], "thumbnail": null, "title": "D\u00fcsseldorf: Arch\u00e4ologen entdecken 30 Gr\u00e4ber unter Baustelle", "user": null, "vote": 0}, {"age": null, "album": "", "artist": null, "bookmarked": false, "comments": [], "date_published": "2024-04-27T06:17:00+00:00", "description": "Wie die Isl\u00e4nder f\u00fcr ihren Fisch k\u00e4mpfen. Mode darf in Zukunft nicht mehr geschreddert werden. Und: die beste App f\u00fcr guten Schlaf. Hier sind die guten Nachrichten der Woche.", "language": "de", "link": "https://www.spiegel.de/ausland/island-kaempft-fuer-tierschutz-die-retter-der-lachse-a-1359c052-90df-4d83-9234-779307a7f2f7#ref=rss", "manual_status_code": 0, "page_rating": 100, "page_rating_contents": 100, "page_rating_visits": 0, "page_rating_votes": 0, "permanent": false, "source": "https://www.spiegel.de/schlagzeilen/index.rss", "source_obj__id": 84, "status_code": 0, "tags": [], "thumbnail": null, "title": "Island k\u00e4mpft f\u00fcr Tierschutz: Die Retter der Lachse", "user": null, "vote": 0}, {"age": null, "album": "", "artist": null, "bookmarked": false, "comments": [], "date_published": "2024-04-27T05:56:00+00:00", "description": "Die US-Verkehrsbeh\u00f6rde hat mehrere hundert Unf\u00e4lle von Tesla untersucht. Nun will sie ermitteln, ob ein Update des \u00bbAutopilot\u00ab-Systems ausreicht. Denn ihre Analyse kommt zu dem Fazit: Viele Unf\u00e4lle w\u00e4ren vermeidbar gewesen.", "language": "de", "link": "https://www.spiegel.de/wirtschaft/unternehmen/us-behoerde-prueft-teslas-nachbesserung-des-autopilot-systems-a-bb886066-1c32-4c78-9a5e-25ce835acca2#ref=rss", "manual_status_code": 0, "page_rating": 100, "page_rating_contents": 100, "page_rating_visits": 0, "page_rating_votes": 0, "permanent": false, "source": "https://www.spiegel.de/schlagzeilen/index.rss", "source_obj__id": 84, "status_code": 0, "tags": [], "thumbnail": null, "title": "US-Beh\u00f6rde pr\u00fcft Teslas Nachbesserung des \u00bbAutopilot\u00ab-Systems", "user": null, "vote": 0}, {"age": null, "album": "", "artist": null, "bookmarked": false, "comments": [], "date_published": "2024-04-27T05:36:00+00:00", "description": "Gep\u00e4cktr\u00e4gertasche oder Rucksack? Beides! Wir haben sechs Hybrid-Modelle getestet, die aufs Rad und auf den R\u00fccken passen.", "language": "de", "link": "https://www.spiegel.de/tests/fahrrad-zubehoer/rucksaecke-fuer-den-gepaecktraeger-modelle-von-deuter-vaude-basil-ortlieb-thule-decathlon-im-test-a-6cb3f8c2-8abb-4a8a-81b4-2a36718e5127#ref=rss", "manual_status_code": 0, "page_rating": 100, "page_rating_contents": 100, "page_rating_visits": 0, "page_rating_votes": 0, "permanent": false, "source": "https://www.spiegel.de/schlagzeilen/index.rss", "source_obj__id": 84, "status_code": 0, "tags": [], "thumbnail": null, "title": "Rucks\u00e4cke f\u00fcr den Gep\u00e4cktr\u00e4ger: Modelle von Deuter, Vaude, Basil, Ortlieb, Thule, Decathlon im Test", "user": null, "vote": 0}, {"age": null, "album": "", "artist": null, "bookmarked": false, "comments": [], "date_published": "2024-04-27T05:23:00+00:00", "description": "Beim FDP-Parteitag geht es auch um die Zukunft der Ampel. Die AfD versteckt ihren Spitzenkandidaten f\u00fcr die Europawahl. Und in S\u00fcdafrika j\u00e4hrt sich das Ende der Apartheid zum drei\u00dfigsten Mal. Das ist die Lage am Samstagmorgen.", "language": "de", "link": "https://www.spiegel.de/politik/deutschland/news-fdp-parteitag-wahlkampfauftakt-bei-der-afd-freedom-day-in-suedafrika-a-f17ee724-9549-4308-ad12-867550d4e36b#ref=rss", "manual_status_code": 0, "page_rating": 100, "page_rating_contents": 100, "page_rating_visits": 0, "page_rating_votes": 0, "permanent": false, "source": "https://www.spiegel.de/schlagzeilen/index.rss", "source_obj__id": 84, "status_code": 0, "tags": [], "thumbnail": null, "title": "News: FDP-Parteitag, Wahlkampfauftakt bei der AfD, \u00bbFreedom Day\u00ab in S\u00fcdafrika", "user": null, "vote": 0}, {"age": null, "album": "", "artist": null, "bookmarked": false, "comments": [], "date_published": "2024-04-27T03:51:00+00:00", "description": "Der erste Zeuge hatte Donald Trump in Bedr\u00e4ngnis gebracht: Er gab zu, f\u00fcr ihn unliebsame Geschichten aus der Welt geschafft zu haben. Nun kam seine ehemalige Assistentin vor Gericht zu Wort.", "language": "de", "link": "https://www.spiegel.de/ausland/trumps-ehemalige-assistentin-erstellte-adressbucheintrag-fuer-stormy-a-8d495f74-8167-4931-9385-8a172e9924c6#ref=rss", "manual_status_code": 0, "page_rating": 100, "page_rating_contents": 100, "page_rating_visits": 0, "page_rating_votes": 0, "permanent": false, "source": "https://www.spiegel.de/schlagzeilen/index.rss", "source_obj__id": 84, "status_code": 0, "tags": [], "thumbnail": null, "title": "Trumps ehemalige Assistentin erstellte Adressbucheintrag f\u00fcr \u00bbStormy\u00ab", "user": null, "vote": 0}, {"age": null, "album": "", "artist": null, "bookmarked": false, "comments": [], "date_published": "2024-04-27T01:50:00+00:00", "description": "Ein Gericht hat das Urteil gegen Harvey Weinstein gekippt. Nun steht ein Termin f\u00fcr eine neue Anh\u00f6rung fest \u2013 und der Filmproduzent wurde in New Yorks ber\u00fcchtigtes Gef\u00e4ngnis Rikers Island verlegt.", "language": "de", "link": "https://www.spiegel.de/ausland/harvey-weinstein-prozess-neue-anhoerung-angesetzt-nach-aufhebung-des-urteils-a-f28beb62-efe0-4b3e-ad55-1298458f7836#ref=rss", "manual_status_code": 0, "page_rating": 100, "page_rating_contents": 100, "page_rating_visits": 0, "page_rating_votes": 0, "permanent": false, "source": "https://www.spiegel.de/schlagzeilen/index.rss", "source_obj__id": 84, "status_code": 0, "tags": [], "thumbnail": null, "title": "Harvey-Weinstein-Prozess: Neue Anh\u00f6rung angesetzt nach Aufhebung des Urteils", "user": null, "vote": 0}, {"age": null, "album": "", "artist": null, "bookmarked": false, "comments": [], "date_published": "2024-04-27T00:09:00+00:00", "description": "Nach dem Tod seiner Mutter schwamm ein junger Orca mehr als einen Monat lang in einer kanadischen Lagune hin und her, alle Rettungsversuche schlugen fehl. Mit Robbenfleisch konnte er nun in die richtige Richtung gelockt werden.", "language": "de", "link": "https://www.spiegel.de/wissenschaft/natur/kanada-rettung-von-orca-kalb-vor-vancouver-island-erfolgreich-a-14a9b0e4-c583-40db-a581-9655916bb8bb#ref=rss", "manual_status_code": 0, "page_rating": 100, "page_rating_contents": 100, "page_rating_visits": 0, "page_rating_votes": 0, "permanent": false, "source": "https://www.spiegel.de/schlagzeilen/index.rss", "source_obj__id": 84, "status_code": 0, "tags": [], "thumbnail": null, "title": "Kanada: Rettung von Orca-Kalb vor Vancouver Island erfolgreich", "user": null, "vote": 0}]