[{"page_rating": 100, "manual_status_code": 0, "status_code": 0, "permanent": false, "age": null, "link": "https://www.roadtovr.com/oculus-quest-pc-requirements-oculus-link-minimum-specs", "page_rating_contents": 100, "user": null, "description": "<img alt=\"\" class=\"webfeedsFeaturedVisual wp-post-image\" height=\"360\" src=\"https://roadtovrlive-5ea0.kxcdn.com/wp-content/uploads/2020/05/oculus-link-quest-2-on-pc-640x360.jpg\" style=\"display: block; margin-bottom: 10px; clear: both;\" width=\"640\" /><div style=\"margin: 5px 5% 10px 5%;\"><img alt=\"\" height=\"220\" src=\"https://roadtovrlive-5ea0.kxcdn.com/wp-content/uploads/2020/05/oculus-link-quest-2-on-pc-341x220.jpg\" title=\"Image courtesy Oculus\" width=\"341\" /></div>\n<div>Oculus Link and Oculus Air Link (also called Quest Link and Quest Air Link) allows you to use your Quest headset to play PC VR games, opening up a world of high quality content that you simply won&#8217;t find on the Quest Store. Here&#8217;s a breakdown of the Oculus Link and Air Link recommended system [&#8230;]</div>\n<p>The post <a href=\"https://www.roadtovr.com/oculus-quest-pc-requirements-oculus-link-minimum-specs/\" rel=\"nofollow\">How to Tell if Your PC is Ready for Oculus Link &#038; Air Link</a> appeared", "tags": [], "bookmarked": false, "thumbnail": "https://roadtovrlive-5ea0.kxcdn.com/wp-content/uploads/2020/05/oculus-link-quest-2-on-pc-341x220.jpg", "artist": null, "language": "en-US", "vote": 0, "date_published": "2024-03-24T18:04:17+00:00", "source": "https://www.roadtovr.com/feed", "album": "", "page_rating_visits": 0, "comments": [], "title": "How to Tell if Your PC is Ready for Oculus Link & Air Link", "page_rating_votes": 0, "source_obj__id": 283}]