[{"page_rating": 94, "manual_status_code": 0, "status_code": 0, "permanent": false, "age": null, "link": "https://www.youtube.com/watch?v=JtD9whyubpc", "page_rating_contents": 94, "user": null, "description": "\ud83e\udde8 Get the best PREMIUM Password Manager for 2024 with the biggest discount! \ud83e\udde8\n\u2705 NordPass \u2014 BEST password manager 2024 \u27a1\ufe0f https://cnews.link/get-nordpass/JtD9whyubpc/\n\u2705 Get Dashlane \u2014 limited-time deal applied \u27a1\ufe0f https://cnews.link/get-dashlane/JtD9whyubpc/\n\u2705 1Password \u2013 50% OFF \u27a1\ufe0f https://cnews.link/get-1password/JtD9whyubpc/\n\nYou can use a free password manager without fear of your data getting stolen, leaked or your account compromised. And in this video, I\u2019ll give my top recommendations for exactly that! \n\n---------------------------------------------------------------\n\ud83d\uddfbNordPass\n\nOkay, starting this lineup with NordPass password manager. A lot of people see NordPass as a premium tool, but that\u2019s not exactly true, they also offer a free version that is just as safe. Why is that? Well, the pillar of their security is in the form of XChaCha20 encryption, and NordPass is among the few to use such sophisticated encryption. It\u2019s also said to be up to three times faster than the ", "tags": [], "bookmarked": false, "thumbnail": "https://i3.ytimg.com/vi/JtD9whyubpc/hqdefault.jpg", "artist": null, "language": null, "vote": 0, "date_published": "2024-03-24T16:00:14+00:00", "source": "https://www.youtube.com/feeds/videos.xml?channel_id=UCCsREoj8rSRkEvxWqxr74rQ", "album": "", "page_rating_visits": 0, "comments": [], "title": "BEST FREE Password Manager | TOP FREE providers for 2024!", "page_rating_votes": 0, "source_obj__id": 433}]