[{"page_rating": 94, "manual_status_code": 0, "status_code": 0, "permanent": false, "age": null, "link": "https://www.chip.pl/2024/03/fantom-mozgowy-druk-3d", "page_rating_contents": 94, "user": null, "description": "<img alt=\"\" class=\"attachment-full size-full wp-post-image\" height=\"844\" src=\"https://konto.chip.pl/wp-content/uploads/2024/03/mozg-model.jpg\" style=\"margin-bottom: 10px;\" width=\"1500\" /><p><img src=\"https://konto.chip.pl/wp-content/uploads/2024/03/mozg-model.jpg\" style=\"display: block; margin: 1em auto;\" /></p>\n<p>Austriaccy naukowcy dokonali niemo\u017cliwego i wykorzystali technologi\u0119 druku 3D, by stworzy\u0107 pierwszy na \u015bwiecie &#8220;fantom m\u00f3zgowy&#8221;. Mo\u017ce okaza\u0107 si\u0119 on nieoceniony w badaniach nad chorobami neurodegeneracyjnymi. Rezonans magnetyczny (MRI) jest jednym z najszerzej stosowanych bada\u0144 diagnostycznych, g\u0142\u00f3wnie m\u00f3zgu. Dzi\u0119ki MRI mo\u017cna zbada\u0107 struktury i funkcje m\u00f3zgu, bez u\u017cywania promieniowania jonizuj\u0105cego. Specjalny wariant MRI &#8211; tzw. [&#8230;]</p>", "tags": [], "bookmarked": false, "thumbnail": null, "artist": null, "language": "pl-PL", "vote": 0, "date_published": "2024-03-24T22:51:26+00:00", "source": "https://www.chip.pl/feed", "album": "", "page_rating_visits": 0, "comments": [], "title": "M\u00f3zg z drukarki 3D? Ta technologia pozwoli zajrze\u0107 do naszej g\u0142owy", "page_rating_votes": 0, "source_obj__id": 69}, {"page_rating": 100, "manual_status_code": 0, "status_code": 0, "permanent": false, "age": null, "link": "https://www.chip.pl/2024/03/humanoidalny-robot-chiny-rekord-predkosci", "page_rating_contents": 100, "user": null, "description": "<img alt=\"Robot Atlas na budowie\" class=\"attachment-full size-full wp-post-image\" height=\"1140\" src=\"https://konto.chip.pl/wp-content/uploads/2023/01/Robot-Atlas-Boston-Dynamics-2023.jpg\" style=\"margin-bottom: 10px;\" width=\"2250\" /><p><img src=\"https://konto.chip.pl/wp-content/uploads/2023/01/Robot-Atlas-Boston-Dynamics-2023.jpg\" style=\"display: block; margin: 1em auto;\" /></p>\n<p>Poruszanie si\u0119 na dw\u00f3ch nogach najwyra\u017aniej jest ca\u0142kiem niez\u0142ym rozwi\u0105zaniem, bior\u0105c pod uwag\u0119 fakt, i\u017c ludzko\u015b\u0107 zdominowa\u0142a Ziemi\u0119. Stanowi jednocze\u015bnie spore wyzwanie dla in\u017cynier\u00f3w pr\u00f3buj\u0105cych tworzy\u0107 roboty przypominaj\u0105ce ludzi. Takie humanoidalne maszyny przez d\u0142ugie lata mia\u0142y ogromne problemy z zachowaniem r\u00f3wnowagi. A je\u015bli ju\u017c udawa\u0142o im si\u0119 j\u0105 utrzyma\u0107, to przemieszcza\u0142y si\u0119 wolno i nie [&#8230;]</p>", "tags": [], "bookmarked": false, "thumbnail": "https://konto.chip.pl/wp-content/uploads/2023/01/Robot-Atlas-Boston-Dynamics-2023.jpg", "artist": null, "language": "pl-PL", "vote": 0, "date_published": "2024-03-24T20:45:24+00:00", "source": "https://www.chip.pl/feed", "album": "", "page_rating_visits": 0, "comments": [], "title": "Chi\u0144ski robot pobi\u0142 rekord. Humanoidalna maszyna imponuje mo\u017cliwo\u015bciami", "page_rating_votes": 0, "source_obj__id": 69}, {"page_rating": 94, "manual_status_code": 0, "status_code": 0, "permanent": false, "age": null, "link": "https://www.chip.pl/2024/03/jaka-przyszlosc-sztuczna-inteligencja-star-trek", "page_rating_contents": 94, "user": null, "description": "<img alt=\"\" class=\"attachment-full size-full wp-post-image\" height=\"1440\" src=\"https://konto.chip.pl/wp-content/uploads/2023/11/Sztuczna-inteligencja-1-scaled.jpg\" style=\"margin-bottom: 10px;\" width=\"2560\" /><p><img src=\"https://konto.chip.pl/wp-content/uploads/2023/11/Sztuczna-inteligencja-1-scaled.jpg\" style=\"display: block; margin: 1em auto;\" /></p>\n<p>Jaka przysz\u0142o\u015b\u0107 czeka sztuczn\u0105 inteligencj\u0119? Czy u\u0142atwi ludziom funkcjonowanie czy te\u017c zgotuje naszemu gatunkowi losy przedstawione w serii Terminator? Szukaniem odpowiedzi na to pytanie zaj\u0119li si\u0119 naukowcy z kilku r\u00f3\u017cnych instytut\u00f3w badawczych i wygl\u0105da na to, \u017ce maj\u0105 pewien pomys\u0142. Ten zosta\u0142 szczeg\u00f3\u0142owo opisany na \u0142amach Nature Machine Intelligence. Wsp\u00f3lnymi si\u0142ami cz\u0142onkowie zespo\u0142u badawczego doszli [&#8230;]</p>", "tags": [], "bookmarked": false, "thumbnail": null, "artist": null, "language": "pl-PL", "vote": 0, "date_published": "2024-03-24T20:00:54+00:00", "source": "https://www.chip.pl/feed", "album": "", "page_rating_visits": 0, "comments": [], "title": "Sztuczn\u0105 inteligencj\u0119 czeka przysz\u0142o\u015b\u0107 jak z popularnego serialu. Eksperci potwierdzaj\u0105", "page_rating_votes": 0, "source_obj__id": 69}, {"page_rating": 94, "manual_status_code": 0, "status_code": 0, "permanent": false, "age": null, "link": "https://www.chip.pl/2024/03/krysztal-fononiczny-nowy-rodzaj-zastosowania", "page_rating_contents": 94, "user": null, "description": "<img alt=\"\" class=\"attachment-full size-full wp-post-image\" height=\"1200\" src=\"https://konto.chip.pl/wp-content/uploads/2024/03/material.jpg\" style=\"margin-bottom: 10px;\" width=\"1600\" /><p><img src=\"https://konto.chip.pl/wp-content/uploads/2024/03/material.jpg\" style=\"display: block; margin: 1em auto;\" /></p>\n<p>Kryszta\u0142 fononiczny to okre\u015blenie stosowane wzgl\u0119dem materia\u0142\u00f3w zdolnych do kontrolowania, kierowania i manipulowania falami d\u017awi\u0119kowymi, czyli fononami wyst\u0119puj\u0105cymi w cieczach i cia\u0142ach sta\u0142ych.\u00a0 Zacznijmy jednak od kryszta\u0142\u00f3w fotonicznych, kt\u00f3re wyst\u0119puj\u0105 w naturze, natomiast cz\u0142owiek mo\u017ce je wykorzystywa\u0107 na szereg sposob\u00f3w, cho\u0107by do tworzenia p\u00f3\u0142przewodnik\u00f3w fotonicznych, laser\u00f3w, diod elektroluminescencyjnych czy metamateria\u0142\u00f3w. Dzi\u0119ki post\u0119pom poczynionym w ostatnim [&#8230;]</p>", "tags": [], "bookmarked": false, "thumbnail": null, "artist": null, "language": "pl-PL", "vote": 0, "date_published": "2024-03-24T18:01:37+00:00", "source": "https://www.chip.pl/feed", "album": "", "page_rating_visits": 0, "comments": [], "title": "Nowy rodzaj kryszta\u0142u fononicznego zmiata konkurencj\u0119. Ma imponuj\u0105ce w\u0142a\u015bciwo\u015bci", "page_rating_votes": 0, "source_obj__id": 69}, {"page_rating": 94, "manual_status_code": 0, "status_code": 0, "permanent": false, "age": null, "link": "https://www.chip.pl/2024/03/samsung-galaxy-bezproblemowe-aktualizacje", "page_rating_contents": 94, "user": null, "description": "<img alt=\"\" class=\"attachment-full size-full wp-post-image\" height=\"758\" src=\"https://konto.chip.pl/wp-content/uploads/2024/03/galaxy-a55-5g-111.jpg\" style=\"margin-bottom: 10px;\" width=\"1429\" /><p><img src=\"https://konto.chip.pl/wp-content/uploads/2024/03/galaxy-a55-5g-111.jpg\" style=\"display: block; margin: 1em auto;\" /></p>\n<p>Przyzwyczaili\u015bmy si\u0119 ju\u017c, \u017ce je\u015bli chodzi o nowo\u015bci, w pierwszej kolejno\u015bci korzystaj\u0105 z nich w\u0142a\u015bciciele flagowc\u00f3w. Dopiero p\u00f3\u017aniej przychodzi czas na modele z ni\u017cszej p\u00f3\u0142ki. Trudno si\u0119 wi\u0119c nie dziwi\u0107, kiedy Samsung udost\u0119pnia d\u0142ugo wyczekiwane ulepszenie nie serii Galaxy S24, a bardziej bud\u017cetowemu Galaxy A55. Bezproblemowe aktualizacje trafi\u0105 w ko\u0144cu na smartfony Samsung Galaxy. Ale [&#8230;]</p>", "tags": [], "bookmarked": false, "thumbnail": null, "artist": null, "language": "pl-PL", "vote": 0, "date_published": "2024-03-24T17:00:00+00:00", "source": "https://www.chip.pl/feed", "album": "", "page_rating_visits": 0, "comments": [], "title": "Samsung potrzebowa\u0142 8 lat na wdro\u017cenie tej funkcji, a i tak nie trafi ona do wszystkich smartfon\u00f3w", "page_rating_votes": 0, "source_obj__id": 69}, {"page_rating": 94, "manual_status_code": 0, "status_code": 0, "permanent": false, "age": null, "link": "https://www.chip.pl/2024/03/mercedes-amg-g63-test-opinia-pozegnanie-modelu", "page_rating_contents": 94, "user": null, "description": "<img alt=\"\" class=\"attachment-full size-full wp-post-image\" height=\"1280\" src=\"https://konto.chip.pl/wp-content/uploads/2024/03/mercedes-g63-amg-10.jpg\" style=\"margin-bottom: 10px;\" width=\"1920\" /><p><img src=\"https://konto.chip.pl/wp-content/uploads/2024/03/mercedes-g63-amg-10.jpg\" style=\"display: block; margin: 1em auto;\" /></p>\n<p>Tylko jeden weekend mogli\u015bmy sp\u0119dzi\u0107 z Mercedesem AMG G63, postanowili\u015bmy wi\u0119c maksymalnie wykorzysta\u0107 dany nam czas. W ko\u0144cu druga taka okazja mo\u017ce si\u0119 ju\u017c nie powt\u00f3rzy\u0107. Przejechali\u015bmy ni\u0105 ponad 700 km w ci\u0105gu 48 godzin i musz\u0119 przyzna\u0107, \u017ce by\u0142o to bardzo dobre 48 godzin. G-Klasa to legendna i to nie podlega dyskusji Klasa-G, Gelenda, [&#8230;]</p>", "tags": [], "bookmarked": false, "thumbnail": null, "artist": null, "language": "pl-PL", "vote": 0, "date_published": "2024-03-24T15:43:00+00:00", "source": "https://www.chip.pl/feed", "album": "", "page_rating_visits": 0, "comments": [], "title": "Mercedes AMG G63 w ostatniej trasie. To by\u0142 weekend podwy\u017cszonego ci\u015bnienia", "page_rating_votes": 0, "source_obj__id": 69}, {"page_rating": 94, "manual_status_code": 0, "status_code": 0, "permanent": false, "age": null, "link": "https://www.chip.pl/2024/03/misja-na-ksiezycu-polska-firma-astronika-skoczek", "page_rating_contents": 94, "user": null, "description": "<img alt=\"\" class=\"attachment-full size-full wp-post-image\" height=\"854\" src=\"https://konto.chip.pl/wp-content/uploads/2022/06/ksiezyc.jpg\" style=\"margin-bottom: 10px;\" width=\"1280\" /><p><img src=\"https://konto.chip.pl/wp-content/uploads/2022/06/ksiezyc.jpg\" style=\"display: block; margin: 1em auto;\" /></p>\n<p>Firma Astronika zosta\u0142a za\u0142o\u017cona nieco ponad dziesi\u0119\u0107 lat temu i ju\u017c wkr\u00f3tce mo\u017ce zapisa\u0107 si\u0119 w historii misji ksi\u0119\u017cycowych. To w\u0142a\u015bnie zwi\u0105zani z ni\u0105 in\u017cynierowie maj\u0105 zaj\u0105\u0107 si\u0119 realizacj\u0105 projektu po\u015bwi\u0119conego eksploracji Srebrnego Globu. Chodzi o pojazd, kt\u00f3ry b\u0119dzie porusza\u0142 si\u0119 po trudnym terenie. G\u0142\u00f3wny mechanizm zosta\u0142 ju\u017c zaprezentowany, a finansowane przez Europejsk\u0105 Agencj\u0119 Kosmiczn\u0105 [&#8230;]</p>", "tags": [], "bookmarked": false, "thumbnail": null, "artist": null, "language": "pl-PL", "vote": 0, "date_published": "2024-03-24T14:40:40+00:00", "source": "https://www.chip.pl/feed", "album": "", "page_rating_visits": 0, "comments": [], "title": "Polacy odegraj\u0105 kluczow\u0105 rol\u0119 w misji na Ksi\u0119\u017cycu. To ca\u0142kowicie zmieni oblicze bada\u0144", "page_rating_votes": 0, "source_obj__id": 69}, {"page_rating": 94, "manual_status_code": 0, "status_code": 0, "permanent": false, "age": null, "link": "https://www.chip.pl/2024/03/armia-usa-radar-ltamds-test", "page_rating_contents": 94, "user": null, "description": "<img alt=\"PAC-3\" class=\"attachment-full size-full wp-post-image\" height=\"900\" src=\"https://konto.chip.pl/wp-content/uploads/2022/04/System-obrony-przeciwrakietowej-THAAD-z-nowym-pociskiem.-Udany-test-PAC-3-MSE-2.jpg\" style=\"margin-bottom: 10px;\" width=\"1461\" /><p><img src=\"https://konto.chip.pl/wp-content/uploads/2022/04/System-obrony-przeciwrakietowej-THAAD-z-nowym-pociskiem.-Udany-test-PAC-3-MSE-2.jpg\" style=\"display: block; margin: 1em auto;\" /></p>\n<p>\u017beby mie\u0107 w co strzela\u0107, trzeba wiedzie\u0107, gdzie to co\u015b si\u0119 znajduje, co nie by\u0142o problemem jeszcze przed dwoma wiekami, kiedy to wojny toczy\u0142y si\u0119 w zasi\u0119gu widzenia, ale zacz\u0119\u0142o by\u0107 wraz z rozwojem broni dystansowej. Dlatego w\u0142a\u015bnie wykrywanie zagro\u017ce\u0144 jest tak wa\u017cne i Armia USA chce w tym przodowa\u0107, czego najnowszym przejawem jest LTAMDS [&#8230;]</p>", "tags": [], "bookmarked": false, "thumbnail": null, "artist": null, "language": "pl-PL", "vote": 0, "date_published": "2024-03-24T13:46:02+00:00", "source": "https://www.chip.pl/feed", "album": "", "page_rating_visits": 0, "comments": [], "title": "Na wojnie to cel numer jeden. Wyj\u0105tkowy sprz\u0119t Armii USA z kolejnym udanym testem", "page_rating_votes": 0, "source_obj__id": 69}, {"page_rating": 94, "manual_status_code": 0, "status_code": 0, "permanent": false, "age": null, "link": "https://www.chip.pl/2024/03/zegary-atomowe-wysoka-precyzja-splatanie-kwantowe", "page_rating_contents": 94, "user": null, "description": "<img alt=\"\" class=\"attachment-full size-full wp-post-image\" height=\"1280\" src=\"https://konto.chip.pl/wp-content/uploads/2022/12/zegarek-piasek-czas-historia.jpg\" style=\"margin-bottom: 10px;\" width=\"1920\" /><p><img src=\"https://konto.chip.pl/wp-content/uploads/2022/12/zegarek-piasek-czas-historia.jpg\" style=\"display: block; margin: 1em auto;\" /></p>\n<p>Dzi\u0119ki dokonaniom naukowc\u00f3w zrzeszonych w ramach instytutu JILA w zegary atomowe b\u0119dzie mo\u017cna tchn\u0105\u0107 drugie \u017cycie. Badaczom uda\u0142o si\u0119 doprowadzi\u0107 do wielkiego post\u0119pu w tym zakresie, korzystaj\u0105c w tym celu ze zjawiska spl\u0105tania kwantowego. Zacznijmy jednak od pocz\u0105tku. JILA od lat wi\u00f3d\u0142 prym w zakresie pomiar\u00f3w czasu z u\u017cyciem zegar\u00f3w atomowych. Te s\u0105 niezwykle precyzyjne, [&#8230;]</p>", "tags": [], "bookmarked": false, "thumbnail": null, "artist": null, "language": "pl-PL", "vote": 0, "date_published": "2024-03-24T12:28:38+00:00", "source": "https://www.chip.pl/feed", "album": "", "page_rating_visits": 0, "comments": [], "title": "Zegary atomowe na nieosi\u0105galnym wcze\u015bniej poziomie. To zas\u0142uga kwantowej sztuczki", "page_rating_votes": 0, "source_obj__id": 69}, {"page_rating": 100, "manual_status_code": 0, "status_code": 0, "permanent": false, "age": null, "link": "https://www.chip.pl/2024/03/armia-usa-drony-restrukturyzacja-socom", "page_rating_contents": 100, "user": null, "description": "<img alt=\"\" class=\"attachment-full size-full wp-post-image\" height=\"1080\" src=\"https://konto.chip.pl/wp-content/uploads/2024/03/Dron-Ghost-X-3.jpg\" style=\"margin-bottom: 10px;\" width=\"1624\" /><p><img src=\"https://konto.chip.pl/wp-content/uploads/2024/03/Dron-Ghost-X-3.jpg\" style=\"display: block; margin: 1em auto;\" /></p>\n<p>Ostatnie lata u\u015bwiadomi\u0142y ca\u0142emu \u015bwiatu, jak wielka pot\u0119ga i potencja\u0142 bojowy drzemie w dronach, wi\u0119c nic dziwnego, \u017ce Armia USA postanowi\u0142a zareagowa\u0107 na to nie tylko sprz\u0119tem, ale te\u017c zmianami w personelu. Najnowsze informacje pokaza\u0142y \u015bwiatu, jak bardzo powa\u017cnie Amerykanie podchodz\u0105 do zagro\u017cenia zwi\u0105zanego z dronami. Armia USA ograniczy stanowiska dla specjal\u00f3w. Wszystko przez zagro\u017cenie [&#8230;]</p>", "tags": [], "bookmarked": false, "thumbnail": "https://konto.chip.pl/wp-content/uploads/2024/03/Dron-Ghost-X-3.jpg", "artist": null, "language": "pl-PL", "vote": 0, "date_published": "2024-03-24T11:30:06+00:00", "source": "https://www.chip.pl/feed", "album": "", "page_rating_visits": 0, "comments": [], "title": "Drony zbyt pot\u0119\u017cne. Armia USA wyrzuca specjals\u00f3w i poszukuje \u0142owc\u00f3w bezza\u0142ogowc\u00f3w", "page_rating_votes": 0, "source_obj__id": 69}, {"page_rating": 94, "manual_status_code": 0, "status_code": 0, "permanent": false, "age": null, "link": "https://www.chip.pl/2024/03/rozne-matryce-w-nowych-telewizorach", "page_rating_contents": 94, "user": null, "description": "<img alt=\"\" class=\"attachment-full size-full wp-post-image\" height=\"1280\" src=\"https://konto.chip.pl/wp-content/uploads/2024/01/philips-titan-os-5.jpg\" style=\"margin-bottom: 10px;\" width=\"1920\" /><p><img src=\"https://konto.chip.pl/wp-content/uploads/2024/01/philips-titan-os-5.jpg\" style=\"display: block; margin: 1em auto;\" /></p>\n<p>W specyfikacjach technicznych telewizor\u00f3w najcz\u0119\u015bciej brakuje dw\u00f3ch kluczowych parametr\u00f3w \u2013 typu matrycy oraz cz\u0119stotliwo\u015bci od\u015bwie\u017cania. Popularyzacja gamingu troch\u0119 wymusi\u0142a zmian w tej drugiej kwestii. Jednak odnalezienie informacji czy mamy do czynienia z matryc\u0105 IPS/ADS, czy VA, panelem WOLED czy QD-OLED to ju\u017c wyzwanie, a b\u0119dzie jeszcze gorzej. Topowi producenci zamierzaj\u0105 zafundowa\u0107 nam prawdziw\u0105 loteri\u0119. Telewizor [&#8230;]</p>", "tags": [], "bookmarked": false, "thumbnail": null, "artist": null, "language": "pl-PL", "vote": 0, "date_published": "2024-03-24T10:34:20+00:00", "source": "https://www.chip.pl/feed", "album": "", "page_rating_visits": 0, "comments": [], "title": "Matrycowa loteria \u2013 producenci telewizor\u00f3w m\u00f3wi\u0105 o jako\u015bci, a p\u00f3\u017aniej odpalaj\u0105 excela", "page_rating_votes": 0, "source_obj__id": 69}, {"page_rating": 94, "manual_status_code": 0, "status_code": 0, "permanent": false, "age": null, "link": "https://www.chip.pl/2024/03/macbook-air-m3-test-recenzja", "page_rating_contents": 94, "user": null, "description": "<img alt=\"\" class=\"attachment-full size-full wp-post-image\" height=\"1280\" src=\"https://konto.chip.pl/wp-content/uploads/2024/03/apple-macbook-air-m3-01.jpg\" style=\"margin-bottom: 10px;\" width=\"1920\" /><p><img src=\"https://konto.chip.pl/wp-content/uploads/2024/03/apple-macbook-air-m3-01.jpg\" style=\"display: block; margin: 1em auto;\" /></p>\n<p>MacBook Air z procesorem M3 to zmiana, kt\u00f3ra by\u0142a po\u017c\u0105dana przez u\u017cytkownik\u00f3w, ale chyba ma\u0142o kto spodziewa\u0142 si\u0119, \u017ce nadejdzie tak nagle i bez zapowiedzi. Zmiana procesora na topow\u0105 lini\u0119 Apple ma poprawi\u0107 wydajno\u015b\u0107 kompaktowych laptop\u00f3w, przy zachowaniu ich kultury i czasu pracy. Czy ten zabieg si\u0119 uda\u0142? S\u0142owem wst\u0119pu&#8230; poni\u017csza recenzja jest napisana przez [&#8230;]</p>", "tags": [], "bookmarked": false, "thumbnail": null, "artist": null, "language": "pl-PL", "vote": 0, "date_published": "2024-03-24T09:48:47+00:00", "source": "https://www.chip.pl/feed", "album": "", "page_rating_visits": 0, "comments": [], "title": "Test MacBook Air 13,6 z procesorem M3 \u2013 szybciej, wydajniej i d\u0142ugo bez \u0142adowarki", "page_rating_votes": 0, "source_obj__id": 69}, {"page_rating": 94, "manual_status_code": 0, "status_code": 0, "permanent": false, "age": null, "link": "https://www.chip.pl/2024/03/mysliwce-f-35-masowa-produkcja", "page_rating_contents": 94, "user": null, "description": "<img alt=\"\" class=\"attachment-full size-full wp-post-image\" height=\"1079\" src=\"https://konto.chip.pl/wp-content/uploads/2023/03/F-35-z-dronami.jpg\" style=\"margin-bottom: 10px;\" width=\"1920\" /><p><img src=\"https://konto.chip.pl/wp-content/uploads/2023/03/F-35-z-dronami.jpg\" style=\"display: block; margin: 1em auto;\" /></p>\n<p>O my\u015bliwcach F-35 Lightning II s\u0142yszeli\u015bcie ju\u017c zapewne nie raz i wiecie, \u017ce nie tylko trafi\u0142y one w ogromnych liczbach na s\u0142u\u017cb\u0119 wojska USA, ale te\u017c w r\u0119ce pilot\u00f3w innych pa\u0144stw. Jak to wi\u0119c jest mo\u017cliwe, \u017ce dopiero teraz, po wyprodukowaniu ponad 1000 my\u015bliwc\u00f3w tego typu, Amerykanie dali zielone \u015bwiat\u0142o do ich masowej produkcji? Kres [&#8230;]</p>", "tags": [], "bookmarked": false, "thumbnail": null, "artist": null, "language": "pl-PL", "vote": 0, "date_published": "2024-03-24T09:48:08+00:00", "source": "https://www.chip.pl/feed", "album": "", "page_rating_visits": 0, "comments": [], "title": "Kosztuj\u0105 krocie, odmieniaj\u0105 wojny i jest ich ju\u017c ponad 1000. Dopiero teraz USA da\u0142y zielone \u015bwiat\u0142o do ich produkcji", "page_rating_votes": 0, "source_obj__id": 69}, {"page_rating": 94, "manual_status_code": 0, "status_code": 0, "permanent": false, "age": null, "link": "https://www.chip.pl/2024/03/supergromada-einasto-najmasywniejsza-w-historii", "page_rating_contents": 94, "user": null, "description": "<img alt=\"\" class=\"attachment-full size-full wp-post-image\" height=\"1275\" src=\"https://konto.chip.pl/wp-content/uploads/2023/01/frb-kosmos.jpg\" style=\"margin-bottom: 10px;\" width=\"1920\" /><p><img src=\"https://konto.chip.pl/wp-content/uploads/2023/01/frb-kosmos.jpg\" style=\"display: block; margin: 1em auto;\" /></p>\n<p>O wielkim sukcesie &#8211; r\u00f3wnie wielkim jak supergromada Einasto &#8211; mog\u0105 m\u00f3wi\u0107 naukowcy zajmuj\u0105cy si\u0119 badaniem wszech\u015bwiata. Nowo odkryty obiekt okazuje si\u0119 zdecydowanie wi\u0119kszy od dotychczasowego lidera zestawienia. Tak jak Ziemia jest cz\u0119\u015bci\u0105 Uk\u0142adu S\u0142onecznego, tak on stanowi element sk\u0142adowy Drogi Mlecznej. Na tym zale\u017cno\u015bci si\u0119 nie ko\u0144cz\u0105, poniewa\u017c nasza galaktyka wchodzi w sk\u0142ad supergromady [&#8230;]</p>", "tags": [], "bookmarked": false, "thumbnail": null, "artist": null, "language": "pl-PL", "vote": 0, "date_published": "2024-03-24T08:00:31+00:00", "source": "https://www.chip.pl/feed", "album": "", "page_rating_visits": 0, "comments": [], "title": "Najmasywniejsza supergromada w dziejach. Astronomowie rozbili bank", "page_rating_votes": 0, "source_obj__id": 69}, {"page_rating": 94, "manual_status_code": 0, "status_code": 0, "permanent": false, "age": null, "link": "https://www.chip.pl/2024/03/nowe-pojazdy-bojowe-piechoty-niemiec-boxer", "page_rating_contents": 94, "user": null, "description": "<img alt=\"\" class=\"attachment-full size-full wp-post-image\" height=\"960\" src=\"https://konto.chip.pl/wp-content/uploads/2023/09/pieniadze.jpg\" style=\"margin-bottom: 10px;\" width=\"1280\" /><p><img src=\"https://konto.chip.pl/wp-content/uploads/2023/09/pieniadze.jpg\" style=\"display: block; margin: 1em auto;\" /></p>\n<p>Dowiedzieli\u015bmy si\u0119 o nowej, historycznej wr\u0119cz umowie eksportowej, na mocy kt\u00f3rej do kieszeni Australii sp\u0142ynie oko\u0142o 2,7 mld euro, czyli 11,65 mld z\u0142otych prosto z bud\u017cetu Niemiec. Niemcy kupi\u0105 od Australii 123 pojazd\u00f3w Heavy Weapon Carrier za oko\u0142o 2,7 miliarda euro Niemcy zbroj\u0105cy si\u0119 w Australii &#8211; brzmi ciekawie? Na tle aktualnego stanu niemieckiego przemys\u0142u [&#8230;]</p>", "tags": [], "bookmarked": false, "thumbnail": null, "artist": null, "language": "pl-PL", "vote": 0, "date_published": "2024-03-24T05:00:00+00:00", "source": "https://www.chip.pl/feed", "album": "", "page_rating_visits": 0, "comments": [], "title": "11,65 mld z\u0142otych wyleci z kieszeni Niemiec. Armia naszych s\u0105siad\u00f3w zbroi si\u0119 za granic\u0105", "page_rating_votes": 0, "source_obj__id": 69}]