[{"page_rating": 94, "manual_status_code": 0, "status_code": 0, "permanent": false, "age": null, "link": "https://www.youtube.com/watch?v=1CVpHjj9bxM", "page_rating_contents": 94, "user": null, "description": "This song was created using AI and remixing the riffs. I enjoyed it.\nWatch the remix here: https://youtu.be/0fo_2Untavg", "tags": [], "bookmarked": false, "thumbnail": "https://i2.ytimg.com/vi/1CVpHjj9bxM/hqdefault.jpg", "artist": null, "language": null, "vote": 0, "date_published": "2024-03-24T12:00:02+00:00", "source": "https://www.youtube.com/feeds/videos.xml?channel_id=UCIw5fgJcTtR2Av-0JkZp-xg", "album": "", "page_rating_visits": 0, "comments": [], "title": "\"Lukewarm\" (Full Song)", "page_rating_votes": 0, "source_obj__id": 405}]