[{"page_rating": 94, "manual_status_code": 0, "status_code": 0, "permanent": false, "age": null, "link": "https://www.tehrantimes.com/news/496416/UN-special-rapporteurs-decry-underreporting-of-sexual-violence", "page_rating_contents": 94, "user": null, "description": "As accounts of sexual violence against Palestinian women in Gaza are coming out, two women special rapporteurs of the UN say the issue is underreported and undervalued.", "tags": [], "bookmarked": false, "thumbnail": null, "artist": null, "language": "en-US", "vote": 0, "date_published": "2024-03-24T23:50:29+00:00", "source": "https://www.tehrantimes.com/rss", "album": "", "page_rating_visits": 0, "comments": [], "title": "UN special rapporteurs decry underreporting of sexual violence against Palestinians", "page_rating_votes": 0, "source_obj__id": 331}, {"page_rating": 94, "manual_status_code": 0, "status_code": 0, "permanent": false, "age": null, "link": "https://www.tehrantimes.com/news/496415/Iran-Israel-opening-another-shameful-chapter-to-its-dark-list", "page_rating_contents": 94, "user": null, "description": "TEHRAN - The Iranian Foreign Ministry on Sunday denounced the anti-human and horrific crimes of the Israeli army against medical staff, patients, the injured and displaced Palestinians in al-Shifa Hospital in Gaza.", "tags": [], "bookmarked": false, "thumbnail": null, "artist": null, "language": "en-US", "vote": 0, "date_published": "2024-03-24T23:22:26+00:00", "source": "https://www.tehrantimes.com/rss", "album": "", "page_rating_visits": 0, "comments": [], "title": "Iran: Israel opening another \u2018shameful chapter to its dark list of crimes\u2019", "page_rating_votes": 0, "source_obj__id": 331}, {"page_rating": 94, "manual_status_code": 0, "status_code": 0, "permanent": false, "age": null, "link": "https://www.tehrantimes.com/news/496414/Iran-down-UAE-at-2024-IIHF-Women-s-Asia-and-Oceania-Cup", "page_rating_contents": 94, "user": null, "description": "TEHRAN \u2013 Iran national team defeated the UAE 16-0 at the 2024 IIHF Women's Asia and Oceania Cup at the Gorodskoi Katok in Bishkek, Kyrgyzstan on Sunday.", "tags": [], "bookmarked": false, "thumbnail": null, "artist": null, "language": "en-US", "vote": 0, "date_published": "2024-03-24T20:14:00+00:00", "source": "https://www.tehrantimes.com/rss", "album": "", "page_rating_visits": 0, "comments": [], "title": "Iran down UAE at 2024 IIHF Women's Asia and Oceania Cup", "page_rating_votes": 0, "source_obj__id": 331}, {"page_rating": 94, "manual_status_code": 0, "status_code": 0, "permanent": false, "age": null, "link": "https://www.tehrantimes.com/news/496413/WHO-Japan-renew-partnership-to-combat-malaria-in-Iran", "page_rating_contents": 94, "user": null, "description": "TEHRAN \u2013 The World Health Organization has launched a new project with the financial support of the Government of Japan to revive malaria prevention and control in south-eastern provinces of Iran, which host vulnerable populations, including Afghan refugees.", "tags": [], "bookmarked": false, "thumbnail": null, "artist": null, "language": "en-US", "vote": 0, "date_published": "2024-03-24T11:52:20+00:00", "source": "https://www.tehrantimes.com/rss", "album": "", "page_rating_visits": 0, "comments": [], "title": "WHO, Japan renew partnership to combat malaria in Iran", "page_rating_votes": 0, "source_obj__id": 331}, {"page_rating": 94, "manual_status_code": 0, "status_code": 0, "permanent": false, "age": null, "link": "https://www.tehrantimes.com/news/496410/More-than-normal-rainfall-expected-by-mid-April", "page_rating_contents": 94, "user": null, "description": "TEHRAN \u2013 Forecasts show that precipitations will be more than normal in the country by the end of the current calendar month (April 19), according to the National Atmospheric Science and Meteorological Research Center.", "tags": [], "bookmarked": false, "thumbnail": null, "artist": null, "language": "en-US", "vote": 0, "date_published": "2024-03-24T10:25:08+00:00", "source": "https://www.tehrantimes.com/rss", "album": "", "page_rating_visits": 0, "comments": [], "title": "More-than-normal rainfall expected by mid-April", "page_rating_votes": 0, "source_obj__id": 331}, {"page_rating": 94, "manual_status_code": 0, "status_code": 0, "permanent": false, "age": null, "link": "https://www.tehrantimes.com/news/496407/Tens-of-schools-health-centers-built-in-deprived-areas", "page_rating_contents": 94, "user": null, "description": "TEHRAN \u2013 Some 220 schools and 25 health centers have been constructed in deprived areas of southern provinces by the Headquarters for Executing the Order of the Imam Khomeini.", "tags": [], "bookmarked": false, "thumbnail": null, "artist": null, "language": "en-US", "vote": 0, "date_published": "2024-03-24T09:25:31+00:00", "source": "https://www.tehrantimes.com/rss", "album": "", "page_rating_visits": 0, "comments": [], "title": "Tens of schools, health centers built in deprived areas", "page_rating_votes": 0, "source_obj__id": 331}, {"page_rating": 94, "manual_status_code": 0, "status_code": 0, "permanent": false, "age": null, "link": "https://www.tehrantimes.com/news/496404/Tehran-Beijing-agree-on-forming-joint-environmental-working", "page_rating_contents": 94, "user": null, "description": "TEHRAN \u2013 Iran and China have agreed on boosting cooperation in areas related to the environment through forming a joint working group.", "tags": [], "bookmarked": false, "thumbnail": null, "artist": null, "language": "en-US", "vote": 0, "date_published": "2024-03-24T08:18:58+00:00", "source": "https://www.tehrantimes.com/rss", "album": "", "page_rating_visits": 0, "comments": [], "title": "Tehran, Beijing agree on forming joint environmental working group", "page_rating_votes": 0, "source_obj__id": 331}]