[{"page_rating": 100, "manual_status_code": 0, "status_code": 0, "permanent": false, "age": null, "link": "https://www.techradar.com/televisions/the-best-deal-from-amazons-spring-sale-is-a-free-65-inch-4k-tv-from-samsung", "page_rating_contents": 100, "user": null, "description": "The Amazon Big Spring Sale is still live, and the best deal is hands-down a free 65-inch 4K TV when you pre-order a 2024 display.", "tags": [], "bookmarked": false, "thumbnail": "https://cdn.mos.cms.futurecdn.net/QmbarrKo9q4UYBu8RtVvWQ.png", "artist": null, "language": "en", "vote": 0, "date_published": "2024-03-24T19:00:46+00:00", "source": "https://www.techradar.com/rss", "album": "", "page_rating_visits": 0, "comments": [], "title": "The best deal from Amazon's Big Spring Sale is a free 65-inch 4K TV from Samsung", "page_rating_votes": 0, "source_obj__id": 330}, {"page_rating": 100, "manual_status_code": 0, "status_code": 0, "permanent": false, "age": null, "link": "https://www.techradar.com/pro/1200tb-ssd-modules-are-in-the-pipeline-thanks-to-pure-storage-but-you-definitely-wont-be-able-to-plug-one-in-your-workstation-pc-and-it-will-be-shockingly-expensive", "page_rating_contents": 100, "user": null, "description": "Pure Storage says capacity for its Direct Flash Modules (DFMs) will grow much faster than off-the-shelf SSDs.", "tags": [], "bookmarked": false, "thumbnail": "https://cdn.mos.cms.futurecdn.net/prqMjFstDiWKxcpzxLiAKU.jpg", "artist": null, "language": "en", "vote": 0, "date_published": "2024-03-24T18:17:08+00:00", "source": "https://www.techradar.com/rss", "album": "", "page_rating_visits": 0, "comments": [], "title": "1200TB SSD modules are in the pipeline thanks to Pure Storage \u2014 but you definitely won't be able to plug one in your workstation PC and it will be shockingly expensive", "page_rating_votes": 0, "source_obj__id": 330}, {"page_rating": 100, "manual_status_code": 0, "status_code": 0, "permanent": false, "age": null, "link": "https://www.techradar.com/phones/iphone/the-iphone-16-could-come-with-extra-ram-and-storage-just-for-ai", "page_rating_contents": 100, "user": null, "description": "We might be getting some hardware upgrades to match the new software features coming in iOS 18.", "tags": [], "bookmarked": false, "thumbnail": "https://cdn.mos.cms.futurecdn.net/7tLF78dqRPZstGLULgjBaE.jpg", "artist": null, "language": "en", "vote": 0, "date_published": "2024-03-24T17:30:54+00:00", "source": "https://www.techradar.com/rss", "album": "", "page_rating_visits": 0, "comments": [], "title": "The iPhone 16 could come with extra RAM and storage \u2013 just for AI", "page_rating_votes": 0, "source_obj__id": 330}, {"page_rating": 100, "manual_status_code": 0, "status_code": 0, "permanent": false, "age": null, "link": "https://www.techradar.com/computing/virtual-reality-augmented-reality/meta-quest-3-lite-everything-we-know-about-the-rumored-cheap-vr-headset", "page_rating_contents": 100, "user": null, "description": "Here's everything we know about the rumored release date, price, and specs of the Meta Quest 3 Lite.", "tags": [], "bookmarked": false, "thumbnail": "https://cdn.mos.cms.futurecdn.net/yoX943sadMeK2EhCis8sn9.jpg", "artist": null, "language": "en", "vote": 0, "date_published": "2024-03-24T16:00:59+00:00", "source": "https://www.techradar.com/rss", "album": "", "page_rating_visits": 0, "comments": [], "title": "Meta Quest 3 Lite: everything we know about the rumored cheap VR headset", "page_rating_votes": 0, "source_obj__id": 330}, {"page_rating": 100, "manual_status_code": 0, "status_code": 0, "permanent": false, "age": null, "link": "https://www.techradar.com/pro/popular-ssd-vendor-uses-clever-trick-to-make-slower-less-durable-flash-components-perform-much-better-but-dont-expect-miracles", "page_rating_contents": 100, "user": null, "description": "Western Digital's new QLC NAND drive, SN5000S, outperforms its TLC predecessor in terms of speed and endurance.", "tags": [], "bookmarked": false, "thumbnail": "https://cdn.mos.cms.futurecdn.net/WrHkArwVk4TFspCNM3CpFX.jpg", "artist": null, "language": "en", "vote": 0, "date_published": "2024-03-24T14:17:01+00:00", "source": "https://www.techradar.com/rss", "album": "", "page_rating_visits": 0, "comments": [], "title": "Popular SSD vendor uses clever trick to make slower, less durable flash components perform much better \u2014 but don't expect miracles", "page_rating_votes": 0, "source_obj__id": 330}, {"page_rating": 100, "manual_status_code": 0, "status_code": 0, "permanent": false, "age": null, "link": "https://www.techradar.com/computing/the-first-batch-of-rabbit-r1-ai-devices-will-be-shipping-next-week", "page_rating_contents": 100, "user": null, "description": "Consumers are finally going to be getting their hands on the Rabbit R1 within the next month.", "tags": [], "bookmarked": false, "thumbnail": "https://cdn.mos.cms.futurecdn.net/DU6g8toqNGUMdALYehHNHk.jpg", "artist": null, "language": "en", "vote": 0, "date_published": "2024-03-24T13:30:20+00:00", "source": "https://www.techradar.com/rss", "album": "", "page_rating_visits": 0, "comments": [], "title": "The first batch of Rabbit R1 AI devices will be shipping next week", "page_rating_votes": 0, "source_obj__id": 330}, {"page_rating": 100, "manual_status_code": 0, "status_code": 0, "permanent": false, "age": null, "link": "https://www.techradar.com/phones/iphone/the-big-apple-lawsuit-explained-why-apples-getting-sued-and-what-it-means-for-the-iphone", "page_rating_contents": 100, "user": null, "description": "Is Apple unfairly keeping consumers locked into the iPhone and its services? Or is it protecting its users and its business?", "tags": [], "bookmarked": false, "thumbnail": "https://cdn.mos.cms.futurecdn.net/zAzHSjzSeksCFg2Q3XZCmV.jpg", "artist": null, "language": "en", "vote": 0, "date_published": "2024-03-24T12:31:48+00:00", "source": "https://www.techradar.com/rss", "album": "", "page_rating_visits": 0, "comments": [], "title": "The big Apple lawsuit explained: why Apple's getting sued and what it means for the iPhone", "page_rating_votes": 0, "source_obj__id": 330}, {"page_rating": 100, "manual_status_code": 0, "status_code": 0, "permanent": false, "age": null, "link": "https://www.techradar.com/computing/windows/now-is-the-perfect-time-for-microsoft-to-resurrect-windows-8-for-one-simple-reason", "page_rating_contents": 100, "user": null, "description": "Windows 8 - or the spirit of it, at least - could be the perfect thing for the current generation of portable PCs.", "tags": [], "bookmarked": false, "thumbnail": "https://cdn.mos.cms.futurecdn.net/BZZgvSkS5TeLe5PLEhPDVT.jpg", "artist": null, "language": "en", "vote": 0, "date_published": "2024-03-24T12:00:36+00:00", "source": "https://www.techradar.com/rss", "album": "", "page_rating_visits": 0, "comments": [], "title": "Now is the perfect time for Microsoft to resurrect Windows 8 - for one simple reason", "page_rating_votes": 0, "source_obj__id": 330}, {"page_rating": 100, "manual_status_code": 0, "status_code": 0, "permanent": false, "age": null, "link": "https://www.techradar.com/pro/obscure-chinese-tablet-maker-quietly-unveiled-a-tablet-with-a-sought-after-feature-no-other-tablet-vendor-dare-launch-a-4k-display-that-not-even-apple-google-or-samsung-can-match", "page_rating_contents": 100, "user": null, "description": "Android 14 powered Doogee T30 Max has a 4K IPS screen and retails for under $300.", "tags": [], "bookmarked": false, "thumbnail": "https://cdn.mos.cms.futurecdn.net/8q2kbjR29CWfbNzGdXv2cV.jpg", "artist": null, "language": "en", "vote": 0, "date_published": "2024-03-24T07:16:05+00:00", "source": "https://www.techradar.com/rss", "album": "", "page_rating_visits": 0, "comments": [], "title": "Obscure Chinese tablet maker quietly unveiled a tablet with a sought-after feature no other tablet vendor dare launch \u2014 a 4K display that not even Apple, Google or Samsung can match", "page_rating_votes": 0, "source_obj__id": 330}, {"page_rating": 100, "manual_status_code": 0, "status_code": 0, "permanent": false, "age": null, "link": "https://www.techradar.com/computing/websites-apps/quordle-today-answers-clues-24-march-2024", "page_rating_contents": 100, "user": null, "description": "Looking for Quordle clues? We can help. Plus get the answers to Quordle today and past solutions.", "tags": [], "bookmarked": false, "thumbnail": "https://cdn.mos.cms.futurecdn.net/4XP9iNbdvkijJyZnzx3WoL.jpg", "artist": null, "language": "en", "vote": 0, "date_published": "2024-03-24T00:15:00+00:00", "source": "https://www.techradar.com/rss", "album": "", "page_rating_visits": 0, "comments": [], "title": "Quordle today \u2013 hints and answers for Sunday, March 24 (game #790)", "page_rating_votes": 0, "source_obj__id": 330}]