[{"page_rating": 94, "manual_status_code": 0, "status_code": 0, "permanent": false, "age": null, "link": "https://ithardware.pl/aktualnosci/tworcy_crash_bandicoot_n_sane_trilogy_wspolpracuja_z_microsoftem_nad_stworzeniem_nowej_gry-32217.html", "page_rating_contents": 94, "user": null, "description": "<img src=\"https://ithardware.pl/artykuly/min/32217_1.jpg\" />            Jaki\u015b czas temu tw&oacute;rcy Crash Bandicoot 4 i&nbsp;Spyro Reignited Trilogy zostali pozbawieni siedziby, a tak\u017ce zawis\u0142a nad nimi gro\u017aba ca\u0142kowitego zamkni\u0119cia. Tak si\u0119 jednak nie sta\u0142o, a deweloperzy nawi\u0105zali wsp&oacute;\u0142prac\u0119 z...\n            <p>Pe\u0142na wersja strony <a href=\"https://ithardware.pl/aktualnosci/tworcy_crash_bandicoot_n_sane_trilogy_wspolpracuja_z_microsoftem_nad_stworzeniem_nowej_gry-32217.html\">https://ithardware.pl/aktualnosci/tworcy_crash_bandicoot_n_sane_trilogy_wspolpracuja_z_microsoftem_nad_stworzeniem_nowej_gry-32217.html</a></p>", "tags": [], "bookmarked": false, "thumbnail": null, "artist": null, "language": "pl-PL", "vote": 0, "date_published": "2024-03-24T20:00:00+00:00", "source": "https://ithardware.pl/feed", "album": "", "page_rating_visits": 0, "comments": [], "title": "Tw\u00f3rcy Crash Bandicoot N. Sane Trilogy wsp\u00f3\u0142pracuj\u0105 z Microsoftem nad stworzeniem nowej gry", "page_rating_votes": 0, "source_obj__id": 148}, {"page_rating": 94, "manual_status_code": 0, "status_code": 0, "permanent": false, "age": null, "link": "https://ithardware.pl/aktualnosci/cd_projekt_red_nie_chce_wydawac_gier_we_wczesnym_dostepie_firma_nie_pojdzie_sladami_larian-32216.html", "page_rating_contents": 94, "user": null, "description": "<img src=\"https://ithardware.pl/artykuly/min/32216_1.jpg\" />            Cyberpunk 2077 po latach \u0142atania sta\u0142 si\u0119 wreszcie gr\u0105, kt&oacute;r\u0105 da rad\u0119 spokojnie poleci\u0107. Stan nie jest idealny, ale i tak niepor&oacute;wnywalnie lepszy od tego co gra zaserwowa\u0142a graczom w chwili premiery. Czy gdyby produkcj\u0119...\n            <p>Pe\u0142na wersja strony <a href=\"https://ithardware.pl/aktualnosci/cd_projekt_red_nie_chce_wydawac_gier_we_wczesnym_dostepie_firma_nie_pojdzie_sladami_larian-32216.html\">https://ithardware.pl/aktualnosci/cd_projekt_red_nie_chce_wydawac_gier_we_wczesnym_dostepie_firma_nie_pojdzie_sladami_larian-32216.html</a></p>", "tags": [], "bookmarked": false, "thumbnail": null, "artist": null, "language": "pl-PL", "vote": 0, "date_published": "2024-03-24T15:36:20+00:00", "source": "https://ithardware.pl/feed", "album": "", "page_rating_visits": 0, "comments": [], "title": "CD Projekt RED nie chce wydawa\u0107 gier we wczesnym dost\u0119pie. Firma nie p\u00f3jdzie \u015bladami Larian", "page_rating_votes": 0, "source_obj__id": 148}, {"page_rating": 94, "manual_status_code": 0, "status_code": 0, "permanent": false, "age": null, "link": "https://ithardware.pl/aktualnosci/baldur_s_gate_3_notuje_swietna_sprzedaz_ujawnion_nowe_dane-32215.html", "page_rating_contents": 94, "user": null, "description": "<img src=\"https://ithardware.pl/artykuly/min/32215_1.jpg\" />            Baldur's Gate 3 to gra, kt&oacute;ra niew\u0105tpliwie odnios\u0142a sukces i stanowi zwie\u0144czenie tej kultowej trylogii. Robi to w \u015bwietnym stylu, na co wskazuj\u0105 dane sprzeda\u017cy.\n\nUjawniono nowe wyniki sprzeda\u017cy Baldur's Gate 3\n\nOko\u0142o...\n            <p>Pe\u0142na wersja strony <a href=\"https://ithardware.pl/aktualnosci/baldur_s_gate_3_notuje_swietna_sprzedaz_ujawnion_nowe_dane-32215.html\">https://ithardware.pl/aktualnosci/baldur_s_gate_3_notuje_swietna_sprzedaz_ujawnion_nowe_dane-32215.html</a></p>", "tags": [], "bookmarked": false, "thumbnail": null, "artist": null, "language": "pl-PL", "vote": 0, "date_published": "2024-03-24T14:24:00+00:00", "source": "https://ithardware.pl/feed", "album": "", "page_rating_visits": 0, "comments": [], "title": "Baldur's Gate 3 notuje \u015bwietn\u0105\u00a0sprzeda\u017c. Ujawnion nowe dane", "page_rating_votes": 0, "source_obj__id": 148}, {"page_rating": 94, "manual_status_code": 0, "status_code": 0, "permanent": false, "age": null, "link": "https://ithardware.pl/aktualnosci/amd_podnioslo_limit_oc_pamieci_radeona_rx_7900_gre_mozna_liczyc_na_znaczacy_wzrost_fps-32214.html", "page_rating_contents": 94, "user": null, "description": "<img src=\"https://ithardware.pl/artykuly/min/32214_1.jpg\" />            AMD wyda\u0142o now\u0105 wersj\u0119 sterownik&oacute;w dla kart graficznych Radeon. Aktualizacja oznaczona jako Adrenalin Edition 24.3.1 wprowadza mi\u0119dzy innymi nowy limit podkr\u0119cania pami\u0119ci dla Radeona RX 7900 GRE.\n\nStare ograniczenia OC pami\u0119ci to...\n            <p>Pe\u0142na wersja strony <a href=\"https://ithardware.pl/aktualnosci/amd_podnioslo_limit_oc_pamieci_radeona_rx_7900_gre_mozna_liczyc_na_znaczacy_wzrost_fps-32214.html\">https://ithardware.pl/aktualnosci/amd_podnioslo_limit_oc_pamieci_radeona_rx_7900_gre_mozna_liczyc_na_znaczacy_wzrost_fps-32214.html</a></p>", "tags": [], "bookmarked": false, "thumbnail": null, "artist": null, "language": "pl-PL", "vote": 0, "date_published": "2024-03-24T11:47:40+00:00", "source": "https://ithardware.pl/feed", "album": "", "page_rating_visits": 0, "comments": [], "title": "AMD podnios\u0142o limit OC pami\u0119ci Radeona RX 7900 GRE. Mo\u017cna liczy\u0107 na znacz\u0105cy wzrost FPS", "page_rating_votes": 0, "source_obj__id": 148}, {"page_rating": 94, "manual_status_code": 0, "status_code": 0, "permanent": false, "age": null, "link": "https://ithardware.pl/artykuly/acer_nitro_5_laptop_napedzany_moca_geforce_rtx-32032.html", "page_rating_contents": 94, "user": null, "description": "<img src=\"https://ithardware.pl/artykuly/min/32032_1.jpg\" />            Acer Nitro 5 - laptop&nbsp;nap\u0119dzane moc\u0105 GeForce RTX\n\n&nbsp;\n\n\n\nRynek laptop&oacute;w co jaki\u015b czas przechodzi prawdziw\u0105 rewolucj\u0119 i wraz z wprowadzeniem najnowszych kart graficznych NVIDIA&reg; GeForce RTX&trade; 4000, jeste\u015bmy \u015bwiadkami...\n            <p>Pe\u0142na wersja strony <a href=\"https://ithardware.pl/artykuly/acer_nitro_5_laptop_napedzany_moca_geforce_rtx-32032.html\">https://ithardware.pl/artykuly/acer_nitro_5_laptop_napedzany_moca_geforce_rtx-32032.html</a></p>", "tags": [], "bookmarked": false, "thumbnail": null, "artist": null, "language": "pl-PL", "vote": 0, "date_published": "2024-03-24T11:10:20+00:00", "source": "https://ithardware.pl/feed", "album": "", "page_rating_visits": 0, "comments": [], "title": "Acer Nitro 5 - laptop nap\u0119dzany moc\u0105 NVIDIA\u00ae GeForce RTX\u2122", "page_rating_votes": 0, "source_obj__id": 148}, {"page_rating": 94, "manual_status_code": 0, "status_code": 0, "permanent": false, "age": null, "link": "https://ithardware.pl/aktualnosci/amd_ma_uzywac_litografii_4_nm_samsunga_do_produkcji_apu_ryzen_i_gpu_radeon-32213.html", "page_rating_contents": 94, "user": null, "description": "<img src=\"https://ithardware.pl/artykuly/min/32213_1.jpg\" />            AMD ma planowa\u0107 wykorzystanie procesu 4 nm od Samsunga do wytwarzania niekt&oacute;rych ze swoich chip&oacute;w. Wed\u0142ug doniesie\u0144 od znanego informatora, Czerwoni zamierzaj\u0105 u\u017cy\u0107 tej litografii do produkcji uk\u0142ad&oacute;w z niskiego...\n            <p>Pe\u0142na wersja strony <a href=\"https://ithardware.pl/aktualnosci/amd_ma_uzywac_litografii_4_nm_samsunga_do_produkcji_apu_ryzen_i_gpu_radeon-32213.html\">https://ithardware.pl/aktualnosci/amd_ma_uzywac_litografii_4_nm_samsunga_do_produkcji_apu_ryzen_i_gpu_radeon-32213.html</a></p>", "tags": [], "bookmarked": false, "thumbnail": null, "artist": null, "language": "pl-PL", "vote": 0, "date_published": "2024-03-24T10:26:40+00:00", "source": "https://ithardware.pl/feed", "album": "", "page_rating_visits": 0, "comments": [], "title": "AMD ma u\u017cywa\u0107 litografii 4 nm Samsunga do produkcji APU Ryzen i GPU Radeon", "page_rating_votes": 0, "source_obj__id": 148}, {"page_rating": 94, "manual_status_code": 0, "status_code": 0, "permanent": false, "age": null, "link": "https://ithardware.pl/aktualnosci/iphone_16_moze_posiadac_wiecej_ram_z_powodu_ai-32212.html", "page_rating_contents": 94, "user": null, "description": "<img src=\"https://ithardware.pl/artykuly/min/32212_1.jpg\" />            Wed\u0142ug przewidywa\u0144 Apple mo\u017ce wyposa\u017cy\u0107 iPhona 16 w wi\u0119ksz\u0105 ilo\u015b\u0107 pami\u0119ci RAM. Jest to efekt wykorzystania sztucznej inteligencji na urz\u0105dzeniu, do czego zwyczajnie potrzeba wi\u0119cej pami\u0119ci. Apple ma jednak rozwa\u017ca\u0107 opcj\u0119 u\u017cycia ko\u015bci...\n            <p>Pe\u0142na wersja strony <a href=\"https://ithardware.pl/aktualnosci/iphone_16_moze_posiadac_wiecej_ram_z_powodu_ai-32212.html\">https://ithardware.pl/aktualnosci/iphone_16_moze_posiadac_wiecej_ram_z_powodu_ai-32212.html</a></p>", "tags": [], "bookmarked": false, "thumbnail": null, "artist": null, "language": "pl-PL", "vote": 0, "date_published": "2024-03-24T09:34:50+00:00", "source": "https://ithardware.pl/feed", "album": "", "page_rating_visits": 0, "comments": [], "title": "iPhone 16 mo\u017ce posiada\u0107 wi\u0119cej RAM z powodu AI", "page_rating_votes": 0, "source_obj__id": 148}]