[{"page_rating": 94, "manual_status_code": 0, "status_code": 0, "permanent": false, "age": null, "link": "https://www.youtube.com/watch?v=9hZUrUZBcac", "page_rating_contents": 94, "user": null, "description": "Patreon: https://www.patreon.com/LeadheadYT\nDiscord: https://discord.gg/PVvXESU7WU\nSecond Channel: https://www.youtube.com/Porkbrain\nTwitter: https://twitter.com/LeadheadYT\n\nThe music in this video is from the Metal Gear Solid 2 OST by Norihiko Hibino and Harry Gregson-Williams, as well as a cover of Carcelera by Vince Py, linked here: https://www.youtube.com/watch?v=66fjjc9-9K4", "tags": [], "bookmarked": false, "thumbnail": "https://i2.ytimg.com/vi/9hZUrUZBcac/hqdefault.jpg", "artist": null, "language": null, "vote": 0, "date_published": "2024-03-24T16:30:01+00:00", "source": "https://www.youtube.com/feeds/videos.xml?channel_id=UC3_kehZbfRz-KrjXIqeIiPw", "album": "", "page_rating_visits": 0, "comments": [], "title": "How TTT Helped me get my Social Skills Back", "page_rating_votes": 0, "source_obj__id": 416}]