[{"page_rating": 94, "manual_status_code": 0, "status_code": 0, "permanent": false, "age": null, "link": "https://www.linuxtoday.com/developer/how-to-install-symfony-framework-in-linux", "page_rating_contents": 94, "user": null, "description": "<p>Symfony is a free, full-stack PHP framework used for building web applications. It\u2019s well-known for its self-contained components that seamlessly integrate into any PHP project. Symfony also supports multiple languages, including JavaScript and Node.js. Learn how to install Symfony in this tutorial.</p>\n<p>The post <a href=\"https://www.linuxtoday.com/developer/how-to-install-symfony-framework-in-linux/\" rel=\"nofollow\">How to Install Symfony Framework in Linux</a> appeared first on <a href=\"https://www.linuxtoday.com\" rel=\"nofollow\">Linux Today</a>.</p>", "tags": [], "bookmarked": false, "thumbnail": null, "artist": null, "language": "en-US", "vote": 0, "date_published": "2024-03-24T17:00:26+00:00", "source": "https://www.linuxtoday.com/feed", "album": "", "page_rating_visits": 0, "comments": [], "title": "How to Install Symfony Framework in Linux", "page_rating_votes": 0, "source_obj__id": 195}]