[{"page_rating": 94, "manual_status_code": 0, "status_code": 0, "permanent": false, "age": null, "link": "https://www.youtube.com/watch?v=kaf3pdJ_Cow", "page_rating_contents": 94, "user": null, "description": "Thanks again Khadas for sponsoring today\u2019s video! Save $100 on Khadas Mind using coupon code LTTMIND on Khadas.com and Aliexpress.\n\nPurchase Khadas Mind from Khadas.com: https://www.khadas.com/mind\nPurchase Khadas Mind from Aliexpress: https://s.click.aliexpress.com/e/_oF7auvO\n*Coupon code valid on Khadas.com and Aliexpress, valid until end of April 2024.\n\nThis thing makes the Mac Mini look gigantic! And don\u2019t even get us started on how big your full tower gaming rig is. The Khadas Mind is a tiny workstation that has big plans. On top of containing a 12-core Intel processor this thing will be able to dock with an RTX 4060 Ti using their new-fangled Mind Connector! The only thing in their way? That pesky PCIe standard.\n\nDiscuss on the forum: https://linustechtips.com/topic/1564088-everyone-who-tried-this-has-failed-%E2%80%93-khadas-mind-modular-pc/\n\nPurchase Khadas Mind on Amazon:\nUS: https://lmg.gg/khadasmindus\nUK: https://lmg.gg/khadasminduk\nFR: https://lmg.gg/khadasmindfr\n\n", "tags": [], "bookmarked": false, "thumbnail": "https://i4.ytimg.com/vi/kaf3pdJ_Cow/hqdefault.jpg", "artist": null, "language": null, "vote": 0, "date_published": "2024-03-24T17:00:17+00:00", "source": "https://www.youtube.com/feeds/videos.xml?channel_id=UCXuqSBlHAE6Xw-yeJA0Tunw", "album": "", "page_rating_visits": 0, "comments": [], "title": "Everyone Who Tried This Has FAILED \u2013 Khadas Mind Modular PC", "page_rating_votes": 0, "source_obj__id": 194}]