[{"page_rating": 94, "manual_status_code": 0, "status_code": 0, "permanent": false, "age": null, "link": "https://www.polygon.com/dragons-dogma-2-guide/24110755/a-beggars-tale-quest-walkthrough-follow-albert", "page_rating_contents": 94, "user": null, "description": "<figure>\n      <img alt=\"\" src=\"https://cdn.vox-cdn.com/thumbor/ii3iElg-Iy7cZSNen0twrwAbqHA=/0x0:3265x1837/640x360/cdn.vox-cdn.com/uploads/chorus_image/image/73230017/beggars_tale_dragons_dogma_2.0.jpg\" />\n    </figure>\n\n  <p>How (and when) to follow Albert</p>\n  <p>\n    <a href=\"https://www.polygon.com/dragons-dogma-2-guide/24110755/a-beggars-tale-quest-walkthrough-follow-albert\">Continue reading&hellip;</a>\n  </p>", "tags": [], "bookmarked": false, "thumbnail": null, "artist": null, "language": "en", "vote": 0, "date_published": "2024-03-24T20:53:04+00:00", "source": "https://www.polygon.com/rss/index.xml", "album": "", "page_rating_visits": 0, "comments": [], "title": "\u2018A Beggar\u2019s Tale\u2019 quest walkthrough in Dragon\u2019s Dogma 2", "page_rating_votes": 0, "source_obj__id": 258}, {"page_rating": 94, "manual_status_code": 0, "status_code": 0, "permanent": false, "age": null, "link": "https://www.polygon.com/dragons-dogma-2-guide/24110599/arisens-shadow-quest-walkthrough-confront-pursuer", "page_rating_contents": 94, "user": null, "description": "<figure>\n      <img alt=\"Dragon\u2019s Dogma 2 player chasing the spy during The Arisen\u2019s Shadow quest\" src=\"https://cdn.vox-cdn.com/thumbor/4ujtcwmfcWXke2LGsh9VCbSy_DU=/0x0:2048x1152/640x360/cdn.vox-cdn.com/uploads/chorus_image/image/73229904/Dragon_s_Dogma_2_Arisen_Shadow_quest.0.png\" />\n        <figcaption>Image: Capcom via Polygon</figcaption>\n    </figure>\n\n  <p>How to catch your pursuer</p>\n  <p>\n    <a href=\"https://www.polygon.com/dragons-dogma-2-guide/24110599/arisens-shadow-quest-walkthrough-confront-pursuer\">Continue reading&hellip;</a>\n  </p>", "tags": [], "bookmarked": false, "thumbnail": null, "artist": null, "language": "en", "vote": 0, "date_published": "2024-03-24T19:34:50+00:00", "source": "https://www.polygon.com/rss/index.xml", "album": "", "page_rating_visits": 0, "comments": [], "title": "\u2018The Arisen\u2019s Shadow\u2019 quest walkthrough in Dragon\u2019s Dogma 2", "page_rating_votes": 0, "source_obj__id": 258}, {"page_rating": 94, "manual_status_code": 0, "status_code": 0, "permanent": false, "age": null, "link": "https://www.polygon.com/dragons-dogma-2-guide/24109890/best-augments-all-augment-list-perks", "page_rating_contents": 94, "user": null, "description": "<figure>\n      <img alt=\"A Warrior kills three goblins at once because Vitality, one of the best augments in Dragon\u2019s Dogma 2, granted a bunch of extra health.\" src=\"https://cdn.vox-cdn.com/thumbor/8VWzGpC5zW8QD3XC0COcJZqeUwg=/0x0:1080x608/640x360/cdn.vox-cdn.com/uploads/chorus_image/image/73229902/warrior_dragons_dogma_2.0.jpeg\" />\n        <figcaption>Image: Capcom</figcaption>\n    </figure>\n\n  <p>Plus a list of all augments (and what they do)</p>\n  <p>\n    <a href=\"https://www.polygon.com/dragons-dogma-2-guide/24109890/best-augments-all-augment-list-perks\">Continue reading&hellip;</a>\n  </p>", "tags": [], "bookmarked": false, "thumbnail": null, "artist": null, "language": "en", "vote": 0, "date_published": "2024-03-24T19:34:40+00:00", "source": "https://www.polygon.com/rss/index.xml", "album": "", "page_rating_visits": 0, "comments": [], "title": "The best augments in Dragon\u2019s Dogma 2", "page_rating_votes": 0, "source_obj__id": 258}, {"page_rating": 94, "manual_status_code": 0, "status_code": 0, "permanent": false, "age": null, "link": "https://www.polygon.com/anime/24108680/frieren-beyond-journeys-end-review", "page_rating_contents": 94, "user": null, "description": "<figure>\n      <img alt=\"A white-haired elf woman standing in a forest, sunlight streaming on her face\" src=\"https://cdn.vox-cdn.com/thumbor/3HSQ9idPHLncHikbkNbEIKrziIM=/0x0:1920x1080/640x360/cdn.vox-cdn.com/uploads/chorus_image/image/73229840/freiren3.0.jpg\" />\n        <figcaption>Image: Madhouse</figcaption>\n    </figure>\n\n\n  \t\t<p>Haha, what do you mean everything will be forgotten thanks to the relentless march of time? </p>\n  <p>\n    <a href=\"https://www.polygon.com/anime/24108680/frieren-beyond-journeys-end-review\">Continue reading&hellip;</a>\n  </p>", "tags": [], "bookmarked": false, "thumbnail": null, "artist": null, "language": "en", "vote": 0, "date_published": "2024-03-24T19:00:00+00:00", "source": "https://www.polygon.com/rss/index.xml", "album": "", "page_rating_visits": 0, "comments": [], "title": "Frieren: Beyond Journey\u2019s End goes where few fantasy stories dare to go", "page_rating_votes": 0, "source_obj__id": 258}, {"page_rating": 94, "manual_status_code": 0, "status_code": 0, "permanent": false, "age": null, "link": "https://www.polygon.com/dragons-dogma-2-guide/24110636/gaol-how-to-get-out-escape-jail", "page_rating_contents": 94, "user": null, "description": "<figure>\n      <img alt=\"\" src=\"https://cdn.vox-cdn.com/thumbor/gWdX-ONCFVEKJ_WbeNu7rSlVdes=/0x0:3840x2160/640x360/cdn.vox-cdn.com/uploads/chorus_image/image/73229828/gaol_beastren_dragons_dogma_2.0.jpg\" />\n    </figure>\n\n  <p>Should you buy a makeshift gaol key?</p>\n  <p>\n    <a href=\"https://www.polygon.com/dragons-dogma-2-guide/24110636/gaol-how-to-get-out-escape-jail\">Continue reading&hellip;</a>\n  </p>", "tags": [], "bookmarked": false, "thumbnail": null, "artist": null, "language": "en", "vote": 0, "date_published": "2024-03-24T18:48:42+00:00", "source": "https://www.polygon.com/rss/index.xml", "album": "", "page_rating_visits": 0, "comments": [], "title": "How to get out of gaol in Dragon\u2019s Dogma 2", "page_rating_votes": 0, "source_obj__id": 258}, {"page_rating": 94, "manual_status_code": 0, "status_code": 0, "permanent": false, "age": null, "link": "https://www.polygon.com/what-to-play/24098542/best-survival-horror-games-play-ps5-pc-xbox-list", "page_rating_contents": 94, "user": null, "description": "<figure>\n      <img alt=\"Isaac Clarke aims his Plasma Cutter at a Slasher Necromorph in a screenshot from the 2023 remake of Dead Space\" src=\"https://cdn.vox-cdn.com/thumbor/5FeKkzbpm8a3tqVmYM4qm_qK4pE=/0x0:3840x2160/640x360/cdn.vox-cdn.com/uploads/chorus_image/image/73229657/DSGP_screenshots_2160p_PNG24_USP3a_no_watermark.0.jpg\" />\n        <figcaption>Image: Motive Studio/Electronic Arts</figcaption>\n    </figure>\n\n\n  \t\t<p>You can run, but you can\u2019t hide forever</p>\n  <p>\n    <a href=\"https://www.polygon.com/what-to-play/24098542/best-survival-horror-games-play-ps5-pc-xbox-list\">Continue reading&hellip;</a>\n  </p>", "tags": [], "bookmarked": false, "thumbnail": null, "artist": null, "language": "en", "vote": 0, "date_published": "2024-03-24T17:00:00+00:00", "source": "https://www.polygon.com/rss/index.xml", "album": "", "page_rating_visits": 0, "comments": [], "title": "The 9 best survival horror games you can play right now", "page_rating_votes": 0, "source_obj__id": 258}, {"page_rating": 94, "manual_status_code": 0, "status_code": 0, "permanent": false, "age": null, "link": "https://www.polygon.com/dragons-dogma-2-guide/24110465/nameless-village-how-to-reach", "page_rating_contents": 94, "user": null, "description": "<figure>\n      <img alt=\"A beastren stands near the landslide blocking the way to the Nameless Village in Dragon\u2019s Dogma 2.\" src=\"https://cdn.vox-cdn.com/thumbor/GraSyjLZ-0-JWmT75Kadhwjpqok=/0x0:3840x2160/640x360/cdn.vox-cdn.com/uploads/chorus_image/image/73229528/nameless_village_dragons_dogma_2.0.jpg\" />\n        <figcaption>Image: Capcom via Polygon</figcaption>\n    </figure>\n\n  <p>You can\u2019t clear the landslide, so here\u2019s the best route</p>\n  <p>\n    <a href=\"https://www.polygon.com/dragons-dogma-2-guide/24110465/nameless-village-how-to-reach\">Continue reading&hellip;</a>\n  </p>", "tags": [], "bookmarked": false, "thumbnail": null, "artist": null, "language": "en", "vote": 0, "date_published": "2024-03-24T15:50:57+00:00", "source": "https://www.polygon.com/rss/index.xml", "album": "", "page_rating_visits": 0, "comments": [], "title": "How to reach the Nameless Village in Dragon\u2019s Dogma 2", "page_rating_votes": 0, "source_obj__id": 258}, {"page_rating": 94, "manual_status_code": 0, "status_code": 0, "permanent": false, "age": null, "link": "https://www.polygon.com/24107846/julio-torres-interview-problemista", "page_rating_contents": 94, "user": null, "description": "<figure>\n      <img alt=\"A shot of Julio Torres from below with a lovely blue sky above him, from the film Problemista\" src=\"https://cdn.vox-cdn.com/thumbor/GXy-rCJ6vScYXL5NnZMVXs_BNas=/726x231:3840x1983/640x360/cdn.vox-cdn.com/uploads/chorus_image/image/73229458/Problemista_julio_torres3.0.jpg\" />\n        <figcaption>Image: A24</figcaption>\n    </figure>\n\n\n  \t\t<p>\u2018Curiosity is the gateway to empathy\u2019</p>\n  <p>\n    <a href=\"https://www.polygon.com/24107846/julio-torres-interview-problemista\">Continue reading&hellip;</a>\n  </p>", "tags": [], "bookmarked": false, "thumbnail": null, "artist": null, "language": "en", "vote": 0, "date_published": "2024-03-24T15:03:00+00:00", "source": "https://www.polygon.com/rss/index.xml", "album": "", "page_rating_visits": 0, "comments": [], "title": "Problemista\u2019s Julio Torres wants us all to be curious like kids", "page_rating_votes": 0, "source_obj__id": 258}, {"page_rating": 94, "manual_status_code": 0, "status_code": 0, "permanent": false, "age": null, "link": "https://www.polygon.com/dragons-dogma-2-guide/24107184/coronation-feast-deception-point-of-no-return", "page_rating_contents": 94, "user": null, "description": "<figure>\n      <img alt=\"The false king sits on the throne in Dragon\u2019s Dogma 2\" src=\"https://cdn.vox-cdn.com/thumbor/l3rNuGkZCy9LPAms8914_rJATiQ=/0x0:3840x2160/640x360/cdn.vox-cdn.com/uploads/chorus_image/image/73229404/DD2_Castle_01_png_jpgcopy.0.jpg\" />\n        <figcaption>Image: Capcom</figcaption>\n    </figure>\n\n  <p>Is there a point of no return?</p>\n  <p>\n    <a href=\"https://www.polygon.com/dragons-dogma-2-guide/24107184/coronation-feast-deception-point-of-no-return\">Continue reading&hellip;</a>\n  </p>", "tags": [], "bookmarked": false, "thumbnail": null, "artist": null, "language": "en", "vote": 0, "date_published": "2024-03-24T14:23:58+00:00", "source": "https://www.polygon.com/rss/index.xml", "album": "", "page_rating_visits": 0, "comments": [], "title": "Should you go to the \u2018Feast of Deception\u2019 coronation in Dragon\u2019s Dogma 2?", "page_rating_votes": 0, "source_obj__id": 258}, {"page_rating": 94, "manual_status_code": 0, "status_code": 0, "permanent": false, "age": null, "link": "https://www.polygon.com/24106260/ff7-rebirth-ending-explained-does-aerith-die-who-knows", "page_rating_contents": 94, "user": null, "description": "<figure>\n      <img alt=\"Aerith from Final Fantasy 7 Rebirth, her brown hair cascading around her shoulders, with tears on her cheeks despite an expression of pensive calm\" src=\"https://cdn.vox-cdn.com/thumbor/HlwtsTbbYEhw6AU0VtoKuwaERKE=/0x0:3641x2048/640x360/cdn.vox-cdn.com/uploads/chorus_image/image/73229256/IMG_9322.0.jpeg\" />\n        <figcaption>Image: Square Enix via Polygon</figcaption>\n    </figure>\n\n\n  \t\t<p>This multiverse is madness</p>\n  <p>\n    <a href=\"https://www.polygon.com/24106260/ff7-rebirth-ending-explained-does-aerith-die-who-knows\">Continue reading&hellip;</a>\n  </p>", "tags": [], "bookmarked": false, "thumbnail": null, "artist": null, "language": "en", "vote": 0, "date_published": "2024-03-24T13:00:00+00:00", "source": "https://www.polygon.com/rss/index.xml", "album": "", "page_rating_visits": 0, "comments": [], "title": "FF7 Rebirth\u2019s ending is the worst kind of cop-out", "page_rating_votes": 0, "source_obj__id": 258}]