[{"page_rating": 94, "manual_status_code": 0, "status_code": 0, "permanent": false, "age": null, "link": "https://securityaffairs.com/161016/breaking-news/security-affairs-newsletter-round-464-by-pierluigi-paganini-international-edition.html", "page_rating_contents": 94, "user": null, "description": "A new round of the weekly SecurityAffairs newsletter arrived! Every week the best security articles from Security Affairs are free for you in your email box. Enjoy a new round of the weekly SecurityAffairs newsletter, including the international press. Russia-linked APT29 targeted German political parties with WINELOADER backdoor Mozilla fixed Firefox zero-days exploited at Pwn2Own [&#8230;]", "tags": [], "bookmarked": false, "thumbnail": null, "artist": null, "language": "en-US", "vote": 0, "date_published": "2024-03-24T15:57:30+00:00", "source": "https://securityaffairs.com/feed", "album": "", "page_rating_visits": 0, "comments": [], "title": "Security Affairs newsletter Round 464 by Pierluigi Paganini \u2013 INTERNATIONAL EDITION", "page_rating_votes": 0, "source_obj__id": 298}, {"page_rating": 94, "manual_status_code": 0, "status_code": 0, "permanent": false, "age": null, "link": "https://securityaffairs.com/161009/cyber-crime/cybercriminals-accelerate-scams-ramadan.html", "page_rating_contents": 94, "user": null, "description": "During the month of Ramadan, Resecurity observed a significant increase in fraudulent activities and scams. During the month of Ramadan, Resecurity observed a significant increase in fraudulent activities and scams, coinciding with a surge in retail and online transactions. Middle Eastern enterprises, facing this heightened risk, are urged to bolster consumer protection and reinforce their [&#8230;]", "tags": [], "bookmarked": false, "thumbnail": null, "artist": null, "language": "en-US", "vote": 0, "date_published": "2024-03-24T10:37:05+00:00", "source": "https://securityaffairs.com/feed", "album": "", "page_rating_visits": 0, "comments": [], "title": "Cybercriminals Accelerate Online Scams During Ramadan and Eid Fitr", "page_rating_votes": 0, "source_obj__id": 298}]