[{"page_rating": 94, "manual_status_code": 0, "status_code": 0, "permanent": false, "age": null, "link": "https://dailysceptic.org/2024/03/24/eco-zealots-and-pro-palestine-activists-join-forces-to-block-entry-to-british-museum", "page_rating_contents": 94, "user": null, "description": "<p>An unholy alliance of eco-zealots and pro-Palestinian protestors have joined forces to blockade the British Museum under the banner of Energy Embargo for Palestine.</p>\n<p>The post <a href=\"https://dailysceptic.org/2024/03/24/eco-zealots-and-pro-palestine-activists-join-forces-to-block-entry-to-british-museum/\">Eco-Zealots and Pro-Palestine Activists Join Forces to Block Entry to British Museum</a> appeared first on <a href=\"https://dailysceptic.org\">The Daily Sceptic</a>.</p>", "tags": [], "bookmarked": false, "thumbnail": null, "artist": null, "language": "en-GB", "vote": 0, "date_published": "2024-03-24T19:00:00+00:00", "source": "https://dailysceptic.org/feed", "album": "", "page_rating_visits": 0, "comments": [], "title": "Eco-Zealots and Pro-Palestine Activists Join Forces to Block Entry to British Museum", "page_rating_votes": 0, "source_obj__id": 89}, {"page_rating": 94, "manual_status_code": 0, "status_code": 0, "permanent": false, "age": null, "link": "https://dailysceptic.org/2024/03/24/taxpayer-spends-4-million-on-government-lawyers-home-working-equipment", "page_rating_contents": 94, "user": null, "description": "<p>Whitehall lawyers have splurged nearly \u00a34 million of taxpayer money on gadgets like laptops and mobile phones for working from home since 2021, according to data obtained under the Freedom of Information Act.</p>\n<p>The post <a href=\"https://dailysceptic.org/2024/03/24/taxpayer-spends-4-million-on-government-lawyers-home-working-equipment/\">Taxpayer Spends \u00a34 Million on Government Lawyers\u2019 Home Working Equipment</a> appeared first on <a href=\"https://dailysceptic.org\">The Daily Sceptic</a>.</p>", "tags": [], "bookmarked": false, "thumbnail": null, "artist": null, "language": "en-GB", "vote": 0, "date_published": "2024-03-24T17:00:00+00:00", "source": "https://dailysceptic.org/feed", "album": "", "page_rating_visits": 0, "comments": [], "title": "Taxpayer Spends \u00a34 Million on Government Lawyers\u2019 Home Working Equipment", "page_rating_votes": 0, "source_obj__id": 89}, {"page_rating": 94, "manual_status_code": 0, "status_code": 0, "permanent": false, "age": null, "link": "https://dailysceptic.org/2024/03/24/doctors-warn-of-mysterious-cancer-epidemic", "page_rating_contents": 94, "user": null, "description": "<p>A dramatic rise in abdominal cancers among younger people, even those under 45, is sparking alarm among medical experts.</p>\n<p>The post <a href=\"https://dailysceptic.org/2024/03/24/doctors-warn-of-mysterious-cancer-epidemic/\">Doctors Warn of Mysterious Cancer \u2018Epidemic\u2019</a> appeared first on <a href=\"https://dailysceptic.org\">The Daily Sceptic</a>.</p>", "tags": [], "bookmarked": false, "thumbnail": null, "artist": null, "language": "en-GB", "vote": 0, "date_published": "2024-03-24T15:00:00+00:00", "source": "https://dailysceptic.org/feed", "album": "", "page_rating_visits": 0, "comments": [], "title": "Doctors Warn of Mysterious Cancer \u2018Epidemic\u2019", "page_rating_votes": 0, "source_obj__id": 89}, {"page_rating": 94, "manual_status_code": 0, "status_code": 0, "permanent": false, "age": null, "link": "https://dailysceptic.org/2024/03/24/mothers-sue-nhs-in-legal-battle-over-gender-treatment", "page_rating_contents": 94, "user": null, "description": "<p>Two mothers are suing NHS England over concerns that transgender teenagers face \"irreversible harm\" due to insufficient safeguards in gender clinics.</p>\n<p>The post <a href=\"https://dailysceptic.org/2024/03/24/mothers-sue-nhs-in-legal-battle-over-gender-treatment/\">Mothers Sue NHS in Legal Battle Over Gender Treatment</a> appeared first on <a href=\"https://dailysceptic.org\">The Daily Sceptic</a>.</p>", "tags": [], "bookmarked": false, "thumbnail": null, "artist": null, "language": "en-GB", "vote": 0, "date_published": "2024-03-24T13:00:02+00:00", "source": "https://dailysceptic.org/feed", "album": "", "page_rating_visits": 0, "comments": [], "title": "Mothers Sue NHS in Legal Battle Over Gender Treatment", "page_rating_votes": 0, "source_obj__id": 89}, {"page_rating": 94, "manual_status_code": 0, "status_code": 0, "permanent": false, "age": null, "link": "https://dailysceptic.org/2024/03/24/europes-green-energy-ambitions-clouded-by-surplus-chinese-solar-panels", "page_rating_contents": 94, "user": null, "description": "<p>EU solar panel-makers are on the brink of extinction as a massive oversupply from China sees manufacturers pulling out of the market or facing insolvency.</p>\n<p>The post <a href=\"https://dailysceptic.org/2024/03/24/europes-green-energy-ambitions-clouded-by-surplus-chinese-solar-panels/\">Europe\u2019s Green Energy Ambitions Clouded by Surplus Chinese Solar Panels</a> appeared first on <a href=\"https://dailysceptic.org\">The Daily Sceptic</a>.</p>", "tags": [], "bookmarked": false, "thumbnail": null, "artist": null, "language": "en-GB", "vote": 0, "date_published": "2024-03-24T11:02:09+00:00", "source": "https://dailysceptic.org/feed", "album": "", "page_rating_visits": 0, "comments": [], "title": "Europe\u2019s Green Energy Ambitions Clouded by Surplus Chinese Solar Panels", "page_rating_votes": 0, "source_obj__id": 89}, {"page_rating": 94, "manual_status_code": 0, "status_code": 0, "permanent": false, "age": null, "link": "https://dailysceptic.org/2024/03/24/murthy-v-missouri-is-a-distraction-from-the-real-threat-to-freedom-of-speech", "page_rating_contents": 94, "user": null, "description": "<p>Murthy v. Missouri, the Supreme Court case challenging Government censorship during the COVID-19 pandemic, is a distraction from the real threat to Americans' freedom of speech, says Robert Kogon.</p>\n<p>The post <a href=\"https://dailysceptic.org/2024/03/24/murthy-v-missouri-is-a-distraction-from-the-real-threat-to-freedom-of-speech/\">Murthy v. Missouri is a Distraction From the Real Threat to Freedom of Speech</a> appeared first on <a href=\"https://dailysceptic.org\">The Daily Sceptic</a>.</p>", "tags": [], "bookmarked": false, "thumbnail": null, "artist": null, "language": "en-GB", "vote": 0, "date_published": "2024-03-24T09:00:00+00:00", "source": "https://dailysceptic.org/feed", "album": "", "page_rating_visits": 0, "comments": [], "title": "Murthy v. Missouri is a Distraction From the Real Threat to Freedom of Speech", "page_rating_votes": 0, "source_obj__id": 89}, {"page_rating": 94, "manual_status_code": 0, "status_code": 0, "permanent": false, "age": null, "link": "https://dailysceptic.org/2024/03/24/new-report-explodes-myth-that-extreme-weather-is-getting-worse", "page_rating_contents": 94, "user": null, "description": "<p>A new report from the Global Warming Policy Foundation by physicist Dr. Ralph B. Alexander explodes the myth that 'extreme weather' is getting worse.</p>\n<p>The post <a href=\"https://dailysceptic.org/2024/03/24/new-report-explodes-myth-that-extreme-weather-is-getting-worse/\">New Report Explodes Myth That &#8216;Extreme Weather&#8217; is Getting Worse</a> appeared first on <a href=\"https://dailysceptic.org\">The Daily Sceptic</a>.</p>", "tags": [], "bookmarked": false, "thumbnail": null, "artist": null, "language": "en-GB", "vote": 0, "date_published": "2024-03-24T07:00:00+00:00", "source": "https://dailysceptic.org/feed", "album": "", "page_rating_visits": 0, "comments": [], "title": "New Report Explodes Myth That \u2018Extreme Weather\u2019 is Getting Worse", "page_rating_votes": 0, "source_obj__id": 89}, {"page_rating": 94, "manual_status_code": 0, "status_code": 0, "permanent": false, "age": null, "link": "https://dailysceptic.org/2024/03/24/news-round-up-1107", "page_rating_contents": 94, "user": null, "description": "<p>A summary of the most interesting stories in the past 24 hours that challenge the prevailing orthodoxy about the virus and the vaccines, the \u2018climate emergency\u2019 and the supposed moral defects of Western civilisation.</p>\n<p>The post <a href=\"https://dailysceptic.org/2024/03/24/news-round-up-1107/\">News Round-Up</a> appeared first on <a href=\"https://dailysceptic.org\">The Daily Sceptic</a>.</p>", "tags": [], "bookmarked": false, "thumbnail": null, "artist": null, "language": "en-GB", "vote": 0, "date_published": "2024-03-24T01:32:03+00:00", "source": "https://dailysceptic.org/feed", "album": "", "page_rating_visits": 0, "comments": [], "title": "News Round-Up", "page_rating_votes": 0, "source_obj__id": 89}]