[{"page_rating": 100, "manual_status_code": 0, "status_code": 0, "permanent": false, "age": null, "link": "https://www.bloomberg.com/news/articles/2024-03-24/uk-pledges-350-million-for-nuclear-defense-and-energy-by-2030", "page_rating_contents": 100, "user": null, "description": "UK Prime Minister Rishi Sunak is committing hundreds of millions of pounds over the next decade to Britain\u2019s nuclear deterrent and energy infrastructure as part of a \u201ccritical national endeavour\u201d to safeguard the industry and protect the country.", "tags": [], "bookmarked": false, "thumbnail": "https://assets.bwbx.io/images/users/iqjWHBFdfxIU/i6oOflZW.Zks/v1/1200x-1.jpg", "artist": null, "language": "en", "vote": 0, "date_published": "2024-03-24T22:30:01+00:00", "source": "https://www.bloomberg.com/politics/feeds/site.xml", "album": "", "page_rating_visits": 0, "comments": [], "title": "UK Pledges \u00a3350 Million For Nuclear Defense and Energy By 2030", "page_rating_votes": 0, "source_obj__id": 41}, {"page_rating": 100, "manual_status_code": 0, "status_code": 0, "permanent": false, "age": null, "link": "https://www.bloomberg.com/news/articles/2024-03-24/france-raises-security-alert-to-max-level-after-attack-in-moscow", "page_rating_contents": 100, "user": null, "description": "French authorities have raised their security alert level to the maximum following the deadly Friday attack in a Moscow concert hall.", "tags": [], "bookmarked": false, "thumbnail": "https://assets.bwbx.io/images/users/iqjWHBFdfxIU/ix53j2Iw9KQk/v1/1200x-1.jpg", "artist": null, "language": "en", "vote": 0, "date_published": "2024-03-24T21:27:11+00:00", "source": "https://www.bloomberg.com/politics/feeds/site.xml", "album": "", "page_rating_visits": 0, "comments": [], "title": "France Raises Security Alert to Max Level After Attack in Moscow", "page_rating_votes": 0, "source_obj__id": 41}, {"page_rating": 100, "manual_status_code": 0, "status_code": 0, "permanent": false, "age": null, "link": "https://www.bloomberg.com/news/articles/2024-03-24/nj-first-lady-tammy-murphy-suspends-campaign-for-us-senate", "page_rating_contents": 100, "user": null, "description": "New Jersey first lady Tammy Snyder Murphy said she\u2019s suspending her campaign for the US Senate seat held by Democrat Bob Menendez.", "tags": [], "bookmarked": false, "thumbnail": "https://assets.bwbx.io/images/users/iqjWHBFdfxIU/i40Vmwb4rpZ0/v0/1200x-1.jpg", "artist": null, "language": "en", "vote": 0, "date_published": "2024-03-24T20:19:26+00:00", "source": "https://www.bloomberg.com/politics/feeds/site.xml", "album": "", "page_rating_visits": 0, "comments": [], "title": "NJ First Lady Tammy Murphy Suspends Campaign for US Senate", "page_rating_votes": 0, "source_obj__id": 41}, {"page_rating": 100, "manual_status_code": 0, "status_code": 0, "permanent": false, "age": null, "link": "https://www.bloomberg.com/news/articles/2024-03-24/senegal-counts-ballots-in-tightly-contested-presidential-vote", "page_rating_contents": 100, "user": null, "description": "Senegal\u2019s electoral authority was wrapping up counting ballots in a presidential election that\u2019s too close to call.", "tags": [], "bookmarked": false, "thumbnail": "https://assets.bwbx.io/images/users/iqjWHBFdfxIU/ileycTjm.fHw/v1/1200x-1.jpg", "artist": null, "language": "en", "vote": 0, "date_published": "2024-03-24T20:01:33+00:00", "source": "https://www.bloomberg.com/politics/feeds/site.xml", "album": "", "page_rating_visits": 0, "comments": [], "title": "Senegal Counts Ballots in Tightly Contested Presidential Vote", "page_rating_votes": 0, "source_obj__id": 41}, {"page_rating": 100, "manual_status_code": 0, "status_code": 0, "permanent": false, "age": null, "link": "https://www.bloomberg.com/news/articles/2024-03-24/harris-won-t-rule-out-us-consequences-if-israel-invades-rafah", "page_rating_contents": 100, "user": null, "description": "Vice President Kamala Harris declined to rule out consequences for Israel if it invades the crowded southern Gaza city of Rafah, a step the US has repeatedly warned against.", "tags": [], "bookmarked": false, "thumbnail": "https://assets.bwbx.io/images/users/iqjWHBFdfxIU/iEhuuC8QYD2M/v1/1200x-1.jpg", "artist": null, "language": "en", "vote": 0, "date_published": "2024-03-24T19:47:40+00:00", "source": "https://www.bloomberg.com/politics/feeds/site.xml", "album": "", "page_rating_visits": 0, "comments": [], "title": "Harris Won\u2019t Rule Out US Consequences If Israel Invades Rafah", "page_rating_votes": 0, "source_obj__id": 41}, {"page_rating": 100, "manual_status_code": 0, "status_code": 0, "permanent": false, "age": null, "link": "https://www.bloomberg.com/news/articles/2024-03-24/ireland-s-harris-set-to-become-prime-minister-in-uncontested-bid", "page_rating_contents": 100, "user": null, "description": "Ireland\u2019s Simon Harris was named leader of his liberal Fine Gael party on Sunday, putting him on course to become prime minister following the unexpected announcement last week that Leo Varadkar would resign.", "tags": [], "bookmarked": false, "thumbnail": "https://assets.bwbx.io/images/users/iqjWHBFdfxIU/iZtQ9Ql6mLGA/v1/1200x-1.jpg", "artist": null, "language": "en", "vote": 0, "date_published": "2024-03-24T16:42:32+00:00", "source": "https://www.bloomberg.com/politics/feeds/site.xml", "album": "", "page_rating_visits": 0, "comments": [], "title": "Ireland\u2019s Harris Set to Become Prime Minister in Uncontested Bid", "page_rating_votes": 0, "source_obj__id": 41}, {"page_rating": 100, "manual_status_code": 0, "status_code": 0, "permanent": false, "age": null, "link": "https://www.bloomberg.com/news/articles/2024-03-24/war-in-ukraine-latest-russian-barrage-targeted-underground-gas-storage", "page_rating_contents": 100, "user": null, "description": "Russia struck an underground gas storage facility in western Ukraine during Sunday missile and drone attack, underlining threats to the country\u2019s energy system posed by war.", "tags": [], "bookmarked": false, "thumbnail": "https://assets.bwbx.io/images/users/iqjWHBFdfxIU/iKAGJuo_ZGxo/v1/1200x-1.jpg", "artist": null, "language": "en", "vote": 0, "date_published": "2024-03-24T15:48:12+00:00", "source": "https://www.bloomberg.com/politics/feeds/site.xml", "album": "", "page_rating_visits": 0, "comments": [], "title": "Ukraine Says Russian Barrage Aimed at Underground Gas Storage", "page_rating_votes": 0, "source_obj__id": 41}, {"page_rating": 100, "manual_status_code": 0, "status_code": 0, "permanent": false, "age": null, "link": "https://www.bloomberg.com/news/articles/2024-03-24/jeremy-hunt-vows-conservatives-will-keep-triple-lock-pension-guarantee", "page_rating_contents": 100, "user": null, "description": "The Conservative Party will keep the protection on pension increases known as the triple lock in their manifesto for this year\u2019s elections, despite constraints on public finances.", "tags": [], "bookmarked": false, "thumbnail": "https://assets.bwbx.io/images/users/iqjWHBFdfxIU/iMxFlTaq4_lw/v1/1200x-1.jpg", "artist": null, "language": "en", "vote": 0, "date_published": "2024-03-24T15:11:36+00:00", "source": "https://www.bloomberg.com/politics/feeds/site.xml", "album": "", "page_rating_visits": 0, "comments": [], "title": "Conservatives\u00a0Will Keep Pension \u2018Triple Lock\u2019 in Platform, Hunt Says", "page_rating_votes": 0, "source_obj__id": 41}, {"page_rating": 100, "manual_status_code": 0, "status_code": 0, "permanent": false, "age": null, "link": "https://www.bloomberg.com/news/articles/2024-03-24/trump-faces-moment-of-truth-for-his-finances-in-manhattan-court", "page_rating_contents": 100, "user": null, "description": "As Donald Trump sits in a Manhattan court room Monday for a hearing related to one of his criminal cases, he\u2019ll also be facing a moment of truth for his finances: a deadline that same day to either post a bond to cover a $454 million civil fraud verdict or risk having New York state start the process of seizing some of his assets.", "tags": [], "bookmarked": false, "thumbnail": "https://assets.bwbx.io/images/users/iqjWHBFdfxIU/i_aAkbGcRaAo/v1/1200x-1.jpg", "artist": null, "language": "en", "vote": 0, "date_published": "2024-03-24T14:08:41+00:00", "source": "https://www.bloomberg.com/politics/feeds/site.xml", "album": "", "page_rating_visits": 0, "comments": [], "title": "Trump Faces Moment of Truth for His Finances in Manhattan Court", "page_rating_votes": 0, "source_obj__id": 41}, {"page_rating": 100, "manual_status_code": 0, "status_code": 0, "permanent": false, "age": null, "link": "https://www.bloomberg.com/news/articles/2024-03-24/us-homebuyers-expecting-10-000-savings-face-tough-reality", "page_rating_contents": 100, "user": null, "description": "Consumers expecting big savings from a National Association of Realtors\u2019 class-action settlement over agent commissions may instead be in for a letdown.", "tags": [], "bookmarked": false, "thumbnail": "https://assets.bwbx.io/images/users/iqjWHBFdfxIU/i7il7iOaZ3xw/v1/1200x-1.jpg", "artist": null, "language": "en", "vote": 0, "date_published": "2024-03-24T13:00:00+00:00", "source": "https://www.bloomberg.com/politics/feeds/site.xml", "album": "", "page_rating_visits": 0, "comments": [], "title": "US Homebuyers Expecting $10,000 Savings Face Tough Reality", "page_rating_votes": 0, "source_obj__id": 41}, {"page_rating": 100, "manual_status_code": 0, "status_code": 0, "permanent": false, "age": null, "link": "https://www.bloomberg.com/news/articles/2024-03-24/parliamentary-panel-to-grill-sunak-on-economy-uk-sunday-briefing", "page_rating_contents": 100, "user": null, "description": "Hello again. Here\u2019s what we\u2019re talking about heading into the new week.The big hearing:\u00a0Prime Minister Rishi Sunak appears before Parliament\u2019s Liaison Committee on Tuesday\u00a0and is likely to be grilled about the economy,\u00a0global issues and \u201cstrategic thinking in government.\u201d\u00a0As we know, much of the strategic thinking right now is about how to avoid a\u00a0Tory wipeout\u00a0at the next general election.\u00a0The big speech:\u00a0Hawkish\u00a0Bank of England policymaker\u00a0Catherine Mann speaks in Belfast on Monday and may have", "tags": [], "bookmarked": false, "thumbnail": "https://assets.bwbx.io/images/users/iqjWHBFdfxIU/i55AWB3xZ0AM/v1/1200x-1.jpg", "artist": null, "language": "en", "vote": 0, "date_published": "2024-03-24T12:55:26+00:00", "source": "https://www.bloomberg.com/politics/feeds/site.xml", "album": "", "page_rating_visits": 0, "comments": [], "title": "Parliamentary Panel to Grill Sunak on Economy: UK Sunday Briefing", "page_rating_votes": 0, "source_obj__id": 41}, {"page_rating": 100, "manual_status_code": 0, "status_code": 0, "permanent": false, "age": null, "link": "https://www.bloomberg.com/news/articles/2024-03-24/italy-s-finance-ministry-sees-economy-growing-1-this-year", "page_rating_contents": 100, "user": null, "description": "Italy\u2019s finance minister sees the nation\u2019s economy expanding by 1% this year, the fastest pace predicted for the euro region\u2019s three largest economies.", "tags": [], "bookmarked": false, "thumbnail": "https://assets.bwbx.io/images/users/iqjWHBFdfxIU/iu7It5jRraqM/v0/1200x-1.jpg", "artist": null, "language": "en", "vote": 0, "date_published": "2024-03-24T12:30:31+00:00", "source": "https://www.bloomberg.com/politics/feeds/site.xml", "album": "", "page_rating_visits": 0, "comments": [], "title": "Italy\u2019s Finance Ministry Sees Economy Growing 1% This Year", "page_rating_votes": 0, "source_obj__id": 41}, {"page_rating": 100, "manual_status_code": 0, "status_code": 0, "permanent": false, "age": null, "link": "https://www.bloomberg.com/news/articles/2024-03-24/south-africa-s-eskom-sets-new-blackouts-to-replenish-reserves", "page_rating_contents": 100, "user": null, "description": "South Africa will ramp up nationwide power outages from Sunday as the state-owned utility Eskom Holdings SOC Ltd. looks to replenish emergency reserves.", "tags": [], "bookmarked": false, "thumbnail": "https://assets.bwbx.io/images/users/iqjWHBFdfxIU/iXdY6LKr_aSU/v1/1200x-1.jpg", "artist": null, "language": "en", "vote": 0, "date_published": "2024-03-24T12:18:02+00:00", "source": "https://www.bloomberg.com/politics/feeds/site.xml", "album": "", "page_rating_visits": 0, "comments": [], "title": "South Africa\u2019s Eskom Sets New Blackouts to Replenish Reserves", "page_rating_votes": 0, "source_obj__id": 41}, {"page_rating": 100, "manual_status_code": 0, "status_code": 0, "permanent": false, "age": null, "link": "https://www.bloomberg.com/news/articles/2024-03-24/moscow-attack-revives-memories-of-when-wave-of-violence-engulfed-russia", "page_rating_contents": 100, "user": null, "description": "The deadly attack in a Moscow concert hall has plunged anxious Russians back to a time they thought they\u2019d left behind, when a wave of violence engulfed the country early in President Vladimir Putin\u2019s rule.", "tags": [], "bookmarked": false, "thumbnail": "https://assets.bwbx.io/images/users/iqjWHBFdfxIU/i4niSli7gDt4/v1/1200x-1.jpg", "artist": null, "language": "en", "vote": 0, "date_published": "2024-03-24T12:06:01+00:00", "source": "https://www.bloomberg.com/politics/feeds/site.xml", "album": "", "page_rating_visits": 0, "comments": [], "title": "Russians Relive Dark Memories as Attack Shatters Moscow Bubble", "page_rating_votes": 0, "source_obj__id": 41}, {"page_rating": 100, "manual_status_code": 0, "status_code": 0, "permanent": false, "age": null, "link": "https://www.bloomberg.com/news/articles/2024-03-24/russia-enters-day-of-mourning-after-deadly-moscow-terrorist-act", "page_rating_contents": 100, "user": null, "description": "Russia was holding a national day of mourning on Sunday following the terrorist attack that killed at least 137 people in Moscow, as officials continue to suggest a Ukrainian role in the massacre claimed by Islamic State.", "tags": [], "bookmarked": false, "thumbnail": "https://assets.bwbx.io/images/users/iqjWHBFdfxIU/iXymMIg192HI/v1/1200x-1.jpg", "artist": null, "language": "en", "vote": 0, "date_published": "2024-03-24T10:36:09+00:00", "source": "https://www.bloomberg.com/politics/feeds/site.xml", "album": "", "page_rating_visits": 0, "comments": [], "title": "Russia Mourns Victims After Deadly Moscow Terrorist Attack", "page_rating_votes": 0, "source_obj__id": 41}, {"page_rating": 100, "manual_status_code": 0, "status_code": 0, "permanent": false, "age": null, "link": "https://www.bloomberg.com/news/articles/2024-03-24/senegal-votes-in-presidential-election-that-s-too-close-to-call", "page_rating_contents": 100, "user": null, "description": "Senegal\u2019s voters began casting their ballots in a presidential election in which the leading candidates offer a choice between policy continuity or a radical new course for one of Africa\u2019s fastest-growing economies.", "tags": [], "bookmarked": false, "thumbnail": "https://assets.bwbx.io/images/users/iqjWHBFdfxIU/iXSuUxNzjyVU/v1/1200x-1.jpg", "artist": null, "language": "en", "vote": 0, "date_published": "2024-03-24T08:29:38+00:00", "source": "https://www.bloomberg.com/politics/feeds/site.xml", "album": "", "page_rating_visits": 0, "comments": [], "title": "Senegal Votes in Presidential Election That\u2019s Too Close to Call", "page_rating_votes": 0, "source_obj__id": 41}, {"page_rating": 100, "manual_status_code": 0, "status_code": 0, "permanent": false, "age": null, "link": "https://www.bloomberg.com/news/articles/2024-03-24/thai-opposition-figure-widens-lead-over-prime-minister-in-poll", "page_rating_contents": 100, "user": null, "description": "A Thai opposition politician facing mounting challenges to his political survival widened his lead over Prime Minister Srettha Thavisin in a new survey, underscoring divisions in the Southeast Asian nation.", "tags": [], "bookmarked": false, "thumbnail": "https://assets.bwbx.io/images/users/iqjWHBFdfxIU/i_6x0dhQkCsI/v1/1200x-1.jpg", "artist": null, "language": "en", "vote": 0, "date_published": "2024-03-24T07:33:58+00:00", "source": "https://www.bloomberg.com/politics/feeds/site.xml", "album": "", "page_rating_visits": 0, "comments": [], "title": "Thai Opposition Figure Widens Lead Over Prime Minister in Poll", "page_rating_votes": 0, "source_obj__id": 41}, {"page_rating": 100, "manual_status_code": 0, "status_code": 0, "permanent": false, "age": null, "link": "https://www.bloomberg.com/en/news/thp/2024-03-24/nearly-300-abducted-schoolchildren-in-northwest-nigeria-freed-after-two-weeks", "page_rating_contents": 100, "user": null, "description": "A general view of a classroom at Kuriga school in Kuririga on March 8, 2024, where more than 250 pupils kidnapped by gunmen. Nigeria's President Bola Ahmed Tinubu on March 8, 2024 sent troops to rescue more than 250 pupils kidnapped by gunmen from a school in the country's northwest in one of the largest mass abductions in three years. The Kaduna state attack was the second mass kidnapping in a week in Africa's most populous state, where heavily armed criminal gangs on motorbikes target victims in villages and schools and along highways in the hunt for ransom payments. Local government officials in Kaduna State confirmed the kidnapping attack on Kuriga school on March 7, 2024, but they have still not given figures as they said they were still working out how many children had been abducted. (Photo by Haidar Umar / AFP) (Photo by HAIDAR UMAR/AFP via Getty Images)", "tags": [], "bookmarked": false, "thumbnail": "https://assets.bwbx.io/images/users/iqjWHBFdfxIU/ieu94DAh5erI/v1/1200x-1.jpg", "artist": null, "language": "en", "vote": 0, "date_published": "2024-03-24T06:36:37+00:00", "source": "https://www.bloomberg.com/politics/feeds/site.xml", "album": "", "page_rating_visits": 0, "comments": [], "title": "Nearly 300 Abducted Nigerian Schoolchildren Freed\u00a0After 2\u00a0Weeks", "page_rating_votes": 0, "source_obj__id": 41}, {"page_rating": 100, "manual_status_code": 0, "status_code": 0, "permanent": false, "age": null, "link": "https://www.bloomberg.com/news/articles/2024-03-24/houthis-fired-missile-at-chinese-owned-ship-in-red-sea-us-says", "page_rating_contents": 100, "user": null, "description": "Yemen-based Houthis fired a missile at a Chinese-owned oil tanker called M/V Huang Pu on Saturday, the US Central Command said.", "tags": [], "bookmarked": false, "thumbnail": "https://assets.bwbx.io/images/users/iqjWHBFdfxIU/i0q_cJ8cuj3I/v0/1200x-1.jpg", "artist": null, "language": "en", "vote": 0, "date_published": "2024-03-24T03:02:50+00:00", "source": "https://www.bloomberg.com/politics/feeds/site.xml", "album": "", "page_rating_visits": 0, "comments": [], "title": "Houthis Fired Missile at Chinese-Owned Ship in Red Sea, US Says", "page_rating_votes": 0, "source_obj__id": 41}, {"page_rating": 100, "manual_status_code": 0, "status_code": 0, "permanent": false, "age": null, "link": "https://www.bloomberg.com/news/articles/2024-03-24/chinese-premier-downplays-economy-risks-highlights-policy-space", "page_rating_contents": 100, "user": null, "description": "Chinese Premier Li Qiang downplayed investor concerns of challenges facing the economy, saying Beijing is stepping up policy support to spur growth and systemic risks are being addressed.", "tags": [], "bookmarked": false, "thumbnail": "https://assets.bwbx.io/images/users/iqjWHBFdfxIU/i_TAXEFFS1Fk/v0/1200x-1.jpg", "artist": null, "language": "en", "vote": 0, "date_published": "2024-03-24T02:44:40+00:00", "source": "https://www.bloomberg.com/politics/feeds/site.xml", "album": "", "page_rating_visits": 0, "comments": [], "title": "Chinese Premier Downplays Economy Risks, Highlights Policy Space", "page_rating_votes": 0, "source_obj__id": 41}, {"page_rating": 100, "manual_status_code": 0, "status_code": 0, "permanent": false, "age": null, "link": "https://www.bloomberg.com/en/news/thp/2024-03-24/simon-harris-expected-to-be-confirmed-as-new-fine-gael-leader", "page_rating_contents": 100, "user": null, "description": "Simon Harris is set to become the new leader of Fine Gael when nominations close later on Sunday.", "tags": [], "bookmarked": false, "thumbnail": "https://assets.bwbx.io/images/users/iqjWHBFdfxIU/iK9RjwAPN_2A/v1/1200x-1.jpg", "artist": null, "language": "en", "vote": 0, "date_published": "2024-03-24T00:03:44+00:00", "source": "https://www.bloomberg.com/politics/feeds/site.xml", "album": "", "page_rating_visits": 0, "comments": [], "title": "Simon Harris Set to Become\u00a0Ireland\u2019s Youngest\u00a0Prime Minister", "page_rating_votes": 0, "source_obj__id": 41}]