[{"page_rating": 100, "manual_status_code": 0, "status_code": 0, "permanent": false, "age": null, "link": "https://bookriot.com/book-riots-deals-of-the-day-for-march-24-2024", "page_rating_contents": 100, "user": null, "description": "Wicked bugs, Little House retold, a sparkling Sapphic romance, and more of today's best book deals.", "tags": [], "bookmarked": false, "thumbnail": "https://s2982.pcdn.co/wp-content/uploads/2024/03/deals-032424.jpg.optimal.jpg", "artist": null, "language": "en-US", "vote": 0, "date_published": "2024-03-24T10:00:00+00:00", "source": "https://bookriot.com/feed", "album": "", "page_rating_visits": 0, "comments": [], "title": "Book Riot\u2019s Deals of the Day for March 24, 2024", "page_rating_votes": 0, "source_obj__id": 30}]