[{"page_rating": 94, "manual_status_code": 0, "status_code": 0, "permanent": false, "age": null, "link": "https://regiony.rp.pl/okiem-samorzadowca/art40050981-rafal-bruski-prezydent-bydgoszczy-ten-rzad-traktuje-samorzady-po-partnersku", "page_rating_contents": 94, "user": null, "description": "Naprawa finans\u00f3w publicznych wymaga zmiany ustaw, wypracowywanych wsp\u00f3lnie przez rz\u0105d i\u00a0samorz\u0105dy. Efekty pewnie b\u0119dzie wida\u0107 za kilka miesi\u0119cy \u2013 m\u00f3wi Rafa\u0142 Bruski, ubiegaj\u0105cy si\u0119 o\u00a0reelekcj\u0119 prezydent Bydgoszczy.", "tags": [], "bookmarked": false, "thumbnail": null, "artist": null, "language": "pl-PL", "vote": 0, "date_published": "2024-03-24T10:43:00+00:00", "source": "https://regiony.rp.pl/rss/1441-regiony", "album": "", "page_rating_visits": 0, "comments": [], "title": "Rafa\u0142 Bruski, prezydent Bydgoszczy: Ten rz\u0105d traktuje samorz\u0105dy po partnersku", "page_rating_votes": 0, "source_obj__id": 272}]