[{"page_rating": 94, "manual_status_code": 0, "status_code": 0, "permanent": false, "age": null, "link": "https://www.themoscowtimes.com/2024/03/24/four-moscow-attack-suspects-detained-pending-trial-a84606", "page_rating_contents": 94, "user": null, "description": "The suspects face a maximum sentence of life in prison on charges of committing a terrorist act.", "tags": [], "bookmarked": false, "thumbnail": null, "artist": null, "language": "en-us", "vote": 0, "date_published": "2024-03-24T20:31:00+00:00", "source": "https://www.themoscowtimes.com/rss/news", "album": "", "page_rating_visits": 0, "comments": [], "title": "Four Moscow Attack Suspects Detained Pending Trial", "page_rating_votes": 0, "source_obj__id": 350}, {"page_rating": 94, "manual_status_code": 0, "status_code": 0, "permanent": false, "age": null, "link": "https://www.themoscowtimes.com/2024/03/24/first-two-suspects-in-moscow-concert-hall-attack-in-court-media-a84606", "page_rating_contents": 94, "user": null, "description": "The two suspects face a maximum sentence of life in prison on charges of committing a terrorist act.", "tags": [], "bookmarked": false, "thumbnail": null, "artist": null, "language": "en-us", "vote": 0, "date_published": "2024-03-24T19:48:00+00:00", "source": "https://www.themoscowtimes.com/rss/news", "album": "", "page_rating_visits": 0, "comments": [], "title": "First Two Suspects in Moscow Concert Hall Attack in Court \u2013 Media", "page_rating_votes": 0, "source_obj__id": 350}, {"page_rating": 94, "manual_status_code": 0, "status_code": 0, "permanent": false, "age": null, "link": "https://www.themoscowtimes.com/2024/03/24/russian-opposition-blasts-putins-broken-security-promises-after-moscow-attack-a84605", "page_rating_contents": 94, "user": null, "description": "Questions have swirled over how the country's powerful security apparatus was unable to thwart the deadliest attack in Russia in two decades,", "tags": [], "bookmarked": false, "thumbnail": null, "artist": null, "language": "en-us", "vote": 0, "date_published": "2024-03-24T18:01:02+00:00", "source": "https://www.themoscowtimes.com/rss/news", "album": "", "page_rating_visits": 0, "comments": [], "title": "Russian Opposition Blasts Putin's Broken Security Promises After Moscow Attack", "page_rating_votes": 0, "source_obj__id": 350}, {"page_rating": 94, "manual_status_code": 0, "status_code": 0, "permanent": false, "age": null, "link": "https://www.themoscowtimes.com/2024/03/24/day-of-mourning-in-russia-as-toll-from-concert-hall-massacre-climbs-to-137-a84604", "page_rating_contents": 94, "user": null, "description": "Russian officials expect the death toll to rise further, with 110 people still in hospital and 40 in \"critical\" or \"extremely critical\" condition.", "tags": [], "bookmarked": false, "thumbnail": null, "artist": null, "language": "en-us", "vote": 0, "date_published": "2024-03-24T17:46:06+00:00", "source": "https://www.themoscowtimes.com/rss/news", "album": "", "page_rating_visits": 0, "comments": [], "title": "Day of Mourning in Russia as Toll From Concert Hall Massacre Climbs to 137", "page_rating_votes": 0, "source_obj__id": 350}, {"page_rating": 94, "manual_status_code": 0, "status_code": 0, "permanent": false, "age": null, "link": "https://www.themoscowtimes.com/2024/03/24/putin-allies-demand-return-of-death-penalty-after-moscow-attack-a84603", "page_rating_contents": 94, "user": null, "description": "Critics have raised the alarm, citing the Kremlin's broad use of counter-terrorism laws to target its opponents and supporters of Ukraine.", "tags": [], "bookmarked": false, "thumbnail": null, "artist": null, "language": "en-us", "vote": 0, "date_published": "2024-03-24T12:44:59+00:00", "source": "https://www.themoscowtimes.com/rss/news", "album": "", "page_rating_visits": 0, "comments": [], "title": "Putin Allies Demand Return of Death Penalty After Moscow Attack", "page_rating_votes": 0, "source_obj__id": 350}, {"page_rating": 94, "manual_status_code": 0, "status_code": 0, "permanent": false, "age": null, "link": "https://www.themoscowtimes.com/2024/03/24/terrorists-have-no-nationality-tajik-president-tells-putin-a84602", "page_rating_contents": 94, "user": null, "description": "Moscow has said only that four suspects were foreign nationals. Tajikistan has rejected the initial claims its citizens were involved.", "tags": [], "bookmarked": false, "thumbnail": null, "artist": null, "language": "en-us", "vote": 0, "date_published": "2024-03-24T11:25:00+00:00", "source": "https://www.themoscowtimes.com/rss/news", "album": "", "page_rating_visits": 0, "comments": [], "title": "'Terrorists Have No Nationality' Tajik President Tells Putin", "page_rating_votes": 0, "source_obj__id": 350}, {"page_rating": 94, "manual_status_code": 0, "status_code": 0, "permanent": false, "age": null, "link": "https://www.themoscowtimes.com/2024/03/24/kyiv-says-2-russian-ships-hit-in-crimea-strikes-a84601", "page_rating_contents": 94, "user": null, "description": "Footage shared on social media showed a large blast in the city,  as well as what appeared to be Russian air defenses intercepting incoming projectiles.", "tags": [], "bookmarked": false, "thumbnail": null, "artist": null, "language": "en-us", "vote": 0, "date_published": "2024-03-24T10:01:08+00:00", "source": "https://www.themoscowtimes.com/rss/news", "album": "", "page_rating_visits": 0, "comments": [], "title": "Kyiv Says 2 Russian Ships Hit in Crimea Strikes", "page_rating_votes": 0, "source_obj__id": 350}, {"page_rating": 94, "manual_status_code": 0, "status_code": 0, "permanent": false, "age": null, "link": "https://www.themoscowtimes.com/2024/03/24/kyiv-and-ukraines-lviv-region-report-massive-russian-attack-no-casualties-a84600", "page_rating_contents": 94, "user": null, "description": "Ukraine's air force said Russia had fired 29 cruise missiles and 28 drones at its territory overnight.", "tags": [], "bookmarked": false, "thumbnail": null, "artist": null, "language": "en-us", "vote": 0, "date_published": "2024-03-24T09:04:00+00:00", "source": "https://www.themoscowtimes.com/rss/news", "album": "", "page_rating_visits": 0, "comments": [], "title": "Kyiv and Ukraine's Lviv Region Report 'Massive' Russian Attack, No Casualties", "page_rating_votes": 0, "source_obj__id": 350}, {"page_rating": 94, "manual_status_code": 0, "status_code": 0, "permanent": false, "age": null, "link": "https://www.themoscowtimes.com/2024/03/24/russian-cruise-missile-breaches-polish-airspace-army-a84600", "page_rating_contents": 94, "user": null, "description": "Poland activated its air defence procedures during the incident.", "tags": [], "bookmarked": false, "thumbnail": null, "artist": null, "language": "en-us", "vote": 0, "date_published": "2024-03-24T08:23:06+00:00", "source": "https://www.themoscowtimes.com/rss/news", "album": "", "page_rating_visits": 0, "comments": [], "title": "Russian Cruise Missile Breaches Polish Airspace: Army", "page_rating_votes": 0, "source_obj__id": 350}]