[{"page_rating": 100, "manual_status_code": 0, "status_code": 0, "permanent": false, "age": null, "link": "https://www.neowin.net/deals/fosi-audio-bt20a-tpa3116-class-d-amp-sonos-sub-mini-subwoofer-ray-hit-lowest-ever-prices", "page_rating_contents": 100, "user": null, "description": "<div style=\"float: left; margin-right: 10px;\"><img alt=\"\" src=\"https://cdn.neowin.com/news/images/uploaded/2024/03/1711319614_fosi_audio_bt20a_medium.jpg\" /></div>Following deals from Edifier and Klipsch speakers, the latter of which is still live, Fosi Audio and Sonos also have some great discounts currently on the BT20A class-D amp and the Sub Mini. <a href=\"https://www.neowin.net/deals/fosi-audio-bt20a-tpa3116-class-d-amp-sonos-sub-mini-subwoofer-ray-hit-lowest-ever-prices/\">Read more...</a>", "tags": [], "bookmarked": false, "thumbnail": "https://cdn.neowin.com/news/images/uploaded/2024/03/1711319614_fosi_audio_bt20a_story.jpg", "artist": null, "language": "en-us", "vote": 0, "date_published": "2024-03-24T23:00:02+00:00", "source": "https://www.neowin.net/news/rss", "album": "", "page_rating_visits": 0, "comments": [], "title": "Fosi Audio BT20A TPA3116 Class D amp, Sonos Sub mini subwoofer, Ray hit lowest ever prices", "page_rating_votes": 0, "source_obj__id": 233}, {"page_rating": 100, "manual_status_code": 0, "status_code": 0, "permanent": false, "age": null, "link": "https://www.neowin.net/deals/get-a-lifetime-subscription-of-doroyal-web-hosting-jesters-plan-for-fifty-bucks", "page_rating_contents": 100, "user": null, "description": "<div style=\"float: left; margin-right: 10px;\"><img alt=\"\" src=\"https://cdn.neowin.com/news/images/uploaded/2023/09/1694431410_doroyal-header_medium.jpg\" /></div>Get your site up and running in no time! This dependable website hosting lifetime deal includes unlimited domains, unmetered bandwidth and more. Price Dropped now, at Neowin Deals. <a href=\"https://www.neowin.net/deals/get-a-lifetime-subscription-of-doroyal-web-hosting-jesters-plan-for-fifty-bucks/\">Read more...</a>", "tags": [], "bookmarked": false, "thumbnail": "https://cdn.neowin.com/news/images/uploaded/2023/09/1694431410_doroyal-header_story.jpg", "artist": null, "language": "en-us", "vote": 0, "date_published": "2024-03-24T17:00:02+00:00", "source": "https://www.neowin.net/news/rss", "album": "", "page_rating_visits": 0, "comments": [], "title": "Get a lifetime subscription of DoRoyal\u00a0Web Hosting (Jester's Plan) for fifty bucks", "page_rating_votes": 0, "source_obj__id": 233}, {"page_rating": 100, "manual_status_code": 0, "status_code": 0, "permanent": false, "age": null, "link": "https://www.neowin.net/deals/get-this-75-inch-tcl-q6-qled-google-tv-for-a-new-all-time-low-price-now", "page_rating_contents": 100, "user": null, "description": "<div style=\"float: left; margin-right: 10px;\"><img alt=\"\" src=\"https://cdn.neowin.com/news/images/uploaded/2024/03/1711293685_tcl-75-inch-tv_medium.jpg\" /></div>The 75-inch TCL Q6 QLED Google TV includes a 120Hz refresh rate for gaming and support for all the major HDR standards. It just hit a new all-time low price of only $599.99, or $300 off its MSRP. <a href=\"https://www.neowin.net/deals/get-this-75-inch-tcl-q6-qled-google-tv-for-a-new-all-time-low-price-now/\">Read more...</a>", "tags": [], "bookmarked": false, "thumbnail": "https://cdn.neowin.com/news/images/uploaded/2024/03/1711293685_tcl-75-inch-tv_story.jpg", "artist": null, "language": "en-us", "vote": 0, "date_published": "2024-03-24T15:48:01+00:00", "source": "https://www.neowin.net/news/rss", "album": "", "page_rating_visits": 0, "comments": [], "title": "Get this 75-inch TCL Q6 QLED Google TV for a new all time low price now", "page_rating_votes": 0, "source_obj__id": 233}, {"page_rating": 100, "manual_status_code": 0, "status_code": 0, "permanent": false, "age": null, "link": "https://www.neowin.net/news/after-leaving-activision-blizzard-toys-for-bob-is-getting-microsoft-money-for-its-next-game", "page_rating_contents": 100, "user": null, "description": "<div style=\"float: left; margin-right: 10px;\"><img alt=\"\" src=\"https://cdn.neowin.com/news/images/uploaded/2024/02/1709238713_toys-for-bob_medium.jpg\" /></div>A new report says that Toys For Bob, who suffered major layoffs and ended up breaking away from Activision Blizzard, is getting funding from Microsoft to fund its next game project. <a href=\"https://www.neowin.net/news/after-leaving-activision-blizzard-toys-for-bob-is-getting-microsoft-money-for-its-next-game/\">Read more...</a>", "tags": [], "bookmarked": false, "thumbnail": "https://cdn.neowin.com/news/images/uploaded/2024/02/1709238713_toys-for-bob_story.jpg", "artist": null, "language": "en-us", "vote": 0, "date_published": "2024-03-24T15:16:01+00:00", "source": "https://www.neowin.net/news/rss", "album": "", "page_rating_visits": 0, "comments": [], "title": "After leaving Activision Blizzard, Toys for Bob is getting Microsoft money for its next game", "page_rating_votes": 0, "source_obj__id": 233}, {"page_rating": 100, "manual_status_code": 0, "status_code": 0, "permanent": false, "age": null, "link": "https://www.neowin.net/news/here-are-our-picks-for-the-most-anticipated-upcoming-pc-games-of-2024", "page_rating_contents": 100, "user": null, "description": "<div style=\"float: left; margin-right: 10px;\"><img alt=\"\" src=\"https://cdn.neowin.com/news/images/uploaded/2024/02/1708714910_ss_6f263d976496e3b0bb413caefcd011150c9539d4.1920x1080_medium.jpg\" /></div>We have updated the list of our most anticipated upcoming PC games that are currently due in 2024 with the forthcoming remake Age of Mythology: Retold, along with No Rest for the Wicked and more. <a href=\"https://www.neowin.net/news/here-are-our-picks-for-the-most-anticipated-upcoming-pc-games-of-2024/\">Read more...</a>", "tags": [], "bookmarked": false, "thumbnail": "https://cdn.neowin.com/news/images/uploaded/2024/02/1708714910_ss_6f263d976496e3b0bb413caefcd011150c9539d4.1920x1080_story.jpg", "artist": null, "language": "en-us", "vote": 0, "date_published": "2024-03-24T14:44:01+00:00", "source": "https://www.neowin.net/news/rss", "album": "", "page_rating_visits": 0, "comments": [], "title": "Here are our picks for the most anticipated upcoming PC games of 2024 [Update]", "page_rating_votes": 0, "source_obj__id": 233}, {"page_rating": 100, "manual_status_code": 0, "status_code": 0, "permanent": false, "age": null, "link": "https://www.neowin.net/deals/save-24-on-this-special-edition-xbox-wireless-controller-now-at-its-lowest-price", "page_rating_contents": 100, "user": null, "description": "<div style=\"float: left; margin-right: 10px;\"><img alt=\"\" src=\"https://cdn.neowin.com/news/images/uploaded/2024/03/1711289795_xbox_wireless_controller_vapor_pink_se_medium.jpg\" /></div>One of Microsoft&#039;s Special Edition Xbox Wireless Controllers is now available at its lowest price. This Dream Vapor version lets you save 24% and purchase the gamepad for only $52.99. <a href=\"https://www.neowin.net/deals/save-24-on-this-special-edition-xbox-wireless-controller-now-at-its-lowest-price/\">Read more...</a>", "tags": [], "bookmarked": false, "thumbnail": "https://cdn.neowin.com/news/images/uploaded/2024/03/1711289795_xbox_wireless_controller_vapor_pink_se_story.jpg", "artist": null, "language": "en-us", "vote": 0, "date_published": "2024-03-24T14:28:01+00:00", "source": "https://www.neowin.net/news/rss", "album": "", "page_rating_visits": 0, "comments": [], "title": "Save 24% on this Special Edition Xbox Wireless Controller, now at its lowest price", "page_rating_votes": 0, "source_obj__id": 233}, {"page_rating": 100, "manual_status_code": 0, "status_code": 0, "permanent": false, "age": null, "link": "https://www.neowin.net/news/microsoft-365-roadmap-weekly-admins-get-new-security-features-in-outlook-and-more", "page_rating_contents": 100, "user": null, "description": "<div style=\"float: left; margin-right: 10px;\"><img alt=\"\" src=\"https://cdn.neowin.com/news/images/uploaded/2022/12/1672323533_microsoft-365_medium.jpg\" /></div>This week&#039;s updates on the Microsoft 365 roadmap include some upcoming security options for admins who monitor junk and phishing reports from Outlook users and some new Teams features. <a href=\"https://www.neowin.net/news/microsoft-365-roadmap-weekly-admins-get-new-security-features-in-outlook-and-more/\">Read more...</a>", "tags": [], "bookmarked": false, "thumbnail": "https://cdn.neowin.com/news/images/uploaded/2022/12/1672323533_microsoft-365_story.jpg", "artist": null, "language": "en-us", "vote": 0, "date_published": "2024-03-24T14:12:01+00:00", "source": "https://www.neowin.net/news/rss", "album": "", "page_rating_visits": 0, "comments": [], "title": "Microsoft 365 Roadmap Weekly: Admins get new security features in Outlook and more", "page_rating_votes": 0, "source_obj__id": 233}, {"page_rating": 100, "manual_status_code": 0, "status_code": 0, "permanent": false, "age": null, "link": "https://www.neowin.net/news/specs-appeal-comparing-surface-laptop-6-for-business-surface-laptop-5-and-surface-laptop-4", "page_rating_contents": 100, "user": null, "description": "<div style=\"float: left; margin-right: 10px;\"><img alt=\"\" src=\"https://cdn.neowin.com/news/images/uploaded/2024/03/1710947425_surface_laptop_6_for_business_2_medium.jpg\" /></div>Microsoft recently introduced the sixth-generation Surface Laptop 6 for Business. Here is how it compares spec-by-spec with its predecessors, the Surface Pro 5 and the Surface Pro 4. <a href=\"https://www.neowin.net/news/specs-appeal-comparing-surface-laptop-6-for-business-surface-laptop-5-and-surface-laptop-4/\">Read more...</a>", "tags": [], "bookmarked": false, "thumbnail": "https://cdn.neowin.com/news/images/uploaded/2024/03/1710947425_surface_laptop_6_for_business_2_story.jpg", "artist": null, "language": "en-us", "vote": 0, "date_published": "2024-03-24T13:48:01+00:00", "source": "https://www.neowin.net/news/rss", "album": "", "page_rating_visits": 0, "comments": [], "title": "Specs Appeal: Comparing Surface Laptop 6 for Business, Surface Laptop 5 and Surface Laptop 4", "page_rating_votes": 0, "source_obj__id": 233}, {"page_rating": 100, "manual_status_code": 0, "status_code": 0, "permanent": false, "age": null, "link": "https://www.neowin.net/news/microsoft-weekly-surface-pro-10-and-laptop-6-a-new-microsoft-division-and-more", "page_rating_contents": 100, "user": null, "description": "<div style=\"float: left; margin-right: 10px;\"><img alt=\"\" src=\"https://cdn.neowin.com/news/images/uploaded/2024/03/1710754189_microsoft_weekly_medium.jpg\" /></div>From fresh Surface devices for business customers to new AI-focused divisions, catch up with the latest stories from the world of the software giant in today&#039;s Microsoft Weekly news recap. <a href=\"https://www.neowin.net/news/microsoft-weekly-surface-pro-10-and-laptop-6-a-new-microsoft-division-and-more/\">Read more...</a>", "tags": [], "bookmarked": false, "thumbnail": "https://cdn.neowin.com/news/images/uploaded/2024/03/1710754189_microsoft_weekly_story.jpg", "artist": null, "language": "en-us", "vote": 0, "date_published": "2024-03-24T11:28:01+00:00", "source": "https://www.neowin.net/news/rss", "album": "", "page_rating_visits": 0, "comments": [], "title": "Microsoft Weekly: Surface Pro 10 and Laptop 6, a new Microsoft division, and more", "page_rating_votes": 0, "source_obj__id": 233}, {"page_rating": 100, "manual_status_code": 0, "status_code": 0, "permanent": false, "age": null, "link": "https://www.neowin.net/news/microsoft-quietly-added-couple-new-windows-11-shortcuts-for-your-help", "page_rating_contents": 100, "user": null, "description": "<div style=\"float: left; margin-right: 10px;\"><img alt=\"\" src=\"https://cdn.neowin.com/news/images/uploaded/2023/07/1689516431_11_keyboard_shortcuts_medium.jpg\" /></div>Windows is a user-friendly OS as it can be used conveniently with keyboard-mouse which is why it remains so popular. There are plenty of keyboard shortcuts too, and two more have been added. <a href=\"https://www.neowin.net/news/microsoft-quietly-added-couple-new-windows-11-shortcuts-for-your-help/\">Read more...</a>", "tags": [], "bookmarked": false, "thumbnail": "https://cdn.neowin.com/news/images/uploaded/2023/07/1689516431_11_keyboard_shortcuts_story.jpg", "artist": null, "language": "en-us", "vote": 0, "date_published": "2024-03-24T10:16:02+00:00", "source": "https://www.neowin.net/news/rss", "album": "", "page_rating_visits": 0, "comments": [], "title": "Microsoft quietly added couple new Windows 11 shortcuts for your help", "page_rating_votes": 0, "source_obj__id": 233}, {"page_rating": 100, "manual_status_code": 0, "status_code": 0, "permanent": false, "age": null, "link": "https://www.neowin.net/news/incredible-story-of-the-historic-us-moon-lander-is-officially-over-after-long-cold-night", "page_rating_contents": 100, "user": null, "description": "<div style=\"float: left; margin-right: 10px;\"><img alt=\"\" src=\"https://cdn.neowin.com/news/images/uploaded/2024/02/1709131950_odysseus_drama_ico_medium.jpg\" /></div>Odysseus, the moon lander that made history for the U.S., hoped to surprise engineers and survive a long lunar night. However, the lander was not lucky enough to wake up from sleep. <a href=\"https://www.neowin.net/news/incredible-story-of-the-historic-us-moon-lander-is-officially-over-after-long-cold-night/\">Read more...</a>", "tags": [], "bookmarked": false, "thumbnail": "https://cdn.neowin.com/news/images/uploaded/2024/02/1709131950_odysseus_drama_ico_story.jpg", "artist": null, "language": "en-us", "vote": 0, "date_published": "2024-03-24T06:04:01+00:00", "source": "https://www.neowin.net/news/rss", "album": "", "page_rating_visits": 0, "comments": [], "title": "Incredible story of the historic U.S. moon lander is officially over after long, cold night", "page_rating_votes": 0, "source_obj__id": 233}]