[{"page_rating": 94, "manual_status_code": 0, "status_code": 0, "permanent": false, "age": null, "link": "https://www.wsj.com/articles/big-techs-latest-obsession-is-finding-enough-energy-f00055b2?mod=rss_Technology", "page_rating_contents": 94, "user": null, "description": "The AI boom is fueling an insatiable appetite for electricity, which is creating risks to the grid and the transition to cleaner energy sources.", "tags": [], "bookmarked": false, "thumbnail": null, "artist": null, "language": "en-us", "vote": 0, "date_published": "2024-03-24T11:00:00+00:00", "source": "https://feeds.a.dj.com/rss/RSSWSJD.xml", "album": "", "page_rating_visits": 0, "comments": [], "title": "Big Tech's Latest Obsession Is Finding Enough Energy", "page_rating_votes": 0, "source_obj__id": 361}, {"page_rating": 94, "manual_status_code": 0, "status_code": 0, "permanent": false, "age": null, "link": "https://www.wsj.com/articles/elon-musk-x-content-creators-recruitment-f104dc77?mod=rss_Technology", "page_rating_contents": 94, "user": null, "description": "Despite the platform\u2019s push, many creators say X is still a long way from becoming a major source of revenue for them.", "tags": [], "bookmarked": false, "thumbnail": null, "artist": null, "language": "en-us", "vote": 0, "date_published": "2024-03-24T09:30:00+00:00", "source": "https://feeds.a.dj.com/rss/RSSWSJD.xml", "album": "", "page_rating_visits": 0, "comments": [], "title": "Elon Musk's X Needs Creators, but They Don't Need X", "page_rating_votes": 0, "source_obj__id": 361}, {"page_rating": 94, "manual_status_code": 0, "status_code": 0, "permanent": false, "age": null, "link": "https://www.wsj.com/articles/bad-haircut-a-hot-chinese-app-is-giving-americans-blunt-advice-b82e67e2?mod=rss_Technology", "page_rating_contents": 94, "user": null, "description": "Xiaohongshu, a mix of Instagram and Reddit, is a destination for personal-style suggestions.", "tags": [], "bookmarked": false, "thumbnail": null, "artist": null, "language": "en-us", "vote": 0, "date_published": "2024-03-24T01:00:00+00:00", "source": "https://feeds.a.dj.com/rss/RSSWSJD.xml", "album": "", "page_rating_visits": 0, "comments": [], "title": "Bad Haircut? A Hot Chinese App Is Giving Americans Blunt Advice", "page_rating_votes": 0, "source_obj__id": 361}]