[{"page_rating": 94, "manual_status_code": 0, "status_code": 0, "permanent": false, "age": null, "link": "https://www.youtube.com/watch?v=Aurn2CUKwCY", "page_rating_contents": 94, "user": null, "description": "Subscribe for more! https://www.youtube.com/austinevans\nTikTok: https://www.tiktok.com/@austintechtips\nInstagram: https://instagram.com/austinnotduncan\nTwitter: https://twitter.com/austinnotduncan\nThreads: https://www.threads.net/@austinnotduncan\n\nChapter Titles:\n0:00 Is Xbox Still Worth It?\n0:41 Early Issues\n2:01 Why Series S Exists\n3:46 Game Pass\n5:50 Exclusives\n7:21 The Game Pass Problem\n8:58 Future of Xbox", "tags": [], "bookmarked": false, "thumbnail": "https://i2.ytimg.com/vi/Aurn2CUKwCY/hqdefault.jpg", "artist": null, "language": null, "vote": 0, "date_published": "2024-03-24T15:00:36+00:00", "source": "https://www.youtube.com/feeds/videos.xml?channel_id=UCXGgrKt94gR6lmN4aN3mYTg", "album": "", "page_rating_visits": 0, "comments": [], "title": "Is Xbox EVEN Worth It?", "page_rating_votes": 0, "source_obj__id": 24}]