[{"age": null, "album": "", "artist": null, "bookmarked": false, "comments": [], "date_published": "2024-04-16T23:27:13+00:00", "description": "<p>The Marvel Cinematic Universe has been moving in all sorts of interesting directions since the exciting conclusion of Avengers: Endgame. The 2019 blockbuster brought the MCU&#8217;s &#8220;Infinity Saga&#8221; to a close, and with it, the death of original MCU superhero Robert Downey Jr.&#8217;s Iron Man. Now, however, Robert Downey Jr. has offered a positive statement [...]</p>\n<p>The post <a href=\"https://www.screengeek.net/2024/04/16/robert-downey-jr-iron-man-mcu-return/\">Robert Downey Jr. Says He&#8217;d &#8220;Happily&#8221; Return As Iron Man In The MCU</a> appeared first on <a href=\"https://www.screengeek.net\">ScreenGeek</a>.</p>", "language": "en-US", "link": "https://www.screengeek.net/2024/04/16/robert-downey-jr-iron-man-mcu-return", "manual_status_code": 0, "page_rating": 100, "page_rating_contents": 100, "page_rating_visits": 0, "page_rating_votes": 0, "permanent": false, "source": "https://www.screengeek.net/feed", "source_obj__id": 297, "status_code": 0, "tags": [], "thumbnail": null, "title": "Robert Downey Jr. Says He\u2019d \u201cHappily\u201d Return As Iron Man In The MCU", "user": null, "vote": 0}, {"age": null, "album": "", "artist": null, "bookmarked": false, "comments": [], "date_published": "2024-04-16T23:09:45+00:00", "description": "<p>The Child&#8217;s Play franchise has evolved in so many brilliant ways over the years, all of which have helped keep horror icon Chucky relevant, scary, and hilarious all at the same time. The television series Chucky is a perfect example of this &#8211; especially as its third season takes viewers into the White House. Now [...]</p>\n<p>The post <a href=\"https://www.screengeek.net/2024/04/16/don-mancini-chucky-interview/\">Exclusive: Don Mancini Talks &#8216;Chucky&#8217; Series And Franchise Possibilities</a> appeared first on <a href=\"https://www.screengeek.net\">ScreenGeek</a>.</p>", "language": "en-US", "link": "https://www.screengeek.net/2024/04/16/don-mancini-chucky-interview", "manual_status_code": 0, "page_rating": 100, "page_rating_contents": 100, "page_rating_visits": 0, "page_rating_votes": 0, "permanent": false, "source": "https://www.screengeek.net/feed", "source_obj__id": 297, "status_code": 0, "tags": [], "thumbnail": null, "title": "Exclusive: Don Mancini Talks \u2018Chucky\u2019 Series And Franchise Possibilities", "user": null, "vote": 0}, {"age": null, "album": "", "artist": null, "bookmarked": false, "comments": [], "date_published": "2024-04-16T23:06:53+00:00", "description": "<p>Paramount Plus, much like many other newer streaming services, has been doing its best to find a niche in the streaming industry. The platform has found one franchise in particular from Paramount&#8217;s library that has been a great asset in building their audience. However, one such fan-favorite Paramount Plus show is revealed to be coming [...]</p>\n<p>The post <a href=\"https://www.screengeek.net/2024/04/16/paramount-plus-show-ending-5-seasons/\">Fan-Favorite Paramount Plus Show Coming To An End After 5 Seasons</a> appeared first on <a href=\"https://www.screengeek.net\">ScreenGeek</a>.</p>", "language": "en-US", "link": "https://www.screengeek.net/2024/04/16/paramount-plus-show-ending-5-seasons", "manual_status_code": 0, "page_rating": 100, "page_rating_contents": 100, "page_rating_visits": 0, "page_rating_votes": 0, "permanent": false, "source": "https://www.screengeek.net/feed", "source_obj__id": 297, "status_code": 0, "tags": [], "thumbnail": null, "title": "Fan-Favorite Paramount Plus Show Coming To An End After 5 Seasons", "user": null, "vote": 0}, {"age": null, "album": "", "artist": null, "bookmarked": false, "comments": [], "date_published": "2024-04-16T21:56:44+00:00", "description": "<p>The superhero genre has expanded in so many ways since this popular superhero show first premiered. Now, years later, it looks like the 2006 superhero hit is set to receive the reboot treatment with a brand-new show. As per a recent report, the reboot of the beloved 2006 superhero drama series is described as &#8220;a [...]</p>\n<p>The post <a href=\"https://www.screengeek.net/2024/04/16/popular-superhero-show-reboot/\">Popular Superhero Show To Receive Reboot</a> appeared first on <a href=\"https://www.screengeek.net\">ScreenGeek</a>.</p>", "language": "en-US", "link": "https://www.screengeek.net/2024/04/16/popular-superhero-show-reboot", "manual_status_code": 0, "page_rating": 100, "page_rating_contents": 100, "page_rating_visits": 0, "page_rating_votes": 0, "permanent": false, "source": "https://www.screengeek.net/feed", "source_obj__id": 297, "status_code": 0, "tags": [], "thumbnail": null, "title": "Popular Superhero Show To Receive Reboot", "user": null, "vote": 0}, {"age": null, "album": "", "artist": null, "bookmarked": false, "comments": [], "date_published": "2024-04-16T16:13:31+00:00", "description": "<p>The Netflix series 3 Body Problem, based on the Chinese novel The Three-Body Problem by Liu Cixin, has become a massive success for the streaming platform. Nevertheless, it looks like 3 Body Problem has prompted outrage in China. The 2024 series is actually the second adaptation of the popular book. It was previously adapted in [...]</p>\n<p>The post <a href=\"https://www.screengeek.net/2024/04/16/netflix-3-body-problem-outrage-china/\">Netflix&#8217;s &#8216;3 Body Problem&#8217; Causes Outrage In China</a> appeared first on <a href=\"https://www.screengeek.net\">ScreenGeek</a>.</p>", "language": "en-US", "link": "https://www.screengeek.net/2024/04/16/netflix-3-body-problem-outrage-china", "manual_status_code": 0, "page_rating": 100, "page_rating_contents": 100, "page_rating_visits": 0, "page_rating_votes": 0, "permanent": false, "source": "https://www.screengeek.net/feed", "source_obj__id": 297, "status_code": 0, "tags": [], "thumbnail": null, "title": "Netflix\u2019s \u20183 Body Problem\u2019 Causes Outrage In China", "user": null, "vote": 0}, {"age": null, "album": "", "artist": null, "bookmarked": false, "comments": [], "date_published": "2024-04-16T15:50:33+00:00", "description": "<p>The 2005 series Supernatural managed to keep audiences hooked with a surprising number of fifteen total seasons. Now one of the show&#8217;s co-stars, Jared Padalecki, has teased a return to Supernatural which would include fellow co-star Jensen Ackles. It&#8217;s worth noting that after the series ended in 2020, there was a one-season spin-off series titled [...]</p>\n<p>The post <a href=\"https://www.screengeek.net/2024/04/16/supernatural-return-jared-padalecki-jensen-ackles/\">Jared Padalecki Teases &#8216;Supernatural&#8217; Return With Jensen Ackles</a> appeared first on <a href=\"https://www.screengeek.net\">ScreenGeek</a>.</p>", "language": "en-US", "link": "https://www.screengeek.net/2024/04/16/supernatural-return-jared-padalecki-jensen-ackles", "manual_status_code": 0, "page_rating": 100, "page_rating_contents": 100, "page_rating_visits": 0, "page_rating_votes": 0, "permanent": false, "source": "https://www.screengeek.net/feed", "source_obj__id": 297, "status_code": 0, "tags": [], "thumbnail": null, "title": "Jared Padalecki Teases \u2018Supernatural\u2019 Return With Jensen Ackles", "user": null, "vote": 0}]