[{"age": null, "album": "", "artist": null, "bookmarked": false, "comments": [], "date_published": "2024-04-16T20:00:00+00:00", "description": "Ju\u017c po raz czwarty spotykamy si\u0119 w doborowym rowerowym gronie. Temat spotkania pozostaje niezmienny, rower jako element zr\u00f3wnowa\u017conego transportu.", "language": "pl-PL", "link": "https://regiony.rp.pl/rowerem-przez-polske/art40183001-zapraszamy-na-czwarta-edycje-polish-bicycle-summit", "manual_status_code": 0, "page_rating": 100, "page_rating_contents": 100, "page_rating_visits": 0, "page_rating_votes": 0, "permanent": false, "source": "https://regiony.rp.pl/rss/1441-regiony", "source_obj__id": 272, "status_code": 0, "tags": [], "thumbnail": null, "title": "Zapraszamy na czwart\u0105 edycj\u0119 \u201ePolish Bicycle Summit\"", "user": null, "vote": 0}]