[{"age": null, "album": "", "artist": null, "bookmarked": false, "comments": [], "date_published": "2024-04-16T20:42:40+00:00", "description": "As FX's smash hit Sh\u014dgun heads to its finale, it's already proven that it's surpassed those Game of Thrones comparisons.", "language": null, "link": "https://www.ign.com/articles/shogun-is-everything-game-of-thrones-should-have-been", "manual_status_code": 0, "page_rating": 100, "page_rating_contents": 100, "page_rating_visits": 0, "page_rating_votes": 0, "permanent": false, "source": "https://feeds.feedburner.com/ign/all", "source_obj__id": 147, "status_code": 0, "tags": [], "thumbnail": "https://assets-prd.ignimgs.com/2024/04/16/screenshot-2024-04-16-at-1-39-29-pm-1713300045170.png", "title": "Sh\u014dgun Is Everything Game of Thrones Should Have Been", "user": null, "vote": 0}, {"age": null, "album": "", "artist": null, "bookmarked": false, "comments": [], "date_published": "2024-04-16T20:20:24+00:00", "description": "Supergiant Games has announced the first details and how to join the Hades 2 Technical Test, with an Early Access release expected to be just around the corner.", "language": null, "link": "https://www.ign.com/articles/hades-2-technical-test-announced-how-to-join", "manual_status_code": 0, "page_rating": 100, "page_rating_contents": 100, "page_rating_visits": 0, "page_rating_votes": 0, "permanent": false, "source": "https://feeds.feedburner.com/ign/all", "source_obj__id": 147, "status_code": 0, "tags": [], "thumbnail": "https://assets-prd.ignimgs.com/2022/12/09/hades2-blogroll-1670549098015.jpg", "title": "Hades 2 Technical Test Announced. Here's How to Join", "user": null, "vote": 0}, {"age": null, "album": "", "artist": null, "bookmarked": false, "comments": [], "date_published": "2024-04-16T19:26:44+00:00", "description": "Steve Buscemi is reportedly joining the cast of Wednesday's second season on Netflix, playing Nevermore Academy's new principal.", "language": null, "link": "https://www.ign.com/articles/steve-buscemi-reportedly-joins-wednesday-season-2-as-nevermore-academys-new-principal", "manual_status_code": 0, "page_rating": 100, "page_rating_contents": 100, "page_rating_visits": 0, "page_rating_votes": 0, "permanent": false, "source": "https://feeds.feedburner.com/ign/all", "source_obj__id": 147, "status_code": 0, "tags": [], "thumbnail": "https://assets-prd.ignimgs.com/2024/04/16/steve-1713293060227.png", "title": "Steve Buscemi Reportedly Joins Wednesday Season 2 as Nevermore Academy's New Principal", "user": null, "vote": 0}, {"age": null, "album": "", "artist": null, "bookmarked": false, "comments": [], "date_published": "2024-04-16T19:09:55+00:00", "description": "If you loved Fallout on Prime Video, there are a whole host of other apocalypse-driven series for you to dive into next.  From See to Silo and The Last of Us to The Last Man on Earth, here are 10 shows to watch next!", "language": null, "link": "https://www.ign.com/articles/10-shows-to-watch-if-you-liked-fallout", "manual_status_code": 0, "page_rating": 100, "page_rating_contents": 100, "page_rating_visits": 0, "page_rating_votes": 0, "permanent": false, "source": "https://feeds.feedburner.com/ign/all", "source_obj__id": 147, "status_code": 0, "tags": [], "thumbnail": "https://assets-prd.ignimgs.com/2024/04/11/ff7r-ending-blog-1712849545801.jpg", "title": "10 Shows To Watch If You Liked Fallout", "user": null, "vote": 0}, {"age": null, "album": "", "artist": null, "bookmarked": false, "comments": [], "date_published": "2024-04-16T19:01:31+00:00", "description": "", "language": null, "link": "https://www.ign.com/articles/best-board-games-for-teens", "manual_status_code": 0, "page_rating": 100, "page_rating_contents": 100, "page_rating_visits": 0, "page_rating_votes": 0, "permanent": false, "source": "https://feeds.feedburner.com/ign/all", "source_obj__id": 147, "status_code": 0, "tags": [], "thumbnail": "https://assets-prd.ignimgs.com/2024/04/16/untitled-design-1713288333238.png", "title": "The Best Board Games for Teens (2024)", "user": null, "vote": 0}, {"age": null, "album": "", "artist": null, "bookmarked": false, "comments": [], "date_published": "2024-04-16T18:56:21+00:00", "description": "Participant, the film studio behind Green Book and other Oscar winners, is shutting down after 20 years. Despite that, it will remain involved in a \"handful\" of projects.", "language": null, "link": "https://www.ign.com/articles/the-studio-behind-green-book-and-other-oscar-winners-is-shutting-down-after-20-years", "manual_status_code": 0, "page_rating": 100, "page_rating_contents": 100, "page_rating_visits": 0, "page_rating_votes": 0, "permanent": false, "source": "https://feeds.feedburner.com/ign/all", "source_obj__id": 147, "status_code": 0, "tags": [], "thumbnail": "https://assets-prd.ignimgs.com/2024/04/16/spotllight-1713292792838.jpg", "title": "The Studio Behind Green Book and Other Oscar Winners Is Shutting Down After 20 Years", "user": null, "vote": 0}, {"age": null, "album": "", "artist": null, "bookmarked": false, "comments": [], "date_published": "2024-04-16T18:26:39+00:00", "description": "X-Men '97's sixth episode features a cameo of a villain with major ramifications for this animated Marvel Universe. Here's what you need to know.", "language": null, "link": "https://www.ign.com/articles/x-men-97-secret-villain-vulcan-christopher-summers-shiar", "manual_status_code": 0, "page_rating": 100, "page_rating_contents": 100, "page_rating_visits": 0, "page_rating_votes": 0, "permanent": false, "source": "https://feeds.feedburner.com/ign/all", "source_obj__id": 147, "status_code": 0, "tags": [], "thumbnail": "https://assets-prd.ignimgs.com/2024/03/19/xmenthumb-1710868138916.png", "title": "X-Men '97 Introduces a Secret Villain With Major Ramifications For the Series", "user": null, "vote": 0}, {"age": null, "album": "", "artist": null, "bookmarked": false, "comments": [], "date_published": "2024-04-16T18:25:00+00:00", "description": "The best 4K and AI GPU under $750", "language": null, "link": "https://www.ign.com/articles/best-gpu-deals-2024-nvidia-geforce-rtx-4070-ti-super-video-card-at-dell", "manual_status_code": 0, "page_rating": 100, "page_rating_contents": 100, "page_rating_visits": 0, "page_rating_votes": 0, "permanent": false, "source": "https://feeds.feedburner.com/ign/all", "source_obj__id": 147, "status_code": 0, "tags": [], "thumbnail": "https://assets-prd.ignimgs.com/2024/04/16/pnyrtx4070tisuper-1713285080229.jpg", "title": "Dell Has the Best Price on the NVIDIA GeForce RTX 4070 Ti SUPER GPU", "user": null, "vote": 0}, {"age": null, "album": "", "artist": null, "bookmarked": false, "comments": [], "date_published": "2024-04-16T17:44:50+00:00", "description": "Pamela Anderson joins the cast of Liam Neeson's The Naked Gun Remake, which is slated to arrive in theaters on July 18.", "language": null, "link": "https://www.ign.com/articles/pamela-anderson-joins-cast-of-liam-neesons-naked-gun-remake", "manual_status_code": 0, "page_rating": 100, "page_rating_contents": 100, "page_rating_visits": 0, "page_rating_votes": 0, "permanent": false, "source": "https://feeds.feedburner.com/ign/all", "source_obj__id": 147, "status_code": 0, "tags": [], "thumbnail": "https://assets-prd.ignimgs.com/2024/04/16/paman-1713288816942.jpg", "title": "Pamela Anderson Joins Cast Of Liam Neeson's Naked Gun Remake", "user": null, "vote": 0}, {"age": null, "album": "", "artist": null, "bookmarked": false, "comments": [], "date_published": "2024-04-16T17:40:00+00:00", "description": "Lowest price of the year", "language": null, "link": "https://www.ign.com/articles/best-lego-deals-2024-transformers-optimus-prime-1", "manual_status_code": 0, "page_rating": 100, "page_rating_contents": 100, "page_rating_visits": 0, "page_rating_votes": 0, "permanent": false, "source": "https://feeds.feedburner.com/ign/all", "source_obj__id": 147, "status_code": 0, "tags": [], "thumbnail": "https://assets-prd.ignimgs.com/2024/03/27/legotransformersoptimusprime-1711563051748.jpg", "title": "Save 20% Off the LEGO Icons Transformers Optimus Prime 10302", "user": null, "vote": 0}, {"age": null, "album": "", "artist": null, "bookmarked": false, "comments": [], "date_published": "2024-04-16T17:35:00+00:00", "description": "", "language": null, "link": "https://www.ign.com/articles/best-workout-deals-2024-bowflex-selecttech-adjustable-barbell", "manual_status_code": 0, "page_rating": 100, "page_rating_contents": 100, "page_rating_visits": 0, "page_rating_votes": 0, "permanent": false, "source": "https://feeds.feedburner.com/ign/all", "source_obj__id": 147, "status_code": 0, "tags": [], "thumbnail": "https://assets-prd.ignimgs.com/2024/04/16/bowflexselecttech2080-1713284642472.jpg", "title": "Save 45% Off the Bowflex SelectTech 2080 Adjustable Barbell with Curl Bar", "user": null, "vote": 0}, {"age": null, "album": "", "artist": null, "bookmarked": false, "comments": [], "date_published": "2024-04-16T17:24:33+00:00", "description": "NASA has confirmed that the metallic object which smashed through the roof of a Florida family's home last month was in fact debris that had been ejected from the International Space Station three years earlier.", "language": null, "link": "https://www.ign.com/articles/nasa-object-that-crashed-through-florida-familys-roof-last-month-came-from-the-iss", "manual_status_code": 0, "page_rating": 100, "page_rating_contents": 100, "page_rating_visits": 0, "page_rating_votes": 0, "permanent": false, "source": "https://feeds.feedburner.com/ign/all", "source_obj__id": 147, "status_code": 0, "tags": [], "thumbnail": "https://assets-prd.ignimgs.com/2024/04/16/international-space-station-1713285492565.jpg", "title": "NASA: Object That Crashed Through Florida Family's Roof Last Month Came From The ISS", "user": null, "vote": 0}, {"age": null, "album": "", "artist": null, "bookmarked": false, "comments": [], "date_published": "2024-04-16T17:11:48+00:00", "description": "The ESRB rating description for Star Wars Outlaws reveals that the popular, fictional card game Sabacc will be available as an optional mini-game for players to try out.", "language": null, "link": "https://www.ign.com/articles/star-wars-outlaws-esrb-description-reveals-popular-and-rare-card-game-will-return", "manual_status_code": 0, "page_rating": 100, "page_rating_contents": 100, "page_rating_visits": 0, "page_rating_votes": 0, "permanent": false, "source": "https://feeds.feedburner.com/ign/all", "source_obj__id": 147, "status_code": 0, "tags": [], "thumbnail": "https://assets-prd.ignimgs.com/2024/04/16/sabacc-1713286412246.png", "title": "Star Wars Outlaws' ESRB Description Reveals That Sabacc Will Appear for the Very First Time in a Game", "user": null, "vote": 0}, {"age": null, "album": "", "artist": null, "bookmarked": false, "comments": [], "date_published": "2024-04-16T16:31:22+00:00", "description": "CODE White captures the series\u2019 appeal in microcosm, its stylish action, heartfelt found-family dynamic, and incredibly silly comedy all working in entertaining harmony.", "language": null, "link": "https://www.ign.com/articles/spy-x-family-code-white-review", "manual_status_code": 0, "page_rating": 100, "page_rating_contents": 100, "page_rating_visits": 0, "page_rating_votes": 0, "permanent": false, "source": "https://feeds.feedburner.com/ign/all", "source_obj__id": 147, "status_code": 0, "tags": [], "thumbnail": "https://assets-prd.ignimgs.com/2024/04/16/spy-x-family-code-white-blogroll-1713285000254.jpg", "title": "Spy X Family: CODE White Review", "user": null, "vote": 0}, {"age": null, "album": "", "artist": null, "bookmarked": false, "comments": [], "date_published": "2024-04-16T16:00:00+00:00", "description": "As part of our IGN First coverage of Eternal Strands, today we're talking about how Zelda-like magical abilities let you manipulate physics to fight your opponents in some seriously creative ways.", "language": null, "link": "https://www.ign.com/articles/eternal-strands-magic-and-physics-offer-a-zelda-like-level-of-combat-freedom-ign-first", "manual_status_code": 0, "page_rating": 100, "page_rating_contents": 100, "page_rating_visits": 0, "page_rating_votes": 0, "permanent": false, "source": "https://feeds.feedburner.com/ign/all", "source_obj__id": 147, "status_code": 0, "tags": [], "thumbnail": "https://assets-prd.ignimgs.com/2024/04/15/eternalstrands-tk-grasp-2-1713225509895.jpg", "title": "Eternal Strands\u2019 Magic and Physics Offer a Zelda-Like Level of Combat Freedom \u2013 IGN First", "user": null, "vote": 0}, {"age": null, "album": "", "artist": null, "bookmarked": false, "comments": [], "date_published": "2024-04-16T16:00:00+00:00", "description": "It's time to return to The Village, as Wandering Planet Toys reveals a new wave of action figures based on the classic sci-fi series The Prisoner.", "language": null, "link": "https://www.ign.com/articles/the-prisoner-new-action-figures-teased-by-wandering-planet-toys", "manual_status_code": 0, "page_rating": 100, "page_rating_contents": 100, "page_rating_visits": 0, "page_rating_votes": 0, "permanent": false, "source": "https://feeds.feedburner.com/ign/all", "source_obj__id": 147, "status_code": 0, "tags": [], "thumbnail": "https://assets-prd.ignimgs.com/2024/04/16/prisoner-1968-toys-1618238683140-1713238764418.jpg", "title": "The Prisoner: New Action Figures Teased by Wandering Planet Toys", "user": null, "vote": 0}, {"age": null, "album": "", "artist": null, "bookmarked": false, "comments": [], "date_published": "2024-04-16T16:00:00+00:00", "description": "", "language": null, "link": "https://www.ign.com/articles/three-new-fallout-figures-available-to-pre-order-now-on-ign-store", "manual_status_code": 0, "page_rating": 100, "page_rating_contents": 100, "page_rating_visits": 0, "page_rating_votes": 0, "permanent": false, "source": "https://feeds.feedburner.com/ign/all", "source_obj__id": 147, "status_code": 0, "tags": [], "thumbnail": "https://assets-prd.ignimgs.com/2024/04/16/fallout-final-hero-1713282585723.png", "title": "Three New Fallout Figures Available to Pre-Order Now on IGN Store", "user": null, "vote": 0}, {"age": null, "album": "", "artist": null, "bookmarked": false, "comments": [], "date_published": "2024-04-16T15:55:00+00:00", "description": "Alienware's thinnest gaming laptop", "language": null, "link": "https://www.ign.com/articles/best-gaming-laptop-deals-2024-alienware-x16-ultra-slim-geforce-rtx-4060-4070-4080-new-price-drop", "manual_status_code": 0, "page_rating": 100, "page_rating_contents": 100, "page_rating_visits": 0, "page_rating_votes": 0, "permanent": false, "source": "https://feeds.feedburner.com/ign/all", "source_obj__id": 147, "status_code": 0, "tags": [], "thumbnail": "https://assets-prd.ignimgs.com/2024/04/11/alienwarex162-1712855964452.jpg", "title": "Save Up to 44% Off Alienware x16 Ultra Slim Gaming Laptops with RTX 40 Series GPUs (Updated with New Coupon Code)", "user": null, "vote": 0}, {"age": null, "album": "", "artist": null, "bookmarked": false, "comments": [], "date_published": "2024-04-16T15:51:58+00:00", "description": "25 games are set to leave PlayStation Plus in May 2024 as part of one of the biggest clearouts of the subscription service ever.", "language": null, "link": "https://www.ign.com/articles/25-ps5-and-ps4-games-set-to-leave-ps-plus-in-may-heres-the-list", "manual_status_code": 0, "page_rating": 100, "page_rating_contents": 100, "page_rating_visits": 0, "page_rating_votes": 0, "permanent": false, "source": "https://feeds.feedburner.com/ign/all", "source_obj__id": 147, "status_code": 0, "tags": [], "thumbnail": "https://assets-prd.ignimgs.com/2023/10/11/pspremiumthumb-1697040053191.jpg", "title": "25 PS5 and PS4 Games Set to Leave PS Plus in May \u2014 Here's the List", "user": null, "vote": 0}, {"age": null, "album": "", "artist": null, "bookmarked": false, "comments": [], "date_published": "2024-04-16T15:16:02+00:00", "description": "We\u2019ve already reported on how the PC and console Fallout games have received a shot in the arm following the success of the Fallout TV show. Now it\u2019s the turn of mobile game Fallout Shelter.", "language": null, "link": "https://www.ign.com/articles/even-fallout-shelter-is-getting-a-boost-from-the-fallout-tv-show", "manual_status_code": 0, "page_rating": 100, "page_rating_contents": 100, "page_rating_visits": 0, "page_rating_votes": 0, "permanent": false, "source": "https://feeds.feedburner.com/ign/all", "source_obj__id": 147, "status_code": 0, "tags": [], "thumbnail": "https://assets-prd.ignimgs.com/2024/04/16/fallout-shelter-main-1713280549161.jpg", "title": "Even Fallout Shelter Is Getting a Boost From the Fallout TV Show", "user": null, "vote": 0}, {"age": null, "album": "", "artist": null, "bookmarked": false, "comments": [], "date_published": "2024-04-16T15:06:47+00:00", "description": "Looking for the best Amazon fire stick deals? Look no further. Amazon's flagship streaming devices have just had their prices slashed for a limited time.", "language": null, "link": "https://www.ign.com/articles/amazon-heavily-discounts-fire-tv-sticks-in-its-april-sale-in-the-uk", "manual_status_code": 0, "page_rating": 100, "page_rating_contents": 100, "page_rating_visits": 0, "page_rating_votes": 0, "permanent": false, "source": "https://feeds.feedburner.com/ign/all", "source_obj__id": 147, "status_code": 0, "tags": [], "thumbnail": "https://assets-prd.ignimgs.com/2024/04/16/e248c356-b0e5-4be6-9a57-e69f6662ad8a-1713279903357.png", "title": "Amazon Heavily Discounts Fire TV Sticks in Its April Sale in the UK", "user": null, "vote": 0}, {"age": null, "album": "", "artist": null, "bookmarked": false, "comments": [], "date_published": "2024-04-16T15:02:16+00:00", "description": "", "language": null, "link": "https://www.ign.com/articles/best-lego-ninjago-sets", "manual_status_code": 0, "page_rating": 100, "page_rating_contents": 100, "page_rating_visits": 0, "page_rating_votes": 0, "permanent": false, "source": "https://feeds.feedburner.com/ign/all", "source_obj__id": 147, "status_code": 0, "tags": [], "thumbnail": "https://assets-prd.ignimgs.com/2023/05/16/best-lego-ninjago-sets-1684266691007.jpg", "title": "The Best LEGO Ninjago Sets", "user": null, "vote": 0}, {"age": null, "album": "", "artist": null, "bookmarked": false, "comments": [], "date_published": "2024-04-16T15:00:00+00:00", "description": "The Alienware Pro Wireless Keyboard offers incredible performance for a wireless peripheral, including a buttery-smooth 2.4GHz connection and up to 798 hours of battery on a single charge, all while maintaining a 1KHz polling rate. It\u2019s sturdy, ultra-responsive, and has incredibly satisfying-sounding keys.", "language": null, "link": "https://www.ign.com/articles/alienware-pro-wireless-keyboard-review", "manual_status_code": 0, "page_rating": 100, "page_rating_contents": 100, "page_rating_visits": 0, "page_rating_votes": 0, "permanent": false, "source": "https://feeds.feedburner.com/ign/all", "source_obj__id": 147, "status_code": 0, "tags": [], "thumbnail": "https://assets-prd.ignimgs.com/2024/04/16/blogroll-1713235317537.jpg", "title": "Alienware Pro Wireless Keyboard Review", "user": null, "vote": 0}, {"age": null, "album": "", "artist": null, "bookmarked": false, "comments": [], "date_published": "2024-04-16T14:56:13+00:00", "description": "Keanu Reeves will voice Shadow in Sonic the Hedgehog 3, but the actor appeared in the franchise years before being cast as the popular antihero.", "language": null, "link": "https://www.ign.com/articles/sonic-the-hedgehog-movie-seemingly-foreshadowed-keanu-reeves-involvement", "manual_status_code": 0, "page_rating": 100, "page_rating_contents": 100, "page_rating_visits": 0, "page_rating_votes": 0, "permanent": false, "source": "https://feeds.feedburner.com/ign/all", "source_obj__id": 147, "status_code": 0, "tags": [], "thumbnail": "https://assets-prd.ignimgs.com/2024/04/16/sonic-3-keanu-reeves-foreshadowing-1713270988534.jpg", "title": "Sonic the Hedgehog Movie Seemingly Foreshadowed Keanu Reeves' Involvement", "user": null, "vote": 0}, {"age": null, "album": "", "artist": null, "bookmarked": false, "comments": [], "date_published": "2024-04-16T14:27:20+00:00", "description": "You can score 5 free months of Apple Music with a Walmart+ membership right now.", "language": null, "link": "https://www.ign.com/articles/walmart-plus-apple-music-deal", "manual_status_code": 0, "page_rating": 100, "page_rating_contents": 100, "page_rating_visits": 0, "page_rating_votes": 0, "permanent": false, "source": "https://feeds.feedburner.com/ign/all", "source_obj__id": 147, "status_code": 0, "tags": [], "thumbnail": "https://assets-prd.ignimgs.com/2024/04/16/apple-music-1713277482750.png", "title": "Get 5 Months of Apple Music for Free With Walmart+", "user": null, "vote": 0}, {"age": null, "album": "", "artist": null, "bookmarked": false, "comments": [], "date_published": "2024-04-16T14:03:02+00:00", "description": "The boss of Pocketpair has accused Chinese game companies of making Palworld clones, saying: \u201cThese are incredible times.\u201d", "language": null, "link": "https://www.ign.com/articles/after-palworld-was-accused-of-ripping-off-pokmon-its-ceo-has-accused-other-companies-of-making-palworld-clones", "manual_status_code": 0, "page_rating": 100, "page_rating_contents": 100, "page_rating_visits": 0, "page_rating_votes": 0, "permanent": false, "source": "https://feeds.feedburner.com/ign/all", "source_obj__id": 147, "status_code": 0, "tags": [], "thumbnail": "https://assets-prd.ignimgs.com/2024/04/16/auroria-1713276173738.jpg", "title": "After Palworld Was Accused of Ripping Off Pok\u00e9mon, Its CEO Has Accused Other Companies of Making Palworld Clones", "user": null, "vote": 0}, {"age": null, "album": "", "artist": null, "bookmarked": false, "comments": [], "date_published": "2024-04-16T13:47:31+00:00", "description": "Nintendo has announced the next Indie World Showcase, which is set to air tomorrow, with roughly 20 minutes of announcements pertaining to indie games headed to Nintendo Switch.", "language": null, "link": "https://www.ign.com/articles/nintendo-indie-world-showcase-april-2024-announced", "manual_status_code": 0, "page_rating": 100, "page_rating_contents": 100, "page_rating_visits": 0, "page_rating_votes": 0, "permanent": false, "source": "https://feeds.feedburner.com/ign/all", "source_obj__id": 147, "status_code": 0, "tags": [], "thumbnail": "https://assets-prd.ignimgs.com/2024/02/05/nintendo-blogroll-logos-1707165316914.jpg", "title": "Nintendo Indie World Showcase Announced for Tomorrow, With 20 Minutes of Indie Games Heading to Switch", "user": null, "vote": 0}, {"age": null, "album": "", "artist": null, "bookmarked": false, "comments": [], "date_published": "2024-04-16T13:33:56+00:00", "description": "Microsoft has announced the second wave of games coming to Game Pass in April 2024. Highlights include Orcs Must Die! 3, Eiyuden Chronicle: Hundred Heroes, and the hotly anticipated Manor Lords.", "language": null, "link": "https://www.ign.com/articles/microsoft-announces-xbox-game-pass-april-2024-wave-2-lineup", "manual_status_code": 0, "page_rating": 100, "page_rating_contents": 100, "page_rating_visits": 0, "page_rating_votes": 0, "permanent": false, "source": "https://feeds.feedburner.com/ign/all", "source_obj__id": 147, "status_code": 0, "tags": [], "thumbnail": "https://assets-prd.ignimgs.com/2023/10/11/game-pass-deal-ign-prime-day-2-2023-new-october-1697037530962.png", "title": "Microsoft Announces Xbox Game Pass April 2024 Wave 2 Lineup", "user": null, "vote": 0}, {"age": null, "album": "", "artist": null, "bookmarked": false, "comments": [], "date_published": "2024-04-16T13:00:00+00:00", "description": "", "language": null, "link": "https://www.ign.com/articles/the-stranger-review-hulu", "manual_status_code": 0, "page_rating": 100, "page_rating_contents": 100, "page_rating_visits": 0, "page_rating_votes": 0, "permanent": false, "source": "https://feeds.feedburner.com/ign/all", "source_obj__id": 147, "status_code": 0, "tags": [], "thumbnail": "https://assets-prd.ignimgs.com/2024/04/15/j-1713204919205.jpg", "title": "The Stranger Review", "user": null, "vote": 0}, {"age": null, "album": "", "artist": null, "bookmarked": false, "comments": [], "date_published": "2024-04-16T12:27:06+00:00", "description": "These are the best Amazon Prime alternatives in 2024.", "language": null, "link": "https://www.ign.com/articles/best-amazon-prime-alternatives", "manual_status_code": 0, "page_rating": 100, "page_rating_contents": 100, "page_rating_visits": 0, "page_rating_votes": 0, "permanent": false, "source": "https://feeds.feedburner.com/ign/all", "source_obj__id": 147, "status_code": 0, "tags": [], "thumbnail": "https://assets-prd.ignimgs.com/2024/04/16/best-amazon-prime-alternatives-ign-2024-2-1713268761971.png", "title": "The Best Amazon Prime Alternatives With Free Trials", "user": null, "vote": 0}, {"age": null, "album": "", "artist": null, "bookmarked": false, "comments": [], "date_published": "2024-04-16T12:23:35+00:00", "description": "Mortal Kombat 1\u2019s upcoming DLC character Ermac has a brand new Brutality that veteran Mortal Kombat fans have recognised as being inspired by a nearly 30-year-old Fatality.", "language": null, "link": "https://www.ign.com/articles/mortal-kombat-1-dlc-character-ermac-has-a-new-brutality-ripped-straight-from-ultimate-mortal-kombat-3", "manual_status_code": 0, "page_rating": 100, "page_rating_contents": 100, "page_rating_visits": 0, "page_rating_votes": 0, "permanent": false, "source": "https://feeds.feedburner.com/ign/all", "source_obj__id": 147, "status_code": 0, "tags": [], "thumbnail": "https://assets-prd.ignimgs.com/2024/04/09/ermacthumb-1712668520992.png", "title": "Mortal Kombat 1 DLC Character Ermac Has a New Brutality Ripped Straight From Ultimate Mortal Kombat 3", "user": null, "vote": 0}, {"age": null, "album": "", "artist": null, "bookmarked": false, "comments": [], "date_published": "2024-04-16T11:57:36+00:00", "description": "The voice actor behind the popular Fallout 3 radio host Three Dog has expressed interest in appearing in season two of the Fallout TV show.", "language": null, "link": "https://www.ign.com/articles/voice-actor-who-played-fallout-3-radio-host-three-dog-wants-to-be-in-fallout-tv-show-season-2", "manual_status_code": 0, "page_rating": 100, "page_rating_contents": 100, "page_rating_visits": 0, "page_rating_votes": 0, "permanent": false, "source": "https://feeds.feedburner.com/ign/all", "source_obj__id": 147, "status_code": 0, "tags": [], "thumbnail": "https://assets-prd.ignimgs.com/2024/04/16/screenshot-2024-04-16-125124-1713268339159.png", "title": "Voice Actor Who Played Fallout 3 Radio Host Three Dog Wants to Be in Fallout TV Show Season 2", "user": null, "vote": 0}, {"age": null, "album": "", "artist": null, "bookmarked": false, "comments": [], "date_published": "2024-04-16T11:00:31+00:00", "description": "Hot on the heels of the breakout success of The Last of Us and Fallout TV shows, many are wondering which video games would make a great pick for the next great series. Dragon Age is often suggested as a good candidate for the TV show treatment, but according to its co-creator, that would be a \u201cterrible idea.\u201d", "language": null, "link": "https://www.ign.com/articles/dragon-age-tv-show-would-be-a-terrible-idea-says-co-creator", "manual_status_code": 0, "page_rating": 100, "page_rating_contents": 100, "page_rating_visits": 0, "page_rating_votes": 0, "permanent": false, "source": "https://feeds.feedburner.com/ign/all", "source_obj__id": 147, "status_code": 0, "tags": [], "thumbnail": "https://assets-prd.ignimgs.com/2022/10/26/dragonageinquisitionjpg-a2a564-1280w-1415667815153-1666759988152.jpg", "title": "Dragon Age TV Show Would Be a \u2018Terrible Idea\u2019, Says Co-Creator", "user": null, "vote": 0}, {"age": null, "album": "", "artist": null, "bookmarked": false, "comments": [], "date_published": "2024-04-16T09:22:33+00:00", "description": "Helldivers 2 developer Arrowhead has released yet another update for the PlayStation 5 and PC third-person co-op shooter, this time patch 01.000.203. Check out the patch notes.", "language": null, "link": "https://www.ign.com/articles/helldivers-2-patch-01000203-fixes-ground-breaker-armor-sorts-out-crashes-and-more", "manual_status_code": 0, "page_rating": 100, "page_rating_contents": 100, "page_rating_visits": 0, "page_rating_votes": 0, "permanent": false, "source": "https://feeds.feedburner.com/ign/all", "source_obj__id": 147, "status_code": 0, "tags": [], "thumbnail": "https://assets-prd.ignimgs.com/2024/04/04/hd6-1712247773951.jpg", "title": "Helldivers 2 Patch 01.000.203 Fixes Ground Breaker Armor, Sorts Out Crashes, and More", "user": null, "vote": 0}, {"age": null, "album": "", "artist": null, "bookmarked": false, "comments": [], "date_published": "2024-04-16T08:55:29+00:00", "description": "Ubisoft has responded to the ongoing backlash against the Star Wars Outlaws season pass, insisting Jabba the Hutt is part of the experience for all players.", "language": null, "link": "https://www.ign.com/articles/ubisoft-responds-to-star-wars-outlaws-season-pass-backlash-insists-jabba-the-hutt-is-part-of-the-experience-for-all-players", "manual_status_code": 0, "page_rating": 100, "page_rating_contents": 100, "page_rating_visits": 0, "page_rating_votes": 0, "permanent": false, "source": "https://feeds.feedburner.com/ign/all", "source_obj__id": 147, "status_code": 0, "tags": [], "thumbnail": "https://assets-prd.ignimgs.com/2024/04/16/star-wars-main-1713257722405.png", "title": "Ubisoft Responds to Star Wars Outlaws Season Pass Backlash, Insists Jabba the Hutt Is Part of the Experience for All Players", "user": null, "vote": 0}, {"age": null, "album": "", "artist": null, "bookmarked": false, "comments": [], "date_published": "2024-04-16T02:15:00+00:00", "description": "Ships immediately from Best Buy", "language": null, "link": "https://www.ign.com/articles/best-gaming-pc-deals-2024-lenovo-legion-tower-5-gen-8-rtx-4070", "manual_status_code": 0, "page_rating": 100, "page_rating_contents": 100, "page_rating_visits": 0, "page_rating_votes": 0, "permanent": false, "source": "https://feeds.feedburner.com/ign/all", "source_obj__id": 147, "status_code": 0, "tags": [], "thumbnail": "https://assets-prd.ignimgs.com/2024/04/15/lenovolegion5-1713211821532.jpg", "title": "The Lenovo Legion Tower 5 RTX 4070 Gaming PC (Better Than RTX 3080) Is Only $1299.99", "user": null, "vote": 0}, {"age": null, "album": "", "artist": null, "bookmarked": false, "comments": [], "date_published": "2024-04-16T01:07:57+00:00", "description": "The cuts continue as the holidays roll on. Jump in to get some crazy discounts on the latest and greatest!", "language": null, "link": "https://www.ign.com/articles/catch-a-48-pokmon-adventure-on-switch-price-sliced-final-fantasies-and-more-au-deals", "manual_status_code": 0, "page_rating": 100, "page_rating_contents": 100, "page_rating_visits": 0, "page_rating_votes": 0, "permanent": false, "source": "https://feeds.feedburner.com/ign/all", "source_obj__id": 147, "status_code": 0, "tags": [], "thumbnail": "https://assets-prd.ignimgs.com/2024/04/16/apr-16-1713229497984.jpg", "title": "Catch a $48 Pok\u00e9mon Adventure on Switch, Price Sliced Final Fantasies, and More!", "user": null, "vote": 0}, {"age": null, "album": "", "artist": null, "bookmarked": false, "comments": [], "date_published": "2024-04-16T00:10:49+00:00", "description": "Wi-Fi dead zones suck, so get rid of them with one of these Wi-Fi extenders.", "language": null, "link": "https://www.ign.com/articles/best-wifi-extender", "manual_status_code": 0, "page_rating": 100, "page_rating_contents": 100, "page_rating_visits": 0, "page_rating_votes": 0, "permanent": false, "source": "https://feeds.feedburner.com/ign/all", "source_obj__id": 147, "status_code": 0, "tags": [], "thumbnail": "https://assets-prd.ignimgs.com/2022/08/19/wi-fi-range-extender-1660930340589.jpg", "title": "Best Wi-Fi Extender 2024", "user": null, "vote": 0}]