[{"age": null, "album": "", "artist": null, "bookmarked": false, "comments": [], "date_published": "2024-04-16T20:30:00+00:00", "description": "Podejrzany jest o kradzie\u017c.", "language": null, "link": "https://epoznan.pl/news-news-149954-policjanci_publikuja_wizerunek_i_szukaja_tego_mezczyzny?rss=1", "manual_status_code": 0, "page_rating": 100, "page_rating_contents": 100, "page_rating_visits": 0, "page_rating_votes": 0, "permanent": false, "source": "https://epoznan.pl/rss", "source_obj__id": 98, "status_code": 0, "tags": [], "thumbnail": null, "title": "Policjanci publikuj\u0105 wizerunek i szukaj\u0105 tego m\u0119\u017cczyzny", "user": null, "vote": 0}, {"age": null, "album": "", "artist": null, "bookmarked": false, "comments": [], "date_published": "2024-04-16T20:15:00+00:00", "description": "To ostatnia sesja Rady Miasta tej kadencji.", "language": null, "link": "https://epoznan.pl/news-news-149953-smutek_i_lzy_na_sesji_rady_miasta_czesc_radnych_chce_zalozyc_stowarzyszenie?rss=1", "manual_status_code": 0, "page_rating": 100, "page_rating_contents": 100, "page_rating_visits": 0, "page_rating_votes": 0, "permanent": false, "source": "https://epoznan.pl/rss", "source_obj__id": 98, "status_code": 0, "tags": [], "thumbnail": null, "title": "Smutek i \u0142zy na sesji Rady Miasta. Cz\u0119\u015b\u0107 radnych chce za\u0142o\u017cy\u0107 stowarzyszenie", "user": null, "vote": 0}, {"age": null, "album": "", "artist": null, "bookmarked": false, "comments": [], "date_published": "2024-04-16T20:00:00+00:00", "description": "Na wtorkowej sesji zgodzili si\u0119 na to miejscy radni.", "language": null, "link": "https://epoznan.pl/news-news-149952-poznaniacy_znow_moga_liczyc_na_dotacje_za_gromadzenie_deszczowki_to_nawet_6_tysiecy_zlotych?rss=1", "manual_status_code": 0, "page_rating": 100, "page_rating_contents": 100, "page_rating_visits": 0, "page_rating_votes": 0, "permanent": false, "source": "https://epoznan.pl/rss", "source_obj__id": 98, "status_code": 0, "tags": [], "thumbnail": null, "title": "Poznaniacy zn\u00f3w mog\u0105 liczy\u0107 na dotacj\u0119 za gromadzenie deszcz\u00f3wki. To nawet 6 tysi\u0119cy z\u0142otych", "user": null, "vote": 0}, {"age": null, "album": "", "artist": null, "bookmarked": false, "comments": [], "date_published": "2024-04-16T19:45:00+00:00", "description": "Kieruj\u0105cy Renault Megane wjecha\u0142 do przydro\u017cnego rowu.", "language": null, "link": "https://epoznan.pl/news-news-149951-reanimacja_po_kolizji_36_latek_nagle_przestal_oddychac?rss=1", "manual_status_code": 0, "page_rating": 100, "page_rating_contents": 100, "page_rating_visits": 0, "page_rating_votes": 0, "permanent": false, "source": "https://epoznan.pl/rss", "source_obj__id": 98, "status_code": 0, "tags": [], "thumbnail": null, "title": "Reanimacja po kolizji. 36-latek nagle przesta\u0142 oddycha\u0107", "user": null, "vote": 0}, {"age": null, "album": "", "artist": null, "bookmarked": false, "comments": [], "date_published": "2024-04-16T19:30:00+00:00", "description": "Wcze\u015bniej strajkowali.", "language": null, "link": "https://epoznan.pl/news-news-149950-dostawcy_jedzenia_pracujacy_przez_aplikacje_zalozyli_zwiazek_zawodowy?rss=1", "manual_status_code": 0, "page_rating": 100, "page_rating_contents": 100, "page_rating_visits": 0, "page_rating_votes": 0, "permanent": false, "source": "https://epoznan.pl/rss", "source_obj__id": 98, "status_code": 0, "tags": [], "thumbnail": null, "title": "Dostawcy jedzenia pracuj\u0105cy przez aplikacje za\u0142o\u017cyli zwi\u0105zek zawodowy", "user": null, "vote": 0}, {"age": null, "album": "", "artist": null, "bookmarked": false, "comments": [], "date_published": "2024-04-16T19:15:00+00:00", "description": "Zesp\u00f3\u0142 pojazd\u00f3w zatrzymali inspektorzy z Wielkopolski na autostradzie A2.", "language": null, "link": "https://epoznan.pl/news-news-149949-ciezarowka_ze_zderzakiem_choragiewka_zatrzymana_na_a2?rss=1", "manual_status_code": 0, "page_rating": 100, "page_rating_contents": 100, "page_rating_visits": 0, "page_rating_votes": 0, "permanent": false, "source": "https://epoznan.pl/rss", "source_obj__id": 98, "status_code": 0, "tags": [], "thumbnail": null, "title": "Ci\u0119\u017car\u00f3wka ze &quot;zderzakiem chor\u0105giewk\u0105&quot; zatrzymana na A2", "user": null, "vote": 0}, {"age": null, "album": "", "artist": null, "bookmarked": false, "comments": [], "date_published": "2024-04-16T19:03:00+00:00", "description": "Trwaj\u0105 prace na ulicach Walentego Stefa\u0144skiego i Eugeniusza Kwiatkowskiego na \u015awierczewie.", "language": null, "link": "https://epoznan.pl/news-news-149948-inwestycja_na_poludniu_poznania_wylaczyla_z_ruchu_dwie_ulice_tak_postepuja_prace?rss=1", "manual_status_code": 0, "page_rating": 100, "page_rating_contents": 100, "page_rating_visits": 0, "page_rating_votes": 0, "permanent": false, "source": "https://epoznan.pl/rss", "source_obj__id": 98, "status_code": 0, "tags": [], "thumbnail": null, "title": "Inwestycja na po\u0142udniu Poznania wy\u0142\u0105czy\u0142a z ruchu dwie ulice. Tak post\u0119puj\u0105 prace", "user": null, "vote": 0}, {"age": null, "album": "", "artist": null, "bookmarked": false, "comments": [], "date_published": "2024-04-16T18:33:00+00:00", "description": "Dzia\u0142ania wci\u0105\u017c trwaj\u0105.", "language": null, "link": "https://epoznan.pl/news-news-149947-poscig_ulicami_poznania_policyjne_auto_mocno_rozbite?rss=1", "manual_status_code": 0, "page_rating": 100, "page_rating_contents": 100, "page_rating_visits": 0, "page_rating_votes": 0, "permanent": false, "source": "https://epoznan.pl/rss", "source_obj__id": 98, "status_code": 0, "tags": [], "thumbnail": null, "title": "Po\u015bcig ulicami Poznania. &quot;Policyjne auto mocno rozbite&quot;", "user": null, "vote": 0}, {"age": null, "album": "", "artist": null, "bookmarked": false, "comments": [], "date_published": "2024-04-16T18:00:00+00:00", "description": "Ju\u017c w sobotni wiecz\u00f3r.", "language": null, "link": "https://epoznan.pl/news-news-149946-na_poznanskie_torowiska_wyjedzie_bimba_fest?rss=1", "manual_status_code": 0, "page_rating": 100, "page_rating_contents": 100, "page_rating_visits": 0, "page_rating_votes": 0, "permanent": false, "source": "https://epoznan.pl/rss", "source_obj__id": 98, "status_code": 0, "tags": [], "thumbnail": null, "title": "Na pozna\u0144skie torowiska wyjedzie Bimba Fest", "user": null, "vote": 0}, {"age": null, "album": "", "artist": null, "bookmarked": false, "comments": [], "date_published": "2024-04-16T18:00:00+00:00", "description": "Ju\u017c w sobotni wiecz\u00f3r.", "language": null, "link": "https://epoznan.pl/news-news-149946-na_poznanskie_torowiska_wyjedzie_imprezowy_tramwaj_to_bimba_fest?rss=1", "manual_status_code": 0, "page_rating": 100, "page_rating_contents": 100, "page_rating_visits": 0, "page_rating_votes": 0, "permanent": false, "source": "https://epoznan.pl/rss", "source_obj__id": 98, "status_code": 0, "tags": [], "thumbnail": null, "title": "Na pozna\u0144skie torowiska wyjedzie imprezowy tramwaj. To Bimba Fest", "user": null, "vote": 0}, {"age": null, "album": "", "artist": null, "bookmarked": false, "comments": [], "date_published": "2024-04-16T17:33:00+00:00", "description": "Decyzj\u0119 w tej sprawie podj\u0119li we wtorek miejscy radni.", "language": null, "link": "https://epoznan.pl/news-news-149945-w_poznaniu_mamy_trzy_nowe_pomniki_przyrody_sa_ogromne_wiekowe_i_nadano_im_imiona?rss=1", "manual_status_code": 0, "page_rating": 100, "page_rating_contents": 100, "page_rating_visits": 0, "page_rating_votes": 0, "permanent": false, "source": "https://epoznan.pl/rss", "source_obj__id": 98, "status_code": 0, "tags": [], "thumbnail": null, "title": "W Poznaniu mamy trzy nowe pomniki przyrody. S\u0105 ogromne, wiekowe i nadano im imiona", "user": null, "vote": 0}, {"age": null, "album": "", "artist": null, "bookmarked": false, "comments": [], "date_published": "2024-04-16T16:45:00+00:00", "description": "Do zdarzenia dosz\u0142o w powiecie obornickim.", "language": null, "link": "https://epoznan.pl/news-news-149944-powazny_wypadek_z_udzialem_dwoch_pojazdow_kierowca_ciezarowki_w_stanie_krytycznym_trafil_do_szpitala?rss=1", "manual_status_code": 0, "page_rating": 100, "page_rating_contents": 100, "page_rating_visits": 0, "page_rating_votes": 0, "permanent": false, "source": "https://epoznan.pl/rss", "source_obj__id": 98, "status_code": 0, "tags": [], "thumbnail": null, "title": "Powa\u017cny wypadek z udzia\u0142em dw\u00f3ch pojazd\u00f3w. Kierowca ci\u0119\u017car\u00f3wki w stanie krytycznym trafi\u0142 do szpitala", "user": null, "vote": 0}, {"age": null, "album": "", "artist": null, "bookmarked": false, "comments": [], "date_published": "2024-04-16T16:30:00+00:00", "description": "Si\u0142owo wszed\u0142 do pomieszczenia.", "language": null, "link": "https://epoznan.pl/news-news-149943-gesty_dym_wydobywal_sie_z_mieszkania_policjant_nie_czekal_az_przyjedzie_straz?rss=1", "manual_status_code": 0, "page_rating": 100, "page_rating_contents": 100, "page_rating_visits": 0, "page_rating_votes": 0, "permanent": false, "source": "https://epoznan.pl/rss", "source_obj__id": 98, "status_code": 0, "tags": [], "thumbnail": null, "title": "G\u0119sty dym wydobywa\u0142 si\u0119 z mieszkania. Policjant nie czeka\u0142 a\u017c przyjedzie stra\u017c", "user": null, "vote": 0}, {"age": null, "album": "", "artist": null, "bookmarked": false, "comments": [], "date_published": "2024-04-16T15:30:00+00:00", "description": "Od nocy z 16 na 17 kwietnia b\u0119d\u0105 prowadzone przegl\u0105dy stacji prostownikowych maj\u0105ce wp\u0142yw na sprawne funkcjonowanie komunikacji tramwajowej.", "language": null, "link": "https://epoznan.pl/news-news-149942-wazne_przeglady_w_poznaniu_warto_spojrzec_w_rozklad_jazdy?rss=1", "manual_status_code": 0, "page_rating": 100, "page_rating_contents": 100, "page_rating_visits": 0, "page_rating_votes": 0, "permanent": false, "source": "https://epoznan.pl/rss", "source_obj__id": 98, "status_code": 0, "tags": [], "thumbnail": null, "title": "Wa\u017cne przegl\u0105dy w Poznaniu. Warto spojrze\u0107 w rozk\u0142ad jazdy!", "user": null, "vote": 0}, {"age": null, "album": "", "artist": null, "bookmarked": false, "comments": [], "date_published": "2024-04-16T15:00:00+00:00", "description": "Obie uchwa\u0142y zosta\u0142y przyj\u0119te przez miejskich radnych.", "language": null, "link": "https://epoznan.pl/news-news-149941-poznaniacy_znow_beda_mogli_starac_sie_o_dofinansowanie_na_okna_drzwi_i_zielone_dachy_sa_szczegoly?rss=1", "manual_status_code": 0, "page_rating": 100, "page_rating_contents": 100, "page_rating_visits": 0, "page_rating_votes": 0, "permanent": false, "source": "https://epoznan.pl/rss", "source_obj__id": 98, "status_code": 0, "tags": [], "thumbnail": null, "title": "Poznaniacy zn\u00f3w b\u0119d\u0105 mogli stara\u0107 si\u0119 o dofinansowanie na okna, drzwi i... zielone dachy. S\u0105 szczeg\u00f3\u0142y", "user": null, "vote": 0}, {"age": null, "album": "", "artist": null, "bookmarked": false, "comments": [], "date_published": "2024-04-16T14:30:00+00:00", "description": "Osoby, kt\u00f3re mog\u0105 pom\u00f3c w ustaleniu to\u017csamo\u015bci m\u0119\u017cczyzny, proszone s\u0105 o kontakt z policjantami.", "language": null, "link": "https://epoznan.pl/news-news-149940-policjanci_ustalaja_tozsamosc_mezczyzny_smiertelnie_potraconego_przez_pociag_opublikowano_zdjecia?rss=1", "manual_status_code": 0, "page_rating": 100, "page_rating_contents": 100, "page_rating_visits": 0, "page_rating_votes": 0, "permanent": false, "source": "https://epoznan.pl/rss", "source_obj__id": 98, "status_code": 0, "tags": [], "thumbnail": null, "title": "Policjanci ustalaj\u0105 to\u017csamo\u015b\u0107 m\u0119\u017cczyzny \u015bmiertelnie potr\u0105conego przez poci\u0105g. Opublikowano zdj\u0119cia", "user": null, "vote": 0}, {"age": null, "album": "", "artist": null, "bookmarked": false, "comments": [], "date_published": "2024-04-16T13:45:00+00:00", "description": "Sytuacja jest ju\u017c opanowana.", "language": null, "link": "https://epoznan.pl/news-news-149939-kilka_strazackich_zastepow_przy_dworcu_poznan_glowny_bardzo_smierdzi_i_chyba_sie_cos_pali?rss=1", "manual_status_code": 0, "page_rating": 100, "page_rating_contents": 100, "page_rating_visits": 0, "page_rating_votes": 0, "permanent": false, "source": "https://epoznan.pl/rss", "source_obj__id": 98, "status_code": 0, "tags": [], "thumbnail": null, "title": "Kilka stra\u017cackich zast\u0119p\u00f3w przy dworcu Pozna\u0144 G\u0142\u00f3wny. &quot;Bardzo \u015bmierdzi i chyba si\u0119 co\u015b pali&quot;", "user": null, "vote": 0}, {"age": null, "album": "", "artist": null, "bookmarked": false, "comments": [], "date_published": "2024-04-16T13:30:00+00:00", "description": "Trwaj\u0105 nasadzenia na Starym Mie\u015bcie.", "language": null, "link": "https://epoznan.pl/news-news-149938-w_poznaniu_przybedzie_nowych_drzew?rss=1", "manual_status_code": 0, "page_rating": 100, "page_rating_contents": 100, "page_rating_visits": 0, "page_rating_votes": 0, "permanent": false, "source": "https://epoznan.pl/rss", "source_obj__id": 98, "status_code": 0, "tags": [], "thumbnail": null, "title": "W Poznaniu przyb\u0119dzie nowych drzew", "user": null, "vote": 0}, {"age": null, "album": "", "artist": null, "bookmarked": false, "comments": [], "date_published": "2024-04-16T12:55:00+00:00", "description": "Do wybor\u00f3w coraz mniej czasu.", "language": null, "link": "https://epoznan.pl/news-news-149930-zbigniew_czerwinski_prezentuje_5_punktow_programowych_swojej_kadencji_co_planuje?rss=1", "manual_status_code": 0, "page_rating": 100, "page_rating_contents": 100, "page_rating_visits": 0, "page_rating_votes": 0, "permanent": false, "source": "https://epoznan.pl/rss", "source_obj__id": 98, "status_code": 0, "tags": [], "thumbnail": null, "title": "Zbigniew Czerwi\u0144ski prezentuje 5 punkt\u00f3w programowych swojej kadencji. Co planuje?", "user": null, "vote": 0}, {"age": null, "album": "", "artist": null, "bookmarked": false, "comments": [], "date_published": "2024-04-16T12:52:00+00:00", "description": "Interwencja okaza\u0142a si\u0119 fa\u0142szywym alarmem.", "language": null, "link": "https://epoznan.pl/news-news-149937-strazacy_na_kosciuszki_przez_prace_remontowe?rss=1", "manual_status_code": 0, "page_rating": 100, "page_rating_contents": 100, "page_rating_visits": 0, "page_rating_votes": 0, "permanent": false, "source": "https://epoznan.pl/rss", "source_obj__id": 98, "status_code": 0, "tags": [], "thumbnail": null, "title": "Stra\u017cacy na Ko\u015bciuszki. &quot;Przez prace remontowe&quot;", "user": null, "vote": 0}, {"age": null, "album": "", "artist": null, "bookmarked": false, "comments": [], "date_published": "2024-04-16T12:49:00+00:00", "description": "W ca\u0142ym wojew\u00f3dztwie.", "language": null, "link": "https://epoznan.pl/news-news-149936-burze_mozliwe_jednak_do_wieczora?rss=1", "manual_status_code": 0, "page_rating": 100, "page_rating_contents": 100, "page_rating_visits": 0, "page_rating_votes": 0, "permanent": false, "source": "https://epoznan.pl/rss", "source_obj__id": 98, "status_code": 0, "tags": [], "thumbnail": null, "title": "Burze mo\u017cliwe jednak do wieczora!", "user": null, "vote": 0}, {"age": null, "album": "", "artist": null, "bookmarked": false, "comments": [], "date_published": "2024-04-16T12:46:00+00:00", "description": "Do zdarzenia dosz\u0142o na terenie wojew\u00f3dztwa lubuskiego, ale utrudnienia s\u0105 te\u017c w Wielkopolsce.", "language": null, "link": "https://epoznan.pl/news-news-149935-autostrada_a2_zablokowana_w_dwoch_kierunkach_przewrocil_sie_pojazd_przewozacy_tlenek_azotu_objazdy?rss=1", "manual_status_code": 0, "page_rating": 100, "page_rating_contents": 100, "page_rating_visits": 0, "page_rating_votes": 0, "permanent": false, "source": "https://epoznan.pl/rss", "source_obj__id": 98, "status_code": 0, "tags": [], "thumbnail": null, "title": "Autostrada A2 zablokowana w dw\u00f3ch kierunkach. Przewr\u00f3ci\u0142 si\u0119 pojazd przewo\u017c\u0105cy tlenek azotu. Objazdy!", "user": null, "vote": 0}, {"age": null, "album": "", "artist": null, "bookmarked": false, "comments": [], "date_published": "2024-04-16T12:40:00+00:00", "description": "Wyci\u0105gni\u0119to je z wody w rejonie mostu Lecha.", "language": null, "link": "https://epoznan.pl/news-news-149933-zwloki_w_warcie_w_poznaniu?rss=1", "manual_status_code": 0, "page_rating": 100, "page_rating_contents": 100, "page_rating_visits": 0, "page_rating_votes": 0, "permanent": false, "source": "https://epoznan.pl/rss", "source_obj__id": 98, "status_code": 0, "tags": [], "thumbnail": null, "title": "Zw\u0142oki w Warcie w Poznaniu", "user": null, "vote": 0}, {"age": null, "album": "", "artist": null, "bookmarked": false, "comments": [], "date_published": "2024-04-16T12:35:00+00:00", "description": "Wszystko rozgrywa\u0142o si\u0119 na ulicy Opolskiej.", "language": null, "link": "https://epoznan.pl/news-news-149929-przechodzac_chodnikiem_uslyszal_wolanie_o_pomoc_dzieki_jego_reakcji_uratowano_seniora?rss=1", "manual_status_code": 0, "page_rating": 100, "page_rating_contents": 100, "page_rating_visits": 0, "page_rating_votes": 0, "permanent": false, "source": "https://epoznan.pl/rss", "source_obj__id": 98, "status_code": 0, "tags": [], "thumbnail": null, "title": "Przechodz\u0105c chodnikiem us\u0142ysza\u0142 wo\u0142anie o pomoc. Dzi\u0119ki jego reakcji uratowano seniora", "user": null, "vote": 0}, {"age": null, "album": "", "artist": null, "bookmarked": false, "comments": [], "date_published": "2024-04-16T12:28:00+00:00", "description": "Do zdarzenia dosz\u0142o o 12.30, ale na jezdni w kierunku Prze\u017amierowa wci\u0105\u017c tworz\u0105 si\u0119 korki.", "language": null, "link": "https://epoznan.pl/news-news-149932-wypadek_na_dabrowskiego_korek?rss=1", "manual_status_code": 0, "page_rating": 100, "page_rating_contents": 100, "page_rating_visits": 0, "page_rating_votes": 0, "permanent": false, "source": "https://epoznan.pl/rss", "source_obj__id": 98, "status_code": 0, "tags": [], "thumbnail": null, "title": "Wypadek na D\u0105browskiego. Korek!", "user": null, "vote": 0}, {"age": null, "album": "", "artist": null, "bookmarked": false, "comments": [], "date_published": "2024-04-16T12:15:00+00:00", "description": "Pracownicy schroniska maj\u0105 pro\u015bb\u0119.", "language": null, "link": "https://epoznan.pl/news-news-149927-wieczorowa_suknia_i_firanki_w_darach_dla_poznanskiego_schroniska_placimy_za_wywoz_smieci_tak_jak_kazdy?rss=1", "manual_status_code": 0, "page_rating": 100, "page_rating_contents": 100, "page_rating_visits": 0, "page_rating_votes": 0, "permanent": false, "source": "https://epoznan.pl/rss", "source_obj__id": 98, "status_code": 0, "tags": [], "thumbnail": null, "title": "Wieczorowa suknia i firanki w darach dla pozna\u0144skiego schroniska. &quot;P\u0142acimy za wyw\u00f3z \u015bmieci tak jak ka\u017cdy&quot;", "user": null, "vote": 0}, {"age": null, "album": "", "artist": null, "bookmarked": false, "comments": [], "date_published": "2024-04-16T12:00:00+00:00", "description": "W ostatnich dniach interweniowali\u015bmy w sprawie dw\u00f3ch spalonych wrak\u00f3w samochod\u00f3w.", "language": null, "link": "https://epoznan.pl/news-news-149926-spalone_auta_odholowane_jedno_ze_sciezki_rowerowej_drugie_z_chodnika?rss=1", "manual_status_code": 0, "page_rating": 100, "page_rating_contents": 100, "page_rating_visits": 0, "page_rating_votes": 0, "permanent": false, "source": "https://epoznan.pl/rss", "source_obj__id": 98, "status_code": 0, "tags": [], "thumbnail": null, "title": "Spalone auta odholowane. Jedno ze \u015bcie\u017cki rowerowej, drugie z chodnika", "user": null, "vote": 0}, {"age": null, "album": "", "artist": null, "bookmarked": false, "comments": [], "date_published": "2024-04-16T11:45:00+00:00", "description": "Zdj\u0119cie otrzymali\u015bmy od Czytelnika epoznan.pl.", "language": null, "link": "https://epoznan.pl/news-news-149931-pies_na_siedzeniu_w_poznanskim_autobusie_to_tak_mozna?rss=1", "manual_status_code": 0, "page_rating": 100, "page_rating_contents": 100, "page_rating_visits": 0, "page_rating_votes": 0, "permanent": false, "source": "https://epoznan.pl/rss", "source_obj__id": 98, "status_code": 0, "tags": [], "thumbnail": null, "title": "Pies na siedzeniu w pozna\u0144skim autobusie. &quot;To tak mo\u017cna?&quot;", "user": null, "vote": 0}, {"age": null, "album": "", "artist": null, "bookmarked": false, "comments": [], "date_published": "2024-04-16T11:30:00+00:00", "description": "Od kwietnia dzia\u0142a w budynku E Nowego Rynku.", "language": null, "link": "https://epoznan.pl/news-news-149925-duzy_fundusz_inwestycyjny_przenosi_siedzibe_z_placu_andersa_do_nowego_rynku?rss=1", "manual_status_code": 0, "page_rating": 100, "page_rating_contents": 100, "page_rating_visits": 0, "page_rating_votes": 0, "permanent": false, "source": "https://epoznan.pl/rss", "source_obj__id": 98, "status_code": 0, "tags": [], "thumbnail": null, "title": "Du\u017cy fundusz inwestycyjny przenosi siedzib\u0119 z placu Andersa do Nowego Rynku", "user": null, "vote": 0}, {"age": null, "album": "", "artist": null, "bookmarked": false, "comments": [], "date_published": "2024-04-16T10:55:00+00:00", "description": "Mia\u0142a by\u0107 Galeria Goplana, ale ostatecznie nazwa b\u0119dzie inna.", "language": null, "link": "https://epoznan.pl/news-news-149924-wiadomo_jak_bedzie_sie_nazywac_najnowsza_galeria_handlowa_w_regionie_wkrotce_otwarcie?rss=1", "manual_status_code": 0, "page_rating": 100, "page_rating_contents": 100, "page_rating_visits": 0, "page_rating_votes": 0, "permanent": false, "source": "https://epoznan.pl/rss", "source_obj__id": 98, "status_code": 0, "tags": [], "thumbnail": null, "title": "Wiadomo, jak b\u0119dzie si\u0119 nazywa\u0107 najnowsza galeria handlowa w regionie. Wkr\u00f3tce otwarcie", "user": null, "vote": 0}, {"age": null, "album": "", "artist": null, "bookmarked": false, "comments": [], "date_published": "2024-04-16T10:10:00+00:00", "description": "W sprawie ulicy Kobylepole regularnie dostajemy wiadomo\u015bci od Czytelnik\u00f3w epoznan.pl.", "language": null, "link": "https://epoznan.pl/news-news-149923-uczeszczana_ulica_znowu_pod_woda_po_deszczu?rss=1", "manual_status_code": 0, "page_rating": 100, "page_rating_contents": 100, "page_rating_visits": 0, "page_rating_votes": 0, "permanent": false, "source": "https://epoznan.pl/rss", "source_obj__id": 98, "status_code": 0, "tags": [], "thumbnail": null, "title": "Ucz\u0119szczana ulica znowu pod wod\u0105 po deszczu", "user": null, "vote": 0}, {"age": null, "album": "", "artist": null, "bookmarked": false, "comments": [], "date_published": "2024-04-16T09:25:00+00:00", "description": "Jeszcze w tym tygodniu.", "language": null, "link": "https://epoznan.pl/news-news-149921-wiadomo_kiedy_rusza_odbiory_prac_na_starym_rynku_nie_jest_juz_placem_budowy?rss=1", "manual_status_code": 0, "page_rating": 100, "page_rating_contents": 100, "page_rating_visits": 0, "page_rating_votes": 0, "permanent": false, "source": "https://epoznan.pl/rss", "source_obj__id": 98, "status_code": 0, "tags": [], "thumbnail": null, "title": "Wiadomo, kiedy rusz\u0105 odbiory prac na Starym Rynku. Nie jest ju\u017c placem budowy!", "user": null, "vote": 0}, {"age": null, "album": "", "artist": null, "bookmarked": false, "comments": [], "date_published": "2024-04-16T08:40:00+00:00", "description": "W pierwszym przetargu nie uda\u0142o si\u0119 znale\u017a\u0107 kupca.", "language": null, "link": "https://epoznan.pl/news-news-149920-miasto_znowu_wystawilo_na_sprzedaz_teren_pod_bloki_i_uslugi_na_jezycach?rss=1", "manual_status_code": 0, "page_rating": 100, "page_rating_contents": 100, "page_rating_visits": 0, "page_rating_votes": 0, "permanent": false, "source": "https://epoznan.pl/rss", "source_obj__id": 98, "status_code": 0, "tags": [], "thumbnail": null, "title": "Miasto znowu wystawi\u0142o na sprzeda\u017c teren pod bloki i us\u0142ugi na Je\u017cycach", "user": null, "vote": 0}, {"age": null, "album": "", "artist": null, "bookmarked": false, "comments": [], "date_published": "2024-04-16T07:55:00+00:00", "description": "Dzia\u0142ali na terenie powiatu obornickiego, cho\u0107 mieszkali w innych rejonach kraju.", "language": null, "link": "https://epoznan.pl/news-news-149919-oszukiwali_metoda_na_policjanta_wpadli?rss=1", "manual_status_code": 0, "page_rating": 100, "page_rating_contents": 100, "page_rating_visits": 0, "page_rating_votes": 0, "permanent": false, "source": "https://epoznan.pl/rss", "source_obj__id": 98, "status_code": 0, "tags": [], "thumbnail": null, "title": "Oszukiwali metod\u0105 &quot;na policjanta&quot;. Wpadli", "user": null, "vote": 0}, {"age": null, "album": "", "artist": null, "bookmarked": false, "comments": [], "date_published": "2024-04-16T07:10:00+00:00", "description": "Do zwolnienia dosz\u0142o w pi\u0105tek.", "language": null, "link": "https://epoznan.pl/news-news-149917-ewa_zgrabczynska_zwolniona_dyscyplinarnie_z_pracy?rss=1", "manual_status_code": 0, "page_rating": 100, "page_rating_contents": 100, "page_rating_visits": 0, "page_rating_votes": 0, "permanent": false, "source": "https://epoznan.pl/rss", "source_obj__id": 98, "status_code": 0, "tags": [], "thumbnail": null, "title": "Ewa Zgrabczy\u0144ska zwolniona dyscyplinarnie z pracy", "user": null, "vote": 0}, {"age": null, "album": "", "artist": null, "bookmarked": false, "comments": [], "date_published": "2024-04-16T06:33:00+00:00", "description": "W rejonie Murowanej Go\u015bliny.", "language": null, "link": "https://epoznan.pl/news-news-149918-problem_z_przejazdami_kolejowymi_przez_awarie_pociagu_korki_wszyscy_stoja?rss=1", "manual_status_code": 0, "page_rating": 100, "page_rating_contents": 100, "page_rating_visits": 0, "page_rating_votes": 0, "permanent": false, "source": "https://epoznan.pl/rss", "source_obj__id": 98, "status_code": 0, "tags": [], "thumbnail": null, "title": "Problem z przejazdami kolejowymi przez awari\u0119 poci\u0105gu. Korki! &quot;Wszyscy stoj\u0105&quot;", "user": null, "vote": 0}, {"age": null, "album": "", "artist": null, "bookmarked": false, "comments": [], "date_published": "2024-04-16T06:10:00+00:00", "description": "Jednego z funkcjonariuszy zauwa\u017cy\u0142 nasz Czytelnik.", "language": null, "link": "https://epoznan.pl/news-news-149916-cbsp_na_poznanskiej_lacinie?rss=1", "manual_status_code": 0, "page_rating": 100, "page_rating_contents": 100, "page_rating_visits": 0, "page_rating_votes": 0, "permanent": false, "source": "https://epoznan.pl/rss", "source_obj__id": 98, "status_code": 0, "tags": [], "thumbnail": null, "title": "CB\u015aP na pozna\u0144skiej \u0141acinie", "user": null, "vote": 0}, {"age": null, "album": "", "artist": null, "bookmarked": false, "comments": [], "date_published": "2024-04-16T05:35:00+00:00", "description": "W powiecie ko\u015bcia\u0144skim.", "language": null, "link": "https://epoznan.pl/news-news-149915-14_zastepow_strazakow_gasilo_pozar_odpadow_w_firmie_recyklingowej?rss=1", "manual_status_code": 0, "page_rating": 100, "page_rating_contents": 100, "page_rating_visits": 0, "page_rating_votes": 0, "permanent": false, "source": "https://epoznan.pl/rss", "source_obj__id": 98, "status_code": 0, "tags": [], "thumbnail": null, "title": "14 zast\u0119p\u00f3w stra\u017cak\u00f3w gasi\u0142o po\u017car odpad\u00f3w w firmie recyklingowej", "user": null, "vote": 0}, {"age": null, "album": "", "artist": null, "bookmarked": false, "comments": [], "date_published": "2024-04-16T05:05:00+00:00", "description": "Grzmie\u0107 mo\u017ce te\u017c we wtorek, tak\u017ce w Poznaniu.", "language": null, "link": "https://epoznan.pl/news-news-149914-nocna_burza_nad_poznaniem_to_nie_koniec?rss=1", "manual_status_code": 0, "page_rating": 100, "page_rating_contents": 100, "page_rating_visits": 0, "page_rating_votes": 0, "permanent": false, "source": "https://epoznan.pl/rss", "source_obj__id": 98, "status_code": 0, "tags": [], "thumbnail": null, "title": "Nocna burza nad Poznaniem, to nie koniec!", "user": null, "vote": 0}]