[{"age": null, "album": "", "artist": null, "bookmarked": false, "comments": [], "date_published": "2024-04-16T13:55:40+00:00", "description": "", "language": "pl", "link": "https://deon.pl/swiat/co-robic-gdy-ukasi-cie-zmija-przyrodnik-tlumaczy-dlaczego-nie-nalezy-sie-poruszac,2794175", "manual_status_code": 0, "page_rating": 100, "page_rating_contents": 100, "page_rating_visits": 0, "page_rating_votes": 0, "permanent": false, "source": "https://deon.pl/rss", "source_obj__id": 83, "status_code": 0, "tags": [], "thumbnail": "https://static.deon.pl/storage/image/core_files/2024/4/16/7aa9a3045dcb2da977e7f289b5e958b0/jpg/deon/rss-thumbnail/Depositphotos_318485344_XL.jpg", "title": "Co robi\u0107, gdy uk\u0105si ci\u0119 \u017cmija? Przyrodnik t\u0142umaczy, dlaczego nie nale\u017cy si\u0119 porusza\u0107", "user": null, "vote": 0}, {"age": null, "album": "", "artist": null, "bookmarked": false, "comments": [], "date_published": "2024-04-16T13:20:08+00:00", "description": "", "language": "pl", "link": "https://deon.pl/kosciol/bp-przybylski-o-powolaniach-trzeba-myslec-szerzej-niz-tylko-w-kontekscie-rekrutacji-do-seminariow,2794457", "manual_status_code": 0, "page_rating": 100, "page_rating_contents": 100, "page_rating_visits": 0, "page_rating_votes": 0, "permanent": false, "source": "https://deon.pl/rss", "source_obj__id": 83, "status_code": 0, "tags": [], "thumbnail": "https://static.deon.pl/storage/image/core_files/2024/4/16/02be483ad890cc9e1e5b9ab21c561ec2/jpg/deon/rss-thumbnail/53657000192_ca2f709807_k.jpg", "title": "Bp Przybylski: O powo\u0142aniach trzeba my\u015ble\u0107 szerzej ni\u017c tylko w kontek\u015bcie rekrutacji do seminari\u00f3w", "user": null, "vote": 0}, {"age": null, "album": "", "artist": null, "bookmarked": false, "comments": [], "date_published": "2024-04-16T13:09:46+00:00", "description": "", "language": "pl", "link": "https://deon.pl/kosciol/ksiadz-spolsky-ta-grupa-na-facebooku-jest-tylko-dla-ksiezy,2794418", "manual_status_code": 0, "page_rating": 100, "page_rating_contents": 100, "page_rating_visits": 0, "page_rating_votes": 0, "permanent": false, "source": "https://deon.pl/rss", "source_obj__id": 83, "status_code": 0, "tags": [], "thumbnail": "https://static.deon.pl/storage/image/core_files/2024/4/16/610d0a41be88d7848b481c7a85d8f86d/jpg/deon/rss-thumbnail/Depositphotos_48051641_XL.jpg", "title": "\"Ksi\u0105dz Spolsky\". Ta grupa na Facebooku jest tylko dla ksi\u0119\u017cy", "user": null, "vote": 0}, {"age": null, "album": "", "artist": null, "bookmarked": false, "comments": [], "date_published": "2024-04-16T12:23:01+00:00", "description": "", "language": "pl", "link": "https://deon.pl/swiat/minister-zdrowia-o-niechcianej-ciazy-natychmiast-kupilabym-corce-tabletke,2794112", "manual_status_code": 0, "page_rating": 100, "page_rating_contents": 100, "page_rating_visits": 0, "page_rating_votes": 0, "permanent": false, "source": "https://deon.pl/rss", "source_obj__id": 83, "status_code": 0, "tags": [], "thumbnail": "https://static.deon.pl/storage/image/core_files/2024/4/16/aab257e6933272f8234522e374df1319/jpg/deon/rss-thumbnail/24415377.jpg", "title": "Minister zdrowia o niechcianej ci\u0105\u017cy: Natychmiast kupi\u0142abym c\u00f3rce tabletk\u0119", "user": null, "vote": 0}, {"age": null, "album": "", "artist": null, "bookmarked": false, "comments": [], "date_published": "2024-04-16T11:25:18+00:00", "description": "", "language": "pl", "link": "https://deon.pl/kosciol/komentarze/kosciol-co-w-polityke-sie-miesza,2794379", "manual_status_code": 0, "page_rating": 100, "page_rating_contents": 100, "page_rating_visits": 0, "page_rating_votes": 0, "permanent": false, "source": "https://deon.pl/rss", "source_obj__id": 83, "status_code": 0, "tags": [], "thumbnail": "https://static.deon.pl/storage/image/core_files/2024/4/16/a3556ed3d0975dab75deab1367163273/jpg/deon/rss-thumbnail/Depositphotos_288633144_XL.jpg", "title": "Ko\u015bci\u00f3\u0142, co w polityk\u0119 si\u0119 miesza", "user": null, "vote": 0}, {"age": null, "album": "", "artist": null, "bookmarked": false, "comments": [], "date_published": "2024-04-16T11:06:27+00:00", "description": "", "language": "pl", "link": "https://deon.pl/kosciol/polski-arcybiskup-nuncjuszem-apostolskim-papiez-wybral-poliglote,2794352", "manual_status_code": 0, "page_rating": 100, "page_rating_contents": 100, "page_rating_visits": 0, "page_rating_votes": 0, "permanent": false, "source": "https://deon.pl/rss", "source_obj__id": 83, "status_code": 0, "tags": [], "thumbnail": "https://static.deon.pl/storage/image/core_files/2024/4/16/b65f1ff997a514a476d74280d7baa9fd/jpg/deon/rss-thumbnail/epa11277910%20crop.jpg", "title": "Polski arcybiskup nuncjuszem apostolskim. Papie\u017c wybra\u0142 poliglot\u0119", "user": null, "vote": 0}, {"age": null, "album": "", "artist": null, "bookmarked": false, "comments": [], "date_published": "2024-04-16T10:04:52+00:00", "description": "", "language": "pl", "link": "https://deon.pl/swiat/prezydent-slowacji-odwiedza-polske-to-jej-wizyta-pozegnalna,2794091", "manual_status_code": 0, "page_rating": 100, "page_rating_contents": 100, "page_rating_visits": 0, "page_rating_votes": 0, "permanent": false, "source": "https://deon.pl/rss", "source_obj__id": 83, "status_code": 0, "tags": [], "thumbnail": "https://static.deon.pl/storage/image/core_files/2024/4/16/5277122d5d83091afa5f3e68c4144f7d/jpg/deon/rss-thumbnail/24416096.jpg", "title": "Prezydent S\u0142owacji odwiedza Polsk\u0119. To jej wizyta po\u017cegnalna", "user": null, "vote": 0}, {"age": null, "album": "", "artist": null, "bookmarked": false, "comments": [], "date_published": "2024-04-16T08:19:41+00:00", "description": "", "language": "pl", "link": "https://deon.pl/kosciol/okradli-kosciol-zeby-zarobic-na-zlomie-wyniesli-jeden-cenny-przedmiot,2794232", "manual_status_code": 0, "page_rating": 100, "page_rating_contents": 100, "page_rating_visits": 0, "page_rating_votes": 0, "permanent": false, "source": "https://deon.pl/rss", "source_obj__id": 83, "status_code": 0, "tags": [], "thumbnail": "https://static.deon.pl/storage/image/core_files/2024/4/16/e4b02c3736ffd5f3b76ea12411b4cf38/jpg/deon/rss-thumbnail/Depositphotos_675637442_XL.jpg", "title": "Okradli ko\u015bci\u00f3\u0142, \u017ceby zarobi\u0107 na z\u0142omie. Wynie\u015bli jeden cenny przedmiot", "user": null, "vote": 0}, {"age": null, "album": "", "artist": null, "bookmarked": false, "comments": [], "date_published": "2024-04-16T07:49:04+00:00", "description": "", "language": "pl", "link": "https://deon.pl/swiat/polska-powinna-wesprzec-izrael-w-konflikcie-z-iranem-tak-mowi-wiceminister-msz,2794028", "manual_status_code": 0, "page_rating": 100, "page_rating_contents": 100, "page_rating_visits": 0, "page_rating_votes": 0, "permanent": false, "source": "https://deon.pl/rss", "source_obj__id": 83, "status_code": 0, "tags": [], "thumbnail": "https://static.deon.pl/storage/image/core_files/2024/4/16/bf93dff98afc2d7c7c00138130cba79f/jpg/deon/rss-thumbnail/epa11280618.jpg", "title": "Polska powinna wesprze\u0107 Izrael w konflikcie z Iranem? Tak m\u00f3wi wiceminister MSZ", "user": null, "vote": 0}, {"age": null, "album": "", "artist": null, "bookmarked": false, "comments": [], "date_published": "2024-04-16T07:15:00+00:00", "description": "", "language": "pl", "link": "https://deon.pl/wiara/duchowosc/nie-wypadlismy-mu-z-rak-o-kosciele-w-polsce,2793920", "manual_status_code": 0, "page_rating": 100, "page_rating_contents": 100, "page_rating_visits": 0, "page_rating_votes": 0, "permanent": false, "source": "https://deon.pl/rss", "source_obj__id": 83, "status_code": 0, "tags": [], "thumbnail": "https://static.deon.pl/storage/image/core_files/2024/4/16/23d6331abb9a728b04357e45f96c81c7/jpg/deon/rss-thumbnail/Depositphotos_298565400_XL.jpg", "title": "Nie wypadli\u015bmy Mu z r\u0105k. O Ko\u015bciele w Polsce", "user": null, "vote": 0}, {"age": null, "album": "", "artist": null, "bookmarked": false, "comments": [], "date_published": "2024-04-16T06:19:46+00:00", "description": "", "language": "pl", "link": "https://deon.pl/kosciol/10-maja-poczatek-procesu-beatyfikacyjnego-heleny-kmiec-od-tej-pory-bedzie-nazywana-sluzebnica-boza,2793983", "manual_status_code": 0, "page_rating": 100, "page_rating_contents": 100, "page_rating_visits": 0, "page_rating_votes": 0, "permanent": false, "source": "https://deon.pl/rss", "source_obj__id": 83, "status_code": 0, "tags": [], "thumbnail": "https://static.deon.pl/storage/image/core_files/2024/4/16/2fad9bdf44a1e0ab9241cb3fa5a45d8e/JPG/deon/rss-thumbnail/asd.JPG", "title": "10 maja pocz\u0105tek procesu beatyfikacyjnego Heleny Kmie\u0107. Od tej pory b\u0119dzie nazywana S\u0142u\u017cebnic\u0105 Bo\u017c\u0105", "user": null, "vote": 0}, {"age": null, "album": "", "artist": null, "bookmarked": false, "comments": [], "date_published": "2024-04-16T06:01:38+00:00", "description": "", "language": "pl", "link": "https://deon.pl/wiara/kiedy-czujesz-ze-bog-o-tobie-nie-pamieta-pomoze-ci-ten-psalm-jest-stworzony-na-takie-chwile,2793353", "manual_status_code": 0, "page_rating": 100, "page_rating_contents": 100, "page_rating_visits": 0, "page_rating_votes": 0, "permanent": false, "source": "https://deon.pl/rss", "source_obj__id": 83, "status_code": 0, "tags": [], "thumbnail": "https://static.deon.pl/storage/image/core_files/2024/4/15/99da1bc8e84d516c72cb66496fe7d8a4/jpg/deon/rss-thumbnail/pat__-9VPtNW84vGI-unsplash%20(1).jpg", "title": "Kiedy czujesz, \u017ce B\u00f3g o Tobie nie pami\u0119ta, pomo\u017ce Ci ten psalm. Jest stworzony na takie chwile", "user": null, "vote": 0}, {"age": null, "album": "", "artist": null, "bookmarked": false, "comments": [], "date_published": "2024-04-16T06:00:00+00:00", "description": "", "language": "pl", "link": "https://deon.pl/podcast-dialogi-w-polowie-drogi/nie-wypadlismy-mu-z-rak--o-kosciele-w-polsce--podcast-dialogi-w-polowie-drogi---odc-ii33-51,2793890", "manual_status_code": 0, "page_rating": 100, "page_rating_contents": 100, "page_rating_visits": 0, "page_rating_votes": 0, "permanent": false, "source": "https://deon.pl/rss", "source_obj__id": 83, "status_code": 0, "tags": [], "thumbnail": "https://static.deon.pl/storage/image/core_files/2023/10/17/01bf4f7335e527e6fa6e9ac795f53f10/png/deon/rss-thumbnail/\u0434\u0438\u0430\u043b\u043e\u0433-10-\u043a\u0432\u0430\u0434\u0440\u0430\u0442.png", "title": "Nie wypadli\u015bmy Mu z r\u0105k \u2013 o Ko\u015bciele w Polsce | Podcast Dialogi w po\u0142owie drogi - odc. II/33 (51)", "user": null, "vote": 0}, {"age": null, "album": "", "artist": null, "bookmarked": false, "comments": [], "date_published": "2024-04-16T05:10:36+00:00", "description": "", "language": "pl", "link": "https://deon.pl/wiara/mozemy-tworzyc-wiezi-albo-siec-uwiklan-to-od-nas-zalezy-co-wybieramy,2793950", "manual_status_code": 0, "page_rating": 100, "page_rating_contents": 100, "page_rating_visits": 0, "page_rating_votes": 0, "permanent": false, "source": "https://deon.pl/rss", "source_obj__id": 83, "status_code": 0, "tags": [], "thumbnail": "https://static.deon.pl/storage/image/core_files/2024/4/16/2a4d5ea3c4152bcff89c999e73176376/jpg/deon/rss-thumbnail/roman-akhmerov-Js6Hwobewi8-unsplash%20crop.jpg", "title": "Mo\u017cemy tworzy\u0107 wi\u0119zi albo sie\u0107 uwik\u0142a\u0144. To od nas zale\u017cy, co wybieramy", "user": null, "vote": 0}]