[{"age": null, "album": "", "artist": null, "bookmarked": false, "comments": [], "date_published": "2024-04-16T22:50:00+00:00", "description": "Tajlandia opracowa\u0142a plan wsp\u00f3lnego programu wizowego, kt\u00f3ry mia\u0142by obj\u0105\u0107 opr\u00f3cz niej, tak\u017ce Birm\u0119, Kambod\u017c\u0119, Laos, Malezj\u0119 i Wietnam.", "language": "pl-PL", "link": "https://turystyka.rp.pl/zanim-wyjedziesz/art40177551-szesc-krajow-i-tylko-jedna-wiza-czy-powstanie-azjatycka-strefa-schengen", "manual_status_code": 0, "page_rating": 100, "page_rating_contents": 100, "page_rating_visits": 0, "page_rating_votes": 0, "permanent": false, "source": "https://turystyka.rp.pl/rss/3351-turystyka", "source_obj__id": 373, "status_code": 0, "tags": [], "thumbnail": null, "title": "Sze\u015b\u0107 kraj\u00f3w i tylko jedna wiza? Czy powstanie azjatycka strefa Schengen?", "user": null, "vote": 0}, {"age": null, "album": "", "artist": null, "bookmarked": false, "comments": [], "date_published": "2024-04-16T13:21:37+00:00", "description": "Biuro podr\u00f3\u017cy Exim Tours wprowadzi\u0142o nowy kierunek do oferty - Polinezj\u0119 Francusk\u0105.", "language": "pl-PL", "link": "https://turystyka.rp.pl/biura-podrozy/art40178691-z-eximem-na-tahiti-i-bora-bora-nowosc-w-ofercie-touroperatora", "manual_status_code": 0, "page_rating": 100, "page_rating_contents": 100, "page_rating_visits": 0, "page_rating_votes": 0, "permanent": false, "source": "https://turystyka.rp.pl/rss/3351-turystyka", "source_obj__id": 373, "status_code": 0, "tags": [], "thumbnail": null, "title": "Z Eximem na Tahiti i Bora Bora \u2013 nowo\u015b\u0107 w ofercie touroperatora", "user": null, "vote": 0}, {"age": null, "album": "", "artist": null, "bookmarked": false, "comments": [], "date_published": "2024-04-16T11:33:33+00:00", "description": "Nie milknie sp\u00f3r mi\u0119dzy najwi\u0119kszym polskim touroperatorem, Itak\u0105, a najwi\u0119kszym w kraju agentem turystycznym, sieci\u0105 Wakacje.pl. Chodzi o przebieg trwaj\u0105cego od dw\u00f3ch lat, ale wci\u0105\u017c niezako\u0144czonego, procesu integrowania system\u00f3w rezerwacyjnych obu firm. Otrzymali\u015bmy nowe stanowiska obu firm.", "language": "pl-PL", "link": "https://turystyka.rp.pl/biura-podrozy/art40177711-spor-itaki-z-wakacje-pl-kiedy-integracja-systemow-rezerwacyjnych", "manual_status_code": 0, "page_rating": 100, "page_rating_contents": 100, "page_rating_visits": 0, "page_rating_votes": 0, "permanent": false, "source": "https://turystyka.rp.pl/rss/3351-turystyka", "source_obj__id": 373, "status_code": 0, "tags": [], "thumbnail": null, "title": "Sp\u00f3r Itaki z Wakacje.pl: Kiedy integracja system\u00f3w rezerwacyjnych?", "user": null, "vote": 0}, {"age": null, "album": "", "artist": null, "bookmarked": false, "comments": [], "date_published": "2024-04-16T09:10:02+00:00", "description": "Marcowe wyniki hoteli s\u0105 podobne do lutowych i wci\u0105\u017c s\u0142absze w por\u00f3wnaniu z ubieg\u0142ym rokiem. Wielkanoc by\u0142a udana, r\u00f3wnie dobrze zapowiada si\u0119 maj\u00f3wka - pisze IGHP w podsumowaniu comiesi\u0119cznej ankiety.", "language": "pl-PL", "link": "https://turystyka.rp.pl/hotele/art40177051-hotelarze-zapowiada-sie-dobra-majowka-uklad-kalendarza-nam-sprzyja", "manual_status_code": 0, "page_rating": 100, "page_rating_contents": 100, "page_rating_visits": 0, "page_rating_votes": 0, "permanent": false, "source": "https://turystyka.rp.pl/rss/3351-turystyka", "source_obj__id": 373, "status_code": 0, "tags": [], "thumbnail": null, "title": "Hotelarze: Zapowiada si\u0119 dobra maj\u00f3wka. Uk\u0142ad kalendarza nam sprzyja", "user": null, "vote": 0}, {"age": null, "album": "", "artist": null, "bookmarked": false, "comments": [], "date_published": "2024-04-16T07:28:41+00:00", "description": "Prawie co pi\u0105ty turysta nocuj\u0105cy w obiektach noclegowych w Polsce w zesz\u0142ym roku by\u0142 obcokrajowcem. Najch\u0119tniej odwiedzali Polsk\u0119 Niemcy, Ukrai\u0144cy i Brytyjczycy, ale najszybciej przybywa\u0142o Czech\u00f3w - pokazuj\u0105 statystyki GUS.", "language": "pl-PL", "link": "https://turystyka.rp.pl/nowe-trendy/art40176381-co-piaty-turysta-przyjechal-do-polski-z-zagranicy-najwiecej-z-niemiec", "manual_status_code": 0, "page_rating": 100, "page_rating_contents": 100, "page_rating_visits": 0, "page_rating_votes": 0, "permanent": false, "source": "https://turystyka.rp.pl/rss/3351-turystyka", "source_obj__id": 373, "status_code": 0, "tags": [], "thumbnail": null, "title": "Co pi\u0105ty turysta przyjecha\u0142 do Polski z zagranicy. Najwi\u0119cej z Niemiec", "user": null, "vote": 0}, {"age": null, "album": "", "artist": null, "bookmarked": false, "comments": [], "date_published": "2024-04-16T06:22:44+00:00", "description": "W ubieg\u0142ym roku liczba pasa\u017cer\u00f3w statk\u00f3w wycieczkowych wynios\u0142a 31,7 miliona, przewy\u017cszaj\u0105c o prawie 7 procent wynik z 2019 roku - g\u0142osi raport Mi\u0119dzynarodowego Stowarzyszenia Organizator\u00f3w Rejs\u00f3w Wycieczkowych (CLIA).", "language": "pl-PL", "link": "https://turystyka.rp.pl/promy-i-statki/art40175511-rejsy-rosna-szybciej-niz-inne-formy-turystyki-jest-lepiej-niz-przed-pandemia", "manual_status_code": 0, "page_rating": 100, "page_rating_contents": 100, "page_rating_visits": 0, "page_rating_votes": 0, "permanent": false, "source": "https://turystyka.rp.pl/rss/3351-turystyka", "source_obj__id": 373, "status_code": 0, "tags": [], "thumbnail": null, "title": "Rejsy rosn\u0105 szybciej ni\u017c inne formy turystyki. Jest lepiej ni\u017c przed pandemi\u0105", "user": null, "vote": 0}]