[{"age": null, "album": "", "artist": null, "bookmarked": false, "comments": [], "date_published": "2024-04-16T20:51:12+00:00", "description": "<p><a href=\"https://wydarzenia.interia.pl/zagranica/news-spotkanie-duda-trump-jest-reakcja-bialego-domu,nId,7455262\"><img align=\"left\" alt=\"Spotkanie Duda-Trump. Jest reakcja Bia\u0142ego Domu\" src=\"https://i.iplsc.com/spotkanie-duda-trump-jest-reakcja-bialego-domu/000IYTTK0YWK7AR4-C321.jpg\" /></a>- Od lat w okresie wyborczym w USA zagraniczne rz\u0105dy nawi\u0105zywa\u0142y kontakty z kandydatami g\u0142\u00f3wnych partii, podobnie jak ameryka\u0144scy dyplomaci i przyw\u00f3dcy cz\u0119sto nawi\u0105zuj\u0105 kontakt z przyw\u00f3dcami zagranicznej opozycji - powiedzia\u0142 we wtorek rzecznik Departamentu Stanu Matthew Miller. W taki spos\u00f3b skomentowa\u0142 on informacje o mo\u017cliwym spotkaniu prezydenta Andrzeja Dudy z Donaldem Trumpem, o kt\u00f3rym m\u00f3wi\u0142 polski prezydent tu\u017c przed wylotem do USA.</p><br clear=\"all\" />", "language": "pl-PL", "link": "https://wydarzenia.interia.pl/zagranica/news-spotkanie-duda-trump-jest-reakcja-bialego-domu,nId,7455262", "manual_status_code": 0, "page_rating": 100, "page_rating_contents": 100, "page_rating_visits": 0, "page_rating_votes": 0, "permanent": false, "source": "https://wydarzenia.interia.pl/swiat/feed", "source_obj__id": 402, "status_code": 0, "tags": [], "thumbnail": null, "title": "Spotkanie Duda-Trump. Jest reakcja Bia\u0142ego Domu", "user": null, "vote": 0}, {"age": null, "album": "", "artist": null, "bookmarked": false, "comments": [], "date_published": "2024-04-16T20:03:01+00:00", "description": "<p><a href=\"https://wydarzenia.interia.pl/zagranica/news-goraco-w-stolicy-gruzji-sily-specjalne-rozpedzaja-demonstran,nId,7455249\"><img align=\"left\" alt=\"Gor\u0105co w stolicy Gruzji. Si\u0142y specjalne rozp\u0119dzaj\u0105 demonstrant\u00f3w\" src=\"https://i.iplsc.com/goraco-w-stolicy-gruzji-sily-specjalne-rozpedzaja-demonstran/000IYTN3IC5QA767-C321.jpg\" /></a>Mieszka\u0144cy stolicy Gruzji drugi dzie\u0144 z rz\u0119du protestuj\u0105 wobec projektu ustawy o &quot;zagranicznych agentach&quot;. Podczas wtorkowej manifestacji si\u0142y specjalne pr\u00f3bowa\u0142y odepchn\u0105\u0107 t\u0142um, zgromadzony przy wej\u015bciu do parlamentu. U\u017cyto gazu \u0142zawi\u0105cego. Dzie\u0144 wcze\u015bniej w Tibilisi zatrzymano 14 os\u00f3b.</p><br clear=\"all\" />", "language": "pl-PL", "link": "https://wydarzenia.interia.pl/zagranica/news-goraco-w-stolicy-gruzji-sily-specjalne-rozpedzaja-demonstran,nId,7455249", "manual_status_code": 0, "page_rating": 100, "page_rating_contents": 100, "page_rating_visits": 0, "page_rating_votes": 0, "permanent": false, "source": "https://wydarzenia.interia.pl/swiat/feed", "source_obj__id": 402, "status_code": 0, "tags": [], "thumbnail": null, "title": "Gor\u0105co w stolicy Gruzji. Si\u0142y specjalne rozp\u0119dzaj\u0105 demonstrant\u00f3w", "user": null, "vote": 0}, {"age": null, "album": "", "artist": null, "bookmarked": false, "comments": [], "date_published": "2024-04-16T18:46:05+00:00", "description": "<p><a href=\"https://wydarzenia.interia.pl/zagranica/news-alarm-energetyczny-w-niemieckim-miescie-zagrozenie-blackoute,nId,7455220\"><img align=\"left\" alt=\"Alarm energetyczny w niemieckim mie\u015bcie. Zagro\u017cenie blackoutem\" src=\"https://i.iplsc.com/alarm-energetyczny-w-niemieckim-miescie-zagrozenie-blackoute/000EOE5XPVAQU42U-C321.jpg\" /></a>Alarm energetyczny w niemieckim mie\u015bcie. Mowa o Oranienburgu zamieszkiwanym przez oko\u0142o 50 tys. os\u00f3b, kt\u00f3remu grozi blackout. Jak informuj\u0105 w\u0142adze miasta, &quot;w sieci elektroenergetycznej wysokiego napi\u0119cia nie ma ju\u017c wystarczaj\u0105cej mocy, aby zasili\u0107 dodatkowe gospodarstwa domowe czy przedsi\u0119biorstwa&quot;.</p><br clear=\"all\" />", "language": "pl-PL", "link": "https://wydarzenia.interia.pl/zagranica/news-alarm-energetyczny-w-niemieckim-miescie-zagrozenie-blackoute,nId,7455220", "manual_status_code": 0, "page_rating": 100, "page_rating_contents": 100, "page_rating_visits": 0, "page_rating_votes": 0, "permanent": false, "source": "https://wydarzenia.interia.pl/swiat/feed", "source_obj__id": 402, "status_code": 0, "tags": [], "thumbnail": null, "title": "Alarm energetyczny w niemieckim mie\u015bcie. Zagro\u017cenie blackoutem", "user": null, "vote": 0}, {"age": null, "album": "", "artist": null, "bookmarked": false, "comments": [], "date_published": "2024-04-16T18:35:19+00:00", "description": "<p><a href=\"https://wydarzenia.interia.pl/zagranica/news-wiceadmiral-z-nato-ostrzega-miliard-osob-w-niebezpieczenstwi,nId,7455214\"><img align=\"left\" alt=\"Wiceadmira\u0142 z NATO ostrzega. Miliard os\u00f3b w niebezpiecze\u0144stwie\" src=\"https://i.iplsc.com/wiceadmiral-z-nato-ostrzega-miliard-osob-w-niebezpieczenstwi/000HRSA4DQJJ2O85-C321.jpg\" /></a>Podwodna infrastruktura to s\u0142aby punkt pa\u0144stw nale\u017c\u0105cych do NATO - stwierdzi\u0142 wiceadmira\u0142 Didier Maleterre, jeden z odpowiedzialnych za marynark\u0119 wojenn\u0105 Sojuszu. Jego zdaniem Rosja mo\u017ce hybrydowo uderzy\u0107 w\u0142a\u015bnie w kable czy rury po\u0142o\u017cone na dnie morza i rozchwia\u0107 w ten spos\u00f3b europejsk\u0105 gospodark\u0119. Jak wyliczy\u0142, zagro\u017cone by\u0142oby w\u00f3wczas bezpiecze\u0144stwo prawie miliarda os\u00f3b.</p><br clear=\"all\" />", "language": "pl-PL", "link": "https://wydarzenia.interia.pl/zagranica/news-wiceadmiral-z-nato-ostrzega-miliard-osob-w-niebezpieczenstwi,nId,7455214", "manual_status_code": 0, "page_rating": 100, "page_rating_contents": 100, "page_rating_visits": 0, "page_rating_votes": 0, "permanent": false, "source": "https://wydarzenia.interia.pl/swiat/feed", "source_obj__id": 402, "status_code": 0, "tags": [], "thumbnail": null, "title": "Wiceadmira\u0142 z NATO ostrzega. Miliard os\u00f3b w niebezpiecze\u0144stwie", "user": null, "vote": 0}, {"age": null, "album": "", "artist": null, "bookmarked": false, "comments": [], "date_published": "2024-04-16T17:23:58+00:00", "description": "<p><a href=\"https://wydarzenia.interia.pl/zagranica/news-brukselska-konferencja-prawicy-przerwana-niezgodne-z-konstyt,nId,7455171\"><img align=\"left\" alt=\"Brukselska konferencja prawicy przerwana. &quot;Niezgodne z konstytucj\u0105&quot;\" src=\"https://i.iplsc.com/brukselska-konferencja-prawicy-przerwana-niezgodne-z-konstyt/000IYTBKLUI1JQ1W-C321.jpg\" /></a>Lokalne w\u0142adze Brukseli przerwa\u0142y konferencj\u0119 NatCon (National Conservatism Conference) z udzia\u0142em narodowo-konserwatywnych polityk\u00f3w i my\u015blicieli z ca\u0142ego \u015bwiata. W\u015br\u00f3d nich znale\u017ali si\u0119 m.in. Mateusz Morawiecki oraz Ryszard Legutko. &quot;Zakaz spotka\u0144 politycznych jest niezgodny z konstytucj\u0105. Kropka&quot; - napisa\u0142 belgijski premier. Na wydarzenia zareagowa\u0142 tak\u017ce rzecznik brytyjskiego premiera. </p><br clear=\"all\" />", "language": "pl-PL", "link": "https://wydarzenia.interia.pl/zagranica/news-brukselska-konferencja-prawicy-przerwana-niezgodne-z-konstyt,nId,7455171", "manual_status_code": 0, "page_rating": 100, "page_rating_contents": 100, "page_rating_visits": 0, "page_rating_votes": 0, "permanent": false, "source": "https://wydarzenia.interia.pl/swiat/feed", "source_obj__id": 402, "status_code": 0, "tags": [], "thumbnail": null, "title": "Brukselska konferencja prawicy przerwana. \"Niezgodne z konstytucj\u0105\"", "user": null, "vote": 0}, {"age": null, "album": "", "artist": null, "bookmarked": false, "comments": [], "date_published": "2024-04-16T17:20:53+00:00", "description": "<p><a href=\"https://wydarzenia.interia.pl/zagranica/news-hakerzy-wykradli-poufne-dane-hiszpanskich-sluzb-maja-zadania,nId,7455189\"><img align=\"left\" alt=\"Hakerzy wykradli poufne dane hiszpa\u0144skich s\u0142u\u017cb. Maj\u0105 \u017c\u0105dania\" src=\"https://i.iplsc.com/hakerzy-wykradli-poufne-dane-hiszpanskich-sluzb-maja-zadania/000IYTBJTREQH8PU-C321.jpg\" /></a>Grupa haker\u00f3w wykrad\u0142a poufne dane tysi\u0119cy hiszpa\u0144skich \u017co\u0142nierzy i \u017candarmerii. W\u0142amali si\u0119 oni do system\u00f3w informatycznych firmy medycznej, kt\u00f3ra wsp\u00f3\u0142pracuj\u0105ce z Ministerstwem Obrony Hiszpanii. Teraz s\u0142u\u017cby prowadz\u0105 negocjacje z przest\u0119pcami. </p><br clear=\"all\" />", "language": "pl-PL", "link": "https://wydarzenia.interia.pl/zagranica/news-hakerzy-wykradli-poufne-dane-hiszpanskich-sluzb-maja-zadania,nId,7455189", "manual_status_code": 0, "page_rating": 100, "page_rating_contents": 100, "page_rating_visits": 0, "page_rating_votes": 0, "permanent": false, "source": "https://wydarzenia.interia.pl/swiat/feed", "source_obj__id": 402, "status_code": 0, "tags": [], "thumbnail": null, "title": "Hakerzy wykradli poufne dane hiszpa\u0144skich s\u0142u\u017cb. Maj\u0105 \u017c\u0105dania", "user": null, "vote": 0}, {"age": null, "album": "", "artist": null, "bookmarked": false, "comments": [], "date_published": "2024-04-16T16:32:44+00:00", "description": "<p><a href=\"https://wydarzenia.interia.pl/raport-wojna-w-izraelu/news-izrael-chwali-sie-sukcesem-wazny-dowodca-hezbollahu-wyelimin,nId,7455003\"><img align=\"left\" alt=\"Izrael chwali si\u0119 sukcesem. Wa\u017cny dow\u00f3dca Hezbollahu wyeliminowany\" src=\"https://i.iplsc.com/izrael-chwali-sie-sukcesem-wazny-dowodca-hezbollahu-wyelimin/000IY7YGS59WTCBH-C321.jpg\" /></a>Si\u0142y Obrony Izraela (IDF) dokona\u0142y we wtorek ataku na pozycje zajmowane przez Hezbollah w Libanie. Okazuje si\u0119, \u017ce w nalocie wyeliminowano Ismaila Jusefa Baza - dow\u00f3dc\u0119 sektora przygranicznego radykalnych szyit\u00f3w. </p><br clear=\"all\" />", "language": "pl-PL", "link": "https://wydarzenia.interia.pl/raport-wojna-w-izraelu/news-izrael-chwali-sie-sukcesem-wazny-dowodca-hezbollahu-wyelimin,nId,7455003", "manual_status_code": 0, "page_rating": 100, "page_rating_contents": 100, "page_rating_visits": 0, "page_rating_votes": 0, "permanent": false, "source": "https://wydarzenia.interia.pl/swiat/feed", "source_obj__id": 402, "status_code": 0, "tags": [], "thumbnail": null, "title": "Izrael chwali si\u0119 sukcesem. Wa\u017cny dow\u00f3dca Hezbollahu wyeliminowany", "user": null, "vote": 0}, {"age": null, "album": "", "artist": null, "bookmarked": false, "comments": [], "date_published": "2024-04-16T15:15:31+00:00", "description": "<p><a href=\"https://wydarzenia.interia.pl/raport-wojna-w-izraelu/news-putin-o-katastrofalnych-konsekwencjach-rozmawial-z-iranskim-,nId,7454979\"><img align=\"left\" alt=\"Putin o katastrofalnych konsekwencjach. Rozmawia\u0142 z ira\u0144skim przyw\u00f3dc\u0105\" src=\"https://i.iplsc.com/putin-o-katastrofalnych-konsekwencjach-rozmawial-z-iranskim/000GOH87OEXJWWUI-C321.jpg\" /></a>W\u0142adimir Putin wezwa\u0142 wszystkie strony konfliktu na Bliskim Wschodzie do powstrzymania si\u0119 od dzia\u0142a\u0144, kt\u00f3re mog\u0142yby wywo\u0142a\u0107 now\u0105 konfrontacj\u0119. Jak stwierdzi\u0142, by\u0142aby ona obarczona &quot;katastrofalnymi konsekwencjami&quot; dla regionu. Podczas rozmowy z ira\u0144skim prezydentem obaj przyw\u00f3dcy doszli do wniosku, \u017ce &quot;podstawow\u0105 przyczyn\u0105 obecnych wydarze\u0144 na Bliskim Wschodzie jest nierozwi\u0105zany konflikt palesty\u0144sko-izraelski&quot;.</p><br clear=\"all\" />", "language": "pl-PL", "link": "https://wydarzenia.interia.pl/raport-wojna-w-izraelu/news-putin-o-katastrofalnych-konsekwencjach-rozmawial-z-iranskim-,nId,7454979", "manual_status_code": 0, "page_rating": 100, "page_rating_contents": 100, "page_rating_visits": 0, "page_rating_votes": 0, "permanent": false, "source": "https://wydarzenia.interia.pl/swiat/feed", "source_obj__id": 402, "status_code": 0, "tags": [], "thumbnail": null, "title": "Putin o katastrofalnych konsekwencjach. Rozmawia\u0142 z ira\u0144skim przyw\u00f3dc\u0105", "user": null, "vote": 0}, {"age": null, "album": "", "artist": null, "bookmarked": false, "comments": [], "date_published": "2024-04-16T15:10:26+00:00", "description": "<p><a href=\"https://wydarzenia.interia.pl/zagranica/news-aresztowano-dwoch-nastolatkow-chodzi-o-zabojstwo-polaka-w-sz,nId,7454981\"><img align=\"left\" alt=\"Aresztowano dw\u00f3ch nastolatk\u00f3w. Chodzi o zab\u00f3jstwo Polaka w Szwecji\" src=\"https://i.iplsc.com/aresztowano-dwoch-nastolatkow-chodzi-o-zabojstwo-polaka-w-sz/000IXUBEVBUFIC6S-C321.jpg\" /></a>Aresztowano dw\u00f3ch nastolatk\u00f3w w zwi\u0105zku z zab\u00f3jstwem 39-letniego Polaka w Szwecji. Prokuratura zarzuca im ukrywanie osoby, kt\u00f3ra odda\u0142a strza\u0142 z broni palnej. Podejrzewani s\u0105 o to, \u017ce &quot;byli w grupie 3-4 os\u00f3b&quot;, kt\u00f3r\u0105 spotka\u0142 m\u0119\u017cczyzna.</p><br clear=\"all\" />", "language": "pl-PL", "link": "https://wydarzenia.interia.pl/zagranica/news-aresztowano-dwoch-nastolatkow-chodzi-o-zabojstwo-polaka-w-sz,nId,7454981", "manual_status_code": 0, "page_rating": 100, "page_rating_contents": 100, "page_rating_visits": 0, "page_rating_votes": 0, "permanent": false, "source": "https://wydarzenia.interia.pl/swiat/feed", "source_obj__id": 402, "status_code": 0, "tags": [], "thumbnail": null, "title": "Aresztowano dw\u00f3ch nastolatk\u00f3w. Chodzi o zab\u00f3jstwo Polaka w Szwecji", "user": null, "vote": 0}, {"age": null, "album": "", "artist": null, "bookmarked": false, "comments": [], "date_published": "2024-04-16T14:36:24+00:00", "description": "<p><a href=\"https://wydarzenia.interia.pl/zagranica/news-rosyjski-samolot-nad-baltykiem-nadano-kod-7700,nId,7454949\"><img align=\"left\" alt=\"Rosyjski samolot nad Ba\u0142tykiem. Nadano kod 7700\" src=\"https://i.iplsc.com/rosyjski-samolot-nad-baltykiem-nadano-kod-7700/000IYSESPCKUMIQ6-C321.jpg\" /></a>Niebezpieczna sytuacja nad Ba\u0142tykiem. Rosyjski samolot nale\u017c\u0105cy do Aeroflotu, lec\u0105cy z Kr\u00f3lewca do Moskwy nada\u0142 na wysoko\u015bci Estonii kod 7700, nast\u0119pnie maszyna znacznie obni\u017cy\u0142a lot. Przed godz. 15 Airbus A321-211 wyl\u0105dowa\u0142 w Petersburgu.\n</p><br clear=\"all\" />", "language": "pl-PL", "link": "https://wydarzenia.interia.pl/zagranica/news-rosyjski-samolot-nad-baltykiem-nadano-kod-7700,nId,7454949", "manual_status_code": 0, "page_rating": 100, "page_rating_contents": 100, "page_rating_visits": 0, "page_rating_votes": 0, "permanent": false, "source": "https://wydarzenia.interia.pl/swiat/feed", "source_obj__id": 402, "status_code": 0, "tags": [], "thumbnail": null, "title": "Rosyjski samolot nad Ba\u0142tykiem. Nadano kod 7700", "user": null, "vote": 0}, {"age": null, "album": "", "artist": null, "bookmarked": false, "comments": [], "date_published": "2024-04-16T14:00:03+00:00", "description": "<p><a href=\"https://wydarzenia.interia.pl/raport-ukraina-rosja/news-decyzja-zelenskiego-ws-mobilizacji-nowe-zasady-dotyczace-pob,nId,7454931\"><img align=\"left\" alt=\"Decyzja Ze\u0142enskiego ws. mobilizacji. Nowe zasady dotycz\u0105ce poborowych\" src=\"https://i.iplsc.com/decyzja-zelenskiego-ws-mobilizacji-nowe-zasady-dotyczace-pob/000IEK9462RO6UQ3-C321.jpg\" /></a>Wo\u0142odymyr Ze\u0142enski podpisa\u0142 now\u0105 ustaw\u0119 o mobilizacji - przekazuje agencja Reutera, powo\u0142uj\u0105c si\u0119 na komunikat na stronie internetowej parlamentu. Zmiany dotycz\u0105 m.in. podniesienia wynagrodzenia dla ochotnik\u00f3w. Dwa tygodnie temu ukrai\u0144ski prezydent podpisa\u0142 z kolei ustaw\u0119 obni\u017caj\u0105c\u0105 wiek os\u00f3b podlegaj\u0105cych mobilizacji z 27 do 25 lat.</p><br clear=\"all\" />", "language": "pl-PL", "link": "https://wydarzenia.interia.pl/raport-ukraina-rosja/news-decyzja-zelenskiego-ws-mobilizacji-nowe-zasady-dotyczace-pob,nId,7454931", "manual_status_code": 0, "page_rating": 100, "page_rating_contents": 100, "page_rating_visits": 0, "page_rating_votes": 0, "permanent": false, "source": "https://wydarzenia.interia.pl/swiat/feed", "source_obj__id": 402, "status_code": 0, "tags": [], "thumbnail": null, "title": "Decyzja Ze\u0142enskiego ws. mobilizacji. Nowe zasady dotycz\u0105ce poborowych", "user": null, "vote": 0}, {"age": null, "album": "", "artist": null, "bookmarked": false, "comments": [], "date_published": "2024-04-16T13:10:03+00:00", "description": "<p><a href=\"https://wydarzenia.interia.pl/zagranica/news-skandal-w-brukseli-policja-przerwala-konferencje-prawicy,nId,7454896\"><img align=\"left\" alt=\"Skandal w Brukseli. Policja przerwa\u0142a konferencj\u0119 prawicy \" src=\"https://i.iplsc.com/skandal-w-brukseli-policja-przerwala-konferencje-prawicy/000IYRBRE7ULHMPP-C321.jpg\" /></a>Policja wkroczy\u0142a na mi\u0119dzynarodow\u0105 konferencj\u0119 prawicy, kt\u00f3ra odbywa si\u0119 w Brukseli. Bior\u0105 w niej udzia\u0142 tak\u017ce czo\u0142owi polscy politycy PiS m.in. by\u0142y premier Mateusz Morawiecki i europos\u0142owie prof. Ryszard Legutko i Jacek Saryusz-Wolski. </p><br clear=\"all\" />", "language": "pl-PL", "link": "https://wydarzenia.interia.pl/zagranica/news-skandal-w-brukseli-policja-przerwala-konferencje-prawicy,nId,7454896", "manual_status_code": 0, "page_rating": 100, "page_rating_contents": 100, "page_rating_visits": 0, "page_rating_votes": 0, "permanent": false, "source": "https://wydarzenia.interia.pl/swiat/feed", "source_obj__id": 402, "status_code": 0, "tags": [], "thumbnail": null, "title": "Skandal w Brukseli. Policja przerwa\u0142a konferencj\u0119 prawicy", "user": null, "vote": 0}, {"age": null, "album": "", "artist": null, "bookmarked": false, "comments": [], "date_published": "2024-04-16T12:34:15+00:00", "description": "<p><a href=\"https://wydarzenia.interia.pl/zagranica/news-cudem-przezyli-katastrofe-samolotu-pilot-i-jego-pies-uratowa,nId,7454826\"><img align=\"left\" alt=\"Cudem prze\u017cyli katastrof\u0119 samolotu. Pilot i jego pies uratowali si\u0119 sami\" src=\"https://i.iplsc.com/cudem-przezyli-katastrofe-samolotu-pilot-i-jego-pies-uratowa/000IYQT25FTUUOT3-C321.jpg\" /></a>Ma\u0142y, jednosilnikowy samolot rozbi\u0142 si\u0119 u wybrze\u017cy Kalifornii w USA. Na jego pok\u0142adzie, opr\u00f3cz pilota, znajdowa\u0142 si\u0119 szczeniak. Okaza\u0142o si\u0119, \u017ce prze\u017cyli katastrof\u0119, a co wi\u0119cej sami wydostali si\u0119 z wody, zanim dotarli do nich ratownicy. </p><br clear=\"all\" />", "language": "pl-PL", "link": "https://wydarzenia.interia.pl/zagranica/news-cudem-przezyli-katastrofe-samolotu-pilot-i-jego-pies-uratowa,nId,7454826", "manual_status_code": 0, "page_rating": 100, "page_rating_contents": 100, "page_rating_visits": 0, "page_rating_votes": 0, "permanent": false, "source": "https://wydarzenia.interia.pl/swiat/feed", "source_obj__id": 402, "status_code": 0, "tags": [], "thumbnail": null, "title": "Cudem prze\u017cyli katastrof\u0119 samolotu. Pilot i jego pies uratowali si\u0119 sami", "user": null, "vote": 0}, {"age": null, "album": "", "artist": null, "bookmarked": false, "comments": [], "date_published": "2024-04-16T12:34:15+00:00", "description": "<p><a href=\"https://wydarzenia.interia.pl/zagranica/news-przezyli-katastrofe-samolotu-pilot-z-nietypowym-pasazerem,nId,7454826\"><img align=\"left\" alt=\"Prze\u017cyli katastrof\u0119 samolotu. Pilot z nietypowym &quot;pasa\u017cerem&quot;\" src=\"https://i.iplsc.com/przezyli-katastrofe-samolotu-pilot-z-nietypowym-pasazerem/000IYQT25FTUUOT3-C321.jpg\" /></a>Ma\u0142y, jednosilnikowy samolot rozbi\u0142 si\u0119 u wybrze\u017cy Kalifornii w USA. Na jego pok\u0142adzie, opr\u00f3cz pilota, znajdowa\u0142 si\u0119 szczeniak. Okaza\u0142o si\u0119, \u017ce prze\u017cyli katastrof\u0119, a co wi\u0119cej sami wydostali si\u0119 z wody, zanim dotarli do nich ratownicy. </p><br clear=\"all\" />", "language": "pl-PL", "link": "https://wydarzenia.interia.pl/zagranica/news-przezyli-katastrofe-samolotu-pilot-z-nietypowym-pasazerem,nId,7454826", "manual_status_code": 0, "page_rating": 100, "page_rating_contents": 100, "page_rating_visits": 0, "page_rating_votes": 0, "permanent": false, "source": "https://wydarzenia.interia.pl/swiat/feed", "source_obj__id": 402, "status_code": 0, "tags": [], "thumbnail": null, "title": "Prze\u017cyli katastrof\u0119 samolotu. Pilot z nietypowym \"pasa\u017cerem\"", "user": null, "vote": 0}, {"age": null, "album": "", "artist": null, "bookmarked": false, "comments": [], "date_published": "2024-04-16T11:02:05+00:00", "description": "<p><a href=\"https://wydarzenia.interia.pl/zagranica/news-chca-przyczynic-sie-do-sprawiedliwego-pokoju-wskazuja-na-ukr,nId,7454677\"><img align=\"left\" alt=\"Chc\u0105 przyczyni\u0107 si\u0119 do &quot;sprawiedliwego pokoju&quot;. Wskazuj\u0105 na Ukrain\u0119\" src=\"https://i.iplsc.com/chca-przyczynic-sie-do-sprawiedliwego-pokoju-wskazuja-na-ukr/000IYNQ0U3U0HFQF-C321.jpg\" /></a>Kanclerz Niemiec Olaf Scholz spotka\u0142 si\u0119 z prezydentem Chin Xi Jinpingiem. Jak zapewni\u0142 niemiecki polityk, wizyta w Pekinie dotyczy m.in. tego, w jaki spos\u00f3b mog\u0105 &quot;bardziej przyczyni\u0107 si\u0119 do sprawiedliwego pokoju na Ukrainie&quot;. Przyw\u00f3dcy rozmawiali r\u00f3wnie\u017c o relacjach mi\u0119dzy ich pa\u0144stwami. - Musimy postrzega\u0107 i rozwija\u0107 stosunki w spos\u00f3b wszechstronny, z perspektywy d\u0142ugoterminowej i strategicznej - m\u00f3wi\u0142 Xi.</p><br clear=\"all\" />", "language": "pl-PL", "link": "https://wydarzenia.interia.pl/zagranica/news-chca-przyczynic-sie-do-sprawiedliwego-pokoju-wskazuja-na-ukr,nId,7454677", "manual_status_code": 0, "page_rating": 100, "page_rating_contents": 100, "page_rating_visits": 0, "page_rating_votes": 0, "permanent": false, "source": "https://wydarzenia.interia.pl/swiat/feed", "source_obj__id": 402, "status_code": 0, "tags": [], "thumbnail": null, "title": "Chc\u0105 przyczyni\u0107 si\u0119 do \"sprawiedliwego pokoju\". Wskazuj\u0105 na Ukrain\u0119", "user": null, "vote": 0}, {"age": null, "album": "", "artist": null, "bookmarked": false, "comments": [], "date_published": "2024-04-16T10:02:46+00:00", "description": "<p><a href=\"https://wydarzenia.interia.pl/zagranica/news-ursula-von-der-leyen-zalatwila-w-ke-stolek-dla-kolegi-nagly-,nId,7454664\"><img align=\"left\" alt=\"Ursula von der Leyen &quot;za\u0142atwi\u0142a&quot; w KE sto\u0142ek dla kolegi? Nag\u0142y zwrot\" src=\"https://i.iplsc.com/ursula-von-der-leyen-zalatwila-w-ke-stolek-dla-kolegi-nagly/000IYOKF4MT9S7OU-C321.jpg\" /></a>Markus Pieper nie obejmie stanowiska pe\u0142nomocnika Komisji Europejskiej ds. ma\u0142ych i \u015brednich przedsi\u0119biorstw. Partyjny kolega Ursuli von der Leyen zrezygnowa\u0142 z posady w ostatniej chwili. Powodem by\u0142y kontrowersje w zwi\u0105zku z rekrutacj\u0105 na to stanowisko, a tak\u017ce oskar\u017cenia o kumoterstwo. Pieper mia\u0142 w trakcie selekcji wypa\u015b\u0107 s\u0142abiej ni\u017c jego konkurentki, a mimo to - dosta\u0142 posad\u0119. </p><br clear=\"all\" />", "language": "pl-PL", "link": "https://wydarzenia.interia.pl/zagranica/news-ursula-von-der-leyen-zalatwila-w-ke-stolek-dla-kolegi-nagly-,nId,7454664", "manual_status_code": 0, "page_rating": 100, "page_rating_contents": 100, "page_rating_visits": 0, "page_rating_votes": 0, "permanent": false, "source": "https://wydarzenia.interia.pl/swiat/feed", "source_obj__id": 402, "status_code": 0, "tags": [], "thumbnail": null, "title": "Ursula von der Leyen \"za\u0142atwi\u0142a\" w KE sto\u0142ek dla kolegi? Nag\u0142y zwrot", "user": null, "vote": 0}, {"age": null, "album": "", "artist": null, "bookmarked": false, "comments": [], "date_published": "2024-04-16T09:17:24+00:00", "description": "<p><a href=\"https://wydarzenia.interia.pl/zagranica/news-38-stopni-w-kwietniu-w-europejskim-kraju-mieszkancy-zalamani,nId,7454595\"><img align=\"left\" alt=\"38 stopni. W kwietniu. W europejskim kraju. Mieszka\u0144cy za\u0142amani\" src=\"https://i.iplsc.com/38-stopni-w-kwietniu-w-europejskim-kraju-mieszkancy-zalamani/000IYOI2BUC5RDJM-C321.jpg\" /></a>Mamy czerwiec, a nie kwiecie\u0144 - \u017cal\u0105 si\u0119 Hiszpanie. Pierwsze trzy miesi\u0105ce na P\u00f3\u0142wyspie Iberyjskim by\u0142y najcieplejsze w historii. W przypadku kwietnia trzeba ju\u017c u\u017cywa\u0107 s\u0142owa &quot;najgor\u0119tszy&quot;. Cho\u0107 min\u0119\u0142a dopiero po\u0142owa miesi\u0105ca, to ju\u017c przechodzi do historii z rekordem 38,3 stopnia Celsjusza.</p><br clear=\"all\" />", "language": "pl-PL", "link": "https://wydarzenia.interia.pl/zagranica/news-38-stopni-w-kwietniu-w-europejskim-kraju-mieszkancy-zalamani,nId,7454595", "manual_status_code": 0, "page_rating": 100, "page_rating_contents": 100, "page_rating_visits": 0, "page_rating_votes": 0, "permanent": false, "source": "https://wydarzenia.interia.pl/swiat/feed", "source_obj__id": 402, "status_code": 0, "tags": [], "thumbnail": null, "title": "38 stopni. W kwietniu. W europejskim kraju. Mieszka\u0144cy za\u0142amani", "user": null, "vote": 0}, {"age": null, "album": "", "artist": null, "bookmarked": false, "comments": [], "date_published": "2024-04-16T09:01:07+00:00", "description": "<p><a href=\"https://wydarzenia.interia.pl/zagranica/news-smierc-polaka-w-szwecji-jest-pierwsze-aresztowanie,nId,7454658\"><img align=\"left\" alt=\"\u015amier\u0107 Polaka w Szwecji. Jest pierwsze aresztowanie \" src=\"https://i.iplsc.com/smierc-polaka-w-szwecji-jest-pierwsze-aresztowanie/000IYOINV4YHI41S-C321.jpg\" /></a>17-letni Yassin Z. zosta\u0142 aresztowany w zwi\u0105zku z zab\u00f3jstwem m\u0119\u017cczyzny polskiego pochodzenia w Sztokholmie. Nastolatek na sali rozpraw nie okazywa\u0142 \u017cadnych emocji i nie przyzna\u0142 si\u0119 do czynu. We wtorek s\u0105d podejmie decyzj\u0119 w sprawie drugiego z zatrzymanych w sobot\u0119 ch\u0142opc\u00f3w. </p><br clear=\"all\" />", "language": "pl-PL", "link": "https://wydarzenia.interia.pl/zagranica/news-smierc-polaka-w-szwecji-jest-pierwsze-aresztowanie,nId,7454658", "manual_status_code": 0, "page_rating": 100, "page_rating_contents": 100, "page_rating_visits": 0, "page_rating_votes": 0, "permanent": false, "source": "https://wydarzenia.interia.pl/swiat/feed", "source_obj__id": 402, "status_code": 0, "tags": [], "thumbnail": null, "title": "\u015amier\u0107 Polaka w Szwecji. Jest pierwsze aresztowanie", "user": null, "vote": 0}, {"age": null, "album": "", "artist": null, "bookmarked": false, "comments": [], "date_published": "2024-04-16T08:54:38+00:00", "description": "<p><a href=\"https://wydarzenia.interia.pl/zagranica/news-wrze-w-gruzji-tysiace-ludzi-na-ulicach-powodem-przepisy-rode,nId,7454589\"><img align=\"left\" alt=\"Wrze w Gruzji. Tysi\u0105ce ludzi na ulicach. Powodem przepisy rodem z Rosji\" src=\"https://i.iplsc.com/wrze-w-gruzji-tysiace-ludzi-na-ulicach-powodem-przepisy-rode/000IYOA9JJ2O98EC-C321.jpg\" /></a>Kilkadziesi\u0105t tysi\u0119cy os\u00f3b na ulicach i pierwsze aresztowania - to bilans antyrz\u0105dowych protest\u00f3w w stolicy Gruzji. Jak podaj\u0105 lokalne media, co najmniej cztery osoby pozbawiono ju\u017c wolno\u015bci. Obywatele wyszli na ulice Tbilisi, aby zaprotestowa\u0107 przeciwko procedowaniu ustawy o tzw. agentach zagranicznych, zwanej po prostu &quot;rosyjsk\u0105 ustaw\u0105&quot;. Zdaniem demonstrant\u00f3w rz\u0105dz\u0105cy wprowadzaj\u0105 w Gruzji przepisy rodem z Rosji. </p><br clear=\"all\" />", "language": "pl-PL", "link": "https://wydarzenia.interia.pl/zagranica/news-wrze-w-gruzji-tysiace-ludzi-na-ulicach-powodem-przepisy-rode,nId,7454589", "manual_status_code": 0, "page_rating": 100, "page_rating_contents": 100, "page_rating_visits": 0, "page_rating_votes": 0, "permanent": false, "source": "https://wydarzenia.interia.pl/swiat/feed", "source_obj__id": 402, "status_code": 0, "tags": [], "thumbnail": null, "title": "Wrze w Gruzji. Tysi\u0105ce ludzi na ulicach. Powodem przepisy rodem z Rosji", "user": null, "vote": 0}, {"age": null, "album": "", "artist": null, "bookmarked": false, "comments": [], "date_published": "2024-04-16T08:09:09+00:00", "description": "<p><a href=\"https://wydarzenia.interia.pl/zagranica/news-wielki-pozar-w-kopenhadze-400-lat-dziedzictwa-w-plomieniach,nId,7454612\"><img align=\"left\" alt=\"Wielki po\u017car w Kopenhadze. &quot;400 lat dziedzictwa w p\u0142omieniach&quot; \" src=\"https://i.iplsc.com/wielki-pozar-w-kopenhadze-400-lat-dziedzictwa-w-plomieniach/000IYNE4H6DEXGJD-C321.jpg\" /></a>P\u0142onie zabytkowy gmach Starej Gie\u0142dy Papier\u00f3w Warto\u015bciowych w Kopenhadze. Trwa akcja ga\u015bnicza. Obecnie nie ma informacji o poszkodowanych. W wyniku po\u017caru zawali\u0142a si\u0119 charakterystyczna iglica. </p><br clear=\"all\" />", "language": "pl-PL", "link": "https://wydarzenia.interia.pl/zagranica/news-wielki-pozar-w-kopenhadze-400-lat-dziedzictwa-w-plomieniach,nId,7454612", "manual_status_code": 0, "page_rating": 100, "page_rating_contents": 100, "page_rating_visits": 0, "page_rating_votes": 0, "permanent": false, "source": "https://wydarzenia.interia.pl/swiat/feed", "source_obj__id": 402, "status_code": 0, "tags": [], "thumbnail": null, "title": "Wielki po\u017car w Kopenhadze. \"400 lat dziedzictwa w p\u0142omieniach\"", "user": null, "vote": 0}, {"age": null, "album": "", "artist": null, "bookmarked": false, "comments": [], "date_published": "2024-04-16T05:23:52+00:00", "description": "<p><a href=\"https://wydarzenia.interia.pl/zagranica/news-pilny-komunikat-wladz-nad-ranem-rosjanie-musza-uciekac,nId,7454478\"><img align=\"left\" alt=\"Pilny komunikat w\u0142adz nad ranem. Rosjanie musz\u0105 ucieka\u0107\" src=\"https://i.iplsc.com/pilny-komunikat-wladz-nad-ranem-rosjanie-musza-uciekac/000IYMCMCRTW4SP5-C321.jpg\" /></a>Mieszka\u0144cy miasta Iszym o godz. 6 czasu lokalnego otrzymali wiadomo\u015bci SMS z wezwaniem do pilnej ewakuacji. Wszystko przez pustosz\u0105c\u0105 region pow\u00f3d\u017a. Poziom wody w rzece osi\u0105gn\u0105\u0142 punkt krytyczny. Ewakuowani mogli zabra\u0107 ze sob\u0105 wy\u0142\u0105cznie dokumenty oraz kosztowno\u015bci. </p><br clear=\"all\" />", "language": "pl-PL", "link": "https://wydarzenia.interia.pl/zagranica/news-pilny-komunikat-wladz-nad-ranem-rosjanie-musza-uciekac,nId,7454478", "manual_status_code": 0, "page_rating": 100, "page_rating_contents": 100, "page_rating_visits": 0, "page_rating_votes": 0, "permanent": false, "source": "https://wydarzenia.interia.pl/swiat/feed", "source_obj__id": 402, "status_code": 0, "tags": [], "thumbnail": null, "title": "Pilny komunikat w\u0142adz nad ranem. Rosjanie musz\u0105 ucieka\u0107", "user": null, "vote": 0}, {"age": null, "album": "", "artist": null, "bookmarked": false, "comments": [], "date_published": "2024-04-16T04:16:02+00:00", "description": "<p><a href=\"https://wydarzenia.interia.pl/zagranica/news-nadzieja-dla-ukrainy-padla-konkretna-zapowiedz-chca-przelama,nId,7454475\"><img align=\"left\" alt=\"Nadzieja dla Ukrainy. Pad\u0142a konkretna zapowied\u017a, chc\u0105 prze\u0142ama\u0107 impas \" src=\"https://i.iplsc.com/nadzieja-dla-ukrainy-padla-konkretna-zapowiedz-chca-przelama/000HXY0KELR324DI-C321.jpg\" /></a>Osobne g\u0142osowanie pakiet\u00f3w pomocowych dla Ukrainy, Izraela oraz pa\u0144stw Indo-Pacyfiku - to nowy plan ameryka\u0144skiego Kongresu, o czym poinformowa\u0142 spiker Izby Reprezentant\u00f3w. Mike Johnson gra na zerwanie impasu w parlamencie i przekazanie poka\u017anych \u015brodk\u00f3w finansowych sojusznikom. W przypadku Kijowa na stole le\u017cy 60 mld dolar\u00f3w pomocy. Pojawi\u0142a si\u0119 nadzieja, \u017ce ustawy mo\u017cna by przeg\u0142osowa\u0107 przed ko\u0144cem tygodnia.</p><br clear=\"all\" />", "language": "pl-PL", "link": "https://wydarzenia.interia.pl/zagranica/news-nadzieja-dla-ukrainy-padla-konkretna-zapowiedz-chca-przelama,nId,7454475", "manual_status_code": 0, "page_rating": 100, "page_rating_contents": 100, "page_rating_visits": 0, "page_rating_votes": 0, "permanent": false, "source": "https://wydarzenia.interia.pl/swiat/feed", "source_obj__id": 402, "status_code": 0, "tags": [], "thumbnail": null, "title": "Nadzieja dla Ukrainy. Pad\u0142a konkretna zapowied\u017a, chc\u0105 prze\u0142ama\u0107 impas", "user": null, "vote": 0}]