[{"age": null, "album": "", "artist": null, "bookmarked": false, "comments": [], "date_published": "2024-04-16T14:49:02+00:00", "description": "The Ayaneo Next Lite seems like a great, cheaper alternative to the Steam Deck. It isn\u2019t.", "language": null, "link": "https://www.youtube.com/watch?v=mVymXimICE4", "manual_status_code": 0, "page_rating": 100, "page_rating_contents": 100, "page_rating_visits": 0, "page_rating_votes": 0, "permanent": false, "source": "https://www.youtube.com/feeds/videos.xml?channel_id=UCXGgrKt94gR6lmN4aN3mYTg", "source_obj__id": 24, "status_code": 0, "tags": [], "thumbnail": "https://i2.ytimg.com/vi/mVymXimICE4/hqdefault.jpg", "title": "Don\u2019t Buy This \u201cSteam Deck\u201d", "user": null, "vote": 0}]