[{"age": null, "album": "", "artist": null, "bookmarked": false, "comments": [], "date_published": "2024-04-16T05:17:59.314656+00:00", "description": "W swojej najnowszej kampanii \u201eMcDonald\u2019s. Przyja\u017a\u0144 od kuchni\u201d popularna sie\u0107 fastfood\u00f3w stawia na employer branding.", "language": "pl-PL", "link": "https://www.wirtualnemedia.pl/artykul/mcdonald-s-praca-zarobki-employer-branding", "manual_status_code": 0, "page_rating": 100, "page_rating_contents": 100, "page_rating_visits": 0, "page_rating_votes": 0, "permanent": false, "source": "https://www.wirtualnemedia.pl/rss/wm_gospodarka.xml", "source_obj__id": 397, "status_code": 0, "tags": [], "thumbnail": null, "title": "\u201ePrzyja\u017a\u0144 od kuchni\u201d - McDonald\u2019s reklamuje si\u0119 jako pracodawca", "user": null, "vote": 0}, {"age": null, "album": "", "artist": null, "bookmarked": false, "comments": [], "date_published": "2024-04-16T04:13:08.776646+00:00", "description": "Carlsberg Polska testuje na polskim nowe opakowanie piwa \u2013 karton z zaokr\u0105glonymi naro\u017cami. Rozwi\u0105zanie to ma pozwoli\u0107 zaoszcz\u0119dzi\u0107 do 224 ton dwutlenku w\u0119gla rocznie, zwi\u0119kszy\u0107 obszar komunikacji marketingowej z konsumentami i zapobiega\u0107 nieestetycznym zagnieceniom naro\u017cy.", "language": "pl-PL", "link": "https://www.wirtualnemedia.pl/artykul/carslberg-piwo-nowe-opakowania", "manual_status_code": 0, "page_rating": 100, "page_rating_contents": 100, "page_rating_visits": 0, "page_rating_votes": 0, "permanent": false, "source": "https://www.wirtualnemedia.pl/rss/wm_gospodarka.xml", "source_obj__id": 397, "status_code": 0, "tags": [], "thumbnail": null, "title": "Carslberg Polska testuje nowe opakowania piwa", "user": null, "vote": 0}]