[{"age": null, "album": "", "artist": null, "bookmarked": false, "comments": [], "date_published": "2024-04-16T21:30:00+00:00", "description": "A new installment of \"Dr. Who,\" along with the usual Star Wars and Marvel stuff.", "language": "en-us", "link": "https://lifehacker.com/entertainment/whats-new-on-disney-in-may-2024", "manual_status_code": 0, "page_rating": 100, "page_rating_contents": 100, "page_rating_visits": 0, "page_rating_votes": 0, "permanent": false, "source": "https://lifehacker.com/feed/rss", "source_obj__id": 442, "status_code": 0, "tags": [], "thumbnail": "https://lifehacker.com/imagery/articles/01HVM7R5XMW7VYPN5H506ZN9Z2/hero-image.jpg", "title": "What's New on Disney+ in May 2024", "user": null, "vote": 0}, {"age": null, "album": "", "artist": null, "bookmarked": false, "comments": [], "date_published": "2024-04-16T21:00:00+00:00", "description": "If you know your way around an engine, you can do the repairs yourself without buying a ton of tools.", "language": "en-us", "link": "https://lifehacker.com/travel/a-diy-car-repair-garage-can-save-you-money", "manual_status_code": 0, "page_rating": 100, "page_rating_contents": 100, "page_rating_visits": 0, "page_rating_votes": 0, "permanent": false, "source": "https://lifehacker.com/feed/rss", "source_obj__id": 442, "status_code": 0, "tags": [], "thumbnail": "https://lifehacker.com/imagery/articles/01HVKXTBCQ8N3FBRA73W788E7E/hero-image.jpg", "title": "You Can Save Money on Car Repairs by Using a DIY Garage", "user": null, "vote": 0}, {"age": null, "album": "", "artist": null, "bookmarked": false, "comments": [], "date_published": "2024-04-16T20:30:00+00:00", "description": "An app that fixes a glaring omission from Shortcuts on macOS.", "language": "en-us", "link": "https://lifehacker.com/tech/shortery-adds-automations-to-macos-shortcuts", "manual_status_code": 0, "page_rating": 100, "page_rating_contents": 100, "page_rating_visits": 0, "page_rating_votes": 0, "permanent": false, "source": "https://lifehacker.com/feed/rss", "source_obj__id": 442, "status_code": 0, "tags": [], "thumbnail": "https://lifehacker.com/imagery/articles/01HVM3EPKWAN4DBMB1961CKPZY/hero-image.png", "title": "Use \u2018Shortery\u2019 to Add Automations to Your MacOS Shortcuts", "user": null, "vote": 0}, {"age": null, "album": "", "artist": null, "bookmarked": false, "comments": [], "date_published": "2024-04-16T20:00:00+00:00", "description": "Take it on your next camping trip, or use it as a backup power option at home.", "language": "en-us", "link": "https://lifehacker.com/tech/anker-solix-c800-review", "manual_status_code": 0, "page_rating": 100, "page_rating_contents": 100, "page_rating_visits": 0, "page_rating_votes": 0, "permanent": false, "source": "https://lifehacker.com/feed/rss", "source_obj__id": 442, "status_code": 0, "tags": [], "thumbnail": "https://lifehacker.com/imagery/articles/01HVKT6R5ZNQB1EMG0EJVSJHJP/hero-image.png", "title": "The Anker SOLIX C800 Is a Great Portable Power Station", "user": null, "vote": 0}, {"age": null, "album": "", "artist": null, "bookmarked": false, "comments": [], "date_published": "2024-04-16T19:30:00+00:00", "description": "YouTube is cracking down on ad blockers, but there are workarounds.", "language": "en-us", "link": "https://lifehacker.com/youtube-ad-blocker-popup-1850934372", "manual_status_code": 0, "page_rating": 100, "page_rating_contents": 100, "page_rating_visits": 0, "page_rating_votes": 0, "permanent": false, "source": "https://lifehacker.com/feed/rss", "source_obj__id": 442, "status_code": 0, "tags": [], "thumbnail": "https://lifehacker.com/imagery/articles/01HF2GJ59080ZEWNW596CFWXPK/hero-image.jpg", "title": "What to Do When YouTube Warns You About Your Ad Blocker", "user": null, "vote": 0}, {"age": null, "album": "", "artist": null, "bookmarked": false, "comments": [], "date_published": "2024-04-16T19:00:00+00:00", "description": "Replace your multiple cables with a 6-in-1 charging cable.", "language": "en-us", "link": "https://lifehacker.com/x-max-charging-cable-sale", "manual_status_code": 0, "page_rating": 100, "page_rating_contents": 100, "page_rating_visits": 0, "page_rating_votes": 0, "permanent": false, "source": "https://lifehacker.com/feed/rss", "source_obj__id": 442, "status_code": 0, "tags": [], "thumbnail": "https://lifehacker.com/imagery/articles/01HF2GY7CRCF8FN9KPBB8DDHXV/hero-image.png", "title": "A 2-Pack of This 6-in-1 X Max Charging Cable Is on Sale for $32 Right Now", "user": null, "vote": 0}, {"age": null, "album": "", "artist": null, "bookmarked": false, "comments": [], "date_published": "2024-04-16T18:30:00+00:00", "description": "Get off the treadmill and explore new routes, play games, meet friends, or jump into a training plan.", "language": "en-us", "link": "https://lifehacker.com/health/how-to-make-running-fun-according-to-reddit", "manual_status_code": 0, "page_rating": 100, "page_rating_contents": 100, "page_rating_visits": 0, "page_rating_votes": 0, "permanent": false, "source": "https://lifehacker.com/feed/rss", "source_obj__id": 442, "status_code": 0, "tags": [], "thumbnail": "https://lifehacker.com/imagery/articles/01HVKVT1MJW3ACWERAN3013CNH/hero-image.jpg", "title": "How to Make Running Fun, According to Reddit", "user": null, "vote": 0}, {"age": null, "album": "", "artist": null, "bookmarked": false, "comments": [], "date_published": "2024-04-16T18:00:00+00:00", "description": "Get the best noise-canceling earbuds of 2022 for their lowest price yet.", "language": "en-us", "link": "https://lifehacker.com/tech/amazon-deal-of-the-day-bose-quietcomfort-earbuds-ii", "manual_status_code": 0, "page_rating": 100, "page_rating_contents": 100, "page_rating_visits": 0, "page_rating_votes": 0, "permanent": false, "source": "https://lifehacker.com/feed/rss", "source_obj__id": 442, "status_code": 0, "tags": [], "thumbnail": "https://lifehacker.com/imagery/articles/01HVKWVCE3BK05GRT54MC6YZ30/hero-image.png", "title": "My Favorite Amazon Deal of the Day: Bose QuietComfort Earbuds II", "user": null, "vote": 0}, {"age": null, "album": "", "artist": null, "bookmarked": false, "comments": [], "date_published": "2024-04-16T17:30:00+00:00", "description": "Any pothead can watched \"Half Baked.\" A true cineaste stoner opts for Fellini.", "language": "en-us", "link": "https://lifehacker.com/the-best-highbrow-movies-to-watch-when-youre-stoned", "manual_status_code": 0, "page_rating": 100, "page_rating_contents": 100, "page_rating_visits": 0, "page_rating_votes": 0, "permanent": false, "source": "https://lifehacker.com/feed/rss", "source_obj__id": 442, "status_code": 0, "tags": [], "thumbnail": "https://lifehacker.com/imagery/articles/01HF2HBDGE2EBE8WNGYD76XAS8/hero-image.jpg", "title": "50 Highbrow Movies to Watch When You're Totally High", "user": null, "vote": 0}, {"age": null, "album": "", "artist": null, "bookmarked": false, "comments": [], "date_published": "2024-04-16T17:00:00+00:00", "description": "If your YouTube app blocks ads, it's in Google's crosshairs.", "language": "en-us", "link": "https://lifehacker.com/tech/youtube-cracking-down-on-third-party-apps-that-block-ads", "manual_status_code": 0, "page_rating": 100, "page_rating_contents": 100, "page_rating_visits": 0, "page_rating_votes": 0, "permanent": false, "source": "https://lifehacker.com/feed/rss", "source_obj__id": 442, "status_code": 0, "tags": [], "thumbnail": "https://lifehacker.com/imagery/articles/01HVKV8RFXH2EJ5DVZ3JRV56WH/hero-image.png", "title": "YouTube Is Cracking Down on Third-party Apps That Block Ads", "user": null, "vote": 0}, {"age": null, "album": "", "artist": null, "bookmarked": false, "comments": [], "date_published": "2024-04-16T16:30:00+00:00", "description": "Site not loading correctly? Try this.", "language": "en-us", "link": "https://lifehacker.com/tech/disable-all-your-chrome-extensions-in-one-click", "manual_status_code": 0, "page_rating": 100, "page_rating_contents": 100, "page_rating_visits": 0, "page_rating_votes": 0, "permanent": false, "source": "https://lifehacker.com/feed/rss", "source_obj__id": 442, "status_code": 0, "tags": [], "thumbnail": "https://lifehacker.com/imagery/articles/01HVKK8F27160EKK03JSZ823PS/hero-image.jpg", "title": "You Can Disable All Your Chrome Extensions in One Click", "user": null, "vote": 0}, {"age": null, "album": "", "artist": null, "bookmarked": false, "comments": [], "date_published": "2024-04-16T16:00:00+00:00", "description": "Navigate the internet with fewer key taps and mouse clicks.", "language": "en-us", "link": "https://lifehacker.com/tech/the-best-web-browser-keyboard-shortcuts", "manual_status_code": 0, "page_rating": 100, "page_rating_contents": 100, "page_rating_visits": 0, "page_rating_votes": 0, "permanent": false, "source": "https://lifehacker.com/feed/rss", "source_obj__id": 442, "status_code": 0, "tags": [], "thumbnail": "https://lifehacker.com/imagery/articles/01HVKE9VTQAXB0NPCD7Q5V89JH/hero-image.jpg", "title": "17 Browser Keyboard Shortcuts Everyone Should Know", "user": null, "vote": 0}, {"age": null, "album": "", "artist": null, "bookmarked": false, "comments": [], "date_published": "2024-04-16T15:30:00+00:00", "description": "Turn your iPhone into an offline YouTube video player.", "language": "en-us", "link": "https://lifehacker.com/how-to-download-youtube-videos-on-an-iphone-1850787605", "manual_status_code": 0, "page_rating": 100, "page_rating_contents": 100, "page_rating_visits": 0, "page_rating_votes": 0, "permanent": false, "source": "https://lifehacker.com/feed/rss", "source_obj__id": 442, "status_code": 0, "tags": [], "thumbnail": "https://lifehacker.com/imagery/articles/01HF2GJP97ZHHKDZQ3RZ1YTT73/hero-image.jpg", "title": "How to Download YouTube Videos on an iPhone", "user": null, "vote": 0}, {"age": null, "album": "", "artist": null, "bookmarked": false, "comments": [], "date_published": "2024-04-16T15:00:00+00:00", "description": "Choose the right model and components to keep it up and running for seasons to come.", "language": "en-us", "link": "https://lifehacker.com/home/outdoor-tv-installation-purchasing-advice", "manual_status_code": 0, "page_rating": 100, "page_rating_contents": 100, "page_rating_visits": 0, "page_rating_votes": 0, "permanent": false, "source": "https://lifehacker.com/feed/rss", "source_obj__id": 442, "status_code": 0, "tags": [], "thumbnail": "https://lifehacker.com/imagery/articles/01HVJTKAQ35XGMJ7K6FRYGSE3W/hero-image.png", "title": "Five Things to Consider When Installing an Outdoor TV", "user": null, "vote": 0}, {"age": null, "album": "", "artist": null, "bookmarked": false, "comments": [], "date_published": "2024-04-16T14:30:00+00:00", "description": "Audio + Text \u00f7 AI.", "language": "en-us", "link": "https://lifehacker.com/tech/what-it-airchat-the-talking-social-network", "manual_status_code": 0, "page_rating": 100, "page_rating_contents": 100, "page_rating_visits": 0, "page_rating_votes": 0, "permanent": false, "source": "https://lifehacker.com/feed/rss", "source_obj__id": 442, "status_code": 0, "tags": [], "thumbnail": "https://lifehacker.com/imagery/articles/01HVK47SE9XJJ9AWF3E3SG5TF7/hero-image.jpg", "title": "Airchat Is the New Social Network That Talks to You", "user": null, "vote": 0}, {"age": null, "album": "", "artist": null, "bookmarked": false, "comments": [], "date_published": "2024-04-16T14:00:00+00:00", "description": "Sometimes we have to look at what toxic men are doing. I don't like it either.", "language": "en-us", "link": "https://lifehacker.com/entertainment/whats-the-soft-guy-era", "manual_status_code": 0, "page_rating": 100, "page_rating_contents": 100, "page_rating_visits": 0, "page_rating_votes": 0, "permanent": false, "source": "https://lifehacker.com/feed/rss", "source_obj__id": 442, "status_code": 0, "tags": [], "thumbnail": "https://lifehacker.com/imagery/articles/01HVJAAGHX71PV1YDM0XYR3SXR/hero-image.png", "title": "The Out-of-Touch Adults\u2019 Guide to Kid Culture: The \u2018Soft Guy Era\u2019", "user": null, "vote": 0}, {"age": null, "album": "", "artist": null, "bookmarked": false, "comments": [], "date_published": "2024-04-16T13:30:00+00:00", "description": "Apple Car Key is a cool feature, but there are some roadblocks to overcome.", "language": "en-us", "link": "https://lifehacker.com/tech/what-is-apple-car-key", "manual_status_code": 0, "page_rating": 100, "page_rating_contents": 100, "page_rating_visits": 0, "page_rating_votes": 0, "permanent": false, "source": "https://lifehacker.com/feed/rss", "source_obj__id": 442, "status_code": 0, "tags": [], "thumbnail": "https://lifehacker.com/imagery/articles/01HVHNG6M8KGBQT8QJPJC0QBY8/hero-image.png", "title": "How Apple Car Key Works (and Why It Still Hasn\u2019t Caught On)", "user": null, "vote": 0}, {"age": null, "album": "", "artist": null, "bookmarked": false, "comments": [], "date_published": "2024-04-16T13:00:00+00:00", "description": "It\u2019s time to retire this myth once and for all.", "language": "en-us", "link": "https://lifehacker.com/health/you-dont-need-to-delay-your-morning-caffeine", "manual_status_code": 0, "page_rating": 100, "page_rating_contents": 100, "page_rating_visits": 0, "page_rating_votes": 0, "permanent": false, "source": "https://lifehacker.com/feed/rss", "source_obj__id": 442, "status_code": 0, "tags": [], "thumbnail": "https://lifehacker.com/imagery/articles/01HVHS5PGK5SJD8Q6T5MP1AFN0/hero-image.png", "title": "Waiting to Drink Your Coffee Until Mid-morning Is a Useless 'Hack'", "user": null, "vote": 0}, {"age": null, "album": "", "artist": null, "bookmarked": false, "comments": [], "date_published": "2024-04-16T12:30:00+00:00", "description": "Is your to-do list as efficient and motivating as it could be?", "language": "en-us", "link": "https://lifehacker.com/work/your-to-do-list-is-missing-these-two-things", "manual_status_code": 0, "page_rating": 100, "page_rating_contents": 100, "page_rating_visits": 0, "page_rating_votes": 0, "permanent": false, "source": "https://lifehacker.com/feed/rss", "source_obj__id": 442, "status_code": 0, "tags": [], "thumbnail": "https://lifehacker.com/imagery/articles/01HVH3T9M4QGH2A1B8C3Z3TZ81/hero-image.jpg", "title": "Your To-do List Is Missing These Two Things", "user": null, "vote": 0}, {"age": null, "album": "", "artist": null, "bookmarked": false, "comments": [], "date_published": "2024-04-16T01:30:00+00:00", "description": "The cleaning set can also be used with other earbuds, cameras, smartphones, laptops, and electronic devices.", "language": "en-us", "link": "https://lifehacker.com/tech/airpod-cleaner-sale", "manual_status_code": 0, "page_rating": 100, "page_rating_contents": 100, "page_rating_visits": 0, "page_rating_votes": 0, "permanent": false, "source": "https://lifehacker.com/feed/rss", "source_obj__id": 442, "status_code": 0, "tags": [], "thumbnail": "https://lifehacker.com/imagery/articles/01HV27RRHS59ECRGZ9SRGZ3JCR/hero-image.png", "title": "You Can Get a 2-Pack of This AirPod Deep Cleaner on Sale for $12 Right Now", "user": null, "vote": 0}]