[{"age": null, "album": "", "artist": null, "bookmarked": false, "comments": [], "date_published": "2024-04-16T20:04:04+00:00", "description": "Cho\u0107 sezon na truskawki jeszcze na dobre si\u0119 nie zacz\u0105\u0142, plantatorzy obawiaj\u0105 si\u0119, \u017ce nie biedzie ch\u0119tnych do zbierania plon\u00f3w. Niedob\u00f3r pracownik\u00f3w sezonowych mo\u017ce oznacza\u0107, \u017ce du\u017ca cz\u0119\u015b\u0107 owoc\u00f3w si\u0119 zmarnuje.", "language": null, "link": "https://businessinsider.com.pl/gospodarka/owoce-zostana-na-krzakach-przez-brak-pracownikow-tego-boja-sie-plantatorzy/2w5jyf6", "manual_status_code": 0, "page_rating": 100, "page_rating_contents": 100, "page_rating_visits": 0, "page_rating_votes": 0, "permanent": false, "source": "https://businessinsider.com.pl/.feed", "source_obj__id": 46, "status_code": 0, "tags": [], "thumbnail": null, "title": "Owoce zostan\u0105 na krzakach przez brak pracownik\u00f3w. Tego boj\u0105 si\u0119 plantatorzy", "user": null, "vote": 0}, {"age": null, "album": "", "artist": null, "bookmarked": false, "comments": [], "date_published": "2024-04-16T19:55:07+00:00", "description": "Przewodnicz\u0105cy Rezerwy Federalnej USA Jerome Powell powiedzia\u0142 we wtorek, \u017ce powr\u00f3t inflacji do celu banku centralnego na poziomie 2 proc. zajmie prawdopodobnie \"wi\u0119cej czasu, ni\u017c oczekiwano\". Te s\u0142owa wskazuj\u0105 na prawdopodobne przesuni\u0119cie w czasie obni\u017cek st\u00f3p procentowych.", "language": null, "link": "https://businessinsider.com.pl/gospodarka/sukces-inflacyjny-zajmie-wiecej-czasu-padly-kluczowe-slowa-dla-swiatowych-rynkow/ynzr1xq", "manual_status_code": 0, "page_rating": 100, "page_rating_contents": 100, "page_rating_visits": 0, "page_rating_votes": 0, "permanent": false, "source": "https://businessinsider.com.pl/.feed", "source_obj__id": 46, "status_code": 0, "tags": [], "thumbnail": null, "title": "\"Sukces inflacyjny zajmie wi\u0119cej czasu\". Pad\u0142y kluczowe s\u0142owa dla \u015bwiatowych rynk\u00f3w", "user": null, "vote": 0}, {"age": null, "album": "", "artist": null, "bookmarked": false, "comments": [], "date_published": "2024-04-16T19:29:44+00:00", "description": "Po ekipie Daniela Obajtka zosta\u0142o w Orlenie ju\u017c tylko wspomnienie. Od 11 kwietnia najwi\u0119ksz\u0105 sp\u00f3\u0142k\u0105 w Polsce kieruje Ireneusz F\u0105fara, a we wtorek 16 kwietnia skompletowano sk\u0142ad nowego zarz\u0105du sp\u00f3\u0142ki, zwalniaj\u0105c jednocze\u015bnie ostatniego cz\u0142onka zarz\u0105du ze \"sk\u0142adu Obajtka\". Oto jakie kompetencje maj\u0105 nowi zarz\u0105dzaj\u0105cy.", "language": null, "link": "https://businessinsider.com.pl/gielda/zarzad-orlenu-juz-w-pelnym-skladzie-kim-sa-nowo-powolani/nksrr6s", "manual_status_code": 0, "page_rating": 100, "page_rating_contents": 100, "page_rating_visits": 0, "page_rating_votes": 0, "permanent": false, "source": "https://businessinsider.com.pl/.feed", "source_obj__id": 46, "status_code": 0, "tags": [], "thumbnail": null, "title": "Zarz\u0105d Orlenu ju\u017c w pe\u0142nym sk\u0142adzie. Kim s\u0105 nowo powo\u0142ani", "user": null, "vote": 0}, {"age": null, "album": "", "artist": null, "bookmarked": false, "comments": [], "date_published": "2024-04-16T19:01:53+00:00", "description": "Robotnicy pracuj\u0105cy na zlecenie \u0142\u00f3dzkiego samorz\u0105du uszkodzili p\u0142ot Iwony Owczarek. Kobieta wezwa\u0142a miejscowy zarz\u0105d dr\u00f3g do pokrycia koszt\u00f3w naprawy. W odpowiedzi dosta\u0142a... ponad 3 mln z\u0142 kary. Okaza\u0142o si\u0119, \u017ce p\u0142ot od 70 lat stoi w pasie drogi. Sprawa trafi\u0142a do s\u0105du. A perypetie mieszkanki \u0141odzi szeroko relacjonuje program Telewizji Polsat \"Interwencja\".", "language": null, "link": "https://businessinsider.com.pl/wiadomosci/chciala-od-urzednikow-odszkodowanie-za-plot-dostala-ponad-3-mln-zl-kary/0wv2m0r", "manual_status_code": 0, "page_rating": 100, "page_rating_contents": 100, "page_rating_visits": 0, "page_rating_votes": 0, "permanent": false, "source": "https://businessinsider.com.pl/.feed", "source_obj__id": 46, "status_code": 0, "tags": [], "thumbnail": null, "title": "Chcia\u0142a od urz\u0119dnik\u00f3w odszkodowanie za p\u0142ot. Dosta\u0142a trzy miliony kary", "user": null, "vote": 0}, {"age": null, "album": "", "artist": null, "bookmarked": false, "comments": [], "date_published": "2024-04-16T18:03:37+00:00", "description": "W projektowanej ustawie o bonie energetycznym maj\u0105 si\u0119 znale\u017a\u0107 przepisy, na mocy kt\u00f3rych w drugiej po\u0142owie 2024 r. b\u0119dzie obowi\u0105zywa\u0107 maksymalna cena energii elektrycznej dla gospodarstw w wysoko\u015bci 500 z\u0142 za MWh \u2013 wynika z informacji opublikowanej we wtorek na stronach Kancelarii premiera. To o 22 proc. wy\u017cej ni\u017c obecnie wynosi cena zamro\u017cona.", "language": null, "link": "https://businessinsider.com.pl/prawo/ile-wiecej-zaplacimy-za-prad-po-nowej-ustawie-znamy-juz-maksymalna-cene-od-lipca/drg2mjl", "manual_status_code": 0, "page_rating": 100, "page_rating_contents": 100, "page_rating_visits": 0, "page_rating_votes": 0, "permanent": false, "source": "https://businessinsider.com.pl/.feed", "source_obj__id": 46, "status_code": 0, "tags": [], "thumbnail": null, "title": "Ile wi\u0119cej zap\u0142acimy za pr\u0105d po nowej ustawie. Znamy ju\u017c maksymaln\u0105 cen\u0119 od lipca", "user": null, "vote": 0}, {"age": null, "album": "", "artist": null, "bookmarked": false, "comments": [], "date_published": "2024-04-16T18:03:37+00:00", "description": "W projektowanej ustawie o bonie energetycznym maj\u0105 si\u0119 znale\u017a\u0107 przepisy, na mocy kt\u00f3rych w drugiej po\u0142owie 2024 r. b\u0119dzie obowi\u0105zywa\u0107 maksymalna cena energii elektrycznej dla gospodarstw w wysoko\u015bci 500 z\u0142 za MWh \u2013 wynika z informacji opublikowanej we wtorek na stronach Kancelarii premiera.", "language": null, "link": "https://businessinsider.com.pl/prawo/znamy-juz-maksymalna-cene-energii-od-lipca-jest-projekt-ustawy/drg2mjl", "manual_status_code": 0, "page_rating": 100, "page_rating_contents": 100, "page_rating_visits": 0, "page_rating_votes": 0, "permanent": false, "source": "https://businessinsider.com.pl/.feed", "source_obj__id": 46, "status_code": 0, "tags": [], "thumbnail": null, "title": "Znamy ju\u017c maksymaln\u0105 cen\u0119 energii od lipca. Jest projekt ustawy", "user": null, "vote": 0}, {"age": null, "album": "", "artist": null, "bookmarked": false, "comments": [], "date_published": "2024-04-16T17:36:42+00:00", "description": "Kilka dni temu Allegro dosta\u0142o powiadomienie od swoich menad\u017cer\u00f3w. Ci szykowali si\u0119 do sprzeda\u017cy nale\u017c\u0105cych do nich akcji sp\u00f3\u0142ki, \u017ceby sp\u0142aci\u0107 podatek od ich przyznania. We wtorek przysz\u0142a kolejna wiadomo\u015b\u0107 tego typu, ale ju\u017c od najwi\u0119kszych akcjonariuszy. Jak podaje Bloomberg, ich oferta opiewa na 50 mln akcji.", "language": null, "link": "https://businessinsider.com.pl/gielda/wiadomosci/najwieksi-akcjonariusze-pozbywaja-sie-akcji-allegro-poltora-miliarda-do-kieszeni/vnk9rdq", "manual_status_code": 0, "page_rating": 100, "page_rating_contents": 100, "page_rating_visits": 0, "page_rating_votes": 0, "permanent": false, "source": "https://businessinsider.com.pl/.feed", "source_obj__id": 46, "status_code": 0, "tags": [], "thumbnail": null, "title": "Najwi\u0119ksi akcjonariusze pozbywaj\u0105 si\u0119 akcji Allegro. P\u00f3\u0142tora miliarda do kieszeni", "user": null, "vote": 0}, {"age": null, "album": "", "artist": null, "bookmarked": false, "comments": [], "date_published": "2024-04-16T16:49:28+00:00", "description": "\u2014 Chcemy z\u0142o\u017cy\u0107 wnioski o kolejne p\u0142atno\u015bci z KPO po wakacjach, \u017ceby \u015brodki wp\u0142yn\u0119\u0142y do ko\u0144ca tego roku. Mo\u017cemy dosta\u0107 maksimum 10 mld euro \u2013 powiedzia\u0142a we wtorek minister funduszy i polityki regionalnej Katarzyna Pe\u0142czy\u0144ska-Na\u0142\u0119cz.", "language": null, "link": "https://businessinsider.com.pl/gospodarka/kiedy-kolejne-pieniadze-z-kpo-minister-podaje-harmonogram/4yvyyd9", "manual_status_code": 0, "page_rating": 100, "page_rating_contents": 100, "page_rating_visits": 0, "page_rating_votes": 0, "permanent": false, "source": "https://businessinsider.com.pl/.feed", "source_obj__id": 46, "status_code": 0, "tags": [], "thumbnail": null, "title": "Kiedy kolejne pieni\u0105dze z KPO? Minister podaje harmonogram", "user": null, "vote": 0}, {"age": null, "album": "", "artist": null, "bookmarked": false, "comments": [], "date_published": "2024-04-16T16:30:23+00:00", "description": "Operator sieci elektroenergetycznych ma przed sob\u0105 wielomiliardowe inwestycje. To b\u0119dzie wymaga\u0142o zupe\u0142nie innego podej\u015bcia do finansowania programu inwestycyjnego, np. do zad\u0142u\u017cenia na rynkach finansowych \u2014 poinformowa\u0142 podczas Kongresu Energetyki Przysz\u0142o\u015bci w Toruniu prezes Polskich Sieci Elektroenergetycznych Grzegorz Onichimowski.", "language": null, "link": "https://businessinsider.com.pl/biznes/gigantyczne-inwestycje-w-sieci-energetyczne-bedziemy-sie-zadluzac/1pepddp", "manual_status_code": 0, "page_rating": 100, "page_rating_contents": 100, "page_rating_visits": 0, "page_rating_votes": 0, "permanent": false, "source": "https://businessinsider.com.pl/.feed", "source_obj__id": 46, "status_code": 0, "tags": [], "thumbnail": null, "title": "Gigantyczne inwestycje w sieci energetyczne. \"B\u0119dziemy si\u0119 zad\u0142u\u017ca\u0107\"", "user": null, "vote": 0}, {"age": null, "album": "", "artist": null, "bookmarked": false, "comments": [], "date_published": "2024-04-16T16:19:12+00:00", "description": "Wystartowa\u0142a aplikacja DroneTower \u2014 oficjalny system do zg\u0142aszania zamiaru wykonania lotu dronem. Z tej okazji w poniedzia\u0142ek odby\u0142a si\u0119 konferencja prasowa z udzia\u0142em ministra infrastruktury Dariusza Klimczaka. Jednak jeszcze tego samego dnia aplikacj\u0119 zaatakowali hakerzy.", "language": null, "link": "https://businessinsider.com.pl/wiadomosci/nowa-aplikacja-dla-dronow-od-razu-przechwycili-ja-hakerzy/enpybh8", "manual_status_code": 0, "page_rating": 100, "page_rating_contents": 100, "page_rating_visits": 0, "page_rating_votes": 0, "permanent": false, "source": "https://businessinsider.com.pl/.feed", "source_obj__id": 46, "status_code": 0, "tags": [], "thumbnail": null, "title": "Nowa aplikacja dla dron\u00f3w. Od razu zaatakowali j\u0105 hakerzy", "user": null, "vote": 0}, {"age": null, "album": "", "artist": null, "bookmarked": false, "comments": [], "date_published": "2024-04-16T16:08:49+00:00", "description": "Tegoroczne wybory do europarlamentu odb\u0119d\u0105 si\u0119 w Polsce 9 czerwca. Zanim jednak Polki i Polacy p\u00f3jd\u0105 do urn, aby wybra\u0107 swoich reprezentant\u00f3w w PE, warto pami\u0119ta\u0107 o wa\u017cnych datach, kt\u00f3re dotycz\u0105 szerokiej grupy wyborc\u00f3w.", "language": null, "link": "https://businessinsider.com.pl/prawo/wybory-do-europarlamentu-2024-te-daty-warto-znac/fydnpd3", "manual_status_code": 0, "page_rating": 100, "page_rating_contents": 100, "page_rating_visits": 0, "page_rating_votes": 0, "permanent": false, "source": "https://businessinsider.com.pl/.feed", "source_obj__id": 46, "status_code": 0, "tags": [], "thumbnail": null, "title": "Wybory do europarlamentu 2024. Kalendarium wyborcze", "user": null, "vote": 0}, {"age": null, "album": "", "artist": null, "bookmarked": false, "comments": [], "date_published": "2024-04-16T16:02:09+00:00", "description": "Syn premiera Micha\u0142 Tusk od kwietnia pracuje w nowym miejscu. Znalaz\u0142 zatrudnienie w pomorskim urz\u0119dzie marsza\u0142kowskim. Sam zainteresowany nie chce komentowa\u0107 swojej nowej posady. To jednak nie pierwszy raz, gdy syn szefa rz\u0105du trafia do jednostki samorz\u0105dowej.", "language": null, "link": "https://businessinsider.com.pl/wiadomosci/michal-tusk-ma-nowa-prace-trafil-do-urzedu-marszalkowskiego/e0jdvfg", "manual_status_code": 0, "page_rating": 100, "page_rating_contents": 100, "page_rating_visits": 0, "page_rating_votes": 0, "permanent": false, "source": "https://businessinsider.com.pl/.feed", "source_obj__id": 46, "status_code": 0, "tags": [], "thumbnail": null, "title": "Micha\u0142 Tusk ma now\u0105 prac\u0119. Trafi\u0142 do urz\u0119du marsza\u0142kowskiego", "user": null, "vote": 0}, {"age": null, "album": "", "artist": null, "bookmarked": false, "comments": [], "date_published": "2024-04-16T15:47:39+00:00", "description": "Robert B\u0105kiewicz us\u0142ysza\u0142 we wtorek zarzut uszkodzenia zabytku. \"Materia\u0142 zgromadzony w sprawie pozwoli\u0142 na stwierdzenie, \u017ce dosz\u0142o do pope\u0142nienia przest\u0119pstwa\" \u2013 powiedzia\u0142 rzecznik prokuratury. Czyn ten jest zagro\u017cony kar\u0105 od sze\u015bciu miesi\u0119cy do 8 lat pozbawienia wolno\u015bci.", "language": null, "link": "https://businessinsider.com.pl/wiadomosci/robert-bakiewicz-uslyszal-zarzut-doszlo-do-popelnienia-przestepstwa/m3gx0hq", "manual_status_code": 0, "page_rating": 100, "page_rating_contents": 100, "page_rating_visits": 0, "page_rating_votes": 0, "permanent": false, "source": "https://businessinsider.com.pl/.feed", "source_obj__id": 46, "status_code": 0, "tags": [], "thumbnail": null, "title": "Robert B\u0105kiewicz z zarzutem. Prokuratura: dosz\u0142o do pope\u0142nienia przest\u0119pstwa", "user": null, "vote": 0}, {"age": null, "album": "", "artist": null, "bookmarked": false, "comments": [], "date_published": "2024-04-16T15:34:11+00:00", "description": "W latach 2017-2022 kontrola operacyjna przy u\u017cyciu Pegasusa obj\u0119\u0142a 578 os\u00f3b \u2014 wynika z informacji Prokuratora Generalnego przes\u0142anej do Sejmu i Senatu. Najwi\u0119cej os\u00f3b by\u0142o obj\u0119tych tak\u0105 kontrol\u0105 w 2021 r. \u2014 162.", "language": null, "link": "https://businessinsider.com.pl/wiadomosci/578-osob-podsluchiwanych-pegasusem-jest-komunikat/0qtg5dl", "manual_status_code": 0, "page_rating": 100, "page_rating_contents": 100, "page_rating_visits": 0, "page_rating_votes": 0, "permanent": false, "source": "https://businessinsider.com.pl/.feed", "source_obj__id": 46, "status_code": 0, "tags": [], "thumbnail": null, "title": "578 os\u00f3b pods\u0142uchiwanych Pegasusem. Jest komunikat", "user": null, "vote": 0}, {"age": null, "album": "", "artist": null, "bookmarked": false, "comments": [], "date_published": "2024-04-16T15:17:48+00:00", "description": "Prognozy Mi\u0119dzynarodowego Funduszu Walutowego dla Polski posz\u0142y wyra\u017anie w g\u00f3r\u0119. Czy to oznacza, \u017ce wbijemy si\u0119 do pierwszej 20. najwi\u0119kszych gospodarek \u015bwiata? Zaraz przed nami s\u0105 Szwajcaria i Turcja, a w rankingu PKB na mieszka\u0144ca wed\u0142ug si\u0142y nabywczej gonimy m.in. Czechy i Hiszpani\u0119.", "language": null, "link": "https://businessinsider.com.pl/gospodarka/za-trzy-lata-wyprzedzimy-hiszpanie-prognozy-dla-polskiej-gospodarki-w-gore/ngzkl78", "manual_status_code": 0, "page_rating": 100, "page_rating_contents": 100, "page_rating_visits": 0, "page_rating_votes": 0, "permanent": false, "source": "https://businessinsider.com.pl/.feed", "source_obj__id": 46, "status_code": 0, "tags": [], "thumbnail": null, "title": "Za trzy lata wyprzedzimy Hiszpani\u0119. Prognozy dla polskiej gospodarki w g\u00f3r\u0119", "user": null, "vote": 0}, {"age": null, "album": "", "artist": null, "bookmarked": false, "comments": [], "date_published": "2024-04-16T15:15:21+00:00", "description": "W 2024 r. Polki i Polacy wezm\u0105 udzia\u0142 w eurowyborach, w kt\u00f3rych wy\u0142onieni zostan\u0105 reprezentanci do unijnego parlamentu. Komitety, kt\u00f3re chc\u0105 wystawi\u0107 swoich kandydat\u00f3w, maj\u0105 ju\u017c niewiele czasu na zg\u0142oszenie si\u0119 do PKW.", "language": null, "link": "https://businessinsider.com.pl/prawo/wybory-do-europarlamentu-2024-22-kwietnia-mija-wazy-termin/mwvmyjh", "manual_status_code": 0, "page_rating": 100, "page_rating_contents": 100, "page_rating_visits": 0, "page_rating_votes": 0, "permanent": false, "source": "https://businessinsider.com.pl/.feed", "source_obj__id": 46, "status_code": 0, "tags": [], "thumbnail": null, "title": "Wybory do europarlamentu 2024. Za tydzie\u0144 mija wa\u017cny termin", "user": null, "vote": 0}, {"age": null, "album": "", "artist": null, "bookmarked": false, "comments": [], "date_published": "2024-04-16T15:07:48+00:00", "description": "Joanna Piekutowska zosta\u0142a wybrana na stanowisko G\u0142\u00f3wnego Inspektora Ochrony \u015arodowiska \u2014 poinformowa\u0142 we wtorek resort klimatu. Piekutowska od 1992 r. jest zwi\u0105zana z Inspekcj\u0105 Ochrony \u015arodowiska.", "language": null, "link": "https://businessinsider.com.pl/wiadomosci/oto-nowa-szefowa-gios-jest-komunikat-resortu/bjbqsfj", "manual_status_code": 0, "page_rating": 100, "page_rating_contents": 100, "page_rating_visits": 0, "page_rating_votes": 0, "permanent": false, "source": "https://businessinsider.com.pl/.feed", "source_obj__id": 46, "status_code": 0, "tags": [], "thumbnail": null, "title": "Oto nowa szefowa GIO\u015a. Jest komunikat resortu", "user": null, "vote": 0}, {"age": null, "album": "", "artist": null, "bookmarked": false, "comments": [], "date_published": "2024-04-16T14:57:36+00:00", "description": "Bielik to model sztucznej inteligencji stworzony wy\u0142\u0105cznie na j\u0119zyku polskim. Jak wypada? Zdarzaj\u0105 mu si\u0119 wpadki. Polski ChatGPT nie wie, kto jest marsza\u0142kiem Sejmu.", "language": null, "link": "https://businessinsider.com.pl/technologie/polski-chatgpt-bielik-juz-dziala-ale-nie-zna-marszalka-sejmu/hlm4zg6", "manual_status_code": 0, "page_rating": 100, "page_rating_contents": 100, "page_rating_visits": 0, "page_rating_votes": 0, "permanent": false, "source": "https://businessinsider.com.pl/.feed", "source_obj__id": 46, "status_code": 0, "tags": [], "thumbnail": null, "title": "Polski ChatGPT ju\u017c dzia\u0142a. Jak wypada? Nie zna marsza\u0142ka Sejmu", "user": null, "vote": 0}, {"age": null, "album": "", "artist": null, "bookmarked": false, "comments": [], "date_published": "2024-04-16T14:56:26+00:00", "description": "Sytuacja w Zaporoskiej Elektrowni Atomowej wymyka si\u0119 spod kontroli. Jak informuje szef Mi\u0119dzynarodowej Agencji Energii Atomowej Rafael Grossi, \"bezpiecze\u0144stwo nuklearne jest tam zagro\u017cone\". I zaapelowa\u0142 o zaprzestanie atak\u00f3w na elektrowni\u0119.", "language": null, "link": "https://businessinsider.com.pl/wiadomosci/w-zaporozu-coraz-powazniej-bezpieczenstwo-nuklearne-zagrozone/r9w0qcd", "manual_status_code": 0, "page_rating": 100, "page_rating_contents": 100, "page_rating_visits": 0, "page_rating_votes": 0, "permanent": false, "source": "https://businessinsider.com.pl/.feed", "source_obj__id": 46, "status_code": 0, "tags": [], "thumbnail": null, "title": "W Zaporo\u017cu coraz powa\u017cniej. \"Bezpiecze\u0144stwo nuklearne zagro\u017cone\"", "user": null, "vote": 0}, {"age": null, "album": "", "artist": null, "bookmarked": false, "comments": [], "date_published": "2024-04-16T14:52:47+00:00", "description": "Powerdot, firma specjalizuj\u0105ca si\u0119 w budowie stacji \u0142adowania dla pojazd\u00f3w elektrycznych postanowi\u0142a inwestowa\u0107 w \u0142adowarki w ma\u0142ych, wiejskich gminach, gdzie nie ma zarejestrowanego ani jednego elektrycznego samochodu. Dlaczego? Przedsi\u0119biorstwo t\u0142umaczy powody swojej decyzji.", "language": null, "link": "https://businessinsider.com.pl/technologie/motoryzacja/buduja-na-wsiach-ladowarki-do-samochodow-elektrycznych-tlumacza-dlaczego/c86jr22", "manual_status_code": 0, "page_rating": 100, "page_rating_contents": 100, "page_rating_visits": 0, "page_rating_votes": 0, "permanent": false, "source": "https://businessinsider.com.pl/.feed", "source_obj__id": 46, "status_code": 0, "tags": [], "thumbnail": null, "title": "Buduj\u0105 na wsiach \u0142adowarki do samochod\u00f3w elektrycznych. T\u0142umacz\u0105 dlaczego", "user": null, "vote": 0}, {"age": null, "album": "", "artist": null, "bookmarked": false, "comments": [], "date_published": "2024-04-16T14:30:03+00:00", "description": "Telewizja Polska zako\u0144czy\u0142a pierwszy proces rekrutacji. Do pracy w TVP zg\u0142osi\u0142a si\u0119 pot\u0119\u017cna fala kandydat\u00f3w, spo\u015br\u00f3d kt\u00f3rych wybrani zostan\u0105 dziennikarze i prowadz\u0105cy. Co ciekawe, kilkadziesi\u0105t aplikacji zosta\u0142o wys\u0142anych z zagranicy.", "language": null, "link": "https://businessinsider.com.pl/wiadomosci/prawie-2-tys-chetnych-do-pracy-w-tvp-stacja-podsumowala-rekrutacje/3p5h7em", "manual_status_code": 0, "page_rating": 100, "page_rating_contents": 100, "page_rating_visits": 0, "page_rating_votes": 0, "permanent": false, "source": "https://businessinsider.com.pl/.feed", "source_obj__id": 46, "status_code": 0, "tags": [], "thumbnail": null, "title": "Prawie 2 tys. ch\u0119tnych do pracy w TVP. Stacja podsumowa\u0142a rekrutacj\u0119", "user": null, "vote": 0}, {"age": null, "album": "", "artist": null, "bookmarked": false, "comments": [], "date_published": "2024-04-16T14:13:13+00:00", "description": "Analitycy Banku Pekao przeanalizowali notowania kluczowych surowc\u00f3w energetycznych. Zwracaj\u0105 uwag\u0119 na potencjalne skutki eskalacji konfliktu Izraela z Iranem dla rynku ropy, g\u0142\u00f3wnie w zakresie zaburze\u0144 poda\u017cy tego surowca, co mog\u0142oby wywindowa\u0107 ceny. Spodziewaj\u0105 si\u0119 lekkiego wzrostu notowa\u0144 gazu ziemnego, kt\u00f3ry i tak pozostaje konkurencyjny wobec wysokoemisyjnego w\u0119gla. Ceny emisji dwutlenku w\u0119gla maj\u0105 wed\u0142ug prognoz rosn\u0105\u0107.", "language": null, "link": "https://businessinsider.com.pl/gielda/wiadomosci/zagrozenie-z-iranu-dla-rynku-ropy-naftowej-to-nie-tylko-spadek-wydobycia/kbqxk9h", "manual_status_code": 0, "page_rating": 100, "page_rating_contents": 100, "page_rating_visits": 0, "page_rating_votes": 0, "permanent": false, "source": "https://businessinsider.com.pl/.feed", "source_obj__id": 46, "status_code": 0, "tags": [], "thumbnail": null, "title": "Zagro\u017cenie z Iranu dla rynku ropy naftowej to nie tylko spadek wydobycia", "user": null, "vote": 0}, {"age": null, "album": "", "artist": null, "bookmarked": false, "comments": [], "date_published": "2024-04-16T14:09:16+00:00", "description": "Restauracja we W\u0142oszech oferuje bezp\u0142atn\u0105 butelk\u0119 wina klientom, kt\u00f3rzy podczas posi\u0142ku nie b\u0119d\u0105 korzysta\u0107 ze smartfona. \"To naprawd\u0119 pi\u0119kna rzecz widzie\u0107, jak ludzie rozmawiaj\u0105 ze sob\u0105, zamiast ogl\u0105da\u0107 zdj\u0119cia lub odpowiada\u0107 na wiadomo\u015bci na telefonie\" \u2014 m\u00f3wi w\u0142a\u015bciciel lokalu.", "language": null, "link": "https://businessinsider.com.pl/lifestyle/restauracja-serwuje-alkohol-za-darmo-ale-trzeba-ze-soba-rozmawiac/4nx8hm2", "manual_status_code": 0, "page_rating": 100, "page_rating_contents": 100, "page_rating_visits": 0, "page_rating_votes": 0, "permanent": false, "source": "https://businessinsider.com.pl/.feed", "source_obj__id": 46, "status_code": 0, "tags": [], "thumbnail": null, "title": "Restauracja serwuje alkohol za darmo. Ale trzeba ze sob\u0105 rozmawia\u0107", "user": null, "vote": 0}, {"age": null, "album": "", "artist": null, "bookmarked": false, "comments": [], "date_published": "2024-04-16T14:05:10+00:00", "description": "W zimowej stolicy Polski oraz na Mazowszu Ma\u0142gorzata Ch. prowadzi\u0142a ekskluzywne hotele, a jej maj\u0105tek by\u0142 tak poka\u017any, \u017ce znalaz\u0142a si\u0119 na li\u015bcie najbogatszych Polak\u00f3w. Dzisiaj kobieta, kt\u00f3ra bywa\u0142a okre\u015blana mianem \"kr\u00f3lowej Zakopanego\", jest bankrutk\u0105, a w jej sprawie toczy si\u0119 proces w s\u0105dzie.", "language": null, "link": "https://businessinsider.com.pl/gospodarka/kiedys-byla-milionerka-dzisiaj-krolowa-zakopanego-jest-bankrutka/nv78jtw", "manual_status_code": 0, "page_rating": 100, "page_rating_contents": 100, "page_rating_visits": 0, "page_rating_votes": 0, "permanent": false, "source": "https://businessinsider.com.pl/.feed", "source_obj__id": 46, "status_code": 0, "tags": [], "thumbnail": null, "title": "Kiedy\u015b by\u0142a milionerk\u0105, dzisiaj \"kr\u00f3lowa Zakopanego\" jest bankrutk\u0105", "user": null, "vote": 0}, {"age": null, "album": "", "artist": null, "bookmarked": false, "comments": [], "date_published": "2024-04-16T13:53:58+00:00", "description": "Na terenie Zalewu Zas\u0142awskiego pod Mi\u0144skiem stoi ogromna trzykondygnacyjna rezydencja. Oficjalnie jest tam rz\u0105dowa linia telekomunikacyjna, a dom kontroluj\u0105 s\u0142u\u017cby bezpiecze\u0144stwa. Jednak w rzeczywisto\u015bci wielka posiad\u0142o\u015b\u0107 ma nale\u017ce\u0107 do Aleksandra \u0141ukaszenki. Organizacja by\u0142ych mundurowych BELPOL informuje, \u017ce pod tym adresem zameldowani s\u0105 synowie i wnuki bia\u0142oruskiego dyktatora.", "language": null, "link": "https://businessinsider.com.pl/wiadomosci/rezydencja-wschod-ma-nalezec-do-aleksandra-lukaszenki-najwieksza-lapowka/et1t082", "manual_status_code": 0, "page_rating": 100, "page_rating_contents": 100, "page_rating_visits": 0, "page_rating_votes": 0, "permanent": false, "source": "https://businessinsider.com.pl/.feed", "source_obj__id": 46, "status_code": 0, "tags": [], "thumbnail": null, "title": "Tajemnicza rezydencja Aleksandra \u0141ukaszenki. \"Najwi\u0119ksza \u0142ap\u00f3wka\"", "user": null, "vote": 0}, {"age": null, "album": "", "artist": null, "bookmarked": false, "comments": [], "date_published": "2024-04-16T13:41:42+00:00", "description": "Polskie firmy cofaj\u0105 si\u0119 w kwestii cyberbezpiecze\u0144stwa \u2014 tak wynika z tegorocznego raportu Cisco Cybersecurity Readiness Index 2024. Zaledwie 2 proc. polskich firm jest na tyle dojrza\u0142ych, \u017ce mog\u0105 skutecznie stawi\u0107 czo\u0142a wsp\u00f3\u0142czesnym zagro\u017ceniom cybernetycznym. Odsetek ten jest wyra\u017anie ni\u017cszy w por\u00f3wnaniu z poprzedni\u0105 edycj\u0105 badania, gdzie 7 proc. firm zosta\u0142o sklasyfikowanych jako dojrza\u0142e.", "language": null, "link": "https://businessinsider.com.pl/gospodarka/gigant-ostrzega-polskie-firmy-coraz-slabsze-wobec-hakerow/7gebqz6", "manual_status_code": 0, "page_rating": 100, "page_rating_contents": 100, "page_rating_visits": 0, "page_rating_votes": 0, "permanent": false, "source": "https://businessinsider.com.pl/.feed", "source_obj__id": 46, "status_code": 0, "tags": [], "thumbnail": null, "title": "Gigant ostrzega: polskie firmy coraz s\u0142absze wobec haker\u00f3w", "user": null, "vote": 0}, {"age": null, "album": "", "artist": null, "bookmarked": false, "comments": [], "date_published": "2024-04-16T13:35:12+00:00", "description": "Na gruntach dzier\u017cawionych przez rodzin\u0119 Roberta Telusa od pa\u0144stwa mia\u0142o dochodzi\u0107 do licznych nieprawid\u0142owo\u015bci. Podczas kontroli znaleziono m.in. martwe zwierz\u0119ta. Co na to polityk PiS? Jest zaskoczony dzia\u0142aniami Las\u00f3w Pa\u0144stwowych i zapowiada konsekwencje.", "language": null, "link": "https://businessinsider.com.pl/wiadomosci/trzy-martwe-konie-u-bylego-ministra-rolnictwa-zrebaka-ukrywano-pod-plandeka/q1r2vzg", "manual_status_code": 0, "page_rating": 100, "page_rating_contents": 100, "page_rating_visits": 0, "page_rating_votes": 0, "permanent": false, "source": "https://businessinsider.com.pl/.feed", "source_obj__id": 46, "status_code": 0, "tags": [], "thumbnail": null, "title": "Kontrola w gospodarstwie by\u0142ego ministra. Odkryto trzy martwe konie", "user": null, "vote": 0}, {"age": null, "album": "", "artist": null, "bookmarked": false, "comments": [], "date_published": "2024-04-16T13:32:23+00:00", "description": "Samolot linii Aerof\u0142ot, kt\u00f3ry we wtorek przed po\u0142udniem wystartowa\u0142 z Kaliningradu i mia\u0142 lecie\u0107 do Moskwy, zg\u0142osi\u0142 sytuacj\u0119 krytyczn\u0105 nad Morzem Ba\u0142tyckim. W efekcie musia\u0142 awaryjnie wyl\u0105dowa\u0107 w Sankt Petersburgu. Nie wiadomo, co dok\u0142adnie sta\u0142o si\u0119 z maszyn\u0105.", "language": null, "link": "https://businessinsider.com.pl/wiadomosci/krytyczna-sytuacja-nad-baltykiem-rosyjski-samolot-musial-ladowac-awaryjnie/c1evvf4", "manual_status_code": 0, "page_rating": 100, "page_rating_contents": 100, "page_rating_visits": 0, "page_rating_votes": 0, "permanent": false, "source": "https://businessinsider.com.pl/.feed", "source_obj__id": 46, "status_code": 0, "tags": [], "thumbnail": null, "title": "\"Krytyczna sytuacja\" nad Ba\u0142tykiem. Rosyjski samolot musia\u0142 l\u0105dowa\u0107 awaryjnie", "user": null, "vote": 0}, {"age": null, "album": "", "artist": null, "bookmarked": false, "comments": [], "date_published": "2024-04-16T13:16:17+00:00", "description": "Produkuj\u0105ca \u0142opaty do turbin wiatrowych Goleni\u00f3w LM Wind Power Blades dzia\u0142a w Polsce od 2008 r. I wkr\u00f3tce b\u0119dzie dzia\u0142a\u0107 w okrojonym zakresie. Zwalnia jedn\u0105 czwart\u0105 za\u0142ogi, czyli dwie\u015bcie os\u00f3b. W tej firmie nie tylko w Polsce b\u0119d\u0105 ci\u0119cia.", "language": null, "link": "https://businessinsider.com.pl/gospodarka/jedna-czwarta-zalogi-na-bruk-zwolnienia-w-kolejnej-fabryce-w-polsce/e7jdns3", "manual_status_code": 0, "page_rating": 100, "page_rating_contents": 100, "page_rating_visits": 0, "page_rating_votes": 0, "permanent": false, "source": "https://businessinsider.com.pl/.feed", "source_obj__id": 46, "status_code": 0, "tags": [], "thumbnail": null, "title": "Jedna czwarta za\u0142ogi na bruk. Zwolnienia w kolejnej fabryce w Polsce", "user": null, "vote": 0}, {"age": null, "album": "", "artist": null, "bookmarked": false, "comments": [], "date_published": "2024-04-16T13:01:47+00:00", "description": "Podczas konferencji prasowej po posiedzeniu rz\u0105du premier Donald Tusk poruszy\u0142 kwesti\u0119 wydatkowania pieni\u0119dzy z Krajowego Planu Odbudowy. Zapowiedzia\u0142, \u017ce b\u0119dzie pr\u00f3bowa\u0142 przekona\u0107 Komisj\u0119 Europejsk\u0105 do tego, by nie przepad\u0142y pieni\u0105dze, kt\u00f3rych nie uda si\u0119 wyda\u0107 na czas. \u2014 B\u0119d\u0119 rozmawia\u0142 z tymi, kt\u00f3rzy chc\u0105 kandydowa\u0107 na r\u00f3\u017cne stanowiska w Europie, \u017ceby wzi\u0119li pod uwag\u0119 t\u0119 okoliczno\u015b\u0107 \u2014 zapewnia\u0142.", "language": null, "link": "https://businessinsider.com.pl/gospodarka/beda-problemy-z-wydaniem-kpo-donald-tusk-zapowiada-negocjacje-z-bruksela/k97rngn", "manual_status_code": 0, "page_rating": 100, "page_rating_contents": 100, "page_rating_visits": 0, "page_rating_votes": 0, "permanent": false, "source": "https://businessinsider.com.pl/.feed", "source_obj__id": 46, "status_code": 0, "tags": [], "thumbnail": null, "title": "B\u0119d\u0105 problemy z wydaniem pieni\u0119dzy z KPO. Donald Tusk zapowiada negocjacje z Bruksel\u0105", "user": null, "vote": 0}, {"age": null, "album": "", "artist": null, "bookmarked": false, "comments": [], "date_published": "2024-04-16T12:47:57+00:00", "description": "\u2014 Kiedy dotar\u0142y do mnie pierwsze informacje o tej stracie, to mi w\u0142osy na g\u0142owie stan\u0119\u0142y. Inne okoliczno\u015bci tej sprawy r\u00f3wnie\u017c s\u0105 bulwersuj\u0105ce \u2014 tak o sprawie nale\u017c\u0105cej do Orlenu szwajcarskiej sp\u00f3\u0142ki OTS m\u00f3wi\u0142 we wtorek premier Donald Tusk.", "language": null, "link": "https://businessinsider.com.pl/gospodarka/premier-komentuje-sprawe-spolki-ots-wlosy-mi-na-glowie-stanely/51pl8sy", "manual_status_code": 0, "page_rating": 100, "page_rating_contents": 100, "page_rating_visits": 0, "page_rating_votes": 0, "permanent": false, "source": "https://businessinsider.com.pl/.feed", "source_obj__id": 46, "status_code": 0, "tags": [], "thumbnail": null, "title": "Premier komentuje spraw\u0119 sp\u00f3\u0142ki Orlenu. \"W\u0142osy mi na g\u0142owie stan\u0119\u0142y\"", "user": null, "vote": 0}, {"age": null, "album": "", "artist": null, "bookmarked": false, "comments": [], "date_published": "2024-04-16T12:15:13+00:00", "description": "Fliper\u00f3w na rynku nieruchomo\u015bci przybywa, bo przyci\u0105gaj\u0105 ich zyski. Twierdz\u0105, \u017ce na jednej inwestycji mo\u017cna zarobi\u0107 od kilku do nawet kilkuset tysi\u0119cy z\u0142otych. Przybywa te\u017c szkole\u0144 dla nich. \"Dzi\u0119ki naszym dzia\u0142aniom na rynku jest coraz mniej pustostan\u00f3w\" \u2014 twierdzi uczestnik szkolenia.", "language": null, "link": "https://businessinsider.com.pl/nieruchomosci/szkolenia-z-flippowania-ile-zarabia-flipper-dzieki-nam-jest-mniej-pustostanow/htp67yk", "manual_status_code": 0, "page_rating": 100, "page_rating_contents": 100, "page_rating_visits": 0, "page_rating_votes": 0, "permanent": false, "source": "https://businessinsider.com.pl/.feed", "source_obj__id": 46, "status_code": 0, "tags": [], "thumbnail": null, "title": "Szkolenia dla flipper\u00f3w. \"Dzi\u0119ki nam jest mniej pustostan\u00f3w\"", "user": null, "vote": 0}, {"age": null, "album": "", "artist": null, "bookmarked": false, "comments": [], "date_published": "2024-04-16T12:05:42+00:00", "description": "Ponad 320 tys. z\u0142 w ci\u0105gu siedmiu lat prezesury Gertrudy U\u015bci\u0144skiej wyda\u0142 Zak\u0142ad Ubezpiecze\u0144 Spo\u0142ecznych na pielgrzymki do Cz\u0119stochowy. W wyprawach bra\u0142a udzia\u0142 sama prezeska, a pracownicy mieli by\u0107 co roku zach\u0119cani do uczestniczenia w modlitwach \u2014 informuje Zwi\u0105zek Zawodowy Zwi\u0105zkowa Alternatywa.", "language": null, "link": "https://businessinsider.com.pl/wiadomosci/zwiazkowcy-ujawnili-niektore-wydatki-zus-320-tys-zl-na-religijne-wyprawy/c2p5he6", "manual_status_code": 0, "page_rating": 100, "page_rating_contents": 100, "page_rating_visits": 0, "page_rating_votes": 0, "permanent": false, "source": "https://businessinsider.com.pl/.feed", "source_obj__id": 46, "status_code": 0, "tags": [], "thumbnail": null, "title": "Tyle ZUS wyda\u0142 na pielgrzymki na Jasn\u0105 G\u00f3r\u0119. \"By zawierzy\u0107 Bogu prac\u0119 urz\u0119dnik\u00f3w\"", "user": null, "vote": 0}, {"age": null, "album": "", "artist": null, "bookmarked": false, "comments": [], "date_published": "2024-04-16T12:00:16+00:00", "description": "Mamy kolejny dow\u00f3d na spadek dynamiki cen w Polsce. Najnowsze statystyki NBP wskazuj\u0105, \u017ce r\u00f3wno rok po rekordzie inflacja bazowa spad\u0142a mocno spad\u0142a i jest na najni\u017cszym poziomie od jesieni 2021 r. Jednak nie nale\u017cy przedwcze\u015bnie og\u0142asza\u0107 tryumfu nad inflacj\u0105: druga po\u0142owa roku przyniesie bowiem odbicie.", "language": null, "link": "https://businessinsider.com.pl/gospodarka/inflacja-znowu-w-dol-mocny-spadek-rowno-rok-po-niechlubnym-rekordzie/zg173j9", "manual_status_code": 0, "page_rating": 100, "page_rating_contents": 100, "page_rating_visits": 0, "page_rating_votes": 0, "permanent": false, "source": "https://businessinsider.com.pl/.feed", "source_obj__id": 46, "status_code": 0, "tags": [], "thumbnail": null, "title": "Kolejny spadek inflacji. Dane w tym zakresie b\u0119d\u0105 jednak k\u0142opotem dla NBP", "user": null, "vote": 0}, {"age": null, "album": "", "artist": null, "bookmarked": false, "comments": [], "date_published": "2024-04-16T11:39:38+00:00", "description": "Chi\u0144ski gospodarka ro\u015bnie, w pierwszym kwartale togo roku PKB wzr\u00f3s\u0142 o 5,3 proc. Ale nie oznacza to, \u017ce kryzys gospodarczy Chin si\u0119 sko\u0144czy\u0142.", "language": null, "link": "https://businessinsider.com.pl/gospodarka/chinska-gospodarka-ma-sie-lepiej-ale-bol-jeszcze-sie-nie-skonczyl/7se6hdl", "manual_status_code": 0, "page_rating": 100, "page_rating_contents": 100, "page_rating_visits": 0, "page_rating_votes": 0, "permanent": false, "source": "https://businessinsider.com.pl/.feed", "source_obj__id": 46, "status_code": 0, "tags": [], "thumbnail": null, "title": "Chi\u0144ska gospodarka ma si\u0119 lepiej,  ale b\u00f3l jeszcze si\u0119 nie sko\u0144czy\u0142", "user": null, "vote": 0}, {"age": null, "album": "", "artist": null, "bookmarked": false, "comments": [], "date_published": "2024-04-16T11:39:10+00:00", "description": "Michelin Polska zdecydowa\u0142 o zako\u0144czeniu produkcji opon do samochod\u00f3w ci\u0119\u017carowych w swoim zak\u0142adzie w Olsztynie wraz z ko\u0144cem roku. Firma t\u0142umaczy si\u0119 z kontrowersji zwi\u0105zanych z t\u0105 decyzj\u0105.", "language": null, "link": "https://businessinsider.com.pl/firmy/oficjalnie-gigant-wygasza-zaklad-w-polsce-firma-sie-tlumaczy/dy2bbf9", "manual_status_code": 0, "page_rating": 100, "page_rating_contents": 100, "page_rating_visits": 0, "page_rating_votes": 0, "permanent": false, "source": "https://businessinsider.com.pl/.feed", "source_obj__id": 46, "status_code": 0, "tags": [], "thumbnail": null, "title": "Oficjalnie: gigant wygasza zak\u0142ad w Polsce. Firma si\u0119 t\u0142umaczy", "user": null, "vote": 0}, {"age": null, "album": "", "artist": null, "bookmarked": false, "comments": [], "date_published": "2024-04-16T11:18:52+00:00", "description": "Od wielu lat budujemy system obrony powietrznej oparty przede wszystkim na systemie Patriot \u2014 o\u015bwiadczy\u0142 we wtorek prezydent Andrzej Duda, sceptycznie odnosz\u0105c si\u0119 przy tym do pomys\u0142u budowy tzw. \u017celaznej kopu\u0142y nad Europ\u0105. Zwr\u00f3ci\u0142 uwag\u0119, \u017ce to jest \"biznesowy projekt niemiecki\", kt\u00f3ry pojawi\u0142 si\u0119 przed dwoma laty.", "language": null, "link": "https://businessinsider.com.pl/wiadomosci/zelazna-kopula-rowniez-nad-europa-andrzej-duda-komentuje/dqr673e", "manual_status_code": 0, "page_rating": 100, "page_rating_contents": 100, "page_rating_visits": 0, "page_rating_votes": 0, "permanent": false, "source": "https://businessinsider.com.pl/.feed", "source_obj__id": 46, "status_code": 0, "tags": [], "thumbnail": null, "title": "\u017belazna kopu\u0142a r\u00f3wnie\u017c nad Europ\u0105? Andrzej Duda komentuje", "user": null, "vote": 0}, {"age": null, "album": "", "artist": null, "bookmarked": false, "comments": [], "date_published": "2024-04-16T11:13:00+00:00", "description": "Ci, kt\u00f3rzy przenosz\u0105 si\u0119 do raju podatkowego, zwykle robi\u0105 to tak niepozornie, jak to tylko mo\u017cliwe. Tord Ueland Kolstad nie dba jednak o dyskrecj\u0119. Hodowca \u0142ososi i magnat nieruchomo\u015bci otwarcie i publicznie m\u00f3wi o tym, \u017ce wyprowadzi\u0142 si\u0119 z Bod\u00f8 w p\u00f3\u0142nocnej Norwegii, aby zaoszcz\u0119dzi\u0107 na podatkach. Nie jest jedyny.", "language": null, "link": "https://businessinsider.com.pl/wiadomosci/bogacze-pouciekali-z-norwegii-nie-bawia-sie-w-dyskrecje-oburzenie-ich-nie-obchodzi/6jh5dl1", "manual_status_code": 0, "page_rating": 100, "page_rating_contents": 100, "page_rating_visits": 0, "page_rating_votes": 0, "permanent": false, "source": "https://businessinsider.com.pl/.feed", "source_obj__id": 46, "status_code": 0, "tags": [], "thumbnail": null, "title": "Superbogaci pouciekali z Norwegii. Nie bawi\u0105 si\u0119 w dyskrecj\u0119, oburzenie ich nie obchodzi", "user": null, "vote": 0}, {"age": null, "album": "", "artist": null, "bookmarked": false, "comments": [], "date_published": "2024-04-16T11:00:00+00:00", "description": "Madera to malownicza wyspa na Oceanie Atlantyckim, nazywana jest rajskim ogrodem, w kt\u00f3rym wiosna panuje przez ca\u0142y rok. S\u0142ynie z zapieraj\u0105cych dech w piersiach widok\u00f3w, bujnej ro\u015blinno\u015bci, wy\u015bmienitej kuchni oraz kameralnych miasteczek i wiosek bogatych w zabytki. Jest to najwi\u0119ksza i najbardziej popularna wyspa z archipelagu wysp portugalskich. Charakteryzuj\u0105 j\u0105 pi\u0119kne pla\u017ce, kwiaty i bogata zielona ro\u015blinno\u015b\u0107 z unikatowymi na skal\u0119 \u015bwiatow\u0105 lasami laurowymi, kt\u00f3re obj\u0119te s\u0105 ochron\u0105 UNESCO. W artykule polecamy sprawdzone hotele od biura podr\u00f3\u017cy Rainbow, kt\u00f3re maj\u0105 dost\u0119pne terminy wiosn\u0105 i latem i s\u0105 r\u00f3\u017cnorodne pod wzgl\u0119dem standardu i ceny. Zapraszamy!", "language": null, "link": "https://businessinsider.com.pl/lifestyle/podroze/zaplanuj-urlop-na-slonecznej-maderze-pokoje-z-widokiem-na-ocean/h0nhl5b", "manual_status_code": 0, "page_rating": 100, "page_rating_contents": 100, "page_rating_visits": 0, "page_rating_votes": 0, "permanent": false, "source": "https://businessinsider.com.pl/.feed", "source_obj__id": 46, "status_code": 0, "tags": [], "thumbnail": null, "title": "Zaplanuj urlop na s\u0142onecznej Maderze. Pokoje z widokiem na ocean", "user": null, "vote": 0}, {"age": null, "album": "", "artist": null, "bookmarked": false, "comments": [], "date_published": "2024-04-16T10:59:36+00:00", "description": "Du\u017cy wzrost wydatk\u00f3w na \u0142agodzenie skutk\u00f3w pandemii, tarcze antyinflacyjne oraz na obronno\u015b\u0107 skutkowa\u0142 skokowym zwi\u0119kszenia deficytu polskich finans\u00f3w publicznych. Prze rok ur\u00f3s\u0142 o 63 proc., czyli o 67 mld z\u0142, a przez dwa lata o 260 proc., czyli a\u017c 126 mld z\u0142.", "language": null, "link": "https://businessinsider.com.pl/gospodarka/tak-urosl-polski-dlug-publiczny-skokowy-wzrost/ewym57d", "manual_status_code": 0, "page_rating": 100, "page_rating_contents": 100, "page_rating_visits": 0, "page_rating_votes": 0, "permanent": false, "source": "https://businessinsider.com.pl/.feed", "source_obj__id": 46, "status_code": 0, "tags": [], "thumbnail": null, "title": "Tak ur\u00f3s\u0142 polski d\u0142ug publiczny. Skokowy wzrost", "user": null, "vote": 0}, {"age": null, "album": "", "artist": null, "bookmarked": false, "comments": [], "date_published": "2024-04-16T10:30:00+00:00", "description": "W sercu wojew\u00f3dztwa kujawsko-pomorskiego, nad brzegiem Du\u017cego Jeziora \u017bni\u0144skiego, kryje si\u0119 wyj\u0105tkowe miejsce, kt\u00f3re \u0142\u0105czy historyczny urok z nowoczesnymi udogodnieniami. Cukrownia \u017bnin, zaaran\u017cowana w postindustrialnych wn\u0119trzach dawnej fabryki cukru, przyci\u0105ga mi\u0142o\u015bnik\u00f3w historii, nowoczesnych i designerskich wn\u0119trz oraz natury. Obiekt otoczony jest rozleg\u0142ym zielonym terenem, idealnym do spacerowania i aktywnego wypoczynku. Co wi\u0119cej? Cukrownia \u017bnin wraz z serwisem Triverna.pl przygotowali specjalne ceny dla go\u015bci dokonuj\u0105cych rezerwacji poprzez linki zamieszczone w poni\u017cszym artykule. Serdecznie zapraszamy!", "language": null, "link": "https://businessinsider.com.pl/lifestyle/podroze/niezapomniane-chwile-w-designerskich-i-postindustrialnych-wnetrzach-specjalne-ceny/72m1bvd", "manual_status_code": 0, "page_rating": 100, "page_rating_contents": 100, "page_rating_visits": 0, "page_rating_votes": 0, "permanent": false, "source": "https://businessinsider.com.pl/.feed", "source_obj__id": 46, "status_code": 0, "tags": [], "thumbnail": null, "title": "Niezapomniane chwile w designerskich i postindustrialnych wn\u0119trzach. Specjalne ceny", "user": null, "vote": 0}, {"age": null, "album": "", "artist": null, "bookmarked": false, "comments": [], "date_published": "2024-04-16T10:27:15+00:00", "description": "Premier Donald Tusk, na wniosek ministra infrastruktury Dariusza Klimczaka, powo\u0142a\u0142 Juliana Rottera na stanowisko p.o. prezesa Urz\u0119du Lotnictwa Cywilnego (ULC) \u2014 poinformowa\u0142o we wtorek Ministerstwo Infrastruktury.", "language": null, "link": "https://businessinsider.com.pl/wiadomosci/ulc-ma-nowego-prezesa-poprzedni-odszedl-po-osmiu-latach/h9let4l", "manual_status_code": 0, "page_rating": 100, "page_rating_contents": 100, "page_rating_visits": 0, "page_rating_votes": 0, "permanent": false, "source": "https://businessinsider.com.pl/.feed", "source_obj__id": 46, "status_code": 0, "tags": [], "thumbnail": null, "title": "Jest nowy prezes kluczowej instytucji dla polskiego lotnictwa", "user": null, "vote": 0}, {"age": null, "album": "", "artist": null, "bookmarked": false, "comments": [], "date_published": "2024-04-16T09:47:38+00:00", "description": "Najwy\u017csza Izba Kontroli (NIK) zapowiedzia\u0142a dora\u017an\u0105 kontrol\u0119 w Komisji Nadzoru Finansowego (KNF). Jak wynika z komunikatu Izby, skoncentruje si\u0119 na dzia\u0142aniach zwi\u0105zanych z VeloBankiem.", "language": null, "link": "https://businessinsider.com.pl/finanse/nik-skontroluje-knf-chodzi-o-velobank/1g50ztk", "manual_status_code": 0, "page_rating": 100, "page_rating_contents": 100, "page_rating_visits": 0, "page_rating_votes": 0, "permanent": false, "source": "https://businessinsider.com.pl/.feed", "source_obj__id": 46, "status_code": 0, "tags": [], "thumbnail": null, "title": "NIK skontroluje... KNF. Chodzi o VeloBank", "user": null, "vote": 0}, {"age": null, "album": "", "artist": null, "bookmarked": false, "comments": [], "date_published": "2024-04-16T09:42:03+00:00", "description": "W zesz\u0142ym roku o tej porze ceny niekt\u00f3rych nowalijek wr\u0119cz eksplodowa\u0142y. Jak jest dzisiaj? Eksperci z najwi\u0119kszej hurtowni owocowo-warzywnej w kraju maj\u0105 g\u0142\u00f3wnie optymistyczne wie\u015bci. Jednocze\u015bnie ostrzegaj\u0105, \u017ce ceny dw\u00f3ch artyku\u0142\u00f3w nieprzyjemnie ich zaskoczy\u0142y.", "language": null, "link": "https://businessinsider.com.pl/poradnik-finansowy/oto-nowi-krolowie-warzywnej-drozyzny/pd3lmd6", "manual_status_code": 0, "page_rating": 100, "page_rating_contents": 100, "page_rating_visits": 0, "page_rating_votes": 0, "permanent": false, "source": "https://businessinsider.com.pl/.feed", "source_obj__id": 46, "status_code": 0, "tags": [], "thumbnail": null, "title": "Oto nowi \"kr\u00f3lowie\" warzywnej dro\u017cyzny", "user": null, "vote": 0}, {"age": null, "album": "", "artist": null, "bookmarked": false, "comments": [], "date_published": "2024-04-16T09:38:05+00:00", "description": "Dwaj g\u0142\u00f3wni akcjonariusze Banku Pekao zg\u0142osili kandydat\u00f3w do rady nadzorczej. Walne zgromadzenie, kt\u00f3re m.in. dokona roszad w tym gremium, odb\u0119dzie si\u0119 w \u015brod\u0119. Kolejnym krokiem prawdopodobnie b\u0119dzie wymiana zarz\u0105du.", "language": null, "link": "https://businessinsider.com.pl/gielda/wiadomosci/do-tej-panstwowej-spolki-kadrowa-miotla-dociera-dopiero-teraz-szykuja-sie-roszady/t0642s4", "manual_status_code": 0, "page_rating": 100, "page_rating_contents": 100, "page_rating_visits": 0, "page_rating_votes": 0, "permanent": false, "source": "https://businessinsider.com.pl/.feed", "source_obj__id": 46, "status_code": 0, "tags": [], "thumbnail": null, "title": "PZU i PFR chc\u0105 zmian w Banku Pekao. Tutaj miot\u0142a kadrowa dotar\u0142a z op\u00f3\u017anieniem", "user": null, "vote": 0}, {"age": null, "album": "", "artist": null, "bookmarked": false, "comments": [], "date_published": "2024-04-16T09:36:21+00:00", "description": "Premier Donald Tusk otwieraj\u0105c obrady rz\u0105du, poinformowa\u0142, \u017ce dzi\u015b posiedzenie rz\u0105du b\u0119dzie \"nietypowe\". Jego pierwsza cz\u0119\u015b\u0107 b\u0119dzie po\u015bwi\u0119cona m.in. narastaj\u0105cemu konfliktowi na Bliskim Wschodzie. Dlatego - jak wskaza\u0142 Tusk - zostali zaproszeni szef BBN Jacek Siewiera, szef Sztabu Generalnego WP gen. Wies\u0142aw Kuku\u0142a i dow\u00f3dca operacyjny Rodzaj\u00f3w Si\u0142 Zbrojnych gen. dyw. Maciej Klisz.", "language": null, "link": "https://businessinsider.com.pl/wiadomosci/niezwykle-posiedzenie-rzadu-na-nim-min-szef-bbn-i-szef-sztabu-generalnego/sb3803b", "manual_status_code": 0, "page_rating": 100, "page_rating_contents": 100, "page_rating_visits": 0, "page_rating_votes": 0, "permanent": false, "source": "https://businessinsider.com.pl/.feed", "source_obj__id": 46, "status_code": 0, "tags": [], "thumbnail": null, "title": "Nietypowe posiedzenie rz\u0105du. Na nim m.in. genera\u0142owie i szef BBN", "user": null, "vote": 0}, {"age": null, "album": "", "artist": null, "bookmarked": false, "comments": [], "date_published": "2024-04-16T09:36:19+00:00", "description": "Generalna Dyrekcja Dr\u00f3g Krajowych i Autostrad (GDDKiA) zaproponowa\u0142a rozbudow\u0119 autostrady A4 od Wroc\u0142awia do Legnicy. Dobry pomys\u0142? Niekoniecznie. Zmianom sprzeciwiaj\u0105 si\u0119 mieszka\u0144cy i Dolno\u015bl\u0105ski Urz\u0119d Wojew\u00f3dzki.", "language": null, "link": "https://businessinsider.com.pl/gospodarka/rozbudowa-waznej-autostrady-pod-znakiem-zapytania-mieszkancy-jej-nie-chca/r0yyy45", "manual_status_code": 0, "page_rating": 100, "page_rating_contents": 100, "page_rating_visits": 0, "page_rating_votes": 0, "permanent": false, "source": "https://businessinsider.com.pl/.feed", "source_obj__id": 46, "status_code": 0, "tags": [], "thumbnail": null, "title": "Rozbudowa wa\u017cnej autostrady pod znakiem zapytania? Mieszka\u0144cy jej nie chc\u0105", "user": null, "vote": 0}, {"age": null, "album": "", "artist": null, "bookmarked": false, "comments": [], "date_published": "2024-04-16T09:30:00+00:00", "description": "W sercu wojew\u00f3dztwa kujawsko-pomorskiego, nad brzegiem Du\u017cego Jeziora \u017bni\u0144skiego, kryje si\u0119 wyj\u0105tkowe miejsce, kt\u00f3re \u0142\u0105czy historyczny urok z nowoczesnymi udogodnieniami. Cukrownia \u017bnin, zaaran\u017cowana w postindustrialnych wn\u0119trzach dawnej fabryki cukru, przyci\u0105ga mi\u0142o\u015bnik\u00f3w historii, nowoczesnych i designerskich wn\u0119trz oraz natury. Obiekt otoczony jest rozleg\u0142ym zielonym terenem, idealnym do spacerowania i aktywnego wypoczynku. Co wi\u0119cej? Cukrownia \u017bnin wraz z serwisem Triverna.pl przygotowali specjalne ceny dla go\u015bci dokonuj\u0105cych rezerwacji poprzez linki zamieszczone w poni\u017cszym artykule. Serdecznie zapraszamy!", "language": null, "link": "https://businessinsider.com.pl/lifestyle/podroze/niezapomniane-chwile-w-designerskich-i-postindustrialnych-wnetrzach-nad-jeziorem/72m1bvd", "manual_status_code": 0, "page_rating": 100, "page_rating_contents": 100, "page_rating_visits": 0, "page_rating_votes": 0, "permanent": false, "source": "https://businessinsider.com.pl/.feed", "source_obj__id": 46, "status_code": 0, "tags": [], "thumbnail": null, "title": "Niezapomniane chwile w designerskich i postindustrialnych wn\u0119trzach nad jeziorem. Specjalne ceny", "user": null, "vote": 0}, {"age": null, "album": "", "artist": null, "bookmarked": false, "comments": [], "date_published": "2024-04-16T09:26:16+00:00", "description": "Bart\u0142omiej Obajtek, by\u0142y dyrektor generalny Las\u00f3w Pa\u0144stwowych i prywatnie brat Daniela Obajtka, zosta\u0142 w po\u0142owie stycznia odwo\u0142any. Teraz okazuje si\u0119, \u017ce by\u0142o to zwolnienie dyscyplinarne. Tak\u0105 informacj\u0119 przekaza\u0142 Wirtualnej Polsce wiceminister klimatu Miko\u0142aj Doro\u017ca\u0142a.", "language": null, "link": "https://businessinsider.com.pl/wiadomosci/bartlomiej-obajtek-zostal-zwolniony-dyscyplinarnie-znamy-powody/65y7nhr", "manual_status_code": 0, "page_rating": 100, "page_rating_contents": 100, "page_rating_visits": 0, "page_rating_votes": 0, "permanent": false, "source": "https://businessinsider.com.pl/.feed", "source_obj__id": 46, "status_code": 0, "tags": [], "thumbnail": null, "title": "Bart\u0142omiej Obajtek zosta\u0142 zwolniony dyscyplinarnie. Znamy powody", "user": null, "vote": 0}, {"age": null, "album": "", "artist": null, "bookmarked": false, "comments": [], "date_published": "2024-04-16T09:25:13+00:00", "description": "We wtorek rano wybuch\u0142 po\u017car w zabytkowym gmachu Starej Gie\u0142dy Papier\u00f3w Warto\u015bciowych w Kopenhadze. Jest to jeden z najstarszych i najbardziej charakterystycznych budynk\u00f3w stolicy Danii.", "language": null, "link": "https://businessinsider.com.pl/wiadomosci/pozar-zabytkowej-starej-gieldy-papierow-wartosciowych/dprh57k", "manual_status_code": 0, "page_rating": 100, "page_rating_contents": 100, "page_rating_visits": 0, "page_rating_votes": 0, "permanent": false, "source": "https://businessinsider.com.pl/.feed", "source_obj__id": 46, "status_code": 0, "tags": [], "thumbnail": null, "title": "Po\u017car zabytkowej Starej Gie\u0142dy Papier\u00f3w Warto\u015bciowych", "user": null, "vote": 0}, {"age": null, "album": "", "artist": null, "bookmarked": false, "comments": [], "date_published": "2024-04-16T09:19:22+00:00", "description": "Prokuratura w Piotrkowie Trybunalskim (wojew\u00f3dztwo \u0142\u00f3dzkie) otrzyma\u0142a dodatkow\u0105 opini\u0119 bieg\u0142ego dotycz\u0105c\u0105 tragicznego wypadku na autostradzie A1, w wyniku kt\u00f3rego zgin\u0119\u0142o ma\u0142\u017ce\u0144stwo wraz z pi\u0119cioletnim dzieckiem. Informacj\u0119 potwierdzi\u0142a portalowi tvn24.pl rzeczniczka Prokuratury Krajowej, prokurator Anna Adamiak. Opinia ta mo\u017ce wp\u0142yn\u0105\u0107 na zmian\u0119 zarzut\u00f3w.", "language": null, "link": "https://businessinsider.com.pl/wiadomosci/jest-nowa-opinia-w-sprawie-sebastiana-m-moze-zmienic-zarzuty-na-powazniejsze/m4fw2vg", "manual_status_code": 0, "page_rating": 100, "page_rating_contents": 100, "page_rating_visits": 0, "page_rating_votes": 0, "permanent": false, "source": "https://businessinsider.com.pl/.feed", "source_obj__id": 46, "status_code": 0, "tags": [], "thumbnail": null, "title": "Jest nowa opinia w sprawie Sebastiana M. Mo\u017ce zmieni\u0107 zarzuty na powa\u017cniejsze", "user": null, "vote": 0}, {"age": null, "album": "", "artist": null, "bookmarked": false, "comments": [], "date_published": "2024-04-16T09:16:24+00:00", "description": "Firma Ceetrus, nale\u017c\u0105ca do francuskiej grupy Auchan, kt\u00f3ra po inwazji Kremla na Ukrain\u0119 widnia\u0142a na \"listach wstydu\" w Rosji, w ko\u0144cu sprzeda\u0142a swoje aktywa w tym kraju. Kupi\u0142 je 23-letni Rosjanin.", "language": null, "link": "https://businessinsider.com.pl/wiadomosci/auchan-w-rosji-kupiony-przez-23-latka-siec-w-koncu-opuszcza-liste-wstydu/xv9vddw", "manual_status_code": 0, "page_rating": 100, "page_rating_contents": 100, "page_rating_visits": 0, "page_rating_votes": 0, "permanent": false, "source": "https://businessinsider.com.pl/.feed", "source_obj__id": 46, "status_code": 0, "tags": [], "thumbnail": null, "title": "Auchan w Rosji kupiony przez 23-latka. Sie\u0107 w ko\u0144cu opuszcza list\u0119 wstydu", "user": null, "vote": 0}, {"age": null, "album": "", "artist": null, "bookmarked": false, "comments": [], "date_published": "2024-04-16T09:15:43+00:00", "description": "Polskie Elektrownie J\u0105drowe, kt\u00f3re s\u0105 odpowiedzialne za budow\u0119 pierwszej w kraju elektrowni j\u0105drowej, maj\u0105 ju\u017c zatwierdzony projekt rob\u00f3t geologicznych dla tej inwestycji. Prace geologiczne rusz\u0105 w maju.", "language": null, "link": "https://businessinsider.com.pl/gospodarka/plan-robot-geologicznych-dla-pierwszej-elektrowni-jadrowej-zatwierdzony/sqsjske", "manual_status_code": 0, "page_rating": 100, "page_rating_contents": 100, "page_rating_visits": 0, "page_rating_votes": 0, "permanent": false, "source": "https://businessinsider.com.pl/.feed", "source_obj__id": 46, "status_code": 0, "tags": [], "thumbnail": null, "title": "Plan rob\u00f3t geologicznych dla pierwszej elektrowni j\u0105drowej zatwierdzony", "user": null, "vote": 0}, {"age": null, "album": "", "artist": null, "bookmarked": false, "comments": [], "date_published": "2024-04-16T09:14:56+00:00", "description": "Grecki sektor medialny zanurzy\u0142 si\u0119 we wtorek w 24-godzinny strajk, z dziennikarzami domagaj\u0105cymi si\u0119 lepszych warunk\u00f3w pracy \u2014 donosi lokalny portal eKathimerini. W\u015br\u00f3d strajkuj\u0105cych s\u0105 pracownicy agencji informacyjnej AMNA.", "language": null, "link": "https://businessinsider.com.pl/gospodarka/wielki-strajk-dziennikarzy-w-grecji-zbyt-skromne-zarobki/zp1lg92", "manual_status_code": 0, "page_rating": 100, "page_rating_contents": 100, "page_rating_visits": 0, "page_rating_votes": 0, "permanent": false, "source": "https://businessinsider.com.pl/.feed", "source_obj__id": 46, "status_code": 0, "tags": [], "thumbnail": null, "title": "Wielki strajk dziennikarzy w Grecji. \"Zbyt skromne zarobki\"", "user": null, "vote": 0}, {"age": null, "album": "", "artist": null, "bookmarked": false, "comments": [], "date_published": "2024-04-16T09:10:52+00:00", "description": "Dla pa\u0144stw naszego regionu wej\u015bcie do Unii Europejskiej to olbrzymi sukces gospodarczy i spo\u0142eczny. Polska i Litwa s\u0105 najwi\u0119kszymi beneficjentami do\u0142\u0105czenia dwie dekady temu do europejskiej wsp\u00f3lnoty \u2013 wynika z raportu Polskiego Instytutu Ekonomicznego, kt\u00f3ry pozna\u0142 Business Insider Polska. Dzi\u0119ki unijnej akcesji naszego PKB na g\u0142ow\u0119 mieszka\u0144ca jest a\u017c o 40 proc. wy\u017csze ni\u017c gdyby\u015bmy pozostali poza UE.", "language": null, "link": "https://businessinsider.com.pl/gospodarka/makroekonomia/polska-w-ue-bilans-zyskow-daje-nam-pozycje-lidera/cmvx05j", "manual_status_code": 0, "page_rating": 100, "page_rating_contents": 100, "page_rating_visits": 0, "page_rating_votes": 0, "permanent": false, "source": "https://businessinsider.com.pl/.feed", "source_obj__id": 46, "status_code": 0, "tags": [], "thumbnail": null, "title": "Tak zyskali\u015bmy na wej\u015bciu do UE. Polska trafi\u0142a do czo\u0142\u00f3wki", "user": null, "vote": 0}, {"age": null, "album": "", "artist": null, "bookmarked": false, "comments": [], "date_published": "2024-04-16T08:36:09+00:00", "description": "Umawianie si\u0119 do lekarzy ma by\u0107 \u0142atwiejsza, a pomo\u017ce w tym e-rejestracja. Jej wdra\u017canie b\u0119dzie jednak stopniowe. Minister zdrowia Izabela Leszczyna przekaza\u0142a, \u017ce pierwsze elementy e-rejestracji zamierza wprowadzi\u0107 od 1 czerwca.", "language": null, "link": "https://businessinsider.com.pl/wiadomosci/w-koncu-ruszy-e-rejestracja-ale-nie-wszedzie-naraz/0pe80dm", "manual_status_code": 0, "page_rating": 100, "page_rating_contents": 100, "page_rating_visits": 0, "page_rating_votes": 0, "permanent": false, "source": "https://businessinsider.com.pl/.feed", "source_obj__id": 46, "status_code": 0, "tags": [], "thumbnail": null, "title": "W ko\u0144cu ruszy e-rejestracja. Ale nie wsz\u0119dzie naraz", "user": null, "vote": 0}, {"age": null, "album": "", "artist": null, "bookmarked": false, "comments": [], "date_published": "2024-04-16T08:32:34+00:00", "description": "Z\u0142oty os\u0142abia\u0142 si\u0119 we wtorek rano wobec dolara. To pi\u0105ta z rz\u0119du sesja, gdy nasza waluta traci. To jednak g\u0142\u00f3wnie efekt wzmocnienia \"zielonego\", korzystaj\u0105cego na zwi\u0119kszonej awersji do ryzyka i poszukiwania przez globalny kapita\u0142 bezpiecznych przystani. Negatywnie odbija si\u0119 to tak\u017ce na rynkach akcji, w tym na notowaniach czo\u0142owych indeks\u00f3w z GPW.", "language": null, "link": "https://businessinsider.com.pl/gielda/wiadomosci/minorowe-nastroje-na-rynkach-zloty-w-odwrocie-gielda-i-obligacje-traca/q3g48r1", "manual_status_code": 0, "page_rating": 100, "page_rating_contents": 100, "page_rating_visits": 0, "page_rating_votes": 0, "permanent": false, "source": "https://businessinsider.com.pl/.feed", "source_obj__id": 46, "status_code": 0, "tags": [], "thumbnail": null, "title": "Z\u0142oty w odwrocie, gie\u0142da traci. Globalne rynki finansowe znalaz\u0142y si\u0119 w istotnym punkcie", "user": null, "vote": 0}, {"age": null, "album": "", "artist": null, "bookmarked": false, "comments": [], "date_published": "2024-04-16T08:11:52+00:00", "description": "Rz\u0105d Rosji rozwa\u017ca mo\u017cliwo\u015b\u0107 z\u0142agodzenia rygorystycznych norm \u015brodowiskowych dotycz\u0105cych paliw, aby umo\u017cliwi\u0107 stosowanie benzyny niskiej jako\u015bci \u2014 donosi Reuters. W ten spos\u00f3b Kreml m\u00f3g\u0142by zapobiec niedostatkom paliwa w sezonie po tym, jak Ukrai\u0144cy ostrzelali rosyjskie rafinerie. Taka benzyna mo\u017ce jednak niszczy\u0107 nowoczesne pojazdy.", "language": null, "link": "https://businessinsider.com.pl/wiadomosci/paliwo-niskiej-jakosci-ratunkiem-dla-rosji-tak-kreml-chce-zaspokoic-sezonowy-popyt/lsr9tpy", "manual_status_code": 0, "page_rating": 100, "page_rating_contents": 100, "page_rating_visits": 0, "page_rating_votes": 0, "permanent": false, "source": "https://businessinsider.com.pl/.feed", "source_obj__id": 46, "status_code": 0, "tags": [], "thumbnail": null, "title": "Paliwa niskiej jako\u015bci ratunkiem dla Rosji. Tak Kreml chce zaspokoi\u0107 sezonowy popyt", "user": null, "vote": 0}, {"age": null, "album": "", "artist": null, "bookmarked": false, "comments": [], "date_published": "2024-04-16T08:03:36+00:00", "description": "To politycznie bardzo trudny temat, ale przy kurcz\u0105cych si\u0119 zasobach na rynku pracy jest to niezb\u0119dne \u2014 uwa\u017ca dyrektorka Instytutu Statystyki i Demografii SGH prof. Agnieszka Ch\u0142o\u0144-Domi\u0144czak.", "language": null, "link": "https://businessinsider.com.pl/praca/emerytury/emerytura-od-67-roku-zycia-to-niezbedne/4jxtt5x", "manual_status_code": 0, "page_rating": 100, "page_rating_contents": 100, "page_rating_visits": 0, "page_rating_votes": 0, "permanent": false, "source": "https://businessinsider.com.pl/.feed", "source_obj__id": 46, "status_code": 0, "tags": [], "thumbnail": null, "title": "Emerytura od 67. roku \u017cycia? \"To niezb\u0119dne\"", "user": null, "vote": 0}, {"age": null, "album": "", "artist": null, "bookmarked": false, "comments": [], "date_published": "2024-04-16T08:00:00+00:00", "description": "Masz dochody z gie\u0142dy lub funduszy, dosta\u0142e\u015b PIT-8C i musisz rozliczy\u0107 si\u0119 w PIT-38? Uwa\u017caj na to, co wpisujesz w PIT, bo cho\u0107 zmieni\u0142y si\u0119 przepisy, to do rozlicze\u0144 za 2023 r. nadal trzeba stosowa\u0107 stare regulacje. Bazowanie na PIT-8C te\u017c mo\u017ce by\u0107 b\u0142\u0119dem. T\u0142umaczymy, jak unikn\u0105\u0107 wpadek, rozliczaj\u0105c dochody i straty m.in. z gie\u0142dy i funduszy w 2023 r.", "language": null, "link": "https://businessinsider.com.pl/prawo/podatki/masz-dochody-z-gieldy-uniknij-bledow-w-pit-38-bo-moga-cie-sporo-kosztowac/vc5k2j2", "manual_status_code": 0, "page_rating": 100, "page_rating_contents": 100, "page_rating_visits": 0, "page_rating_votes": 0, "permanent": false, "source": "https://businessinsider.com.pl/.feed", "source_obj__id": 46, "status_code": 0, "tags": [], "thumbnail": null, "title": "Masz dochody z gie\u0142dy? Nie pope\u0142nij tych b\u0142\u0119d\u00f3w, rozliczaj\u0105c PIT za 2023 r.", "user": null, "vote": 0}, {"age": null, "album": "", "artist": null, "bookmarked": false, "comments": [], "date_published": "2024-04-16T07:39:56+00:00", "description": "Zamiast spowolni\u0107 \u2014 jak wskazywa\u0142y prognozy \u2014 chi\u0144ska gospodarka w pierwszych trzech miesi\u0105cach tego roku przy\u015bpieszy\u0142a. Ale struktura danych nie napawa ju\u017c takim optymizmem, cho\u0107 ekonomi\u015bci przyznaj\u0105, \u017ce oczekiwania na ca\u0142y rok by\u0142y ustawione zbyt nisko i mo\u017ce nas teraz czeka\u0107 rewizja prognoz w g\u00f3r\u0119.", "language": null, "link": "https://businessinsider.com.pl/gospodarka/zaskoczenie-z-chin-ale-nie-jest-tak-rozowo-u-gospodarczego-wicelidera-swiata/dtnb15f", "manual_status_code": 0, "page_rating": 100, "page_rating_contents": 100, "page_rating_visits": 0, "page_rating_votes": 0, "permanent": false, "source": "https://businessinsider.com.pl/.feed", "source_obj__id": 46, "status_code": 0, "tags": [], "thumbnail": null, "title": "Zaskoczenie z Chin. Ale nie jest tak r\u00f3\u017cowo w drugiej co do wielko\u015bci gospodarce \u015bwiata", "user": null, "vote": 0}, {"age": null, "album": "", "artist": null, "bookmarked": false, "comments": [], "date_published": "2024-04-16T07:21:27+00:00", "description": "Wed\u0142ug koszyka firmy ASM Sales Force Agency Auchan w marcu nie by\u0142 ju\u017c najta\u0144szym sklepem w Polsce. Og\u00f3\u0142em w siedmiu sieciach ceny skoczy\u0142y, a w sze\u015bciu by\u0142y ni\u017csze ni\u017c w lutym.", "language": null, "link": "https://businessinsider.com.pl/wiadomosci/auchan-zdetronizowany-jest-nowy-najtanszy-sklep-w-polsce/jpsr1gz", "manual_status_code": 0, "page_rating": 100, "page_rating_contents": 100, "page_rating_visits": 0, "page_rating_votes": 0, "permanent": false, "source": "https://businessinsider.com.pl/.feed", "source_obj__id": 46, "status_code": 0, "tags": [], "thumbnail": null, "title": "Auchan zdetronizowany po wielu miesi\u0105cach. Jest nowy najta\u0144szy sklep w Polsce", "user": null, "vote": 0}, {"age": null, "album": "", "artist": null, "bookmarked": false, "comments": [], "date_published": "2024-04-16T06:28:25+00:00", "description": "25 proc. Polak\u00f3w wierzy, \u017ce emerytura z ZUS wystarczy im na godne \u017cycie, a 21 proc. z nas godzi si\u0119 na prac\u0119 do \u015bmierci. To wnioski z raportu przygotowanego na zlecenie Goldman Sachs TFI. Tylko 54 proc. z nas my\u015bli o tym, co b\u0119dzie na staro\u015b\u0107. Problem w tym, \u017ce na my\u015bleniu cz\u0119sto si\u0119 ko\u0144czy. \u2014 Dla 30- i 40-latk\u00f3w nadszed\u0142 czas, aby zadba\u0107 o swoj\u0105 przysz\u0142\u0105 emerytur\u0119 \u2014 m\u00f3wi Business Insiderowi Rados\u0142aw Sosna, executive director w Goldman Sachs TFI.", "language": null, "link": "https://businessinsider.com.pl/gospodarka/polacy-wciaz-to-bagatelizuja-najwyzsza-pora-sie-zainteresowac/896h8lv", "manual_status_code": 0, "page_rating": 100, "page_rating_contents": 100, "page_rating_visits": 0, "page_rating_votes": 0, "permanent": false, "source": "https://businessinsider.com.pl/.feed", "source_obj__id": 46, "status_code": 0, "tags": [], "thumbnail": null, "title": "Polacy wci\u0105\u017c s\u0105 nie\u015bwiadomi tego, co czeka ich finanse. \"Najwy\u017csza pora si\u0119 zainteresowa\u0107\"", "user": null, "vote": 0}, {"age": null, "album": "", "artist": null, "bookmarked": false, "comments": [], "date_published": "2024-04-16T06:02:56+00:00", "description": "Fabryka opon Michelin w Olsztynie, kt\u00f3ra jest jednym z najwi\u0119kszych pracodawc\u00f3w w wojew\u00f3dztwie warmi\u0144sko-mazurskim, likwiduje jeden ze swoich wydzia\u0142\u00f3w \u2014 informuje portal olsztyn.com.pl. Produkcja opon do aut ci\u0119\u017carowych ma zosta\u0107 przeniesiona do Rumunii. Nie wszyscy z 500-osobowej za\u0142ogi strac\u0105 jednak prac\u0119.", "language": null, "link": "https://businessinsider.com.pl/wiadomosci/kolejna-firma-tnie-koszty-w-polsce-produkcja-ma-byc-przeniesiona-do-rumunii/475630f", "manual_status_code": 0, "page_rating": 100, "page_rating_contents": 100, "page_rating_visits": 0, "page_rating_votes": 0, "permanent": false, "source": "https://businessinsider.com.pl/.feed", "source_obj__id": 46, "status_code": 0, "tags": [], "thumbnail": null, "title": "Kolejna firma tnie koszty w Polsce. Produkcja ma by\u0107 przeniesiona do Rumunii", "user": null, "vote": 0}, {"age": null, "album": "", "artist": null, "bookmarked": false, "comments": [], "date_published": "2024-04-16T06:00:16+00:00", "description": "Jad\u0105c do Japonii czy to w celach turystycznych, czy te\u017c biznesowych, warto zna\u0107 aktualny kurs jena (JPY). Z tego artyku\u0142u dowiesz si\u0119, jaki jest aktualny kurs japo\u0144skiej waluty na dzie\u0144 16 kwietnia 2024, a tak\u017ce jak kurs zmienia si\u0119 w uj\u0119ciu tygodniowym. U\u0142atwi to podj\u0105\u0107 decyzj\u0119, kiedy kupi\u0107 jeny.", "language": null, "link": "https://businessinsider.com.pl/gielda/kursy-walut/kurs-jena-japonskiego-dzisiaj-po-ile-jest-jen-japonski-16-kwietnia-2024-r/0wstyx7", "manual_status_code": 0, "page_rating": 100, "page_rating_contents": 100, "page_rating_visits": 0, "page_rating_votes": 0, "permanent": false, "source": "https://businessinsider.com.pl/.feed", "source_obj__id": 46, "status_code": 0, "tags": [], "thumbnail": null, "title": "Kurs JPY/PLN 16 kwietnia 2024 r.", "user": null, "vote": 0}, {"age": null, "album": "", "artist": null, "bookmarked": false, "comments": [], "date_published": "2024-04-16T05:54:01+00:00", "description": "Rodzice jedynak\u00f3w trac\u0105 podatkow\u0105 ulg\u0119, bo ich pensje rosn\u0105, a limit dochod\u00f3w nie zmienia si\u0119 od lat \u2014 podaje\"Rzeczpospolita\".", "language": null, "link": "https://businessinsider.com.pl/prawo/podatki/rodzice-jedynakow-maja-problem-z-ulga-w-pit/7z7m36b", "manual_status_code": 0, "page_rating": 100, "page_rating_contents": 100, "page_rating_visits": 0, "page_rating_votes": 0, "permanent": false, "source": "https://businessinsider.com.pl/.feed", "source_obj__id": 46, "status_code": 0, "tags": [], "thumbnail": null, "title": "Rodzice jedynak\u00f3w maj\u0105 problem z ulg\u0105 w PIT", "user": null, "vote": 0}, {"age": null, "album": "", "artist": null, "bookmarked": false, "comments": [], "date_published": "2024-04-16T05:39:28+00:00", "description": "Politycy coraz g\u0142o\u015bniej m\u00f3wi\u0105, \u017ce Rosja nie zatrzyma si\u0119 na Ukrainie. \u2014 W 1968 roku widzia\u0142em rosyjskie czo\u0142gi na ulicach Pragi i nie chc\u0119 ich nigdy wi\u0119cej ich widzie\u0107 \u2014 powiedzia\u0142 premier Czech Petr Fiala podczas spotkania z prezydentem USA Joe Bidenem.", "language": null, "link": "https://businessinsider.com.pl/wiadomosci/premier-czech-nie-chce-znow-widziec-rosyjskich-czolgow-w-moim-kraju/9dg5hhp", "manual_status_code": 0, "page_rating": 100, "page_rating_contents": 100, "page_rating_visits": 0, "page_rating_votes": 0, "permanent": false, "source": "https://businessinsider.com.pl/.feed", "source_obj__id": 46, "status_code": 0, "tags": [], "thumbnail": null, "title": "Premier Czech: nie chc\u0119 zn\u00f3w widzie\u0107 rosyjskich czo\u0142g\u00f3w w moim kraju", "user": null, "vote": 0}, {"age": null, "album": "", "artist": null, "bookmarked": false, "comments": [], "date_published": "2024-04-16T05:25:00+00:00", "description": "S\u0142ynny \u2014 i niezwykle kontrowersyjny \u2014 zamek w wielkopolskiej Stobnicy ci\u0105gle nie jest uko\u0144czony. W\u0142a\u015bciciele jednak i tak chc\u0105 zrobi\u0107 z niego atrakcj\u0119 turystyczn\u0105. Na maj szykuj\u0105 \"pierwsze obl\u0119\u017cenie Stobnicy\".", "language": null, "link": "https://businessinsider.com.pl/wiadomosci/szykuje-sie-oblezenie-zamku-w-stobnicy-znamy-termin/8z2w3e3", "manual_status_code": 0, "page_rating": 100, "page_rating_contents": 100, "page_rating_visits": 0, "page_rating_votes": 0, "permanent": false, "source": "https://businessinsider.com.pl/.feed", "source_obj__id": 46, "status_code": 0, "tags": [], "thumbnail": null, "title": "Szykuje si\u0119 obl\u0119\u017cenie zamku w Stobnicy. Znamy termin", "user": null, "vote": 0}, {"age": null, "album": "", "artist": null, "bookmarked": false, "comments": [], "date_published": "2024-04-16T05:13:50+00:00", "description": "\"Cho\u0107 CPK to projekt kojarzony z parti\u0105, kt\u00f3rej nie do ko\u0144ca po drodze z biznesem, to generalnie jest przez niego popierany \u2014 tak wynika z moich rozm\u00f3w z polskimi przedsi\u0119biorcami. Wad\u0105 CPK jest jego silne upolitycznienie\" \u2014 m\u00f3wi w rozmowie z \"Pulsem Biznesu\" Piotr D\u0119bicki, prezes Formiki. Zwolennikiem lotniska jest tak\u017ce m.in. Krzysztof Domarecki, za\u0142o\u017cyciel i g\u0142\u00f3wny akcjonariusz Seleny. Nieco inne zdanie ma natomiast Mateusz Juroszek, przewodnicz\u0105cy RN w sp\u00f3\u0142kach Atal i STS.", "language": null, "link": "https://businessinsider.com.pl/wiadomosci/rzad-pod-presja-w-sprawie-cpk-polscy-biznesmeni-zabrali-glos/rny7n1c", "manual_status_code": 0, "page_rating": 100, "page_rating_contents": 100, "page_rating_visits": 0, "page_rating_votes": 0, "permanent": false, "source": "https://businessinsider.com.pl/.feed", "source_obj__id": 46, "status_code": 0, "tags": [], "thumbnail": null, "title": "Rz\u0105d pod presj\u0105 w sprawie CPK. Polscy biznesmeni zabrali g\u0142os", "user": null, "vote": 0}, {"age": null, "album": "", "artist": null, "bookmarked": false, "comments": [], "date_published": "2024-04-16T05:05:31+00:00", "description": "Depresja to coraz wi\u0119kszy problem w\u015br\u00f3d Polak\u00f3w. Obecnie na chorob\u0119 t\u0119 cierpi co najmniej cztery miliony naszych rodak\u00f3w. To wymierne \u2014 gigantyczne \u2014 koszty wynikaj\u0105ce cho\u0107by ze zwolnie\u0144 lekarskich. O problemie pisze \"Rzeczpospolita\".", "language": null, "link": "https://businessinsider.com.pl/praca/jest-coraz-gorzej-depresja-pracownikow-kosztuje-miliardy/mtn8mys", "manual_status_code": 0, "page_rating": 100, "page_rating_contents": 100, "page_rating_visits": 0, "page_rating_votes": 0, "permanent": false, "source": "https://businessinsider.com.pl/.feed", "source_obj__id": 46, "status_code": 0, "tags": [], "thumbnail": null, "title": "Jest coraz gorzej. Depresja pracownik\u00f3w kosztuje miliardy", "user": null, "vote": 0}, {"age": null, "album": "", "artist": null, "bookmarked": false, "comments": [], "date_published": "2024-04-16T05:00:50+00:00", "description": "Przedstawiamy aktualne notowania kursu liry tureckiej. Oto jak zmienia si\u0119 kurs liry do polskiego z\u0142otego. Warto zapozna\u0107 si\u0119 ze zmianami, by podj\u0105\u0107 decyzj\u0119, kiedy wymieni\u0107 walut\u0119, je\u015bli wybieramy si\u0119 np na wakacje do tureckich kurort\u00f3w.", "language": null, "link": "https://businessinsider.com.pl/gielda/kursy-walut/kurs-trypln-16-kwietnia-2024-r/xlt6lb7", "manual_status_code": 0, "page_rating": 100, "page_rating_contents": 100, "page_rating_visits": 0, "page_rating_votes": 0, "permanent": false, "source": "https://businessinsider.com.pl/.feed", "source_obj__id": 46, "status_code": 0, "tags": [], "thumbnail": null, "title": "Kurs TRY/PLN 16 kwietnia 2024 r.", "user": null, "vote": 0}, {"age": null, "album": "", "artist": null, "bookmarked": false, "comments": [], "date_published": "2024-04-16T05:00:45+00:00", "description": "Poznaj bie\u017c\u0105ce notowanie kursu w\u0119gierskiego forinta wraz ze zmianami w odniesieniu dziennym i tygodniowym. Poni\u017csze dane dotycz\u0105 kursu HUF na dzie\u0144 16 kwietnia 2024. Czy z\u0142oty wzmacania si\u0119, czy traci? Pokazujemy to na wykresie i w danych poni\u017cszego artyku\u0142u.", "language": null, "link": "https://businessinsider.com.pl/gielda/kursy-walut/kurs-hufpln-16-kwietnia-2024-r/1lz5dxx", "manual_status_code": 0, "page_rating": 100, "page_rating_contents": 100, "page_rating_visits": 0, "page_rating_votes": 0, "permanent": false, "source": "https://businessinsider.com.pl/.feed", "source_obj__id": 46, "status_code": 0, "tags": [], "thumbnail": null, "title": "Kurs HUF/PLN 16 kwietnia 2024 r.", "user": null, "vote": 0}, {"age": null, "album": "", "artist": null, "bookmarked": false, "comments": [], "date_published": "2024-04-16T05:00:40+00:00", "description": "Je\u015bli potrzebujesz informacji o kursie korony du\u0144skiej, przedstawiamy bie\u017c\u0105ce notowania. Wczorajszy kurs wynosi\u0142 0,57705 z\u0142. Zobacz, jak sytuacja kszta\u0142tuje si\u0119 dzi\u015b: 16 kwietnia 2024.", "language": null, "link": "https://businessinsider.com.pl/gielda/kursy-walut/kurs-dkkpln-16-kwietnia-2024-r/qjkgby7", "manual_status_code": 0, "page_rating": 100, "page_rating_contents": 100, "page_rating_visits": 0, "page_rating_votes": 0, "permanent": false, "source": "https://businessinsider.com.pl/.feed", "source_obj__id": 46, "status_code": 0, "tags": [], "thumbnail": null, "title": "Kurs DKK/PLN 16 kwietnia 2024 r.", "user": null, "vote": 0}, {"age": null, "album": "", "artist": null, "bookmarked": false, "comments": [], "date_published": "2024-04-16T05:00:35+00:00", "description": "Prezentujemy aktualne notowania kursu waluty korony szwedzkiej (SEK) na dzie\u0144 16 kwietnia 2024. Warto zwr\u00f3ci\u0107 uwag\u0119, \u017ce kurs korony mo\u017ce mie\u0107 wp\u0142yw na ceny importowanych towar\u00f3w i us\u0142ug.", "language": null, "link": "https://businessinsider.com.pl/gielda/kursy-walut/kurs-sekpln-16-kwietnia-2024-r/lzkwknx", "manual_status_code": 0, "page_rating": 100, "page_rating_contents": 100, "page_rating_visits": 0, "page_rating_votes": 0, "permanent": false, "source": "https://businessinsider.com.pl/.feed", "source_obj__id": 46, "status_code": 0, "tags": [], "thumbnail": null, "title": "Kurs SEK/PLN 16 kwietnia 2024 r.", "user": null, "vote": 0}, {"age": null, "album": "", "artist": null, "bookmarked": false, "comments": [], "date_published": "2024-04-16T05:00:25+00:00", "description": "Pokazujemy bie\u017c\u0105ce notowania kursu korony norweskiej oraz zmiany kursu w uj\u0119ciu dziennym. Wczoraj kurs NOK wynosi\u0142 0,3703 z\u0142. Dzisiejsz\u0105 zmian\u0119 sprawdzisz w poni\u017cszym artykule.", "language": null, "link": "https://businessinsider.com.pl/gielda/kursy-walut/kurs-nokpln-16-kwietnia-2024-r/06b0s4r", "manual_status_code": 0, "page_rating": 100, "page_rating_contents": 100, "page_rating_visits": 0, "page_rating_votes": 0, "permanent": false, "source": "https://businessinsider.com.pl/.feed", "source_obj__id": 46, "status_code": 0, "tags": [], "thumbnail": null, "title": "Kurs NOK/PLN 16 kwietnia 2024 r.", "user": null, "vote": 0}, {"age": null, "album": "", "artist": null, "bookmarked": false, "comments": [], "date_published": "2024-04-16T05:00:20+00:00", "description": "Przedstawiamy notowania aktualnego kursu waluty CZK z dnia 16 kwietnia 2024. Wczoraj wynosi\u0142 0,17015 z\u0142.", "language": null, "link": "https://businessinsider.com.pl/gielda/kursy-walut/kurs-czkpln-16-kwietnia-2024-r/9h8tx9n", "manual_status_code": 0, "page_rating": 100, "page_rating_contents": 100, "page_rating_visits": 0, "page_rating_votes": 0, "permanent": false, "source": "https://businessinsider.com.pl/.feed", "source_obj__id": 46, "status_code": 0, "tags": [], "thumbnail": null, "title": "Kurs CZK/PLN 16 kwietnia 2024 r.", "user": null, "vote": 0}, {"age": null, "album": "", "artist": null, "bookmarked": false, "comments": [], "date_published": "2024-04-16T05:00:15+00:00", "description": "W tym artykule znajduj\u0105 si\u0119 informacje o bie\u017c\u0105cym kursie funta brytyjskiego 16 kwietnia 2024. Wczorajszy 5,04245 z\u0142 jak zmieni\u0142 si\u0119 dzi\u015b? Sprawdzisz poni\u017cej.", "language": null, "link": "https://businessinsider.com.pl/gielda/kursy-walut/kurs-gbppln-16-kwietnia-2024-r/gt803cj", "manual_status_code": 0, "page_rating": 100, "page_rating_contents": 100, "page_rating_visits": 0, "page_rating_votes": 0, "permanent": false, "source": "https://businessinsider.com.pl/.feed", "source_obj__id": 46, "status_code": 0, "tags": [], "thumbnail": null, "title": "Kurs GBP/PLN 16 kwietnia 2024 r.", "user": null, "vote": 0}, {"age": null, "album": "", "artist": null, "bookmarked": false, "comments": [], "date_published": "2024-04-16T05:00:10+00:00", "description": "Poznaj bie\u017c\u0105cy kurs franka szwajcarskiego na dzie\u0144 16 kwietnia 2024. CHF to waluta, kt\u00f3ra przede wszystkim interesuje osoby maj\u0105ce kredyt we frankach. Czy polska waluta wzmocni\u0142a si\u0119, czy os\u0142ab\u0142a? Wczoraj kurs szwajcarskiej waluty wynosi\u0142 4,44375 z\u0142. Jak wygl\u0105da dzisiejszy kurs CHF/PLN, sprawdzisz w tym artykule.", "language": null, "link": "https://businessinsider.com.pl/gielda/kursy-walut/kurs-chfpln-16-kwietnia-2024-r/0jrz38b", "manual_status_code": 0, "page_rating": 100, "page_rating_contents": 100, "page_rating_visits": 0, "page_rating_votes": 0, "permanent": false, "source": "https://businessinsider.com.pl/.feed", "source_obj__id": 46, "status_code": 0, "tags": [], "thumbnail": null, "title": "Kurs CHF/PLN 16 kwietnia 2024 r.", "user": null, "vote": 0}, {"age": null, "album": "", "artist": null, "bookmarked": false, "comments": [], "date_published": "2024-04-16T05:00:05+00:00", "description": "Zobacz aktualne notowania waluty USD. Pokazujemy, jak zmienia si\u0119 kurs ameryka\u0144skiej waluty w stosunku do polskiej z\u0142ot\u00f3wki. Czy PLN umacnia si\u0119, czy s\u0142abnie? Wczoraj kurs USD wynosi\u0142 4,05135 z\u0142.", "language": null, "link": "https://businessinsider.com.pl/gielda/kursy-walut/kurs-usdpln-16-kwietnia-2024-r/wskzvxm", "manual_status_code": 0, "page_rating": 100, "page_rating_contents": 100, "page_rating_visits": 0, "page_rating_votes": 0, "permanent": false, "source": "https://businessinsider.com.pl/.feed", "source_obj__id": 46, "status_code": 0, "tags": [], "thumbnail": null, "title": "Kurs USD/PLN 16 kwietnia 2024 r.", "user": null, "vote": 0}, {"age": null, "album": "", "artist": null, "bookmarked": false, "comments": [], "date_published": "2024-04-16T05:00:02+00:00", "description": "Oto bie\u017c\u0105cy kurs waluty euro na dzie\u0144 16 kwietnia 2024. Euro to obecnie najwa\u017cniejsza waluta w Unii Europejskiej, a od kursu euro uzale\u017cniona jest cena wielu importowanych i eksportowanych towar\u00f3w i produkt\u00f3w. Jak wygl\u0105daj\u0105 jej aktualne notowania oraz ile wynosi warto\u015b\u0107 wzgl\u0119dem z\u0142ot\u00f3wki? Wczoraj kurs euro wynosi\u0142: 4,3045 z\u0142.", "language": null, "link": "https://businessinsider.com.pl/gielda/kursy-walut/kurs-eurpln-16-kwietnia-2024-r/8s785wt", "manual_status_code": 0, "page_rating": 100, "page_rating_contents": 100, "page_rating_visits": 0, "page_rating_votes": 0, "permanent": false, "source": "https://businessinsider.com.pl/.feed", "source_obj__id": 46, "status_code": 0, "tags": [], "thumbnail": null, "title": "Kurs EUR/PLN 16 kwietnia 2024 r.", "user": null, "vote": 0}, {"age": null, "album": "", "artist": null, "bookmarked": false, "comments": [], "date_published": "2024-04-16T05:00:00+00:00", "description": "Budowa domu zwykle wi\u0105\u017ce si\u0119 z potrzeb\u0105 zaci\u0105gni\u0119cia kredytu. Czasami w kosztorysie budowy domu przygotowanym dla banku nie zostanie uwzgl\u0119dniony gara\u017c \u2014 mo\u017ce to by\u0107 na przyk\u0142ad przeoczenie lub kto\u015b planuje wybudowa\u0107 go p\u00f3\u017aniej. Bywa, \u017ce na gara\u017c tak\u017ce potrzeba dodatkowych pieni\u0119dzy. Mo\u017cna wtedy wnioskowa\u0107 o udzielenie kredytu lub po\u017cyczki. Kt\u00f3re z dost\u0119pnych typ\u00f3w finansowania jest najbardziej op\u0142acalne? Czy mo\u017cna otrzyma\u0107 kredyt hipoteczny na gara\u017c? Jak dzia\u0142a po\u017cyczka hipoteczna?", "language": null, "link": "https://businessinsider.com.pl/poradnik-finansowy/kredyt-na-garaz-jaki-wybrac-ktory-jest-oplacalny/yrwwryr", "manual_status_code": 0, "page_rating": 100, "page_rating_contents": 100, "page_rating_visits": 0, "page_rating_votes": 0, "permanent": false, "source": "https://businessinsider.com.pl/.feed", "source_obj__id": 46, "status_code": 0, "tags": [], "thumbnail": null, "title": "Kredyt na gara\u017c \u2013 warunki, op\u0142acalno\u015b\u0107, jaki wybra\u0107", "user": null, "vote": 0}, {"age": null, "album": "", "artist": null, "bookmarked": false, "comments": [], "date_published": "2024-04-16T04:46:35+00:00", "description": "Halving, czyli aktualizacja oprogramowania w blockchainie bitcoin, ma miejsce co cztery lata. W ostatnim czasie, gdy BTC ma ju\u017c wysokie wyceny, powoduje wielomiliardowe spadki przychod\u00f3w dla firm, kt\u00f3re zajmuj\u0105 si\u0119 tzw. wydobywaniem bitcoin\u00f3w, zapewniaj\u0105c p\u0142ynne funkcjonowanie cyfrowej waluty. Z tego powodu \"g\u00f3rnicy\" BTC musz\u0105 szuka\u0107 alternatywnych \u017ar\u00f3de\u0142 pr\u0105du, aby mie\u0107 jak najni\u017csze koszty. Im mniej wydadz\u0105 na pr\u0105d, tym wi\u0119cej mog\u0105 zarobi\u0107.", "language": null, "link": "https://businessinsider.com.pl/technologie/nowe-technologie/halving-bitcoina-i-jego-kulisy-wyjasniamy-o-co-w-tym-chodzi/bewdjfn", "manual_status_code": 0, "page_rating": 100, "page_rating_contents": 100, "page_rating_visits": 0, "page_rating_votes": 0, "permanent": false, "source": "https://businessinsider.com.pl/.feed", "source_obj__id": 46, "status_code": 0, "tags": [], "thumbnail": null, "title": "Halving bitcoina zach\u0119ca do szukania ta\u0144szych \u017ar\u00f3de\u0142 pr\u0105du. Wyja\u015bniamy, o co chodzi w tym procesie", "user": null, "vote": 0}, {"age": null, "album": "", "artist": null, "bookmarked": false, "comments": [], "date_published": "2024-04-16T04:45:44+00:00", "description": "Konferencja, na kt\u00f3rej g\u0142\u00f3wnym m\u00f3wc\u0105 mia\u0142 by\u0107 by\u0142y polski premier Mateusz Morawiecki, w ostatniej chwili zosta\u0142a wyrzucona ze s\u0142ynnej sali w sercu Brukseli. O sprawie we wtorek pisze \"Rzeczpospolita\".", "language": null, "link": "https://businessinsider.com.pl/wiadomosci/impreza-z-mateuszem-morawieckim-odwolana-bilety-kosztowaly-nawet-20-tys-euro/5rkn5pn", "manual_status_code": 0, "page_rating": 100, "page_rating_contents": 100, "page_rating_visits": 0, "page_rating_votes": 0, "permanent": false, "source": "https://businessinsider.com.pl/.feed", "source_obj__id": 46, "status_code": 0, "tags": [], "thumbnail": null, "title": "Impreza z Mateuszem Morawieckim odwo\u0142ana. Bilety kosztowa\u0142y nawet 20 tys. euro", "user": null, "vote": 0}, {"age": null, "album": "", "artist": null, "bookmarked": false, "comments": [], "date_published": "2024-04-16T04:35:50+00:00", "description": "Cokolwiek dzieje si\u0119 z nieruchomo\u015bci\u0105, to fiskus chce mie\u0107 w tym sw\u00f3j udzia\u0142. Podatki trzeba bowiem p\u0142aci\u0107 przy nabyciu, u\u017cytkowaniu, najmie i sprzeda\u017cy. Zasadniczo podatki spadaj\u0105 na w\u0142a\u015bcicieli, a ci przerzucaj\u0105 je na korzystaj\u0105cych. Podwy\u017cka dla flipper\u00f3w r\u00f3wnie\u017c uderzy w nabywc\u00f3w. Zdaniem ekspert\u00f3w, nie t\u0119dy wi\u0119c droga. Potrzebne jest te\u017c wsparcie dla podatnik\u00f3w.", "language": null, "link": "https://businessinsider.com.pl/prawo/podatki/kiedy-i-jaki-podatek-od-nieruchomosci-trzeba-zaplacic-uwazaj-zwlaszcza-przy-najmie/jsz5v5q", "manual_status_code": 0, "page_rating": 100, "page_rating_contents": 100, "page_rating_visits": 0, "page_rating_votes": 0, "permanent": false, "source": "https://businessinsider.com.pl/.feed", "source_obj__id": 46, "status_code": 0, "tags": [], "thumbnail": null, "title": "Podatki od nieruchomo\u015bci zn\u00f3w w g\u00f3r\u0119? Cios we flipper\u00f3w r\u00f3wnie\u017c uderzy w nabywc\u00f3w [ANALIZA]", "user": null, "vote": 0}, {"age": null, "album": "", "artist": null, "bookmarked": false, "comments": [], "date_published": "2024-04-16T04:35:50+00:00", "description": "Cokolwiek dzieje si\u0119 z nieruchomo\u015bci\u0105, to fiskus chce mie\u0107 w tym sw\u00f3j udzia\u0142. Podatki trzeba bowiem p\u0142aci\u0107 przy nabyciu, u\u017cytkowaniu, najmie i sprzeda\u017cy. Zasadniczo podatki spadaj\u0105 na w\u0142a\u015bcicieli, a ci przerzucaj\u0105 je na korzystaj\u0105cych. Podwy\u017cka dla flipper\u00f3w r\u00f3wnie\u017c uderzy w nabywc\u00f3w. Zdaniem ekspert\u00f3w, nie t\u0119dy wi\u0119c droga. Potrzebne jest te\u017c wsparcie dla podatnik\u00f3w.", "language": null, "link": "https://businessinsider.com.pl/prawo/podatki/takie-podatki-placimy-od-nieruchomosci-w-polsce-to-malo/jsz5v5q", "manual_status_code": 0, "page_rating": 100, "page_rating_contents": 100, "page_rating_visits": 0, "page_rating_votes": 0, "permanent": false, "source": "https://businessinsider.com.pl/.feed", "source_obj__id": 46, "status_code": 0, "tags": [], "thumbnail": null, "title": "Podatki od nieruchomo\u015bci zn\u00f3w w g\u00f3r\u0119? Cios we flipper\u00f3w r\u00f3wnie\u017c uderzy w nabywc\u00f3w [ANALIZA]", "user": null, "vote": 0}, {"age": null, "album": "", "artist": null, "bookmarked": false, "comments": [], "date_published": "2024-04-16T04:20:02+00:00", "description": "Jeszcze do niedawna bran\u017ca IT radzi\u0142a sobie \u015bwietnie. Teraz sytuacja jest w odwrocie. D\u0142ugi firm informatycznych rosn\u0105, a specjali\u015bci coraz cz\u0119\u015bciej s\u0105 zwalniani \u2014 podaje \"Rzeczpospolita\".", "language": null, "link": "https://businessinsider.com.pl/praca/koniec-eldorado-jednej-branzy-zwolnienia-pracownikow/jej3w7j", "manual_status_code": 0, "page_rating": 100, "page_rating_contents": 100, "page_rating_visits": 0, "page_rating_votes": 0, "permanent": false, "source": "https://businessinsider.com.pl/.feed", "source_obj__id": 46, "status_code": 0, "tags": [], "thumbnail": null, "title": "Koniec eldorado jednej bran\u017cy. Zwolnienia pracownik\u00f3w", "user": null, "vote": 0}, {"age": null, "album": "", "artist": null, "bookmarked": false, "comments": [], "date_published": "2024-04-16T04:16:00+00:00", "description": "Polacy nie maj\u0105 poj\u0119cia, jakich \u015bwiadcze\u0144 mog\u0105 spodziewa\u0107 si\u0119 na emeryturze. A je\u015bli ju\u017c wydaje im si\u0119, \u017ce wiedz\u0105, to przewidywania te nie maj\u0105 nic wsp\u00f3lnego z rzeczywisto\u015bci\u0105 \u2014 wynika z badania przeprowadzonego przez UCE Research dla Business Insider Polska. \u2014 Leci na nas meteoryt, kt\u00f3rego nie chcemy widzie\u0107 \u2014 tak p\u0142yn\u0105ce z niego wnioski komentuje dr Antoni Kolek, prezes Instytutu Emerytalnego.", "language": null, "link": "https://businessinsider.com.pl/gospodarka/polacy-nieswiadomi-emerytalnego-kataklizmu-meteoryt-ktorego-nie-chcemy-widziec-sondaz/wv553gt", "manual_status_code": 0, "page_rating": 100, "page_rating_contents": 100, "page_rating_visits": 0, "page_rating_votes": 0, "permanent": false, "source": "https://businessinsider.com.pl/.feed", "source_obj__id": 46, "status_code": 0, "tags": [], "thumbnail": null, "title": "Polacy nie\u015bwiadomi emerytalnego kataklizmu. \"Leci meteoryt, kt\u00f3rego nie chcemy widzie\u0107\"", "user": null, "vote": 0}, {"age": null, "album": "", "artist": null, "bookmarked": false, "comments": [], "date_published": "2024-04-16T04:15:00+00:00", "description": "Eskalacja konfliktu na Bliskim Wschodzie znacznie zwi\u0119ksza ryzyko, \u017ce ceny ropy poszybuj\u0105. Cho\u0107 ani Izrael, ani tym bardziej Iran nie s\u0105 kluczowymi partnerami handlowymi Polski, to wojna mo\u017ce prze\u0142o\u017cy\u0107 si\u0119 r\u00f3wnie\u017c na nasze portfele. Eksperci wskazuj\u0105, \u017ce odczujemy j\u0105 nie tylko poprzez wy\u017csze ceny na stacjach paliw.", "language": null, "link": "https://businessinsider.com.pl/gospodarka/nie-tylko-droga-ropa-tak-wojne-izraela-z-iranem-odczujemy-w-polsce/jqntfs7", "manual_status_code": 0, "page_rating": 100, "page_rating_contents": 100, "page_rating_visits": 0, "page_rating_votes": 0, "permanent": false, "source": "https://businessinsider.com.pl/.feed", "source_obj__id": 46, "status_code": 0, "tags": [], "thumbnail": null, "title": "Nie tylko droga ropa. Tak wojn\u0119 Izraela z Iranem odczujemy w Polsce", "user": null, "vote": 0}, {"age": null, "album": "", "artist": null, "bookmarked": false, "comments": [], "date_published": "2024-04-16T04:05:00+00:00", "description": "Ta rewolucja by\u0142a zapowiadana ju\u017c od kilku lat, ale \u017caden rz\u0105d jej nie przeprowadzi\u0142. Teraz nie ma od niej ucieczki. Chodzi o ozusowanie wszystkich um\u00f3w-zlece\u0144. Ministerstwo Funduszy i Rozwoju Regionalnego potwierdzi\u0142 Business Insider Polska, \u017ce reforma w tym zakresie jest utrzymana w Krajowym Planie Odbudowy bez zmian. Ma wej\u015b\u0107 w \u017cycie 1 stycznia 2025 r.", "language": null, "link": "https://businessinsider.com.pl/prawo/praca/to-pewne-umowy-zlecenia-beda-ozusowane-juz-od-2025-r/jhpl8pc", "manual_status_code": 0, "page_rating": 100, "page_rating_contents": 100, "page_rating_visits": 0, "page_rating_votes": 0, "permanent": false, "source": "https://businessinsider.com.pl/.feed", "source_obj__id": 46, "status_code": 0, "tags": [], "thumbnail": null, "title": "Ta zmiana dotknie milion\u00f3w Polak\u00f3w. Chodzi o ZUS od um\u00f3w-zlece\u0144. Znamy termin reformy", "user": null, "vote": 0}]