[{"age": null, "album": "", "artist": null, "bookmarked": false, "comments": [], "date_published": "2024-04-16T15:04:18+00:00", "description": "https://cppcon.org/\n---\n\nLightning Talk: Spanny: Abusing C++ mdspan Is Within Arm\u2019s Reach - Griswald Brooks - CppCon 2023\nhttps://github.com/CppCon/CppCon2023\n\nmdspan introduced in C++23 gave us a standard multidimensional way to view into a container of data. While the canonical use case is to refer to a stack or heap allocated data, the accessor policy allows you to inject any side effect allowing the data to come from anywhere... like a robot arm inspecting bins.\n---\n\nGriswald Brooks\n\nI'm the robotics track chair.\n---\n\nVideos Filmed & Edited by Bash Films: http://www.BashFilms.com\nYouTube Channel Managed by Digital Medium Ltd: https://events.digital-medium.co.uk\n---\n\nRegistration for CppCon: https://cppcon.org/registration/\n\n#cppcon #cppprogramming #cpp #robotics", "language": null, "link": "https://www.youtube.com/watch?v=FZZ3CDnBEx4", "manual_status_code": 0, "page_rating": 100, "page_rating_contents": 100, "page_rating_visits": 0, "page_rating_votes": 0, "permanent": false, "source": "https://www.youtube.com/feeds/videos.xml?channel_id=UCMlGfpWw-RUdWX_JbLCukXg", "source_obj__id": 420, "status_code": 0, "tags": [], "thumbnail": "https://i3.ytimg.com/vi/FZZ3CDnBEx4/hqdefault.jpg", "title": "Lightning Talk: Spanny: Abusing C++ mdspan Is Within Arm\u2019s Reach - Griswald Brooks - CppCon 2023", "user": null, "vote": 0}]