[{"age": null, "album": "", "artist": null, "bookmarked": false, "comments": [], "date_published": "2024-04-16T20:20:30+00:00", "description": "Like the digital revolution, the biotech revolution stands to transform America\u2019s economy as we know it, writes Eric Schmidt.", "language": "en-UK", "link": "https://time.com/6967625/we-need-to-be-ready-for-biotechs-chatgpt-moment", "manual_status_code": 0, "page_rating": 100, "page_rating_contents": 100, "page_rating_visits": 0, "page_rating_votes": 0, "permanent": false, "source": "https://time.com/tech/feed", "source_obj__id": 317, "status_code": 0, "tags": [], "thumbnail": null, "title": "We Need to be Ready for Biotech\u2019s ChatGPT Moment", "user": null, "vote": 0}, {"age": null, "album": "", "artist": null, "bookmarked": false, "comments": [], "date_published": "2024-04-16T12:02:37+00:00", "description": "At least 160 rights groups are calling on tech platforms to adopt greater election safeguards amid concerns over AI-powered disinformation.", "language": "en-UK", "link": "https://time.com/6967334/ai-elections-disinformation-meta-tiktok", "manual_status_code": 0, "page_rating": 100, "page_rating_contents": 100, "page_rating_visits": 0, "page_rating_votes": 0, "permanent": false, "source": "https://time.com/tech/feed", "source_obj__id": 317, "status_code": 0, "tags": [], "thumbnail": null, "title": "Exclusive: Tech Companies Are Failing to Keep Elections Safe, Rights Groups Say", "user": null, "vote": 0}, {"age": null, "album": "", "artist": null, "bookmarked": false, "comments": [], "date_published": "2024-04-16T11:00:00+00:00", "description": "Some architects believe virtual reality will lead to more efficient and effective design. Others see it as little more than a gimmick.", "language": "en-UK", "link": "https://time.com/6964951/vr-virtual-reality-architecture-meta-quest", "manual_status_code": 0, "page_rating": 100, "page_rating_contents": 100, "page_rating_visits": 0, "page_rating_votes": 0, "permanent": false, "source": "https://time.com/tech/feed", "source_obj__id": 317, "status_code": 0, "tags": [], "thumbnail": null, "title": "How Virtual Reality Could Transform Architecture", "user": null, "vote": 0}]