[{"age": null, "album": "", "artist": null, "bookmarked": false, "comments": [], "date_published": "2024-04-16T04:00:00+00:00", "description": "", "language": "en-US", "link": "http://www.publishersweekly.com/pw/by-topic/industry-news/trade-shows-events/article/94820-bisg-looks-to-the-future-at-annual-meeting.html", "manual_status_code": 0, "page_rating": 100, "page_rating_contents": 100, "page_rating_visits": 0, "page_rating_votes": 0, "permanent": false, "source": "https://www.publishersweekly.com/pw/feeds/recent/index.xml", "source_obj__id": 266, "status_code": 0, "tags": [], "thumbnail": null, "title": "BISG Looks to the Future at Annual Meeting", "user": null, "vote": 0}, {"age": null, "album": "", "artist": null, "bookmarked": false, "comments": [], "date_published": "2024-04-16T04:00:00+00:00", "description": "", "language": "en-US", "link": "http://www.publishersweekly.com/pw/by-topic/childrens/childrens-industry-news/article/94835-bologna-2024-dead-bunnies-and-naked-bottoms-what-makes-children-s-books-travel-internationally.html", "manual_status_code": 0, "page_rating": 100, "page_rating_contents": 100, "page_rating_visits": 0, "page_rating_votes": 0, "permanent": false, "source": "https://www.publishersweekly.com/pw/feeds/recent/index.xml", "source_obj__id": 266, "status_code": 0, "tags": [], "thumbnail": null, "title": "Bologna 2024: Dead Bunnies and Naked Bottoms: What Makes Children's Books Travel Internationally?", "user": null, "vote": 0}, {"age": null, "album": "", "artist": null, "bookmarked": false, "comments": [], "date_published": "2024-04-16T04:00:00+00:00", "description": "", "language": "en-US", "link": "http://www.publishersweekly.com/pw/by-topic/childrens/childrens-industry-news/article/94827-bologna-2024-how-children-s-books-can-inspire-action-on-sustainability.html", "manual_status_code": 0, "page_rating": 100, "page_rating_contents": 100, "page_rating_visits": 0, "page_rating_votes": 0, "permanent": false, "source": "https://www.publishersweekly.com/pw/feeds/recent/index.xml", "source_obj__id": 266, "status_code": 0, "tags": [], "thumbnail": null, "title": "Bologna 2024: How Children's Books Can Inspire Action on Sustainability", "user": null, "vote": 0}, {"age": null, "album": "", "artist": null, "bookmarked": false, "comments": [], "date_published": "2024-04-16T04:00:00+00:00", "description": "", "language": "en-US", "link": "http://www.publishersweekly.com/pw/by-topic/childrens/childrens-industry-news/article/94830-bologna-2024-tiktok-pushes-english-language-book-sales-in-europe.html", "manual_status_code": 0, "page_rating": 100, "page_rating_contents": 100, "page_rating_visits": 0, "page_rating_votes": 0, "permanent": false, "source": "https://www.publishersweekly.com/pw/feeds/recent/index.xml", "source_obj__id": 266, "status_code": 0, "tags": [], "thumbnail": null, "title": "Bologna 2024: TikTok Pushes English-Language Book Sales in Europe", "user": null, "vote": 0}, {"age": null, "album": "", "artist": null, "bookmarked": false, "comments": [], "date_published": "2024-04-16T04:00:00+00:00", "description": "", "language": "en-US", "link": "http://www.publishersweekly.com/pw/by-topic/industry-news/people/article/94822-carrie-bloxson-promoted-at-hachette-book-group-hachette-uk.html", "manual_status_code": 0, "page_rating": 100, "page_rating_contents": 100, "page_rating_visits": 0, "page_rating_votes": 0, "permanent": false, "source": "https://www.publishersweekly.com/pw/feeds/recent/index.xml", "source_obj__id": 266, "status_code": 0, "tags": [], "thumbnail": null, "title": "Carrie Bloxson Promoted at Hachette Book Group, Hachette UK", "user": null, "vote": 0}, {"age": null, "album": "", "artist": null, "bookmarked": false, "comments": [], "date_published": "2024-04-16T04:00:00+00:00", "description": "", "language": "en-US", "link": "http://www.publishersweekly.com/pw/by-topic/childrens/childrens-authors/article/94833-earth-day-2024-q-as-with-authors-centering-environmental-conservation.html", "manual_status_code": 0, "page_rating": 100, "page_rating_contents": 100, "page_rating_visits": 0, "page_rating_votes": 0, "permanent": false, "source": "https://www.publishersweekly.com/pw/feeds/recent/index.xml", "source_obj__id": 266, "status_code": 0, "tags": [], "thumbnail": null, "title": "Earth Day 2024: Q&As with Authors Centering Environmental Conservation", "user": null, "vote": 0}, {"age": null, "album": "", "artist": null, "bookmarked": false, "comments": [], "date_published": "2024-04-16T04:00:00+00:00", "description": "", "language": "en-US", "link": "http://www.publishersweekly.com/pw/by-topic/industry-news/publisher-news/article/94824-five-publishers-join-lawsuit-to-stop-iowa-book-banning-bill.html", "manual_status_code": 0, "page_rating": 100, "page_rating_contents": 100, "page_rating_visits": 0, "page_rating_votes": 0, "permanent": false, "source": "https://www.publishersweekly.com/pw/feeds/recent/index.xml", "source_obj__id": 266, "status_code": 0, "tags": [], "thumbnail": null, "title": "Five Publishers Join Lawsuit to Stop Iowa Book Banning Bill", "user": null, "vote": 0}, {"age": null, "album": "", "artist": null, "bookmarked": false, "comments": [], "date_published": "2024-04-16T04:00:00+00:00", "description": "", "language": "en-US", "link": "http://www.publishersweekly.com/pw/by-topic/childrens/childrens-authors/article/94831-four-questions-with-ann-zhao.html", "manual_status_code": 0, "page_rating": 100, "page_rating_contents": 100, "page_rating_visits": 0, "page_rating_votes": 0, "permanent": false, "source": "https://www.publishersweekly.com/pw/feeds/recent/index.xml", "source_obj__id": 266, "status_code": 0, "tags": [], "thumbnail": null, "title": "Four Questions with Ann Zhao", "user": null, "vote": 0}, {"age": null, "album": "", "artist": null, "bookmarked": false, "comments": [], "date_published": "2024-04-16T04:00:00+00:00", "description": "", "language": "en-US", "link": "http://www.publishersweekly.com/pw/by-topic/childrens/childrens-book-news/article/94825-just-announced-billy-the-kid-comes-home-for-christmas-by-dolly-parton.html", "manual_status_code": 0, "page_rating": 100, "page_rating_contents": 100, "page_rating_visits": 0, "page_rating_votes": 0, "permanent": false, "source": "https://www.publishersweekly.com/pw/feeds/recent/index.xml", "source_obj__id": 266, "status_code": 0, "tags": [], "thumbnail": null, "title": "Just Announced : 'Billy the Kid Comes Home for Christmas' by Dolly Parton", "user": null, "vote": 0}, {"age": null, "album": "", "artist": null, "bookmarked": false, "comments": [], "date_published": "2024-04-16T04:00:00+00:00", "description": "", "language": "en-US", "link": "http://www.publishersweekly.com/pw/by-topic/industry-news/publisher-news/article/94823-new-pen-america-report-finds-school-book-bans-at-record-levels.html", "manual_status_code": 0, "page_rating": 100, "page_rating_contents": 100, "page_rating_visits": 0, "page_rating_votes": 0, "permanent": false, "source": "https://www.publishersweekly.com/pw/feeds/recent/index.xml", "source_obj__id": 266, "status_code": 0, "tags": [], "thumbnail": null, "title": "New PEN America Report Finds School Book Bans at Record Levels", "user": null, "vote": 0}, {"age": null, "album": "", "artist": null, "bookmarked": false, "comments": [], "date_published": "2024-04-16T04:00:00+00:00", "description": "", "language": "en-US", "link": "http://www.publishersweekly.com/pw/by-topic/childrens/childrens-book-news/article/94836-noteworthy-picture-book-and-novel-sequels-april-2024.html", "manual_status_code": 0, "page_rating": 100, "page_rating_contents": 100, "page_rating_visits": 0, "page_rating_votes": 0, "permanent": false, "source": "https://www.publishersweekly.com/pw/feeds/recent/index.xml", "source_obj__id": 266, "status_code": 0, "tags": [], "thumbnail": null, "title": "Noteworthy Picture Book and Novel Sequels: April 2024", "user": null, "vote": 0}, {"age": null, "album": "", "artist": null, "bookmarked": false, "comments": [], "date_published": "2024-04-16T04:00:00+00:00", "description": "", "language": "en-US", "link": "http://www.publishersweekly.com/pw/by-topic/childrens/childrens-authors/article/94834-obituary-faith-ringgold.html", "manual_status_code": 0, "page_rating": 100, "page_rating_contents": 100, "page_rating_visits": 0, "page_rating_votes": 0, "permanent": false, "source": "https://www.publishersweekly.com/pw/feeds/recent/index.xml", "source_obj__id": 266, "status_code": 0, "tags": [], "thumbnail": null, "title": "Obituary: Faith Ringgold", "user": null, "vote": 0}, {"age": null, "album": "", "artist": null, "bookmarked": false, "comments": [], "date_published": "2024-04-16T04:00:00+00:00", "description": "", "language": "en-US", "link": "http://www.publishersweekly.com/pw/by-topic/industry-news/awards-and-prizes/article/94779-pw-bookstore-of-the-year-2024-finalist-medicine-for-nightmares-bookstore-and-gallery.html", "manual_status_code": 0, "page_rating": 100, "page_rating_contents": 100, "page_rating_visits": 0, "page_rating_votes": 0, "permanent": false, "source": "https://www.publishersweekly.com/pw/feeds/recent/index.xml", "source_obj__id": 266, "status_code": 0, "tags": [], "thumbnail": null, "title": "PW Bookstore of the Year 2024 Finalist: Medicine for Nightmares Bookstore and Gallery", "user": null, "vote": 0}, {"age": null, "album": "", "artist": null, "bookmarked": false, "comments": [], "date_published": "2024-04-16T04:00:00+00:00", "description": "", "language": "en-US", "link": "http://www.publishersweekly.com/pw/by-topic/industry-news/awards-and-prizes/article/94783-pw-sales-rep-of-the-year-2024-finalist-julie-isgrigg.html", "manual_status_code": 0, "page_rating": 100, "page_rating_contents": 100, "page_rating_visits": 0, "page_rating_votes": 0, "permanent": false, "source": "https://www.publishersweekly.com/pw/feeds/recent/index.xml", "source_obj__id": 266, "status_code": 0, "tags": [], "thumbnail": null, "title": "PW Sales Rep of the Year 2024 Finalist: Julie Isgrigg", "user": null, "vote": 0}, {"age": null, "album": "", "artist": null, "bookmarked": false, "comments": [], "date_published": "2024-04-16T04:00:00+00:00", "description": "", "language": "en-US", "link": "http://www.publishersweekly.com/pw/by-topic/childrens/childrens-authors/article/94837-q-a-with-pan-cooke.html", "manual_status_code": 0, "page_rating": 100, "page_rating_contents": 100, "page_rating_visits": 0, "page_rating_votes": 0, "permanent": false, "source": "https://www.publishersweekly.com/pw/feeds/recent/index.xml", "source_obj__id": 266, "status_code": 0, "tags": [], "thumbnail": null, "title": "Q & A with Pan Cooke", "user": null, "vote": 0}, {"age": null, "album": "", "artist": null, "bookmarked": false, "comments": [], "date_published": "2024-04-16T04:00:00+00:00", "description": "Bethany House to publish Way Church co-founder Noah Herrin's book on manhood, IVP takes bestselling author Jim Cymbala's book of devotions, and more.", "language": "en-US", "link": "http://www.publishersweekly.com/pw/by-topic/industry-news/religion/article/94829-religion-book-deals-april-17-2024.html", "manual_status_code": 0, "page_rating": 100, "page_rating_contents": 100, "page_rating_visits": 0, "page_rating_votes": 0, "permanent": false, "source": "https://www.publishersweekly.com/pw/feeds/recent/index.xml", "source_obj__id": 266, "status_code": 0, "tags": [], "thumbnail": null, "title": "Religion Book Deals: April 17, 2024", "user": null, "vote": 0}, {"age": null, "album": "", "artist": null, "bookmarked": false, "comments": [], "date_published": "2024-04-16T04:00:00+00:00", "description": "", "language": "en-US", "link": "http://www.publishersweekly.com/pw/by-topic/childrens/childrens-book-news/article/94838-rights-report-week-of-april-15-2024.html", "manual_status_code": 0, "page_rating": 100, "page_rating_contents": 100, "page_rating_visits": 0, "page_rating_votes": 0, "permanent": false, "source": "https://www.publishersweekly.com/pw/feeds/recent/index.xml", "source_obj__id": 266, "status_code": 0, "tags": [], "thumbnail": null, "title": "Rights Report: Week of April 15, 2024", "user": null, "vote": 0}]