[{"age": null, "album": "", "artist": null, "bookmarked": false, "comments": [], "date_published": "2024-04-16T04:00:00+00:00", "description": "From pandemics to recessions, there are certain events and forces that we have no control over. What we can do, however, is to fortify our careers (as well as ourselves) so that they withstand whatever pressure is put on them.", "language": "en-US", "link": "https://www.telerik.com/blogs/6-ways-future-proof-web-design-career", "manual_status_code": 0, "page_rating": 100, "page_rating_contents": 100, "page_rating_visits": 0, "page_rating_votes": 0, "permanent": false, "source": "https://www.codeproject.com/WebServices/NewsRSS.aspx", "source_obj__id": 72, "status_code": 0, "tags": [], "thumbnail": null, "title": "6 Ways to Future-Proof Your Web Design Career", "user": null, "vote": 0}, {"age": null, "album": "", "artist": null, "bookmarked": false, "comments": [], "date_published": "2024-04-16T04:00:00+00:00", "description": "Learn how to use CSS container queries today.", "language": "en-US", "link": "https://ishadeed.com/article/css-container-query-guide", "manual_status_code": 0, "page_rating": 100, "page_rating_contents": 100, "page_rating_visits": 0, "page_rating_votes": 0, "permanent": false, "source": "https://www.codeproject.com/WebServices/NewsRSS.aspx", "source_obj__id": 72, "status_code": 0, "tags": [], "thumbnail": null, "title": "An Interactive Guide to CSS Container Queries", "user": null, "vote": 0}, {"age": null, "album": "", "artist": null, "bookmarked": false, "comments": [], "date_published": "2024-04-16T04:00:00+00:00", "description": "This last part of the CSS Units series will be about absolute units, the units you mostly - absolutely - want to avoid. But can help in certain cases.", "language": "en-US", "link": "https://techhub.iodigital.com/articles/going-beyond-pixels-and-rems-in-css/absolute-length-units", "manual_status_code": 0, "page_rating": 100, "page_rating_contents": 100, "page_rating_visits": 0, "page_rating_votes": 0, "permanent": false, "source": "https://www.codeproject.com/WebServices/NewsRSS.aspx", "source_obj__id": 72, "status_code": 0, "tags": [], "thumbnail": null, "title": "Going beyond pixels and (r)ems in CSS - Absolute length units", "user": null, "vote": 0}, {"age": null, "album": "", "artist": null, "bookmarked": false, "comments": [], "date_published": "2024-04-16T04:00:00+00:00", "description": "Fortunately, the CEO wasn't Stephen Hawking", "language": "en-US", "link": "https://futurism.com/the-byte/hackers-cloned-lastpass-ceo-voice", "manual_status_code": 0, "page_rating": 100, "page_rating_contents": 100, "page_rating_visits": 0, "page_rating_votes": 0, "permanent": false, "source": "https://www.codeproject.com/WebServices/NewsRSS.aspx", "source_obj__id": 72, "status_code": 0, "tags": [], "thumbnail": null, "title": "Hackers voice cloned the CEO of LastPass for attack", "user": null, "vote": 0}, {"age": null, "album": "", "artist": null, "bookmarked": false, "comments": [], "date_published": "2024-04-16T04:00:00+00:00", "description": "For the testy ones", "language": "en-US", "link": "https://devblogs.microsoft.com/dotnet/introducing-mstest-sdk", "manual_status_code": 0, "page_rating": 100, "page_rating_contents": 100, "page_rating_visits": 0, "page_rating_votes": 0, "permanent": false, "source": "https://www.codeproject.com/WebServices/NewsRSS.aspx", "source_obj__id": 72, "status_code": 0, "tags": [], "thumbnail": null, "title": "Introducing MSTest SDK \u2013 Improved Configuration & Flexibility", "user": null, "vote": 0}, {"age": null, "album": "", "artist": null, "bookmarked": false, "comments": [], "date_published": "2024-04-16T04:00:00+00:00", "description": "In this post, I\u2019ll introduce you to how to use the JavaScript Fetch API, a powerful tool for managing asynchronous data flow and HTTP requests.", "language": "en-US", "link": "https://blog.teamtreehouse.com/javascript-fetch-api-retrieving-data-from-servers", "manual_status_code": 0, "page_rating": 100, "page_rating_contents": 100, "page_rating_visits": 0, "page_rating_votes": 0, "permanent": false, "source": "https://www.codeproject.com/WebServices/NewsRSS.aspx", "source_obj__id": 72, "status_code": 0, "tags": [], "thumbnail": null, "title": "JavaScript Fetch API: Retrieving Data from Servers", "user": null, "vote": 0}, {"age": null, "album": "", "artist": null, "bookmarked": false, "comments": [], "date_published": "2024-04-16T04:00:00+00:00", "description": "Even the bugs have backward compatibility", "language": "en-US", "link": "https://www.itprotoday.com/vulnerabilities-and-threats/microsoft-beset-hacks-grapples-problem-years-making", "manual_status_code": 0, "page_rating": 100, "page_rating_contents": 100, "page_rating_visits": 0, "page_rating_votes": 0, "permanent": false, "source": "https://www.codeproject.com/WebServices/NewsRSS.aspx", "source_obj__id": 72, "status_code": 0, "tags": [], "thumbnail": null, "title": "Microsoft, beset by hacks, grapples with problem years in the making", "user": null, "vote": 0}, {"age": null, "album": "", "artist": null, "bookmarked": false, "comments": [], "date_published": "2024-04-16T04:00:00+00:00", "description": "Poor guy. I hope he has enough saved up to retire", "language": "en-US", "link": "https://www.windowscentral.com/software-apps/microsofts-bill-gates-is-worried-about-losing-his-job-to-ai-though-it-could-potentially-present-a-3-day-workweek-opportunity", "manual_status_code": 0, "page_rating": 100, "page_rating_contents": 100, "page_rating_visits": 0, "page_rating_votes": 0, "permanent": false, "source": "https://www.codeproject.com/WebServices/NewsRSS.aspx", "source_obj__id": 72, "status_code": 0, "tags": [], "thumbnail": null, "title": "Microsoft's Bill Gates is worried about losing his job to AI, though it could potentially present a 3-day workweek opportunity", "user": null, "vote": 0}, {"age": null, "album": "", "artist": null, "bookmarked": false, "comments": [], "date_published": "2024-04-16T04:00:00+00:00", "description": "Don't blame me if you disagere", "language": "en-US", "link": "https://thehustlingengineer.substack.com/p/power-of-blameless-culture-in-software", "manual_status_code": 0, "page_rating": 100, "page_rating_contents": 100, "page_rating_visits": 0, "page_rating_votes": 0, "permanent": false, "source": "https://www.codeproject.com/WebServices/NewsRSS.aspx", "source_obj__id": 72, "status_code": 0, "tags": [], "thumbnail": null, "title": "Power of blameless culture in software engineering", "user": null, "vote": 0}, {"age": null, "album": "", "artist": null, "bookmarked": false, "comments": [], "date_published": "2024-04-16T04:00:00+00:00", "description": "One step beyond, \"Have you tried turning it off and back on again?\"", "language": "en-US", "link": "https://www.codeproject.com/Messages/5996842/Survey-Windows-Network-Diagnostics", "manual_status_code": 0, "page_rating": 100, "page_rating_contents": 100, "page_rating_visits": 0, "page_rating_votes": 0, "permanent": false, "source": "https://www.codeproject.com/WebServices/NewsRSS.aspx", "source_obj__id": 72, "status_code": 0, "tags": [], "thumbnail": null, "title": "Survey - Windows Network Diagnostics...", "user": null, "vote": 0}, {"age": null, "album": "", "artist": null, "bookmarked": false, "comments": [], "date_published": "2024-04-16T04:00:00+00:00", "description": "This post summarizes the rule\u2019s requirements and limitations, and some thoughts on its impact on the world of accessibility.", "language": "en-US", "link": "https://www.tpgi.com/the-ada-now-has-regulations-for-accessibility-of-web-content-and-mobile-apps", "manual_status_code": 0, "page_rating": 100, "page_rating_contents": 100, "page_rating_visits": 0, "page_rating_votes": 0, "permanent": false, "source": "https://www.codeproject.com/WebServices/NewsRSS.aspx", "source_obj__id": 72, "status_code": 0, "tags": [], "thumbnail": null, "title": "The ADA Now has Regulations for Accessibility of Web Content and Mobile Apps", "user": null, "vote": 0}, {"age": null, "album": "", "artist": null, "bookmarked": false, "comments": [], "date_published": "2024-04-16T04:00:00+00:00", "description": "Shake, shake, shake. Shake your boot disc", "language": "en-US", "link": "https://arstechnica.com/gadgets/2024/04/the-diskmantler-violently-shakes-hard-drives-for-better-rare-earth-recovery", "manual_status_code": 0, "page_rating": 100, "page_rating_contents": 100, "page_rating_visits": 0, "page_rating_votes": 0, "permanent": false, "source": "https://www.codeproject.com/WebServices/NewsRSS.aspx", "source_obj__id": 72, "status_code": 0, "tags": [], "thumbnail": null, "title": "The DiskMantler violently shakes hard drives for better rare-earth recovery", "user": null, "vote": 0}]