[{"age": null, "album": "", "artist": null, "bookmarked": false, "comments": [], "date_published": "2024-04-16T17:15:52+00:00", "description": "Attorneys representing Nashville, Tennessee argued Tuesday in court that police were still investigating aspects of the shooting committed at the Covenant School last March, when a transgender-identifying shooter murdered six people, and, therefore, the city is unable to release documents related to the case such as the shooter&#8217;s writings. The argument came during a hearing ...", "language": "en-US", "link": "https://www.dailywire.com/news/nashville-police-say-ongoing-investigation-prevents-release-of-covenant-shooters-manifesto", "manual_status_code": 0, "page_rating": 100, "page_rating_contents": 100, "page_rating_visits": 0, "page_rating_votes": 0, "permanent": false, "source": "https://www.dailywire.com/feeds/rss.xml", "source_obj__id": 88, "status_code": 0, "tags": [], "thumbnail": null, "title": "Nashville Police Say \u201a\u00c4\u00f2Ongoing Investigation\u201a\u00c4\u00f4 Prevents Release Of Covenant Shooter\u201a\u00c4\u00f4s Manifesto", "user": null, "vote": 0}, {"age": null, "album": "", "artist": null, "bookmarked": false, "comments": [], "date_published": "2024-04-16T17:02:43+00:00", "description": "Senator John Kennedy (R-LA) grilled Health and Human Services (HHS) Secretary Xavier Becerra over his position on abortion, asking whether there was any case in which he would support imposing restrictions on women seeking to terminate their pregnancies. During a Tuesday hearing, Kennedy posed a hypothetical scenario \u201a\u00c4\u00ee a healthy baby and a healthy mother, ...", "language": "en-US", "link": "https://www.dailywire.com/news/your-words-not-mine-gop-senator-grills-biden-health-secretary-over-no-limits-abortion", "manual_status_code": 0, "page_rating": 100, "page_rating_contents": 100, "page_rating_visits": 0, "page_rating_votes": 0, "permanent": false, "source": "https://www.dailywire.com/feeds/rss.xml", "source_obj__id": 88, "status_code": 0, "tags": [], "thumbnail": null, "title": "\u201a\u00c4\u00f2Your Words, Not Mine\u201a\u00c4\u00f4: GOP Senator Grills Biden Health Secretary Over No-Limits Abortion", "user": null, "vote": 0}, {"age": null, "album": "", "artist": null, "bookmarked": false, "comments": [], "date_published": "2024-04-16T16:49:47+00:00", "description": "John Mellencamp has hit back after a video went viral of him walking off the stage at a concert in Ohio after the crowd heckled him. On Monday, video surfaced of his concert in Toledo in March showing the 72-year-old singer telling the crowd he can just end the show when someone in the audience ...", "language": "en-US", "link": "https://www.dailywire.com/news/singer-john-mellencamp-hits-back-after-video-goes-viral-of-him-walking-off-stage", "manual_status_code": 0, "page_rating": 100, "page_rating_contents": 100, "page_rating_visits": 0, "page_rating_votes": 0, "permanent": false, "source": "https://www.dailywire.com/feeds/rss.xml", "source_obj__id": 88, "status_code": 0, "tags": [], "thumbnail": null, "title": "Singer John Mellencamp Hits Back After Video Goes Viral Of Him Walking Off Stage", "user": null, "vote": 0}, {"age": null, "album": "", "artist": null, "bookmarked": false, "comments": [], "date_published": "2024-04-16T16:18:17+00:00", "description": "Joe Biden, the president of the United States, says one word over and over and over: \u201a\u00c4\u00faDon\u201a\u00c4\u00f4t.\u201a\u00c4\u00f9 He said it of the Taliban with regard to attacks on American troops. And then they did. He said it to the Russians with regard to going into Ukraine. And then they did. Now he\u201a\u00c4\u00f4s said it to ...", "language": "en-US", "link": "https://www.dailywire.com/news/biden-keeps-saying-dont-enemies-dont-give-a-damn-trumps-threats-established-american-deterrence", "manual_status_code": 0, "page_rating": 100, "page_rating_contents": 100, "page_rating_visits": 0, "page_rating_votes": 0, "permanent": false, "source": "https://www.dailywire.com/feeds/rss.xml", "source_obj__id": 88, "status_code": 0, "tags": [], "thumbnail": null, "title": "Biden Keeps Saying \u201a\u00c4\u00f2Don\u201a\u00c4\u00f4t.\u201a\u00c4\u00f4 Enemies Don\u201a\u00c4\u00f4t Give A Damn. Trump\u201a\u00c4\u00f4s Threats Established American Deterrence.", "user": null, "vote": 0}, {"age": null, "album": "", "artist": null, "bookmarked": false, "comments": [], "date_published": "2024-04-16T15:55:05+00:00", "description": "Author J.K. Rowling laid into &#8220;gender ideologues&#8221; on Tuesday for doing everything they could to stifle debate on the potential risks and long-term impact of puberty blockers and cross-sex hormones, particularly on children. Noting that &#8220;no debate&#8221; was an oft-repeated slogan in the trans activist community, the &#8220;Harry Potter&#8221; creator punctuated her comments with a ...", "language": "en-US", "link": "https://www.dailywire.com/news/j-k-rowling-brings-receipts-showing-how-activists-bullied-and-harassed-anyone-questioning-trans-orthodoxy", "manual_status_code": 0, "page_rating": 100, "page_rating_contents": 100, "page_rating_visits": 0, "page_rating_votes": 0, "permanent": false, "source": "https://www.dailywire.com/feeds/rss.xml", "source_obj__id": 88, "status_code": 0, "tags": [], "thumbnail": null, "title": "J.K. Rowling Brings Receipts Showing How Activists \u201a\u00c4\u00f2Bullied And Harassed\u201a\u00c4\u00f4 Anyone Questioning Trans Orthodoxy", "user": null, "vote": 0}, {"age": null, "album": "", "artist": null, "bookmarked": false, "comments": [], "date_published": "2024-04-16T15:52:17+00:00", "description": "NCAA basketball superstar Caitlin Clark has set a new record, giving her the top top-selling jersey ever for a draft pick across all sports. On Monday, the former Iowa Hawkeyes star went number one in overall picks in the 2024 WNBA draft to the Indiana Fever \u201a\u00c4\u00ee and shortly afterward, her new jersey shot to ...", "language": "en-US", "link": "https://www.dailywire.com/news/caitlin-clark-breaks-record-for-jersey-sales", "manual_status_code": 0, "page_rating": 100, "page_rating_contents": 100, "page_rating_visits": 0, "page_rating_votes": 0, "permanent": false, "source": "https://www.dailywire.com/feeds/rss.xml", "source_obj__id": 88, "status_code": 0, "tags": [], "thumbnail": null, "title": "Caitlin Clark Breaks Record For Jersey Sales", "user": null, "vote": 0}, {"age": null, "album": "", "artist": null, "bookmarked": false, "comments": [], "date_published": "2024-04-16T15:38:52+00:00", "description": "DoubleVerify, a firm that makes lists of platforms based on whether they might run ads against questionable content like racism or \u201a\u00c4\u00famisinformation,\u201a\u00c4\u00f9 acknowledged the mistake.", "language": "en-US", "link": "https://www.dailywire.com/news/x-says-it-lost-advertisers-after-anti-misinformation-firm-peddled-misinformation", "manual_status_code": 0, "page_rating": 100, "page_rating_contents": 100, "page_rating_visits": 0, "page_rating_votes": 0, "permanent": false, "source": "https://www.dailywire.com/feeds/rss.xml", "source_obj__id": 88, "status_code": 0, "tags": [], "thumbnail": null, "title": "X Says It Lost Advertisers After \u201a\u00c4\u00f2Anti-Misinformation\u201a\u00c4\u00f4 Firm Peddled Misinformation", "user": null, "vote": 0}, {"age": null, "album": "", "artist": null, "bookmarked": false, "comments": [], "date_published": "2024-04-16T15:03:32+00:00", "description": "Celine Dion documentary \u201a\u00c4\u00faI Am: Celine Dion\u201a\u00c4\u00f9 will give fans a firsthand look at the superstar\u201a\u00c4\u00f4s life after being diagnosed with Stiff-Person Syndrome (SPS) in December 2022. Amazon and MGM Studios announced on Tuesday that the documentary about the 56-year-old Canadian singer\u201a\u00c4\u00f4s legendary career and her battle with the rare neurological disease will hit the ...", "language": "en-US", "link": "https://www.dailywire.com/news/celine-dion-documentary-will-give-fans-a-look-at-singers-life-altering-illness", "manual_status_code": 0, "page_rating": 100, "page_rating_contents": 100, "page_rating_visits": 0, "page_rating_votes": 0, "permanent": false, "source": "https://www.dailywire.com/feeds/rss.xml", "source_obj__id": 88, "status_code": 0, "tags": [], "thumbnail": null, "title": "Celine Dion Documentary Will Give Fans A Look At Singer\u201a\u00c4\u00f4s Life-Altering Illness", "user": null, "vote": 0}, {"age": null, "album": "", "artist": null, "bookmarked": false, "comments": [], "date_published": "2024-04-16T14:59:31+00:00", "description": "Google employees are actively occupying the California office of Google Cloud CEO Thomas Kurian and refusing to leave until the company stops doing business with Israel, video live-streamed by the employees shows. In a Twitch livestream titled \u201a\u00c4\u00fanotech4apartheid,\u201a\u00c4\u00f9 Google employees can be seen donning keffiyehs and sitting on the floor in his office. On the ...", "language": "en-US", "link": "https://www.dailywire.com/news/google-employees-occupy-office-of-boss-until-contract-with-israel-is-dropped", "manual_status_code": 0, "page_rating": 100, "page_rating_contents": 100, "page_rating_visits": 0, "page_rating_votes": 0, "permanent": false, "source": "https://www.dailywire.com/feeds/rss.xml", "source_obj__id": 88, "status_code": 0, "tags": [], "thumbnail": null, "title": "Google Employees Occupy Office Of Boss Until Contract With Israel Is Dropped", "user": null, "vote": 0}, {"age": null, "album": "", "artist": null, "bookmarked": false, "comments": [], "date_published": "2024-04-16T14:49:41+00:00", "description": "As Michigan residents express outrage over the death of a young woman who was killed allegedly by an illegal immigrant in Grand Rapids, Democratic Congresswoman Hillary Scholten \u201a\u00c4\u00ee whose district covers the city \u201a\u00c4\u00ee is being criticized for her past work attempting to stop the U.S. from deporting an Iraqi refugee charged with child molestation. ...", "language": "en-US", "link": "https://www.dailywire.com/news/dem-congresswoman-called-deportation-cruel-and-unusual-punishment-fought-against-removal-of-refugee-charged-with-molesting-child", "manual_status_code": 0, "page_rating": 100, "page_rating_contents": 100, "page_rating_visits": 0, "page_rating_votes": 0, "permanent": false, "source": "https://www.dailywire.com/feeds/rss.xml", "source_obj__id": 88, "status_code": 0, "tags": [], "thumbnail": null, "title": "Dem Congresswoman Called Deportation \u201a\u00c4\u00f2Cruel And Unusual Punishment,\u201a\u00c4\u00f4 Fought Against Removal Of Refugee Charged With Molesting Child", "user": null, "vote": 0}, {"age": null, "album": "", "artist": null, "bookmarked": false, "comments": [], "date_published": "2024-04-16T14:16:56+00:00", "description": "The first target in any protracted military campaign is pretty much always infrastructure. When the U.S. invaded Iraq with a &#8220;shock and awe&#8221; strategy, we hit the bridges right away. We did the same thing in Yugoslavia, Vietnam, and Korea. The reason for that is pretty simple: If you shut down transportation, you shut down ...", "language": "en-US", "link": "https://www.dailywire.com/news/activists-who-shut-down-highways-arent-protesters-theyre-terrorists", "manual_status_code": 0, "page_rating": 100, "page_rating_contents": 100, "page_rating_visits": 0, "page_rating_votes": 0, "permanent": false, "source": "https://www.dailywire.com/feeds/rss.xml", "source_obj__id": 88, "status_code": 0, "tags": [], "thumbnail": null, "title": "Activists Who Shut Down Highways Aren\u201a\u00c4\u00f4t \u201a\u00c4\u00f2Protesters.\u201a\u00c4\u00f4 They\u201a\u00c4\u00f4re Terrorists.", "user": null, "vote": 0}, {"age": null, "album": "", "artist": null, "bookmarked": false, "comments": [], "date_published": "2024-04-16T14:09:07+00:00", "description": "Scotland&#8217;s proposed new misogyny law will protect trans-identifying men as well as women, First Minister Humza Yousaf said during a recent appearance on &#8220;Good Morning Scotland.&#8221; A bill designed &#8220;to tackle misogyny&#8221; is expected to be introduced sometime prior to the end of the current parliamentary term in 2026 and, according to Yousaf, will include ...", "language": "en-US", "link": "https://www.dailywire.com/news/scotlands-proposed-misogyny-law-will-protect-men-pretending-to-be-women-first-minister-says", "manual_status_code": 0, "page_rating": 100, "page_rating_contents": 100, "page_rating_visits": 0, "page_rating_votes": 0, "permanent": false, "source": "https://www.dailywire.com/feeds/rss.xml", "source_obj__id": 88, "status_code": 0, "tags": [], "thumbnail": null, "title": "Scotland\u201a\u00c4\u00f4s Proposed Misogyny Law Will Protect Men Pretending To Be Women, First Minister Says", "user": null, "vote": 0}, {"age": null, "album": "", "artist": null, "bookmarked": false, "comments": [], "date_published": "2024-04-16T14:05:07+00:00", "description": "On Tuesday, the GOP-led House transmitted\u00ac\u2020impeachment charges\u00ac\u2020against Homeland Security Secretary Alejandro Mayorkas over his handling of the border crisis to the Democrat-controlled Senate. The House managers tasked with prosecuting the case were introduced in the Senate chamber and Homeland Security Chairman Mark Green (R-TN), who is the lead manager, read aloud the text of the ...", "language": "en-US", "link": "https://www.dailywire.com/news/house-sends-articles-of-impeachment-against-dhs-secretary-alejandro-mayorkas-to-senate", "manual_status_code": 0, "page_rating": 100, "page_rating_contents": 100, "page_rating_visits": 0, "page_rating_votes": 0, "permanent": false, "source": "https://www.dailywire.com/feeds/rss.xml", "source_obj__id": 88, "status_code": 0, "tags": [], "thumbnail": null, "title": "House Sends Articles Of Impeachment Against DHS Secretary Alejandro Mayorkas To Senate", "user": null, "vote": 0}, {"age": null, "album": "", "artist": null, "bookmarked": false, "comments": [], "date_published": "2024-04-16T14:03:58+00:00", "description": "Sen. Josh Hawley (R-MO) slammed Energy Secretary Jennifer Granholm on Tuesday for not reporting individual stocks she owned and accused her of misleading Congress when she previously claimed she did not own any. The heated exchange, which lasted several minutes, happened during a Senate Energy and Natural Resources Committee hearing. &#8220;When you were here last, ...", "language": "en-US", "link": "https://www.dailywire.com/news/josh-hawley-blasts-energy-secretary-granholm-for-creating-institutionalized-corruption-at-doe", "manual_status_code": 0, "page_rating": 100, "page_rating_contents": 100, "page_rating_visits": 0, "page_rating_votes": 0, "permanent": false, "source": "https://www.dailywire.com/feeds/rss.xml", "source_obj__id": 88, "status_code": 0, "tags": [], "thumbnail": null, "title": "Josh Hawley Blasts Energy Secretary Granholm For Creating \u201a\u00c4\u00f2Institutionalized Corruption\u201a\u00c4\u00f4 At DOE", "user": null, "vote": 0}, {"age": null, "album": "", "artist": null, "bookmarked": false, "comments": [], "date_published": "2024-04-16T13:45:57+00:00", "description": "On Tuesday, the 4th U.S. Circuit Court of Appeals overturned a West Virginia law that barred biological boys from participating in girls\u201a\u00c4\u00f4 sports. The court claimed that HB 3293, passed in 2021, violated Title IX, which bars sex-based discrimination in schools. The case revolved around Becky Pepper Jackson, a 13-year-old boy who has been taking ...", "language": "en-US", "link": "https://www.dailywire.com/news/circuit-court-overturns-west-virginia-law-barring-boys-in-girls-sports", "manual_status_code": 0, "page_rating": 100, "page_rating_contents": 100, "page_rating_visits": 0, "page_rating_votes": 0, "permanent": false, "source": "https://www.dailywire.com/feeds/rss.xml", "source_obj__id": 88, "status_code": 0, "tags": [], "thumbnail": null, "title": "Circuit Court Overturns West Virginia Law Barring Boys In Girls\u201a\u00c4\u00f4 Sports", "user": null, "vote": 0}, {"age": null, "album": "", "artist": null, "bookmarked": false, "comments": [], "date_published": "2024-04-16T12:59:42+00:00", "description": "One of the stars from the 1999 horror film \u201a\u00c4\u00faThe Blair Witch Project\u201a\u00c4\u00f9 is speaking out against Lionsgate after the studio announced a forthcoming reboot. Actor Joshua Leonard said he felt \u201a\u00c4\u00fafrustration\u201a\u00c4\u00f9 upon hearing the news because of how he felt the studio treated him after the original film\u201a\u00c4\u00f4s release. Leonard detailed some of his ...", "language": "en-US", "link": "https://www.dailywire.com/news/original-blair-witch-project-actor-blasts-lionsgate-amid-remake-announcement-25-years-of-disrespect", "manual_status_code": 0, "page_rating": 100, "page_rating_contents": 100, "page_rating_visits": 0, "page_rating_votes": 0, "permanent": false, "source": "https://www.dailywire.com/feeds/rss.xml", "source_obj__id": 88, "status_code": 0, "tags": [], "thumbnail": null, "title": "Original \u201a\u00c4\u00f2Blair Witch Project\u201a\u00c4\u00f4 Actor Blasts Lionsgate Amid Remake Announcement: \u201a\u00c4\u00f425 Years Of Disrespect\u201a\u00c4\u00f4", "user": null, "vote": 0}, {"age": null, "album": "", "artist": null, "bookmarked": false, "comments": [], "date_published": "2024-04-16T12:45:08+00:00", "description": "Attorney General Merrick Garland is getting another chance to deliver audio recordings from special counsel Robert Hur&#8217;s investigation into President Joe Biden&#8216;s handling of classified documents to House Republicans. House Oversight Chairman James Comer (R-KY) and Judiciary Chairman Jim Jordan (R-OH) sent a letter to Garland on Monday saying he had 10 more days to ...", "language": "en-US", "link": "https://www.dailywire.com/news/house-republicans-give-ag-merrick-garland-one-more-chance-to-deliver-audio-from-biden-docs-probe", "manual_status_code": 0, "page_rating": 100, "page_rating_contents": 100, "page_rating_visits": 0, "page_rating_votes": 0, "permanent": false, "source": "https://www.dailywire.com/feeds/rss.xml", "source_obj__id": 88, "status_code": 0, "tags": [], "thumbnail": null, "title": "House Republicans Give AG Merrick Garland One More Chance To Deliver Audio From Biden Docs Probe", "user": null, "vote": 0}, {"age": null, "album": "", "artist": null, "bookmarked": false, "comments": [], "date_published": "2024-04-16T12:43:03+00:00", "description": "Manhattan District Attorney Alvin Bragg suggested that former President Donald Trump should be thrown in jail for 30 days if he violates a gag order that was imposed by hush-money trial Judge Juan Merchan. Bragg&#8217;s office filed a motion on Tuesday calling on the court to hold Trump accountable and suggesting that additional fines or ...", "language": "en-US", "link": "https://www.dailywire.com/news/manhattan-da-wants-trump-thrown-in-jail-for-30-days-if-he-violates-gag-order", "manual_status_code": 0, "page_rating": 100, "page_rating_contents": 100, "page_rating_visits": 0, "page_rating_votes": 0, "permanent": false, "source": "https://www.dailywire.com/feeds/rss.xml", "source_obj__id": 88, "status_code": 0, "tags": [], "thumbnail": null, "title": "Manhattan DA Wants Trump Thrown In Jail For 30 Days If He Violates Gag Order", "user": null, "vote": 0}, {"age": null, "album": "", "artist": null, "bookmarked": false, "comments": [], "date_published": "2024-04-16T12:42:22+00:00", "description": "Emmy Russell, the granddaughter of the late Country Music Hall of Famer Loretta Lynn, got emotional while performing on the reality singing competition show \u201a\u00c4\u00faAmerican Idol\u201a\u00c4\u00f9 on Monday night. The 25-year-old singer took the stage barefoot to perform an original song called \u201a\u00c4\u00faSkinny.\u201a\u00c4\u00f9\u00ac\u2020 \u201a\u00c4\u00faI just feel like I\u201a\u00c4\u00f4m who God made me to be when ...", "language": "en-US", "link": "https://www.dailywire.com/news/loretta-lynns-granddaughter-performs-barefoot-gets-emotional-on-american-idol", "manual_status_code": 0, "page_rating": 100, "page_rating_contents": 100, "page_rating_visits": 0, "page_rating_votes": 0, "permanent": false, "source": "https://www.dailywire.com/feeds/rss.xml", "source_obj__id": 88, "status_code": 0, "tags": [], "thumbnail": null, "title": "Loretta Lynn\u201a\u00c4\u00f4s Granddaughter Performs Barefoot, Gets Emotional On \u201a\u00c4\u00f2American Idol\u201a\u00c4\u00f4", "user": null, "vote": 0}, {"age": null, "album": "", "artist": null, "bookmarked": false, "comments": [], "date_published": "2024-04-16T12:19:44+00:00", "description": "Former President Donald Trump lashed out on Monday after learning that Justice Juan Merchan expected him to be in court for every part of his Manhattan hush-money trial \u201a\u00c4\u00ee even if that meant missing a Supreme Court hearing on the presidential immunity issue and his son Barron&#8217;s high school graduation. &#8220;I was looking forward to ...", "language": "en-US", "link": "https://www.dailywire.com/news/trump-may-be-forced-to-miss-his-own-scotus-hearing-sons-graduation-due-to-hush-money-trial", "manual_status_code": 0, "page_rating": 100, "page_rating_contents": 100, "page_rating_visits": 0, "page_rating_votes": 0, "permanent": false, "source": "https://www.dailywire.com/feeds/rss.xml", "source_obj__id": 88, "status_code": 0, "tags": [], "thumbnail": null, "title": "Trump May Be Forced To Miss His Own SCOTUS Hearing, Son\u201a\u00c4\u00f4s Graduation Due To Hush Money Trial", "user": null, "vote": 0}, {"age": null, "album": "", "artist": null, "bookmarked": false, "comments": [], "date_published": "2024-04-16T12:05:54+00:00", "description": "A conference featuring conservative views on subjects like abortion and gay marriage was shut down by police in Brussels after the mayor of the district where it was located claimed it was \u201a\u00c4\u00faethically conservative\u201a\u00c4\u00f9 and focused on \u00ac\u2020the defense of \u201a\u00c4\u00fanational sovereignty.\u201a\u00c4\u00f9 \u201a\u00c4\u00faNatCon brings together public figures, journalists, scholars, and students who understand that the ...", "language": "en-US", "link": "https://www.dailywire.com/news/brussels-police-try-to-shut-down-conference-featuring-orban-farage-other-leading-european-conservatives", "manual_status_code": 0, "page_rating": 100, "page_rating_contents": 100, "page_rating_visits": 0, "page_rating_votes": 0, "permanent": false, "source": "https://www.dailywire.com/feeds/rss.xml", "source_obj__id": 88, "status_code": 0, "tags": [], "thumbnail": null, "title": "Brussels Police Try To Shut Down Conference Featuring Orban, Farage, Other Leading European Conservatives", "user": null, "vote": 0}, {"age": null, "album": "", "artist": null, "bookmarked": false, "comments": [], "date_published": "2024-04-16T11:59:47+00:00", "description": "Former federal prosecutor Sunny Hostin admitted that she was worried about the prospect of a Trump supporter being able to &#8220;sneak onto&#8221; the jury in the former president&#8217;s Manhattan hush-money trial\u00ac\u2020but shared no such concerns that Trump haters might do so. Hostin made the comments during Tuesday&#8217;s broadcast of &#8220;The View,&#8221; telling her co-hosts on ...", "language": "en-US", "link": "https://www.dailywire.com/news/former-fed-prosecutor-apparently-fine-with-trump-haters-on-hush-money-jury-terrified-a-trump-supporter-will-sneak-in", "manual_status_code": 0, "page_rating": 100, "page_rating_contents": 100, "page_rating_visits": 0, "page_rating_votes": 0, "permanent": false, "source": "https://www.dailywire.com/feeds/rss.xml", "source_obj__id": 88, "status_code": 0, "tags": [], "thumbnail": null, "title": "Former Fed Prosecutor Apparently Fine With Trump-Haters On Hush-Money Jury, Terrified A Trump Supporter Will \u201a\u00c4\u00f2Sneak\u201a\u00c4\u00f4 In", "user": null, "vote": 0}, {"age": null, "album": "", "artist": null, "bookmarked": false, "comments": [], "date_published": "2024-04-16T11:57:40+00:00", "description": "An anti-Israel student at Massachusetts Institute of Technology publicly celebrated her new gig in the school\u201a\u00c4\u00f4s admissions office in a video on her Instagram. \u201a\u00c4\u00faAccepted a job at MIT Admission \u201a\u00c4\u00ee as a queer, indigenous, pro-Palestine activist,\u201a\u00c4\u00f9 Kathleen Julca wrote in the caption of a video in which she sported a red and white keffiyeh. ...", "language": "en-US", "link": "https://www.dailywire.com/news/anti-israel-mit-student-touts-new-gig-in-admissions-office-as-queer-indigenous-pro-palestine-activist", "manual_status_code": 0, "page_rating": 100, "page_rating_contents": 100, "page_rating_visits": 0, "page_rating_votes": 0, "permanent": false, "source": "https://www.dailywire.com/feeds/rss.xml", "source_obj__id": 88, "status_code": 0, "tags": [], "thumbnail": null, "title": "Anti-Israel MIT Student Touts New Gig In Admissions Office As \u201a\u00c4\u00f2Queer, Indigenous, Pro-Palestine Activist\u201a\u00c4\u00f4", "user": null, "vote": 0}, {"age": null, "album": "", "artist": null, "bookmarked": false, "comments": [], "date_published": "2024-04-16T11:25:54+00:00", "description": "Authorities have released the names of the Syracuse police officer and Onondaga County sheriff\u201a\u00c4\u00f4s deputy who were killed in the line of duty Sunday night. Officer Michael Jensen and Lieutenant Deputy Michael Hoosock were killed Sunday night after exchanging gunfire with a suspect, who was also killed. \u201a\u00c4\u00faThere are no words for it except to ...", "language": "en-US", "link": "https://www.dailywire.com/news/names-of-police-officers-killed-in-upstate-new-york-gunfight-released", "manual_status_code": 0, "page_rating": 100, "page_rating_contents": 100, "page_rating_visits": 0, "page_rating_votes": 0, "permanent": false, "source": "https://www.dailywire.com/feeds/rss.xml", "source_obj__id": 88, "status_code": 0, "tags": [], "thumbnail": null, "title": "Names Of Police Officers Killed In Upstate New York Gunfight Released", "user": null, "vote": 0}, {"age": null, "album": "", "artist": null, "bookmarked": false, "comments": [], "date_published": "2024-04-16T11:03:35+00:00", "description": "A viral video from Monday showed Florida police taking immediate action when anti-Israel activists blocked city streets, placing them on their backs on the sidewalk. WATCH: In Florida, we drag these people out of the road and arrest them. pic.twitter.com/XU6ZUUf9xX &mdash; Bryan Griffin (@BryanDGriffin) April 15, 2024 Pro-Palestinian protestors attempted to block roads in Florida. ...", "language": "en-US", "link": "https://www.dailywire.com/news/watch-florida-police-have-zero-tolerance-for-anti-israel-activists-blocking-streets", "manual_status_code": 0, "page_rating": 100, "page_rating_contents": 100, "page_rating_visits": 0, "page_rating_votes": 0, "permanent": false, "source": "https://www.dailywire.com/feeds/rss.xml", "source_obj__id": 88, "status_code": 0, "tags": [], "thumbnail": null, "title": "WATCH: Florida Police Have Zero Tolerance For Anti-Israel Activists Blocking Streets", "user": null, "vote": 0}, {"age": null, "album": "", "artist": null, "bookmarked": false, "comments": [], "date_published": "2024-04-16T11:02:48+00:00", "description": "Singer Courtney Love had some criticism for some fellow recording artists, which she candidly shared during a recently published interview with U.K.-based outlet The Standard. The 59-year-old took aim at Taylor Swift, Lana Del Rey, Madonna, and Beyonc\u221a\u00a9 specifically. \u201a\u00c4\u00faTaylor is not important,\u201a\u00c4\u00f9 Love told the outlet of the global pop star. \u201a\u00c4\u00faShe might be ...", "language": "en-US", "link": "https://www.dailywire.com/news/courtney-love-disses-fellow-musicians-calls-taylor-swift-not-important-not-interesting", "manual_status_code": 0, "page_rating": 100, "page_rating_contents": 100, "page_rating_visits": 0, "page_rating_votes": 0, "permanent": false, "source": "https://www.dailywire.com/feeds/rss.xml", "source_obj__id": 88, "status_code": 0, "tags": [], "thumbnail": null, "title": "Courtney Love Disses Fellow Musicians, Calls Taylor Swift \u201a\u00c4\u00f2Not Important,\u201a\u00c4\u00f4 \u201a\u00c4\u00f2Not Interesting\u201a\u00c4\u00f4", "user": null, "vote": 0}, {"age": null, "album": "", "artist": null, "bookmarked": false, "comments": [], "date_published": "2024-04-16T10:25:33+00:00", "description": "Defense attorneys for the man accused of killing two Delphi, Indiana, teens in 2017 don\u201a\u00c4\u00f4t want jurors to hear his recorded police interrogation, saying he was never read his Miranda Rights. In a motion filed on Monday, defense attorneys Andrew Baldwin and Bradley Rozzi argued that their client, Richard Allen, had his civil rights violated ...", "language": "en-US", "link": "https://www.dailywire.com/news/delphi-defense-attorneys-claim-murder-suspect-was-never-read-miranda-rights", "manual_status_code": 0, "page_rating": 100, "page_rating_contents": 100, "page_rating_visits": 0, "page_rating_votes": 0, "permanent": false, "source": "https://www.dailywire.com/feeds/rss.xml", "source_obj__id": 88, "status_code": 0, "tags": [], "thumbnail": null, "title": "Delphi Defense Attorneys Claim Murder Suspect Was Never Read Miranda Rights", "user": null, "vote": 0}, {"age": null, "album": "", "artist": null, "bookmarked": false, "comments": [], "date_published": "2024-04-16T10:19:48+00:00", "description": "The Biden administration on Monday confirmed the identity of an ISIS-K suicide bomber who killed several U.S. service members and scores of Afghans in 2021. The Department of Defense (DOD) identified the terrorist as Abdul Rahman al-Logari. Al-Logari detonated a bomb outside of Hamid Karzai International Airport\u201a\u00c4\u00f4s Abbey Gate in the final days of the ...", "language": "en-US", "link": "https://www.dailywire.com/news/biden-admin-confirms-id-of-abbey-gate-bomber-terrorist-set-free-during-afghanistan-withdrawal", "manual_status_code": 0, "page_rating": 100, "page_rating_contents": 100, "page_rating_visits": 0, "page_rating_votes": 0, "permanent": false, "source": "https://www.dailywire.com/feeds/rss.xml", "source_obj__id": 88, "status_code": 0, "tags": [], "thumbnail": null, "title": "Biden Admin Confirms ID Of Abbey Gate Bomber, Terrorist Set Free During Afghanistan Withdrawal", "user": null, "vote": 0}, {"age": null, "album": "", "artist": null, "bookmarked": false, "comments": [], "date_published": "2024-04-16T09:16:24+00:00", "description": "National Public Radio (NPR) has suspended Senior Business Editor Uri Berliner after he publicly accused the network of espousing left-wing bias with an essay that\u00ac\u2020began a media firestorm. Last week, Berliner received a letter that informed him of a five-day suspension without pay beginning Friday, according to a report by NPR&#8217;s media correspondent David Folkenflik. ...", "language": "en-US", "link": "https://www.dailywire.com/news/npr-suspends-editor-who-accused-network-of-bias-issues-final-warning", "manual_status_code": 0, "page_rating": 100, "page_rating_contents": 100, "page_rating_visits": 0, "page_rating_votes": 0, "permanent": false, "source": "https://www.dailywire.com/feeds/rss.xml", "source_obj__id": 88, "status_code": 0, "tags": [], "thumbnail": null, "title": "NPR Suspends Editor Who Accused Network Of Bias, Issues \u201a\u00c4\u00f2Final Warning\u201a\u00c4\u00f4", "user": null, "vote": 0}, {"age": null, "album": "", "artist": null, "bookmarked": false, "comments": [], "date_published": "2024-04-16T07:49:33+00:00", "description": "Two Colorado counties are challenging the state\u201a\u00c4\u00f4s laws that restrict local law enforcement\u201a\u00c4\u00f4s ability to cooperate with federal immigration authorities. On Monday, a lawsuit was filed against Colorado through Democratic Governor Jared Polis by Douglas and El Paso Counties, who argue that the state\u201a\u00c4\u00f4s sanctuary city laws are dangerous and unconstitutional. The suit challenges two ...", "language": "en-US", "link": "https://www.dailywire.com/news/conservative-counties-challenge-colorados-dangerous-sanctuary-city-laws", "manual_status_code": 0, "page_rating": 100, "page_rating_contents": 100, "page_rating_visits": 0, "page_rating_votes": 0, "permanent": false, "source": "https://www.dailywire.com/feeds/rss.xml", "source_obj__id": 88, "status_code": 0, "tags": [], "thumbnail": null, "title": "Conservative Counties Challenge Colorado\u201a\u00c4\u00f4s \u201a\u00c4\u00f2Dangerous\u201a\u00c4\u00f4 Sanctuary City Laws", "user": null, "vote": 0}, {"age": null, "album": "", "artist": null, "bookmarked": false, "comments": [], "date_published": "2024-04-16T07:33:21+00:00", "description": "Former Trump defense attorney Bill Brennan said on Monday that he is worried about politically motivated people getting on the jury in former President Donald Trump&#8217;s Manhattan criminal trial. Brennan made the remarks while speaking to Jake Tapper on CNN about what Trump&#8217;s legal team needs to do to ensure that the former president receives ...", "language": "en-US", "link": "https://www.dailywire.com/news/ex-trump-lawyer-trump-should-be-worried-about-juror-with-ulterior-motive-getting-on-jury", "manual_status_code": 0, "page_rating": 100, "page_rating_contents": 100, "page_rating_visits": 0, "page_rating_votes": 0, "permanent": false, "source": "https://www.dailywire.com/feeds/rss.xml", "source_obj__id": 88, "status_code": 0, "tags": [], "thumbnail": null, "title": "Ex-Trump Lawyer: Trump Should Be Worried About Juror With \u201a\u00c4\u00f2Ulterior Motive\u201a\u00c4\u00f4 Getting On Jury", "user": null, "vote": 0}, {"age": null, "album": "", "artist": null, "bookmarked": false, "comments": [], "date_published": "2024-04-16T07:29:56+00:00", "description": "Numerous foreign policy experts are urging Israel to deliver a &#8220;disproportionate&#8221; military response to Iran&#8217;s attacks over the weekend and are warning that time is winding down to deal with the Islamic Republic before it becomes a nuclear state. Part of what is driving the concern from foreign policy and military experts is that Iran ...", "language": "en-US", "link": "https://www.dailywire.com/news/foreign-policy-military-experts-urge-israel-to-deliver-disproportionate-response-to-iranian-attacks", "manual_status_code": 0, "page_rating": 100, "page_rating_contents": 100, "page_rating_visits": 0, "page_rating_votes": 0, "permanent": false, "source": "https://www.dailywire.com/feeds/rss.xml", "source_obj__id": 88, "status_code": 0, "tags": [], "thumbnail": null, "title": "Foreign Policy, Military Experts Urge Israel To Deliver \u201a\u00c4\u00f2Disproportionate\u201a\u00c4\u00f4 Response To Iranian Attacks", "user": null, "vote": 0}, {"age": null, "album": "", "artist": null, "bookmarked": false, "comments": [], "date_published": "2024-04-16T07:17:07+00:00", "description": "Governor Chris Sununu (R-NH) said this week that former President Donald Trump&#8217;s criminal trial in Manhattan will not have the political ramifications that many of Trump&#8217;s detractors believe it will. Sununu made the remarks during an interview with George Stephanopoulos on ABC News&#8217; &#8220;This Week&#8221; when asked if he would support Trump even if he ...", "language": "en-US", "link": "https://www.dailywire.com/news/sununu-defends-trump-over-manhattan-criminal-trial-people-see-it-more-as-reality-tv", "manual_status_code": 0, "page_rating": 100, "page_rating_contents": 100, "page_rating_visits": 0, "page_rating_votes": 0, "permanent": false, "source": "https://www.dailywire.com/feeds/rss.xml", "source_obj__id": 88, "status_code": 0, "tags": [], "thumbnail": null, "title": "Sununu Defends Trump Over Manhattan Criminal Trial: \u201a\u00c4\u00f2People See It More As Reality TV\u201a\u00c4\u00f4", "user": null, "vote": 0}, {"age": null, "album": "", "artist": null, "bookmarked": false, "comments": [], "date_published": "2024-04-16T07:11:14+00:00", "description": "Sen. Tom Cotton (R-AR) encouraged Americans this week to &#8220;take matters into your own hands&#8221; and remove protesters who are blocking roads. Cotton&#8217;s remarks come as far-left pro-Palestinian protesters blocked roads across the country on Monday to protest Israel, which just endured an attack from Iran over the weekend. The most notable examples of anti-Semitic ...", "language": "en-US", "link": "https://www.dailywire.com/news/tom-cotton-encourages-americans-to-take-matters-into-your-own-hands-and-remove-protesters-from-roads", "manual_status_code": 0, "page_rating": 100, "page_rating_contents": 100, "page_rating_visits": 0, "page_rating_votes": 0, "permanent": false, "source": "https://www.dailywire.com/feeds/rss.xml", "source_obj__id": 88, "status_code": 0, "tags": [], "thumbnail": null, "title": "Tom Cotton Encourages Americans To \u201a\u00c4\u00f2Take Matters Into Your Own Hands\u201a\u00c4\u00f4 And Remove Protesters From Roads", "user": null, "vote": 0}, {"age": null, "album": "", "artist": null, "bookmarked": false, "comments": [], "date_published": "2024-04-16T05:00:31+00:00", "description": "A Nashville, Tennessee court is set to hear long-awaited arguments over whether or not to release documents that belonged to the transgender-identifying shooter who murdered six people at the Covenant School, which have been kept sealed from the public for more than a year. The court proceedings, overseen by Judge I&#8217;Ashea L. Myles, will decide ...", "language": "en-US", "link": "https://www.dailywire.com/news/court-set-to-hear-arguments-over-release-of-covenant-shooters-manifesto-heres-what-you-need-to-know", "manual_status_code": 0, "page_rating": 100, "page_rating_contents": 100, "page_rating_visits": 0, "page_rating_votes": 0, "permanent": false, "source": "https://www.dailywire.com/feeds/rss.xml", "source_obj__id": 88, "status_code": 0, "tags": [], "thumbnail": null, "title": "Court Set To Hear Arguments Over Release Of Covenant Shooter\u201a\u00c4\u00f4s Manifesto. Here\u201a\u00c4\u00f4s What You Need To Know", "user": null, "vote": 0}]