[{"age": null, "album": "", "artist": null, "bookmarked": false, "comments": [], "date_published": "2024-04-16T20:00:00+00:00", "description": "<figure class=\"Article-thumbnail orgnc-SingleImage orgnc-SingleImage--center orgnc-SingleImage--productTable\">\n                    <div class=\"orgnc-SingleImage-wrapper\"><img alt=\"The best coffee machines for offices in 2024 on a plain white background.\" class=\"orgnc-SingleImage-image webfeedsFeaturedVisual wp-post-image\" height=\"936\" src=\"https://www.popsci.com/uploads/2024/04/15/The-best-coffee-machines-for-offices-in-2024.jpg?auto=webp&amp;width=1440&amp;height=936\" style=\"display: block; margin: auto; margin-bottom: 5px;\" width=\"1440\" /></div><div class=\"orgnc-SingleImage-creditTop\">Brandt Ranj / Popular Science </div></figure><p>From single-serve to automatic espresso, these are the six best coffee makers for quickly filling a mug and seizing the day.  </p>\n<p>The post <a href=\"https://www.popsci.com/gear/best-coffee-machines-for-offices/\">The best coffee machines for offices in 2024</a> appeared first on <a href=\"https://www.popsci.com\">Popular Science</a>.</p>", "language": "en-US", "link": "https://www.popsci.com/gear/best-coffee-machines-for-offices", "manual_status_code": 0, "page_rating": 100, "page_rating_contents": 100, "page_rating_visits": 0, "page_rating_votes": 0, "permanent": false, "source": "https://www.popsci.com/feed", "source_obj__id": 260, "status_code": 0, "tags": [], "thumbnail": null, "title": "The best coffee machines for offices in 2024", "user": null, "vote": 0}, {"age": null, "album": "", "artist": null, "bookmarked": false, "comments": [], "date_published": "2024-04-16T19:29:11+00:00", "description": "<figure class=\"Article-thumbnail orgnc-SingleImage orgnc-SingleImage--center orgnc-SingleImage--hasCaption\">\n                    <div class=\"orgnc-SingleImage-wrapper\"><img alt=\"ISS\" class=\"orgnc-SingleImage-image webfeedsFeaturedVisual wp-post-image\" height=\"810\" src=\"https://www.popsci.com/uploads/2024/04/16/iss.jpg?auto=webp&amp;width=1440&amp;height=810\" style=\"display: block; margin: auto; margin-bottom: 5px;\" width=\"1440\" /></div><figcaption class=\"orgnc-SingleImage-caption\">March 11, 2021 - An external pallet packed with old nickel-hydrogen batteries is released from the Canadarm2 robotic arm as the International Space Station orbited 260 miles above the Pacific Ocean west of Central America. Mission controllers in Houston commanded the Canadarm2 to release the external pallet into space where it will orbit Earth between two to four years before burning up harmlessly in the atmosphere. The batteries were removed during previous spacewalks and replaced with newer lithium-ion bat", "language": "en-US", "link": "https://www.popsci.com/science/space-junk-crash-florida", "manual_status_code": 0, "page_rating": 100, "page_rating_contents": 100, "page_rating_visits": 0, "page_rating_votes": 0, "permanent": false, "source": "https://www.popsci.com/feed", "source_obj__id": 260, "status_code": 0, "tags": [], "thumbnail": null, "title": "Yes, a chunk of the space station crashed into a house in Florida", "user": null, "vote": 0}, {"age": null, "album": "", "artist": null, "bookmarked": false, "comments": [], "date_published": "2024-04-16T18:10:28+00:00", "description": "<figure class=\"Article-thumbnail orgnc-SingleImage orgnc-SingleImage--center orgnc-SingleImage--hasCaption\">\n                    <div class=\"orgnc-SingleImage-wrapper\"><img alt=\"a tardigrade floating around\" class=\"orgnc-SingleImage-image webfeedsFeaturedVisual wp-post-image\" height=\"810\" src=\"https://www.popsci.com/uploads/2024/04/16/water-bear.jpg?auto=webp&amp;width=1440&amp;height=810\" style=\"display: block; margin: auto; margin-bottom: 5px;\" width=\"1440\" /></div><figcaption class=\"orgnc-SingleImage-caption\">Tardigrades were first discovered in the Eighteenth Century and are known to survive in some of Earth\u2019s most inhospitable environments. <span class=\"orgnc-SingleImage-credit\">Science Photo Library/Getty Images</span></figcaption></figure><p>Scientists piece together new clues about how \u2018water bears\u2019 survive extreme conditions.</p>\n<p>The post <a href=\"https://www.popsci.com/science/tardigrades-water-bears-radiation/\">How super resilient tardigrades can fix their radiation-dama", "language": "en-US", "link": "https://www.popsci.com/science/tardigrades-water-bears-radiation", "manual_status_code": 0, "page_rating": 100, "page_rating_contents": 100, "page_rating_visits": 0, "page_rating_votes": 0, "permanent": false, "source": "https://www.popsci.com/feed", "source_obj__id": 260, "status_code": 0, "tags": [], "thumbnail": null, "title": "How super resilient tardigrades can fix their radiation-damaged DNA", "user": null, "vote": 0}, {"age": null, "album": "", "artist": null, "bookmarked": false, "comments": [], "date_published": "2024-04-16T16:46:11+00:00", "description": "<figure class=\"Article-thumbnail orgnc-SingleImage orgnc-SingleImage--center orgnc-SingleImage--hasCaption\">\n                    <div class=\"orgnc-SingleImage-wrapper\"><img alt=\"An Anker portable charger in a pattern on a blank background.\" class=\"orgnc-SingleImage-image webfeedsFeaturedVisual wp-post-image\" height=\"959\" src=\"https://www.popsci.com/uploads/2024/04/16/anker-charger-amazon-deal.jpg?auto=webp&amp;width=1440&amp;height=959.76\" style=\"display: block; margin: auto; margin-bottom: 5px;\" width=\"1440\" /></div><figcaption class=\"orgnc-SingleImage-caption\"><span class=\"orgnc-SingleImage-credit\">Amanda Reed</span></figcaption></figure><p>Don't let your phone die when you're far from an outlet with these Anker charging accessory deals at Amazon.</p>\n<p>The post <a href=\"https://www.popsci.com/gear/anker-charging-accessories-spring-amazon-deal/\">Stay powered on your adventures with up to 57% off Anker charging accessories</a> appeared first on <a href=\"https://www.popsci.com\">Popul", "language": "en-US", "link": "https://www.popsci.com/gear/anker-charging-accessories-spring-amazon-deal", "manual_status_code": 0, "page_rating": 100, "page_rating_contents": 100, "page_rating_visits": 0, "page_rating_votes": 0, "permanent": false, "source": "https://www.popsci.com/feed", "source_obj__id": 260, "status_code": 0, "tags": [], "thumbnail": null, "title": "Stay powered on your adventures with up to 57% off Anker charging accessories", "user": null, "vote": 0}, {"age": null, "album": "", "artist": null, "bookmarked": false, "comments": [], "date_published": "2024-04-16T14:55:00+00:00", "description": "<figure class=\"Article-thumbnail orgnc-SingleImage orgnc-SingleImage--center orgnc-SingleImage--productTable\">\n                    <div class=\"orgnc-SingleImage-wrapper\"><img alt=\"The best turntable accessories of 2024 on a plain white background.\" class=\"orgnc-SingleImage-image webfeedsFeaturedVisual wp-post-image\" height=\"936\" src=\"https://www.popsci.com/uploads/2024/04/14/The-best-turntable-accessories-of-2024.jpg?auto=webp&amp;width=1440&amp;height=936\" style=\"display: block; margin: auto; margin-bottom: 5px;\" width=\"1440\" /></div><div class=\"orgnc-SingleImage-creditTop\">Brandt Ranj / Popular Science </div></figure><p>Planning to pick up some fresh wax this Record Store Day? Augment your turntable with accessories to keep your vinyl clean and system finely tuned.</p>\n<p>The post <a href=\"https://www.popsci.com/gear/best-turntable-accessories/\">The best turntable accessories for Record Store Day 2024</a> appeared first on <a href=\"https://www.popsci.com\">Popular Science</a>.</p>", "language": "en-US", "link": "https://www.popsci.com/gear/best-turntable-accessories", "manual_status_code": 0, "page_rating": 100, "page_rating_contents": 100, "page_rating_visits": 0, "page_rating_votes": 0, "permanent": false, "source": "https://www.popsci.com/feed", "source_obj__id": 260, "status_code": 0, "tags": [], "thumbnail": null, "title": "The best turntable accessories for Record Store Day 2024", "user": null, "vote": 0}, {"age": null, "album": "", "artist": null, "bookmarked": false, "comments": [], "date_published": "2024-04-16T14:02:00+00:00", "description": "<figure class=\"Article-thumbnail orgnc-SingleImage orgnc-SingleImage--center orgnc-SingleImage--hasCaption\">\n                    <div class=\"orgnc-SingleImage-wrapper\"><img alt=\"smoke from a fire in front of the sun and over forests\" class=\"orgnc-SingleImage-image webfeedsFeaturedVisual wp-post-image\" height=\"811\" src=\"https://www.popsci.com/uploads/2024/04/16/wildfire.jpg?auto=webp&amp;width=1440&amp;height=811.84592296148\" style=\"display: block; margin: auto; margin-bottom: 5px;\" width=\"1440\" /></div><figcaption class=\"orgnc-SingleImage-caption\">Wildfire in Montana. <span class=\"orgnc-SingleImage-credit\"><a href=\"https://depositphotos.com/photo/stunning-view-montana-national-forests-fire-giant-smoke-going-sky-532794044.html\">DepositPhotos</a></span></figcaption></figure><p>On his 80th birthday, Smokey Bear is still urging fire safety.</p>\n<p>The post <a href=\"https://www.popsci.com/diy/how-to-prevent-wildfires/\">How YOU can prevent wildfires</a> appeared first on <a href=\"https://ww", "language": "en-US", "link": "https://www.popsci.com/diy/how-to-prevent-wildfires", "manual_status_code": 0, "page_rating": 100, "page_rating_contents": 100, "page_rating_visits": 0, "page_rating_votes": 0, "permanent": false, "source": "https://www.popsci.com/feed", "source_obj__id": 260, "status_code": 0, "tags": [], "thumbnail": null, "title": "How YOU can prevent wildfires", "user": null, "vote": 0}, {"age": null, "album": "", "artist": null, "bookmarked": false, "comments": [], "date_published": "2024-04-16T13:27:33+00:00", "description": "<figure class=\"Article-thumbnail orgnc-SingleImage orgnc-SingleImage--center orgnc-SingleImage--hasCaption\">\n                    <div class=\"orgnc-SingleImage-wrapper\"><img alt=\"an illustration of a black hole with a companion star. the star is bright with a blue line indicating where the black hole is.\" class=\"orgnc-SingleImage-image webfeedsFeaturedVisual wp-post-image\" height=\"810\" src=\"https://www.popsci.com/uploads/2024/04/16/stellar-mass-black-hole.png?auto=webp&amp;width=1440&amp;height=810\" style=\"display: block; margin: auto; margin-bottom: 5px;\" width=\"1440\" /></div><figcaption class=\"orgnc-SingleImage-caption\">An artist\u2019s impression of the largest stellar black hole in the Milky Way galaxy. The illustration shows the orbits of both the star and the black hole around their common center of mass. The stellar-mass black hole was found due to the wobbling motion it induces on a companion star. <span class=\"orgnc-SingleImage-credit\">ESO/L. Cal\u00e7ada</span></figcaption></figure><p>", "language": "en-US", "link": "https://www.popsci.com/science/biggest-stellar-mass-black-hole", "manual_status_code": 0, "page_rating": 100, "page_rating_contents": 100, "page_rating_visits": 0, "page_rating_votes": 0, "permanent": false, "source": "https://www.popsci.com/feed", "source_obj__id": 260, "status_code": 0, "tags": [], "thumbnail": null, "title": "Humongous stellar-mass black hole is the biggest ever found in Milky Way", "user": null, "vote": 0}, {"age": null, "album": "", "artist": null, "bookmarked": false, "comments": [], "date_published": "2024-04-16T13:00:00+00:00", "description": "<figure class=\"Article-thumbnail orgnc-SingleImage orgnc-SingleImage--center orgnc-SingleImage--hasCaption\">\n                    <div class=\"orgnc-SingleImage-wrapper\"><img alt=\"A PoooliPrint inkless and wireless printer.\" class=\"orgnc-SingleImage-image webfeedsFeaturedVisual wp-post-image\" height=\"1080\" src=\"https://www.popsci.com/uploads/2024/04/15/image-3.png?auto=webp&amp;width=1440&amp;height=1080\" style=\"display: block; margin: auto; margin-bottom: 5px;\" width=\"1440\" /></div><figcaption class=\"orgnc-SingleImage-caption\"><span class=\"orgnc-SingleImage-credit\">Stack Commerce</span></figcaption></figure><p>It measures just 3.25 by 3.25 by 1.5 inches.</p>\n<p>The post <a href=\"https://www.popsci.com/sponsored-content/inkless-wireless-pocket-printer-deal/\">This $40 inkless and wireless printer fits in your pocket</a> appeared first on <a href=\"https://www.popsci.com\">Popular Science</a>.</p>", "language": "en-US", "link": "https://www.popsci.com/sponsored-content/inkless-wireless-pocket-printer-deal", "manual_status_code": 0, "page_rating": 100, "page_rating_contents": 100, "page_rating_visits": 0, "page_rating_votes": 0, "permanent": false, "source": "https://www.popsci.com/feed", "source_obj__id": 260, "status_code": 0, "tags": [], "thumbnail": null, "title": "This $40 inkless and wireless printer fits in your pocket", "user": null, "vote": 0}, {"age": null, "album": "", "artist": null, "bookmarked": false, "comments": [], "date_published": "2024-04-16T12:00:00+00:00", "description": "<figure class=\"Article-thumbnail orgnc-SingleImage orgnc-SingleImage--center orgnc-SingleImage--hasCaption\">\n                    <div class=\"orgnc-SingleImage-wrapper\"><img alt=\"getting lost\" class=\"orgnc-SingleImage-image webfeedsFeaturedVisual wp-post-image\" height=\"810\" src=\"https://www.popsci.com/uploads/2024/04/16/differences-in-navigation-500x288-1.jpg?auto=webp&amp;width=1440&amp;height=810\" style=\"display: block; margin: auto; margin-bottom: 5px;\" width=\"1440\" /></div><figcaption class=\"orgnc-SingleImage-caption\">Scientists are homing in on how navigation skills develop. <span class=\"orgnc-SingleImage-credit\">Knowable Magazine</span></figcaption></figure><p>Research suggests that experience may matter more than innate ability when it comes to a sense of direction.</p>\n<p>The post <a href=\"https://www.popsci.com/science/why-do-some-people-always-get-lost/\">Why do some people always get lost?</a> appeared first on <a href=\"https://www.popsci.com\">Popular Science</a>.</p>", "language": "en-US", "link": "https://www.popsci.com/science/why-do-some-people-always-get-lost", "manual_status_code": 0, "page_rating": 100, "page_rating_contents": 100, "page_rating_visits": 0, "page_rating_votes": 0, "permanent": false, "source": "https://www.popsci.com/feed", "source_obj__id": 260, "status_code": 0, "tags": [], "thumbnail": null, "title": "Why do some people always get lost?", "user": null, "vote": 0}]