[{"age": null, "album": "", "artist": null, "bookmarked": false, "comments": [], "date_published": "2024-04-16T20:17:29+00:00", "description": "Check out the MSI MAG 1250GL PCIE5 at https://lmg.gg/FDM5n\n\nNeural processing units (NPUs) such as Apple's Neural Engine or the machine learning engine on Google Tensor chips can be found on the iPhone and the Pixel. How do they help run AI right on your phone?\n\nLeave a reply with your requests for future episodes.\n\n\u25ba GET MERCH: https://lttstore.com\n\u25ba GET EXCLUSIVE CONTENT ON FLOATPLANE: https://lmg.gg/lttfloatplane\n\u25ba SPONSORS, AFFILIATES, AND PARTNERS: https://lmg.gg/partners\n\nFOLLOW US ELSEWHERE\n---------------------------------------------------  \nTwitter: https://twitter.com/linustech\nFacebook: http://www.facebook.com/LinusTech\nInstagram: https://www.instagram.com/linustech\nTikTok: https://www.tiktok.com/@linustech\nTwitch: https://www.twitch.tv/linustech", "language": null, "link": "https://www.youtube.com/watch?v=jRvgELYaDc4", "manual_status_code": 0, "page_rating": 100, "page_rating_contents": 100, "page_rating_visits": 0, "page_rating_votes": 0, "permanent": false, "source": "https://www.youtube.com/feeds/videos.xml?channel_id=UC0vBXGSyV14uvJ4hECDOl0Q", "source_obj__id": 329, "status_code": 0, "tags": [], "thumbnail": "https://i3.ytimg.com/vi/jRvgELYaDc4/hqdefault.jpg", "title": "The NEW Chip Inside Your Phone! (NPUs)", "user": null, "vote": 0}]