[{"age": null, "album": "", "artist": null, "bookmarked": false, "comments": [], "date_published": "2024-04-16T18:58:53+00:00", "description": "The PuTTY Secure Shell (SSH) and Telnet client\u00a0are impacted by a critical vulnerability that could be exploited to recover private keys. PuTTY tools from 0.68 to 0.80 inclusive are affected by a critical vulnerability, tracked as CVE-2024-31497, that resides in the code that generates signatures from ECDSA private keys which use the NIST P521 curve. [&#8230;]", "language": "en-US", "link": "https://securityaffairs.com/161921/security/putty-ssh-client-flaw.html", "manual_status_code": 0, "page_rating": 100, "page_rating_contents": 100, "page_rating_visits": 0, "page_rating_votes": 0, "permanent": false, "source": "https://securityaffairs.com/feed", "source_obj__id": 298, "status_code": 0, "tags": [], "thumbnail": null, "title": "PuTTY SSH Client flaw allows of private keys recovery", "user": null, "vote": 0}, {"age": null, "album": "", "artist": null, "bookmarked": false, "comments": [], "date_published": "2024-04-16T13:47:41+00:00", "description": "Researchers warn of a renewed cyber espionage campaign targeting users in South Asia with the Apple iOS spyware LightSpy Blackberry researchers discovered a renewed cyber espionage campaign targeting South Asia with an Apple iOS spyware called\u00a0LightSpy. The sophisticated mobile spyware has resurfaced after several months of inactivity, the new version of LightSpy, dubbed &#8220;F_Warehouse&#8221;, supports [&#8230;]", "language": "en-US", "link": "https://securityaffairs.com/161908/intelligence/ios-spyware-lightspy-asia.html", "manual_status_code": 0, "page_rating": 100, "page_rating_contents": 100, "page_rating_visits": 0, "page_rating_votes": 0, "permanent": false, "source": "https://securityaffairs.com/feed", "source_obj__id": 298, "status_code": 0, "tags": [], "thumbnail": null, "title": "A renewed espionage campaign targets South Asia with iOS spyware LightSpy", "user": null, "vote": 0}, {"age": null, "album": "", "artist": null, "bookmarked": false, "comments": [], "date_published": "2024-04-16T13:11:20+00:00", "description": "Amidst rising tensions with China in the SCS, Resecurity observed a spike in malicious cyber activity targeting the Philippines in\u00a0Q1 2024. Amidst rising tensions with China in the South China Sea, Resecurity has observed a significant spike in malicious cyber activity targeting the Philippines in Q1 2024, increasing nearly 325% compared to the same period [&#8230;]", "language": "en-US", "link": "https://securityaffairs.com/161909/intelligence/misinformation-targeting-the-philippines.html", "manual_status_code": 0, "page_rating": 100, "page_rating_contents": 100, "page_rating_visits": 0, "page_rating_votes": 0, "permanent": false, "source": "https://securityaffairs.com/feed", "source_obj__id": 298, "status_code": 0, "tags": [], "thumbnail": null, "title": "Misinformation and hacktivist campaigns targeting the Philippines skyrocket", "user": null, "vote": 0}, {"age": null, "album": "", "artist": null, "bookmarked": false, "comments": [], "date_published": "2024-04-16T09:23:32+00:00", "description": "Czech transport minister warned that Russia conducted \u2018thousands\u2019 of attempts to sabotage railways, attempting to interfere with train networks and signals. Early this month, the Czech transport minister Martin Kupka warned that Russia has conducted &#8216;thousands&#8217; of attempts to sabotage European railways. The Czech Republic\u2019s transport minister told the Financial Times that the attacks aim [&#8230;]", "language": "en-US", "link": "https://securityaffairs.com/161899/cyber-warfare-2/russia-sabotage-european-railways-czech.html", "manual_status_code": 0, "page_rating": 100, "page_rating_contents": 100, "page_rating_visits": 0, "page_rating_votes": 0, "permanent": false, "source": "https://securityaffairs.com/feed", "source_obj__id": 298, "status_code": 0, "tags": [], "thumbnail": null, "title": "Russia is trying to sabotage European railways, Czech minister said", "user": null, "vote": 0}, {"age": null, "album": "", "artist": null, "bookmarked": false, "comments": [], "date_published": "2024-04-16T07:08:46+00:00", "description": "The Dark Angels (Dunghill) ransomware group claims the hack of the chipmaker Nexperia and the theft of 1 TB of data from the company. The Dark Angels (Dunghill) ransomware group claims responsibility for hacking chipmaker Nexperia and stealing 1 TB of the company&#8217;s data. Nexperia is a semiconductor manufacturer headquartered in Nijmegen, the Netherlands. It [&#8230;]", "language": "en-US", "link": "https://securityaffairs.com/161888/cyber-crime/ransomware-dark-angels-nexperia.html", "manual_status_code": 0, "page_rating": 100, "page_rating_contents": 100, "page_rating_visits": 0, "page_rating_votes": 0, "permanent": false, "source": "https://securityaffairs.com/feed", "source_obj__id": 298, "status_code": 0, "tags": [], "thumbnail": null, "title": "Ransomware group Dark Angels claims the theft of 1TB of data from chipmaker Nexperia", "user": null, "vote": 0}]