[{"age": null, "album": "", "artist": null, "bookmarked": false, "comments": [], "date_published": "2024-04-16T18:11:22.467058+00:00", "description": "The trade-in value for your expensive RTX 4090 has reportedly tanked, despite the high cost when buying used.", "language": "en-US", "link": "https://www.digitaltrends.com/computing/micro-center-rtx-4090-trade-in", "manual_status_code": 0, "page_rating": 100, "page_rating_contents": 100, "page_rating_visits": 0, "page_rating_votes": 0, "permanent": false, "source": "https://www.digitaltrends.com/news/rss", "source_obj__id": 94, "status_code": 0, "tags": [], "thumbnail": null, "title": "Own an RTX 4090? We have some bad news", "user": null, "vote": 0}]