[{"age": null, "album": "", "artist": null, "bookmarked": false, "comments": [], "date_published": "2024-04-16T14:40:52+00:00", "description": "Micro Machines VR and Battle Bows have been transferred to new management following the studio's closure.", "language": null, "link": "https://www.uploadvr.com/beyond-frames-micro-battle", "manual_status_code": 0, "page_rating": 100, "page_rating_contents": 100, "page_rating_visits": 0, "page_rating_votes": 0, "permanent": false, "source": "https://www.uploadvr.com/rss", "source_obj__id": 375, "status_code": 0, "tags": [], "thumbnail": "https://www.uploadvr.com/content/images/2024/04/maxresdefault-1.jpg", "title": "Micro Machines VR &amp; Battle Bows Find A New Home With Beyond Frames", "user": null, "vote": 0}, {"age": null, "album": "", "artist": null, "bookmarked": false, "comments": [], "date_published": "2024-04-16T11:00:51+00:00", "description": "Escape Simulator demonstrates how VR can further enhance existing games.\n\nOur impressions.", "language": null, "link": "https://www.uploadvr.com/escape-simulator-vr-impressions", "manual_status_code": 0, "page_rating": 100, "page_rating_contents": 100, "page_rating_visits": 0, "page_rating_votes": 0, "permanent": false, "source": "https://www.uploadvr.com/rss", "source_obj__id": 375, "status_code": 0, "tags": [], "thumbnail": "https://www.uploadvr.com/content/images/2024/04/ss_de05983d6d9886d6d954da0e899a82f4173e2317.jpg", "title": "Escape Simulator VR Hands-On: A Great New Way To Play", "user": null, "vote": 0}, {"age": null, "album": "", "artist": null, "bookmarked": false, "comments": [], "date_published": "2024-04-16T01:43:29+00:00", "description": "Pimax just announced two new wired PC VR headsets, the $700 Crystal Light and the $1800 Crystal Super.\n\nSpecs &amp; details here:", "language": null, "link": "https://www.uploadvr.com/pimax-crystal-light-and-crystal-super", "manual_status_code": 0, "page_rating": 100, "page_rating_contents": 100, "page_rating_visits": 0, "page_rating_votes": 0, "permanent": false, "source": "https://www.uploadvr.com/rss", "source_obj__id": 375, "status_code": 0, "tags": [], "thumbnail": "https://www.uploadvr.com/content/images/2024/04/Pimax-Crystal-Light-and-Crystal-Super.jpeg", "title": "Pimax Announces New Wired PC VR Headsets, $700 Crystal Light &amp; $1800 Crystal Super", "user": null, "vote": 0}, {"age": null, "album": "", "artist": null, "bookmarked": false, "comments": [], "date_published": "2024-04-16T00:42:20+00:00", "description": "OpenXR 1.1 brings a foveated rendering extension &amp; more into the core specification.\n\nFull details here.", "language": null, "link": "https://www.uploadvr.com/openxr-1-1", "manual_status_code": 0, "page_rating": 100, "page_rating_contents": 100, "page_rating_visits": 0, "page_rating_votes": 0, "permanent": false, "source": "https://www.uploadvr.com/rss", "source_obj__id": 375, "status_code": 0, "tags": [], "thumbnail": "https://www.uploadvr.com/content/images/2024/04/OpenXR-1.1.jpg", "title": "OpenXR 1.1 Brings Extensions Like Foveated Rendering &amp; More Into The Core Spec", "user": null, "vote": 0}]