[{"source": "https://www.desmog.com/feed/", "title": "Dark Money, CCS Bonanza, Corporate Comms Offensives: What to Watch in 2024", "description": "<p>If you care about maintaining a livable climate, stay tuned for a big 2024. Major elections are coming in both the UK and U.S., and expect corporate money, and talking points, to be flowing. Global climate leadership is on the line, and we\u2019ll be reporting whether it\u2019s also for sale.&#160; On the heels of COP28, [&#8230;]</p>\n<p>The post <a href=\"https://www.desmog.com/2024/01/02/dark-money-ccs-corporate-pr-issues-2024/\">Dark Money, CCS Bonanza, Corporate Comms Offensives: What to Watch in 2024</a> appeared first on <a href=\"https://www.desmog.com\">DeSmog</a>.</p>", "link": "https://www.desmog.com/2024/01/02/dark-money-ccs-corporate-pr-issues-2024", "date_published": "2024-01-02T09:00:00+00:00", "permanent": false, "bookmarked": false, "dead": false, "artist": "DeSmog", "album": "DeSmog", "user": null, "language": "en-US", "thumbnail": "https://www.desmog.com/wp-content/uploads/2021/04/favicon.ico", "age": null, "page_rating_contents": 0, "page_rating_votes": 0, "page_rating_visits": 0, "page_rating": 0, "tags": [], "comments": [], "vote": 0}]