[{"source": "https://www.theverge.com/rss/index.xml", "title": "A New Year\u2019s resolution for tech companies: knock it off with the CAPTCHAs", "description": "<figure>\n      <img alt=\"A photograph of a CAPTCHA grid on a screen.\" src=\"https://cdn.vox-cdn.com/thumbor/ct54shMJA7DV86NpyWpdqt8Tb30=/300x0:1920x1080/1310x873/cdn.vox-cdn.com/uploads/chorus_image/image/73017707/captcha2.0.jpg\" />\n        <figcaption>Horrible. 0/10.</figcaption>\n    </figure>\n\n  <p id=\"EdOu8o\">The thing about CAPTCHAs is that they\u2019re old enough to drink. The <a href=\"https://go.redirectingat.com?id=66960X1514734&amp;xs=1&amp;url=https%3A%2F%2Fwww.newscientist.com%2Farticle%2F2384228-bots-are-better-at-beating-are-you-a-robot-tests-than-humans-are%2F&amp;referrer=theverge.com&amp;sref=https%3A%2F%2Fwww.theverge.com%2F2024%2F1%2F2%2F24022948%2Fcaptcha-test-bots-puzzle-grid-google\" rel=\"sponsored nofollow noopener\" target=\"_blank\">bots are better at them than I am</a>. So why am I still being asked to fill them out?</p>\n<p id=\"YoBfsl\">I am not talking about the inoffensive ones with the puzzle pieces. I am not talking, even, about matching or rotating shapes. I am talk", "link": "https://www.theverge.com/2024/1/2/24022948/captcha-test-bots-puzzle-grid-google", "date_published": "2024-01-02T23:14:49+00:00", "permanent": false, "bookmarked": false, "dead": false, "artist": "The Verge", "album": "The Verge", "user": null, "language": "en-US", "thumbnail": null, "age": null, "page_rating_contents": 0, "page_rating_votes": 0, "page_rating_visits": 0, "page_rating": 0, "tags": [], "comments": [], "vote": 0}, {"source": "https://www.theverge.com/rss/index.xml", "title": "Jony Ive imagined the Vision Pro giving you Zoom eyes and sunglasses", "description": "<figure>\n      <img alt=\"The Apple Vision Pro headset on display at Apple\u2019s headquarters in Cupertino.\" src=\"https://cdn.vox-cdn.com/thumbor/nKUWXhTUcB5TTT7q2vh48j8xKtY=/0x0:2040x1360/1310x873/cdn.vox-cdn.com/uploads/chorus_image/image/73017685/DSC00889.0.jpg\" />\n        <figcaption>Photo by Vjeran Pavic / The Verge</figcaption>\n    </figure>\n\n  <p id=\"ixOxmF\">A new patent <a href=\"https://image-ppubs.uspto.gov/dirsearch-public/print/downloadPdf/11861255\">granted to Apple</a> details how the company is thinking of using the Vision Pro\u2019s external display to show what the wearer is looking at inside the device.</p>\n<p id=\"o7biGM\">The patent, which includes Jony Ive as an inventor, details ways an outside screen on a generic head-mounted display could be used to indicate what the wearer is seeing to people around them. While the patent isn\u2019t <em>specifically</em> about the Vision Pro and its \u201cEyeSight\u201d display feature, it\u2019s clear that some of the ideas here informed the features in the ", "link": "https://www.theverge.com/2024/1/2/24022803/apple-vision-pro-jony-ive-zoom-eyes-sunglasses-patent", "date_published": "2024-01-02T23:04:51+00:00", "permanent": false, "bookmarked": false, "dead": false, "artist": "The Verge", "album": "The Verge", "user": null, "language": "en-US", "thumbnail": null, "age": null, "page_rating_contents": 0, "page_rating_votes": 0, "page_rating_visits": 0, "page_rating": 0, "tags": [], "comments": [], "vote": 0}, {"source": "https://www.theverge.com/rss/index.xml", "title": "Samsung is hosting Unpacked in the heart of Silicon Valley", "description": "<figure>\n      <img alt=\"Metallic 3D shapes on a black background.\" src=\"https://cdn.vox-cdn.com/thumbor/O1mvuyI-e35Fj5paLHO5JXtk7UQ=/0x120:1440x1080/1310x873/cdn.vox-cdn.com/uploads/chorus_image/image/73017651/Static_YouTube___LinkedIn_Livestream_Slate__Horizontal_16x9__1920x1080_NoLettermark_43_crop.0.jpg\" />\n        <figcaption><em>That\u2019s so metal.</em> | Image: Samsung</figcaption>\n    </figure>\n\n  <p id=\"6LYstf\">Samsung has formally announced its winter Unpacked \u2014 coming right on the heels of CES and just down the street from some of its biggest competitors\u2019 HQs. <a href=\"https://www.sammobile.com/news/samsung-confirms-galaxy-s24-january-17-launch/\">As previously <s>leaked</s> announced</a>, the event is scheduled for Wednesday, January 17th. It\u2019ll be hosted at the SAP Center, because nothing says \u201cgo big or go home\u201d like an NHL arena.</p>\n<p id=\"DJpfPh\">The company says we\u2019ll see the \u201cnewest additions to the Galaxy mobile device portfolio,\u201d which is all but guaranteed to be the", "link": "https://www.theverge.com/2024/1/2/24022816/samsung-galaxy-s24-unpacked-2024-date-time-san-jose", "date_published": "2024-01-02T23:00:00+00:00", "permanent": false, "bookmarked": false, "dead": false, "artist": "The Verge", "album": "The Verge", "user": null, "language": "en-US", "thumbnail": null, "age": null, "page_rating_contents": 0, "page_rating_votes": 0, "page_rating_visits": 0, "page_rating": 0, "tags": [], "comments": [], "vote": 0}, {"source": "https://www.theverge.com/rss/index.xml", "title": "Pornhub blocks North Carolina and Montana as porn regulation spreads", "description": "<figure>\n      <img alt=\"A hand holding up a smartphone with PornHub opened up in the dark.\" src=\"https://cdn.vox-cdn.com/thumbor/gb6g8Q4Z97kUlQvMde43Q1wYGiU=/0x0:1440x960/1310x873/cdn.vox-cdn.com/uploads/chorus_image/image/73017483/pornhub.0.jpg\" />\n        <figcaption>Photo by Nikolas Kokovlis/NurPhoto via Getty Images</figcaption>\n    </figure>\n\n  <p id=\"VdVoFP\">Pornhub has restricted access in two more states in protest of continued nationwide state-level efforts to regulate online access to porn. <a href=\"https://www.404media.co/north-carolina-montana-pornhub-blocked-vpn/\"><em>404Media </em>reported</a> that residents in both North Carolina and Montana visiting Pornhub and other Aylo-owned sites like Redtube or Brazzers are now greeted by a video of performer Cherie DeVille, and a handful of paragraphs, telling them their states are now blocked. Aylo began blocking access in the states last week, according to reporting from multiple outlets <a href=\"https://www.fayobserver.com/s", "link": "https://www.theverge.com/2024/1/2/24022539/pornhub-blocked-montana-north-carolina-age-verification-law-protest", "date_published": "2024-01-02T22:12:49+00:00", "permanent": false, "bookmarked": false, "dead": false, "artist": "The Verge", "album": "The Verge", "user": null, "language": "en-US", "thumbnail": null, "age": null, "page_rating_contents": 0, "page_rating_votes": 0, "page_rating_visits": 0, "page_rating": 0, "tags": [], "comments": [], "vote": 0}, {"source": "https://www.theverge.com/rss/index.xml", "title": "How to transfer ownership of a Google Drive folder or file", "description": "<figure>\n      <img alt=\"Vector illustration with the Google Drive logo.\" src=\"https://cdn.vox-cdn.com/thumbor/Vc2TRrUFh1t8N2kgEI13c_RiVhU=/0x0:3000x2000/1310x873/cdn.vox-cdn.com/uploads/chorus_image/image/73017123/HT012_Google_drive.0.png\" />\n        <figcaption>The Verge</figcaption>\n    </figure>\n\n  <p id=\"33x1Jt\">I\u2019m afraid that I\u2019m one of those people who have accumulated a number of Google accounts. I have one for subscriptions, newsletters, and other general purposes; one for work; one for my fiction writing; one to use when I want to test an online app; and one \u2014 well, quite honestly, I don\u2019t remember what that one\u2019s for.</p>\n<p id=\"K6ChnG\">Normally, it\u2019s not a problem \u2014 except for those occasions where I found I\u2019ve put a file or folder in the wrong Drive account. I\u2019ve tried to fix things by simply sharing the folder / file with the account I want to use it with, but that isn\u2019t a satisfactory fix \u2014 for one thing, it means the file is taking up space in two accounts. And if, s", "link": "https://www.theverge.com/24022400/google-drive-transfer-how-to", "date_published": "2024-01-02T20:40:20+00:00", "permanent": false, "bookmarked": false, "dead": false, "artist": "The Verge", "album": "The Verge", "user": null, "language": "en-US", "thumbnail": null, "age": null, "page_rating_contents": 0, "page_rating_votes": 0, "page_rating_visits": 0, "page_rating": 0, "tags": [], "comments": [], "vote": 0}, {"source": "https://www.theverge.com/rss/index.xml", "title": "Jack Black rumored to play Steve in the Minecraft movie", "description": "<figure>\n      <img alt=\"The Skatepark Project Gala\" src=\"https://cdn.vox-cdn.com/thumbor/_KLQFd9A8GNFL5apL8LX3EYewrk=/0x0:3646x2431/1310x873/cdn.vox-cdn.com/uploads/chorus_image/image/73017095/1800805520.0.jpg\" />\n        <figcaption>Photo by Presley Ann / Getty Images for The Skatepark Project</figcaption>\n    </figure>\n\n  <p id=\"ghM3TF\">Jack Black might be set to play another iconic video game character in a movie: Steve from <em>Minecraft</em>. Black is apparently joining the cast of the upcoming adaptation of the mega-popular game, and <a href=\"https://deadline.com/2024/01/minecraft-jack-black-1235693816/\"><em>Deadline</em> reports</a> that he\u2019s going to play Steve, the original default character skin for <em>Minecraft. Variety</em> <a href=\"https://variety.com/2024/film/news/jack-black-minecraft-movie-adaptation-1235859659/\">also reported</a> that Black is part of the cast but didn\u2019t say who he might be playing.</p>\n<p id=\"Wy3KAa\">Black was amazing as Bowser in 2023\u2019s <em>The S", "link": "https://www.theverge.com/2024/1/2/24022838/jack-black-steve-minecraft-movie", "date_published": "2024-01-02T20:30:24+00:00", "permanent": false, "bookmarked": false, "dead": false, "artist": "The Verge", "album": "The Verge", "user": null, "language": "en-US", "thumbnail": null, "age": null, "page_rating_contents": 0, "page_rating_votes": 0, "page_rating_visits": 0, "page_rating": 0, "tags": [], "comments": [], "vote": 0}, {"source": "https://www.theverge.com/rss/index.xml", "title": "Samsung\u2019s new robot vacuum can steam clean your floors", "description": "<figure>\n      <img alt=\"\" src=\"https://cdn.vox-cdn.com/thumbor/WnYl_SPdW2jdi0JA1NqgG1xI-AQ=/0x20:5941x3981/1310x873/cdn.vox-cdn.com/uploads/chorus_image/image/73016827/Bespoke_Jet_Bot_Combo_dl1.0.jpg\" />\n        <figcaption><em>The Bespoke Jet Bot Combo is the first combined robot vacuum and mop from Samsung. It features steam cleaning and automatic mop removal to keep your carpets dry.</em> | Image: Samsung</figcaption>\n    </figure>\n\n  <p id=\"lOH68l\">Samsung is finally bringing out a new version of its Jet Bot robot vacuum, which was <a href=\"https://news.samsung.com/global/samsung-raises-the-bar-for-smart-robot-vacuums-with-the-jet-bot-aiplus\">last updated in 2021</a>. The Bespoke Jet Bot Combo will be on show at CES 2024 and is the first combination of robot vacuum and mop from the Korean electronics giant. (The company has a standalone robot mop, the <a href=\"https://go.redirectingat.com?id=66960X1514734&amp;xs=1&amp;url=https%3A%2F%2Fwww.samsung.com%2Fus%2Fhome-appliances%2Fva", "link": "https://www.theverge.com/2024/1/2/24022573/samsung-jet-bot-combo-robot-vacuum-steam-clean-ces-2024", "date_published": "2024-01-02T18:52:26+00:00", "permanent": false, "bookmarked": false, "dead": false, "artist": "The Verge", "album": "The Verge", "user": null, "language": "en-US", "thumbnail": null, "age": null, "page_rating_contents": 0, "page_rating_votes": 0, "page_rating_visits": 0, "page_rating": 0, "tags": [], "comments": [], "vote": 0}, {"source": "https://www.theverge.com/rss/index.xml", "title": "X once again adds headlines to article links \u2014 but with tiny text", "description": "<figure>\n      <img alt=\"Twitter\u2019s \u201cX\u201d logo on a purple and blue background\" src=\"https://cdn.vox-cdn.com/thumbor/zu7pYVxdlT1Gghs6BOyr6EhnfqE=/1x0:3001x2000/1310x873/cdn.vox-cdn.com/uploads/chorus_image/image/73016699/STK160_X_Twitter_0010.0.jpg\" />\n        <figcaption>Illustration: The Verge</figcaption>\n    </figure>\n\n  <p id=\"SH877z\">After removing headlines from URL cards on X (formerly Twitter), the platform is adding them back \u2014 but they don\u2019t work quite the same as before. Some of us at <em>The Verge</em> are seeing on the web that headlines and website title pages are now appearing over the images that link to those pages, which makes it a lot easier to know what you\u2019re clicking on. </p>\n<p id=\"C5GyJ9\">This is a nice change, but there are still some quirks. For example, if a headline or title is too long, it gets cut off with an ellipses, and the text is pretty small. But it\u2019s an improvement from how things used to work, where the images would just include the domain of the w", "link": "https://www.theverge.com/2024/1/2/24022563/x-twitter-headlines-article-links-tiny-text", "date_published": "2024-01-02T18:05:04+00:00", "permanent": false, "bookmarked": false, "dead": false, "artist": "The Verge", "album": "The Verge", "user": null, "language": "en-US", "thumbnail": null, "age": null, "page_rating_contents": 0, "page_rating_votes": 0, "page_rating_visits": 0, "page_rating": 0, "tags": [], "comments": [], "vote": 0}, {"source": "https://www.theverge.com/rss/index.xml", "title": "We\u2019re down to just a handful of EVs that qualify for the full $7,500 tax credit in the US", "description": "<figure>\n      <img alt=\"Chevy Bolt EUV\" src=\"https://cdn.vox-cdn.com/thumbor/vtRtHgI1xsV5KMIXLqgJf8mxTm4=/0x0:2040x1360/1310x873/cdn.vox-cdn.com/uploads/chorus_image/image/73016606/ahawkins_220512_5248_0009.0.jpg\" />\n        <figcaption>Photo by Andrew J. Hawkins / The Verge</figcaption>\n    </figure>\n\n  <p id=\"b5Foyx\">The list of electric vehicles that qualify for the full $7,500 federal tax credit in the US has shrunk \u2014 considerably. </p>\n<p id=\"6pcFkL\"><a href=\"https://www.theverge.com/2023/12/6/23990982/ev-lose-tax-credit-battery-china-mustang-mach-e\">Thanks to new requirements about battery minerals and sourcing that kicked in on January 1st</a>, only five battery electric vehicles are eligible for the full credit as well as one plug-in hybrid vehicle. A few more qualify for the $3,750 half credit. And that\u2019s about it. </p>\n<p id=\"t3Nbdc\">As you can see in the table below, the pure EVs that still qualify are as follows: the Chevy Bolt EV and Bolt EUV (<a href=\"https://www.theve", "link": "https://www.theverge.com/2024/1/2/24022509/ev-tax-credit-eligible-cars-list-chevy-tesla-ford", "date_published": "2024-01-02T17:35:08+00:00", "permanent": false, "bookmarked": false, "dead": false, "artist": "The Verge", "album": "The Verge", "user": null, "language": "en-US", "thumbnail": null, "age": null, "page_rating_contents": 0, "page_rating_votes": 0, "page_rating_visits": 0, "page_rating": 0, "tags": [], "comments": [], "vote": 0}, {"source": "https://www.theverge.com/rss/index.xml", "title": "The latest Apple Watch SE is $50 off just in time for your New Year\u2019s fitness goals", "description": "<figure>\n      <img alt=\"A person using an Apple Watch SE on their wrist.\" src=\"https://cdn.vox-cdn.com/thumbor/w7aLjLOJZ96RquczIB0YjJEI2MM=/0x0:2040x1360/1310x873/cdn.vox-cdn.com/uploads/chorus_image/image/73016478/226292_Apple_Watch_SE_PHO_akrales_0256.0.jpg\" />\n        <figcaption><em>Even the base-model Apple Watch can help you track a wide variety of metrics across different workouts.</em> | Photo by Amelia Holowaty Krales / The Verge</figcaption>\n    </figure>\n\n  <p id=\"SUrpSY\">The <a href=\"https://www.theverge.com/23369207/apple-watch-se-2022-review-smartwatch\"><strong>Apple Watch SE</strong></a> is selling for its second-best price of $199 at <a href=\"https://www.amazon.com/Apple-Smartwatch-Aluminum-Fitness-Detection/dp/B0CHX94TKQ?tag=theverge02-20\" rel=\"sponsored nofollow noopener\" target=\"_blank\">Amazon</a> and <a href=\"https://howl.me/clk1YTQGoYA\">Best Buy</a>, saving you $50 on Apple\u2019s entry-level smartwatch. The SE may not have some of the fancier features of the newer S", "link": "https://www.theverge.com/2024/1/2/24022374/apple-watch-se-smartwatch-newyears-resolutions-airtag-8bitdo-deal-sale", "date_published": "2024-01-02T16:44:49+00:00", "permanent": false, "bookmarked": false, "dead": false, "artist": "The Verge", "album": "The Verge", "user": null, "language": "en-US", "thumbnail": null, "age": null, "page_rating_contents": 0, "page_rating_votes": 0, "page_rating_visits": 0, "page_rating": 0, "tags": [], "comments": [], "vote": 0}, {"source": "https://www.theverge.com/rss/index.xml", "title": "Dish Network rejoins EchoStar as it tries to compete in 5G", "description": "<figure>\n      <img alt=\"Illustration of the Dish logo with a white and red background.\" src=\"https://cdn.vox-cdn.com/thumbor/Aa0syCUlLPm8IZaVndlgurjlZxw=/0x0:3000x2000/1310x873/cdn.vox-cdn.com/uploads/chorus_image/image/73016476/acastro_STK052_01.0.jpg\" />\n        <figcaption>Illustration by Alex Castro / The Verge</figcaption>\n    </figure>\n\n  <p id=\"ti7DCU\">EchoStar Corporation <a href=\"https://go.redirectingat.com?id=66960X1514734&amp;xs=1&amp;url=https%3A%2F%2Fwww.hughes.com%2Fresources%2Fpress-releases%2Fechostar-corporation-completes-merger-dish-network-corporation&amp;referrer=theverge.com&amp;sref=https%3A%2F%2Fwww.theverge.com%2F2024%2F1%2F2%2F24022413%2Fdish-network-echostar-acquisition-5g-boost-mobile-wireless\" rel=\"sponsored nofollow noopener\" target=\"_blank\">announced today</a> that it finalized its purchase of Dish Network on the last day of December. Following the merger, which <a href=\"https://www.theverge.com/2023/8/8/23824206/dish-network-5g-satellite-merger\">the c", "link": "https://www.theverge.com/2024/1/2/24022413/dish-network-echostar-acquisition-5g-boost-mobile-wireless", "date_published": "2024-01-02T16:44:11+00:00", "permanent": false, "bookmarked": false, "dead": false, "artist": "The Verge", "album": "The Verge", "user": null, "language": "en-US", "thumbnail": null, "age": null, "page_rating_contents": 0, "page_rating_votes": 0, "page_rating_visits": 0, "page_rating": 0, "tags": [], "comments": [], "vote": 0}, {"source": "https://www.theverge.com/rss/index.xml", "title": "Microsoft now says the CMA was \u2018tough and fair\u2019 over Activision Blizzard deal", "description": "<figure>\n      <img alt=\"Microsoft Corp. President Brad Smith News Conference Following EU Hearing\" src=\"https://cdn.vox-cdn.com/thumbor/xe3G2POfCOLz4Mgg2dwYYvUqdxw=/0x1:4724x3150/1310x873/cdn.vox-cdn.com/uploads/chorus_image/image/73015888/1247370619.0.jpg\" />\n        <figcaption>Image: Getty Images</figcaption>\n    </figure>\n\n  <p id=\"N8fkG6\">Microsoft president Brad Smith wasn\u2019t happy with the UK\u2019s Competition and Markets Authority (CMA) last year, after the <a href=\"https://www.theverge.com/2023/4/26/23689252/microsoft-activision-blizzard-acquisition-blocked-uk-cma\">regulator blocked</a> Microsoft\u2019s giant Activision Blizzard deal. Now that Microsoft has restructured its deal and won approval in the UK, Smith has kinder words for the CMA, describing the regulator as \u201ctough and fair\u201d in an interview with the <a href=\"https://www.bbc.co.uk/sounds/play/m001ts41\">BBC\u2019s Radio 4 Today program</a>.</p>\n<p id=\"dhs4nX\">Smith originally criticized the CMA and said confidence in the UK had b", "link": "https://www.theverge.com/2024/1/2/24022293/microsoft-activision-blizzard-cma-tough-fair-comments-brad-smith", "date_published": "2024-01-02T12:55:48+00:00", "permanent": false, "bookmarked": false, "dead": false, "artist": "The Verge", "album": "The Verge", "user": null, "language": "en-US", "thumbnail": null, "age": null, "page_rating_contents": 0, "page_rating_votes": 0, "page_rating_visits": 0, "page_rating": 0, "tags": [], "comments": [], "vote": 0}]