[{"source": "https://www.techdirt.com/feed/", "title": "FTC Continues To Wade Into Copyright Issues In AI Without Understanding Anything", "description": "Last year we were dismayed (and somewhat annoyed) to see the FTC step way beyond its bounds and expertise by issuing a ridiculous comment to the US Copyright Office regarding questions around AI and copyright. In it, the FTC (which has no authority \u2014 or expertise \u2014 regarding copyright law) argued that fair use was [&#8230;]", "link": "https://www.techdirt.com/2024/01/02/ftc-continues-to-wade-into-copyright-issues-in-ai-without-understanding-anything", "date_published": "2024-01-02T23:05:42+00:00", "permanent": false, "bookmarked": false, "dead": false, "artist": "Techdirt", "album": "Techdirt", "user": null, "language": "en-US", "thumbnail": "https://i0.wp.com/www.techdirt.com/wp-content/uploads/2022/02/cropped-techdirt-square-512x512-1.png?fit=32%2C32&ssl=1", "age": null, "page_rating_contents": 0, "page_rating_votes": 0, "page_rating_visits": 0, "page_rating": 0, "tags": [], "comments": [], "vote": 0}, {"source": "https://www.techdirt.com/feed/", "title": "The Unperson Of 2023", "description": "2023 is over. Taylor Swift was Time\u2019s Person of the Year, beating out candidates like Jerome Powell, who may have stuck the economic soft-landing, but can\u2019t hit the high notes. Only a fool would challenge the decision, but I would like to nominate 2023\u2019s Unperson of the year \u2013 ChatGPT; the neural-network based, Large Language [&#8230;]", "link": "https://www.techdirt.com/2024/01/02/the-unperson-of-2023", "date_published": "2024-01-02T20:45:28+00:00", "permanent": false, "bookmarked": false, "dead": false, "artist": "Techdirt", "album": "Techdirt", "user": null, "language": "en-US", "thumbnail": "https://i0.wp.com/www.techdirt.com/wp-content/uploads/2022/02/cropped-techdirt-square-512x512-1.png?fit=32%2C32&ssl=1", "age": null, "page_rating_contents": 0, "page_rating_votes": 0, "page_rating_visits": 0, "page_rating": 0, "tags": [], "comments": [], "vote": 0}, {"source": "https://www.techdirt.com/feed/", "title": "FTC Hits Pharmacy Retail Chain Rite Aid With A Five-Year Facial Recognition Tech Ban", "description": "Facial recognition tech works best on white, male faces. White males have historically been the immediate beneficiaries of public policy, as well as those put in place by private companies. I say &#8220;historically,&#8221; but this advantageous situation has mostly proven incapable of being disrupted by tech advances. Facial recognition tech has taken an existing problem [&#8230;]", "link": "https://www.techdirt.com/2024/01/02/ftc-hits-pharmacy-retail-chain-rite-aid-with-a-five-year-facial-recognition-tech-ban", "date_published": "2024-01-02T18:50:00+00:00", "permanent": false, "bookmarked": false, "dead": false, "artist": "Techdirt", "album": "Techdirt", "user": null, "language": "en-US", "thumbnail": "https://i0.wp.com/www.techdirt.com/wp-content/uploads/2022/02/cropped-techdirt-square-512x512-1.png?fit=32%2C32&ssl=1", "age": null, "page_rating_contents": 0, "page_rating_votes": 0, "page_rating_visits": 0, "page_rating": 0, "tags": [], "comments": [], "vote": 0}, {"source": "https://www.techdirt.com/feed/", "title": "ExTwitter Unfortunately Loses Round One In Challenging Problematic Content Moderation Law", "description": "Back in September we praised Elon Musk for deciding to challenge California\u2019s new social media transparency law, AB 587. As we had discussed while the bill was being debated, while it\u2019s framed as a transparency bill, it has all sorts of problems. It would (1) enable the California government officials (including local officials) to effectively [&#8230;]", "link": "https://www.techdirt.com/2024/01/02/extwitter-unfortunately-loses-round-one-in-challenging-problematic-content-moderation-law", "date_published": "2024-01-02T17:23:46+00:00", "permanent": false, "bookmarked": false, "dead": false, "artist": "Techdirt", "album": "Techdirt", "user": null, "language": "en-US", "thumbnail": "https://i0.wp.com/www.techdirt.com/wp-content/uploads/2022/02/cropped-techdirt-square-512x512-1.png?fit=32%2C32&ssl=1", "age": null, "page_rating_contents": 0, "page_rating_votes": 0, "page_rating_visits": 0, "page_rating": 0, "tags": [], "comments": [], "vote": 0}, {"source": "https://www.techdirt.com/feed/", "title": "Cox Distances Itself From Claim It Spies On Users Via Phones, Cable Box Mics", "description": "For years, the cable industry has dreamed of a future where they could use your cable box to actively track your every behavior using cameras and microphones and then monetize the data. At one point way back in 2009, Comcast made it clear they were even interested in using embedded microphones and cameras to monitor [&#8230;]", "link": "https://www.techdirt.com/2024/01/02/cox-distances-itself-from-claim-it-spies-on-users-via-phones-cable-box-mics", "date_published": "2024-01-02T13:26:20+00:00", "permanent": false, "bookmarked": false, "dead": false, "artist": "Techdirt", "album": "Techdirt", "user": null, "language": "en-US", "thumbnail": "https://i0.wp.com/www.techdirt.com/wp-content/uploads/2022/02/cropped-techdirt-square-512x512-1.png?fit=32%2C32&ssl=1", "age": null, "page_rating_contents": 0, "page_rating_votes": 0, "page_rating_visits": 0, "page_rating": 0, "tags": [], "comments": [], "vote": 0}]