[{"source": "https://www.themoscowtimes.com/rss/news", "title": "Half of Putin's Decrees Classified in 2023 \u2013 Mediazona", "description": "The share of classified presidential decrees jumped following Russia's invasion of Ukraine in 2022.", "link": "https://www.themoscowtimes.com/2024/01/02/half-of-putins-decrees-classified-in-2023-mediazona-a83631", "date_published": "2024-01-02T14:51:46+00:00", "permanent": false, "bookmarked": false, "dead": false, "artist": "The Moscow Times", "album": "The Moscow Times", "user": null, "language": "en-us", "thumbnail": null, "age": null, "page_rating_contents": 0, "page_rating_votes": 0, "page_rating_visits": 0, "page_rating": 0, "tags": [], "comments": [], "vote": 0}, {"source": "https://www.themoscowtimes.com/rss/news", "title": "2 Injured in Rocket Attacks on Russia\u2019s Belgorod Region", "description": "The air strikes prompted authorities in the Belgorod region to issue three separate alerts on Tuesday.", "link": "https://www.themoscowtimes.com/2024/01/02/2-injured-in-rocket-attacks-on-russias-belgorod-region-a83628", "date_published": "2024-01-02T12:33:03+00:00", "permanent": false, "bookmarked": false, "dead": false, "artist": "The Moscow Times", "album": "The Moscow Times", "user": null, "language": "en-us", "thumbnail": null, "age": null, "page_rating_contents": 0, "page_rating_votes": 0, "page_rating_visits": 0, "page_rating": 0, "tags": [], "comments": [], "vote": 0}, {"source": "https://www.themoscowtimes.com/rss/news", "title": "1 Killed in Rocket Attacks on Russia\u2019s Belgorod Region", "description": "Russia\u2019s Defense Ministry claimed it downed multiple\u00a0\u201cOlkha\u201d missiles over the region on Tuesday.", "link": "https://www.themoscowtimes.com/2024/01/02/1-killed-in-rocket-attacks-on-russias-belgorod-region-a83628", "date_published": "2024-01-02T12:33:00+00:00", "permanent": false, "bookmarked": false, "dead": false, "artist": "The Moscow Times", "album": "The Moscow Times", "user": null, "language": "en-us", "thumbnail": null, "age": null, "page_rating_contents": 0, "page_rating_votes": 0, "page_rating_visits": 0, "page_rating": 0, "tags": [], "comments": [], "vote": 0}, {"source": "https://www.themoscowtimes.com/rss/news", "title": "Russian Warplane Makes 'Emergency' Munitions Release Over Village, Destroys Homes", "description": "Authorities said no one was killed or injured by the blast in western Russia's Voronezh region, but several buildings were destroyed.", "link": "https://www.themoscowtimes.com/2024/01/02/russian-warplane-makes-emergency-munitions-release-over-village-destroys-homes-a83626", "date_published": "2024-01-02T09:46:17+00:00", "permanent": false, "bookmarked": false, "dead": false, "artist": "The Moscow Times", "album": "The Moscow Times", "user": null, "language": "en-us", "thumbnail": null, "age": null, "page_rating_contents": 0, "page_rating_votes": 0, "page_rating_visits": 0, "page_rating": 0, "tags": [], "comments": [], "vote": 0}, {"source": "https://www.themoscowtimes.com/rss/news", "title": "Russia Accidentally Bombs Own Village", "description": "Authorities said no one was killed or injured by the blast in western Russia's Voronezh region, but several buildings were destroyed.", "link": "https://www.themoscowtimes.com/2024/01/02/russia-accidentally-bombs-own-village-a83626", "date_published": "2024-01-02T09:46:00+00:00", "permanent": false, "bookmarked": false, "dead": false, "artist": "The Moscow Times", "album": "The Moscow Times", "user": null, "language": "en-us", "thumbnail": null, "age": null, "page_rating_contents": 0, "page_rating_votes": 0, "page_rating_visits": 0, "page_rating": 0, "tags": [], "comments": [], "vote": 0}, {"source": "https://www.themoscowtimes.com/rss/news", "title": "One killed, Dozens Injured in Russian Missile Attacks on Ukraine", "description": "Tuesday's attacks came a day after Russian President Vladimir Putin said his forces would intensify strikes on \"military targets.\"", "link": "https://www.themoscowtimes.com/2024/01/02/one-killed-dozens-injured-in-russian-missile-attacks-on-ukraine-a83625", "date_published": "2024-01-02T08:33:32+00:00", "permanent": false, "bookmarked": false, "dead": false, "artist": "The Moscow Times", "album": "The Moscow Times", "user": null, "language": "en-us", "thumbnail": null, "age": null, "page_rating_contents": 0, "page_rating_votes": 0, "page_rating_visits": 0, "page_rating": 0, "tags": [], "comments": [], "vote": 0}, {"source": "https://www.themoscowtimes.com/rss/news", "title": "Four killed, Dozens Injured in Russian Missile Attacks on Ukraine", "description": "Tuesday's attacks came a day after Russian President Vladimir Putin said his forces would intensify strikes on \"military targets.\"", "link": "https://www.themoscowtimes.com/2024/01/02/four-killed-dozens-injured-in-russian-missile-attacks-on-ukraine-a83625", "date_published": "2024-01-02T08:33:00+00:00", "permanent": false, "bookmarked": false, "dead": false, "artist": "The Moscow Times", "album": "The Moscow Times", "user": null, "language": "en-us", "thumbnail": null, "age": null, "page_rating_contents": 0, "page_rating_votes": 0, "page_rating_visits": 0, "page_rating": 0, "tags": [], "comments": [], "vote": 0}]