[{"source": "https://feeds.feedburner.com/niebezpiecznik/", "title": "Dane z ALAB zn\u00f3w w darknecie. Uporz\u0105dkowane numerami PESEL", "description": "<a href=\"https://niebezpiecznik.pl/post/dane-z-alab-znow-w-darknecie-uporzadkowane-numerami-pesel/\"><img align=\"left\" alt=\"\" class=\"alignleft tfe wp-post-image\" height=\"100\" hspace=\"5\" src=\"https://niebezpiecznik.pl/wp-content/uploads/2024/01/pesel-2-150x150.png\" width=\"100\" /></a>Pliki z danymi pacjent\u00f3w, kt\u00f3rzy korzystali z us\u0142ug diagnostycznych ALAB, zn\u00f3w pojawi\u0142y si\u0119 w darknecie. Tym razem zestaw danych ma bardziej dotkliwy charakter bo \u0142atwiej w nim odnale\u017a\u0107 informacje dotycz\u0105ce konkretnej osoby. Jak dot\u0105d dwukrotnie pisali\u015bmy o wycieku z firmy z ALAB, prawdopodobnie jednym z najgorszych incydent\u00f3w tego typu w bran\u017cy medycznej w ostatnich latach. [&#8230;]", "link": "https://niebezpiecznik.pl/post/dane-z-alab-znow-w-darknecie-uporzadkowane-numerami-pesel", "date_published": "2024-01-02T14:57:31+00:00", "permanent": false, "bookmarked": false, "dead": false, "artist": "Niebezpiecznik", "album": "Niebezpiecznik", "user": null, "language": "pl-PL", "thumbnail": null, "age": null, "page_rating_contents": 0, "page_rating_votes": 0, "page_rating_visits": 0, "page_rating": 0, "tags": [], "comments": [], "vote": 0}]