[{"source": "https://www.wirtualnemedia.pl/rss/wm_gospodarka.xml", "title": "Urz\u0119dy Skarbowe zaj\u0119\u0142y ponad 20 mln z\u0142 na kontach niep\u0142ac\u0105cych abonamentu RTV", "description": "Od stycznia do listopada 2023 roku Urz\u0119dy Skarbowe w ca\u0142ej Polsce wyegzekwowa\u0142y 20,03 mln z\u0142 nieuregulowanego abonamentu radiowo-telewizyjnego - dowiedzia\u0142 si\u0119 portal Wirtualnemedia.pl.", "link": "https://www.wirtualnemedia.pl/artykul/abonament-rtv-wezwanie-dluznicy-pensja-zajecie-sciagniecie-odwolanie-zadluzenie", "date_published": "2024-01-02T18:28:18.954260+00:00", "permanent": false, "bookmarked": false, "dead": false, "artist": "Wirtualne Media", "album": "Wirtualne Media", "user": null, "language": "pl-PL", "thumbnail": null, "age": null, "page_rating_contents": 0, "page_rating_votes": 0, "page_rating_visits": 0, "page_rating": 0, "tags": [], "comments": [], "vote": 0}, {"source": "https://www.wirtualnemedia.pl/rss/wm_gospodarka.xml", "title": "TV Republika zwi\u0119ksza ogl\u0105dalno\u015b\u0107. \"Mo\u017ce reklamowo zyska\u0107, ale stanowi niewielk\u0105 cz\u0119\u015b\u0107 wi\u0119kszych kampanii\"", "description": "TV Republika, do kt\u00f3rej przeszli z TVP m.in. Micha\u0142 Racho\u0144 i Danuta Holecka zyskuje widz\u00f3w. W ostatnim czasie wyprzedzi\u0142a Polsat News. Czy stacji uda si\u0119 zmonetyzowa\u0107 rosn\u0105c\u0105 ogl\u0105dalno\u015b\u0107? - Patrz\u0105c na to co si\u0119 dzieje teraz, wydaje si\u0119, \u017ce reklamowo ta stacja mo\u017ce zyska\u0107 d\u0142ugofalowo, szczeg\u00f3lnie, \u017ce baza by\u0142a niewielka, a udzia\u0142y stacji rynkowe nik\u0142e - uwa\u017ca Maciej Rze\u017cuchowski z Media Context.", "link": "https://www.wirtualnemedia.pl/artykul/tv-republika-reklamy-jak-odbierac-mux-upc-play-vectra-inea-canal-polsat", "date_published": "2024-01-02T18:28:18.953703+00:00", "permanent": false, "bookmarked": false, "dead": false, "artist": "Wirtualne Media", "album": "Wirtualne Media", "user": null, "language": "pl-PL", "thumbnail": null, "age": null, "page_rating_contents": 0, "page_rating_votes": 0, "page_rating_visits": 0, "page_rating": 0, "tags": [], "comments": [], "vote": 0}, {"source": "https://www.wirtualnemedia.pl/rss/wm_gospodarka.xml", "title": "Ro\u015bnie liczba producent\u00f3w i powierzchnia upraw ekologicznych", "description": "Ro\u015bnie liczba producent\u00f3w ekologicznych oraz powierzchni takich upraw w Polsce. Na koniec 2022 r. ekologiczn\u0105 produkcj\u0105 zajmowa\u0142o si\u0119 ponad 22,8 tys. rolnik\u00f3w tj. o 5 proc. wi\u0119cej ni\u017c rok wcze\u015bniej - informuje IJHARS. Wed\u0142ug szacunk\u00f3w Inspektoratu w 2023 r. liczba producent\u00f3w ekologicznych mo\u017ce przekroczy\u0107 24 tys.", "link": "https://www.wirtualnemedia.pl/artykul/rosnie-liczba-producentow-i-powierzchnia-upraw-ekologicznych", "date_published": "2024-01-02T04:12:36.980120+00:00", "permanent": false, "bookmarked": false, "dead": false, "artist": "Wirtualne Media", "album": "Wirtualne Media", "user": null, "language": "pl-PL", "thumbnail": null, "age": null, "page_rating_contents": 0, "page_rating_votes": 0, "page_rating_visits": 0, "page_rating": 0, "tags": [], "comments": [], "vote": 0}]