[{"source": "https://time.com/feed", "title": "Why a 9-Month-Long World Cruise Is TikTok\u2019s Latest Obsession", "description": "On Dec. 10, Royal Caribbean embarked on a nine-month long world-spanning cruise. TikTok users are following along, hoping for drama.", "link": "https://time.com/6551552/nine-month-ultimate-world-cruise-tiktok", "date_published": "2024-01-02T21:48:03+00:00", "permanent": false, "bookmarked": false, "dead": false, "artist": "TIME", "album": "TIME", "user": null, "language": "en-UK", "thumbnail": null, "age": null, "page_rating_contents": 0, "page_rating_votes": 0, "page_rating_visits": 0, "page_rating": 0, "tags": [], "comments": [], "vote": 0}, {"source": "https://time.com/feed", "title": "Harvard President Claudine Gay Resigns", "description": "The news follows backlash over a congressional hearing about antisemitism on campus and allegations of plagiarism", "link": "https://time.com/6551609/harvard-president-resigns", "date_published": "2024-01-02T21:45:03+00:00", "permanent": false, "bookmarked": false, "dead": false, "artist": "TIME", "album": "TIME", "user": null, "language": "en-UK", "thumbnail": null, "age": null, "page_rating_contents": 0, "page_rating_votes": 0, "page_rating_visits": 0, "page_rating": 0, "tags": [], "comments": [], "vote": 0}, {"source": "https://time.com/feed", "title": "How to Reduce Food Waste and Save Money", "description": "Cutting down on food you waste is good for the environment\u2014and your wallet.", "link": "https://time.com/6344758/how-to-reduce-food-waste-budget", "date_published": "2024-01-02T20:55:31+00:00", "permanent": false, "bookmarked": false, "dead": false, "artist": "TIME", "album": "TIME", "user": null, "language": "en-UK", "thumbnail": null, "age": null, "page_rating_contents": 0, "page_rating_votes": 0, "page_rating_visits": 0, "page_rating": 0, "tags": [], "comments": [], "vote": 0}, {"source": "https://time.com/feed", "title": "The Food Trends to Get Excited About in 2024, According to Experts", "description": "From global flavors to alternative chocolates.", "link": "https://time.com/6344783/food-drink-trends-2024", "date_published": "2024-01-02T20:05:46+00:00", "permanent": false, "bookmarked": false, "dead": false, "artist": "TIME", "album": "TIME", "user": null, "language": "en-UK", "thumbnail": null, "age": null, "page_rating_contents": 0, "page_rating_votes": 0, "page_rating_visits": 0, "page_rating": 0, "tags": [], "comments": [], "vote": 0}, {"source": "https://time.com/feed", "title": "Top Hamas Official Saleh Arouri Killed in Beirut Blast", "description": "Lebanon\u2019s state-run National News Agency said the blast killed four people and was carried out by an Israeli drone.", "link": "https://time.com/6551540/saleh-arouri-hamas-official-killed-beirut", "date_published": "2024-01-02T18:50:59+00:00", "permanent": false, "bookmarked": false, "dead": false, "artist": "TIME", "album": "TIME", "user": null, "language": "en-UK", "thumbnail": null, "age": null, "page_rating_contents": 0, "page_rating_votes": 0, "page_rating_visits": 0, "page_rating": 0, "tags": [], "comments": [], "vote": 0}, {"source": "https://time.com/feed", "title": "Mickey Mouse Is Now in the Public Domain After 95 Years of Disney Copyright", "description": "Disney desire to prevent the copyright on the character from expiring has shaped American copyright law.", "link": "https://time.com/6551496/mickey-mouse-public-domain-steamboat-willie", "date_published": "2024-01-02T17:22:17+00:00", "permanent": false, "bookmarked": false, "dead": false, "artist": "TIME", "album": "TIME", "user": null, "language": "en-UK", "thumbnail": null, "age": null, "page_rating_contents": 0, "page_rating_votes": 0, "page_rating_visits": 0, "page_rating": 0, "tags": [], "comments": [], "vote": 0}, {"source": "https://time.com/feed", "title": "Your New Year\u2019s Resolution to Carry a Water Bottle Has a History", "description": "Our water bottle obsession speaks to deeper historical trends.", "link": "https://time.com/6548310/new-years-water-bottles", "date_published": "2024-01-02T14:00:00+00:00", "permanent": false, "bookmarked": false, "dead": false, "artist": "TIME", "album": "TIME", "user": null, "language": "en-UK", "thumbnail": null, "age": null, "page_rating_contents": 0, "page_rating_votes": 0, "page_rating_visits": 0, "page_rating": 0, "tags": [], "comments": [], "vote": 0}, {"source": "https://time.com/feed", "title": "5 People Killed as Planes Collide and Catch Fire at Tokyo Airport", "description": "A passenger plane and a Japanese coast guard aircraft collided at Tokyo's Haneda Airport", "link": "https://time.com/6551411/plane-fire-japan-haneda-tokyo", "date_published": "2024-01-02T12:18:52+00:00", "permanent": false, "bookmarked": false, "dead": false, "artist": "TIME", "album": "TIME", "user": null, "language": "en-UK", "thumbnail": null, "age": null, "page_rating_contents": 0, "page_rating_votes": 0, "page_rating_visits": 0, "page_rating": 0, "tags": [], "comments": [], "vote": 0}, {"source": "https://time.com/feed", "title": "Nobel Prize Winner Cautions on Rush Into STEM After Rise of AI", "description": "A Nobel Prize-winning economist has cautioned against studying STEM subjects, saying \u201cempathetic\u201d skills may thrive in a world dominated by AI", "link": "https://time.com/6551407/ai-stem-jobs-pissarides", "date_published": "2024-01-02T12:01:12+00:00", "permanent": false, "bookmarked": false, "dead": false, "artist": "TIME", "album": "TIME", "user": null, "language": "en-UK", "thumbnail": null, "age": null, "page_rating_contents": 0, "page_rating_votes": 0, "page_rating_visits": 0, "page_rating": 0, "tags": [], "comments": [], "vote": 0}, {"source": "https://time.com/feed", "title": "Failure Is a Privilege", "description": "'Intelligent failures illuminate the pathway toward success,' writes Amy Edmondson.", "link": "https://time.com/6549815/failure-privilege-essay", "date_published": "2024-01-02T12:00:00+00:00", "permanent": false, "bookmarked": false, "dead": false, "artist": "TIME", "album": "TIME", "user": null, "language": "en-UK", "thumbnail": null, "age": null, "page_rating_contents": 0, "page_rating_votes": 0, "page_rating_visits": 0, "page_rating": 0, "tags": [], "comments": [], "vote": 0}, {"source": "https://time.com/feed", "title": "Teachers Wrestle With How to Discuss January 6 With Students", "description": "Some link it to the nation's founding era, others to Reconstruction, and some don't discuss it at all.", "link": "https://time.com/6548722/teachers-january-6-insurrection-students", "date_published": "2024-01-02T12:00:00+00:00", "permanent": false, "bookmarked": false, "dead": false, "artist": "TIME", "album": "TIME", "user": null, "language": "en-UK", "thumbnail": null, "age": null, "page_rating_contents": 0, "page_rating_votes": 0, "page_rating_visits": 0, "page_rating": 0, "tags": [], "comments": [], "vote": 0}, {"source": "https://time.com/feed", "title": "\u2018The Donald Trump Revenge Show\u2019: House GOP Moves Toward Impeaching Biden", "description": "Key House Republicans are ready to impeach the President, despite no evidence of an impeachable offense.", "link": "https://time.com/6550679/biden-impeachment-trump-revenge-show", "date_published": "2024-01-02T12:00:00+00:00", "permanent": false, "bookmarked": false, "dead": false, "artist": "TIME", "album": "TIME", "user": null, "language": "en-UK", "thumbnail": null, "age": null, "page_rating_contents": 0, "page_rating_votes": 0, "page_rating_visits": 0, "page_rating": 0, "tags": [], "comments": [], "vote": 0}]