[{"source": "https://www.youtube.com/feeds/videos.xml?channel_id=UCL_f53ZEJxp8TtlOkHwMV9Q", "title": "No Policy That Requires Compulsion Is Optimized", "description": "Dr. Peterson's extensive catalog is available now on DailyWire+: https://bit.ly/3KrWbS8\n\n// LINKS //\nAll links: https://linktr.ee/drjordanbpeterson\nWebsite: https://jordanbpeterson.com\nTour Locations: https://jordanbpeterson.com/events\nX: https://twitter.com/jordanbpeterson\nInstagram: https://instagram.com/jordan.b.peterson\nFacebook: https://facebook.com/drjordanpeterson\nTelegram: https://t.me/DrJordanPeterson\nNewsletter: https://mailchi.mp/jordanbpeterson.com/youtubesignup\n\n// COURSES //\nDiscovering Personality: https://jordanbpeterson.com/personality\nSelf Authoring Suite: https://selfauthoring.com\nUnderstand Myself (personality test): https://understandmyself.com\n\n// BOOKS //\nBeyond Order: 12 More Rules for Life: https://jordanbpeterson.com/Beyond-Order\n12 Rules for Life: An Antidote to Chaos: https://jordanbpeterson.com/12-rules-for-life\nMaps of Meaning: The Architecture of Belief: https://jordanbpeterson.com/maps-of-meaning\n\n#JordanPeterson #JordanBPeterson #DrJordanPeterson #DrJ", "link": "https://www.youtube.com/watch?v=Bs3NiK3nnWc", "date_published": "2024-01-02T21:30:01+00:00", "permanent": false, "bookmarked": false, "dead": false, "artist": "Jordan B Peterson", "album": "Jordan B Peterson", "user": null, "language": "en-US", "thumbnail": "https://i3.ytimg.com/vi/Bs3NiK3nnWc/hqdefault.jpg", "age": null, "page_rating_contents": 0, "page_rating_votes": 0, "page_rating_visits": 0, "page_rating": 0, "tags": [], "comments": [], "vote": 0}]