[{"source": "https://linuxgizmos.com/feed/", "title": "Avalue\u2019s Latest Leap in Server Board Technology with Emerald Rapids Intel processors", "description": "Avalue Technology introduced their new server boards, the HPM-ERSUA and HPM-ERSDE. Featuring Intel&#8217;s 5th Generation Xeon Scalable Processors, also known as &#8220;Emerald Rapids&#8221;, these boards are tailored for demanding applications such as cloud computing, data analytics, and AI processing within data center environments. The announcement for the HPM-ERSUA and HPM-ERSDE server boards emphasizes their design [&#8230;]", "link": "https://linuxgizmos.com/avalues-latest-leap-in-server-board-technology-with-emerald-rapids-intel-processors", "date_published": "2024-01-02T06:39:16+00:00", "permanent": false, "bookmarked": false, "dead": false, "artist": "LinuxGizmos.com", "album": "LinuxGizmos.com", "user": null, "language": "en-US", "thumbnail": null, "age": null, "page_rating_contents": 0, "page_rating_votes": 0, "page_rating_visits": 0, "page_rating": 0, "tags": [], "comments": [], "vote": 0}]