[{"source": "https://thehill.com/news/feed", "title": "Menendez accused of scheme involving Qatar in second superseding indictment", "description": "Sen. Bob Menendez (D-N.J.) was accused in a second superseding indictment on Tuesday of accepting gifts from the Qatari government and for helping a New Jersey real estate developer obtain millions in investment funds from the Gulf country, adding to the former Senate Foreign Relations Chairman's legal woes. The allegations add to the four criminal...", "link": "https://thehill.com/regulation/court-battles/4385560-menendez-accused-of-scheme-involving-qatar-in-second-superseding-indictment", "date_published": "2024-01-02T23:26:57+00:00", "permanent": false, "bookmarked": false, "dead": false, "artist": "The Hill", "album": "The Hill", "user": null, "language": "en-US", "thumbnail": "https://thehill.com/wp-content/uploads/sites/2/2023/03/cropped-favicon-512px-1.png?w=32", "age": null, "page_rating_contents": 0, "page_rating_votes": 0, "page_rating_visits": 0, "page_rating": 0, "tags": [], "comments": [], "vote": 0}, {"source": "https://thehill.com/news/feed", "title": "Congress kicks off 2024 with shutdown scramble", "description": "Welcome to The Hill's Business &#38; Economy newsletter {beacon} Business &#38; Economy Business &#38; Economy The Big Story  New year, same funding fights Members of Congress face a mountain of government funding work and not much time to get it done before the shutdown deadline.  \u00a9 The Hill, Courtney Jones, Greg Nash and Adobe Stock...", "link": "https://thehill.com/newsletters/business-economy/4385844-congress-kicks-off-2024-with-shutdown-scramble", "date_published": "2024-01-02T23:20:37+00:00", "permanent": false, "bookmarked": false, "dead": false, "artist": "The Hill", "album": "The Hill", "user": null, "language": "en-US", "thumbnail": "https://thehill.com/wp-content/uploads/sites/2/2023/03/cropped-favicon-512px-1.png?w=32", "age": null, "page_rating_contents": 0, "page_rating_votes": 0, "page_rating_visits": 0, "page_rating": 0, "tags": [], "comments": [], "vote": 0}, {"source": "https://thehill.com/news/feed", "title": "EV tax credit changes take effect for 2024", "description": "Welcome to The Hill's Energy &#038; Environment newsletter {beacon} Energy &#038; Environment Energy &#038; Environment &#8202; The Big Story  EV tax credit changes take effect for 2024 Some electric vehicle (EV) models will lose eligibility for consumer tax credits, but drivers will now be able to access the credit upfront.  \u00a9 Illustration / Courtney Jones;...", "link": "https://thehill.com/newsletters/energy-environment/4385785-ev-tax-credit-changes-take-effect-for-2024", "date_published": "2024-01-02T23:16:18+00:00", "permanent": false, "bookmarked": false, "dead": false, "artist": "The Hill", "album": "The Hill", "user": null, "language": "en-US", "thumbnail": "https://thehill.com/wp-content/uploads/sites/2/2023/03/cropped-favicon-512px-1.png?w=32", "age": null, "page_rating_contents": 0, "page_rating_votes": 0, "page_rating_visits": 0, "page_rating": 0, "tags": [], "comments": [], "vote": 0}, {"source": "https://thehill.com/news/feed", "title": "Former Kentucky clerk in gay marriage case must pay additional $260K", "description": "The former Kentucky clerk who refused to grant a gay couple a marriage license must pay an additional $260,104 to the couple, a federal judge ruled last week. David Ermold and David Moore sued former Rowan County Clerk Kim Davis in 2015 after she declined to issue the couple a marriage license because doing so...", "link": "https://thehill.com/homenews/lgbtq/4385821-former-kentucky-clerk-in-gay-marriage-case-must-pay-additional-260k", "date_published": "2024-01-02T23:08:55+00:00", "permanent": false, "bookmarked": false, "dead": false, "artist": "The Hill", "album": "The Hill", "user": null, "language": "en-US", "thumbnail": "https://thehill.com/wp-content/uploads/sites/2/2023/03/cropped-favicon-512px-1.png?w=32", "age": null, "page_rating_contents": 0, "page_rating_votes": 0, "page_rating_visits": 0, "page_rating": 0, "tags": [], "comments": [], "vote": 0}, {"source": "https://thehill.com/news/feed", "title": "Israel shifts war strategy", "description": "Welcome to The Hill's Defense &#038; NatSec newsletter {beacon} Defense &#038;National Security Defense &#038;National Security &#8202; The Big Story  Israel reducing number of troops in Gaza The move follows pressure from the U.S. to lower the intensity of the conflict. \u00a9 AP The Israel Defense Forces (IDF) has activated a new phase of the war against...", "link": "https://thehill.com/newsletters/defense-national-security/4385774-israel-shifts-war-strategy", "date_published": "2024-01-02T22:38:24+00:00", "permanent": false, "bookmarked": false, "dead": false, "artist": "The Hill", "album": "The Hill", "user": null, "language": "en-US", "thumbnail": "https://thehill.com/wp-content/uploads/sites/2/2023/03/cropped-favicon-512px-1.png?w=32", "age": null, "page_rating_contents": 0, "page_rating_votes": 0, "page_rating_visits": 0, "page_rating": 0, "tags": [], "comments": [], "vote": 0}, {"source": "https://thehill.com/news/feed", "title": "EPA gives Louisiana authority to approve projects storing carbon dioxide underground", "description": "The Environmental Protection Agency (EPA) has granted Louisiana the right to approve projects that store carbon dioxide underground. These projects take carbon dioxide emitted by energy production or industrial processes and inject it into rock formations underground to prevent it from going into the atmosphere and worsening climate change.  The EPA said last week that...", "link": "https://thehill.com/policy/energy-environment/4385657-epa-gives-louisiana-authority-to-approve-projects-storing-carbon-dioxide-underground", "date_published": "2024-01-02T22:18:32+00:00", "permanent": false, "bookmarked": false, "dead": false, "artist": "The Hill", "album": "The Hill", "user": null, "language": "en-US", "thumbnail": "https://thehill.com/wp-content/uploads/sites/2/2023/03/cropped-favicon-512px-1.png?w=32", "age": null, "page_rating_contents": 0, "page_rating_votes": 0, "page_rating_visits": 0, "page_rating": 0, "tags": [], "comments": [], "vote": 0}, {"source": "https://thehill.com/news/feed", "title": "'Banished' words of 2024 released by Michigan university, continuing tradition", "description": "Here's a quick hack: a Michigan university says it's time to stop using these iconic, yet cringe-worthy, words before they lose their impact.", "link": "https://thehill.com/changing-america/enrichment/arts-culture/4385561-banished-words-of-2024-released-by-michigan-university-continuing-tradition", "date_published": "2024-01-02T22:09:54+00:00", "permanent": false, "bookmarked": false, "dead": false, "artist": "The Hill", "album": "The Hill", "user": null, "language": "en-US", "thumbnail": "https://thehill.com/wp-content/uploads/sites/2/2023/03/cropped-favicon-512px-1.png?w=32", "age": null, "page_rating_contents": 0, "page_rating_votes": 0, "page_rating_visits": 0, "page_rating": 0, "tags": [], "comments": [], "vote": 0}, {"source": "https://thehill.com/news/feed", "title": "Fidelity cuts X valuation amid Musk turmoil", "description": "Welcome to The Hill's Technology newsletter {beacon} Technology Technology &#8202; The Big Story  Fidelity cuts X valuation amid Musk turmoil Fidelity has marked down the value of its shares in X Holdings Corp., the parent company of the platform formerly known as Twitter, by 71.5 percent since Elon Musk's purchase of the company. \u00a9 Pavlo...", "link": "https://thehill.com/newsletters/technology/4385674-fidelity-cuts-x-valuation-amid-musk-turmoil", "date_published": "2024-01-02T22:06:53+00:00", "permanent": false, "bookmarked": false, "dead": false, "artist": "The Hill", "album": "The Hill", "user": null, "language": "en-US", "thumbnail": "https://thehill.com/wp-content/uploads/sites/2/2023/03/cropped-favicon-512px-1.png?w=32", "age": null, "page_rating_contents": 0, "page_rating_votes": 0, "page_rating_visits": 0, "page_rating": 0, "tags": [], "comments": [], "vote": 0}, {"source": "https://thehill.com/news/feed", "title": "$35 insulin price cap goes into effect", "description": "Click in for more news from The Hill {beacon} Health Care Health Care &#8202; The Big Story  Industry insulin price cap goes into effect More Americans are now eligible to purchase insulin for $35, after leading manufacturers instituted new pricing Jan. 1. \u00a9 AP The three major insulin manufacturers announced moves to slash insulin prices...", "link": "https://thehill.com/newsletters/health-care/4385633-35-insulin-price-cap-goes-into-effect", "date_published": "2024-01-02T21:59:34+00:00", "permanent": false, "bookmarked": false, "dead": false, "artist": "The Hill", "album": "The Hill", "user": null, "language": "en-US", "thumbnail": "https://thehill.com/wp-content/uploads/sites/2/2023/03/cropped-favicon-512px-1.png?w=32", "age": null, "page_rating_contents": 0, "page_rating_votes": 0, "page_rating_visits": 0, "page_rating": 0, "tags": [], "comments": [], "vote": 0}, {"source": "https://thehill.com/news/feed", "title": "Santos pitches himself to Trump for future administration role", "description": "Former Rep. George Santos (R-N.Y.), who was recently expelled from Congress, made a pitch on Tuesday to serve as former President Trump\u2019s director of U.S. Immigration and Customs Enforcement (ICE) if Trump wins his bid to return to the White House in 2024. \u201cMy new year resolution is that President Trump returns to the white...", "link": "https://thehill.com/homenews/campaign/4385548-santos-pitches-himself-to-trump-for-future-administration-role", "date_published": "2024-01-02T21:26:24+00:00", "permanent": false, "bookmarked": false, "dead": false, "artist": "The Hill", "album": "The Hill", "user": null, "language": "en-US", "thumbnail": "https://thehill.com/wp-content/uploads/sites/2/2023/03/cropped-favicon-512px-1.png?w=32", "age": null, "page_rating_contents": 0, "page_rating_votes": 0, "page_rating_visits": 0, "page_rating": 0, "tags": [], "comments": [], "vote": 0}, {"source": "https://thehill.com/news/feed", "title": "Former Trump world associates charged with violating foreign agent act", "description": "Two men with ties to former President Trump\u2019s 2016 campaign were charged Tuesday with violating the Foreign Agents Registration Act (FARA). Barry Bennett, an unpaid adviser to the 2016 Trump campaign, and his associate Douglas Watts were charged with violating FARA, according to court documents. Prosecutors alleged Bennett \u201cdid knowingly and willfully falsify, conceal, and...", "link": "https://thehill.com/regulation/court-battles/4385462-former-trump-world-associates-charged-with-violating-foreign-agent-act", "date_published": "2024-01-02T21:23:33+00:00", "permanent": false, "bookmarked": false, "dead": false, "artist": "The Hill", "album": "The Hill", "user": null, "language": "en-US", "thumbnail": "https://thehill.com/wp-content/uploads/sites/2/2023/03/cropped-favicon-512px-1.png?w=32", "age": null, "page_rating_contents": 0, "page_rating_votes": 0, "page_rating_visits": 0, "page_rating": 0, "tags": [], "comments": [], "vote": 0}, {"source": "https://thehill.com/news/feed", "title": "Claudine Gay resigns: A timeline of Harvard's shortest presidential tenure", "description": "Harvard President Claudine Gay resigned on Tuesday amid multiple controversies, setting a record for the shortest-lived presidency at the storied university.   She was appointed back in July and saw only a brief period of peace before October brought multiple controversies that eventually cost her the job, including accusations of plagiarism and the fallout from...", "link": "https://thehill.com/homenews/education/4385468-claudine-gay-resigns-harvard-president", "date_published": "2024-01-02T21:23:21+00:00", "permanent": false, "bookmarked": false, "dead": false, "artist": "The Hill", "album": "The Hill", "user": null, "language": "en-US", "thumbnail": "https://thehill.com/wp-content/uploads/sites/2/2023/03/cropped-favicon-512px-1.png?w=32", "age": null, "page_rating_contents": 0, "page_rating_votes": 0, "page_rating_visits": 0, "page_rating": 0, "tags": [], "comments": [], "vote": 0}, {"source": "https://thehill.com/news/feed", "title": "Chip Roy to skip GOP border trip: 'Our people ... are tired of meetings'", "description": "Rep. Chip Roy (R-Texas) said he won\u2019t be attending the House GOP border trip on Wednesday, calling instead for Congress to focus on new legislation and vowing to fight fellow Republicans to do it, if necessary. Speaker Mike Johnson (R-La.) is set to lead a group of about 60 Republican lawmakers to Eagle Pass, Texas,...", "link": "https://thehill.com/homenews/house/4385346-chip-roy-gop-border-trip", "date_published": "2024-01-02T20:32:07+00:00", "permanent": false, "bookmarked": false, "dead": false, "artist": "The Hill", "album": "The Hill", "user": null, "language": "en-US", "thumbnail": "https://thehill.com/wp-content/uploads/sites/2/2023/03/cropped-favicon-512px-1.png?w=32", "age": null, "page_rating_contents": 0, "page_rating_votes": 0, "page_rating_visits": 0, "page_rating": 0, "tags": [], "comments": [], "vote": 0}, {"source": "https://thehill.com/news/feed", "title": "The states movers flocked to the most in 2023, according to U-Haul", "description": "Did you move across state lines last year? You're not alone.", "link": "https://thehill.com/changing-america/enrichment/arts-culture/4385097-the-states-movers-flocked-to-the-most-in-2023-according-to-u-haul", "date_published": "2024-01-02T20:28:52+00:00", "permanent": false, "bookmarked": false, "dead": false, "artist": "The Hill", "album": "The Hill", "user": null, "language": "en-US", "thumbnail": "https://thehill.com/wp-content/uploads/sites/2/2023/03/cropped-favicon-512px-1.png?w=32", "age": null, "page_rating_contents": 0, "page_rating_votes": 0, "page_rating_visits": 0, "page_rating": 0, "tags": [], "comments": [], "vote": 0}, {"source": "https://thehill.com/news/feed", "title": "Primary season: What to watch", "description": "Welcome to The Hill's Campaign newsletter {beacon} Campaign Report Campaign Report \u200a The Big Story  Primary season: What to watch The 2024 GOP primary kicks off in less than two weeks with the Iowa caucuses. Former President Trump has a commanding lead in polls, while his top rivals are vying to blunt his momentum in...", "link": "https://thehill.com/newsletters/campaign-report/4385449-primary-season-what-to-watch", "date_published": "2024-01-02T20:27:11+00:00", "permanent": false, "bookmarked": false, "dead": false, "artist": "The Hill", "album": "The Hill", "user": null, "language": "en-US", "thumbnail": "https://thehill.com/wp-content/uploads/sites/2/2023/03/cropped-favicon-512px-1.png?w=32", "age": null, "page_rating_contents": 0, "page_rating_votes": 0, "page_rating_visits": 0, "page_rating": 0, "tags": [], "comments": [], "vote": 0}, {"source": "https://thehill.com/news/feed", "title": "Two New York men accused of faking armed robberies in convoluted visa fraud scheme", "description": "Two New York men were arrested in December and accused of staging fake armed robberies to make their targets eligible for a special visa for victims of violent crime. The U.S. Attorney for Massachusetts charged the two men, Rambhai Patel, 36, and Balwinder Singh, 39, each with one count of visa fraud for the scheme,...", "link": "https://thehill.com/blogs/blog-briefing-room/4385439-new-york-fake-armed-robberies-visa-fraud-immigration", "date_published": "2024-01-02T20:27:08+00:00", "permanent": false, "bookmarked": false, "dead": false, "artist": "The Hill", "album": "The Hill", "user": null, "language": "en-US", "thumbnail": "https://thehill.com/wp-content/uploads/sites/2/2023/03/cropped-favicon-512px-1.png?w=32", "age": null, "page_rating_contents": 0, "page_rating_votes": 0, "page_rating_visits": 0, "page_rating": 0, "tags": [], "comments": [], "vote": 0}, {"source": "https://thehill.com/news/feed", "title": "12:30 Report \u2014 After rocky start, Trump enters 2024 dominating GOP field", "description": "{beacon} 12:30 REPORT It\u2019s Tuesday \u2014 Happy New Year \ud83c\udf7e Or as X user @christaylor_nyc aptly put it: \u201cHappy Circling Back Day to all who celebrate.\u201d Though I must admit, today still feels like a holiday. President Biden is still in St. Croix, Vice President Harris is in Los Angeles and Congress is still out of town....", "link": "https://thehill.com/newsletters/1230-report/4384981-trump-enters-2024-dominating-gop-after-rocky-2023", "date_published": "2024-01-02T17:30:00+00:00", "permanent": false, "bookmarked": false, "dead": false, "artist": "The Hill", "album": "The Hill", "user": null, "language": "en-US", "thumbnail": "https://thehill.com/wp-content/uploads/sites/2/2023/03/cropped-favicon-512px-1.png?w=32", "age": null, "page_rating_contents": 0, "page_rating_votes": 0, "page_rating_visits": 0, "page_rating": 0, "tags": [], "comments": [], "vote": 0}, {"source": "https://thehill.com/news/feed", "title": "The cities, states with the most expensive utility bills in the US: report", "description": "Are you spending more than the national average on your utility bills?", "link": "https://thehill.com/changing-america/respect/poverty/4378994-the-cities-states-with-the-most-expensive-utility-bills-in-the-us-report", "date_published": "2024-01-02T17:10:48+00:00", "permanent": false, "bookmarked": false, "dead": false, "artist": "The Hill", "album": "The Hill", "user": null, "language": "en-US", "thumbnail": "https://thehill.com/wp-content/uploads/sites/2/2023/03/cropped-favicon-512px-1.png?w=32", "age": null, "page_rating_contents": 0, "page_rating_votes": 0, "page_rating_visits": 0, "page_rating": 0, "tags": [], "comments": [], "vote": 0}, {"source": "https://thehill.com/news/feed", "title": "Lower gas prices predicted in 2024: Here's why", "description": "GasBuddy is predicting U.S. drivers will spend, on average, $3.38 per gallon next year. That's 13 cents less than this year's national average.", "link": "https://thehill.com/changing-america/respect/poverty/4381005-lower-gas-prices-predicted-in-2024-heres-why", "date_published": "2024-01-02T16:22:40+00:00", "permanent": false, "bookmarked": false, "dead": false, "artist": "The Hill", "album": "The Hill", "user": null, "language": "en-US", "thumbnail": "https://thehill.com/wp-content/uploads/sites/2/2023/03/cropped-favicon-512px-1.png?w=32", "age": null, "page_rating_contents": 0, "page_rating_votes": 0, "page_rating_visits": 0, "page_rating": 0, "tags": [], "comments": [], "vote": 0}, {"source": "https://thehill.com/news/feed", "title": "5 discontinued foods we mourned in 2023", "description": "It\u2019ll be easier to stick to your New Year\u2019s resolutions now that some of your favorite snacks and junk foods have been discontinued.", "link": "https://thehill.com/changing-america/enrichment/arts-culture/4382596-5-discontinued-foods-we-mourned-in-2023", "date_published": "2024-01-02T15:23:55+00:00", "permanent": false, "bookmarked": false, "dead": false, "artist": "The Hill", "album": "The Hill", "user": null, "language": "en-US", "thumbnail": "https://thehill.com/wp-content/uploads/sites/2/2023/03/cropped-favicon-512px-1.png?w=32", "age": null, "page_rating_contents": 0, "page_rating_votes": 0, "page_rating_visits": 0, "page_rating": 0, "tags": [], "comments": [], "vote": 0}, {"source": "https://thehill.com/news/feed", "title": "No need for No Labels if Nikki Haley takes the GOP nomination", "description": "During these perilous times, America needs such a steady hand in the White House.\u00a0No Labels should help clear the way.", "link": "https://thehill.com/opinion/campaign/4384683-no-need-for-no-labels-if-nikki-haley-takes-the-gop-nomination", "date_published": "2024-01-02T15:00:00+00:00", "permanent": false, "bookmarked": false, "dead": false, "artist": "The Hill", "album": "The Hill", "user": null, "language": "en-US", "thumbnail": "https://thehill.com/wp-content/uploads/sites/2/2023/03/cropped-favicon-512px-1.png?w=32", "age": null, "page_rating_contents": 0, "page_rating_votes": 0, "page_rating_visits": 0, "page_rating": 0, "tags": [], "comments": [], "vote": 0}, {"source": "https://thehill.com/news/feed", "title": "Former White House ethics lawyer says Trump will 'very swiftly' lose immunity claim", "description": "Former White House ethics lawyer Jim Schultz, who served under the Trump administration, predicted Monday that former President Trump will \"swiftly\" lose his claim for immunity as he faces multiple federal indictments. The Supreme Court decided on Dec. 22 to decline to take up whether Trump can be prosecuted for his efforts to overturn the...", "link": "https://thehill.com/regulation/court-battles/4384677-trump-lose-immunity-claim-former-white-house-lawyer-predicts", "date_published": "2024-01-02T14:59:32+00:00", "permanent": false, "bookmarked": false, "dead": false, "artist": "The Hill", "album": "The Hill", "user": null, "language": "en-US", "thumbnail": "https://thehill.com/wp-content/uploads/sites/2/2023/03/cropped-favicon-512px-1.png?w=32", "age": null, "page_rating_contents": 0, "page_rating_votes": 0, "page_rating_visits": 0, "page_rating": 0, "tags": [], "comments": [], "vote": 0}, {"source": "https://thehill.com/news/feed", "title": "Iran moves warship to Red Sea after US destroys Houthi boats", "description": "Iran this week moved a warship to the Red Sea in what could be an escalation in the Middle East as the U.S. battles the Iranian-backed Houthis in the region and recently sunk three boats. The Iranian Alborz destroyer passed the Bab el-Mandeb strait on Monday before it entered the Red Sea, according to Iranian...", "link": "https://thehill.com/policy/defense/4384661-iran-moves-warship-to-red-sea-after-us-destroys-houthi-boats", "date_published": "2024-01-02T14:52:25+00:00", "permanent": false, "bookmarked": false, "dead": false, "artist": "The Hill", "album": "The Hill", "user": null, "language": "en-US", "thumbnail": "https://thehill.com/wp-content/uploads/sites/2/2023/03/cropped-favicon-512px-1.png?w=32", "age": null, "page_rating_contents": 0, "page_rating_votes": 0, "page_rating_visits": 0, "page_rating": 0, "tags": [], "comments": [], "vote": 0}, {"source": "https://thehill.com/news/feed", "title": "One third of Americans in new poll say Biden's election was illegitimate", "description": "About one third of U.S. adults say they believe President Joe Biden was not legitimately elected president of the United States in 2020, according a new poll. The Washington Post/University of Maryland (Post-UMD) survey, released Tuesday examines evolving views of the Jan. 6, 2021 attack on the Capitol \u2013 as the third anniversary of the...", "link": "https://thehill.com/homenews/campaign/4384619-one-third-of-americans-say-biden-election-illegitimate", "date_published": "2024-01-02T13:54:11+00:00", "permanent": false, "bookmarked": false, "dead": false, "artist": "The Hill", "album": "The Hill", "user": null, "language": "en-US", "thumbnail": "https://thehill.com/wp-content/uploads/sites/2/2023/03/cropped-favicon-512px-1.png?w=32", "age": null, "page_rating_contents": 0, "page_rating_votes": 0, "page_rating_visits": 0, "page_rating": 0, "tags": [], "comments": [], "vote": 0}, {"source": "https://thehill.com/news/feed", "title": "Majority in new poll say Jan. 6 was attack on democracy that should never be forgotten", "description": "A majority of Americans say the Jan. 6, 2021 Capitol riot was an \u201cattack on democracy that should never be forgotten,\u201d according to a new Washington Post-University of Maryland poll. In the poll, 55 percent of respondents said the Capitol riot was an \u201cattack on democracy that should never be forgotten.\u201d Forty-three percent said that...", "link": "https://thehill.com/homenews/campaign/4384615-majority-in-new-poll-say-jan-6-was-attack-on-democracy-that-should-never-be-forgotten", "date_published": "2024-01-02T13:52:10+00:00", "permanent": false, "bookmarked": false, "dead": false, "artist": "The Hill", "album": "The Hill", "user": null, "language": "en-US", "thumbnail": "https://thehill.com/wp-content/uploads/sites/2/2023/03/cropped-favicon-512px-1.png?w=32", "age": null, "page_rating_contents": 0, "page_rating_votes": 0, "page_rating_visits": 0, "page_rating": 0, "tags": [], "comments": [], "vote": 0}, {"source": "https://thehill.com/news/feed", "title": "Changes coming to US Postal Service prices in 2024", "description": "The price to ship your letters and packages is going up in the new year.", "link": "https://thehill.com/business/4383180-changes-coming-to-us-postal-service-prices-in-2024", "date_published": "2024-01-02T11:51:28+00:00", "permanent": false, "bookmarked": false, "dead": false, "artist": "The Hill", "album": "The Hill", "user": null, "language": "en-US", "thumbnail": "https://thehill.com/wp-content/uploads/sites/2/2023/03/cropped-favicon-512px-1.png?w=32", "age": null, "page_rating_contents": 0, "page_rating_votes": 0, "page_rating_visits": 0, "page_rating": 0, "tags": [], "comments": [], "vote": 0}, {"source": "https://thehill.com/news/feed", "title": "These comets, meteor showers and eclipses will be visible in 2024", "description": "(Stacker) - People have looked at the sky for millennia in awe of all the celestial wonders happening above. Even today, with advanced technology and a more nuanced understanding of our solar system and the galaxies beyond, we continue to look to the sky with a great sense of fascination. The most anticipated celestial event...", "link": "https://thehill.com/homenews/space/4383887-these-comets-meteor-showers-and-eclipses-will-be-visible-in-2024", "date_published": "2024-01-02T11:49:18+00:00", "permanent": false, "bookmarked": false, "dead": false, "artist": "The Hill", "album": "The Hill", "user": null, "language": "en-US", "thumbnail": "https://thehill.com/wp-content/uploads/sites/2/2023/03/cropped-favicon-512px-1.png?w=32", "age": null, "page_rating_contents": 0, "page_rating_votes": 0, "page_rating_visits": 0, "page_rating": 0, "tags": [], "comments": [], "vote": 0}, {"source": "https://thehill.com/news/feed", "title": "Morning Report \u2014 Washington returns for jam-packed January", "description": "Heading into a new year, Washington lawmakers have an incredibly full plate of old problems: federal spending, foreign wars, the border surge. It\u2019s not going to be an easy welcome back for anyone.  Facing a Jan. 19 deadline before a partial government shutdown \u2014 that\u2019s 17 days away \u2014 Congress must hash out a budget...", "link": "https://thehill.com/newsletters/4384520-washington-returns-jam-packed-january", "date_published": "2024-01-02T11:30:00+00:00", "permanent": false, "bookmarked": false, "dead": false, "artist": "The Hill", "album": "The Hill", "user": null, "language": "en-US", "thumbnail": "https://thehill.com/wp-content/uploads/sites/2/2023/03/cropped-favicon-512px-1.png?w=32", "age": null, "page_rating_contents": 0, "page_rating_votes": 0, "page_rating_visits": 0, "page_rating": 0, "tags": [], "comments": [], "vote": 0}, {"source": "https://thehill.com/news/feed", "title": "New year, new state laws: From minimum wage to gender-affirming care", "description": "A host of new state laws came into effect across the country Monday, reflecting a national rift on key issues and how to address them that doesn't seem to be shifting course anytime soon. Many of the measures are sure to attract criticism and even mockery from their opponents.  For instance, California now mandates large...", "link": "https://thehill.com/homenews/state-watch/4384306-new-state-laws-2024", "date_published": "2024-01-02T01:39:24+00:00", "permanent": false, "bookmarked": false, "dead": false, "artist": "The Hill", "album": "The Hill", "user": null, "language": "en-US", "thumbnail": "https://thehill.com/wp-content/uploads/sites/2/2023/03/cropped-favicon-512px-1.png?w=32", "age": null, "page_rating_contents": 0, "page_rating_votes": 0, "page_rating_visits": 0, "page_rating": 0, "tags": [], "comments": [], "vote": 0}]