[{"source": "https://www.biometricupdate.com/feed", "title": "Pornhub boycotts markets in 2 more states over age verification laws", "description": "<img alt=\"\" class=\"attachment-post-thumbnail size-post-thumbnail wp-post-image\" height=\"1365\" src=\"https://d1sr9z1pdl3mb7.cloudfront.net/wp-content/uploads/2023/02/24113647/age-verification-adult-website-scaled.jpg\" width=\"2048\" />\n\t\tNew <a href=\"https://www.biometricupdate.com/202311/next-up-with-an-age-verification-plan-to-keep-us-kids-off-porn-sites-is-alabama\">age verification laws</a> are directly and indirectly blocking access to the U.S.' major sex-related entertainment sites.\n\nThe states of Montana and North Carolina lost access to Canada-based Pornhub this week when it shut down service to relevant IP addresses. Pornhub was acting before age verification bills in each state became law.\n\nThe regulations are intended to only allow access to online adult material to those at least 18 years old.\n\nPornhub executives have said the rules infringe on the First Amendment and privacy rights of adult customers. As well, they say, the laws put children at risk because available processe", "link": "https://www.biometricupdate.com/202401/pornhub-boycotts-markets-in-2-more-states-over-age-verification-laws", "date_published": "2024-01-02T22:48:54+00:00", "permanent": false, "bookmarked": false, "dead": false, "artist": "Biometric Update", "album": "Biometric Update", "user": null, "language": "en-US", "thumbnail": null, "age": null, "page_rating_contents": 0, "page_rating_votes": 0, "page_rating_visits": 0, "page_rating": 0, "tags": [], "comments": [], "vote": 0}, {"source": "https://www.biometricupdate.com/feed", "title": "Good news with US-EU digital ID standards: 2 similar systems", "description": "<img alt=\"\" class=\"attachment-post-thumbnail size-post-thumbnail wp-post-image\" height=\"512\" src=\"https://d1sr9z1pdl3mb7.cloudfront.net/wp-content/uploads/2023/12/21131129/data-management.jpg\" width=\"1024\" />\n\t\tThe top U.S. tech standards agency wants to start 2024 off briskly when it comes to digital identity. It has put out for feedback a draft report intended to bridge the gap between <a href=\"https://www.biometricupdate.com/202308/us-wants-word-from-vendors-that-can-speed-digital-id-security-standards-creation\">domestic</a> and EU efforts.\n\nIt could be said that the National Institute of Standards and Technology should equally push commonality between U.S. states organizing their own ID programs. Of course, officials could be going after the easier tasks first.\n\nOfficials with the U.S.-EU Trade and Technology Council <a href=\"https://www.nist.gov/system/files/documents/2023/12/22/EU-US%20TTC%20WG1_Digital_Identity_Mapping_Report_Final%20Draft%20for%20Comment_22122023.pdf\">created", "link": "https://www.biometricupdate.com/202401/good-news-with-us-eu-digital-id-standards-2-similar-systems", "date_published": "2024-01-02T21:02:05+00:00", "permanent": false, "bookmarked": false, "dead": false, "artist": "Biometric Update", "album": "Biometric Update", "user": null, "language": "en-US", "thumbnail": null, "age": null, "page_rating_contents": 0, "page_rating_votes": 0, "page_rating_visits": 0, "page_rating": 0, "tags": [], "comments": [], "vote": 0}, {"source": "https://www.biometricupdate.com/feed", "title": "Biometric chip passports get priority in Israel, Pakistan and Russia", "description": "<img alt=\"\" class=\"attachment-post-thumbnail size-post-thumbnail wp-post-image\" height=\"1365\" src=\"https://d1sr9z1pdl3mb7.cloudfront.net/wp-content/uploads/2023/04/12150753/biometric-passport-symbol-scaled.jpg\" width=\"2048\" />\n\t\tInternational travel continues to be a major catalyst in the uptake of biometric travel IDs, with governments in the Middle East, Asia and Africa implementing <a href=\"https://www.biometricupdate.com/tag/biometric-passport\">ePassports</a> for airport security, fraud prevention and access to public services.\n<h2>Biometric ePassports to be mandatory in Pakistan, more convenient in Israel</h2>\nCiting rising concerns about foreigners using forged passport documents for entry, Israel\u2019s Population and Immigration Authority (PIBA) has updated its policy for border control at Ben Gurion International Airport in Tel Aviv to favor travelers using biometric passports.\n\nIsrael National News <a href=\"https://www.israelnationalnews.com/news/382890\">reports</a> that, under ", "link": "https://www.biometricupdate.com/202401/biometric-chip-passports-get-priority-in-israel-pakistan-and-russia", "date_published": "2024-01-02T20:00:11+00:00", "permanent": false, "bookmarked": false, "dead": false, "artist": "Biometric Update", "album": "Biometric Update", "user": null, "language": "en-US", "thumbnail": null, "age": null, "page_rating_contents": 0, "page_rating_votes": 0, "page_rating_visits": 0, "page_rating": 0, "tags": [], "comments": [], "vote": 0}, {"source": "https://www.biometricupdate.com/feed", "title": "Use of face biometric surveillance by US cops on ballots \u2013 boosts and bans", "description": "<img alt=\"\" class=\"attachment-post-thumbnail size-post-thumbnail wp-post-image\" height=\"792\" src=\"https://d1sr9z1pdl3mb7.cloudfront.net/wp-content/uploads/2022/10/11164502/police-scaled.jpg\" width=\"2048\" />\n\t\tThe advantages of biometric surveillance by police in the U.S. remain subjective and still not universally <a href=\"https://www.biometricupdate.com/202205/tally-of-facial-recognition-bans-being-overturned-keeps-growing\">accepted</a>.\n\nFor example, a pair of moderate Democrats and tech investors in liberal-leaning California are generously funding ballot measures that would deregulate to a significant degree police use of facial recognition in San Francisco.\n\nMeanwhile, legislation likely to be introduced in the far northeast state of New Hampshire would ban most uses of biometric surveillance by all state agencies. New Hampshire typically votes moderately Democratic, though its residents include a very small but very energetic Libertarian population.\n\n<a href=\"https://www.sfchro", "link": "https://www.biometricupdate.com/202401/use-of-face-biometric-surveillance-by-us-cops-on-ballots-boosts-and-bans", "date_published": "2024-01-02T19:43:43+00:00", "permanent": false, "bookmarked": false, "dead": false, "artist": "Biometric Update", "album": "Biometric Update", "user": null, "language": "en-US", "thumbnail": null, "age": null, "page_rating_contents": 0, "page_rating_votes": 0, "page_rating_visits": 0, "page_rating": 0, "tags": [], "comments": [], "vote": 0}, {"source": "https://www.biometricupdate.com/feed", "title": "US veterans\u2019 agency plans biometric authentication pilot for healthcare employees", "description": "<img alt=\"\" class=\"attachment-post-thumbnail size-post-thumbnail wp-post-image\" height=\"1365\" src=\"https://d1sr9z1pdl3mb7.cloudfront.net/wp-content/uploads/2023/03/20155817/passwordless-authentication-scaled.jpg\" width=\"2048\" />\n\t\tThe United States Department of Veterans Affairs plans to pilot facial recognition tools at VA hospitals in 2024. One plan is to implement face biometrics to replace personal identity verification (PIV) cards for authenticating healthcare workers in ICUs and other VA clinical settings, according to <a href=\"https://www.meritalk.com/articles/va-leveraging-cutting-edge-tech-to-upgrade-cyber-deliver-for-veterans/\">MeriTalk</a>.\n\nAround 95 percent of the VA workforce uses PIV cards to log in to the VA network. Workers who are trying to care for veterans currently need to manually take out their PIV card and plug it into their workstation to verify their identity, but this can be difficult to do when a worker is in the middle of administering a shot or exam.\n\nMo", "link": "https://www.biometricupdate.com/202401/us-veterans-agency-plans-biometric-authentication-pilot-for-healthcare-employees", "date_published": "2024-01-02T19:37:01+00:00", "permanent": false, "bookmarked": false, "dead": false, "artist": "Biometric Update", "album": "Biometric Update", "user": null, "language": "en-US", "thumbnail": null, "age": null, "page_rating_contents": 0, "page_rating_votes": 0, "page_rating_visits": 0, "page_rating": 0, "tags": [], "comments": [], "vote": 0}, {"source": "https://www.biometricupdate.com/feed", "title": "Socure, Scienaptic AI and SentiLink make strides in catching synthetic identity fraud", "description": "<img alt=\"\" class=\"attachment-post-thumbnail size-post-thumbnail wp-post-image\" height=\"717\" src=\"https://d1sr9z1pdl3mb7.cloudfront.net/wp-content/uploads/2023/01/11165959/laptop-typing-scaled.jpg\" width=\"2048\" />\n\t\tSocure has announced its success in catching synthetic identity fraud in 2023, while a collaborative effort between Scienaptic AI and SentiLink can help credit unions combat fraud.\n<h2>Socure eliminated 200,000 synthetic identities in 2023</h2>\n<a href=\"https://www.biometricupdate.com/companies/socure\">Socure</a> has announced it has eliminated 204,536 synthetic digital identities from the U.S. economy in 2023 through its <a href=\"https://www.biometricupdate.com/202311/socure-launches-sigma-synthetic-fraud-v4-as-id-added-to-fedramp-marketplace\">Sigma Synthetic Fraud</a> product, double its initial 100,000 commitment. The product has prevented over $3 billion in losses, according to internal company research.\n\nSynthetic identity fraud combines stolen, altered, and fabricat", "link": "https://www.biometricupdate.com/202401/socure-scienaptic-ai-and-sentilink-make-strides-in-catching-synthetic-identity-fraud", "date_published": "2024-01-02T19:35:18+00:00", "permanent": false, "bookmarked": false, "dead": false, "artist": "Biometric Update", "album": "Biometric Update", "user": null, "language": "en-US", "thumbnail": null, "age": null, "page_rating_contents": 0, "page_rating_votes": 0, "page_rating_visits": 0, "page_rating": 0, "tags": [], "comments": [], "vote": 0}, {"source": "https://www.biometricupdate.com/feed", "title": "Nigeria limits DoB changes amid upgrade of birth registration system", "description": "<img alt=\"\" class=\"attachment-post-thumbnail size-post-thumbnail wp-post-image\" height=\"664\" src=\"https://d1sr9z1pdl3mb7.cloudfront.net/wp-content/uploads/2024/01/02140525/nimc-enrollment-office.png\" width=\"1045\" />\n\t\tNigerians can change the date of birth on their registration a single time only, the National Identity Management Commission (NIMC) has stipulated in new guidelines, according to a December 24 <a href=\"https://twitter.com/nimc_ng/status/1738834321165656202\">social media</a> post.\n\nApplicants wishing to change their listed date of birth must write to the Director General and CEO of NIMC, and possess a certificate of registration to the electronic Civil Registration and Vital Statistics System (eCRVS) operated by the National Population Commission.\n\n<a href=\"https://von.gov.ng/nimc-issues-new-guidelines-for-date-of-birth-modification/\">Voice of Nigeria</a> reports that members of the public have expressed concern that the updated guidelines could result in more delays, an", "link": "https://www.biometricupdate.com/202401/nigeria-limits-dob-changes-amid-upgrade-of-birth-registration-system", "date_published": "2024-01-02T19:06:43+00:00", "permanent": false, "bookmarked": false, "dead": false, "artist": "Biometric Update", "album": "Biometric Update", "user": null, "language": "en-US", "thumbnail": null, "age": null, "page_rating_contents": 0, "page_rating_votes": 0, "page_rating_visits": 0, "page_rating": 0, "tags": [], "comments": [], "vote": 0}, {"source": "https://www.biometricupdate.com/feed", "title": "Philippines\u2019 digital ID registration expands to more remote areas", "description": "<img alt=\"PhilSys step 2 biometrics\" class=\"attachment-post-thumbnail size-post-thumbnail wp-post-image\" height=\"962\" src=\"https://d1sr9z1pdl3mb7.cloudfront.net/wp-content/uploads/2021/08/31133746/PhilSys-step-2-biometrics.jpg\" width=\"1280\" />\n\t\tThe Philippine Statistics Authority (PSA) announced it has reached 90 percent of its registration target for the PhilSys digital identity system and that it is pushing to improve registration access for more remote areas of the Agusan del Norte province. As of December 18th, 2023, over 82.8 million Filipinos are already registered in the system, the government says in an announcement.\n\nAs of December 22nd, the PSA has printed and dispatched for delivery over 50 million PhilIDs for registrants. The authority is now targeting more remote areas with limited access.\n\nPSA used motorcycle taxis to travel on rough roads and wooden rafts to cross rivers to bring access to geographically-isolated and disadvantaged areas (GIDA) in Manila de Bugabus, Bu", "link": "https://www.biometricupdate.com/202401/philippines-digital-id-registration-expands-to-more-remote-areas", "date_published": "2024-01-02T18:38:43+00:00", "permanent": false, "bookmarked": false, "dead": false, "artist": "Biometric Update", "album": "Biometric Update", "user": null, "language": "en-US", "thumbnail": null, "age": null, "page_rating_contents": 0, "page_rating_votes": 0, "page_rating_visits": 0, "page_rating": 0, "tags": [], "comments": [], "vote": 0}, {"source": "https://www.biometricupdate.com/feed", "title": "Worldcoin is now in Singapore as its iris biometrics project grows globally", "description": "<img alt=\"\" class=\"attachment-post-thumbnail size-post-thumbnail wp-post-image\" height=\"1365\" src=\"https://d1sr9z1pdl3mb7.cloudfront.net/wp-content/uploads/2023/06/30160553/worldcoin-iris-logo-scaled.jpg\" width=\"2048\" />\n\t\tFollowing the launch of the <a href=\"https://worldcoin.org/blog/announcements/introducing-world-id-2.0\">World ID 2.0</a> digital identity passport in December 2023, which added face biometrics for verification, Worldcoin has established operations in Singapore, continuing global expansion of its biometric proof-of-personhood project.\n\nA <a href=\"https://worldcoin.org/blog/announcements/singapore-launch-user-growth-expansions-landmark-year-worldcoin\">post</a> on the company\u2019s blog says <a href=\"https://worldcoin.org/find-orb\">four locations</a> in Singapore are now playing host to the Orb, Worldcoin\u2019s spheroid biometric enrolment device. Those wishing to verify their World ID can have their irises scanned to \u201cverify their unique humanness.\u201d\n\nWorldcoin\u2019s parent firm ", "link": "https://www.biometricupdate.com/202401/worldcoin-is-now-in-singapore-as-its-iris-biometrics-project-grows-globally", "date_published": "2024-01-02T18:24:39+00:00", "permanent": false, "bookmarked": false, "dead": false, "artist": "Biometric Update", "album": "Biometric Update", "user": null, "language": "en-US", "thumbnail": null, "age": null, "page_rating_contents": 0, "page_rating_votes": 0, "page_rating_visits": 0, "page_rating": 0, "tags": [], "comments": [], "vote": 0}, {"source": "https://www.biometricupdate.com/feed", "title": "Ekemp wins MOSIP compliance for new integrated biometric device", "description": "<img alt=\"\" class=\"attachment-post-thumbnail size-post-thumbnail wp-post-image\" height=\"777\" src=\"https://d1sr9z1pdl3mb7.cloudfront.net/wp-content/uploads/2023/08/30134643/standards-scaled-1.jpg\" width=\"2048\" />\n\t\t<a href=\"https://www.biometricupdate.com/companies/ekemp-intl-limited\"><span style=\"font-weight: 400;\">Ekemp</span></a><span style=\"font-weight: 400;\">\u2019s new series of biometric tablets makes it one of China\u2019s first manufacturers of integrated biometric devices to obtain compliance with </span><a href=\"https://www.biometricupdate.com/companies/mosip-modular-open-source-identification-platform\"><span style=\"font-weight: 400;\">MOSIP</span></a><span style=\"font-weight: 400;\">, according to a news release.\u00a0</span>\n\n<span style=\"font-weight: 400;\">Based in Shenzhen, Ekemp is an Original Equipment Manufacturer and Original Design Manufacturer (OEM/ODM) specializing in digital biometric security identification hardware for elections, law enforcement, corrections, and other sectors", "link": "https://www.biometricupdate.com/202401/ekemp-wins-mosip-compliance-for-new-integrated-biometric-device", "date_published": "2024-01-02T18:21:09+00:00", "permanent": false, "bookmarked": false, "dead": false, "artist": "Biometric Update", "album": "Biometric Update", "user": null, "language": "en-US", "thumbnail": null, "age": null, "page_rating_contents": 0, "page_rating_votes": 0, "page_rating_visits": 0, "page_rating": 0, "tags": [], "comments": [], "vote": 0}, {"source": "https://www.biometricupdate.com/feed", "title": "UK officials plan face biometrics trial for passport-free border checks", "description": "<img alt=\"idemia touchless airport biometrics\" class=\"attachment-post-thumbnail size-post-thumbnail wp-post-image\" height=\"626\" src=\"https://d1sr9z1pdl3mb7.cloudfront.net/wp-content/uploads/2021/08/13125606/idemia-touchless-airport-biometrics.png\" width=\"1290\" />\n\t\tTravellers to the UK by air will be able to skip passport checks when using biometric gates in trials beginning this year, <a href=\"https://www.thetimes.co.uk/article/uk-flights-passports-border-force-queues-szdd39c5x\">The Times</a> reports.\n\nUK Border Force Director-General Phil Douglas says the new face biometrics system will reduce friction, compared with the previous system, which also uses facial recognition.\n\nThe new implementation is based on the way face biometrics have been deployed in places like Dubai and Australia, Douglas says. It will tie in with the UK\u2019s incoming Electronic Travel authorization (ETA) scheme and provide faster passenger processing with enhanced security, officials say. Douglas also noted the ", "link": "https://www.biometricupdate.com/202401/uk-officials-plan-face-biometrics-trial-for-passport-free-border-checks", "date_published": "2024-01-02T17:11:06+00:00", "permanent": false, "bookmarked": false, "dead": false, "artist": "Biometric Update", "album": "Biometric Update", "user": null, "language": "en-US", "thumbnail": null, "age": null, "page_rating_contents": 0, "page_rating_votes": 0, "page_rating_visits": 0, "page_rating": 0, "tags": [], "comments": [], "vote": 0}, {"source": "https://www.biometricupdate.com/feed", "title": "Digital ID registration in Malaysia reaches 1.6M civil servants", "description": "<img alt=\"\" class=\"attachment-post-thumbnail size-post-thumbnail wp-post-image\" height=\"780\" src=\"https://d1sr9z1pdl3mb7.cloudfront.net/wp-content/uploads/2023/12/08160703/malaysia-digital-id-system.jpg\" width=\"1376\" />\n\t\tMalaysia\u2019s digital identity registration campaign has kicked off with the enrollment of government employees, and <a href=\"https://theedgemalaysia.com/node/694833\">The Edge Malaysia</a> reports that the process is going well, with 1.6 million civil servants signed up so far.\n\nCommunications Minister Fahmi Fadzil says the government plans to open registration for MyDigital ID single sign-on system for government services to the public in March. He further suggested that the early registration of civil servants will help them inform the public about the new system.\n\nThe government has also requested the Information Department to assist implementing agency <a href=\"https://www.biometricupdate.com/tag/mimos\">Mimos</a> in explaining the importance of registration for the", "link": "https://www.biometricupdate.com/202401/digital-id-registration-in-malaysia-reaches-1-6m-civil-servants", "date_published": "2024-01-02T16:55:58+00:00", "permanent": false, "bookmarked": false, "dead": false, "artist": "Biometric Update", "album": "Biometric Update", "user": null, "language": "en-US", "thumbnail": null, "age": null, "page_rating_contents": 0, "page_rating_votes": 0, "page_rating_visits": 0, "page_rating": 0, "tags": [], "comments": [], "vote": 0}]