[{"source": "https://feeds.npr.org/1001/rss.xml", "title": "Threats to abortion access drive demand for abortion pills, analysis suggests", "description": "Requests for abortion pills from people who were not yet pregnant spiked when patients appeared to perceive threats to abortion access, new research has found.", "link": "https://www.npr.org/2024/01/02/1220733428/medication-abortion-advance-provision", "date_published": "2024-01-02T16:02:11+00:00", "permanent": false, "bookmarked": false, "dead": false, "artist": "Npr", "album": "Npr", "user": null, "language": "en-US", "thumbnail": "https://media.npr.org/images/podcasts/primary/npr_generic_image_300.jpg?s=200", "age": null, "page_rating_contents": 0, "page_rating_votes": 0, "page_rating_visits": 0, "page_rating": 0, "tags": [], "comments": [], "vote": 0}, {"source": "https://feeds.npr.org/1001/rss.xml", "title": "Russia strikes residences and a supermarket in Ukraine's capital and other cities", "description": "Russia launched dozens of attack drones and missiles \u2014 including its advanced Kinzhal hypersonic missile \u2014 according to Ukrainian officials.", "link": "https://www.npr.org/2024/01/02/1222474414/russia-strikes-ukraine-cities-kyiv-kharkiv", "date_published": "2024-01-02T15:58:25+00:00", "permanent": false, "bookmarked": false, "dead": false, "artist": "Npr", "album": "Npr", "user": null, "language": "en-US", "thumbnail": "https://media.npr.org/images/podcasts/primary/npr_generic_image_300.jpg?s=200", "age": null, "page_rating_contents": 0, "page_rating_votes": 0, "page_rating_visits": 0, "page_rating": 0, "tags": [], "comments": [], "vote": 0}, {"source": "https://feeds.npr.org/1001/rss.xml", "title": "Up First briefing: Israel Supreme Court ruling; South Korean opposition leader stabbed", "description": "Israel's Supreme Court rejects right-wing changes to the judiciary. South Korea's Democratic Party leader Lee Jae-myung was stabbed in the neck during a visit to the city of Busan.", "link": "https://www.npr.org/2024/01/02/1222448442/up-first-briefing-israel-supreme-court-ruling-south-korean-leader-stabbed", "date_published": "2024-01-02T12:34:04+00:00", "permanent": false, "bookmarked": false, "dead": false, "artist": "Npr", "album": "Npr", "user": null, "language": "en-US", "thumbnail": "https://media.npr.org/images/podcasts/primary/npr_generic_image_300.jpg?s=200", "age": null, "page_rating_contents": 0, "page_rating_votes": 0, "page_rating_visits": 0, "page_rating": 0, "tags": [], "comments": [], "vote": 0}, {"source": "https://feeds.npr.org/1001/rss.xml", "title": "Powerful earthquakes along Japan's western coast leave multiple people dead", "description": "Aftershocks continued to shake Ishikawa prefecture and nearby areas on Tuesday, a day after a magnitude 7.6 temblor slammed the region on Monday afternoon.", "link": "https://www.npr.org/2024/01/01/1222428476/japan-earthquakes-people-dead", "date_published": "2024-01-02T03:59:10+00:00", "permanent": false, "bookmarked": false, "dead": false, "artist": "Npr", "album": "Npr", "user": null, "language": "en-US", "thumbnail": "https://media.npr.org/images/podcasts/primary/npr_generic_image_300.jpg?s=200", "age": null, "page_rating_contents": 0, "page_rating_votes": 0, "page_rating_visits": 0, "page_rating": 0, "tags": [], "comments": [], "vote": 0}]