[{"source": "https://www.forbes.com/innovation/feed2", "title": "Free XRP \u2018Airdrop\u2019 Advertised On X And YouTube Actually A Scam", "description": "Have you been seeing ads for an \u201cairdrop\u201d of the cryptocurrency XRP on platforms like YouTube and X over the past couple of months? They're an AI scam.", "link": "https://www.forbes.com/sites/mattnovak/2024/01/02/free-xrp-airdrop-advertised-on-x-and-youtube-actually-a-scam", "date_published": "2024-01-02T23:29:52+00:00", "permanent": false, "bookmarked": false, "dead": false, "artist": "Forbs - innovation", "album": "Forbs - innovation", "user": null, "language": "en-US", "thumbnail": "https://imageio.forbes.com/specials-images/imageserve/65949b5aea75550602c919da/0x0.jpg?width=960", "age": null, "page_rating_contents": 0, "page_rating_votes": 0, "page_rating_visits": 0, "page_rating": 0, "tags": [], "comments": [], "vote": 0}, {"source": "https://www.forbes.com/innovation/feed2", "title": "2 Signs That Your Work Is An \u2018Unwanted Third\u2019 In Your Relationship", "description": "Here\u2019s why bringing work home can harm your relationship.", "link": "https://www.forbes.com/sites/traversmark/2024/01/02/2-signs-that-your-work-is-an-unwanted-third-in-your-relationship", "date_published": "2024-01-02T23:15:11+00:00", "permanent": false, "bookmarked": false, "dead": false, "artist": "Forbs - innovation", "album": "Forbs - innovation", "user": null, "language": "en-US", "thumbnail": "https://imageio.forbes.com/specials-images/imageserve/6592c4754802f42475b7bcbc/0x0.jpg?width=960&precrop=1231%2C577%2Cx0%2Cy74", "age": null, "page_rating_contents": 0, "page_rating_votes": 0, "page_rating_visits": 0, "page_rating": 0, "tags": [], "comments": [], "vote": 0}, {"source": "https://www.forbes.com/innovation/feed2", "title": "Qualcomm Builds Momentum In AI Inference", "description": "Qualcomm extends its footprint in AI inference processing, started with its Cloud AI 100 series accelerators, with its new Qualcomm Cloud AI 100 Ultra.", "link": "https://www.forbes.com/sites/stevemcdowell/2024/01/02/qualcomm-builds-momentum-in-ai-inference", "date_published": "2024-01-02T22:40:24+00:00", "permanent": false, "bookmarked": false, "dead": false, "artist": "Forbs - innovation", "album": "Forbs - innovation", "user": null, "language": "en-US", "thumbnail": "https://imageio.forbes.com/specials-images/imageserve/65948f13207ed67be15cfc03/0x0.jpg?width=960", "age": null, "page_rating_contents": 0, "page_rating_votes": 0, "page_rating_visits": 0, "page_rating": 0, "tags": [], "comments": [], "vote": 0}, {"source": "https://www.forbes.com/innovation/feed2", "title": "Today\u2019s \u2018Quordle\u2019 Hints And Answers For Wednesday, January 3", "description": "Looking for some help with Wednesday's Quordle words? Some hints and the answers are right here.", "link": "https://www.forbes.com/sites/krisholt/2024/01/02/todays-quordle-hints-and-answers-for-wednesday-january-3", "date_published": "2024-01-02T22:30:59+00:00", "permanent": false, "bookmarked": false, "dead": false, "artist": "Forbs - innovation", "album": "Forbs - innovation", "user": null, "language": "en-US", "thumbnail": "https://imageio.forbes.com/specials-images/imageserve/6291a131931aec2d6b6222c2/0x0.jpg?width=960", "age": null, "page_rating_contents": 0, "page_rating_votes": 0, "page_rating_visits": 0, "page_rating": 0, "tags": [], "comments": [], "vote": 0}, {"source": "https://www.forbes.com/innovation/feed2", "title": "Today\u2019s \u2018Connections\u2019 Hints And Answers For Wednesday, January 3", "description": "Looking for some help with Thursday's NYT Connections words? Some hints and the answers are right here.", "link": "https://www.forbes.com/sites/krisholt/2024/01/02/todays-connections-hints-and-answers-for-wednesday-january-3", "date_published": "2024-01-02T22:30:38+00:00", "permanent": false, "bookmarked": false, "dead": false, "artist": "Forbs - innovation", "album": "Forbs - innovation", "user": null, "language": "en-US", "thumbnail": "https://imageio.forbes.com/specials-images/imageserve/64de654d82fd643c3ad8ae1f/0x0.jpg?width=960", "age": null, "page_rating_contents": 0, "page_rating_votes": 0, "page_rating_visits": 0, "page_rating": 0, "tags": [], "comments": [], "vote": 0}, {"source": "https://www.forbes.com/innovation/feed2", "title": "Oh Great, Two \u2018Steamboat Willie\u2019 Mickey Mouse Horror Movies And A Video Game Have Already Been Announced, How Exciting And Original", "description": "Not one, but two horror movies starring a now no-longer-copyright-protected Steamboat Willie are in the works along with a very bad looking video game.", "link": "https://www.forbes.com/sites/erikkain/2024/01/02/oh-great-two-steamboat-willie-mickey-mouse-horror-movies-and-a-video-game-have-already-been-announced-how-exciting-and-original", "date_published": "2024-01-02T22:06:02+00:00", "permanent": false, "bookmarked": false, "dead": false, "artist": "Forbs - innovation", "album": "Forbs - innovation", "user": null, "language": "en-US", "thumbnail": "https://imageio.forbes.com/specials-images/imageserve/65947fc61101c20a37e89108/0x0.jpg?width=960", "age": null, "page_rating_contents": 0, "page_rating_votes": 0, "page_rating_visits": 0, "page_rating": 0, "tags": [], "comments": [], "vote": 0}, {"source": "https://www.forbes.com/innovation/feed2", "title": "5 Predictions About AI In 2024 That Will Come True (Except One)", "description": "AI predictions:  Machine Learning Will Explode.  Executives Will Try to Understand AI.  ChatGPT, Bard &amp; All the Rest Will Invade Everything", "link": "https://www.forbes.com/sites/steveandriole/2024/01/02/5-predictions-about-ai-in-2024-that-will-come-true-except-one", "date_published": "2024-01-02T21:51:12+00:00", "permanent": false, "bookmarked": false, "dead": false, "artist": "Forbs - innovation", "album": "Forbs - innovation", "user": null, "language": "en-US", "thumbnail": "https://imageio.forbes.com/specials-images/imageserve/6594836b2e0e3b7796c46e78/0x0.jpg?width=960", "age": null, "page_rating_contents": 0, "page_rating_votes": 0, "page_rating_visits": 0, "page_rating": 0, "tags": [], "comments": [], "vote": 0}, {"source": "https://www.forbes.com/innovation/feed2", "title": "Realities, Demographics And Policy All Point To Pricing Carbon Dioxide", "description": "Campaigning right of center for climate action in America is like campaigning for Congress in a challenge race.", "link": "https://www.forbes.com/sites/bobinglis/2024/01/02/realities-demographics-and-policy-all-point-to-pricing-carbon-dioxide", "date_published": "2024-01-02T21:42:29+00:00", "permanent": false, "bookmarked": false, "dead": false, "artist": "Forbs - innovation", "album": "Forbs - innovation", "user": null, "language": "en-US", "thumbnail": "https://imageio.forbes.com/specials-images/imageserve/659482123a52f95587a36efc/0x0.jpg?width=960", "age": null, "page_rating_contents": 0, "page_rating_votes": 0, "page_rating_visits": 0, "page_rating": 0, "tags": [], "comments": [], "vote": 0}, {"source": "https://www.forbes.com/innovation/feed2", "title": "More Students Are Now Being Taught Media Literacy\u2014Will It Stop Misinformation?", "description": "Teaching the youth the new skill of media literacy could hopefully lead to more literate adults who are capable of discerning fact from fiction", "link": "https://www.forbes.com/sites/petersuciu/2024/01/02/more-students-are-now-being-taught-media-literacy-will-it-stop-misinformation", "date_published": "2024-01-02T21:38:48+00:00", "permanent": false, "bookmarked": false, "dead": false, "artist": "Forbs - innovation", "album": "Forbs - innovation", "user": null, "language": "en-US", "thumbnail": "https://imageio.forbes.com/specials-images/imageserve/6594818e1d41fdfe2905806b/0x0.jpg?width=960", "age": null, "page_rating_contents": 0, "page_rating_votes": 0, "page_rating_visits": 0, "page_rating": 0, "tags": [], "comments": [], "vote": 0}, {"source": "https://www.forbes.com/innovation/feed2", "title": "Nvidia Teases New RTX 40 Super Graphics Cards", "description": "The CES event in Las Vegas looks set to be the launch platform for a busy year of new computer hardware introductions and one company that's got mo0re than a few produ...", "link": "https://www.forbes.com/sites/antonyleather/2024/01/02/nvidia-teases-new-rtx-40-super-graphics-cards", "date_published": "2024-01-02T21:01:25+00:00", "permanent": false, "bookmarked": false, "dead": false, "artist": "Forbs - innovation", "album": "Forbs - innovation", "user": null, "language": "en-US", "thumbnail": "https://imageio.forbes.com/specials-images/imageserve/6594797db90c32a0fbc5953a/0x0.jpg?width=960&precrop=771%2C434%2Cx243%2Cy43", "age": null, "page_rating_contents": 0, "page_rating_votes": 0, "page_rating_visits": 0, "page_rating": 0, "tags": [], "comments": [], "vote": 0}, {"source": "https://www.forbes.com/innovation/feed2", "title": "Cloud Computing In 2024: Unveiling Transformations And Opportunities", "description": "2024 will be a transformative year for cloud computing. Agility, innovation, and adaptability will be key in capitalizing on opportunities and mitigating challenges.", "link": "https://www.forbes.com/sites/emilsayegh/2024/01/02/cloud-computing-in-2024-unveiling-transformations-and-opportunities", "date_published": "2024-01-02T20:31:27+00:00", "permanent": false, "bookmarked": false, "dead": false, "artist": "Forbs - innovation", "album": "Forbs - innovation", "user": null, "language": "en-US", "thumbnail": "https://imageio.forbes.com/specials-images/imageserve/656623a046f40f879846f1ca/0x0.jpg?width=960", "age": null, "page_rating_contents": 0, "page_rating_votes": 0, "page_rating_visits": 0, "page_rating": 0, "tags": [], "comments": [], "vote": 0}, {"source": "https://www.forbes.com/innovation/feed2", "title": "Looking Ahead To AI In 2024", "description": "The pace of change in AI is speeding up. Given where AI has gone in 2023, can we guess where those trends are heading for 2024?", "link": "https://www.forbes.com/sites/cognitiveworld/2024/01/02/looking-ahead-to-ai-in-2024", "date_published": "2024-01-02T20:26:50+00:00", "permanent": false, "bookmarked": false, "dead": false, "artist": "Forbs - innovation", "album": "Forbs - innovation", "user": null, "language": "en-US", "thumbnail": "https://imageio.forbes.com/specials-images/imageserve/6594713935a435ebb4faba41/0x0.jpg?width=960&precrop=7113%2C4000%2Cx134%2Cy0", "age": null, "page_rating_contents": 0, "page_rating_votes": 0, "page_rating_visits": 0, "page_rating": 0, "tags": [], "comments": [], "vote": 0}, {"source": "https://www.forbes.com/innovation/feed2", "title": "Epic Games Is Giving Away One Of 2023\u2019s Most Challenging Games For Free", "description": "The latest free Epic Game Store holiday offering will test your mettle.", "link": "https://www.forbes.com/sites/erikkain/2024/01/02/epic-games-is-giving-away-one-of-2023s-most-challenging-games-for-free", "date_published": "2024-01-02T20:21:13+00:00", "permanent": false, "bookmarked": false, "dead": false, "artist": "Forbs - innovation", "album": "Forbs - innovation", "user": null, "language": "en-US", "thumbnail": "https://imageio.forbes.com/specials-images/imageserve/65946c44ae4c3be8033bba1a/0x0.jpg?width=960", "age": null, "page_rating_contents": 0, "page_rating_votes": 0, "page_rating_visits": 0, "page_rating": 0, "tags": [], "comments": [], "vote": 0}, {"source": "https://www.forbes.com/innovation/feed2", "title": "How Brands Can Use Immersive Maps Experiences To Bring Consumers Into Their Worlds", "description": "Today, maps are becoming more about content discovery and experiences than they are about navigation.", "link": "https://www.forbes.com/sites/google-maps/2024/01/02/how-brands-can-use-immersive-maps-experiences-to-bring-consumers-into-their-worlds", "date_published": "2024-01-02T19:08:32+00:00", "permanent": false, "bookmarked": false, "dead": false, "artist": "Forbs - innovation", "album": "Forbs - innovation", "user": null, "language": "en-US", "thumbnail": "https://imageio.forbes.com/specials-images/imageserve/65945f2230a594d397babc9f/0x0.jpg?width=960&precrop=5628%2C3164%2Cx182%2Cy0", "age": null, "page_rating_contents": 0, "page_rating_votes": 0, "page_rating_visits": 0, "page_rating": 0, "tags": [], "comments": [], "vote": 0}, {"source": "https://www.forbes.com/innovation/feed2", "title": "MCDM Breaks Away From D&D With Multi-Million Dollar Crowdfunding", "description": "\"One in Vasloria, which is our version of medieval fantasy Europe. One in Capital, a cosmopolitan city full of politics, intrigue, and different factions vying for con...", "link": "https://www.forbes.com/sites/robwieland/2024/01/02/mcdm-breaks-away-from-dd-with-multi-million-dollar-crowdfunding", "date_published": "2024-01-02T19:03:25+00:00", "permanent": false, "bookmarked": false, "dead": false, "artist": "Forbs - innovation", "album": "Forbs - innovation", "user": null, "language": "en-US", "thumbnail": "https://imageio.forbes.com/specials-images/imageserve/65945d64dd1d250250bcaba8/0x0.jpg?width=960", "age": null, "page_rating_contents": 0, "page_rating_votes": 0, "page_rating_visits": 0, "page_rating": 0, "tags": [], "comments": [], "vote": 0}, {"source": "https://www.forbes.com/innovation/feed2", "title": "A Psychologist Explains How To Be A Master Of \u2018Good Karma\u2019", "description": "Here\u2019s why the concept of \u201ckarma\u201d is deeply rooted in our psychology.", "link": "https://www.forbes.com/sites/traversmark/2024/01/02/a-psychologist-explains-how-to-be-a-master-of-good-karma", "date_published": "2024-01-02T18:45:22+00:00", "permanent": false, "bookmarked": false, "dead": false, "artist": "Forbs - innovation", "album": "Forbs - innovation", "user": null, "language": "en-US", "thumbnail": "https://imageio.forbes.com/specials-images/imageserve/6592c1b949216a0ad9c4c16f/0x0.jpg?width=960&precrop=3001%2C1408%2Cx0%2Cy346", "age": null, "page_rating_contents": 0, "page_rating_votes": 0, "page_rating_visits": 0, "page_rating": 0, "tags": [], "comments": [], "vote": 0}, {"source": "https://www.forbes.com/innovation/feed2", "title": "In An Era Where Doorbells Are Smart, Some Of Our Most Important Infrastructure Isn\u2019t. That\u2019s About To Change.", "description": "For the US to spend infrastructure funding in the best smartest way, we need to know how and where it's needed. GIS technology is a critical tool already being used.", "link": "https://www.forbes.com/sites/esri/2024/01/02/in-an-era-where-doorbells-are-smart-some-of-our-most-important-infrastructure-isnt-thats-about-to-change", "date_published": "2024-01-02T18:35:50+00:00", "permanent": false, "bookmarked": false, "dead": false, "artist": "Forbs - innovation", "album": "Forbs - innovation", "user": null, "language": "en-US", "thumbnail": "https://imageio.forbes.com/specials-images/imageserve/6593639886f658cfdd31c7c2/0x0.jpg?width=960", "age": null, "page_rating_contents": 0, "page_rating_votes": 0, "page_rating_visits": 0, "page_rating": 0, "tags": [], "comments": [], "vote": 0}, {"source": "https://www.forbes.com/innovation/feed2", "title": "What To Know About Nitazenes: Rare But Emerging Opioids More Potent Than Fentanyl", "description": "Experts believe the drugs\u2014which have been involved in two recent deaths in Colorado\u2014come from China and are bought on the dark web.", "link": "https://www.forbes.com/sites/ariannajohnson/2024/01/02/what-to-know-about-nitazenes-rare-but-emerging-opioids-more-potent-than-fentanyl", "date_published": "2024-01-02T18:33:23+00:00", "permanent": false, "bookmarked": false, "dead": false, "artist": "Forbs - innovation", "album": "Forbs - innovation", "user": null, "language": "en-US", "thumbnail": "https://imageio.forbes.com/specials-images/imageserve/65945654a369ce10d56d4072/0x0.jpg?width=960&precrop=2003%2C1127%2Cx0%2Cy103", "age": null, "page_rating_contents": 0, "page_rating_votes": 0, "page_rating_visits": 0, "page_rating": 0, "tags": [], "comments": [], "vote": 0}, {"source": "https://www.forbes.com/innovation/feed2", "title": "Five Scaling Tips For Founders Of Wellness Tech Startups", "description": "Wellness tech startups help people transform their lives for the better. But they have to scale strategically to reach as many people as possible.", "link": "https://www.forbes.com/sites/forbestechcouncil/2024/01/02/five-scaling-tips-for-founders-of-wellness-tech-startups", "date_published": "2024-01-02T18:30:00+00:00", "permanent": false, "bookmarked": false, "dead": false, "artist": "Forbs - innovation", "album": "Forbs - innovation", "user": null, "language": "en-US", "thumbnail": "https://imageio.forbes.com/specials-images/imageserve/65944c20bdcff33ade5f32b4/0x0.jpg?width=960", "age": null, "page_rating_contents": 0, "page_rating_votes": 0, "page_rating_visits": 0, "page_rating": 0, "tags": [], "comments": [], "vote": 0}, {"source": "https://www.forbes.com/innovation/feed2", "title": "The 20 Best Games Of 2023", "description": "These are the 20 best games of 2023 (at least according to one Forbes Games contributor).", "link": "https://www.forbes.com/sites/krisholt/2024/01/02/the-20-best-games-of-2023-spiderman-2-super-mario-bros-wonder-final-fantasy-16-connections-tchia-a-highland-song-viewfinder-ghostrunner-2", "date_published": "2024-01-02T18:15:25+00:00", "permanent": false, "bookmarked": false, "dead": false, "artist": "Forbs - innovation", "album": "Forbs - innovation", "user": null, "language": "en-US", "thumbnail": "https://imageio.forbes.com/specials-images/imageserve/659425b39f24a07cf2ce22f5/0x0.jpg?width=960&precrop=1654%2C930%2Cx0%2Cy0", "age": null, "page_rating_contents": 0, "page_rating_votes": 0, "page_rating_visits": 0, "page_rating": 0, "tags": [], "comments": [], "vote": 0}, {"source": "https://www.forbes.com/innovation/feed2", "title": "Apple Podcasts Points To Successful iOS 17 Adoption", "description": "With the launch of iOS 17, Apple changed the methodology behind podcast downloads with the launch of iOS 17, and there\u2019s a curious side-effect. We can see how popular iOS 17 is.", "link": "https://www.forbes.com/sites/ewanspence/2024/01/02/apple-podcasts-iphone-ios-17-market-share", "date_published": "2024-01-02T17:54:51+00:00", "permanent": false, "bookmarked": false, "dead": false, "artist": "Forbs - innovation", "album": "Forbs - innovation", "user": null, "language": "en-US", "thumbnail": "https://imageio.forbes.com/specials-images/imageserve/65944c1ca8ff4f08355dd9a0/0x0.jpg?width=960", "age": null, "page_rating_contents": 0, "page_rating_votes": 0, "page_rating_visits": 0, "page_rating": 0, "tags": [], "comments": [], "vote": 0}, {"source": "https://www.forbes.com/innovation/feed2", "title": "These Are The EVs And PHEVs That Still Qualify For Federal Tax Credits In 2024", "description": "Fewer new electrified models are now subject to national sales incentives, but those for leases and used EVs continue.", "link": "https://www.forbes.com/sites/jimgorzelany/2024/01/02/these-are-the-evs-and-phevs-that-still-qualify-for-federal-tax-credits-in-2024", "date_published": "2024-01-02T17:48:02+00:00", "permanent": false, "bookmarked": false, "dead": false, "artist": "Forbs - innovation", "album": "Forbs - innovation", "user": null, "language": "en-US", "thumbnail": "https://imageio.forbes.com/specials-images/imageserve/65944b67fb56e96f39f536ad/0x0.jpg?width=960&precrop=1616%2C908%2Cx0%2Cy105", "age": null, "page_rating_contents": 0, "page_rating_votes": 0, "page_rating_visits": 0, "page_rating": 0, "tags": [], "comments": [], "vote": 0}, {"source": "https://www.forbes.com/innovation/feed2", "title": "Disaster Management Started Way Before New Year\u2019s Quake In Japan", "description": "Japan\u2019s location in the Pacific, where several continental and oceanic plates meet, makes it particularly prone to earthquakes.", "link": "https://www.forbes.com/sites/milletienne/2024/01/02/disaster-management-started-way-before-new-years-quake-in-japan", "date_published": "2024-01-02T17:00:52+00:00", "permanent": false, "bookmarked": false, "dead": false, "artist": "Forbs - innovation", "album": "Forbs - innovation", "user": null, "language": "en-US", "thumbnail": "https://imageio.forbes.com/specials-images/imageserve/659390f6e2df062b799908c8/0x0.jpg?width=960", "age": null, "page_rating_contents": 0, "page_rating_votes": 0, "page_rating_visits": 0, "page_rating": 0, "tags": [], "comments": [], "vote": 0}, {"source": "https://www.forbes.com/innovation/feed2", "title": "Japan Responds To Earthquake, Plane Crash And Outages Through Lessons Learned", "description": "Japan\u2019s location in the Pacific, where several continental and oceanic plates meet, makes it particularly prone to earthquakes.", "link": "https://www.forbes.com/sites/milletienne/2024/01/02/japan-responds-to-earthquake-plane-crash-and-outages-through-lessons-learned", "date_published": "2024-01-02T17:00:52+00:00", "permanent": false, "bookmarked": false, "dead": false, "artist": "Forbs - innovation", "album": "Forbs - innovation", "user": null, "language": "en-US", "thumbnail": "https://imageio.forbes.com/specials-images/imageserve/65944b7e2ada07a09259ad4f/0x0.jpg?width=960", "age": null, "page_rating_contents": 0, "page_rating_votes": 0, "page_rating_visits": 0, "page_rating": 0, "tags": [], "comments": [], "vote": 0}, {"source": "https://www.forbes.com/innovation/feed2", "title": "Olive Union Reveals Affordable Over-The-Counter Hearing Aid Earbuds", "description": "The Olive Max is the company\u2019s first product with a wraparound design providing hearing assistance and Bluetooth streaming.", "link": "https://www.forbes.com/sites/marksparrow/2024/01/02/olive-union-reveals-affordable-over-the-counter-hearing-aid-earbuds", "date_published": "2024-01-02T17:00:40+00:00", "permanent": false, "bookmarked": false, "dead": false, "artist": "Forbs - innovation", "album": "Forbs - innovation", "user": null, "language": "en-US", "thumbnail": "https://imageio.forbes.com/specials-images/imageserve/65943cd13ddb5b652083eaa8/0x0.png?width=960&precrop=814%2C457%2Cx0%2Cy1", "age": null, "page_rating_contents": 0, "page_rating_votes": 0, "page_rating_visits": 0, "page_rating": 0, "tags": [], "comments": [], "vote": 0}, {"source": "https://www.forbes.com/innovation/feed2", "title": "Why TikTok Advice To Report Your Ex To The IRS Doesn\u2019t Always Add Up", "description": "A TikTok influencer claims to have turned in her ex to the IRS for failing to pay taxes. Could that work for you?", "link": "https://www.forbes.com/sites/kellyphillipserb/2024/01/02/why-tiktok-advice-to-report-your-ex-to-the-irs-doesnt-always-add-up", "date_published": "2024-01-02T16:16:32+00:00", "permanent": false, "bookmarked": false, "dead": false, "artist": "Forbs - innovation", "album": "Forbs - innovation", "user": null, "language": "en-US", "thumbnail": "https://imageio.forbes.com/specials-images/imageserve/64dbf19aa9d6f951d588000c/0x0.jpg?width=960", "age": null, "page_rating_contents": 0, "page_rating_votes": 0, "page_rating_visits": 0, "page_rating": 0, "tags": [], "comments": [], "vote": 0}, {"source": "https://www.forbes.com/innovation/feed2", "title": "Accenture\u2019s North America CEO On The Race To Deploy AI At Scale", "description": "Accenture\u2019s Manish Sharma says those who don\u2019t go all-in on GenAI this year risk falling behind their rivals as it's set to impact 40% of working hours", "link": "https://www.forbes.com/sites/dianebrady/2024/01/02/accentures-north-america-ceo-on-the-race-to-deploy-ai-at-scale", "date_published": "2024-01-02T15:54:31+00:00", "permanent": false, "bookmarked": false, "dead": false, "artist": "Forbs - innovation", "album": "Forbs - innovation", "user": null, "language": "en-US", "thumbnail": "https://imageio.forbes.com/specials-images/imageserve/658143bb842e36d652fc0803/0x0.jpg?width=960&precrop=717%2C403%2Cx0%2Cy0", "age": null, "page_rating_contents": 0, "page_rating_votes": 0, "page_rating_visits": 0, "page_rating": 0, "tags": [], "comments": [], "vote": 0}, {"source": "https://www.forbes.com/innovation/feed2", "title": "Gypsy Rose Blanchard\u2019s Story Exposes The Horrors Of \u2018Munchausen By Proxy\u2019", "description": "After her eight year prison sentence, Gypsy Rose Blanchard has finally been set free. Here\u2019s a psychologist\u2019s take on how Munchausen by proxy led to second degree murder.", "link": "https://www.forbes.com/sites/traversmark/2024/01/02/gypsy-rose-blanchards-story-exposes-the-horrors-of-munchausen-by-proxy", "date_published": "2024-01-02T15:28:40+00:00", "permanent": false, "bookmarked": false, "dead": false, "artist": "Forbs - innovation", "album": "Forbs - innovation", "user": null, "language": "en-US", "thumbnail": "https://imageio.forbes.com/specials-images/imageserve/659407e1930c600bec6a3a08/0x0.jpg?width=960&precrop=1757%2C824%2Cx0%2Cy419", "age": null, "page_rating_contents": 0, "page_rating_votes": 0, "page_rating_visits": 0, "page_rating": 0, "tags": [], "comments": [], "vote": 0}, {"source": "https://www.forbes.com/innovation/feed2", "title": "AI: The Missing Link For Consumer Brands As They Look To Growth And Profitability", "description": "Getting a customer to repurchase at the right moment is the key to effective retention, and data insights can unlock this impact.", "link": "https://www.forbes.com/sites/garydrenik/2024/01/02/ai-the-missing-link-for-consumer-brands-as-they-look-to-growth-and-profitability", "date_published": "2024-01-02T15:17:06+00:00", "permanent": false, "bookmarked": false, "dead": false, "artist": "Forbs - innovation", "album": "Forbs - innovation", "user": null, "language": "en-US", "thumbnail": "https://imageio.forbes.com/specials-images/imageserve/658da6793ad436161a3e60e0/0x0.jpg?width=960", "age": null, "page_rating_contents": 0, "page_rating_votes": 0, "page_rating_visits": 0, "page_rating": 0, "tags": [], "comments": [], "vote": 0}, {"source": "https://www.forbes.com/innovation/feed2", "title": "Stanford Scientists Make A Breakthrough In Breast Cancer", "description": "One of the hottest cancer targets just got a boost in confidence! Stanford researchers published a PNAS paper on ENPP1 as an innate immune checkpoint in breast cancer", "link": "https://www.forbes.com/sites/alexzhavoronkov/2024/01/02/stanford-scientists-make-a-breakthrough-in-breast-cancer", "date_published": "2024-01-02T15:00:53+00:00", "permanent": false, "bookmarked": false, "dead": false, "artist": "Forbs - innovation", "album": "Forbs - innovation", "user": null, "language": "en-US", "thumbnail": "https://imageio.forbes.com/specials-images/imageserve/65924043fe288b83a97687cf/0x0.jpg?width=960", "age": null, "page_rating_contents": 0, "page_rating_votes": 0, "page_rating_visits": 0, "page_rating": 0, "tags": [], "comments": [], "vote": 0}, {"source": "https://www.forbes.com/innovation/feed2", "title": "We Need To Talk About Baldur\u2019s Gate 3\u2019s Steam Playercount Numbers", "description": "Baldur's Gate 3 has always performed really well, but this month, after five months out, its huge playercount is somehow increasing.", "link": "https://www.forbes.com/sites/paultassi/2024/01/02/we-need-to-talk-about-baldurs-gate-3s-steam-playercount-numbers", "date_published": "2024-01-02T14:57:06+00:00", "permanent": false, "bookmarked": false, "dead": false, "artist": "Forbs - innovation", "album": "Forbs - innovation", "user": null, "language": "en-US", "thumbnail": "https://imageio.forbes.com/specials-images/imageserve/64e2214cd48e7552d8d8ae1f/0x0.jpg?width=960", "age": null, "page_rating_contents": 0, "page_rating_votes": 0, "page_rating_visits": 0, "page_rating": 0, "tags": [], "comments": [], "vote": 0}, {"source": "https://www.forbes.com/innovation/feed2", "title": "Why Is Everyone Playing \u2018Red Dead Redemption 2\u2019 All Of A Sudden?", "description": "I did not quite understand why my timeline was suddenly being spammed by a ton of Red Dead Redemption 2 praise and nostalgic clips from Rockstar\u2019s 2018 blockbuster.", "link": "https://www.forbes.com/sites/paultassi/2024/01/02/why-is-everyone-playing-red-dead-redemption-2-all-of-a-sudden", "date_published": "2024-01-02T14:34:18+00:00", "permanent": false, "bookmarked": false, "dead": false, "artist": "Forbs - innovation", "album": "Forbs - innovation", "user": null, "language": "en-US", "thumbnail": "https://imageio.forbes.com/specials-images/imageserve/5f2183f1c8a4b520c9bdb3a6/0x0.jpg?width=960&precrop=1400%2C787%2Cx0%2Cy0", "age": null, "page_rating_contents": 0, "page_rating_votes": 0, "page_rating_visits": 0, "page_rating": 0, "tags": [], "comments": [], "vote": 0}, {"source": "https://www.forbes.com/innovation/feed2", "title": "A New Class Of Suppressive T Cells  Promotes Self Recognition and Prevents Autoimmunity, Plus a Warning", "description": "A subset of regulatory T cells possess memory-like qualities that could help shape immunotherapy development, according to a study published in Science.", "link": "https://www.forbes.com/sites/williamhaseltine/2024/01/02/a-new-class-of-suppressive-t-cells--promotes-self-recognition-and-prevents-autoimmunity-plus-a-warning", "date_published": "2024-01-02T14:30:00+00:00", "permanent": false, "bookmarked": false, "dead": false, "artist": "Forbs - innovation", "album": "Forbs - innovation", "user": null, "language": "en-US", "thumbnail": "https://imageio.forbes.com/specials-images/imageserve/65798bda13da94e2839ad94a/0x0.jpg?width=960", "age": null, "page_rating_contents": 0, "page_rating_votes": 0, "page_rating_visits": 0, "page_rating": 0, "tags": [], "comments": [], "vote": 0}, {"source": "https://www.forbes.com/innovation/feed2", "title": "The Mickey Mouse Public Domain Horror Games And Movies Want You To Roast Them", "description": "Mickey Mouse and Steamboat Willie have entered the public domain, and terrible horror movies and games are coming. This is why.", "link": "https://www.forbes.com/sites/paultassi/2024/01/02/the-mickey-mouse-public-domain-horror-games-and-movies-want-you-to-roast-them", "date_published": "2024-01-02T14:14:20+00:00", "permanent": false, "bookmarked": false, "dead": false, "artist": "Forbs - innovation", "album": "Forbs - innovation", "user": null, "language": "en-US", "thumbnail": "https://imageio.forbes.com/specials-images/imageserve/6594195b2340ed9ad07130f9/0x0.jpg?width=960", "age": null, "page_rating_contents": 0, "page_rating_votes": 0, "page_rating_visits": 0, "page_rating": 0, "tags": [], "comments": [], "vote": 0}, {"source": "https://www.forbes.com/innovation/feed2", "title": "Supply Chain Predictions 2024: AI, Sustainability Top Of Mind", "description": "Check out the latest predictions around the challenges and opportunities for supply chain executives in 2024.", "link": "https://www.forbes.com/sites/sap/2024/01/02/supply-chain-predictions-2024-ai-sustainability-top-of-mind", "date_published": "2024-01-02T14:12:00+00:00", "permanent": false, "bookmarked": false, "dead": false, "artist": "Forbs - innovation", "album": "Forbs - innovation", "user": null, "language": "en-US", "thumbnail": "https://imageio.forbes.com/specials-images/imageserve/65941875e443f72eb7ed6605/0x0.jpg?width=960", "age": null, "page_rating_contents": 0, "page_rating_votes": 0, "page_rating_visits": 0, "page_rating": 0, "tags": [], "comments": [], "vote": 0}, {"source": "https://www.forbes.com/innovation/feed2", "title": "Warning: It\u2019s Your Last Chance For \u2018Destiny 2\u2019 Dawning Cash And Prizes", "description": "The Dawning in Destiny 2 ends soon, so don't miss out on a ton of rewards by forgetting to cash in all your stuff early. Here's what to go for.", "link": "https://www.forbes.com/sites/paultassi/2024/01/02/warning-its-your-last-chance-for-destiny-2-dawning-cash-and-prizes", "date_published": "2024-01-02T13:53:56+00:00", "permanent": false, "bookmarked": false, "dead": false, "artist": "Forbs - innovation", "album": "Forbs - innovation", "user": null, "language": "en-US", "thumbnail": "https://imageio.forbes.com/specials-images/imageserve/659414c6df9022a8c29a6962/0x0.jpg?width=960", "age": null, "page_rating_contents": 0, "page_rating_votes": 0, "page_rating_visits": 0, "page_rating": 0, "tags": [], "comments": [], "vote": 0}, {"source": "https://www.forbes.com/innovation/feed2", "title": "The Outlook On H-1B Visas And Immigration In 2024", "description": "The year 2024 will be eventful on immigration policy and includes a presidential election in November and new policies on H-1B visas.", "link": "https://www.forbes.com/sites/stuartanderson/2024/01/02/the-outlook-on-h-1b-visas-and-immigration-in-2024", "date_published": "2024-01-02T13:43:58+00:00", "permanent": false, "bookmarked": false, "dead": false, "artist": "Forbs - innovation", "album": "Forbs - innovation", "user": null, "language": "en-US", "thumbnail": "https://imageio.forbes.com/specials-images/imageserve/658ba40e64425608cc98f0ec/0x0.jpg?width=960&precrop=2051%2C1152%2Cx0%2Cy0", "age": null, "page_rating_contents": 0, "page_rating_votes": 0, "page_rating_visits": 0, "page_rating": 0, "tags": [], "comments": [], "vote": 0}, {"source": "https://www.forbes.com/innovation/feed2", "title": "The Possible Jonathan Majors Kang Replacement Actor Is A Great Pick", "description": "With Jonathan Majors out, it seems Marvel wants to recast Kang with a new actor in the MCU. One under consideration feels like a really great pick for the part.", "link": "https://www.forbes.com/sites/paultassi/2024/01/02/the-possible-jonathan-majors-kang-replacement-actor-is-a-great-pick", "date_published": "2024-01-02T13:30:04+00:00", "permanent": false, "bookmarked": false, "dead": false, "artist": "Forbs - innovation", "album": "Forbs - innovation", "user": null, "language": "en-US", "thumbnail": "https://imageio.forbes.com/specials-images/imageserve/654f9a2fb8533c980b92f462/0x0.jpg?width=960", "age": null, "page_rating_contents": 0, "page_rating_votes": 0, "page_rating_visits": 0, "page_rating": 0, "tags": [], "comments": [], "vote": 0}, {"source": "https://www.forbes.com/innovation/feed2", "title": "5 ChatGPT Prompts To Land A Higher Paying Job In 2024", "description": "Secure a higher-paying job in 2024 with ChatGPT. Set up a brilliant year with the role of your dreams and the salary of your potential.", "link": "https://www.forbes.com/sites/jodiecook/2024/01/02/5-chatgpt-prompts-to-land-a-higher-paying-job-in-2024", "date_published": "2024-01-02T13:00:00+00:00", "permanent": false, "bookmarked": false, "dead": false, "artist": "Forbs - innovation", "album": "Forbs - innovation", "user": null, "language": "en-US", "thumbnail": "https://imageio.forbes.com/specials-images/imageserve/6586b1232e47da7d600c56a2/0x0.jpg?width=960&precrop=3499%2C1968%2Cx0%2Cy152", "age": null, "page_rating_contents": 0, "page_rating_votes": 0, "page_rating_visits": 0, "page_rating": 0, "tags": [], "comments": [], "vote": 0}, {"source": "https://www.forbes.com/innovation/feed2", "title": "Buttigieg Seeks Robocar Safety. Here\u2019s How He Should Do It", "description": "I outline what sort of data should be disclosed and what methods can assure that robocars are safe and we can understand how safe they are", "link": "https://www.forbes.com/sites/bradtempleton/2024/01/02/buttigieg-seeks-robocar-safety-heres-how-he-should-do-it", "date_published": "2024-01-02T13:00:00+00:00", "permanent": false, "bookmarked": false, "dead": false, "artist": "Forbs - innovation", "album": "Forbs - innovation", "user": null, "language": "en-US", "thumbnail": "https://imageio.forbes.com/specials-images/imageserve/6593b0ea24305a2b70b928a3/0x0.jpg?width=960", "age": null, "page_rating_contents": 0, "page_rating_votes": 0, "page_rating_visits": 0, "page_rating": 0, "tags": [], "comments": [], "vote": 0}, {"source": "https://www.forbes.com/innovation/feed2", "title": "Mark Cuban\u2019s Cost Plus Drug Company Sparks Moves To Change How Rx Drugs Are Priced", "description": "Mark Cuban's CPD offers a transparent way  for patients to obtain affordable drugs. This has sparked changes in the ways in which traditional PBMs price and reimburse.", "link": "https://www.forbes.com/sites/joshuacohen/2024/01/02/mark-cubans-cost-plus-drug-company-sparks-moves-to-change-how-rx-drugs-are-priced", "date_published": "2024-01-02T12:56:39+00:00", "permanent": false, "bookmarked": false, "dead": false, "artist": "Forbs - innovation", "album": "Forbs - innovation", "user": null, "language": "en-US", "thumbnail": "https://imageio.forbes.com/specials-images/imageserve/65908c92edf6cac8fa87515a/0x0.jpg?width=960", "age": null, "page_rating_contents": 0, "page_rating_votes": 0, "page_rating_visits": 0, "page_rating": 0, "tags": [], "comments": [], "vote": 0}, {"source": "https://www.forbes.com/innovation/feed2", "title": "Keychron\u2019s K3 Max Is A Sleek And Superb Wireless Keyboard", "description": "This compact wireless Keychron K3 Max keyboard can be ordered with a hot-swappable option and low-profile switches. Its 75% layout frees up plenty of extra desk space.", "link": "https://www.forbes.com/sites/marksparrow/2024/01/02/keychrons-k3-max-is-a-sleek-and-superb-wireless-keyboard", "date_published": "2024-01-02T11:00:10+00:00", "permanent": false, "bookmarked": false, "dead": false, "artist": "Forbs - innovation", "album": "Forbs - innovation", "user": null, "language": "en-US", "thumbnail": "https://imageio.forbes.com/specials-images/imageserve/658c52c8c459d8418df563a6/0x0.jpg?width=960", "age": null, "page_rating_contents": 0, "page_rating_votes": 0, "page_rating_visits": 0, "page_rating": 0, "tags": [], "comments": [], "vote": 0}, {"source": "https://www.forbes.com/innovation/feed2", "title": "To SaaS Or Not To SaaS: SaaS Security Challenges And How To Overcome Them", "description": "The cloud can be a secure haven for your data\u2014provided that you adhere to specific security best practices.", "link": "https://www.forbes.com/sites/forbestechcouncil/2024/01/02/to-saas-or-not-to-saas-saas-security-challenges-and-how-to-overcome-them", "date_published": "2024-01-02T11:00:00+00:00", "permanent": false, "bookmarked": false, "dead": false, "artist": "Forbs - innovation", "album": "Forbs - innovation", "user": null, "language": "en-US", "thumbnail": "https://imageio.forbes.com/specials-images/imageserve/614a14a1cbf3a1ecae96eebb/0x0.jpg?width=960", "age": null, "page_rating_contents": 0, "page_rating_votes": 0, "page_rating_visits": 0, "page_rating": 0, "tags": [], "comments": [], "vote": 0}, {"source": "https://www.forbes.com/innovation/feed2", "title": "The Most Important Tech Investments To Make In 2024: A Guide For All Budgets", "description": "Navigate the complex world of tech investments in 2024 with this comprehensive guide, tailored for businesses of all sizes", "link": "https://www.forbes.com/sites/bernardmarr/2024/01/02/the-most-important-tech-investments-to-make-in-2024-a-guide-for-all-budgets", "date_published": "2024-01-02T07:59:00+00:00", "permanent": false, "bookmarked": false, "dead": false, "artist": "Forbs - innovation", "album": "Forbs - innovation", "user": null, "language": "en-US", "thumbnail": "https://imageio.forbes.com/specials-images/imageserve/6593c213040bd3f9b1540162/0x0.jpg?width=960", "age": null, "page_rating_contents": 0, "page_rating_votes": 0, "page_rating_visits": 0, "page_rating": 0, "tags": [], "comments": [], "vote": 0}, {"source": "https://www.forbes.com/innovation/feed2", "title": "Baidu Scraps $3.6 Billion Deal With Joyy For Chinese Live-Streaming Service YY Live", "description": "Moving into live-streaming may not be a priority for Baidu, which has recently been capitalizing on its longstanding bet on AI.", "link": "https://www.forbes.com/sites/catherinewang/2024/01/02/baidu-scraps-36-billion-deal-with-joyy-for-chinese-live-streaming-service-yy-live", "date_published": "2024-01-02T07:00:01+00:00", "permanent": false, "bookmarked": false, "dead": false, "artist": "Forbs - innovation", "album": "Forbs - innovation", "user": null, "language": "en-US", "thumbnail": "https://imageio.forbes.com/specials-images/imageserve/6593a3129feb6e0ae8b491d4/0x0.jpg?width=960&precrop=3002%2C1689%2Cx42%2Cy170", "age": null, "page_rating_contents": 0, "page_rating_votes": 0, "page_rating_visits": 0, "page_rating": 0, "tags": [], "comments": [], "vote": 0}, {"source": "https://www.forbes.com/innovation/feed2", "title": "Exploring The Future: 5 Cutting-Edge Generative AI Trends In 2024", "description": "As we approach 2024, the landscape of generative AI is expected to rapidly evolve, introducing a slew of trends that promise to transform technology and its applications.", "link": "https://www.forbes.com/sites/janakirammsv/2024/01/02/exploring-the-future-5-cutting-edge-generative-ai-trends-in-2024", "date_published": "2024-01-02T05:21:47+00:00", "permanent": false, "bookmarked": false, "dead": false, "artist": "Forbs - innovation", "album": "Forbs - innovation", "user": null, "language": "en-US", "thumbnail": "https://imageio.forbes.com/specials-images/imageserve/65939cf97a3120c81787c949/0x0.jpg?width=960", "age": null, "page_rating_contents": 0, "page_rating_votes": 0, "page_rating_visits": 0, "page_rating": 0, "tags": [], "comments": [], "vote": 0}, {"source": "https://www.forbes.com/innovation/feed2", "title": "Hard Disk Drive Revenue History From 1957 To Today", "description": "The HDD industry experienced revenue growth from its start in 1956 until a peak in 2012.  2024 projections are for 127M units shipped and revenues of less than $14B.", "link": "https://www.forbes.com/sites/tomcoughlin/2024/01/02/hard-disk-drive-revenue-history-from-1957-to-today", "date_published": "2024-01-02T05:01:51+00:00", "permanent": false, "bookmarked": false, "dead": false, "artist": "Forbs - innovation", "album": "Forbs - innovation", "user": null, "language": "en-US", "thumbnail": "https://imageio.forbes.com/specials-images/imageserve/65939731a8ff4f08355dd988/0x0.jpg?width=960", "age": null, "page_rating_contents": 0, "page_rating_votes": 0, "page_rating_visits": 0, "page_rating": 0, "tags": [], "comments": [], "vote": 0}, {"source": "https://www.forbes.com/innovation/feed2", "title": "2024: Never Mind The Robots. Beware The \u201cErrant\u201d Humans.", "description": "Is humanity reaching its limits to understand and manage accelerating change.", "link": "https://www.forbes.com/sites/giovannirodriguez/2024/01/01/2024-never-mind-the-robots-beware-the-errant-humans", "date_published": "2024-01-02T03:50:56+00:00", "permanent": false, "bookmarked": false, "dead": false, "artist": "Forbs - innovation", "album": "Forbs - innovation", "user": null, "language": "en-US", "thumbnail": "https://imageio.forbes.com/specials-images/imageserve/659376de352045fdcb4b183e/0x0.jpg?width=960", "age": null, "page_rating_contents": 0, "page_rating_votes": 0, "page_rating_visits": 0, "page_rating": 0, "tags": [], "comments": [], "vote": 0}, {"source": "https://www.forbes.com/innovation/feed2", "title": "Samsung Insiders Confirm Three Stunning Galaxy S24 Ultra Decisions", "description": "Samsung\u2019s Galaxy S24 Ultra will enter a crowded smartphone market, but three features will stand out to consumers looking to fall in love with their new phone.", "link": "https://www.forbes.com/sites/ewanspence/2024/01/01/samsung-galaxy-s24-camera-s-pen-stylus-ai-specs-new-galaxy-s24-upgrade", "date_published": "2024-01-02T01:00:49+00:00", "permanent": false, "bookmarked": false, "dead": false, "artist": "Forbs - innovation", "album": "Forbs - innovation", "user": null, "language": "en-US", "thumbnail": "https://imageio.forbes.com/specials-images/imageserve/64dfed0098291ef933d8ae23/0x0.jpg?width=960&precrop=2086%2C1174%2Cx456%2Cy401", "age": null, "page_rating_contents": 0, "page_rating_votes": 0, "page_rating_visits": 0, "page_rating": 0, "tags": [], "comments": [], "vote": 0}, {"source": "https://www.forbes.com/innovation/feed2", "title": "Today\u2019s Wordle #927 Hints, Clues And Answer For Tuesday, January 2nd 2024", "description": "How to solve today's Wordle. Hints, clues and the daily Wordle answer. Also, play competitive Wordle and learn more about each day's word.", "link": "https://www.forbes.com/sites/erikkain/2024/01/01/todays-wordle-927-hints-clues-and-answer-for-tuesday-january-2nd-2024", "date_published": "2024-01-02T00:30:00+00:00", "permanent": false, "bookmarked": false, "dead": false, "artist": "Forbs - innovation", "album": "Forbs - innovation", "user": null, "language": "en-US", "thumbnail": "https://imageio.forbes.com/specials-images/imageserve/652d4eb7d6656f170b32a8b1/0x0.jpg?width=960&precrop=3543%2C1992%2Cx0%2Cy183", "age": null, "page_rating_contents": 0, "page_rating_votes": 0, "page_rating_visits": 0, "page_rating": 0, "tags": [], "comments": [], "vote": 0}, {"source": "https://www.forbes.com/innovation/feed2", "title": "The Moonwalkers: A Journey With Tom Hanks\u2014An Immersive Reminder Of Humanity\u2019s Greatest Adventure", "description": "The Moonwalkers: A Journey With Tom Hanks is an hour-long immersive experience in London's Lightroom in which the Hollywood star narrates the epic story of the twelve humans who walked on the moon over 50 years ago.", "link": "https://www.forbes.com/sites/jamiecartereurope/2024/01/01/the-moonwalkers-a-journey-with-tom-hanks-an-immersive-reminder-of-humanitys-greatest-adventure", "date_published": "2024-01-02T00:15:00+00:00", "permanent": false, "bookmarked": false, "dead": false, "artist": "Forbs - innovation", "album": "Forbs - innovation", "user": null, "language": "en-US", "thumbnail": "https://imageio.forbes.com/specials-images/imageserve/657976ad995282a0bfce9a12/0x0.jpg?width=960", "age": null, "page_rating_contents": 0, "page_rating_votes": 0, "page_rating_visits": 0, "page_rating": 0, "tags": [], "comments": [], "vote": 0}]