[{"source": "https://lifehacker.com/rss", "title": "Tangzhong Is the Key to Making the Softest Bread You\u2019ve Ever Had", "description": "Use this simple technique to make tall, soft and fluffy, stale-resistant rolls.", "link": "https://lifehacker.com/food-drink/how-to-make-bread-with-tangzhong", "date_published": "2024-01-02T22:00:00+00:00", "permanent": false, "bookmarked": false, "dead": false, "artist": "Lifehacker", "album": "Lifehacker", "user": null, "language": "en-US", "thumbnail": "https://lifehacker.com/imagery/articles/01HK5YB79PHX75ZJZTYXS0N8KZ/hero-image.jpg", "age": null, "page_rating_contents": 0, "page_rating_votes": 0, "page_rating_visits": 0, "page_rating": 0, "tags": [], "comments": [], "vote": 0}, {"source": "https://lifehacker.com/rss", "title": "Avoid Impulse Buying by Disabling Amazon's 1-Click Ordering", "description": "Avoid emptying your wallet by turning off Amazon's \"buy now\" option.", "link": "https://lifehacker.com/avoid-impulse-buying-by-disabling-amazons-1-click-order-1845257810", "date_published": "2024-01-02T21:00:00+00:00", "permanent": false, "bookmarked": false, "dead": false, "artist": "Lifehacker", "album": "Lifehacker", "user": null, "language": "en-US", "thumbnail": "https://lifehacker.com/imagery/articles/01HF2GNVMEN1HQW3E38TRQG6NG/hero-image.jpg", "age": null, "page_rating_contents": 0, "page_rating_votes": 0, "page_rating_visits": 0, "page_rating": 0, "tags": [], "comments": [], "vote": 0}, {"source": "https://lifehacker.com/rss", "title": "All the Ways Smart Tech Can Keep Your Pets From Escaping", "description": "Tracking down an escape point and deterring future breakouts is easier with an assist from smart devices.", "link": "https://lifehacker.com/tech/how-smart-tech-can-help-keep-pets-from-escaping", "date_published": "2024-01-02T20:30:06+00:00", "permanent": false, "bookmarked": false, "dead": false, "artist": "Lifehacker", "album": "Lifehacker", "user": null, "language": "en-US", "thumbnail": "https://lifehacker.com/imagery/articles/01HK5PKM4QARNZZ0VHF1T7HB46/hero-image.png", "age": null, "page_rating_contents": 0, "page_rating_votes": 0, "page_rating_visits": 0, "page_rating": 0, "tags": [], "comments": [], "vote": 0}, {"source": "https://lifehacker.com/rss", "title": "The Best Tech Gadgets for Working on the Go", "description": "From laptop sun shades to a smart notebook, everything you need to work from the plane, a cafe, or poolside.", "link": "https://lifehacker.com/the-best-tech-gadgets-for-working-on-the-go-1850674553", "date_published": "2024-01-02T20:00:00+00:00", "permanent": false, "bookmarked": false, "dead": false, "artist": "Lifehacker", "album": "Lifehacker", "user": null, "language": "en-US", "thumbnail": "https://lifehacker.com/imagery/articles/01HF2HCAY7QXRMXVNGQSJZ6PG9/hero-image.png", "age": null, "page_rating_contents": 0, "page_rating_votes": 0, "page_rating_visits": 0, "page_rating": 0, "tags": [], "comments": [], "vote": 0}, {"source": "https://lifehacker.com/rss", "title": "How to Figure Out Why Your Utility Bill Spiked", "description": "Without warning you get a huge water, electric, or gas bill\u2014or all three. You need to figure out why\u2014and fast.", "link": "https://lifehacker.com/money/why-is-my-utility-bill-higher", "date_published": "2024-01-02T19:30:43+00:00", "permanent": false, "bookmarked": false, "dead": false, "artist": "Lifehacker", "album": "Lifehacker", "user": null, "language": "en-US", "thumbnail": "https://lifehacker.com/imagery/articles/01HK5MZWM96Z10S1KXX06D4N6R/hero-image.png", "age": null, "page_rating_contents": 0, "page_rating_votes": 0, "page_rating_visits": 0, "page_rating": 0, "tags": [], "comments": [], "vote": 0}, {"source": "https://lifehacker.com/rss", "title": "How to Successfully Start College in the Middle of the Year", "description": "Starting school in the middle of the year is kind of tricky, but there are ways to get acclimated more quickly.", "link": "https://lifehacker.com/family/how-to-successfully-start-college-in-the-spring-semester", "date_published": "2024-01-02T19:00:15+00:00", "permanent": false, "bookmarked": false, "dead": false, "artist": "Lifehacker", "album": "Lifehacker", "user": null, "language": "en-US", "thumbnail": "https://lifehacker.com/imagery/articles/01HK5KRXZJZP24HQEP7TDXQ3WC/hero-image.png", "age": null, "page_rating_contents": 0, "page_rating_votes": 0, "page_rating_visits": 0, "page_rating": 0, "tags": [], "comments": [], "vote": 0}, {"source": "https://lifehacker.com/rss", "title": "Make This Financial Resolution Before 'Spend Less' or 'Save More'", "description": "If you want your financial resolutions to stick, real change requires self-reflection.", "link": "https://lifehacker.com/money/make-this-financial-resolution", "date_published": "2024-01-02T18:30:00+00:00", "permanent": false, "bookmarked": false, "dead": false, "artist": "Lifehacker", "album": "Lifehacker", "user": null, "language": "en-US", "thumbnail": "https://lifehacker.com/imagery/articles/01HK5M46768YH0PR19MRZAVD4F/hero-image.png", "age": null, "page_rating_contents": 0, "page_rating_votes": 0, "page_rating_visits": 0, "page_rating": 0, "tags": [], "comments": [], "vote": 0}, {"source": "https://lifehacker.com/rss", "title": "These Are the Most Exciting Seeds in Gardening Catalogs This Year", "description": "For gardeners, this is the most glorious time of the year: seed catalog delivery.", "link": "https://lifehacker.com/home/best-catalog-seeds-this-year", "date_published": "2024-01-02T18:00:00+00:00", "permanent": false, "bookmarked": false, "dead": false, "artist": "Lifehacker", "album": "Lifehacker", "user": null, "language": "en-US", "thumbnail": "https://lifehacker.com/imagery/articles/01HK5JYRB9BR47YCK9Q3J1KTND/hero-image.jpg", "age": null, "page_rating_contents": 0, "page_rating_votes": 0, "page_rating_visits": 0, "page_rating": 0, "tags": [], "comments": [], "vote": 0}, {"source": "https://lifehacker.com/rss", "title": "Ask Yourself These Questions Before Hiring a Financial Advisor", "description": "Do you have what it takes to confidently hire yourself?", "link": "https://lifehacker.com/money/ask-these-questions-before-hiring-a-financial-advisor", "date_published": "2024-01-02T17:30:30+00:00", "permanent": false, "bookmarked": false, "dead": false, "artist": "Lifehacker", "album": "Lifehacker", "user": null, "language": "en-US", "thumbnail": "https://lifehacker.com/imagery/articles/01HK5HCKWXXYCJD1EKADCPXS6J/hero-image.png", "age": null, "page_rating_contents": 0, "page_rating_votes": 0, "page_rating_visits": 0, "page_rating": 0, "tags": [], "comments": [], "vote": 0}, {"source": "https://lifehacker.com/rss", "title": "The Secret Ingredient That Will Make Your Hot Chocolate Ultra-Decadent", "description": "Your homemade hot cocoa recipe can rival even the creamiest drinking chocolate with this trick.", "link": "https://lifehacker.com/food-drink/thicken-hot-chocolate-with-cornstarch", "date_published": "2024-01-02T17:00:00+00:00", "permanent": false, "bookmarked": false, "dead": false, "artist": "Lifehacker", "album": "Lifehacker", "user": null, "language": "en-US", "thumbnail": "https://lifehacker.com/imagery/articles/01HK5HA16K9QYM3B4QDHPRQ9F2/hero-image.jpg", "age": null, "page_rating_contents": 0, "page_rating_votes": 0, "page_rating_visits": 0, "page_rating": 0, "tags": [], "comments": [], "vote": 0}, {"source": "https://lifehacker.com/rss", "title": "How (and When) to Paint an Appliance", "description": "You can freshen up your kitchen without shelling out for all new appliances: Here's how to paint them instead.", "link": "https://lifehacker.com/home/how-to-paint-appliances", "date_published": "2024-01-02T16:30:09+00:00", "permanent": false, "bookmarked": false, "dead": false, "artist": "Lifehacker", "album": "Lifehacker", "user": null, "language": "en-US", "thumbnail": "https://lifehacker.com/imagery/articles/01HK4GRWQJPEMWVHRTF7TBNQGC/hero-image.png", "age": null, "page_rating_contents": 0, "page_rating_votes": 0, "page_rating_visits": 0, "page_rating": 0, "tags": [], "comments": [], "vote": 0}, {"source": "https://lifehacker.com/rss", "title": "The Eight Gardening Tasks You Should Complete in January", "description": "Take this time for slower, more purposeful tasks.", "link": "https://lifehacker.com/home/january-gardening-tasks", "date_published": "2024-01-02T16:00:00+00:00", "permanent": false, "bookmarked": false, "dead": false, "artist": "Lifehacker", "album": "Lifehacker", "user": null, "language": "en-US", "thumbnail": "https://lifehacker.com/imagery/articles/01HK5ANEF8228PMP317FBWJTDG/hero-image.jpg", "age": null, "page_rating_contents": 0, "page_rating_votes": 0, "page_rating_visits": 0, "page_rating": 0, "tags": [], "comments": [], "vote": 0}, {"source": "https://lifehacker.com/rss", "title": "The Best Workouts for Your First Day Back After a Break", "description": "Try these options for machines, dumbbells, cardio machines, and good old-fashioned running.", "link": "https://lifehacker.com/the-best-workouts-for-your-first-day-back-after-a-break-1790629478", "date_published": "2024-01-02T15:30:00+00:00", "permanent": false, "bookmarked": false, "dead": false, "artist": "Lifehacker", "album": "Lifehacker", "user": null, "language": "en-US", "thumbnail": "https://lifehacker.com/imagery/articles/01HF2GWZBXVBR8V5TTBWXMCTWP/hero-image.png", "age": null, "page_rating_contents": 0, "page_rating_votes": 0, "page_rating_visits": 0, "page_rating": 0, "tags": [], "comments": [], "vote": 0}, {"source": "https://lifehacker.com/rss", "title": "Why You Should Mount Your Wifi Router on the Ceiling (and How to Do It)", "description": "It gets it out of the way and improves performance.", "link": "https://lifehacker.com/tech/how-to-mount-your-wifi-router-on-the-ceiling", "date_published": "2024-01-02T15:00:38+00:00", "permanent": false, "bookmarked": false, "dead": false, "artist": "Lifehacker", "album": "Lifehacker", "user": null, "language": "en-US", "thumbnail": "https://lifehacker.com/imagery/articles/01HK57DNZXSXRKP8N171NMV7MW/hero-image.png", "age": null, "page_rating_contents": 0, "page_rating_votes": 0, "page_rating_visits": 0, "page_rating": 0, "tags": [], "comments": [], "vote": 0}, {"source": "https://lifehacker.com/rss", "title": "The Petcube Cam 360 Isn't Worth the Monthly Subscription Cost", "description": "It's got great video quality and responsiveness, but its pet cam features are lacking (unless you pay up).", "link": "https://lifehacker.com/tech/petcube-cam-360-review", "date_published": "2024-01-02T14:30:00+00:00", "permanent": false, "bookmarked": false, "dead": false, "artist": "Lifehacker", "album": "Lifehacker", "user": null, "language": "en-US", "thumbnail": "https://lifehacker.com/imagery/articles/01HK54Y8P0XTG31AWKWRFVDNAJ/hero-image.png", "age": null, "page_rating_contents": 0, "page_rating_votes": 0, "page_rating_visits": 0, "page_rating": 0, "tags": [], "comments": [], "vote": 0}, {"source": "https://lifehacker.com/rss", "title": "You Can Use a USB Drive to Save and Transfer Games on Your PlayStation 5", "description": "If you're running out of storage space, an external drive can help.", "link": "https://lifehacker.com/tech/transfer-sony-playstation-games-to-usb-drive", "date_published": "2024-01-02T14:00:00+00:00", "permanent": false, "bookmarked": false, "dead": false, "artist": "Lifehacker", "album": "Lifehacker", "user": null, "language": "en-US", "thumbnail": "https://lifehacker.com/imagery/articles/01HK51YAJXXER3ABZEDTR1MGRC/hero-image.jpg", "age": null, "page_rating_contents": 0, "page_rating_votes": 0, "page_rating_visits": 0, "page_rating": 0, "tags": [], "comments": [], "vote": 0}, {"source": "https://lifehacker.com/rss", "title": "Use These AI Tools Before Your Next Home Renovation Project", "description": "AI can provide design inspiration\u2014and give you an idea of how much it'll all cost.", "link": "https://lifehacker.com/home/ai-home-renovation-project", "date_published": "2024-01-02T13:30:00+00:00", "permanent": false, "bookmarked": false, "dead": false, "artist": "Lifehacker", "album": "Lifehacker", "user": null, "language": "en-US", "thumbnail": "https://lifehacker.com/imagery/articles/01HK3V563P6P187ZQ3GFYPJQEN/hero-image.jpg", "age": null, "page_rating_contents": 0, "page_rating_votes": 0, "page_rating_visits": 0, "page_rating": 0, "tags": [], "comments": [], "vote": 0}, {"source": "https://lifehacker.com/rss", "title": "Today\u2019s Wordle Hints (and Answer) for Tuesday, January 2, 2024", "description": "Here are some hints to help you win Wordle #927.", "link": "https://lifehacker.com/entertainment/wordle-answer-today-january-2-2024", "date_published": "2024-01-02T02:30:00+00:00", "permanent": false, "bookmarked": false, "dead": false, "artist": "Lifehacker", "album": "Lifehacker", "user": null, "language": "en-US", "thumbnail": "https://lifehacker.com/imagery/articles/01HJPEH3DG0M3DNSMDRE1Y2GH0/hero-image.jpg", "age": null, "page_rating_contents": 0, "page_rating_votes": 0, "page_rating_visits": 0, "page_rating": 0, "tags": [], "comments": [], "vote": 0}, {"source": "https://lifehacker.com/rss", "title": "Today's NYT Connections Hints (and Answer) for Tuesday, January 2, 2024", "description": "Here are some hints to help you win NYT Connections #205.", "link": "https://lifehacker.com/entertainment/nyt-connections-answer-today-january-2-2024", "date_published": "2024-01-02T02:00:00+00:00", "permanent": false, "bookmarked": false, "dead": false, "artist": "Lifehacker", "album": "Lifehacker", "user": null, "language": "en-US", "thumbnail": "https://lifehacker.com/imagery/articles/01HJVNX97D11PHWCGGECMG0BEX/hero-image.jpg", "age": null, "page_rating_contents": 0, "page_rating_votes": 0, "page_rating_visits": 0, "page_rating": 0, "tags": [], "comments": [], "vote": 0}]