[{"source": "https://www.youtube.com/feeds/videos.xml?channel_id=UCDVb4m_5QHhZElT47E1oODg", "title": "It\u2019s About Time", "description": "Support my work on Subscribe Star: https://www.subscribestar.com/dave-cullen\nFollow me on Bitchute: https://www.bitchute.com/channel/hybM74uIHJKg/\n\nKEEP UP ON SOCIAL MEDIA:\nGab: https://gab.ai/DaveCullen\nSubscribe on Gab TV: https://tv.gab.com/channel/DaveCullen\nMinds.com: https://www.minds.com/davecullen\nSubscribe on Odysee: https://odysee.com/@TheDaveCullenShow:7", "link": "https://www.youtube.com/watch?v=GXrxrf5Js0E", "date_published": "2024-01-02T18:40:21+00:00", "permanent": false, "bookmarked": false, "dead": false, "artist": "The Dave Cullen Show", "album": "The Dave Cullen Show", "user": null, "language": "en-US", "thumbnail": "https://i4.ytimg.com/vi/GXrxrf5Js0E/hqdefault.jpg", "age": null, "page_rating_contents": 52, "page_rating_votes": 0, "page_rating_visits": 1, "page_rating": 52, "tags": [], "comments": [], "vote": 0}]