[{"source": "https://www.youtube.com/feeds/videos.xml?channel_id=UCOpcACMWblDls9Z6GERVi1A", "title": "Honest Trailers | Every Parody Song", "description": "We're STILL on a break, so here is the compilation of our Movie Parody Songs for you to enjoy!\n\nPlease subscribe to ScreenJunkies! \u25ba https://fandom.link/SJSubscribe\n\nHonest Trailers | Every Parody Song\nVoice Narration: Jon Bailey aka Epic Voice Guy\nTitle Design: Robert Holtby\nWritten by: Spencer Gilbert, Lon Harris\nProduced by: Spencer Gilbert\nEdited by: Kevin Williamsen\nPost-Production Manager: Emin Bassavand\nContent Manager: Miko\u0142aj Kossakowski\nPost-Production Specialist: Rebecca Castaneda\nDirector of Video Production: Max Dionne\n\n#honesttrailers #worstmovies #moviesong", "link": "https://www.youtube.com/watch?v=YB2pxJXN8M0", "date_published": "2024-01-02T18:00:22+00:00", "permanent": false, "bookmarked": false, "dead": false, "artist": "Screen Junkies", "album": "Screen Junkies", "user": null, "language": "en-US", "thumbnail": "https://i2.ytimg.com/vi/YB2pxJXN8M0/hqdefault.jpg", "age": null, "page_rating_contents": 0, "page_rating_votes": 0, "page_rating_visits": 0, "page_rating": 0, "tags": [], "comments": [], "vote": 0}]