[{"source": "https://seths.blog/feed", "title": "PW1: Two hats for productivity", "description": "Welcome to 2024. Back to work, here we go. So it&#8217;s Productivity Week on the blog. Productivity is the measure of the output (value) we get for the time or money we spend. Two hats for productivity: When I&#8217;m clearing my inbox, responding to comments in a doc, cooking lunch&#8211;these are chores. Chores are the [&#8230;]", "link": "https://seths.blog/2024/01/pw1-two-hats-for-productivity", "date_published": "2024-01-02T09:54:00+00:00", "permanent": false, "bookmarked": false, "dead": false, "artist": "Seth's Blog", "album": "Seth's Blog", "user": null, "language": "en-US", "thumbnail": null, "age": null, "page_rating_contents": 0, "page_rating_votes": 0, "page_rating_visits": 0, "page_rating": 0, "tags": [], "comments": [], "vote": 0}]