[{"source": "https://www.bleepingcomputer.com/feed/", "title": "Steam drops support for Windows 7 and 8.1 to boost security", "description": "Steam is no longer supported on Windows 7, Windows 8, and Windows 8.1 as of January 1, with the company recommending users upgrade to a newer operating system. [...]", "link": "https://www.bleepingcomputer.com/news/security/steam-drops-support-for-windows-7-and-81-to-boost-security", "date_published": "2024-01-02T20:39:55+00:00", "permanent": false, "bookmarked": false, "dead": false, "artist": "BleepingComputer", "album": "BleepingComputer", "user": null, "language": "en-US", "thumbnail": null, "age": null, "page_rating_contents": 0, "page_rating_votes": 0, "page_rating_visits": 0, "page_rating": 0, "tags": [], "comments": [], "vote": 0}, {"source": "https://www.bleepingcomputer.com/feed/", "title": "Orbit Chain loses $86 million in the last fintech hack of 2023", "description": "Orbit Chain has experienced a security breach that has resulted in a loss of $86 million in cryptocurrency, particularly Ether, Dai, Tether, and USD Coin. [...]", "link": "https://www.bleepingcomputer.com/news/security/orbit-chain-loses-86-million-in-the-last-fintech-hack-of-2023", "date_published": "2024-01-02T19:46:23+00:00", "permanent": false, "bookmarked": false, "dead": false, "artist": "BleepingComputer", "album": "BleepingComputer", "user": null, "language": "en-US", "thumbnail": null, "age": null, "page_rating_contents": 0, "page_rating_votes": 0, "page_rating_visits": 0, "page_rating": 0, "tags": [], "comments": [], "vote": 0}, {"source": "https://www.bleepingcomputer.com/feed/", "title": "Online museum collections down after cyberattack on service provider", "description": "Museum software solutions provider Gallery Systems has disclosed that its ongoing IT outages were caused by a ransomware attack last week. [...]", "link": "https://www.bleepingcomputer.com/news/security/online-museum-collections-down-after-cyberattack-on-service-provider", "date_published": "2024-01-02T19:01:37+00:00", "permanent": false, "bookmarked": false, "dead": false, "artist": "BleepingComputer", "album": "BleepingComputer", "user": null, "language": "en-US", "thumbnail": null, "age": null, "page_rating_contents": 0, "page_rating_votes": 0, "page_rating_visits": 0, "page_rating": 0, "tags": [], "comments": [], "vote": 0}, {"source": "https://www.bleepingcomputer.com/feed/", "title": "Xerox says subsidiary XBS U.S. breached after ransomware gang leaks data", "description": "The U.S. division of Xerox Business Solutions (XBS) has been compromised by hackers, and a limited amount of personal information might have been exposed, according to an announcement by the parent company, Xerox Corporation. [...]", "link": "https://www.bleepingcomputer.com/news/security/xerox-says-subsidiary-xbs-us-breached-after-ransomware-gang-leaks-data", "date_published": "2024-01-02T17:29:40+00:00", "permanent": false, "bookmarked": false, "dead": false, "artist": "BleepingComputer", "album": "BleepingComputer", "user": null, "language": "en-US", "thumbnail": null, "age": null, "page_rating_contents": 0, "page_rating_votes": 0, "page_rating_visits": 0, "page_rating": 0, "tags": [], "comments": [], "vote": 0}, {"source": "https://www.bleepingcomputer.com/feed/", "title": "Google Groups is ending support for Usenet to combat spam", "description": "Google has officially announced it's ceasing support for Usenet groups on its Google Groups platform, a move partly attributed to the platform's increasing struggle with spam content. [...]", "link": "https://www.bleepingcomputer.com/news/google/google-groups-is-ending-support-for-usenet-to-combat-spam", "date_published": "2024-01-02T17:03:21+00:00", "permanent": false, "bookmarked": false, "dead": false, "artist": "BleepingComputer", "album": "BleepingComputer", "user": null, "language": "en-US", "thumbnail": null, "age": null, "page_rating_contents": 0, "page_rating_votes": 0, "page_rating_visits": 0, "page_rating": 0, "tags": [], "comments": [], "vote": 0}, {"source": "https://www.bleepingcomputer.com/feed/", "title": "Victoria court recordings exposed in reported ransomware attack", "description": "Australia's Court Services Victoria (CSV) is warning that video recordings of court hearings were exposed after suffering a reported Qilin ransomware attack. [...]", "link": "https://www.bleepingcomputer.com/news/security/victoria-court-recordings-exposed-in-reported-ransomware-attack", "date_published": "2024-01-02T15:47:45+00:00", "permanent": false, "bookmarked": false, "dead": false, "artist": "BleepingComputer", "album": "BleepingComputer", "user": null, "language": "en-US", "thumbnail": null, "age": null, "page_rating_contents": 0, "page_rating_votes": 0, "page_rating_visits": 0, "page_rating": 0, "tags": [], "comments": [], "vote": 0}]