[{"source": "https://www.securityweek.com/feed", "title": "States and Congress Wrestle With Cybersecurity After Iran Attacks Small Town Water Utilities", "description": "<p>The hacking of a municipal water plant is prompting new warnings from U.S. security officials at a time when governments are wrestling with how to harden water utilities against cyberattacks.</p>\n<p>The post <a href=\"https://www.securityweek.com/states-and-congress-wrestle-with-cybersecurity-after-iran-attacks-small-town-water-utilities/\">States and Congress Wrestle With Cybersecurity After Iran Attacks Small Town Water Utilities</a> appeared first on <a href=\"https://www.securityweek.com\">SecurityWeek</a>.</p>", "link": "https://www.securityweek.com/states-and-congress-wrestle-with-cybersecurity-after-iran-attacks-small-town-water-utilities", "date_published": "2024-01-02T21:20:02+00:00", "permanent": false, "bookmarked": false, "dead": false, "artist": "SecurityWeek", "album": "SecurityWeek", "user": null, "language": "en-US", "thumbnail": "https://www.securityweek.com/wp-content/uploads/2023/01/cropped-SecurityWeek-Icon-32x32.jpeg", "age": null, "page_rating_contents": 0, "page_rating_votes": 0, "page_rating_visits": 0, "page_rating": 0, "tags": [], "comments": [], "vote": 0}, {"source": "https://www.securityweek.com/feed", "title": "Are Security Appliances fit for Purpose in a Decentralized Workplace?", "description": "<p>Security appliances are amongst the most riskiest enterprise devices and are a often method for threat actors to infiltrate a business. </p>\n<p>The post <a href=\"https://www.securityweek.com/are-security-appliances-fit-for-purpose-in-a-decentralized-workplace/\">Are Security Appliances fit for Purpose in a Decentralized Workplace?</a> appeared first on <a href=\"https://www.securityweek.com\">SecurityWeek</a>.</p>", "link": "https://www.securityweek.com/are-security-appliances-fit-for-purpose-in-a-decentralized-workplace", "date_published": "2024-01-02T17:22:00+00:00", "permanent": false, "bookmarked": false, "dead": false, "artist": "SecurityWeek", "album": "SecurityWeek", "user": null, "language": "en-US", "thumbnail": "https://www.securityweek.com/wp-content/uploads/2023/01/cropped-SecurityWeek-Icon-32x32.jpeg", "age": null, "page_rating_contents": 0, "page_rating_votes": 0, "page_rating_visits": 0, "page_rating": 0, "tags": [], "comments": [], "vote": 0}, {"source": "https://www.securityweek.com/feed", "title": "Free Decryptor Released for Black Basta Ransomware", "description": "<p>A vulnerability in Black Basta ransomware\u2019s encryption algorithm allows researchers to create a free decryptor.</p>\n<p>The post <a href=\"https://www.securityweek.com/free-decryptor-released-for-black-basta-ransomware/\">Free Decryptor Released for Black Basta Ransomware</a> appeared first on <a href=\"https://www.securityweek.com\">SecurityWeek</a>.</p>", "link": "https://www.securityweek.com/free-decryptor-released-for-black-basta-ransomware", "date_published": "2024-01-02T15:41:22+00:00", "permanent": false, "bookmarked": false, "dead": false, "artist": "SecurityWeek", "album": "SecurityWeek", "user": null, "language": "en-US", "thumbnail": "https://www.securityweek.com/wp-content/uploads/2023/01/cropped-SecurityWeek-Icon-32x32.jpeg", "age": null, "page_rating_contents": 0, "page_rating_votes": 0, "page_rating_visits": 0, "page_rating": 0, "tags": [], "comments": [], "vote": 0}, {"source": "https://www.securityweek.com/feed", "title": "New DLL Search Order Hijacking Technique Targets WinSxS folder", "description": "<p>Attackers can abuse a new DLL search order hijacking technique to execute code in applications within the WinSxS folder.</p>\n<p>The post <a href=\"https://www.securityweek.com/new-dll-search-order-hijacking-technique-targets-winsxs-folder/\">New DLL Search Order Hijacking Technique Targets WinSxS folder</a> appeared first on <a href=\"https://www.securityweek.com\">SecurityWeek</a>.</p>", "link": "https://www.securityweek.com/new-dll-search-order-hijacking-technique-targets-winsxs-folder", "date_published": "2024-01-02T14:58:22+00:00", "permanent": false, "bookmarked": false, "dead": false, "artist": "SecurityWeek", "album": "SecurityWeek", "user": null, "language": "en-US", "thumbnail": "https://www.securityweek.com/wp-content/uploads/2023/01/cropped-SecurityWeek-Icon-32x32.jpeg", "age": null, "page_rating_contents": 0, "page_rating_votes": 0, "page_rating_visits": 0, "page_rating": 0, "tags": [], "comments": [], "vote": 0}]