[{"source": "https://tvn24.pl/wiadomosci-z-kraju,3.xml", "title": "Atak w Bejrucie. W\u015br\u00f3d ofiar jeden z lider\u00f3w Hamasu i dwaj jego dow\u00f3dcy", "description": "<img alt=\"Atak w Bejrucie. W\u015br\u00f3d ofiar jeden z lider\u00f3w Hamasu i dwaj jego dow\u00f3dcy\" src=\"https://tvn24.pl/najnowsze/cdn-zdjecie-7tq4ya-libanscy-zolnierze-stoja-na-szczycie-pojazdu-opancerzonego-w-miejscu-eksplozji-w-poludniowej-dzielnicy-bejrutu-2-stycznia-7683895/alternates/LANDSCAPE_1280\" />\n    Izraelski dron uderzy\u0142 w budynek Hamasu na po\u0142udniowych przedmie\u015bciach stolicy Libanu, Bejrutu, zabijaj\u0105c sze\u015b\u0107 os\u00f3b - poinformowa\u0142 Reuters. W\u015br\u00f3d zabitych jest jeden z lider\u00f3w Hamasu Saleh al-Arouri oraz dw\u00f3ch dow\u00f3dc\u00f3w jego zbrojnego skrzyd\u0142a - brygad Al-Kassam - przekaza\u0142a agencja w oparciu o informacje hamasowskiej telewizji Al Aqsa. Hezbollah o\u015bwiadczy\u0142, \u017ce w odpowiedzi wystrzeli\u0142 rakiety, kt\u00f3rych celem jest grupa izraelskich \u017co\u0142nierzy. - Rzecznik izraelskiej armii Daniel Hagari poinformowa\u0142 o podwy\u017cszonej gotowo\u015bci wojskowych.", "link": "https://tvn24.pl/swiat/bejrut-liban-eksplozja-w-bejrucie-izraelski-dron-uderzyl-w-budynek-hamasu-wsrod-ofiar-jeden-z-liderow-hamasu-7683625?source=rss", "date_published": "2024-01-02T21:33:52+00:00", "permanent": false, "bookmarked": false, "dead": false, "artist": "TVN24 Z kraju", "album": "TVN24 Z kraju", "user": null, "language": "pl-PL", "thumbnail": null, "age": null, "page_rating_contents": 0, "page_rating_votes": 0, "page_rating_visits": 0, "page_rating": 0, "tags": [], "comments": [], "vote": 0}, {"source": "https://tvn24.pl/wiadomosci-z-kraju,3.xml", "title": "Chcia\u0142 unikn\u0105\u0107 kolizji, wjecha\u0142 w latarni\u0119, ta przewr\u00f3ci\u0142a si\u0119 i zniszczy\u0142a inne auto", "description": "<img alt=\"Chcia\u0142 unikn\u0105\u0107 kolizji, wjecha\u0142 w latarni\u0119, ta przewr\u00f3ci\u0142a si\u0119 i zniszczy\u0142a inne auto \" src=\"https://tvn24.pl/tvnwarszawa/najnowsze/cdn-zdjecie-1y5den-zderzenie-na-jagiellonskiej-7683823/alternates/LANDSCAPE_1280\" />\n    Wieczorem na warszawskiej Pradze dosz\u0142o do nietypowej kolizji. W jej wyniku uszkodzone s\u0105 dwa auta i latarnia.", "link": "https://tvn24.pl/tvnwarszawa/ulice/warszawa-kolizja-na-jagiellonskiej-przewrocona-latarnia-st7683808?source=rss", "date_published": "2024-01-02T20:57:44+00:00", "permanent": false, "bookmarked": false, "dead": false, "artist": "TVN24 Z kraju", "album": "TVN24 Z kraju", "user": null, "language": "pl-PL", "thumbnail": null, "age": null, "page_rating_contents": 0, "page_rating_votes": 0, "page_rating_visits": 0, "page_rating": 0, "tags": [], "comments": [], "vote": 0}, {"source": "https://tvn24.pl/wiadomosci-z-kraju,3.xml", "title": "\"Wy\u015bcig z czasem\" po kataklizmach. \"Dost\u0119p do p\u00f3\u0142nocnej cz\u0119\u015bci p\u00f3\u0142wyspu jest niezwykle trudny\"", "description": "<img alt=\"\" src=\"https://fakty.tvn24.pl/najnowsze/cdn-zdjecie-di3xnm-maj-7683888/alternates/LANDSCAPE_1280\" />\n    \u015arodkow\u0105 Japoni\u0119 nawiedzi\u0142o w poniedzia\u0142ek silne trz\u0119sienie ziemi. Mia\u0142o magnitud\u0119 7,6. Zgin\u0119\u0142o co najmniej 57 os\u00f3b. Zniszczone zosta\u0142y drogi, domy i linie energetyczne. W akcji ratunkowej bior\u0105 udzia\u0142 tysi\u0105ce os\u00f3b. Ich g\u0142\u00f3wnym zadaniem jest dotarcie do ludzi, kt\u00f3rych \u017cywio\u0142 odci\u0105\u0142 od \u015bwiata. Dodatkowo wstrz\u0105sy wywo\u0142a\u0142y te\u017c fale tsunami, kt\u00f3re zagra\u017ca\u0142y te\u017c Korei Po\u0142udniowej, Korei P\u00f3\u0142nocnej, a nawet Rosji.", "link": "https://fakty.tvn24.pl/fakty-o-swiecie/japonia-wyscig-z-czasem-po-kataklizmach-dostep-do-polnocnej-czesci-polwyspu-jest-niezwykle-trudny-st7683882?source=rss", "date_published": "2024-01-02T20:50:19+00:00", "permanent": false, "bookmarked": false, "dead": false, "artist": "TVN24 Z kraju", "album": "TVN24 Z kraju", "user": null, "language": "pl-PL", "thumbnail": null, "age": null, "page_rating_contents": 0, "page_rating_votes": 0, "page_rating_visits": 0, "page_rating": 0, "tags": [], "comments": [], "vote": 0}, {"source": "https://tvn24.pl/wiadomosci-z-kraju,3.xml", "title": "Przekroczone normy jako\u015bci powietrza. Sprawd\u017a, gdzie jest smog", "description": "<img alt=\"Przekroczone normy jako\u015bci powietrza. Sprawd\u017a, gdzie jest smog\" src=\"https://tvn24.pl/najnowsze/cdn-zdjecie-xv9bjn-smog-zima-6729601/alternates/LANDSCAPE_1280\" />\n    W \u015brodowy wiecz\u00f3r w niekt\u00f3rych cz\u0119\u015bciach Polski pogorszy\u0142a si\u0119 jako\u015b\u0107 powietrza. Sprawd\u017a sytuacj\u0119 w swojej okolicy.", "link": "https://tvn24.pl/tvnmeteo/smog/smog-w-polsce-sroda-0301-sprawdz-jakosc-powietrza-w-swoim-miescie-st7683887?source=rss", "date_published": "2024-01-02T20:47:23+00:00", "permanent": false, "bookmarked": false, "dead": false, "artist": "TVN24 Z kraju", "album": "TVN24 Z kraju", "user": null, "language": "pl-PL", "thumbnail": null, "age": null, "page_rating_contents": 0, "page_rating_votes": 0, "page_rating_visits": 0, "page_rating": 0, "tags": [], "comments": [], "vote": 0}, {"source": "https://tvn24.pl/wiadomosci-z-kraju,3.xml", "title": "Wyniki Eurojackpot z\u00a002 grudnia 2023. Jakie liczby pad\u0142y podczas ostatniego losowania?", "description": "<img alt=\"Wyniki Eurojackpot z\u00a002 grudnia 2023. Jakie liczby pad\u0142y podczas ostatniego losowania?\" src=\"https://tvn24.pl/najnowsze/cdn-zdjecie-m1rom0-eurojackpot-s-shutterstock_743570785-4780960/alternates/LANDSCAPE_1280\" />\n    We wtorkowym losowaniu Eurojackpot nie pad\u0142a g\u0142\u00f3wna wygrana. W Polsce odnotowano nagrod\u0119 drugiego stopnia w wysoko\u015bci 4\u00a0451\u00a0674,50\u00a0z\u0142otych. Podobnie jak w Niemczech, gdzie pad\u0142y kolejne dwie takie wygrane. Do najbli\u017cszym losowaniu b\u0119dzie mo\u017cna wygra\u0107 pi\u0119\u0107set milion\u00f3w z\u0142otych.", "link": "https://tvn24.pl/biznes/z-kraju/eurojackpot-wyniki-z-dnia02012024-liczby-z-ostatniego-losowania-duza-wygrana-w-polsce-st7683817?source=rss", "date_published": "2024-01-02T20:31:47+00:00", "permanent": false, "bookmarked": false, "dead": false, "artist": "TVN24 Z kraju", "album": "TVN24 Z kraju", "user": null, "language": "pl-PL", "thumbnail": null, "age": null, "page_rating_contents": 0, "page_rating_votes": 0, "page_rating_visits": 0, "page_rating": 0, "tags": [], "comments": [], "vote": 0}, {"source": "https://tvn24.pl/wiadomosci-z-kraju,3.xml", "title": "Op\u0142aty za jednorazowe opakowania ju\u017c\u00a0obowi\u0105zuj\u0105. \"Plastik jest zab\u00f3jc\u0105 dla otaczaj\u0105cego nas \u015bwiata\"", "description": "<img alt=\"Op\u0142aty za jednorazowe opakowania ju\u017c\u00a0obowi\u0105zuj\u0105. \" src=\"https://fakty.tvn24.pl/najnowsze/cdn-zdjecie-97uoma-zielinska-7683821/alternates/LANDSCAPE_1280\" />\n    Od 1 stycznia w \u017cycie wesz\u0142y przepisy, zgodnie z kt\u00f3rymi do jednorazowych opakowa\u0144 plastiku doliczana b\u0119dzie dodatkowa op\u0142ata. Maj\u0105 one zwi\u0105zek z unijnym prawem. Wed\u0142ug ekspert\u00f3w nowe przepisy mog\u0105 wp\u0142yn\u0105\u0107 na zachowania konsument\u00f3w i zredukowanie liczby \u015bmieci.", "link": "https://fakty.tvn24.pl/zobacz-fakty/oplaty-za-jednorazowe-opakowania-juzobowiazuja-plastik-jest-zabojca-dla-otaczajacego-nas-swiata-st7683820?source=rss", "date_published": "2024-01-02T20:22:44+00:00", "permanent": false, "bookmarked": false, "dead": false, "artist": "TVN24 Z kraju", "album": "TVN24 Z kraju", "user": null, "language": "pl-PL", "thumbnail": null, "age": null, "page_rating_contents": 0, "page_rating_votes": 0, "page_rating_visits": 0, "page_rating": 0, "tags": [], "comments": [], "vote": 0}, {"source": "https://tvn24.pl/wiadomosci-z-kraju,3.xml", "title": "Wiceszef MON: zak\u0142adamy r\u00f3wnie\u017c to, \u017ce Rosjanie po prostu testuj\u0105 nasz\u0105 czujno\u015b\u0107", "description": "<img alt=\"Wiceszef MON: zak\u0142adamy r\u00f3wnie\u017c to, \u017ce Rosjanie po prostu testuj\u0105 nasz\u0105 czujno\u015b\u0107\" src=\"https://tvn24.pl/najnowsze/cdn-zdjecie-3zdbxt-02-1930-fpf-cl-0003-7683770/alternates/LANDSCAPE_1280\" />\n    Wiceminister obrony narodowej Pawe\u0142 Bejda w \"Faktach po Faktach\" powiedzia\u0142, \u017ce najprawdopodobniej rosyjska rakieta wlecia\u0142a na teren Polski w ubieg\u0142ym tygodniu przez b\u0142\u0105d, ale niewykluczone jest, \u017ce Rosjanie \"testuj\u0105, czy nasze procedury dzia\u0142aj\u0105 i czy w odpowiednim momencie jest reakcja ze strony Polski\". - Jest to te\u017c okazja, \u017ceby pokaza\u0107 Zachodowi, \u017ceby ludzie nie przyzwyczajali si\u0119 do tej wojny - stwierdzi\u0142 Bejda, odnosz\u0105c si\u0119 do dzia\u0142a\u0144 wojennych w Ukrainie.", "link": "https://tvn24.pl/polska/rosyjska-rakieta-na-terytorium-polski-wiceminister-obrony-narodowej-pawel-bejda-komentuje-7683767?source=rss", "date_published": "2024-01-02T19:59:57+00:00", "permanent": false, "bookmarked": false, "dead": false, "artist": "TVN24 Z kraju", "album": "TVN24 Z kraju", "user": null, "language": "pl-PL", "thumbnail": null, "age": null, "page_rating_contents": 0, "page_rating_votes": 0, "page_rating_visits": 0, "page_rating": 0, "tags": [], "comments": [], "vote": 0}, {"source": "https://tvn24.pl/wiadomosci-z-kraju,3.xml", "title": "Tej nocy Ziemia znajdzie si\u0119 najbli\u017cej S\u0142o\u0144ca", "description": "<img alt=\"Tej nocy Ziemia znajdzie si\u0119 najbli\u017cej S\u0142o\u0144ca\" src=\"https://tvn24.pl/najnowsze/cdn-zdjecie-hl91xv-ziemia-slonce-7683639/alternates/LANDSCAPE_1280\" />\n    W nocy z wtorku na \u015brod\u0119 Ziemia przejdzie przez punkt nazywany peryhelium. Oznacza to, \u017ce znajdzie si\u0119 mo\u017cliwie najbli\u017cej naszej dziennej gwiazdy. Od S\u0142o\u0144ca b\u0119dzie dzieli\u0142 nas dystans 147,1 milion\u00f3w kilometr\u00f3w.", "link": "https://tvn24.pl/tvnmeteo/ciekawostki/w-srode-ziemia-znajdzie-sie-najblizej-slonca-peryhelium-w-2024-kiedy-wypada-co-to-za-zjawisko-st7683636?source=rss", "date_published": "2024-01-02T19:22:01+00:00", "permanent": false, "bookmarked": false, "dead": false, "artist": "TVN24 Z kraju", "album": "TVN24 Z kraju", "user": null, "language": "pl-PL", "thumbnail": null, "age": null, "page_rating_contents": 0, "page_rating_votes": 0, "page_rating_visits": 0, "page_rating": 0, "tags": [], "comments": [], "vote": 0}, {"source": "https://tvn24.pl/wiadomosci-z-kraju,3.xml", "title": "Nowy rok na polskich drogach. Drogowcy ujawniaj\u0105 plany", "description": "<img alt=\"Nowy rok na polskich drogach. Drogowcy ujawniaj\u0105 plany\" src=\"https://tvn24.pl/najnowsze/cdn-zdjecie-lvc52j-droga-budowa-5519861/alternates/LANDSCAPE_1280\" />\n    Blisko 215 km wyniesie \u0142\u0105czna d\u0142ugo\u015b\u0107 odcink\u00f3w dr\u00f3g, na jakie w 2024 roku zostan\u0105 og\u0142oszone przetargi - informuje Generalna Dyrekcja Dr\u00f3g Krajowych i Autostrad (GDDKiA). Post\u0119powania obejm\u0105 mi\u0119dzy innymi budow\u0119 przed\u0142u\u017cenia autostrady A2, og\u0142oszonych zostanie tak\u017ce kilkana\u015bcie przetarg\u00f3w na budow\u0119 obwodnic.", "link": "https://tvn24.pl/biznes/moto/drogi-w-polsce-rok-2024-lista-planowanych-przetargow-gddkia-st7683731?source=rss", "date_published": "2024-01-02T19:10:08+00:00", "permanent": false, "bookmarked": false, "dead": false, "artist": "TVN24 Z kraju", "album": "TVN24 Z kraju", "user": null, "language": "pl-PL", "thumbnail": null, "age": null, "page_rating_contents": 0, "page_rating_votes": 0, "page_rating_visits": 0, "page_rating": 0, "tags": [], "comments": [], "vote": 0}, {"source": "https://tvn24.pl/wiadomosci-z-kraju,3.xml", "title": "Pogoda na jutro - \u015broda 03.01. Opady w cz\u0119\u015bci kraju b\u0119d\u0105 obfite", "description": "<img alt=\"Pogoda na jutro - \u015broda 03.01. Opady w cz\u0119\u015bci kraju b\u0119d\u0105 obfite\" src=\"https://tvn24.pl/tvnmeteo/najnowsze/cdn-zdjecie-vwdyfd-snieg-wiatr-zawieje-zamiecie-6806411/alternates/LANDSCAPE_1280\" />\n    W \u015brod\u0119 na przewa\u017caj\u0105cym terenie Polski b\u0119d\u0105 wyst\u0119powa\u0107 opady deszczu, ale w cz\u0119\u015bci kraju spadnie du\u017co \u015bniegu. Czeka nas bardzo du\u017ca r\u00f3\u017cnica temperatury mi\u0119dzy najch\u0142odniejszym a najcieplejszym miejscem.", "link": "https://tvn24.pl/tvnmeteo/prognoza/pogoda-na-jutro-sroda-0301-opady-w-czesci-kraju-beda-obfite-st7683765?source=rss", "date_published": "2024-01-02T18:52:00+00:00", "permanent": false, "bookmarked": false, "dead": false, "artist": "TVN24 Z kraju", "album": "TVN24 Z kraju", "user": null, "language": "pl-PL", "thumbnail": null, "age": null, "page_rating_contents": 0, "page_rating_votes": 0, "page_rating_visits": 0, "page_rating": 0, "tags": [], "comments": [], "vote": 0}, {"source": "https://tvn24.pl/wiadomosci-z-kraju,3.xml", "title": "\"Trudno przeceni\u0107, jak wa\u017cny to moment dla projektowania nowoczesnych samolot\u00f3w\"", "description": "<img alt=\"\" src=\"https://tvn24.pl/najnowsze/cdn-zdjecie-uq6gtd-airbus-a350-w-ogniu-na-lotnisku-haneda-7683651/alternates/LANDSCAPE_1280\" />\n    Nowoczesne samoloty pasa\u017cerskie s\u0105 zaprojektowane tak, by w razie ewentualnego wypadku zapewnia\u0142y wysok\u0105 prze\u017cywalno\u015b\u0107 pasa\u017cer\u00f3w na pok\u0142adzie. Tak by\u0142o w trakcie wtorkowej katastrofy na japo\u0144skim lotnisku Haneda, gdzie dwie maszyny zderzy\u0142y si\u0119 i stan\u0119\u0142y w p\u0142omieniach. Szczeg\u00f3lne znaczenie mia\u0142y tu ognioodporne materia\u0142y, z kt\u00f3rych zbudowany by\u0142 model Airbusa.", "link": "https://tvn24.pl/swiat/japonia-pozar-samolotu-na-lotnisku-w-tokio-pierwszy-powazny-wypadek-airbusa-a350-7683370?source=rss", "date_published": "2024-01-02T18:11:56+00:00", "permanent": false, "bookmarked": false, "dead": false, "artist": "TVN24 Z kraju", "album": "TVN24 Z kraju", "user": null, "language": "pl-PL", "thumbnail": null, "age": null, "page_rating_contents": 0, "page_rating_votes": 0, "page_rating_visits": 0, "page_rating": 0, "tags": [], "comments": [], "vote": 0}, {"source": "https://tvn24.pl/wiadomosci-z-kraju,3.xml", "title": "Tragiczny wypadek na torach. Op\u00f3\u017anione i odwo\u0142ane poci\u0105gi", "description": "<img alt=\"Tragiczny wypadek na torach. Op\u00f3\u017anione i odwo\u0142ane poci\u0105gi\" src=\"https://tvn24.pl/tvnwarszawa/najnowsze/cdn-zdjecie-mao2yy-tragiczny-wypadek-na-torach-7683684/alternates/LANDSCAPE_1280\" />\n    Wypadek w okolicy stacji Legionowo. Poci\u0105g Kolei Mazowieckich \u015bmiertelnie potr\u0105ci\u0142 pieszego. Na miejscu pracuj\u0105 s\u0142u\u017cby. S\u0105 op\u00f3\u017anienia w rozk\u0142adach.", "link": "https://tvn24.pl/tvnwarszawa/najnowsze/legionowo-wypadek-na-torach-pociag-potracil-czlowieka-st7683670?source=rss", "date_published": "2024-01-02T18:05:11+00:00", "permanent": false, "bookmarked": false, "dead": false, "artist": "TVN24 Z kraju", "album": "TVN24 Z kraju", "user": null, "language": "pl-PL", "thumbnail": null, "age": null, "page_rating_contents": 0, "page_rating_votes": 0, "page_rating_visits": 0, "page_rating": 0, "tags": [], "comments": [], "vote": 0}, {"source": "https://tvn24.pl/wiadomosci-z-kraju,3.xml", "title": "Wielka kumulacja w loterii rozbita", "description": "<img alt=\"Wielka kumulacja w loterii rozbita\" src=\"https://tvn24.pl/najnowsze/cdn-zdjecie-43vwke-shutterstock_1935859393-7683640/alternates/LANDSCAPE_1280\" />\n    Los loterii Powerball kupiony w ameryka\u0144skim stanie Michigan przyni\u00f3s\u0142 w poniedzia\u0142ek szcz\u0119\u015bliwemu nabywcy g\u0142\u00f3wn\u0105 wygran\u0105 wynosz\u0105c\u0105 842,5 miliona dolar\u00f3w (oko\u0142o 3,3 miliarda z\u0142otych).", "link": "https://tvn24.pl/biznes/ze-swiata/powerball-wyniki-duza-wygrana-w-amerykanskiej-loterii-st7683626?source=rss", "date_published": "2024-01-02T17:24:42+00:00", "permanent": false, "bookmarked": false, "dead": false, "artist": "TVN24 Z kraju", "album": "TVN24 Z kraju", "user": null, "language": "pl-PL", "thumbnail": null, "age": null, "page_rating_contents": 0, "page_rating_votes": 0, "page_rating_visits": 0, "page_rating": 0, "tags": [], "comments": [], "vote": 0}, {"source": "https://tvn24.pl/wiadomosci-z-kraju,3.xml", "title": "Sylwester i Nowy Rok na drogach Mazowsza. 18 wypadk\u00f3w, 87 pijanych kierowc\u00f3w", "description": "<img alt=\"Sylwester i Nowy Rok na drogach Mazowsza. 18 wypadk\u00f3w, 87 pijanych kierowc\u00f3w\" src=\"https://tvn24.pl/tvnwarszawa/najnowsze/cdn-zdjecie-sztwpv-wypadek-na-obwodnicy-mszczonowa-7664028/alternates/LANDSCAPE_1280\" />\n    Komenda Sto\u0142eczna Policji oraz Komenda Wojew\u00f3dzka Policji w Radomiu podsumowa\u0142y Sylwestra i Nowy Rok na drogach. W 18 wypadkach zgin\u0119\u0142y dwie osoby, a 21 zosta\u0142o rannych. Zatrzymano te\u017c 87 nietrze\u017awych kierowc\u00f3w.", "link": "https://tvn24.pl/tvnwarszawa/najnowsze/mazowieckie-sylwester-i-nowy-rok-na-drogach-dane-st7683567?source=rss", "date_published": "2024-01-02T17:16:11+00:00", "permanent": false, "bookmarked": false, "dead": false, "artist": "TVN24 Z kraju", "album": "TVN24 Z kraju", "user": null, "language": "pl-PL", "thumbnail": null, "age": null, "page_rating_contents": 0, "page_rating_votes": 0, "page_rating_visits": 0, "page_rating": 0, "tags": [], "comments": [], "vote": 0}, {"source": "https://tvn24.pl/wiadomosci-z-kraju,3.xml", "title": "Otworzy\u0142 ogie\u0144 do funkcjonariuszy. Podejrzany o w\u0142amanie do budynku S\u0105du Najwy\u017cszego stanu Kolorado w r\u0119kach policji", "description": "<img alt=\"Otworzy\u0142 ogie\u0144 do funkcjonariuszy. Podejrzany o w\u0142amanie do budynku S\u0105du Najwy\u017cszego stanu Kolorado w r\u0119kach policji\" src=\"https://tvn24.pl/najnowsze/cdn-zdjecie-p5woae-sad-najwyzszy-stanu-kolorado-7683630/alternates/LANDSCAPE_1280\" />\n    W budynku S\u0105du Najwy\u017cszego stanu Kolorado aresztowano podejrzanego, kt\u00f3ry otworzy\u0142 ogie\u0144 do funkcjonariuszy policji.\u00a0S\u0105d ten w grudniu orzek\u0142, \u017ce Donald Trump nie b\u0119dzie m\u00f3g\u0142 znale\u017a\u0107 si\u0119 na kartach wyborczych w tym stanie. W\u0142adze nie potwierdzi\u0142y dot\u0105d zwi\u0105zku mi\u0119dzy wydarzeniami.", "link": "https://tvn24.pl/swiat/usa-podejrzany-o-wlamanie-do-budynku-sadu-najwyzszego-stanu-kolorado-zatrzymany-7683631?source=rss", "date_published": "2024-01-02T17:08:02+00:00", "permanent": false, "bookmarked": false, "dead": false, "artist": "TVN24 Z kraju", "album": "TVN24 Z kraju", "user": null, "language": "pl-PL", "thumbnail": null, "age": null, "page_rating_contents": 0, "page_rating_votes": 0, "page_rating_visits": 0, "page_rating": 0, "tags": [], "comments": [], "vote": 0}, {"source": "https://tvn24.pl/wiadomosci-z-kraju,3.xml", "title": "Ods\u0142oni\u0119te okna, zgaszone \u015bwiat\u0142a. Eksperci o tym, co i w jaki spos\u00f3b ratuje \u017cycie pasa\u017cer\u00f3w samolotu", "description": "<img alt=\"Ods\u0142oni\u0119te okna, zgaszone \u015bwiat\u0142a. Eksperci o tym, co i w jaki spos\u00f3b ratuje \u017cycie pasa\u017cer\u00f3w samolotu\" src=\"https://tvn24.pl/najnowsze/cdn-zdjecie-3sgi1l-samolot-pasazerski-linii-lotniczych-japan-airlines-stanal-w-plomieniach-7683316/alternates/LANDSCAPE_1280\" />\n    Sprawna ewakuacja sprawi\u0142a, \u017ce niemal 400 os\u00f3b podr\u00f3\u017cuj\u0105cych samolotem Japan Airlines - czyli wszyscy pasa\u017cerowie i cz\u0142onkowie za\u0142ogi - prze\u017cyli po\u017car, kt\u00f3ry wybuch\u0142 podczas l\u0105dowania maszyny. Eksperci analizuj\u0105 dla nas nagrania z ewakuacji p\u0142on\u0105cego samolotu i wskazuj\u0105 na wymogi bezpiecze\u0144stwa, z istnienia kt\u00f3rych cz\u0119sto nie zdajemy sobie sprawy. Co zatem mo\u017ce uratowa\u0107 nam \u017cycie?", "link": "https://tvn24.pl/swiat/japonia-pozar-samolotu-w-tokio-eksperci-o-ewakuacji-pasazerow-7683159?source=rss", "date_published": "2024-01-02T14:56:55+00:00", "permanent": false, "bookmarked": false, "dead": false, "artist": "TVN24 Z kraju", "album": "TVN24 Z kraju", "user": null, "language": "pl-PL", "thumbnail": null, "age": null, "page_rating_contents": 0, "page_rating_votes": 0, "page_rating_visits": 0, "page_rating": 0, "tags": [], "comments": [], "vote": 0}, {"source": "https://tvn24.pl/wiadomosci-z-kraju,3.xml", "title": "Zderzenie kilku aut na S8. Korek. Jedna osoba trafi\u0142a do szpitala", "description": "<img alt=\"Zderzenie kilku aut na S8. Korek. Jedna osoba trafi\u0142a do szpitala\" src=\"https://tvn24.pl/tvnwarszawa/najnowsze/cdn-zdjecie-8rl42d-zderzenie-czterech-aut-na-s8-7683472/alternates/LANDSCAPE_1280\" />\n    Samochody zderzy\u0142y si\u0119 na jezdni w kierunku Marek. Jak informuje policja, jedna osoba zosta\u0142a zabrana do szpitala. Kierowcy utkn\u0119li w kilkukilometrowym zatorze.", "link": "https://tvn24.pl/tvnwarszawa/ulice/warszawa-zderzenie-aut-na-s8-korek-st7683399?source=rss", "date_published": "2024-01-02T14:15:06+00:00", "permanent": false, "bookmarked": false, "dead": false, "artist": "TVN24 Z kraju", "album": "TVN24 Z kraju", "user": null, "language": "pl-PL", "thumbnail": null, "age": null, "page_rating_contents": 0, "page_rating_votes": 0, "page_rating_visits": 0, "page_rating": 0, "tags": [], "comments": [], "vote": 0}, {"source": "https://tvn24.pl/wiadomosci-z-kraju,3.xml", "title": "Wyprzedzi\u0142 i pojecha\u0142 pod pr\u0105d, omijaj\u0105c dwie wysepki. Nagranie", "description": "<img alt=\"Wyprzedzi\u0142 i pojecha\u0142 pod pr\u0105d, omijaj\u0105c dwie wysepki. Nagranie\" src=\"https://tvn24.pl/najnowsze/cdn-zdjecie-yfab9l-niebezpieczne-zachowanie-kierowcy-w-koszalinie-7683247/alternates/LANDSCAPE_1280\" />\n    Niebezpieczne zachowanie na jednej z ulic w Koszalinie (woj. zachodniopomorskie). Na nagraniu, kt\u00f3re otrzymali\u015bmy na Kontakt 24 wida\u0107, jak kierowca samochodu osobowego wyprzedza inny pojazd z lewej strony, omijaj\u0105c dwie wysepki.", "link": "https://tvn24.pl/szczecin/koszalin-wyprzedzil-i-pojechal-pod-prad-omijajac-dwie-wysepki-nagranie-7683362?source=rss", "date_published": "2024-01-02T14:08:02+00:00", "permanent": false, "bookmarked": false, "dead": false, "artist": "TVN24 Z kraju", "album": "TVN24 Z kraju", "user": null, "language": "pl-PL", "thumbnail": null, "age": null, "page_rating_contents": 0, "page_rating_votes": 0, "page_rating_visits": 0, "page_rating": 0, "tags": [], "comments": [], "vote": 0}, {"source": "https://tvn24.pl/wiadomosci-z-kraju,3.xml", "title": "Kompletnie pijany wsiad\u0142 za k\u00f3\u0142ko. Staranowa\u0142 ogrodzenie i wjecha\u0142 w dom. Wi\u00f3z\u0142 pijan\u0105 17-latk\u0119", "description": "<img alt=\"Kompletnie pijany wsiad\u0142 za k\u00f3\u0142ko. Staranowa\u0142 ogrodzenie i wjecha\u0142 w dom. Wi\u00f3z\u0142 pijan\u0105 17-latk\u0119\" src=\"https://tvn24.pl/najnowsze/cdn-zdjecie-tv17pd-pijany-kierowca-wjechal-w-dom-7683272/alternates/LANDSCAPE_1280\" />\n    Oko\u0142o 2,5 promila alkoholu w organizmie mia\u0142 25-latek, kt\u00f3ry w Kro\u015bnie (woj. podkarpackie) jad\u0105c osobowym audi wypad\u0142 z drogi, staranowa\u0142 ogrodzenie i wjecha\u0142 w dom. Jad\u0105ca z nim 17-latka wydmucha\u0142a prawie dwa promile. Oboje trafili do aresztu.", "link": "https://tvn24.pl/najnowsze/krosno-25-latek-wypadl-z-drogi-staranowal-ogrodzenie-i-wjechal-w-dom-wydmuchal-okolo-25-promila-alkoholu-7683258?source=rss", "date_published": "2024-01-02T14:04:46+00:00", "permanent": false, "bookmarked": false, "dead": false, "artist": "TVN24 Z kraju", "album": "TVN24 Z kraju", "user": null, "language": "pl-PL", "thumbnail": null, "age": null, "page_rating_contents": 0, "page_rating_votes": 0, "page_rating_visits": 0, "page_rating": 0, "tags": [], "comments": [], "vote": 0}, {"source": "https://tvn24.pl/wiadomosci-z-kraju,3.xml", "title": "W poci\u0105gu pojawi\u0142 si\u0119 dym. Ewakuowa\u0142o si\u0119 80 pasa\u017cer\u00f3w", "description": "<img alt=\"W poci\u0105gu pojawi\u0142 si\u0119 dym. Ewakuowa\u0142o si\u0119 80 pasa\u017cer\u00f3w\" src=\"https://tvn24.pl/najnowsze/cdn-zdjecie-7a3dsm-stacja-kolejowa-w-pruszczu-gdanskim-7683375/alternates/LANDSCAPE_1280\" />\n    Do awarii poci\u0105gu na stacji kolejowej w Pruszczu Gda\u0144skim dosz\u0142o we wtorek w samo po\u0142udnie. Oko\u0142o 80 pasa\u017cer\u00f3w ewakuowa\u0142o si\u0119 przed przybyciem stra\u017cy po\u017carnej. Nikt nie zosta\u0142 poszkodowany.", "link": "https://tvn24.pl/trojmiasto/pruszcz-gdanski-w-pociagu-pojawil-sie-dym-ewakuowalo-sie-80-pasazerow-7683289?source=rss", "date_published": "2024-01-02T13:55:08+00:00", "permanent": false, "bookmarked": false, "dead": false, "artist": "TVN24 Z kraju", "album": "TVN24 Z kraju", "user": null, "language": "pl-PL", "thumbnail": null, "age": null, "page_rating_contents": 0, "page_rating_votes": 0, "page_rating_visits": 0, "page_rating": 0, "tags": [], "comments": [], "vote": 0}, {"source": "https://tvn24.pl/wiadomosci-z-kraju,3.xml", "title": "To pierwsi obro\u0144cy polskiego nieba, cho\u0107 rozkazy... mog\u0105 przyj\u015b\u0107 z Niemiec", "description": "<img alt=\"To pierwsi obro\u0144cy polskiego nieba, cho\u0107 rozkazy... mog\u0105 przyj\u015b\u0107 z Niemiec\" src=\"https://tvn24.pl/najnowsze/cdn-zdjecie-s7fjmi-shutterstock_2353323615-7683299/alternates/LANDSCAPE_1280\" />\n    We wtorek rano, w reakcji na du\u017c\u0105 aktywno\u015b\u0107 rosyjskiego lotnictwa, poderwane zosta\u0142y w Polsce cztery my\u015bliwce F-16. To tak zwane pary dy\u017curne - gotowe do natychmiastowego startu o ka\u017cdej porze dnia i nocy. Jak dzia\u0142aj\u0105 takie pary? Ile my\u015bliwc\u00f3w jest w Polsce w sta\u0142ej gotowo\u015bci? I sk\u0105d na polskim niebie pojawi\u0142y si\u0119 maszyny ameryka\u0144skie?", "link": "https://tvn24.pl/polska/mysliwce-f-16-poderwane-pary-dyzurne-w-polsce-ile-ich-mamy-jak-dzialaja-czy-polskiego-nieba-strzega-tez-sojusznicy-7683064?source=rss", "date_published": "2024-01-02T13:52:48+00:00", "permanent": false, "bookmarked": false, "dead": false, "artist": "TVN24 Z kraju", "album": "TVN24 Z kraju", "user": null, "language": "pl-PL", "thumbnail": null, "age": null, "page_rating_contents": 0, "page_rating_votes": 0, "page_rating_visits": 0, "page_rating": 0, "tags": [], "comments": [], "vote": 0}, {"source": "https://tvn24.pl/wiadomosci-z-kraju,3.xml", "title": "\"1500 nielegalnych imigrant\u00f3w przyb\u0119dzie do Katowic\"? To nieprawda", "description": "<img alt=\"\" src=\"https://tvn24.pl/najnowsze/cdn-zdjecie-koweui-1500-nielegalnych-imigrantow-przybedzie-do-katowic-fake-news-7683196/alternates/LANDSCAPE_1280\" />\n    Setki tysi\u0119cy wy\u015bwietle\u0144 w polskich mediach spo\u0142eczno\u015bciowych osi\u0105gaj\u0105 posty z informacj\u0105, jakoby w najbli\u017cszych dniach do Katowic mia\u0142a dotrze\u0107 \"pierwsza transza 1500 nielegalnych imigrant\u00f3w z obowi\u0105zkowej solidarno\u015bci podpisanej w tajemnicy przez Tuska\". To fa\u0142szywy przekaz, a ca\u0142a akcja wygl\u0105da na skoordynowan\u0105. Urz\u0119dy miejski i wojew\u00f3dzki w Katowicach zaprzeczaj\u0105 tym doniesieniom.", "link": "https://konkret24.tvn24.pl/polska/relokacja-migrantow-1500-nielegalnych-imigrantow-przybedzie-do-katowic-to-nieprawda-st7682776?source=rss", "date_published": "2024-01-02T13:49:05+00:00", "permanent": false, "bookmarked": false, "dead": false, "artist": "TVN24 Z kraju", "album": "TVN24 Z kraju", "user": null, "language": "pl-PL", "thumbnail": null, "age": null, "page_rating_contents": 0, "page_rating_votes": 0, "page_rating_visits": 0, "page_rating": 0, "tags": [], "comments": [], "vote": 0}, {"source": "https://tvn24.pl/wiadomosci-z-kraju,3.xml", "title": "Autokar na boku. Jecha\u0142o nim 21 pasa\u017cer\u00f3w", "description": "<img alt=\"Autokar na boku. Jecha\u0142o nim 21 pasa\u017cer\u00f3w\u00a0\" src=\"https://tvn24.pl/tvnwarszawa/najnowsze/cdn-zdjecie-dk5tp6-zderzenie-w-jablonnie-7683352/alternates/LANDSCAPE_1280\" />\n    Do powa\u017cnie wygl\u0105daj\u0105cej kraksy dosz\u0142o we wtorek w Jab\u0142onnie pod Warszawie. Autokar wioz\u0105cy ponad 20 os\u00f3b zjecha\u0142 do rowu. Prawdopodobnie \u017caden z pasa\u017cer\u00f3w nie odni\u00f3s\u0142 powa\u017cniejszych obra\u017ce\u0144.", "link": "https://tvn24.pl/tvnwarszawa/ulice/jablonna-autokar-na-boku-w-rowie-zderzenie-z-autem-osobowym-st7683333?source=rss", "date_published": "2024-01-02T13:48:49+00:00", "permanent": false, "bookmarked": false, "dead": false, "artist": "TVN24 Z kraju", "album": "TVN24 Z kraju", "user": null, "language": "pl-PL", "thumbnail": null, "age": null, "page_rating_contents": 0, "page_rating_votes": 0, "page_rating_visits": 0, "page_rating": 0, "tags": [], "comments": [], "vote": 0}, {"source": "https://tvn24.pl/wiadomosci-z-kraju,3.xml", "title": "\"Dzisiaj ca\u0142a Dania p\u0142acze\". Du\u0144czycy w szoku po decyzji Ma\u0142gorzaty II o abdykacji", "description": "<img alt=\"\" src=\"https://tvn24.pl/najnowsze/cdn-zdjecie-8jxexq-krolowa-malgorzata-ii-7663573/alternates/LANDSCAPE_1280\" />\n    Du\u0144czycy bardzo emocjonalnie potraktowali wiadomo\u015b\u0107 o niespodziewanej abdykacji kr\u00f3lowej Ma\u0142gorzaty II. Wielu z nich przyznaje, \u017ce by\u0142 to dla nich \"prawdziwy szok\". - By\u0142a tu odk\u0105d by\u0142am ma\u0142a. Dzisiaj ca\u0142a Dania p\u0142acze - m\u00f3wi jedna z obywatelek, cytowana przez brytyjskiego \"Guardiana\".", "link": "https://tvn24.pl/swiat/dania-abdykacja-malgorzaty-ii-dunczycy-w-szoku-po-decyzji-krolowej-7683152?source=rss", "date_published": "2024-01-02T13:44:49+00:00", "permanent": false, "bookmarked": false, "dead": false, "artist": "TVN24 Z kraju", "album": "TVN24 Z kraju", "user": null, "language": "pl-PL", "thumbnail": null, "age": null, "page_rating_contents": 0, "page_rating_votes": 0, "page_rating_visits": 0, "page_rating": 0, "tags": [], "comments": [], "vote": 0}, {"source": "https://tvn24.pl/wiadomosci-z-kraju,3.xml", "title": "Mia\u0142 biega\u0107 z no\u017cem i atakowa\u0107 przechodni\u00f3w. Us\u0142ysza\u0142 zarzuty", "description": "<img alt=\"Mia\u0142 biega\u0107 z no\u017cem i atakowa\u0107 przechodni\u00f3w. Us\u0142ysza\u0142 zarzuty\" src=\"https://tvn24.pl/najnowsze/cdn-zdjecie-5as8a7-mezczyzna-zaatakowal-dwie-osoby-i-uszkodzil-piec-aut-7663297/alternates/LANDSCAPE_1280\" />\n    30-latek, kt\u00f3ry w Legnicy (woj. dolno\u015bl\u0105skie) mia\u0142 zaatakowa\u0107 no\u017cem przypadkowego m\u0119\u017cczyzn\u0119 i kobiet\u0119, us\u0142ysza\u0142 cztery zarzuty, w tym usi\u0142owania zab\u00f3jstwa. Dzisiaj s\u0105d zdecyduje, czy trafi do aresztu.", "link": "https://tvn24.pl/wroclaw/legnica-zarzuty-dla-30-latka-mial-biegac-z-nozem-i-atakowac-przechodniow-7683151?source=rss", "date_published": "2024-01-02T13:41:57+00:00", "permanent": false, "bookmarked": false, "dead": false, "artist": "TVN24 Z kraju", "album": "TVN24 Z kraju", "user": null, "language": "pl-PL", "thumbnail": null, "age": null, "page_rating_contents": 0, "page_rating_votes": 0, "page_rating_visits": 0, "page_rating": 0, "tags": [], "comments": [], "vote": 0}, {"source": "https://tvn24.pl/wiadomosci-z-kraju,3.xml", "title": "Powik\u0142ania po COVID-19 \"przypominaj\u0105 pole bitwy\". WO\u015aP pomo\u017ce tym, kt\u00f3rzy \"t\u0119 walk\u0119 jeszcze tocz\u0105\"", "description": "<img alt=\"Powik\u0142ania po COVID-19 \" src=\"https://tvn24.pl/najnowsze/cdn-zdjecie-7yls5u-gosc-0006-7682558/alternates/LANDSCAPE_1280\" />\n    Ciesz\u0119 si\u0119, \u017ce Fundacja Wielkiej Orkiestry \u015awi\u0105tecznej Pomocy jest tak wra\u017cliwa i na ten rok wybra\u0142a temat p\u0142uc po pandemii, \u017ceby pom\u00f3c tym, kt\u00f3rzy t\u0119 walk\u0119 jeszcze tocz\u0105 - powiedzia\u0142 w programie \"Wstajesz i wiesz\" w TVN24 pulmonolog dr Tomasz Karauda. Podkre\u015bli\u0142, \u017ce w wielu przypadkach powik\u0142ania po COVID-19 \"przypominaj\u0105 pole bitwy\".", "link": "https://tvn24.pl/wosp-2024/wosp-2024-dr-tomasz-karauda-o-powiklaniach-po-covid-19-i-potrzebach-polskiej-pulmonologii-7682601?source=rss", "date_published": "2024-01-02T13:13:41+00:00", "permanent": false, "bookmarked": false, "dead": false, "artist": "TVN24 Z kraju", "album": "TVN24 Z kraju", "user": null, "language": "pl-PL", "thumbnail": null, "age": null, "page_rating_contents": 0, "page_rating_votes": 0, "page_rating_visits": 0, "page_rating": 0, "tags": [], "comments": [], "vote": 0}, {"source": "https://tvn24.pl/wiadomosci-z-kraju,3.xml", "title": "Pijana 36-latka uderzy\u0142a autem w sygnalizator. Za kierownic\u0105 zast\u0105pi\u0142 j\u0105 r\u00f3wnie pijany m\u0105\u017c", "description": "<img alt=\"Pijana 36-latka uderzy\u0142a autem w sygnalizator. Za kierownic\u0105 zast\u0105pi\u0142 j\u0105 r\u00f3wnie pijany m\u0105\u017c\" src=\"https://tvn24.pl/najnowsze/cdn-zdjecie-fael3-policja-zatrzymala-pijanych-kierowcow-6725912/alternates/LANDSCAPE_1280\" />\n    Pijane ma\u0142\u017ce\u0144stwo 36-latk\u00f3w z Koszalina w sylwestrow\u0105 noc zosta\u0142o zatrzymane przez policj\u0119 po interwencji przypadkowego \u015bwiadka. Widzia\u0142, jak kieruj\u0105ca renault z du\u017c\u0105 si\u0142\u0105 uderzy\u0142a w sygnalizator \u015bwietlny przy przej\u015bciu dla pieszych. Nast\u0119pnie za kierownic\u0105 zast\u0105pi\u0142 j\u0105 m\u0105\u017c. Obojgu gro\u017c\u0105 teraz powa\u017cne konsekwencje.", "link": "https://tvn24.pl/szczecin/koszalin-pijana-kierujaca-uderzyla-w-sygnalizator-swietlny-za-kierownica-zastapil-ja-bardziej-pijany-maz-7683091?source=rss", "date_published": "2024-01-02T12:39:26+00:00", "permanent": false, "bookmarked": false, "dead": false, "artist": "TVN24 Z kraju", "album": "TVN24 Z kraju", "user": null, "language": "pl-PL", "thumbnail": null, "age": null, "page_rating_contents": 0, "page_rating_votes": 0, "page_rating_visits": 0, "page_rating": 0, "tags": [], "comments": [], "vote": 0}, {"source": "https://tvn24.pl/wiadomosci-z-kraju,3.xml", "title": "Koniec zni\u017cek na autostradzie. Zarz\u0105dca wyja\u015bnia", "description": "<img alt=\"Koniec zni\u017cek na autostradzie. Zarz\u0105dca wyja\u015bnia\" src=\"https://tvn24.pl/biznes/najnowsze/cdn-zdjecie437c3ebd681c63549410a52f81a5d5d2-stalexport-podwyzsza-ceny-za-przejazd-autostrada-a4-katowice-krakow-4799382/alternates/LANDSCAPE_1280\" />\n    Ju\u017c za kilka dni zarz\u0105dca p\u0142atnej autostrady A4 Katowice-Krak\u00f3w zniesie zni\u017ck\u0119 za przejazd z wykorzystaniem p\u0142atno\u015bci automatycznych. W zwi\u0105zku z tym cena na ka\u017cdej bramce dla kierowc\u00f3w samochod\u00f3w osobowych wyniesie 15 z\u0142otych (ze zni\u017ck\u0105 jest 13 z\u0142otych).", "link": "https://tvn24.pl/biznes/moto/autostrada-a4-zmiany-w-stawkach-od-16-stycznia-2024-roku-st7683174?source=rss", "date_published": "2024-01-02T12:32:01+00:00", "permanent": false, "bookmarked": false, "dead": false, "artist": "TVN24 Z kraju", "album": "TVN24 Z kraju", "user": null, "language": "pl-PL", "thumbnail": null, "age": null, "page_rating_contents": 0, "page_rating_votes": 0, "page_rating_visits": 0, "page_rating": 0, "tags": [], "comments": [], "vote": 0}, {"source": "https://tvn24.pl/wiadomosci-z-kraju,3.xml", "title": "Ksi\u0119\u017cyc \"nadziewany\" wulkanami. Nowe zdj\u0119cia Io", "description": "<img alt=\"Ksi\u0119\u017cyc \" src=\"https://tvn24.pl/tvnmeteo/najnowsze/cdn-zdjecie-w7vswt-io-w-obiektywie-sondy-juno-7683126/alternates/LANDSCAPE_1280\" />\n    NASA zaprezentowa\u0142a nowe zdj\u0119cia Io, wulkanicznego ksi\u0119\u017cyca Jowisza. Pod koniec 2023 roku sonda Juno zbli\u017cy\u0142a si\u0119 do powierzchni cia\u0142a niebieskiego na odleg\u0142o\u015b\u0107 zaledwie 1500 kilometr\u00f3w. Zdj\u0119cia pozwalaj\u0105 zajrze\u0107 r\u00f3wnie\u017c na \"ciemn\u0105 stron\u0119\" obiektu.", "link": "https://tvn24.pl/tvnmeteo/nauka/nasa-misja-juno-ksiezyc-nadziewany-wulkanami-nowe-zdjecia-io-ksiezyca-jowisza-st7683082?source=rss", "date_published": "2024-01-02T12:29:38+00:00", "permanent": false, "bookmarked": false, "dead": false, "artist": "TVN24 Z kraju", "album": "TVN24 Z kraju", "user": null, "language": "pl-PL", "thumbnail": null, "age": null, "page_rating_contents": 0, "page_rating_votes": 0, "page_rating_visits": 0, "page_rating": 0, "tags": [], "comments": [], "vote": 0}, {"source": "https://tvn24.pl/wiadomosci-z-kraju,3.xml", "title": "\"Operacja Kret\". Turecka policja zatrzyma\u0142a kilkadziesi\u0105t os\u00f3b podejrzanych o szpiegowanie dla Mosadu", "description": "<img alt=\"\" src=\"https://tvn24.pl/najnowsze/cdn-zdjecie-fhfwll-turkey-0016-7683133/alternates/LANDSCAPE_1280\" />\n    Turecka policja zatrzyma\u0142a ponad 30 os\u00f3b, podejrzanych o dzia\u0142ania szpiegowskie prowadzone na zlecenie izraelskiego Mosadu - poinformowa\u0142a we wtorek agencja Reutera, powo\u0142uj\u0105c si\u0119 na ministra spraw wewn\u0119trznych Turcji.", "link": "https://tvn24.pl/swiat/turcja-policja-zatrzymala-kilkadziesiat-osob-podejrzanych-o-szpiegowanie-dla-izraelskiego-mosadu-7683076?source=rss", "date_published": "2024-01-02T12:29:04+00:00", "permanent": false, "bookmarked": false, "dead": false, "artist": "TVN24 Z kraju", "album": "TVN24 Z kraju", "user": null, "language": "pl-PL", "thumbnail": null, "age": null, "page_rating_contents": 0, "page_rating_votes": 0, "page_rating_visits": 0, "page_rating": 0, "tags": [], "comments": [], "vote": 0}, {"source": "https://tvn24.pl/wiadomosci-z-kraju,3.xml", "title": "Napadli ich na ulicy i okradli. W\u015br\u00f3d zatrzymanych 13-latka", "description": "<img alt=\"Napadli ich na ulicy i okradli. W\u015br\u00f3d zatrzymanych 13-latka\" src=\"https://tvn24.pl/najnowsze/cdn-zdjecie-1qwvwv-19-latek-uslyszal-zarzut-rozboju-7683016/alternates/LANDSCAPE_1280\" />\n    Policja wesz\u0142a do mieszkania 19-latka, kt\u00f3ry mia\u0142 ze swoj\u0105 13-letni\u0105 kole\u017cank\u0105 napa\u015b\u0107 i pobi\u0107 na jednej z ulic w Lublinie 43-latka i jego 39-letni\u0105 znajom\u0105. Zacz\u0119\u0142o si\u0119 od pro\u015bby o papierosa. 19-latek trafi\u0142 do aresztu. 13-latka stanie przed s\u0105dem dla nieletnich.", "link": "https://tvn24.pl/lublin/lublin-napadli-ich-i-pobili-na-ulicy-wsrod-zatrzymanych-13-latka-7683080?source=rss", "date_published": "2024-01-02T12:24:22+00:00", "permanent": false, "bookmarked": false, "dead": false, "artist": "TVN24 Z kraju", "album": "TVN24 Z kraju", "user": null, "language": "pl-PL", "thumbnail": null, "age": null, "page_rating_contents": 0, "page_rating_votes": 0, "page_rating_visits": 0, "page_rating": 0, "tags": [], "comments": [], "vote": 0}, {"source": "https://tvn24.pl/wiadomosci-z-kraju,3.xml", "title": "Po\u017car w domu jednorodzinnym. Nie \u017cyje m\u0119\u017cczyzna, dwie osoby zdo\u0142a\u0142y si\u0119 ewakuowa\u0107", "description": "<img alt=\"Po\u017car w domu jednorodzinnym. Nie \u017cyje m\u0119\u017cczyzna, dwie osoby zdo\u0142a\u0142y si\u0119 ewakuowa\u0107\" src=\"https://tvn24.pl/najnowsze/cdn-zdjecie-yrbbm0-zycia-mezczyzny-nie-udalo-sie-uratowac-7683104/alternates/LANDSCAPE_1280\" />\n    Jedna osoba zgin\u0119\u0142a w po\u017carze domu w Stalowej Woli (woj. podkarpackie). Dw\u00f3ch m\u0119\u017cczyzn ewakuowa\u0142o si\u0119 z budynku przed przyjazdem stra\u017cy po\u017carnej, nic im si\u0119 nie sta\u0142o. Przyczyny wybuchu ognia nie s\u0105 na razie znane.", "link": "https://tvn24.pl/rzeszow/stalowa-wola-pozar-w-domu-jednorodzinnym-nie-zyje-mezczyzna-7683096?source=rss", "date_published": "2024-01-02T12:17:03+00:00", "permanent": false, "bookmarked": false, "dead": false, "artist": "TVN24 Z kraju", "album": "TVN24 Z kraju", "user": null, "language": "pl-PL", "thumbnail": null, "age": null, "page_rating_contents": 0, "page_rating_votes": 0, "page_rating_visits": 0, "page_rating": 0, "tags": [], "comments": [], "vote": 0}, {"source": "https://tvn24.pl/wiadomosci-z-kraju,3.xml", "title": "\u201eZabili\u015bcie kozio\u0142ka, tego, kt\u00f3ry mia\u0142 i\u015b\u0107 na wolno\u015b\u0107\u201d. Zwierz\u0119 nie prze\u017cy\u0142o sylwestra", "description": "<img alt=\"\u201eZabili\u015bcie kozio\u0142ka, tego, kt\u00f3ry mia\u0142 i\u015b\u0107 na wolno\u015b\u0107\u201d. Zwierz\u0119 nie prze\u017cy\u0142o sylwestra\" src=\"https://tvn24.pl/najnowsze/cdn-zdjecie-5ruqt3-zwierzeta-z-fundacji-osrodek-leczenia-i-rehabilitacji-dzikich-zwierzat-puchaczowka-7682898/alternates/LANDSCAPE_1280\" />\n    Z konsekwencjami sylwestrowych fajerwerk\u00f3w mierz\u0105 si\u0119 w\u0142a\u015bciciele Fundacji Puchacz\u00f3wka w miejscowo\u015bci Wyszonowice (woj. dolno\u015bl\u0105skie). Z powodu huku wystrza\u0142\u00f3w w schronisku pad\u0142y zwierz\u0119ta: kozio\u0142ek i dwa ptaki.", "link": "https://tvn24.pl/wroclaw/wyszonowice-zwierzeta-nie-przezyly-sylwestera-zabiliscie-koziolka-tego-ktory-mial-isc-na-wolnosc-7682726?source=rss", "date_published": "2024-01-02T11:41:44+00:00", "permanent": false, "bookmarked": false, "dead": false, "artist": "TVN24 Z kraju", "album": "TVN24 Z kraju", "user": null, "language": "pl-PL", "thumbnail": null, "age": null, "page_rating_contents": 0, "page_rating_votes": 0, "page_rating_visits": 0, "page_rating": 0, "tags": [], "comments": [], "vote": 0}, {"source": "https://tvn24.pl/wiadomosci-z-kraju,3.xml", "title": "Zmar\u0142 Aleksander Herzog, opozycjonista i prokurator w stanie spoczynku", "description": "<img alt=\"Zmar\u0142 Aleksander Herzog, opozycjonista i prokurator w stanie spoczynku \" src=\"https://tvn24.pl/najnowsze/cdn-zdjecie-d4aum7-pap_20170119_1pd-7682963/alternates/LANDSCAPE_1280\" />\n    Aleksander Herzog, prokurator Prokuratury Krajowej w stanie spoczynku, w latach 80. wydalony z pracy za dzia\u0142alno\u015b\u0107 opozycyjn\u0105, zmar\u0142 w wieku 72 lat - poinformowa\u0142o Stowarzyszenie Prokurator\u00f3w Lex Super Omnia.", "link": "https://tvn24.pl/polska/aleksander-herzog-opozycjonista-i-prokurator-w-stanie-spoczynku-nie-zyje-7682937?source=rss", "date_published": "2024-01-02T11:35:45+00:00", "permanent": false, "bookmarked": false, "dead": false, "artist": "TVN24 Z kraju", "album": "TVN24 Z kraju", "user": null, "language": "pl-PL", "thumbnail": null, "age": null, "page_rating_contents": 0, "page_rating_votes": 0, "page_rating_visits": 0, "page_rating": 0, "tags": [], "comments": [], "vote": 0}, {"source": "https://tvn24.pl/wiadomosci-z-kraju,3.xml", "title": "Zima powr\u00f3ci\u0142a do cz\u0119\u015bci Polski. Miejscami le\u017cy ponad 10 cm \u015bniegu", "description": "<img alt=\"Zima powr\u00f3ci\u0142a do cz\u0119\u015bci Polski. Miejscami le\u017cy ponad 10 cm \u015bniegu\" src=\"https://tvn24.pl/tvnmeteo/najnowsze/cdn-zdjecie-nm5kcm-zimowa-aura-w-bialymstoku-7682910/alternates/LANDSCAPE_1280\" />\n    Zimowo zrobi\u0142o si\u0119 we wtorek w cz\u0119\u015bci Polski. Na Podlasiu, Warmii i Mazurach oraz Lubelszczy\u017anie o poranku zanotowano \u015bnie\u017cn\u0105 pokryw\u0119 o grubo\u015bci si\u0119gaj\u0105cej nawet 11 centymetr\u00f3w. W Bia\u0142ymstoku zapanowa\u0142a prawdziwie zimowa aura, chocia\u017c mieszka\u0144cy narzekali na konieczno\u015b\u0107 od\u015bnie\u017cania aut.", "link": "https://tvn24.pl/tvnmeteo/polska/snieg-w-bialymstoku-zima-powrocila-na-wschod-polski-st7682838?source=rss", "date_published": "2024-01-02T11:25:11+00:00", "permanent": false, "bookmarked": false, "dead": false, "artist": "TVN24 Z kraju", "album": "TVN24 Z kraju", "user": null, "language": "pl-PL", "thumbnail": null, "age": null, "page_rating_contents": 0, "page_rating_votes": 0, "page_rating_visits": 0, "page_rating": 0, "tags": [], "comments": [], "vote": 0}, {"source": "https://tvn24.pl/wiadomosci-z-kraju,3.xml", "title": "85-latka przechodzi\u0142a w niedozwolonym miejscu przez tory. Potr\u0105ci\u0142 j\u0105 poci\u0105g", "description": "<img alt=\"85-latka przechodzi\u0142a w niedozwolonym miejscu przez tory. Potr\u0105ci\u0142 j\u0105 poci\u0105g\" src=\"https://tvn24.pl/najnowsze/cdn-zdjecie-88g3cj-pociag-smiertelnie-potracila-70-letnie-kobiete-7682859/alternates/LANDSCAPE_1280\" />\n    W Mys\u0142akowie (woj. \u0142\u00f3dzkie) poci\u0105g osobowy \u015bmiertelnie potr\u0105ci\u0142 starsz\u0105 kobiet\u0119. 85-latka przechodzi\u0142a w niedozwolonym miejscu przez tory. Zgin\u0119\u0142a na miejscu w wyniku odniesionych obra\u017ce\u0144. Policja pod nadzorem prokuratora wyja\u015bnia szczeg\u00f3\u0142owe okoliczno\u015bci wypadku.", "link": "https://tvn24.pl/lodz/myslakow-85-latka-przechodzila-w-niedozwolonym-miejscu-przez-tory-smiertelnie-potracil-ja-pociag-7682857?source=rss", "date_published": "2024-01-02T11:22:24+00:00", "permanent": false, "bookmarked": false, "dead": false, "artist": "TVN24 Z kraju", "album": "TVN24 Z kraju", "user": null, "language": "pl-PL", "thumbnail": null, "age": null, "page_rating_contents": 0, "page_rating_votes": 0, "page_rating_visits": 0, "page_rating": 0, "tags": [], "comments": [], "vote": 0}, {"source": "https://tvn24.pl/wiadomosci-z-kraju,3.xml", "title": "Zderzenie trzech aut, sprawca ukarany wysokim mandatem", "description": "<img alt=\"Zderzenie trzech aut, sprawca ukarany wysokim mandatem \" src=\"https://tvn24.pl/tvnwarszawa/najnowsze/cdn-zdjecie-j1b6x2-zderzyly-sie-trzy-auta-7682985/alternates/LANDSCAPE_1280\" />\n    Na skrzy\u017cowaniu ulic \u017bwirki i Wigury z 1 Sierpnia dosz\u0142o we wtorek przed po\u0142udniem do kolizji trzech aut. Policja poda\u0142a, \u017ce nie ma os\u00f3b poszkodowanych. Jeden z kierowc\u00f3w zosta\u0142 ukarany mandatem.", "link": "https://tvn24.pl/tvnwarszawa/ulice/warszawa-zderzenie-trzech-aut-sprawca-ukarany-mandatem-st7682982?source=rss", "date_published": "2024-01-02T11:06:56+00:00", "permanent": false, "bookmarked": false, "dead": false, "artist": "TVN24 Z kraju", "album": "TVN24 Z kraju", "user": null, "language": "pl-PL", "thumbnail": null, "age": null, "page_rating_contents": 0, "page_rating_votes": 0, "page_rating_visits": 0, "page_rating": 0, "tags": [], "comments": [], "vote": 0}, {"source": "https://tvn24.pl/wiadomosci-z-kraju,3.xml", "title": "\"Opu\u015bci\u0142em szyb\u0119 i otrzyma\u0142em pot\u0119\u017cny cios prosto w \u0142uk brwiowy\". Miejski radny ofiar\u0105 drogowej agresji", "description": "<img alt=\"\" src=\"https://tvn24.pl/najnowsze/cdn-zdjecie-n802lw-miejski-radny-pobity-przez-rowerzyste-7682878/alternates/LANDSCAPE_1280\" />\n    Radny Warszawy Piotr \u017bbikowski (KO) zosta\u0142 zaatakowany kilka dni temu w rejonie ronda \"Rados\u0142awa\". Jak relacjonuje samorz\u0105dowiec, podczas wjazdu autem na parking centrum handlowego najecha\u0142 na niego rowerzysta. To on mia\u0142 uderzy\u0107 radnego i odjecha\u0107. Spraw\u0105 zajmuje si\u0119 policja.", "link": "https://tvn24.pl/tvnwarszawa/srodmiescie/warszawa-miejski-radny-pobity-przez-rowerzyste-st7682805?source=rss", "date_published": "2024-01-02T11:04:14+00:00", "permanent": false, "bookmarked": false, "dead": false, "artist": "TVN24 Z kraju", "album": "TVN24 Z kraju", "user": null, "language": "pl-PL", "thumbnail": null, "age": null, "page_rating_contents": 0, "page_rating_votes": 0, "page_rating_visits": 0, "page_rating": 0, "tags": [], "comments": [], "vote": 0}, {"source": "https://tvn24.pl/wiadomosci-z-kraju,3.xml", "title": "Tak wygl\u0105da\u0142 praprzodek cz\u0142owieka. Lucy \u017cy\u0142a 3,2 miliona lat temu", "description": "<img alt=\"Tak wygl\u0105da\u0142 praprzodek cz\u0142owieka. Lucy \u017cy\u0142a 3,2 miliona lat temu\" src=\"https://tvn24.pl/najnowsze/cdn-zdjecie-k4lutf-rekonstrukcja-praczlowieka-lucy-w-centrum-edukacji-przyrodniczej-uj-7682698/alternates/LANDSCAPE_1280\" />\n    Mierzy\u0142a 110 centymetr\u00f3w wzrostu, wa\u017cy\u0142a 28 kilogram\u00f3w i mia\u0142a m\u00f3zg o pojemno\u015bci zbli\u017conej do wsp\u00f3\u0142czesnego szympansa. Na wystawie w Centrum Edukacji Przyrodniczej Uniwersytetu Jagiello\u0144skiego w Krakowie mo\u017cna ogl\u0105da\u0107 rekonstrukcj\u0119 Lucy - pracz\u0142owieka sprzed 3,2 miliona lat. Podobizn\u0119 stworzono na podstawie \"niezwykle dobrze zachowanego\" szkieletu odnalezionego w Etiopii.", "link": "https://tvn24.pl/krakow/krakow-rekonstrukcja-praczlowieka-lucy-na-wystawie-centrum-edukacji-przyrodniczej-uj-7682685?source=rss", "date_published": "2024-01-02T10:57:14+00:00", "permanent": false, "bookmarked": false, "dead": false, "artist": "TVN24 Z kraju", "album": "TVN24 Z kraju", "user": null, "language": "pl-PL", "thumbnail": null, "age": null, "page_rating_contents": 0, "page_rating_votes": 0, "page_rating_visits": 0, "page_rating": 0, "tags": [], "comments": [], "vote": 0}, {"source": "https://tvn24.pl/wiadomosci-z-kraju,3.xml", "title": "\"Op\u0142ata paliwowa w g\u00f3r\u0119\". PiS wini rz\u0105d Tuska. Czego nie m\u00f3wi?", "description": "<img alt=\"\" src=\"https://tvn24.pl/najnowsze/cdn-zdjecie-kflkko-oplata-paliwowa-do-gory-pis-wini-ministra-czego-nie-mowi-7663431/alternates/LANDSCAPE_1280\" />\n    Politycy Prawa i Sprawiedliwo\u015bci wytykaj\u0105 obecnemu rz\u0105dowi, \u017ce od stycznia podni\u00f3s\u0142 op\u0142at\u0119 paliwow\u0105, wi\u0119c ceny paliw na stacjach wzrosn\u0105. Jednak nie wyja\u015bniali, \u017ce ta decyzja ministra infrastruktury wynika ze stosownej ustawy i jest skutkiem wzrostu cen rok do roku. Oraz \u017ce tak samo robi\u0142 szef resortu infrastruktury w rz\u0105dzie Zjednoczonej Prawicy", "link": "https://konkret24.tvn24.pl/polska/ceny-benzyny-oplata-paliwowa-w-gore-pis-wini-rzad-tuska-czego-nie-mowi-st7663267?source=rss", "date_published": "2024-01-02T10:53:19+00:00", "permanent": false, "bookmarked": false, "dead": false, "artist": "TVN24 Z kraju", "album": "TVN24 Z kraju", "user": null, "language": "pl-PL", "thumbnail": null, "age": null, "page_rating_contents": 0, "page_rating_votes": 0, "page_rating_visits": 0, "page_rating": 0, "tags": [], "comments": [], "vote": 0}, {"source": "https://tvn24.pl/wiadomosci-z-kraju,3.xml", "title": "Zam\u00f3wili kurs, a potem ukradli taks\u00f3wk\u0119. \"Zagrozili kierowcy no\u017cem\"", "description": "<img alt=\"Zam\u00f3wili kurs, a potem ukradli taks\u00f3wk\u0119. \" src=\"https://tvn24.pl/najnowsze/cdn-zdjecie-sxzwr6-policja-zatrzymala-dwoch-mezczyzn-podejrzanych-o-kradziez-taksowki-7682845/alternates/LANDSCAPE_1280\" />\n    Policja zatrzyma\u0142a dw\u00f3ch m\u0119\u017cczyzn podejrzanych o kradzie\u017c taks\u00f3wki. Zatrzymani mieli zam\u00f3wi\u0107 kurs z Czeskiego Cieszyna do Ustronia (woj. \u015bl\u0105skie), a po przyje\u017adzie na miejsce sterroryzowa\u0107 kierowc\u0119 no\u017cem. Zostali zatrzymani kilka dni po zdarzeniu.", "link": "https://tvn24.pl/katowice/ustron-zatrzymani-dwaj-mezczyzni-podejrzani-o-kradziez-taksowki-7682885?source=rss", "date_published": "2024-01-02T10:42:33+00:00", "permanent": false, "bookmarked": false, "dead": false, "artist": "TVN24 Z kraju", "album": "TVN24 Z kraju", "user": null, "language": "pl-PL", "thumbnail": null, "age": null, "page_rating_contents": 0, "page_rating_votes": 0, "page_rating_visits": 0, "page_rating": 0, "tags": [], "comments": [], "vote": 0}, {"source": "https://tvn24.pl/wiadomosci-z-kraju,3.xml", "title": "Oszu\u015bci podszywaj\u0105 si\u0119 pod du\u017cy bank. \"Niebezpieczne strony\"", "description": "<img alt=\"Oszu\u015bci podszywaj\u0105 si\u0119 pod du\u017cy bank. \" src=\"https://tvn24.pl/najnowsze/cdn-zdjecie-wlop0k-shutterstock_2081074822-7371795/alternates/LANDSCAPE_1280\" />\n    Zesp\u00f3\u0142 cyberbezpiecze\u0144stwa w Komisji Nadzoru Finansowego (CSIRT KNF) ostrzega w komunikacie przed oszustami, kt\u00f3rzy podszywaj\u0105 si\u0119 pod ING Bank \u015al\u0105ski. Cyberprzest\u0119pcy poprzez fa\u0142szywe strony pr\u00f3buj\u0105 wy\u0142udzi\u0107 dane do bankowo\u015bci elektronicznej.", "link": "https://tvn24.pl/biznes/z-kraju/oszusci-podszywaja-sie-pod-ing-bank-slaski-ostrzezenie-przed-nowym-oszustwem-niebezpieczne-strony-st7682683?source=rss", "date_published": "2024-01-02T10:40:22+00:00", "permanent": false, "bookmarked": false, "dead": false, "artist": "TVN24 Z kraju", "album": "TVN24 Z kraju", "user": null, "language": "pl-PL", "thumbnail": null, "age": null, "page_rating_contents": 0, "page_rating_votes": 0, "page_rating_visits": 0, "page_rating": 0, "tags": [], "comments": [], "vote": 0}, {"source": "https://tvn24.pl/wiadomosci-z-kraju,3.xml", "title": "Dwucyfrowy wzrost cen mieszka\u0144. Krak\u00f3w przed Warszaw\u0105", "description": "<img alt=\"Dwucyfrowy wzrost cen mieszka\u0144. Krak\u00f3w przed Warszaw\u0105\" src=\"https://tvn24.pl/najnowsze/cdn-zdjecie-gofq5m-krakow-mieszkania-7682794/alternates/LANDSCAPE_1280\" />\n    Ceny ofertowe mieszka\u0144 w ostatnich miesi\u0105cach wzros\u0142y przeci\u0119tnie o 13 procent - wynika z raportu Expandera i Rentier.io. Najwi\u0119ksze podwy\u017cki dotycz\u0105 Krakowa i Warszawy. Eksperci w pierwszej po\u0142owie 2024 roku spodziewaj\u0105 \"stabilizacji poziomu cen lub minimalnego spadku\".", "link": "https://tvn24.pl/biznes/nieruchomosci/mieszkania-na-sprzedaz-ceny-ofertowe-krakow-i-warszawa-z-najwiekszymi-wzrostami-raport-expandera-i-rentierio-st7682705?source=rss", "date_published": "2024-01-02T10:34:46+00:00", "permanent": false, "bookmarked": false, "dead": false, "artist": "TVN24 Z kraju", "album": "TVN24 Z kraju", "user": null, "language": "pl-PL", "thumbnail": "https://tvn24.pl/najnowsze/cdn-zdjecie-gofq5m-krakow-mieszkania-7682794/alternates/LANDSCAPE_1280", "age": null, "page_rating_contents": 50, "page_rating_votes": 0, "page_rating_visits": 1, "page_rating": 50, "tags": [], "comments": [], "vote": 0}, {"source": "https://tvn24.pl/wiadomosci-z-kraju,3.xml", "title": "Styczniowa premiera w TVN.\u00a0Nowy program z Joann\u0105 Krup\u0105 i Ew\u0105 Chodakowsk\u0105", "description": "<img alt=\"Styczniowa premiera w TVN.\u00a0Nowy program z Joann\u0105 Krup\u0105 i Ew\u0105 Chodakowsk\u0105\u00a0\" src=\"https://tvn24.pl/najnowsze/cdn-zdjecie-rph4iv-15071269_razem-odnowa-pierwsze-zdjecia-z-planu_original-1-1-7682650/alternates/LANDSCAPE_1280\" />\n    3 stycznia pierwszy odcinek nowego programu \"Razem odNowa\". Ewa Chodakowska i Joanna Krupa pomog\u0105 ma\u0142\u017ce\u0144stwom, kt\u00f3re po wielu latach bycia razem wpad\u0142y w rutyn\u0119.\u00a0\"Razem odNowa\" w \u015brod\u0119 o godz. 21.35 na antenie TVN i w Playerze.", "link": "https://tvn24.pl/kultura-i-styl/joanna-krupa-i-ewa-chodakowska-maja-nowy-program-w-tvn-o-czym-jest-razem-odnowa-7682775?source=rss", "date_published": "2024-01-02T10:33:19+00:00", "permanent": false, "bookmarked": false, "dead": false, "artist": "TVN24 Z kraju", "album": "TVN24 Z kraju", "user": null, "language": "pl-PL", "thumbnail": null, "age": null, "page_rating_contents": 0, "page_rating_votes": 0, "page_rating_visits": 0, "page_rating": 0, "tags": [], "comments": [], "vote": 0}, {"source": "https://tvn24.pl/wiadomosci-z-kraju,3.xml", "title": "Prawie tydzie\u0144 bez jedzenia i ogrzewania. 72-latka zatrzasn\u0119\u0142a si\u0119 na strychu", "description": "<img alt=\"Prawie tydzie\u0144 bez jedzenia i ogrzewania. 72-latka zatrzasn\u0119\u0142a si\u0119 na strychu\" src=\"https://tvn24.pl/najnowsze/cdn-zdjecie-muk5f9-policjanci-uratowali-seniorke-ktora-zatrzasnela-sie-na-strychu-7682802/alternates/LANDSCAPE_1280\" />\n    Sze\u015b\u0107 dni sp\u0119dzi\u0142a zamkni\u0119ta na strychu 72-letnia kobieta, kt\u00f3ra zatrzasn\u0119\u0142a si\u0119 w pomieszczeniu. Nie mia\u0142a ogrzewania ani jedzenia. Policj\u0119 powiadomi\u0142 syn kobiety zaniepokojony brakiem kontaktu z matk\u0105. Mundurowi si\u0142owo weszli do domu w Lubyczy Kr\u00f3lewskiej (woj. lubelskie), gdzie na strychu znale\u017ali wyczerpan\u0105 kobiet\u0119. Seniorka trafi\u0142a do szpitala. Powoli wraca do zdrowia.", "link": "https://tvn24.pl/lublin/lubycza-krolewska-policjanci-uratowali-seniorke-ktora-zatrzasnela-sie-na-strychu-7682799?source=rss", "date_published": "2024-01-02T10:28:49+00:00", "permanent": false, "bookmarked": false, "dead": false, "artist": "TVN24 Z kraju", "album": "TVN24 Z kraju", "user": null, "language": "pl-PL", "thumbnail": null, "age": null, "page_rating_contents": 0, "page_rating_votes": 0, "page_rating_visits": 0, "page_rating": 0, "tags": [], "comments": [], "vote": 0}, {"source": "https://tvn24.pl/wiadomosci-z-kraju,3.xml", "title": "Szlaki w g\u00f3rach mog\u0105 by\u0107 zdradliwie \u015bliskie, ro\u015bnie zagro\u017cenie lawinowe", "description": "<img alt=\"Szlaki w g\u00f3rach mog\u0105 by\u0107 zdradliwie \u015bliskie, ro\u015bnie zagro\u017cenie lawinowe\" src=\"https://tvn24.pl/tvnmeteo/najnowsze/cdn-zdjecie-r9tmed-dolina-chocholowska-widok-na-kominiarski-wierch-02012024-7682800/alternates/LANDSCAPE_1280\" />\n    Trudne warunki turystyczne zapanowa\u0142y w polskich g\u00f3rach. W Tatrach zagro\u017cenie lawinowe ponownie wzros\u0142o do drugiego stopnia, szlaki s\u0105 \u015bliskie i pokryte zaspami \u015bnie\u017cnymi. Ostro\u017cno\u015b\u0107 powinni zachowa\u0107 r\u00f3wnie\u017c tury\u015bci wybieraj\u0105cy si\u0119 w wy\u017csze partie Beskid\u00f3w i Karkonoszy.", "link": "https://tvn24.pl/tvnmeteo/polska/tatry-karkonosze-beskidy-sliskie-szlaki-i-zagrozenie-lawinowe-w-polskich-gorach-st7682640?source=rss", "date_published": "2024-01-02T10:20:28+00:00", "permanent": false, "bookmarked": false, "dead": false, "artist": "TVN24 Z kraju", "album": "TVN24 Z kraju", "user": null, "language": "pl-PL", "thumbnail": null, "age": null, "page_rating_contents": 0, "page_rating_votes": 0, "page_rating_visits": 0, "page_rating": 0, "tags": [], "comments": [], "vote": 0}, {"source": "https://tvn24.pl/wiadomosci-z-kraju,3.xml", "title": "Przylecia\u0142 z Tirany i trafi\u0142 do aresztu", "description": "<img alt=\"Przylecia\u0142 z Tirany i trafi\u0142 do aresztu\" src=\"https://tvn24.pl/tvnwarszawa/najnowsze/cdn-zdjecie-z5enci-do-zatrzymania-doszlo-podczas-odprawy-paszportowej-zdjecie-ilustracyjne-7399567/alternates/LANDSCAPE_1280\" />\n    Podczas kontroli na lotnisku w Modlinie funkcjonariusze Stra\u017cy Granicznej zatrzymali 30-letniego Alba\u0144czyka. M\u0119\u017cczyzna by\u0142 poszukiwany przez w\u0142oski wymiar sprawiedliwo\u015bci za przest\u0119pstwa narkotykowe.", "link": "https://tvn24.pl/tvnwarszawa/najnowsze/nowy-dwor-mazowiecki-byl-poszukiwany-za-przestepstwa-narkotykowe-zatrzymali-go-pogranicznicy-w-modlinie-st7682627?source=rss", "date_published": "2024-01-02T09:48:54+00:00", "permanent": false, "bookmarked": false, "dead": false, "artist": "TVN24 Z kraju", "album": "TVN24 Z kraju", "user": null, "language": "pl-PL", "thumbnail": null, "age": null, "page_rating_contents": 0, "page_rating_votes": 0, "page_rating_visits": 0, "page_rating": 0, "tags": [], "comments": [], "vote": 0}, {"source": "https://tvn24.pl/wiadomosci-z-kraju,3.xml", "title": "Po\u017car samolotu na lotnisku w Tokio", "description": "<img alt=\"Po\u017car samolotu na lotnisku w Tokio \" src=\"https://tvn24.pl/tvnmeteo/najnowsze/cdn-zdjecie-0esms1-pilna-wiadomosc-6147821/alternates/LANDSCAPE_1280\" />", "link": "https://tvn24.pl/swiat/japonia-pozar-samolotu-na-lotnisku-w-tokio-7682717?source=rss", "date_published": "2024-01-02T09:30:49+00:00", "permanent": false, "bookmarked": false, "dead": false, "artist": "TVN24 Z kraju", "album": "TVN24 Z kraju", "user": null, "language": "pl-PL", "thumbnail": null, "age": null, "page_rating_contents": 0, "page_rating_votes": 0, "page_rating_visits": 0, "page_rating": 0, "tags": [], "comments": [], "vote": 0}, {"source": "https://tvn24.pl/wiadomosci-z-kraju,3.xml", "title": "Tyle trzeba zap\u0142aci\u0107 za euro i dolara", "description": "<img alt=\"Tyle trzeba zap\u0142aci\u0107 za euro i dolara\" src=\"https://tvn24.pl/najnowsze/cdn-zdjecie-r1lrvx-shutterstock_2148330929-7375090/alternates/LANDSCAPE_1280\" />\n    Kurs z\u0142otego we wtorek o poranku pozostaje stabilny. Za euro trzeba zap\u0142aci\u0107 4,34 z\u0142, a dolara ameryka\u0144skiego 3,94 z\u0142. Ekonomi\u015bci prognozuj\u0105, \u017ce w pierwszych miesi\u0105cach tego roku krajowa waluta ma szanse na umocnienie.", "link": "https://tvn24.pl/biznes/rynki/euro-dolar-frank-funt-notowania-020124-kurs-zlotego-stabilny-st7682592?source=rss", "date_published": "2024-01-02T09:26:29+00:00", "permanent": false, "bookmarked": false, "dead": false, "artist": "TVN24 Z kraju", "album": "TVN24 Z kraju", "user": null, "language": "pl-PL", "thumbnail": null, "age": null, "page_rating_contents": 0, "page_rating_votes": 0, "page_rating_visits": 0, "page_rating": 0, "tags": [], "comments": [], "vote": 0}, {"source": "https://tvn24.pl/wiadomosci-z-kraju,3.xml", "title": "Skusi\u0142 j\u0105 szybkim zyskiem z inwestycji w kryptowaluty", "description": "<img alt=\"Skusi\u0142 j\u0105 szybkim zyskiem z inwestycji w kryptowaluty\" src=\"https://tvn24.pl/tvnwarszawa/najnowsze/cdn-zdjecie-y3cu2-policjanci-z-otwocka-zatrzymali-26-latka-podejrzanego-o-oszustwo-7682606/alternates/LANDSCAPE_1280\" />\n    Policjanci z Otwocka zatrzymali 26-latka podejrzanego o oszustwo. Obieca\u0142 pokrzywdzonej szybki zysk w kryptowalutach. Kobieta straci\u0142a 60 tysi\u0119cy z\u0142otych.", "link": "https://tvn24.pl/tvnwarszawa/okolice/otwock-chciala-zainwestowac-w-kryptowaluty-stracila-60-tysiecy-zlotych-st7682572?source=rss", "date_published": "2024-01-02T09:17:00+00:00", "permanent": false, "bookmarked": false, "dead": false, "artist": "TVN24 Z kraju", "album": "TVN24 Z kraju", "user": null, "language": "pl-PL", "thumbnail": null, "age": null, "page_rating_contents": 0, "page_rating_votes": 0, "page_rating_visits": 0, "page_rating": 0, "tags": [], "comments": [], "vote": 0}, {"source": "https://tvn24.pl/wiadomosci-z-kraju,3.xml", "title": "Koniec przyjmowania wniosk\u00f3w o \"bezpieczny kredyt\"", "description": "<img alt=\"Koniec przyjmowania wniosk\u00f3w o \" src=\"https://tvn24.pl/tvnwarszawa/najnowsze/cdn-zdjecie-9kncfx-podejrzani-o-oszustwo-wynajmowali-mieszkania-ktorych-nie-mieli-zdjecie-ilustracyjne-6899769/alternates/LANDSCAPE_1280\" />\n    Banki od wtorku wstrzyma\u0142y przyjmowanie wniosk\u00f3w o udzielenie kredyt\u00f3w mieszkaniowych w ramach programu Bezpieczny kredyt 2 procent. Tak wynika z komunikatu opublikowanego przez Bank Gospodarstwa Krajowego. Ministerstwo Rozwoju i Technologii pracuje nad nowym programem mieszkaniowym.", "link": "https://tvn24.pl/biznes/pieniadze/kredyty-mieszkaniowe-bezpieczny-kredyt-2-procent-bank-gospodarstwa-krajowego-o-zakonczeniu-przyjmowania-wnioskow-przez-banki-komunikaty-bgk-st7682504?source=rss", "date_published": "2024-01-02T09:09:10+00:00", "permanent": false, "bookmarked": false, "dead": false, "artist": "TVN24 Z kraju", "album": "TVN24 Z kraju", "user": null, "language": "pl-PL", "thumbnail": null, "age": null, "page_rating_contents": 0, "page_rating_votes": 0, "page_rating_visits": 0, "page_rating": 0, "tags": [], "comments": [], "vote": 0}, {"source": "https://tvn24.pl/wiadomosci-z-kraju,3.xml", "title": "Rosyjska rakieta wlecia\u0142a do Polski. Wiceszef MON: mamy pewno\u015b\u0107, \u017ce opu\u015bci\u0142a terytorium kraju", "description": "<img alt=\"Rosyjska rakieta wlecia\u0142a do Polski. Wiceszef MON: mamy pewno\u015b\u0107, \u017ce opu\u015bci\u0142a terytorium kraju\" src=\"https://tvn24.pl/najnowsze/cdn-zdjecie-a0a09h-poszukiwania-ewentualnych-elementow-obiektu-ktory-naruszyl-polska-przestrzen-powietrzna-w-okolicach-wozuczyna-7682632/alternates/LANDSCAPE_1280\" />\n    Mamy pewno\u015b\u0107, \u017ce rakieta, kt\u00f3ra w pi\u0105tek naruszy\u0142a polsk\u0105 przestrze\u0144 powietrzn\u0105, opu\u015bci\u0142a terytorium kraju. Mamy potwierdzenie z radar\u00f3w polskich, ale tak\u017ce sojuszniczych. \u017beby mie\u0107 stuprocentow\u0105 pewno\u015b\u0107 skierowali\u015bmy oko\u0142o 500 \u017co\u0142nierzy Wojsk Obrony Terytorialnej, kt\u00f3rzy przeczesywali tamte tereny i nie znale\u017ali \u017cadnych szcz\u0105tk\u00f3w - powiedzia\u0142 w RMF FM wiceminister obrony narodowej Pawe\u0142 Zalewski.", "link": "https://tvn24.pl/polska/rosyjska-rakieta-nad-polska-wiceszef-mon-pawel-zalewski-mamy-pewnosc-ze-opuscila-terytorium-kraju-7682603?source=rss", "date_published": "2024-01-02T09:07:23+00:00", "permanent": false, "bookmarked": false, "dead": false, "artist": "TVN24 Z kraju", "album": "TVN24 Z kraju", "user": null, "language": "pl-PL", "thumbnail": null, "age": null, "page_rating_contents": 0, "page_rating_votes": 0, "page_rating_visits": 0, "page_rating": 0, "tags": [], "comments": [], "vote": 0}, {"source": "https://tvn24.pl/wiadomosci-z-kraju,3.xml", "title": "Ta\u0144sze dla drogowc\u00f3w, wygodniejsze dla kierowc\u00f3w. P\u0142atno\u015bci mobilne wypieraj\u0105 got\u00f3wk\u0119", "description": "<img alt=\"Ta\u0144sze dla drogowc\u00f3w, wygodniejsze dla kierowc\u00f3w. P\u0142atno\u015bci mobilne wypieraj\u0105 got\u00f3wk\u0119\" src=\"https://tvn24.pl/tvnwarszawa/najnowsze/cdn-zdjecie-7t0n2q-sppn-w-srodmiesciu-zdjecie-ilustracyjne-5014884/alternates/LANDSCAPE_1280\" />\n    B\u0119dzie wi\u0119cej kana\u0142\u00f3w p\u0142atno\u015bci mobilnych za parkowanie w Strefie P\u0142atnego Parkowania Niestrze\u017conego na sto\u0142ecznych ulicach. - To ta\u0144sze rozwi\u0105zanie dla drogowc\u00f3w i wygodniejsze dla mieszka\u0144c\u00f3w - przyznaje dyrektor ZDM \u0141ukasz Puchalski.", "link": "https://tvn24.pl/tvnwarszawa/ulice/warszawa-bedzie-wiecej-platnosci-mobilnych-za-parkowanie-w-sppn-st7682553?source=rss", "date_published": "2024-01-02T08:49:27+00:00", "permanent": false, "bookmarked": false, "dead": false, "artist": "TVN24 Z kraju", "album": "TVN24 Z kraju", "user": null, "language": "pl-PL", "thumbnail": null, "age": null, "page_rating_contents": 0, "page_rating_votes": 0, "page_rating_visits": 0, "page_rating": 0, "tags": [], "comments": [], "vote": 0}, {"source": "https://tvn24.pl/wiadomosci-z-kraju,3.xml", "title": "W dob\u0119 spad\u0142o tyle deszczu, co zazwyczaj przez ca\u0142y miesi\u0105c", "description": "<img alt=\"W dob\u0119 spad\u0142o tyle deszczu, co zazwyczaj przez ca\u0142y miesi\u0105c\" src=\"https://tvn24.pl/tvnmeteo/najnowsze/cdn-zdjecie-ylb77z-wezbrana-rzeka-coomera-w-queensland-australia-7682521/alternates/LANDSCAPE_1280\" />\n    Powodzie nawiedzi\u0142y we wtorek wschodni\u0105 Australi\u0119. Miejscami w dob\u0119 spad\u0142o ponad 300 litr\u00f3w deszczu na metr kwadratowy - tyle, co przewa\u017cnie pada tam przez ca\u0142y stycze\u0144 - a prognozowane s\u0105 dalsze ulewy. W walce ze skutkami podtopie\u0144 pomaga wojsko.", "link": "https://tvn24.pl/tvnmeteo/swiat/australia-w-dobe-spadlo-tyle-deszczu-co-przez-caly-miesiac-st7682436?source=rss", "date_published": "2024-01-02T08:44:56+00:00", "permanent": false, "bookmarked": false, "dead": false, "artist": "TVN24 Z kraju", "album": "TVN24 Z kraju", "user": null, "language": "pl-PL", "thumbnail": null, "age": null, "page_rating_contents": 0, "page_rating_votes": 0, "page_rating_visits": 0, "page_rating": 0, "tags": [], "comments": [], "vote": 0}, {"source": "https://tvn24.pl/wiadomosci-z-kraju,3.xml", "title": "Po\u017car mieszkania, kobieta z dw\u00f3jk\u0105 dzieci w szpitalu", "description": "<img alt=\"Po\u017car mieszkania, kobieta z dw\u00f3jk\u0105 dzieci w szpitalu\" src=\"https://tvn24.pl/najnowsze/cdn-zdjecie-7w453g-pozar-budynku-wielorodzinnego-w-ostrodzie-7682513/alternates/LANDSCAPE_1280\" />\n    Po\u017car mieszkania w budynku wielorodzinnym w Ostr\u00f3dzie (woj. warmi\u0144sko-mazurskie). Trzy osoby zosta\u0142y poszkodowane. To kobieta z dw\u00f3jk\u0105 dzieci.", "link": "https://tvn24.pl/olsztyn/ostroda-pozar-mieszkania-kobieta-z-dwojka-dzieci-w-szpitalu-7682510?source=rss", "date_published": "2024-01-02T08:12:24+00:00", "permanent": false, "bookmarked": false, "dead": false, "artist": "TVN24 Z kraju", "album": "TVN24 Z kraju", "user": null, "language": "pl-PL", "thumbnail": null, "age": null, "page_rating_contents": 0, "page_rating_votes": 0, "page_rating_visits": 0, "page_rating": 0, "tags": [], "comments": [], "vote": 0}, {"source": "https://tvn24.pl/wiadomosci-z-kraju,3.xml", "title": "Przybywa nietoperzy w sto\u0142ecznych parkach. \"To nasi sprzymierze\u0144cy w walce z uci\u0105\u017cliwymi owadami\"", "description": "<img alt=\"Przybywa nietoperzy w sto\u0142ecznych parkach. \" src=\"https://tvn24.pl/tvnwarszawa/najnowsze/cdn-zdjecie-4srdct-wsrod-odlowionych-nietoperzy-najliczniej-wystepuje-borowiec-wielki-7682492/alternates/LANDSCAPE_1280\" />\n    Z bada\u0144 przeprowadzonych na zlecenie Zarz\u0105du Zieleni Warszawy wynika, \u017ce populacja nietoperzy w stolicy wzrasta. - W lipcu i sierpniu 2023 roku od\u0142owiono 479 nietoperzy z dziewi\u0119ciu gatunk\u00f3w. Liczba tych ssak\u00f3w w stolicy zaskoczy\u0142a chiropterolog\u00f3w. - W tym roku zamontowali\u015bmy testowo 20 budek szczelinowych dla nietoperzy - wyliczaj\u0105 miejscy ogrodnicy.", "link": "https://tvn24.pl/tvnwarszawa/zoliborz/warszawa-policzyli-nietoperze-w-parkach-jest-ich-coraz-wiecej-st7682499?source=rss", "date_published": "2024-01-02T08:04:07+00:00", "permanent": false, "bookmarked": false, "dead": false, "artist": "TVN24 Z kraju", "album": "TVN24 Z kraju", "user": null, "language": "pl-PL", "thumbnail": null, "age": null, "page_rating_contents": 0, "page_rating_votes": 0, "page_rating_visits": 0, "page_rating": 0, "tags": [], "comments": [], "vote": 0}, {"source": "https://tvn24.pl/wiadomosci-z-kraju,3.xml", "title": "Tir z pieluchami stan\u0105\u0142 w p\u0142omieniach. Kierowca zasn\u0105\u0142 za kierownic\u0105", "description": "<img alt=\"Tir z pieluchami stan\u0105\u0142 w p\u0142omieniach. Kierowca zasn\u0105\u0142 za kierownic\u0105\" src=\"https://tvn24.pl/najnowsze/cdn-zdjecie-vcb6b3-pozar-ciezarowki-na-autostradzie-a4-7682484/alternates/LANDSCAPE_1280\" />\n    Po\u017car ci\u0119\u017car\u00f3wki na autostradzie A4 niedaleko Legnicy (woj. dolno\u015bl\u0105skie). Kierowca zasn\u0105\u0142 za kierownic\u0105, uderzy\u0142 w bariery, w wyniku czego dosz\u0142o do zapalenia si\u0119 pojazdu. W samochodzie znajdowa\u0142y si\u0119 dwie osoby. Nic im si\u0119 nie sta\u0142o.", "link": "https://tvn24.pl/wroclaw/dolny-slask-a4-tir-z-pieluchami-przewrocil-sie-na-bok-i-zaczal-sie-palic-kierowca-zasnal-za-kierownica-7682497?source=rss", "date_published": "2024-01-02T07:56:54+00:00", "permanent": false, "bookmarked": false, "dead": false, "artist": "TVN24 Z kraju", "album": "TVN24 Z kraju", "user": null, "language": "pl-PL", "thumbnail": null, "age": null, "page_rating_contents": 0, "page_rating_votes": 0, "page_rating_visits": 0, "page_rating": 0, "tags": [], "comments": [], "vote": 0}, {"source": "https://tvn24.pl/wiadomosci-z-kraju,3.xml", "title": "Ira\u0144ski okr\u0119t wojenny Alborz wp\u0142yn\u0105\u0142 na Morze Czerwone", "description": "<img alt=\"Ira\u0144ski okr\u0119t wojenny Alborz wp\u0142yn\u0105\u0142 na Morze Czerwone\" src=\"https://tvn24.pl/najnowsze/cdn-zdjecie-weqsf1-iranski-okret-wojenny-alborz-3141925/alternates/LANDSCAPE_1280\" />\n    Ira\u0144ski okr\u0119t wojenny wp\u0142yn\u0105\u0142 na Morze Czerwone przez strategiczn\u0105 cie\u015bnin\u0119 Bab el-Mandeb - przekaza\u0142a agencja Tasnim. W niedziel\u0119 helikoptery ameryka\u0144skie z grupy uderzeniowej lotniskowca USS Eisenhower ostrzela\u0142y rebeliant\u00f3w Huti, kt\u00f3rzy usi\u0142owali wej\u015b\u0107 na pok\u0142ad kontenerowca firmy Maersk.", "link": "https://tvn24.pl/swiat/jemen-iranski-okret-wojenny-alborz-wplynal-na-morze-czerwone-7667507?source=rss", "date_published": "2024-01-02T07:32:17+00:00", "permanent": false, "bookmarked": false, "dead": false, "artist": "TVN24 Z kraju", "album": "TVN24 Z kraju", "user": null, "language": "pl-PL", "thumbnail": null, "age": null, "page_rating_contents": 0, "page_rating_votes": 0, "page_rating_visits": 0, "page_rating": 0, "tags": [], "comments": [], "vote": 0}, {"source": "https://tvn24.pl/wiadomosci-z-kraju,3.xml", "title": "Najni\u017csza krajowa w 2024 roku. Ile na r\u0119k\u0119 przy umowie o prac\u0119?", "description": "<img alt=\"Najni\u017csza krajowa w 2024 roku. Ile na r\u0119k\u0119 przy umowie o prac\u0119?\" src=\"https://tvn24.pl/najnowsze/cdn-zdjecie-whkore-pln-pieniadze-monety-shutterstock_1189131874-7403768/alternates/LANDSCAPE_1280\" />\n    Ile wynosi najni\u017csza krajowa w 2024 roku? Od 1 stycznia minimalne wynagrodzenie za prac\u0119 to 4242 z\u0142ote brutto, a stawka godzinowa - 27,70 z\u0142otego brutto. Z pocz\u0105tkiem roku mia\u0142a miejsce pierwsza podwy\u017cka p\u0142acy minimalnej. Kolejn\u0105 zaplanowano na lipiec. Najni\u017csza krajowa wzro\u015bnie w\u00f3wczas do 4300 z\u0142otych brutto, a minimalna stawka godzinowa do 28,10 z\u0142otego brutto.", "link": "https://tvn24.pl/biznes/pieniadze/najnizsza-krajowa-2024-netto-brutto-ile-na-reke-przy-umowie-o-prace-st7682429?source=rss", "date_published": "2024-01-02T07:01:11+00:00", "permanent": false, "bookmarked": false, "dead": false, "artist": "TVN24 Z kraju", "album": "TVN24 Z kraju", "user": null, "language": "pl-PL", "thumbnail": null, "age": null, "page_rating_contents": 0, "page_rating_votes": 0, "page_rating_visits": 0, "page_rating": 0, "tags": [], "comments": [], "vote": 0}, {"source": "https://tvn24.pl/wiadomosci-z-kraju,3.xml", "title": "Stajenka, wielb\u0142\u0105dy i pastuszkowie. Tegoroczne Orszaki Trzech Kr\u00f3li pod has\u0142em \"W jase\u0142kach le\u017cy!\"", "description": "<img alt=\"Stajenka, wielb\u0142\u0105dy i pastuszkowie. Tegoroczne Orszaki Trzech Kr\u00f3li pod has\u0142em \" src=\"https://fakty.tvn24.pl/najnowsze/cdn-zdjecied41d8cd98f00b204e9800998ecf8427e-orszaki-trzech-kroli-przeszly-ulicami-polskich-miast-5370864/alternates/LANDSCAPE_1280\" />\n    W sobot\u0119, 6 stycznia, ulicami 800 polskich miast przejd\u0105 Orszaki Trzech Kr\u00f3li. W tym roku wydarzeniom towarzyszy has\u0142o \"W jase\u0142kach le\u017cy!\". W Warszawie w\u0119dr\u00f3wka Maryi i J\u00f3zefa rozpocznie si\u0119 spod pomnika Kopernika.", "link": "https://tvn24.pl/tvnwarszawa/ulice/warszawa-orszak-trzech-kroli-2024-trasa-godzina-rozpoczecia-atrakcje-st7682420?source=rss", "date_published": "2024-01-02T05:55:08+00:00", "permanent": false, "bookmarked": false, "dead": false, "artist": "TVN24 Z kraju", "album": "TVN24 Z kraju", "user": null, "language": "pl-PL", "thumbnail": null, "age": null, "page_rating_contents": 0, "page_rating_votes": 0, "page_rating_visits": 0, "page_rating": 0, "tags": [], "comments": [], "vote": 0}, {"source": "https://tvn24.pl/wiadomosci-z-kraju,3.xml", "title": "Pogoda na dzi\u015b - wtorek 02.01. Deszcz i \u015bnieg, od -5 do 7 stopni", "description": "<img alt=\"Pogoda na dzi\u015b - wtorek 02.01. Deszcz i \u015bnieg, od -5 do 7 stopni \" src=\"https://tvn24.pl/tvnmeteo/najnowsze/cdn-zdjecie-87bydn-snieg-7522500/alternates/LANDSCAPE_1280\" />\n    Pogoda na dzi\u015b. Wtorek 02.01 w ca\u0142ym kraju up\u0142ynie pod znakiem opad\u00f3w. W niekt\u00f3rych regionach temperatura b\u0119dzie ujemna i tam nale\u017cy spodziewa\u0107 si\u0119 \u015bniegu.", "link": "https://tvn24.pl/tvnmeteo/prognoza/pogoda-na-dzis-wtorek-0201-deszcz-i-snieg-od-5-do-7-stopni-st7664332?source=rss", "date_published": "2024-01-02T01:00:00+00:00", "permanent": false, "bookmarked": false, "dead": false, "artist": "TVN24 Z kraju", "album": "TVN24 Z kraju", "user": null, "language": "pl-PL", "thumbnail": null, "age": null, "page_rating_contents": 0, "page_rating_votes": 0, "page_rating_visits": 0, "page_rating": 0, "tags": [], "comments": [], "vote": 0}]