[{"source": "https://feeds.nbcnews.com/nbcnews/public/tech", "title": "Mickey Mouse copyright expiration inspires horror movies, video games and memes", "description": "Mickey Mouse will appear in non-Disney works after copyright protection over the character expired, putting the character in the public domain.", "link": "https://www.nbcnews.com/tech/internet/mickey-mouse-horror-movie-slasher-trap-public-domain-rcna131897", "date_published": "2024-01-02T21:59:08+00:00", "permanent": false, "bookmarked": false, "dead": false, "artist": "NBC tech", "album": "NBC tech", "user": null, "language": "en-US", "thumbnail": "https://media-cldnry.s-nbcnews.com/image/upload/t_fit_1500w/rockcms/2024-01/240102-steamboat-willie-copyright-public-domain-se-1135a-aac1e2.jpg", "age": null, "page_rating_contents": 0, "page_rating_votes": 0, "page_rating_visits": 0, "page_rating": 0, "tags": [], "comments": [], "vote": 0}, {"source": "https://feeds.nbcnews.com/nbcnews/public/tech", "title": "Sen. Robert Menendez hit with new indictment", "description": "A federal grand jury has filed a second superseding indictment against Sen.", "link": "https://www.nbcnews.com/politics/congress/robert-menendez-hit-new-indictment-rcna131980", "date_published": "2024-01-02T21:57:27+00:00", "permanent": false, "bookmarked": false, "dead": false, "artist": "NBC tech", "album": "NBC tech", "user": null, "language": "en-US", "thumbnail": "https://media-cldnry.s-nbcnews.com/image/upload/t_fit_1500w/rockcms/2023-09/230927-bob-menendez-al-1002-b469a2.jpg", "age": null, "page_rating_contents": 0, "page_rating_votes": 0, "page_rating_visits": 0, "page_rating": 0, "tags": [], "comments": [], "vote": 0}, {"source": "https://feeds.nbcnews.com/nbcnews/public/tech", "title": "Russia bombards Ukraine's largest cities after Putin vows intensified attacks", "description": "Ukraine\u2019s two largest cities were hit by a new wave of deadly Russian attacks Tuesday, after President Vladimir Putin began the New Year with a vow to intensify the most aggressive campaign of strikes since the war began nearly two years ago.", "link": "https://www.nbcnews.com/news/world/russia-attacks-ukraine-kyiv-kharkiv-putin-intensified-strikes-rcna131824", "date_published": "2024-01-02T13:24:22+00:00", "permanent": false, "bookmarked": false, "dead": false, "artist": "NBC tech", "album": "NBC tech", "user": null, "language": "en-US", "thumbnail": "https://media-cldnry.s-nbcnews.com/image/upload/t_fit_1500w/rockcms/2024-01/240102-ukraine-kyiv-mn-0815-2a7959.jpg", "age": null, "page_rating_contents": 0, "page_rating_votes": 0, "page_rating_visits": 0, "page_rating": 0, "tags": [], "comments": [], "vote": 0}, {"source": "https://feeds.nbcnews.com/nbcnews/public/tech", "title": "'Beverly Hills, 90210' actor Ian Ziering describes attack by biker gang", "description": "Ian Ziering, who starred as Steve Sanders in \"Beverly Hills, 90210\" in the 1990s, said he faced an \"alarming incident\" on New Year's Eve involving a gang on mini-bikes, leading to what he called an \"unsettling confrontation\" and a physical fight.", "link": "https://www.nbcnews.com/news/us-news/beverly-hills-90210-actor-ian-ziering-describes-attack-biker-gang-rcna131833", "date_published": "2024-01-02T12:39:20+00:00", "permanent": false, "bookmarked": false, "dead": false, "artist": "NBC tech", "album": "NBC tech", "user": null, "language": "en-US", "thumbnail": "https://media-cldnry.s-nbcnews.com/image/upload/t_fit_1500w/rockcms/2024-01/240102-Ian-Ziering-al-0721-303deb.jpg", "age": null, "page_rating_contents": 0, "page_rating_votes": 0, "page_rating_visits": 0, "page_rating": 0, "tags": [], "comments": [], "vote": 0}, {"source": "https://feeds.nbcnews.com/nbcnews/public/tech", "title": "ESPN apologizes for showing clip of woman flashing her breast during the Sugar Bowl", "description": "ESPN apologized Monday night for a video clip of a woman baring her breast that was shown during the broadcast of the Sugar Bowl in New Orleans.", "link": "https://www.nbcnews.com/news/sports/espn-apologizes-showing-clip-woman-flashing-breast-sugar-bowl-rcna131835", "date_published": "2024-01-02T12:34:16+00:00", "permanent": false, "bookmarked": false, "dead": false, "artist": "NBC tech", "album": "NBC tech", "user": null, "language": "en-US", "thumbnail": "https://media-cldnry.s-nbcnews.com/image/upload/t_fit_1500w/rockcms/2024-01/240102-sugar-bowl-texas-washington-mn-0710-9c019f.jpg", "age": null, "page_rating_contents": 0, "page_rating_votes": 0, "page_rating_visits": 0, "page_rating": 0, "tags": [], "comments": [], "vote": 0}, {"source": "https://feeds.nbcnews.com/nbcnews/public/tech", "title": "Republicans spend over $100 million on Iowa ads, with more to come", "description": "Republican presidential candidates and outside groups have blanketed the Iowa airwaves with more than $105 million in ads ahead of the Jan. 15 caucuses.", "link": "https://www.nbcnews.com/politics/2024-election/republicans-spend-100-million-iowa-ads-come-rcna130856", "date_published": "2024-01-02T11:00:00+00:00", "permanent": false, "bookmarked": false, "dead": false, "artist": "NBC tech", "album": "NBC tech", "user": null, "language": "en-US", "thumbnail": "https://media-cldnry.s-nbcnews.com/image/upload/t_fit_1500w/rockcms/2023-12/231221-GOP-debate-miami-ron-desantis-nikki-haley-ew-630p-3f0007.jpg", "age": null, "page_rating_contents": 0, "page_rating_votes": 0, "page_rating_visits": 0, "page_rating": 0, "tags": [], "comments": [], "vote": 0}, {"source": "https://feeds.nbcnews.com/nbcnews/public/tech", "title": "South Korean opposition leader Lee Jae-myung attacked, injured by unidentified man, officials say", "description": "South Korean opposition leader Lee Jae-myung was attacked and injured by an unidentified man during a visit Tuesday to the southeastern city of Busan, emergency officials said.", "link": "https://www.nbcnews.com/news/world/man-attacks-injures-south-korean-opposition-leader-lee-jae-myung-rcna131818", "date_published": "2024-01-02T02:47:49+00:00", "permanent": false, "bookmarked": false, "dead": false, "artist": "NBC tech", "album": "NBC tech", "user": null, "language": "en-US", "thumbnail": "https://media-cldnry.s-nbcnews.com/image/upload/t_fit_1500w/rockcms/2024-01/240101-south-korea-Lee-Jae-myung-rc-945P-975a1f.jpg", "age": null, "page_rating_contents": 0, "page_rating_votes": 0, "page_rating_visits": 0, "page_rating": 0, "tags": [], "comments": [], "vote": 0}]