[{"age": null, "album": "", "artist": null, "bookmarked": false, "comments": [], "date_published": "2024-05-06T23:22:00+00:00", "description": "AC bills can do a number on your finances -- but staying savvy with your air conditioner can help you stay cool without breaking the bank. Here's how to prep for summer heat waves.", "language": null, "link": "https://www.cnet.com/home/kitchen-and-household/save-money-on-your-ac-bill-during-heat-waves-this-summer/#ftag=CAD590a51e", "manual_status_code": 0, "page_rating": 32, "page_rating_contents": 100, "page_rating_visits": 0, "page_rating_votes": 0, "permanent": false, "source": "https://www.cnet.com/rss/news", "source_obj__id": 58, "status_code": 0, "tags": [], "thumbnail": "https://www.cnet.com/a/img/resize/fdb6c7a689f36b368d681c3845c3abaa8abc7362/hub/2024/05/06/cc1ae43f-4b6a-423c-9fcd-e3c842c56c69/summer-heat-series-1.jpg?auto=webp&width=300", "title": "Save Money on Your AC Bill During Heat Waves This Summer     - CNET", "user": null, "vote": 0}, {"age": null, "album": "", "artist": null, "bookmarked": false, "comments": [], "date_published": "2024-05-06T22:45:14+00:00", "description": "The Starliner's first crewed launch is more than a decade in the making.", "language": null, "link": "https://www.cnet.com/science/space/the-boeing-starliner-is-finally-taking-people-into-space-how-to-watch-the-launch-tonight/#ftag=CAD590a51e", "manual_status_code": 0, "page_rating": 32, "page_rating_contents": 100, "page_rating_visits": 0, "page_rating_votes": 0, "permanent": false, "source": "https://www.cnet.com/rss/news", "source_obj__id": 58, "status_code": 0, "tags": [], "thumbnail": "https://www.cnet.com/a/img/resize/1e40375a890abe96c3248185bdd995d06a89efac/hub/2024/05/06/f6a8a037-f866-4718-9911-3e269cd33273/gettyimages-2151128440.jpg?auto=webp&width=300", "title": "The Boeing Starliner Is Finally Taking People Into Space: How to Watch the Launch Tonight     - CNET", "user": null, "vote": 0}, {"age": null, "album": "", "artist": null, "bookmarked": false, "comments": [], "date_published": "2024-05-06T22:20:00+00:00", "description": "If you live far away and can't take Mom out to brunch, these gifts are the next best thing.", "language": null, "link": "https://www.cnet.com/news/best-mothers-day-gifts-when-you-cant-be-there-in-person/#ftag=CAD590a51e", "manual_status_code": 0, "page_rating": 32, "page_rating_contents": 100, "page_rating_visits": 0, "page_rating_votes": 0, "permanent": false, "source": "https://www.cnet.com/rss/news", "source_obj__id": 58, "status_code": 0, "tags": [], "thumbnail": "https://www.cnet.com/a/img/resize/8642127f13de8fca5110e6db2f16895cc97ccfd5/hub/2022/03/14/97d3d4b8-d695-433e-9574-5d73dc61d1e5/gettyimages-1219227772.jpg?auto=webp&width=300", "title": "Thoughtful Mother\u2019s Day Gifts for When You Can\u2019t Be There in Person     - CNET", "user": null, "vote": 0}, {"age": null, "album": "", "artist": null, "bookmarked": false, "comments": [], "date_published": "2024-05-06T22:00:13+00:00", "description": "You don't have to scroll endlessly to get to the top of your page.", "language": null, "link": "https://www.cnet.com/tech/mobile/scroll-smarter-not-harder-the-iphone-gesture-you-need-to-know/#ftag=CAD590a51e", "manual_status_code": 0, "page_rating": 32, "page_rating_contents": 100, "page_rating_visits": 0, "page_rating_votes": 0, "permanent": false, "source": "https://www.cnet.com/rss/news", "source_obj__id": 58, "status_code": 0, "tags": [], "thumbnail": "https://www.cnet.com/a/img/resize/45ef79a9070e13cf7808d941faea346c5953574a/hub/2023/10/04/62e1ae4e-bf73-4371-b9ed-3406530eba77/iphone-15-30.jpg?auto=webp&width=300", "title": "Scroll Smarter, Not Harder: The iPhone Gesture You Need to Know     - CNET", "user": null, "vote": 0}, {"age": null, "album": "", "artist": null, "bookmarked": false, "comments": [], "date_published": "2024-05-06T21:47:00+00:00", "description": "If you're thinking of switching or trying a new phone plan, you won't want to miss these deals. From subscriptions to free trials, there's something for every budget.", "language": null, "link": "https://www.cnet.com/deals/best-phone-plan-deals/#ftag=CAD590a51e", "manual_status_code": 0, "page_rating": 32, "page_rating_contents": 100, "page_rating_visits": 0, "page_rating_votes": 0, "permanent": false, "source": "https://www.cnet.com/rss/news", "source_obj__id": 58, "status_code": 0, "tags": [], "thumbnail": "https://www.cnet.com/a/img/resize/bb5ad05a4126b1a45d231e26f9cb7afa1a0bbdb5/hub/2022/04/14/ff5304b8-bc20-40bf-baab-5109ec50dca5/mint-mobile-logo-2022-464.jpg?auto=webp&width=300", "title": "Best Phone Plan Deals: Score Cheaper Plans, Trade-In Credits and Referral Rewards     - CNET", "user": null, "vote": 0}, {"age": null, "album": "", "artist": null, "bookmarked": false, "comments": [], "date_published": "2024-05-06T21:30:11+00:00", "description": "The next-next generation iPhone, planned for 2025, will apparently benefit from shrinking sensors and chips.", "language": null, "link": "https://www.cnet.com/tech/mobile/apple-will-reportedly-offer-iphone-slim-featuring-smaller-display-in-2025/#ftag=CAD590a51e", "manual_status_code": 0, "page_rating": 32, "page_rating_contents": 100, "page_rating_visits": 0, "page_rating_votes": 0, "permanent": false, "source": "https://www.cnet.com/rss/news", "source_obj__id": 58, "status_code": 0, "tags": [], "thumbnail": "https://www.cnet.com/a/img/resize/fb3e803429485b8cf235ed70c808b5451546e898/hub/2024/04/12/05b14377-5d95-48a0-9250-3bc73fdab306/iphone-15-pro-max-titanium.png?auto=webp&width=300", "title": "Apple Will Reportedly Offer iPhone Slim, Featuring Smaller Display, in 2025.     - CNET", "user": null, "vote": 0}, {"age": null, "album": "", "artist": null, "bookmarked": false, "comments": [], "date_published": "2024-05-06T21:10:00+00:00", "description": "Reusable water bottles are a great way to save money while helping the environment. Here are our top picks for the best reusable water bottles around.", "language": null, "link": "https://www.cnet.com/health/best-water-bottle/#ftag=CAD590a51e", "manual_status_code": 0, "page_rating": 32, "page_rating_contents": 100, "page_rating_visits": 0, "page_rating_votes": 0, "permanent": false, "source": "https://www.cnet.com/rss/news", "source_obj__id": 58, "status_code": 0, "tags": [], "thumbnail": "https://www.cnet.com/a/img/resize/24da164d850edf250d834f14e8909e8bf549c9f2/hub/2023/04/21/21d5b32e-c697-4fd3-86c2-f8ebaabca6ae/nalgene.jpg?auto=webp&width=300", "title": "Best Reusable Water Bottles in 2024     - CNET", "user": null, "vote": 0}, {"age": null, "album": "", "artist": null, "bookmarked": false, "comments": [], "date_published": "2024-05-06T21:00:04+00:00", "description": "Make sure you know \"BEFAST\" when dealing with stroke emergencies.", "language": null, "link": "https://www.cnet.com/health/medical/stroke-awareness-remember-this-acronym-to-save-a-life/#ftag=CAD590a51e", "manual_status_code": 0, "page_rating": 32, "page_rating_contents": 100, "page_rating_visits": 0, "page_rating_votes": 0, "permanent": false, "source": "https://www.cnet.com/rss/news", "source_obj__id": 58, "status_code": 0, "tags": [], "thumbnail": "https://www.cnet.com/a/img/resize/413cc9f571e4f775779d5d1af2a1a6d58ac70794/hub/2023/01/26/18624105-587f-43ab-9716-53b237ca452e/gettyimages-184356732.jpg?auto=webp&width=300", "title": "Stroke Awareness: Remember This Acronym to Save a Life     - CNET", "user": null, "vote": 0}, {"age": null, "album": "", "artist": null, "bookmarked": false, "comments": [], "date_published": "2024-05-06T20:48:00+00:00", "description": "Players reacted strongly and negatively when the original news came out, but now the company has changed plans.", "language": null, "link": "https://www.cnet.com/tech/gaming/sony-backs-down-pc-helldivers-2-players-wont-have-to-link-a-playstation-account/#ftag=CAD590a51e", "manual_status_code": 0, "page_rating": 32, "page_rating_contents": 100, "page_rating_visits": 0, "page_rating_votes": 0, "permanent": false, "source": "https://www.cnet.com/rss/news", "source_obj__id": 58, "status_code": 0, "tags": [], "thumbnail": "https://www.cnet.com/a/img/resize/bddc27d108c2502d8bd7498a2af06d39ffdaa56e/hub/2024/03/27/29b0467d-09b0-4258-93f4-f8058bc03439/helldivers-2-spread.jpg?auto=webp&width=300", "title": "Sony Backs Down: PC Helldivers 2 Players Won't Have to Link a PlayStation Account     - CNET", "user": null, "vote": 0}, {"age": null, "album": "", "artist": null, "bookmarked": false, "comments": [], "date_published": "2024-05-06T20:30:04+00:00", "description": "Not all plastics are created equal, and the same goes for recycling them.", "language": null, "link": "https://www.cnet.com/science/are-you-recycling-your-plastics-the-right-way-what-you-need-to-know/#ftag=CAD590a51e", "manual_status_code": 0, "page_rating": 32, "page_rating_contents": 100, "page_rating_visits": 0, "page_rating_votes": 0, "permanent": false, "source": "https://www.cnet.com/rss/news", "source_obj__id": 58, "status_code": 0, "tags": [], "thumbnail": "https://www.cnet.com/a/img/resize/d4da95b4aeacfcb335e94271c5994554be51dd9b/hub/2018/03/18/674c11fe-5a47-4e90-9656-ab0b8573aa12/img-9932.jpg?auto=webp&width=300", "title": "Are You Recycling Your Plastics the Right Way? What You Need to Know     - CNET", "user": null, "vote": 0}, {"age": null, "album": "", "artist": null, "bookmarked": false, "comments": [], "date_published": "2024-05-06T19:56:00+00:00", "description": "Regardless of how you take your coffee, you can make it yourself at home now, for a pretty good price too.", "language": null, "link": "https://www.cnet.com/deals/best-keurig-deals/#ftag=CAD590a51e", "manual_status_code": 0, "page_rating": 32, "page_rating_contents": 100, "page_rating_visits": 0, "page_rating_votes": 0, "permanent": false, "source": "https://www.cnet.com/rss/news", "source_obj__id": 58, "status_code": 0, "tags": [], "thumbnail": "https://www.cnet.com/a/img/resize/cdde2140fcfc8fd7d89679b99b1a9294bbcb7d25/hub/2022/11/28/0363cf58-1616-43a0-8446-a60e5bab7768/screen-shot-2022-11-28-at-2-44-45-pm.png?auto=webp&width=300", "title": "The Best Keurig Deals: Save Big Bucks on K-Classic, K-Elite and Other Models     - CNET", "user": null, "vote": 0}, {"age": null, "album": "", "artist": null, "bookmarked": false, "comments": [], "date_published": "2024-05-06T19:52:00+00:00", "description": "As the Affordable Connectivity Program runs out of money, 23 million households face higher internet bills in May.", "language": null, "link": "https://www.cnet.com/home/internet/slew-of-acp-bills-introduced-as-congress-races-to-renew-internet-subsidy/#ftag=CAD590a51e", "manual_status_code": 0, "page_rating": 32, "page_rating_contents": 100, "page_rating_visits": 0, "page_rating_votes": 0, "permanent": false, "source": "https://www.cnet.com/rss/news", "source_obj__id": 58, "status_code": 0, "tags": [], "thumbnail": "https://www.cnet.com/a/img/resize/6bad757a491080f6c63a95a52c94b83582370163/hub/2024/03/23/1a5da5c3-a252-4765-b4df-a8dc0b90a12e/affordable-internet-by-getty.jpg?auto=webp&width=300", "title": "Slew of ACP Bills Introduced as Congress Races to Renew Internet Subsidy     - CNET", "user": null, "vote": 0}, {"age": null, "album": "", "artist": null, "bookmarked": false, "comments": [], "date_published": "2024-05-06T19:39:00+00:00", "description": "I learned that closing a card won't necessarily tank your credit score. But that doesn't mean you should do it.", "language": null, "link": "https://www.cnet.com/personal-finance/i-let-my-oldest-credit-card-die-i-was-shocked-my-credit-score-didnt-die-with-it/#ftag=CAD590a51e", "manual_status_code": 0, "page_rating": 32, "page_rating_contents": 100, "page_rating_visits": 0, "page_rating_votes": 0, "permanent": false, "source": "https://www.cnet.com/rss/news", "source_obj__id": 58, "status_code": 0, "tags": [], "thumbnail": "https://www.cnet.com/a/img/resize/e9c9223358e515518403b7142b8f14788016908e/hub/2024/05/06/d668ba27-2328-46cb-9c8f-59c1b347ac21/gettyimages-172240370.jpg?auto=webp&width=300", "title": "I Let My Oldest Credit Card Die. I Was Shocked My Credit Score Didn't Die With It     - CNET", "user": null, "vote": 0}, {"age": null, "album": "", "artist": null, "bookmarked": false, "comments": [], "date_published": "2024-05-06T19:25:00+00:00", "description": "Lensabl is currently offering 20% off all sunglasses, including lenses and frames. You have until the end of the month to snag its most popular models.", "language": null, "link": "https://www.cnet.com/deals/score-sunglass-lenses-and-frames-for-20-off-at-lensabl-until-may-31/#ftag=CAD590a51e", "manual_status_code": 0, "page_rating": 32, "page_rating_contents": 100, "page_rating_visits": 0, "page_rating_votes": 0, "permanent": false, "source": "https://www.cnet.com/rss/news", "source_obj__id": 58, "status_code": 0, "tags": [], "thumbnail": "https://www.cnet.com/a/img/resize/b7de4948fc2ad946c4f254a167991dd2b313e45f/hub/2024/05/06/a5357dea-3631-404a-836a-aa0a8a16133e/untitled-design-19.png?auto=webp&width=300", "title": "Score Sunglass Lenses and Frames for 20% Off at Lensabl Until May 31     - CNET", "user": null, "vote": 0}, {"age": null, "album": "", "artist": null, "bookmarked": false, "comments": [], "date_published": "2024-05-06T18:43:00+00:00", "description": "You can get a Restaurant.com gift card for over 80% off retail price, and it's valid at more than 60,000 locations in the US.", "language": null, "link": "https://www.cnet.com/deals/snag-this-incredible-deal-and-get-200-of-restaurant-com-credit-for-just-35/#ftag=CAD590a51e", "manual_status_code": 0, "page_rating": 32, "page_rating_contents": 100, "page_rating_visits": 0, "page_rating_votes": 0, "permanent": false, "source": "https://www.cnet.com/rss/news", "source_obj__id": 58, "status_code": 0, "tags": [], "thumbnail": "https://www.cnet.com/a/img/resize/a9541853ddcd81218ccb2e69080b4c255d8abf3d/hub/2024/04/19/e635fd35-9b3a-472c-ac46-9a330f6b9cb9/restaurant-dot-com-gift-cards.png?auto=webp&width=300", "title": "Snag This Incredible Deal and Get $200 of Restaurant.com Credit for Just $35     - CNET", "user": null, "vote": 0}, {"age": null, "album": "", "artist": null, "bookmarked": false, "comments": [], "date_published": "2024-05-06T18:11:00+00:00", "description": "If you've been wanting to invest in a pair of Beats headphones, now is the perfect time.", "language": null, "link": "https://www.cnet.com/deals/get-up-to-49-off-beats-headphones-with-this-massive-sale-at-amazon/#ftag=CAD590a51e", "manual_status_code": 0, "page_rating": 32, "page_rating_contents": 100, "page_rating_visits": 0, "page_rating_votes": 0, "permanent": false, "source": "https://www.cnet.com/rss/news", "source_obj__id": 58, "status_code": 0, "tags": [], "thumbnail": "https://www.cnet.com/a/img/resize/ecb790cb97501de0d515addfe3bbd4c2972b8176/hub/2024/05/06/f432c492-e8e5-40e3-8b6e-f4bffd5ec814/beats-headphones-collage.jpg?auto=webp&width=300", "title": "Get Up to 49% Off Beats Headphones With This Massive Sale at Amazon     - CNET", "user": null, "vote": 0}, {"age": null, "album": "", "artist": null, "bookmarked": false, "comments": [], "date_published": "2024-05-06T17:23:00+00:00", "description": "These unique TVs also double as wall art, but the discount ends tonight, so you'll want to act fast to get one.", "language": null, "link": "https://www.cnet.com/deals/save-up-to-500-on-samsungs-stylish-the-frame-tv/#ftag=CAD590a51e", "manual_status_code": 0, "page_rating": 32, "page_rating_contents": 100, "page_rating_visits": 0, "page_rating_votes": 0, "permanent": false, "source": "https://www.cnet.com/rss/news", "source_obj__id": 58, "status_code": 0, "tags": [], "thumbnail": "https://www.cnet.com/a/img/resize/4f4a42764d6cf7e014d989c234f30cb831df11a3/hub/2024/05/06/681d4dfb-545b-464a-bbe1-059bf69c9549/untitled-design-18.png?auto=webp&width=300", "title": "Save Up to $500 on Samsung's Stylish 'The Frame' TV     - CNET", "user": null, "vote": 0}, {"age": null, "album": "", "artist": null, "bookmarked": false, "comments": [], "date_published": "2024-05-06T17:07:00+00:00", "description": "Save up to $50 on this thoughtful gift \u2014 just in time for Mother's Day.", "language": null, "link": "https://www.cnet.com/deals/last-chance-save-up-to-50-on-select-skylight-frames-and-calendars-for-mom/#ftag=CAD590a51e", "manual_status_code": 0, "page_rating": 32, "page_rating_contents": 100, "page_rating_visits": 0, "page_rating_votes": 0, "permanent": false, "source": "https://www.cnet.com/rss/news", "source_obj__id": 58, "status_code": 0, "tags": [], "thumbnail": "https://www.cnet.com/a/img/resize/54876fb95d0b9c75ef53e503cd0828546df91481/hub/2024/05/06/f6c6c32d-3997-43e1-95c6-98815d498543/2c84a430-03a0-4726-902c-0af3dec11344.jpg?auto=webp&width=300", "title": "Last Chance: Save Up to $50 on Select Skylight Frames and Calendars for Mom     - CNET", "user": null, "vote": 0}, {"age": null, "album": "", "artist": null, "bookmarked": false, "comments": [], "date_published": "2024-05-06T17:05:00+00:00", "description": "Apple Arcade subscribers can play these titles in June.", "language": null, "link": "https://www.cnet.com/tech/gaming/apple-arcade-gets-this-award-winning-title-and-more-soon/#ftag=CAD590a51e", "manual_status_code": 0, "page_rating": 32, "page_rating_contents": 100, "page_rating_visits": 0, "page_rating_votes": 0, "permanent": false, "source": "https://www.cnet.com/rss/news", "source_obj__id": 58, "status_code": 0, "tags": [], "thumbnail": "https://www.cnet.com/a/img/resize/84e462cc1dbf3ea855b257852ed1a71853741278/hub/2023/05/04/53f5296f-244c-4fe2-aef6-6700b99e08e8/apple-arcade-arcade-is-open-banner-1920x1080.jpg?auto=webp&width=300", "title": "Apple Arcade Gets This Award-Winning Title and More Soon     - CNET", "user": null, "vote": 0}, {"age": null, "album": "", "artist": null, "bookmarked": false, "comments": [], "date_published": "2024-05-06T17:00:24+00:00", "description": "What to watch: A roundup of titles to keep you busy this week, May 6 to 12.", "language": null, "link": "https://www.cnet.com/tech/services-and-software/what-to-stream-this-week-the-iron-claw-bodkin-and-other-top-picks/#ftag=CAD590a51e", "manual_status_code": 0, "page_rating": 32, "page_rating_contents": 100, "page_rating_visits": 0, "page_rating_votes": 0, "permanent": false, "source": "https://www.cnet.com/rss/news", "source_obj__id": 58, "status_code": 0, "tags": [], "thumbnail": "https://www.cnet.com/a/img/resize/17cee15fc48aafdded636ce382501823183899aa/hub/2024/05/02/d01cf6a0-e10d-4a82-831b-1e781df9e150/ic-33908-5.jpg?auto=webp&width=300", "title": "What to Stream This Week: 'The Iron Claw,' 'Bodkin' and Other Top Picks     - CNET", "user": null, "vote": 0}, {"age": null, "album": "", "artist": null, "bookmarked": false, "comments": [], "date_published": "2024-05-06T16:30:24+00:00", "description": "If learning American Sign Language is something you've been wanting to do, now is your chance with 80% off this learning bundle with lifetime access.", "language": null, "link": "https://www.cnet.com/deals/get-your-hands-on-lifetime-access-to-learning-american-sign-language-for-20/#ftag=CAD590a51e", "manual_status_code": 0, "page_rating": 32, "page_rating_contents": 100, "page_rating_visits": 0, "page_rating_votes": 0, "permanent": false, "source": "https://www.cnet.com/rss/news", "source_obj__id": 58, "status_code": 0, "tags": [], "thumbnail": "https://www.cnet.com/a/img/resize/c365178ba955b7c55a122d91fa7d3dbf5d855d46/hub/2022/04/13/5f684af9-9a6b-471e-b74b-feb2c70989b1/aslbundle.jpg?auto=webp&width=300", "title": "Get Your Hands on Lifetime Access to Learning American Sign Language for $20     - CNET", "user": null, "vote": 0}, {"age": null, "album": "", "artist": null, "bookmarked": false, "comments": [], "date_published": "2024-05-06T16:27:05+00:00", "description": "Android fans can currently bag this 11-inch tablet at a massive $50 discount, but it's unlikely to stay that way for long.", "language": null, "link": "https://www.cnet.com/deals/this-samsung-galaxy-tab-a9-plus-is-just-170-for-now/#ftag=CAD590a51e", "manual_status_code": 0, "page_rating": 32, "page_rating_contents": 100, "page_rating_visits": 0, "page_rating_votes": 0, "permanent": false, "source": "https://www.cnet.com/rss/news", "source_obj__id": 58, "status_code": 0, "tags": [], "thumbnail": "https://www.cnet.com/a/img/resize/efe43df16dd239d942b3fe4ba844648027477715/hub/2024/04/17/f692a7e0-5a42-47b3-bff0-2d17f82f1d12/samsung-galaxy-tab-a9-plus.jpg?auto=webp&width=300", "title": "This Samsung Galaxy Tab A9 Plus Is Just $170, for Now     - CNET", "user": null, "vote": 0}, {"age": null, "album": "", "artist": null, "bookmarked": false, "comments": [], "date_published": "2024-05-06T16:00:24+00:00", "description": "If you want to get your hands on Google's first foldable phone, these deals will save you money or get you free stuff.", "language": null, "link": "https://www.cnet.com/deals/best-pixel-fold-deals/#ftag=CAD590a51e", "manual_status_code": 0, "page_rating": 32, "page_rating_contents": 100, "page_rating_visits": 0, "page_rating_votes": 0, "permanent": false, "source": "https://www.cnet.com/rss/news", "source_obj__id": 58, "status_code": 0, "tags": [], "thumbnail": "https://www.cnet.com/a/img/resize/05f2f01a1753d3dd0f80d05584b0106b4f698bb7/hub/2023/05/04/faf62879-b5df-4b48-8f33-4a8f872e37c4/google-pixel-fold-phone-google-io-2023-8.jpg?auto=webp&width=300", "title": "Google Pixel Fold Deals: Save With Bill Credits, Freebies and More     - CNET", "user": null, "vote": 0}, {"age": null, "album": "", "artist": null, "bookmarked": false, "comments": [], "date_published": "2024-05-06T16:00:19+00:00", "description": "Get the PlayStation VR 2 right now for less, with savings on Horizon Call of the Mountain, too.", "language": null, "link": "https://www.cnet.com/deals/playstation-vr-2-deals/#ftag=CAD590a51e", "manual_status_code": 0, "page_rating": 32, "page_rating_contents": 100, "page_rating_visits": 0, "page_rating_votes": 0, "permanent": false, "source": "https://www.cnet.com/rss/news", "source_obj__id": 58, "status_code": 0, "tags": [], "thumbnail": "https://www.cnet.com/a/img/resize/7710e86708f5bee6f968edf8101dc8d2a8a2f2c7/hub/2022/09/13/e30aaa77-dd5b-4160-91b5-32d78b2d2790/sony-playstation-vr2-7789.jpg?auto=webp&width=300", "title": "Best PlayStation VR 2 Deals: Save on Sony's Latest and Greatest VR Gaming Headset     - CNET", "user": null, "vote": 0}, {"age": null, "album": "", "artist": null, "bookmarked": false, "comments": [], "date_published": "2024-05-06T16:00:00+00:00", "description": "Stay warm and fall asleep with ease with one of the best heated blankets we've reviewed.", "language": null, "link": "https://www.cnet.com/health/sleep/best-heated-blankets/#ftag=CAD590a51e", "manual_status_code": 0, "page_rating": 32, "page_rating_contents": 100, "page_rating_visits": 0, "page_rating_votes": 0, "permanent": false, "source": "https://www.cnet.com/rss/news", "source_obj__id": 58, "status_code": 0, "tags": [], "thumbnail": "https://www.cnet.com/a/img/resize/190931df86e8eb3a3eceab585268f1fef4746bb5/hub/2024/05/04/8ab5aa41-45c6-4ed2-9d72-3f453da8f325/beautyrestr-heated-oversized-faux-fur-throw-blanket.png?auto=webp&width=300", "title": "Best Heated Blankets for 2024     - CNET", "user": null, "vote": 0}, {"age": null, "album": "", "artist": null, "bookmarked": false, "comments": [], "date_published": "2024-05-06T16:00:00+00:00", "description": "Looking for a new toaster in 2024? Here are our top picks.", "language": null, "link": "https://www.cnet.com/home/kitchen-and-household/best-toaster-oven/#ftag=CAD590a51e", "manual_status_code": 0, "page_rating": 32, "page_rating_contents": 100, "page_rating_visits": 0, "page_rating_votes": 0, "permanent": false, "source": "https://www.cnet.com/rss/news", "source_obj__id": 58, "status_code": 0, "tags": [], "thumbnail": "https://www.cnet.com/a/img/resize/32e6a857a0af201d45cfa26ff91448f01e480e3a/hub/2019/03/01/c9753d74-8006-4da7-9108-0f68ec5ead43/panasonic-flash-express-toaster-oven-1.jpg?auto=webp&width=300", "title": "Best Toaster Ovens for 2024     - CNET", "user": null, "vote": 0}, {"age": null, "album": "", "artist": null, "bookmarked": false, "comments": [], "date_published": "2024-05-06T15:22:00+00:00", "description": "You can get a lifetime subscription to Windows 11 and Office Pro for a huge discount right now, paying just $70 for the pair.", "language": null, "link": "https://www.cnet.com/deals/score-double-savings-on-windows-11-pro-and-office-pro-2021-at-stacksocial-today/#ftag=CAD590a51e", "manual_status_code": 0, "page_rating": 32, "page_rating_contents": 100, "page_rating_visits": 0, "page_rating_votes": 0, "permanent": false, "source": "https://www.cnet.com/rss/news", "source_obj__id": 58, "status_code": 0, "tags": [], "thumbnail": "https://www.cnet.com/a/img/resize/1c3ed3e96d6a2ae18630a15fd8cfe92524f44d67/hub/2024/05/06/6bb0413f-6cf0-4a4c-9535-bd8942106a08/windows-11-pro-office.jpg?auto=webp&width=300", "title": "Score Double Savings on Windows 11 Pro and Office Pro 2021 at StackSocial Today     - CNET", "user": null, "vote": 0}, {"age": null, "album": "", "artist": null, "bookmarked": false, "comments": [], "date_published": "2024-05-06T15:14:00+00:00", "description": "The Chase Sapphire Referred and Reserve cards just got even better.", "language": null, "link": "https://www.cnet.com/personal-finance/dont-miss-it-chases-75000-point-limited-time-welcome-bonus-is-here-but-not-for-long/#ftag=CAD590a51e", "manual_status_code": 0, "page_rating": 32, "page_rating_contents": 100, "page_rating_visits": 0, "page_rating_votes": 0, "permanent": false, "source": "https://www.cnet.com/rss/news", "source_obj__id": 58, "status_code": 0, "tags": [], "thumbnail": "https://www.cnet.com/a/img/resize/b8b2cebafafbd39f9c89129c406e8bb6b8bc643e/hub/2024/05/03/0138cb0b-ff9d-4c52-ae52-00a43a239f55/gettyimages-1484913042.jpg?auto=webp&width=300", "title": "Our Favorite Travel Card Has a Limited-Time 75,000-Point Welcome Bonus. Don't Miss It     - CNET", "user": null, "vote": 0}, {"age": null, "album": "", "artist": null, "bookmarked": false, "comments": [], "date_published": "2024-05-06T15:00:00+00:00", "description": "Need to replace your lenses but love your frames? Here are the best online places to shop at for replacement lenses.", "language": null, "link": "https://www.cnet.com/health/personal-care/best-places-to-buy-replacement-prescription-lenses/#ftag=CAD590a51e", "manual_status_code": 0, "page_rating": 32, "page_rating_contents": 100, "page_rating_visits": 0, "page_rating_votes": 0, "permanent": false, "source": "https://www.cnet.com/rss/news", "source_obj__id": 58, "status_code": 0, "tags": [], "thumbnail": "https://www.cnet.com/a/img/resize/3962d683e5cbedb9973a13698d39a0cecbde3f4b/hub/2020/11/10/b5b71c49-fdcc-4bc5-8a95-2377725659ae/replacemnt-rx-lenses-promo.jpg?auto=webp&width=300", "title": "Best Places to Buy Replacement Prescription Lenses Online in 2024     - CNET", "user": null, "vote": 0}, {"age": null, "album": "", "artist": null, "bookmarked": false, "comments": [], "date_published": "2024-05-06T15:00:00+00:00", "description": "The new line of OLED TVs will rival LG's most affordable OLED TV, the B4 series.", "language": null, "link": "https://www.cnet.com/tech/home-entertainment/samsung-announces-s85d-entry-level-oled-tv-starting-at-1700/#ftag=CAD590a51e", "manual_status_code": 0, "page_rating": 32, "page_rating_contents": 100, "page_rating_visits": 0, "page_rating_votes": 0, "permanent": false, "source": "https://www.cnet.com/rss/news", "source_obj__id": 58, "status_code": 0, "tags": [], "thumbnail": "https://www.cnet.com/a/img/resize/c35e02d7a1bcbd56ae12723931b6253ba7442e79/hub/2024/05/03/2b244aef-c73c-402d-b4e4-656383556ff1/samsung-oled-tv.jpg?auto=webp&width=300", "title": "Samsung's New S85D Entry-Level OLED TV Starts at $1,700     - CNET", "user": null, "vote": 0}, {"age": null, "album": "", "artist": null, "bookmarked": false, "comments": [], "date_published": "2024-05-06T15:00:00+00:00", "description": "Take control of your sleep quality by implementing these tried-and-true expert tips into your routine.", "language": null, "link": "https://www.cnet.com/health/sleep/expert-ways-to-take-charge-of-your-sleep-quality/#ftag=CAD590a51e", "manual_status_code": 0, "page_rating": 32, "page_rating_contents": 100, "page_rating_visits": 0, "page_rating_votes": 0, "permanent": false, "source": "https://www.cnet.com/rss/news", "source_obj__id": 58, "status_code": 0, "tags": [], "thumbnail": "https://www.cnet.com/a/img/resize/4786486fbec934d53926796d16b3c07d38cdc3c4/hub/2019/08/02/0d708d92-a0c1-4b33-b187-e4470854675e/gettyimages-611475641.jpg?auto=webp&width=300", "title": "Stop Accepting Bad Sleep. 42 Expert Ways to Take Charge of Your Sleep Quality     - CNET", "user": null, "vote": 0}, {"age": null, "album": "", "artist": null, "bookmarked": false, "comments": [], "date_published": "2024-05-06T14:58:00+00:00", "description": "I surveyed five moving companies to get the inside scoop on how much to give.", "language": null, "link": "https://www.cnet.com/how-to/how-much-should-you-tip-movers-in-2024-heres-what-the-pros-say/#ftag=CAD590a51e", "manual_status_code": 0, "page_rating": 32, "page_rating_contents": 100, "page_rating_visits": 0, "page_rating_votes": 0, "permanent": false, "source": "https://www.cnet.com/rss/news", "source_obj__id": 58, "status_code": 0, "tags": [], "thumbnail": "https://www.cnet.com/a/img/resize/c47fc7e592c88eb63ebf0d4b46830a341b9baee3/hub/2023/04/20/29cd6a38-4e22-422e-aaf6-1c2af671faff/gettyimages-1448959052.jpg?auto=webp&width=300", "title": "How Much Should You Tip Movers in 2024? Here\u00e2\u20ac\u2122s What the Pros Say     - CNET", "user": null, "vote": 0}, {"age": null, "album": "", "artist": null, "bookmarked": false, "comments": [], "date_published": "2024-05-06T14:38:00+00:00", "description": "Ditch that old vacuum and upgrade to this self-emptying robot helper for just $799, saving $700 off the usual asking price.", "language": null, "link": "https://www.cnet.com/deals/the-dreametech-l20-ultra-robot-vacuum-matches-its-best-ever-799-price-with-our-discount-code/#ftag=CAD590a51e", "manual_status_code": 0, "page_rating": 32, "page_rating_contents": 100, "page_rating_visits": 0, "page_rating_votes": 0, "permanent": false, "source": "https://www.cnet.com/rss/news", "source_obj__id": 58, "status_code": 0, "tags": [], "thumbnail": "https://www.cnet.com/a/img/resize/6983e153dad9dba757313d758b593a9408c2bdca/hub/2024/04/22/62fa49c5-6492-4aed-8e49-56c9923ffddd/dreametech-l20-ultra-robot-vacuum.jpg?auto=webp&width=300", "title": "Dreametech L20 Ultra Robot Vacuum Matches Best-Ever $799 Price With Our Discount Code     - CNET", "user": null, "vote": 0}, {"age": null, "album": "", "artist": null, "bookmarked": false, "comments": [], "date_published": "2024-05-06T14:06:00+00:00", "description": "What to watch: A roundup of titles to keep you busy this week, May 6 to 12.", "language": null, "link": "https://www.cnet.com/tech/services-and-software/new-releases-to-stream-this-week-on-netflix-max-and-beyond/#ftag=CAD590a51e", "manual_status_code": 0, "page_rating": 32, "page_rating_contents": 100, "page_rating_visits": 0, "page_rating_votes": 0, "permanent": false, "source": "https://www.cnet.com/rss/news", "source_obj__id": 58, "status_code": 0, "tags": [], "thumbnail": "https://www.cnet.com/a/img/resize/5ef1fea7d898da4e7ad59a84a07603a0b6ecb2ea/hub/2024/05/02/00b2dc95-0f3c-49f5-af58-ac571bc1c51e/motb-20230509-22510rv2cc.jpg?auto=webp&width=300", "title": "New Releases to Stream This Week on Netflix, Max and Beyond     - CNET", "user": null, "vote": 0}, {"age": null, "album": "", "artist": null, "bookmarked": false, "comments": [], "date_published": "2024-05-06T14:02:00+00:00", "description": "You can use a HELOC to tap into your home's equity and get flexible access to cash with a revolving credit line.", "language": null, "link": "https://www.cnet.com/personal-finance/heloc-rates/#ftag=CAD590a51e", "manual_status_code": 0, "page_rating": 32, "page_rating_contents": 100, "page_rating_visits": 0, "page_rating_votes": 0, "permanent": false, "source": "https://www.cnet.com/rss/news", "source_obj__id": 58, "status_code": 0, "tags": [], "thumbnail": "https://www.cnet.com/a/img/resize/10d200ce919d4fa11853b46c205b7d1d2cfe4e15/hub/2022/07/08/0ec80861-3111-41d7-b341-6b33c8b42f21/gettyimages-523464808.jpg?auto=webp&width=300", "title": "Best Home Equity Line of Credit (HELOC) Rates for May 2024     - CNET", "user": null, "vote": 0}, {"age": null, "album": "", "artist": null, "bookmarked": false, "comments": [], "date_published": "2024-05-06T13:56:16+00:00", "description": "Shopping for a new AC unit? Learn why British Thermal Units matter.", "language": null, "link": "https://www.cnet.com/home/kitchen-and-household/the-secret-term-to-know-when-shopping-for-your-air-conditioner/#ftag=CAD590a51e", "manual_status_code": 0, "page_rating": 32, "page_rating_contents": 100, "page_rating_visits": 0, "page_rating_votes": 0, "permanent": false, "source": "https://www.cnet.com/rss/news", "source_obj__id": 58, "status_code": 0, "tags": [], "thumbnail": "https://www.cnet.com/a/img/resize/44524e89f2c7f089ba84a8cfe8e3eb995becb649/hub/2021/05/07/4aa05d28-7fbc-46bf-963d-1b0b6f2904a7/gettyimages-183893110.jpg?auto=webp&width=300", "title": "The Secret Term to Know When Shopping for Your Air Conditioner     - CNET", "user": null, "vote": 0}, {"age": null, "album": "", "artist": null, "bookmarked": false, "comments": [], "date_published": "2024-05-06T13:55:30+00:00", "description": "Snatch up this cutting-edge Cuisinart cutlery deal at Best Buy before it's gone.", "language": null, "link": "https://www.cnet.com/deals/today-only-best-buy-sliced-55-off-this-12-piece-cuisinart-cutlery-set/#ftag=CAD590a51e", "manual_status_code": 0, "page_rating": 32, "page_rating_contents": 100, "page_rating_visits": 0, "page_rating_votes": 0, "permanent": false, "source": "https://www.cnet.com/rss/news", "source_obj__id": 58, "status_code": 0, "tags": [], "thumbnail": "https://www.cnet.com/a/img/resize/f67d6ecb3daad950fbc4f5d88fde03333ced6e91/hub/2024/05/06/fb5a2eba-af59-4dd4-81e8-67e64300ef08/untitled-design-17.png?auto=webp&width=300", "title": "Today Only: Best Buy Sliced 55% Off This 12-Piece Cuisinart Cutlery Set     - CNET", "user": null, "vote": 0}, {"age": null, "album": "", "artist": null, "bookmarked": false, "comments": [], "date_published": "2024-05-06T13:38:00+00:00", "description": "Get this amazing smart lamp and have it sync with your music and match your mood -- all at a great price.", "language": null, "link": "https://www.cnet.com/deals/this-incredible-govee-floor-lamp-adds-ambiance-to-your-space-and-its-currently-40-off/#ftag=CAD590a51e", "manual_status_code": 0, "page_rating": 32, "page_rating_contents": 100, "page_rating_visits": 0, "page_rating_votes": 0, "permanent": false, "source": "https://www.cnet.com/rss/news", "source_obj__id": 58, "status_code": 0, "tags": [], "thumbnail": "https://www.cnet.com/a/img/resize/6696e3eae927c26322277016c44a26df49ede24b/hub/2024/05/01/e3ca5c9e-7685-478e-8d13-04e4c8f9227b/untitled-design-19.png?auto=webp&width=300", "title": "This Incredible Govee Floor Lamp Adds Ambiance to Your Space and It's Currently $40 Off     - CNET", "user": null, "vote": 0}, {"age": null, "album": "", "artist": null, "bookmarked": false, "comments": [], "date_published": "2024-05-06T13:05:00+00:00", "description": "What could be better than saving money on a good TV? Scoring a gift card to splurge on NBA gear, too.", "language": null, "link": "https://www.cnet.com/deals/nab-a-discounted-hisense-4k-tv-today-and-get-an-nba-store-gift-card-worth-up-to-200/#ftag=CAD590a51e", "manual_status_code": 0, "page_rating": 32, "page_rating_contents": 100, "page_rating_visits": 0, "page_rating_votes": 0, "permanent": false, "source": "https://www.cnet.com/rss/news", "source_obj__id": 58, "status_code": 0, "tags": [], "thumbnail": "https://www.cnet.com/a/img/resize/35550a86ea0e55d4d0b472ac02ba435e9c92d288/hub/2024/05/06/b11e4480-940e-4e29-9d79-a8803aacbc68/hisense-nba-deal.png?auto=webp&width=300", "title": "Nab a Discounted Hisense 4K TV Today and Get an NBA Store Gift Card Worth Up to $200     - CNET", "user": null, "vote": 0}, {"age": null, "album": "", "artist": null, "bookmarked": false, "comments": [], "date_published": "2024-05-06T13:00:05+00:00", "description": "Saatva makes many excellent mattresses, and the Solaire is one of its most unique beds. Using air chambers for support, could this bed be the compromise you're looking for?", "language": null, "link": "https://www.cnet.com/health/sleep/saatva-solaire-mattress-review/#ftag=CAD590a51e", "manual_status_code": 0, "page_rating": 32, "page_rating_contents": 100, "page_rating_visits": 0, "page_rating_votes": 0, "permanent": false, "source": "https://www.cnet.com/rss/news", "source_obj__id": 58, "status_code": 0, "tags": [], "thumbnail": "https://www.cnet.com/a/img/resize/76e3841f29d0d17c5056470a8abdfdcb1e3d4740/hub/2024/05/01/e77ad03f-de90-46ab-a54d-b58f18485f26/saatva-solaire-mattress-review-remote-1.jpg?auto=webp&width=300", "title": "Saatva Solaire Mattress Review 2024: A Truly Customizable Mattress for Couples     - CNET", "user": null, "vote": 0}, {"age": null, "album": "", "artist": null, "bookmarked": false, "comments": [], "date_published": "2024-05-06T12:52:00+00:00", "description": "We tried HelloFresh, the most popular meal kit service in the US, to see if its 50-plus recipes lived up to the hype.", "language": null, "link": "https://www.cnet.com/health/nutrition/hello-fresh-meal-kit-reviews/#ftag=CAD590a51e", "manual_status_code": 0, "page_rating": 32, "page_rating_contents": 100, "page_rating_visits": 0, "page_rating_votes": 0, "permanent": false, "source": "https://www.cnet.com/rss/news", "source_obj__id": 58, "status_code": 0, "tags": [], "thumbnail": "https://www.cnet.com/a/img/resize/eb03846209899b94cc64e31edd0afd8ca6a8489d/hub/2023/05/12/337a379b-b786-4b4b-9faa-9b5e7612e317/hellofresh.jpg?auto=webp&width=300", "title": "HelloFresh Is the Most Popular Meal Kit Service, but Is It the Best? We Tested It to Find out     - CNET", "user": null, "vote": 0}, {"age": null, "album": "", "artist": null, "bookmarked": false, "comments": [], "date_published": "2024-05-06T12:14:00+00:00", "description": "It turns out some of these well-known pasta-making \"hacks\" are sabotaging your spaghetti.", "language": null, "link": "https://www.cnet.com/how-to/stop-rinsing-your-noodles-and-other-pasta-making-mistakes-were-all-guilty-of/#ftag=CAD590a51e", "manual_status_code": 0, "page_rating": 32, "page_rating_contents": 100, "page_rating_visits": 0, "page_rating_votes": 0, "permanent": false, "source": "https://www.cnet.com/rss/news", "source_obj__id": 58, "status_code": 0, "tags": [], "thumbnail": "https://www.cnet.com/a/img/resize/58f2587444cfcbc8196b651087f0aa4bd047a0cf/hub/2019/09/18/33773821-bc3b-4216-a84a-9ed4f8942fe4/cauliflower-alfredo-recipe-chowhound.jpg?auto=webp&width=300", "title": "Stop Rinsing Your Noodles After Cooking: We Asked an Italian Chef About 9 Pasta Myths     - CNET", "user": null, "vote": 0}, {"age": null, "album": "", "artist": null, "bookmarked": false, "comments": [], "date_published": "2024-05-06T12:00:31+00:00", "description": "TCL's best budget phone yet includes everything you need, but is limited by compromises.", "language": null, "link": "https://www.cnet.com/tech/mobile/tcl-50-xl-5g-review-bites-off-more-than-it-can-chew/#ftag=CAD590a51e", "manual_status_code": 0, "page_rating": 32, "page_rating_contents": 100, "page_rating_visits": 0, "page_rating_votes": 0, "permanent": false, "source": "https://www.cnet.com/rss/news", "source_obj__id": 58, "status_code": 0, "tags": [], "thumbnail": "https://www.cnet.com/a/img/resize/fab7218427088e641b83bfa93260d25db7a544ef/hub/2024/05/03/b7a5a563-897c-40fd-a9da-3b518afd507e/tcl-50-xl-5g-144231.jpg?auto=webp&width=300", "title": "TCL 50 XL 5G Review: Bites Off More Than It Can Chew     - CNET", "user": null, "vote": 0}, {"age": null, "album": "", "artist": null, "bookmarked": false, "comments": [], "date_published": "2024-05-06T12:00:24+00:00", "description": "The DNSYS X1 exoskeleton gives you extra support on hikes, long-distance walks and can even help you run faster.", "language": null, "link": "https://www.cnet.com/tech/i-tried-an-ai-exoskeleton-thats-like-an-e-bike-for-legs/#ftag=CAD590a51e", "manual_status_code": 0, "page_rating": 32, "page_rating_contents": 100, "page_rating_visits": 0, "page_rating_votes": 0, "permanent": false, "source": "https://www.cnet.com/rss/news", "source_obj__id": 58, "status_code": 0, "tags": [], "thumbnail": "https://www.cnet.com/a/img/resize/a7f655308138705b77db8409c01c868eac7297ee/hub/2024/05/03/1d89bab7-14b4-4581-98a6-f4f7edb468d4/p1019261.jpg?auto=webp&width=300", "title": "I Tried an AI Exoskeleton That's Like an E-Bike for Legs     - CNET", "user": null, "vote": 0}, {"age": null, "album": "", "artist": null, "bookmarked": false, "comments": [], "date_published": "2024-05-06T12:00:21+00:00", "description": "Get up to speed on the rapidly evolving world of AI with our roundup of the week's developments.", "language": null, "link": "https://www.cnet.com/tech/computing/5-ish-things-on-ai-free-ai-classes-are-coming-your-way/#ftag=CAD590a51e", "manual_status_code": 0, "page_rating": 32, "page_rating_contents": 100, "page_rating_visits": 0, "page_rating_votes": 0, "permanent": false, "source": "https://www.cnet.com/rss/news", "source_obj__id": 58, "status_code": 0, "tags": [], "thumbnail": "https://www.cnet.com/a/img/resize/952587108b74bb03439a169007caef4bb2991c3f/hub/2024/05/04/04647ffe-2f4f-41fe-aa08-e385d70f2299/gettyimages-1490439198.jpg?auto=webp&width=300", "title": "5-ish Things on AI: Free AI Classes Are Coming Your Way     - CNET", "user": null, "vote": 0}, {"age": null, "album": "", "artist": null, "bookmarked": false, "comments": [], "date_published": "2024-05-06T12:00:09+00:00", "description": "Stuck on pricey pizza delivery and Thai takeout? Here's how much a prepared meal subscription or meal kit service service could save you in a year.", "language": null, "link": "https://www.cnet.com/health/nutrition/i-priced-8-prepared-meal-delivery-services-against-the-average-cost-of-takeout-and-wow/#ftag=CAD590a51e", "manual_status_code": 0, "page_rating": 32, "page_rating_contents": 100, "page_rating_visits": 0, "page_rating_votes": 0, "permanent": false, "source": "https://www.cnet.com/rss/news", "source_obj__id": 58, "status_code": 0, "tags": [], "thumbnail": "https://www.cnet.com/a/img/resize/d43dfeed52d6cce95f1b3c352dd53d860c659502/hub/2024/02/13/6372299c-788d-43bf-9a46-77b0bbae19e8/screenshot-2024-02-13-at-5-11-14pm.png?auto=webp&width=300", "title": "I Priced 8 Meal Delivery Services Against the Average Cost of Takeout and, Wow...     - CNET", "user": null, "vote": 0}, {"age": null, "album": "", "artist": null, "bookmarked": false, "comments": [], "date_published": "2024-05-06T12:00:04+00:00", "description": "The air fryer does it again. Making salmon in an air fryer produces flawless fish with almost no mess and less odor -- and it couldn't be easier.", "language": null, "link": "https://www.cnet.com/news/how-to-cook-perfect-salmon-in-an-air-fryer/#ftag=CAD590a51e", "manual_status_code": 0, "page_rating": 32, "page_rating_contents": 100, "page_rating_visits": 0, "page_rating_votes": 0, "permanent": false, "source": "https://www.cnet.com/rss/news", "source_obj__id": 58, "status_code": 0, "tags": [], "thumbnail": "https://www.cnet.com/a/img/resize/31e900792079578e17120fc85165bf950353696b/hub/2024/05/02/b0bd4d89-53a4-424c-9311-7c5573045ce3/screenshot-2024-05-02-at-1-29-59pm.png?auto=webp&width=300", "title": "How to Cook Perfect Salmon in an Air Fryer in Under 10 Minutes     - CNET", "user": null, "vote": 0}, {"age": null, "album": "", "artist": null, "bookmarked": false, "comments": [], "date_published": "2024-05-06T12:00:04+00:00", "description": "The DNSYS X1 is a powered exoskeleton that uses AI to predict your future joint movement and gives you support when you need it. It's designed for walking, hiking and running and costs $600.", "language": null, "link": "https://www.cnet.com/videos/trying-an-ai-exoskeleton-in-the-real-world/#ftag=CAD590a51e", "manual_status_code": 0, "page_rating": 32, "page_rating_contents": 100, "page_rating_visits": 0, "page_rating_votes": 0, "permanent": false, "source": "https://www.cnet.com/rss/news", "source_obj__id": 58, "status_code": 0, "tags": [], "thumbnail": "https://www.cnet.com/a/img/resize/2ced60cd7c8ac6180ec4a992d102626f50704f0b/hub/2024/05/03/0d85566f-6e77-48ff-8800-1b74f3b099cc/dnsysx1.jpg?auto=webp&width=300", "title": "Trying an AI Exoskeleton in the Real World video     - CNET", "user": null, "vote": 0}, {"age": null, "album": "", "artist": null, "bookmarked": false, "comments": [], "date_published": "2024-05-06T12:00:00+00:00", "description": "They're wonderful vacation companions and memory makers. The AI part is just a bonus that's along for the ride.", "language": null, "link": "https://www.cnet.com/tech/mobile/meta-ray-bans-6-months-later-the-best-ai-companion-happens-to-be-camera-glasses/#ftag=CAD590a51e", "manual_status_code": 0, "page_rating": 32, "page_rating_contents": 100, "page_rating_visits": 0, "page_rating_votes": 0, "permanent": false, "source": "https://www.cnet.com/rss/news", "source_obj__id": 58, "status_code": 0, "tags": [], "thumbnail": "https://www.cnet.com/a/img/resize/b6f3fb86dc34193cc564433395871bdb6be80952/hub/2024/05/03/be054abb-f6b9-47fa-a7f4-1b34e8dc95fc/meta-ray-ban-1.jpg?auto=webp&width=300", "title": "Meta Ray-Bans, 6 Months Later: The Best AI Companion Happens to Be Camera Glasses     - CNET", "user": null, "vote": 0}, {"age": null, "album": "", "artist": null, "bookmarked": false, "comments": [], "date_published": "2024-05-06T12:00:00+00:00", "description": "Modems and routers are devices that provide internet access at your address. But is it necessary to have both, and what are the differences between them?", "language": null, "link": "https://www.cnet.com/home/internet/modem-vs-router/#ftag=CAD590a51e", "manual_status_code": 0, "page_rating": 32, "page_rating_contents": 100, "page_rating_visits": 0, "page_rating_votes": 0, "permanent": false, "source": "https://www.cnet.com/rss/news", "source_obj__id": 58, "status_code": 0, "tags": [], "thumbnail": "https://www.cnet.com/a/img/resize/49584342fc8da5ae3a01a628dceb63a5e72b85ac/hub/2024/05/02/52cf4b62-a845-4c09-8e33-d287e7aa736a/gettyimages-1131810871.jpg?auto=webp&width=300", "title": "Modem vs. Router: What's the Difference?     - CNET", "user": null, "vote": 0}, {"age": null, "album": "", "artist": null, "bookmarked": false, "comments": [], "date_published": "2024-05-06T11:49:00+00:00", "description": "I learned that closing a card won't necessarily tank your credit score. But that doesn't mean you should do it.", "language": null, "link": "https://www.cnet.com/personal-finance/credit-cards/i-let-my-oldest-credit-card-die-i-was-shocked-my-credit-score-didnt-die-with-it/#ftag=CAD590a51e", "manual_status_code": 0, "page_rating": 32, "page_rating_contents": 100, "page_rating_visits": 0, "page_rating_votes": 0, "permanent": false, "source": "https://www.cnet.com/rss/news", "source_obj__id": 58, "status_code": 0, "tags": [], "thumbnail": "https://www.cnet.com/a/img/resize/e9c9223358e515518403b7142b8f14788016908e/hub/2024/05/06/d668ba27-2328-46cb-9c8f-59c1b347ac21/gettyimages-172240370.jpg?auto=webp&width=300", "title": "I Let My Oldest Credit Card Die. I Was Shocked My Credit Score Didn't Die With It     - CNET", "user": null, "vote": 0}, {"age": null, "album": "", "artist": null, "bookmarked": false, "comments": [], "date_published": "2024-05-06T11:00:04+00:00", "description": "Here's everything we've heard about Google's next cheap Pixel phone, which we expect to be unveiled during Google I/O.", "language": null, "link": "https://www.cnet.com/tech/mobile/google-pixel-8a-leaks-rumors-and-what-we-know/#ftag=CAD590a51e", "manual_status_code": 0, "page_rating": 32, "page_rating_contents": 100, "page_rating_visits": 0, "page_rating_votes": 0, "permanent": false, "source": "https://www.cnet.com/rss/news", "source_obj__id": 58, "status_code": 0, "tags": [], "thumbnail": "https://www.cnet.com/a/img/resize/edf79997bbbadc4073d7d1a14f614aadc516292f/hub/2023/05/04/19490af1-0352-4e8f-9afd-c274e2f91175/google-pixel-7a-phone-10.jpg?auto=webp&width=300", "title": "Google Pixel 8A: Leaks, Rumors and What We Know     - CNET", "user": null, "vote": 0}, {"age": null, "album": "", "artist": null, "bookmarked": false, "comments": [], "date_published": "2024-05-06T10:56:00+00:00", "description": "A few major mortgage rates increased. Here's what to expect if you're in the market for a home loan.", "language": null, "link": "https://www.cnet.com/personal-finance/mortgages/mortgage-rates-increase-for-prospective-buyers-current-mortgage-rates-for-may-6-2024/#ftag=CAD590a51e", "manual_status_code": 0, "page_rating": 32, "page_rating_contents": 100, "page_rating_visits": 0, "page_rating_votes": 0, "permanent": false, "source": "https://www.cnet.com/rss/news", "source_obj__id": 58, "status_code": 0, "tags": [], "thumbnail": "https://www.cnet.com/a/img/resize/82300d8496771989d90dc13ff9b9372aab2bc168/hub/2024/05/06/4e2c52ea-e158-45f1-bf5e-6a01c3b98fc5/top-story-18.jpg?auto=webp&width=300", "title": "Mortgage Rates Increase for Prospective Buyers: Current Mortgage Rates for May 6, 2024     - CNET", "user": null, "vote": 0}, {"age": null, "album": "", "artist": null, "bookmarked": false, "comments": [], "date_published": "2024-05-06T10:55:00+00:00", "description": "Refinance rates were mixed, but one key rate ticked up.", "language": null, "link": "https://www.cnet.com/personal-finance/mortgages/30-year-fixed-refinance-ticks-higher-current-refinance-rates-on-may-6-2024/#ftag=CAD590a51e", "manual_status_code": 0, "page_rating": 32, "page_rating_contents": 100, "page_rating_visits": 0, "page_rating_votes": 0, "permanent": false, "source": "https://www.cnet.com/rss/news", "source_obj__id": 58, "status_code": 0, "tags": [], "thumbnail": "https://www.cnet.com/a/img/resize/7a07791a063355e8d3454e994379cfb8c87c50fb/hub/2024/05/06/ff339900-fc37-4c8e-981c-dd2d1cc1803c/top-story-94.jpg?auto=webp&width=300", "title": "30-Year Fixed Refinance Ticks Higher: Current Refinance Rates on May 6, 2024     - CNET", "user": null, "vote": 0}, {"age": null, "album": "", "artist": null, "bookmarked": false, "comments": [], "date_published": "2024-05-06T10:00:04+00:00", "description": "Your phone calls can sound a whole lot better in just four easy steps.", "language": null, "link": "https://www.cnet.com/tech/services-and-software/this-hidden-apple-ios-feature-makes-your-iphone-calls-much-better/#ftag=CAD590a51e", "manual_status_code": 0, "page_rating": 32, "page_rating_contents": 100, "page_rating_visits": 0, "page_rating_votes": 0, "permanent": false, "source": "https://www.cnet.com/rss/news", "source_obj__id": 58, "status_code": 0, "tags": [], "thumbnail": "https://www.cnet.com/a/img/resize/bde0d25ff8d60d6ffdf67fff983b2314304969eb/hub/2024/04/01/77ad91b3-39e7-4a7d-9099-39d5297581bc/iphone15promax-closeup-light.jpg?auto=webp&width=300", "title": "This Hidden Apple iOS Feature Makes Your iPhone Calls Much Better     - CNET", "user": null, "vote": 0}, {"age": null, "album": "", "artist": null, "bookmarked": false, "comments": [], "date_published": "2024-05-06T09:30:00+00:00", "description": "CDs provide guaranteed returns \u00e2\u20ac\u201c a big perk in an uncertain rate environment.", "language": null, "link": "https://www.cnet.com/personal-finance/banking/cd-rates-today-may-6-2024/#ftag=CAD590a51e", "manual_status_code": 0, "page_rating": 32, "page_rating_contents": 100, "page_rating_visits": 0, "page_rating_votes": 0, "permanent": false, "source": "https://www.cnet.com/rss/news", "source_obj__id": 58, "status_code": 0, "tags": [], "thumbnail": "https://www.cnet.com/a/img/resize/72a38ac0e325f0268b52a19018db2f8887cfd6b1/hub/2024/05/06/fd4730ba-72c6-41c5-9182-337e6a801cc2/gettyimages-1362294435.jpg?auto=webp&width=300", "title": "Best CD Rates Today - Don't Sleep on These High Rates, May 6, 2024     - CNET", "user": null, "vote": 0}, {"age": null, "album": "", "artist": null, "bookmarked": false, "comments": [], "date_published": "2024-05-06T09:00:00+00:00", "description": "Maximize your interest earnings with a high APY while rates are still this attractive.", "language": null, "link": "https://www.cnet.com/personal-finance/banking/todays-best-savings-rates-may-6-2024/#ftag=CAD590a51e", "manual_status_code": 0, "page_rating": 32, "page_rating_contents": 100, "page_rating_visits": 0, "page_rating_votes": 0, "permanent": false, "source": "https://www.cnet.com/rss/news", "source_obj__id": 58, "status_code": 0, "tags": [], "thumbnail": "https://www.cnet.com/a/img/resize/0d79ecdb1c5e9b1d05afdf192e2ef2edfe02ea65/hub/2024/05/06/71811f8c-a4cf-4a44-baec-755fcc655131/gettyimages-107230862.jpg?auto=webp&width=300", "title": "Best Savings Rates Today -- Don't Wait to Snag APYs up to 5.55%, May 6, 2024     - CNET", "user": null, "vote": 0}, {"age": null, "album": "", "artist": null, "bookmarked": false, "comments": [], "date_published": "2024-05-06T08:11:00+00:00", "description": "Settling into your new home includes setting up your internet service. Here's how to go about it, whether transferring or switching internet providers.", "language": null, "link": "https://www.cnet.com/home/internet/moving-do-not-wait-to-set-up-your-internet-service-heres-how-to-do-it/#ftag=CAD590a51e", "manual_status_code": 0, "page_rating": 32, "page_rating_contents": 100, "page_rating_visits": 0, "page_rating_votes": 0, "permanent": false, "source": "https://www.cnet.com/rss/news", "source_obj__id": 58, "status_code": 0, "tags": [], "thumbnail": "https://www.cnet.com/a/img/resize/4378b02a779db675999003191d91f0192e87216e/hub/2023/05/01/e8b6c6fa-50b4-4e7e-8382-4353a1bfb281/couple-internet-moving-boxoes-gettyimages-939773032.jpg?auto=webp&width=300", "title": "Moving? Do Not Wait to Set Up Your Internet Service. Here's How to Do It     - CNET", "user": null, "vote": 0}, {"age": null, "album": "", "artist": null, "bookmarked": false, "comments": [], "date_published": "2024-05-06T03:45:00+00:00", "description": "Having a car phone mount is super convenient when you're on the go. Here are our favorites, all tested and reviewed by CNET experts.", "language": null, "link": "https://www.cnet.com/tech/mobile/best-car-phone-mount/#ftag=CAD590a51e", "manual_status_code": 0, "page_rating": 32, "page_rating_contents": 100, "page_rating_visits": 0, "page_rating_votes": 0, "permanent": false, "source": "https://www.cnet.com/rss/news", "source_obj__id": 58, "status_code": 0, "tags": [], "thumbnail": "https://www.cnet.com/a/img/resize/8832f826445876be7bb2f57124d2fccce74f7819/hub/2023/02/20/675e6d17-d421-48bf-8263-f5747ac94dd3/iottie-auto-sense-qi-wireless-car-charger.png?auto=webp&width=300", "title": "Best Car Phone Mount for 2024     - CNET", "user": null, "vote": 0}, {"age": null, "album": "", "artist": null, "bookmarked": false, "comments": [], "date_published": "2024-05-06T03:00:09+00:00", "description": "Here are some hints, and the answer, for Wordle No. 1052.", "language": null, "link": "https://www.cnet.com/tech/todays-wordle-hints-and-answer-help-for-may-6-1052/#ftag=CAD590a51e", "manual_status_code": 0, "page_rating": 32, "page_rating_contents": 100, "page_rating_visits": 0, "page_rating_votes": 0, "permanent": false, "source": "https://www.cnet.com/rss/news", "source_obj__id": 58, "status_code": 0, "tags": [], "thumbnail": "https://www.cnet.com/a/img/resize/6aaa291524a91252678933c559a3457281a4e208/hub/2024/04/30/77eed7a6-020b-40f8-b23e-aed247f34865/word-games-wordle-ny-times-9494.jpg?auto=webp&width=300", "title": "Today's Wordle Hints and Answer: Help for May 6, #1052     - CNET", "user": null, "vote": 0}, {"age": null, "album": "", "artist": null, "bookmarked": false, "comments": [], "date_published": "2024-05-06T03:00:04+00:00", "description": "Here are some hints, and the answers, for Connections No. 330.", "language": null, "link": "https://www.cnet.com/tech/gaming/todays-nyt-connections-hint-answerfor-may-6-330/#ftag=CAD590a51e", "manual_status_code": 0, "page_rating": 32, "page_rating_contents": 100, "page_rating_visits": 0, "page_rating_votes": 0, "permanent": false, "source": "https://www.cnet.com/rss/news", "source_obj__id": 58, "status_code": 0, "tags": [], "thumbnail": "https://www.cnet.com/a/img/resize/702cb3b1e990308211af6fffed92a57d5431b98e/hub/2024/04/30/5fbb5255-54e5-4315-a25d-4b1d13d980c6/word-games-connections-ny-times-9460.jpg?auto=webp&width=300", "title": "Today's NYT Connections Hints and Answers: Help for May 6, #330     - CNET", "user": null, "vote": 0}, {"age": null, "album": "", "artist": null, "bookmarked": false, "comments": [], "date_published": "2024-05-06T00:00:00+00:00", "description": "I've been paying nearly $200 yearly in equipment rental fees for as long as I can remember.", "language": null, "link": "https://www.cnet.com/home/internet/should-you-buy-or-rent-your-router-the-wrong-decision-cost-me-nearly-1k/#ftag=CAD590a51e", "manual_status_code": 0, "page_rating": 32, "page_rating_contents": 100, "page_rating_visits": 0, "page_rating_votes": 0, "permanent": false, "source": "https://www.cnet.com/rss/news", "source_obj__id": 58, "status_code": 0, "tags": [], "thumbnail": "https://www.cnet.com/a/img/resize/d856850cc0edacca70ae6c7f882666c48ef92421/hub/2024/01/09/e2416bed-f629-41e2-9478-7add2431c208/img-4093.jpg?auto=webp&width=300", "title": "Should You Buy or Rent Your Router? The Wrong Decision Cost Me Nearly $1K     - CNET", "user": null, "vote": 0}]