[{"age": null, "album": "", "artist": null, "bookmarked": false, "comments": [], "date_published": "2024-05-06T23:00:23+00:00", "description": "Matt Walsh and divorce lawyer James J. Sexton discuss the realities of divorce. \n\nLIKE & SUBSCRIBE for new videos every day. https://www.youtube.com/c/MattWalsh?sub_confirmation=1\n\nWatch the full interview here: https://bit.ly/3JR4Egc\n\nStop giving your money to woke corporations that hate you. Get your Jeremy\u2019s Razors today at https://bit.ly/3lSGpWa\n\nWatch my hit documentary, \u201cWhat Is A Woman?\u201d here: https://utm.io/ueSdV\n\nRepresent the Sweet Baby Gang by shopping my merch: https://tinyurl.com/y5dscrmm\n\n#MattWalsh #TheMattWalshShow #News #Politics #DailyWire #WhatIsAWoman", "language": null, "link": "https://www.youtube.com/watch?v=s_YQj4gTu1U", "manual_status_code": 0, "page_rating": 32, "page_rating_contents": 100, "page_rating_visits": 0, "page_rating_votes": 0, "permanent": false, "source": "https://www.youtube.com/feeds/videos.xml?channel_id=UCO01ytfzgXYy4glnPJm4PPQ", "source_obj__id": 212, "status_code": 0, "tags": [], "thumbnail": "https://i4.ytimg.com/vi/s_YQj4gTu1U/hqdefault.jpg", "title": "Behind The Scenes Of Divorce: What Really Goes On", "user": null, "vote": 0}, {"age": null, "album": "", "artist": null, "bookmarked": false, "comments": [], "date_published": "2024-05-06T22:00:08+00:00", "description": "Hallow - Join Hallow\u2019s Prayer 40 Challenge. You\u2019ll also get 3 months free at https://hallow.com/MattWalsh\n\nThe media has assembled the outrage mob once again, this time to hunt down and punish a frat boy who allegedly made racist noises while confronting a pro-Palestine protester at Ole Miss.\n\nBecome a DailyWire+ member and watch the full show: https://bit.ly/3xI9PZL\n\nLIKE & SUBSCRIBE for new videos every day. https://www.youtube.com/c/MattWalsh?sub_confirmation=1\n\nWatch the full episode here: Ep.1362 - https://bit.ly/4brA9Jg\n\nStop giving your money to woke corporations that hate you. Get your Jeremy\u2019s Razors today at https://bit.ly/3lSGpWa\n\nWatch my hit documentary, \u201cWhat Is A Woman?\u201d here: https://utm.io/ueSdV\n\nRepresent the Sweet Baby Gang by shopping my merch: https://tinyurl.com/y5dscrmm\n\n#MattWalsh #TheMattWalshShow #News #Politics #DailyWire #WhatIsAWoman", "language": null, "link": "https://www.youtube.com/watch?v=K2ceRhphcVg", "manual_status_code": 0, "page_rating": 32, "page_rating_contents": 100, "page_rating_visits": 0, "page_rating_votes": 0, "permanent": false, "source": "https://www.youtube.com/feeds/videos.xml?channel_id=UCO01ytfzgXYy4glnPJm4PPQ", "source_obj__id": 212, "status_code": 0, "tags": [], "thumbnail": "https://i4.ytimg.com/vi/K2ceRhphcVg/hqdefault.jpg", "title": "Watch The Frat Boy Clip That Has The Internet In An OUTRAGE", "user": null, "vote": 0}, {"age": null, "album": "", "artist": null, "bookmarked": false, "comments": [], "date_published": "2024-05-06T20:00:09+00:00", "description": "A NEW episode of \u201cJUDGED by Matt Walsh\u201d premieres tomorrow on DailyWire+! Get caught up on episodes 1-5 here: http://bit.ly/3W0jFTZ", "language": null, "link": "https://www.youtube.com/watch?v=Ut283rZWut4", "manual_status_code": 0, "page_rating": 32, "page_rating_contents": 100, "page_rating_visits": 0, "page_rating_votes": 0, "permanent": false, "source": "https://www.youtube.com/feeds/videos.xml?channel_id=UCO01ytfzgXYy4glnPJm4PPQ", "source_obj__id": 212, "status_code": 0, "tags": [], "thumbnail": "https://i2.ytimg.com/vi/Ut283rZWut4/hqdefault.jpg", "title": "There is no perjury allowed in my court...I think.", "user": null, "vote": 0}, {"age": null, "album": "", "artist": null, "bookmarked": false, "comments": [], "date_published": "2024-05-06T19:00:31+00:00", "description": "", "language": null, "link": "https://www.youtube.com/watch?v=oWPrrQ56uWE", "manual_status_code": 0, "page_rating": 32, "page_rating_contents": 100, "page_rating_visits": 0, "page_rating_votes": 0, "permanent": false, "source": "https://www.youtube.com/feeds/videos.xml?channel_id=UCO01ytfzgXYy4glnPJm4PPQ", "source_obj__id": 212, "status_code": 0, "tags": [], "thumbnail": "https://i4.ytimg.com/vi/oWPrrQ56uWE/hqdefault.jpg", "title": "Wow, she's the first person to notice this", "user": null, "vote": 0}, {"age": null, "album": "", "artist": null, "bookmarked": false, "comments": [], "date_published": "2024-05-06T18:00:06+00:00", "description": "Today on the Matt Walsh Show, the media has assembled the outrage mob once again, this time to hunt down and punish a frat boy who allegedly made racist noises while confronting a pro-Palestine protester at Ole Miss. Also, a new investigation reveals that the state of Massachusetts is paying 21 dollars a plate to feed glorified dog food to illegal migrants. The scandal isn't the quality of the food, but the fact that they're spending tax money to feed illegal immigrants in the first place. And Kristi Noem goes on Face the Nation to promote her new book. What follows is one of the most bizarre and awkward interviews any politician has ever given.\n\nTIMESTAMPS:\n\n00:00 - 00:33 Opening \n2:01 - 20:23 The Left Suddenly Forgets About Gaza And Spends Two Days Outraged Over A Frat Boy's Joke\n21:17 - 31:56 Massachusetts Pays Millions In Migrant Crisis Meals\n31:57 - 40:10 RFK Claims He 'Doesn't Know Enough' About Sex-Change Surgeries For Minors\n40:11 - 45:05 Harvard MDs Perform Horribly Embarrass", "language": null, "link": "https://www.youtube.com/watch?v=no5DWCHhazY", "manual_status_code": 0, "page_rating": 32, "page_rating_contents": 100, "page_rating_visits": 0, "page_rating_votes": 0, "permanent": false, "source": "https://www.youtube.com/feeds/videos.xml?channel_id=UCO01ytfzgXYy4glnPJm4PPQ", "source_obj__id": 212, "status_code": 0, "tags": [], "thumbnail": "https://i3.ytimg.com/vi/no5DWCHhazY/hqdefault.jpg", "title": "The Left Suddenly Forgets About Gaza And Spends Two Days Outraged Over A Frat Boy's Joke", "user": null, "vote": 0}, {"age": null, "album": "", "artist": null, "bookmarked": false, "comments": [], "date_published": "2024-05-06T15:00:25+00:00", "description": "The frat boy uprising continues in response to the leftist protests on college campuses across the country. \n\nBecome a DailyWire+ member and watch the full show: https://bit.ly/3xI9PZL\n\nLIKE & SUBSCRIBE for new videos every day. https://www.youtube.com/c/MattWalsh?sub_confirmation=1\n\nWatch the full episode here: Ep.1361 - https://bit.ly/3WmGrpz\n\nStop giving your money to woke corporations that hate you. Get your Jeremy\u2019s Razors today at https://bit.ly/3lSGpWa\n\nWatch my hit documentary, \u201cWhat Is A Woman?\u201d here: https://utm.io/ueSdV\n\nRepresent the Sweet Baby Gang by shopping my merch: https://tinyurl.com/y5dscrmm\n\n#MattWalsh #TheMattWalshShow #News #Politics #DailyWire #WhatIsAWoman", "language": null, "link": "https://www.youtube.com/watch?v=JmWjf-vlM1I", "manual_status_code": 0, "page_rating": 32, "page_rating_contents": 100, "page_rating_visits": 0, "page_rating_votes": 0, "permanent": false, "source": "https://www.youtube.com/feeds/videos.xml?channel_id=UCO01ytfzgXYy4glnPJm4PPQ", "source_obj__id": 212, "status_code": 0, "tags": [], "thumbnail": "https://i3.ytimg.com/vi/JmWjf-vlM1I/hqdefault.jpg", "title": "Frat Boys Vs. Nerdy Protestors. Whose Side Are You Taking?", "user": null, "vote": 0}, {"age": null, "album": "", "artist": null, "bookmarked": false, "comments": [], "date_published": "2024-05-06T14:00:13+00:00", "description": "", "language": null, "link": "https://www.youtube.com/watch?v=Mm4JWZt3sJg", "manual_status_code": 0, "page_rating": 32, "page_rating_contents": 100, "page_rating_visits": 0, "page_rating_votes": 0, "permanent": false, "source": "https://www.youtube.com/feeds/videos.xml?channel_id=UCO01ytfzgXYy4glnPJm4PPQ", "source_obj__id": 212, "status_code": 0, "tags": [], "thumbnail": "https://i2.ytimg.com/vi/Mm4JWZt3sJg/hqdefault.jpg", "title": "Teachers being armed in school is a GOOD idea", "user": null, "vote": 0}]