[{"age": null, "album": "", "artist": null, "bookmarked": false, "comments": [], "date_published": "2024-05-06T16:13:08+00:00", "description": "Valve put up a fresh Proton Experimental update today now than Proton 9.0 is officially available, with the usual assorted game compatibility improvements for Steam Deck / Linux.", "language": "en-us", "link": "https://www.gamingonlinux.com/2024/05/proton-experimental-openxr-command-conquer-the-desolate-hope", "manual_status_code": 0, "page_rating": 32, "page_rating_contents": 100, "page_rating_visits": 0, "page_rating_votes": 0, "permanent": false, "source": "https://www.gamingonlinux.com/article_rss.php", "source_obj__id": 130, "status_code": 0, "tags": [], "thumbnail": null, "title": "Proton Experimental updates OpenXR and fixes Command & Conquer, The Desolate Hope + more", "user": null, "vote": 0}, {"age": null, "album": "", "artist": null, "bookmarked": false, "comments": [], "date_published": "2024-05-06T11:47:47+00:00", "description": "Great news for anyone who uses their Steam Deck for PlayStation Remote Play, as the open source chiaki4deck app is testing a big upgrade for easier console connections.", "language": "en-us", "link": "https://www.gamingonlinux.com/2024/05/playstation-remote-play-for-steam-deck-app-chiaki4deck-testing-easier-connections", "manual_status_code": 0, "page_rating": 32, "page_rating_contents": 100, "page_rating_visits": 0, "page_rating_votes": 0, "permanent": false, "source": "https://www.gamingonlinux.com/article_rss.php", "source_obj__id": 130, "status_code": 0, "tags": [], "thumbnail": null, "title": "PlayStation Remote Play for Steam Deck app chiaki4deck testing easier connections", "user": null, "vote": 0}, {"age": null, "album": "", "artist": null, "bookmarked": false, "comments": [], "date_published": "2024-05-06T11:32:05+00:00", "description": "Fanatical have refreshed their popular Build your own Platinum Collection Bundle, which includes a total of 20 titles to pick from to add to your list.", "language": "en-us", "link": "https://www.gamingonlinux.com/2024/05/fanatical-has-another-fresh-build-your-own-platinum-collection-bundle-for-may", "manual_status_code": 0, "page_rating": 32, "page_rating_contents": 100, "page_rating_visits": 0, "page_rating_votes": 0, "permanent": false, "source": "https://www.gamingonlinux.com/article_rss.php", "source_obj__id": 130, "status_code": 0, "tags": [], "thumbnail": null, "title": "Fanatical has another fresh Build your own Platinum Collection bundle for May", "user": null, "vote": 0}, {"age": null, "album": "", "artist": null, "bookmarked": false, "comments": [], "date_published": "2024-05-06T11:11:09+00:00", "description": "Since I'm a big fan of stuff like Dorfromantik I've been keeping an eye on TerraScape, which just added controller support and they say Steam Deck support is planned too.", "language": "en-us", "link": "https://www.gamingonlinux.com/2024/05/city-building-puzzler-terrascape-gets-controller-support-steam-deck-support-coming", "manual_status_code": 0, "page_rating": 32, "page_rating_contents": 100, "page_rating_visits": 0, "page_rating_votes": 0, "permanent": false, "source": "https://www.gamingonlinux.com/article_rss.php", "source_obj__id": 130, "status_code": 0, "tags": [], "thumbnail": null, "title": "City-building puzzler TerraScape gets controller support, Steam Deck support coming", "user": null, "vote": 0}, {"age": null, "album": "", "artist": null, "bookmarked": false, "comments": [], "date_published": "2024-05-06T10:57:48+00:00", "description": "Ahead of the release of May 9th, SFB Games have managed to get their upcoming survival horror game Crow Country that's a love-letter to classic PlayStation horror games Steam Deck Verified.", "language": "en-us", "link": "https://www.gamingonlinux.com/2024/05/ps1-love-letter-survival-horror-game-crow-country-gets-steam-deck-verified", "manual_status_code": 0, "page_rating": 32, "page_rating_contents": 100, "page_rating_visits": 0, "page_rating_votes": 0, "permanent": false, "source": "https://www.gamingonlinux.com/article_rss.php", "source_obj__id": 130, "status_code": 0, "tags": [], "thumbnail": null, "title": "PS1 love-letter survival horror game Crow Country gets Steam Deck Verified", "user": null, "vote": 0}, {"age": null, "album": "", "artist": null, "bookmarked": false, "comments": [], "date_published": "2024-05-06T10:30:39+00:00", "description": "For those who love to game but have little time, here's a fresh take on the whole survivor-like genre thing with Cozy Space Survivors out now.", "language": "en-us", "link": "https://www.gamingonlinux.com/2024/05/time-survival-roguelite-in-space-cozy-space-survivors-is-out-now", "manual_status_code": 0, "page_rating": 32, "page_rating_contents": 100, "page_rating_visits": 0, "page_rating_votes": 0, "permanent": false, "source": "https://www.gamingonlinux.com/article_rss.php", "source_obj__id": 130, "status_code": 0, "tags": [], "thumbnail": null, "title": "Time survival roguelite in space Cozy Space Survivors is out now", "user": null, "vote": 0}, {"age": null, "album": "", "artist": null, "bookmarked": false, "comments": [], "date_published": "2024-05-06T10:08:27+00:00", "description": "Wildermyth - Omenroad is releasing on May 16th, adding in a whole lot of extra exciting sounding content for the popular party-based procedural storytelling RPG.", "language": "en-us", "link": "https://www.gamingonlinux.com/2024/05/fantastic-party-based-rpg-wildermyth-is-getting-a-big-new-content-dlc", "manual_status_code": 0, "page_rating": 32, "page_rating_contents": 100, "page_rating_visits": 0, "page_rating_votes": 0, "permanent": false, "source": "https://www.gamingonlinux.com/article_rss.php", "source_obj__id": 130, "status_code": 0, "tags": [], "thumbnail": null, "title": "Fantastic party-based RPG Wildermyth is getting a big new content DLC", "user": null, "vote": 0}, {"age": null, "album": "", "artist": null, "bookmarked": false, "comments": [], "date_published": "2024-05-06T09:52:29+00:00", "description": "Valve developers have done a lot of work over the years to improve AMD GPUs on Linux, and continue to do so with the Steam Deck using AMD and it seems like they're now getting stuck into NVIDIA too.", "language": "en-us", "link": "https://www.gamingonlinux.com/2024/05/valve-graphics-dev-gets-gamescope-working-on-nvk-with-explicit-sync", "manual_status_code": 0, "page_rating": 32, "page_rating_contents": 100, "page_rating_visits": 0, "page_rating_votes": 0, "permanent": false, "source": "https://www.gamingonlinux.com/article_rss.php", "source_obj__id": 130, "status_code": 0, "tags": [], "thumbnail": null, "title": "Valve graphics dev gets Gamescope working on NVK with Explicit Sync", "user": null, "vote": 0}, {"age": null, "album": "", "artist": null, "bookmarked": false, "comments": [], "date_published": "2024-05-06T09:38:56+00:00", "description": "Monster Prom 4: Monster Con has now been officially announced, taking the series a little more back to its dating sim roots.", "language": "en-us", "link": "https://www.gamingonlinux.com/2024/05/monster-prom-4-monster-con-dating-sim-announced", "manual_status_code": 0, "page_rating": 32, "page_rating_contents": 100, "page_rating_visits": 0, "page_rating_votes": 0, "permanent": false, "source": "https://www.gamingonlinux.com/article_rss.php", "source_obj__id": 130, "status_code": 0, "tags": [], "thumbnail": null, "title": "Monster Prom 4: Monster Con dating sim announced", "user": null, "vote": 0}, {"age": null, "album": "", "artist": null, "bookmarked": false, "comments": [], "date_published": "2024-05-06T09:27:04+00:00", "description": "Operation Completed? Sony announced their plans for forcing PlayStation Network accounts for Helldivers 2 have now been scrapped.", "language": "en-us", "link": "https://www.gamingonlinux.com/2024/05/sony-gives-up-on-forcing-playstation-network-for-helldivers-2", "manual_status_code": 0, "page_rating": 32, "page_rating_contents": 100, "page_rating_visits": 0, "page_rating_votes": 0, "permanent": false, "source": "https://www.gamingonlinux.com/article_rss.php", "source_obj__id": 130, "status_code": 0, "tags": [], "thumbnail": null, "title": "Sony gives up on forcing PlayStation Network for Helldivers 2", "user": null, "vote": 0}]