[{"age": null, "album": "", "artist": null, "bookmarked": false, "comments": [], "date_published": "2024-05-06T19:01:19+00:00", "description": "If Donald Trump keeps trying the patience of the judge presiding over his hush money trial, the former president could wind up back in his home New York City borough of Queens \u2014 specifically the prison on Rikers Island, experts said Monday.", "language": "en-US", "link": "https://www.nbcnews.com/politics/donald-trump/could-donald-trump-really-go-jail-gag-order-violations-rcna150848", "manual_status_code": 0, "page_rating": 32, "page_rating_contents": 100, "page_rating_visits": 0, "page_rating_votes": 0, "permanent": false, "source": "https://feeds.nbcnews.com/nbcnews/public/tech", "source_obj__id": 223, "status_code": 0, "tags": [], "thumbnail": "https://media-cldnry.s-nbcnews.com/image/upload/t_fit_1500w/rockcms/2024-05/240506-donald-trump-rikers-island-jail-hush-money-trial-cs-00f4f4.jpg", "title": "Could Donald Trump really go to jail for gag order violations?", "user": null, "vote": 0}, {"age": null, "album": "", "artist": null, "bookmarked": false, "comments": [], "date_published": "2024-05-06T15:28:17+00:00", "description": "Palestinian civilians rushed to flee parts of Rafah on Monday after the Israeli military told some 100,000 people to leave the southern Gaza city, a possible signal that a long-feared ground offensive could be imminent with talks for a last-ditch truce deal stalled.", "language": "en-US", "link": "https://www.nbcnews.com/news/world/israel-hamas-war-gaza-rafah-ground-assault-evacuation-order-leaflets-rcna150811", "manual_status_code": 0, "page_rating": 32, "page_rating_contents": 100, "page_rating_visits": 0, "page_rating_votes": 0, "permanent": false, "source": "https://feeds.nbcnews.com/nbcnews/public/tech", "source_obj__id": 223, "status_code": 0, "tags": [], "thumbnail": "https://media-cldnry.s-nbcnews.com/image/upload/t_fit_1500w/rockcms/2024-05/240506-rafah-mb-1230-211884.jpg", "title": "'Where do we go?' Palestinians flee parts of Rafah as Israeli military order stokes fears ground assault could be imminent", "user": null, "vote": 0}, {"age": null, "album": "", "artist": null, "bookmarked": false, "comments": [], "date_published": "2024-05-06T12:59:01+00:00", "description": "Columbia will replace its universitywide commencement ceremony on May 15 with \"smaller-scale, school-based celebrations,\" university officials announced Monday, after weeks of pro-Palestinian and counterprotests on campus.", "language": "en-US", "link": "https://www.nbcnews.com/news/us-news/columbia-university-cancels-commencement-rcna150778", "manual_status_code": 0, "page_rating": 32, "page_rating_contents": 100, "page_rating_visits": 0, "page_rating_votes": 0, "permanent": false, "source": "https://feeds.nbcnews.com/nbcnews/public/tech", "source_obj__id": 223, "status_code": 0, "tags": [], "thumbnail": "https://media-cldnry.s-nbcnews.com/image/upload/t_fit_1500w/rockcms/2024-05/240505-columbia-university-wm-1235p-e280fd.jpg", "title": "Columbia cancels universitywide commencement ceremony after weeks of protests on campus", "user": null, "vote": 0}, {"age": null, "album": "", "artist": null, "bookmarked": false, "comments": [], "date_published": "2024-05-06T11:33:01+00:00", "description": "Kim Godwin is out after three tumultuous years as ABC News president, a move presaged earlier this year when network parent Walt Disney Co.", "language": "en-US", "link": "https://www.nbcnews.com/news/us-news/kim-godwin-abc-news-president-rcna150815", "manual_status_code": 0, "page_rating": 32, "page_rating_contents": 100, "page_rating_visits": 0, "page_rating_votes": 0, "permanent": false, "source": "https://feeds.nbcnews.com/nbcnews/public/tech", "source_obj__id": 223, "status_code": 0, "tags": [], "thumbnail": "https://media-cldnry.s-nbcnews.com/image/upload/t_fit_1500w/rockcms/2024-05/240506-kim-godwin-al-0730-60e05c.jpg", "title": "Kim Godwin out as ABC News president after 3 years as first Black woman to lead network news division", "user": null, "vote": 0}, {"age": null, "album": "", "artist": null, "bookmarked": false, "comments": [], "date_published": "2024-05-06T11:16:55+00:00", "description": "Longtime Trump aide Hope Hicks testified Friday, detailing the \"crisis\" that unfolded after the \"Access Hollywood\" video became public.", "language": "en-US", "link": "https://www.nbcnews.com/politics/donald-trump/live-blog/trump-hush-money-trial-day-12-live-updates-rcna150792", "manual_status_code": 0, "page_rating": 32, "page_rating_contents": 100, "page_rating_visits": 0, "page_rating_votes": 0, "permanent": false, "source": "https://feeds.nbcnews.com/nbcnews/public/tech", "source_obj__id": 223, "status_code": 0, "tags": [], "thumbnail": "https://media-cldnry.s-nbcnews.com/image/upload/t_fit_1500w/rockcms/2024-05/240504-trump-ch-1346-78e79e.jpg", "title": "Judge threatens Trump with jail if he continues to violate gag order", "user": null, "vote": 0}, {"age": null, "album": "", "artist": null, "bookmarked": false, "comments": [], "date_published": "2024-05-06T11:00:00+00:00", "description": "Testimony will resume Monday morning in former President Donald Trump's hush money trial, following sometimes heated and sometimes emotional testimony from major witnesses last week.", "language": "en-US", "link": "https://www.nbcnews.com/politics/donald-trump/trump-hush-money-trial-rcna150671", "manual_status_code": 0, "page_rating": 32, "page_rating_contents": 100, "page_rating_visits": 0, "page_rating_votes": 0, "permanent": false, "source": "https://feeds.nbcnews.com/nbcnews/public/tech", "source_obj__id": 223, "status_code": 0, "tags": [], "thumbnail": "https://media-cldnry.s-nbcnews.com/image/upload/t_fit_1500w/rockcms/2024-05/240503-donald-trump-court-room-hush-monery-trial-ac-836p-d69528.jpg", "title": "Trump trial resumes after tense week of testimony", "user": null, "vote": 0}, {"age": null, "album": "", "artist": null, "bookmarked": false, "comments": [], "date_published": "2024-05-06T10:30:00+00:00", "description": "Caz Craffy got Gold Star families, survivors of military service members, to hand him their money, then banked huge commissions while making bad investments.", "language": "en-US", "link": "https://www.nbcnews.com/news/us-news/gold-star-families-bilked-by-army-financial-counselor-caz-craffy-rcna150609", "manual_status_code": 0, "page_rating": 32, "page_rating_contents": 100, "page_rating_visits": 0, "page_rating_votes": 0, "permanent": false, "source": "https://feeds.nbcnews.com/nbcnews/public/tech", "source_obj__id": 223, "status_code": 0, "tags": [], "thumbnail": "https://media-cldnry.s-nbcnews.com/image/upload/t_fit_1500w/rockcms/2024-05/240503-Natasha-Cruz-Bevard-ch-1615-633cac.jpg", "title": "First these Army families lost their loved ones. Then the man assigned to help them took their money.", "user": null, "vote": 0}, {"age": null, "album": "", "artist": null, "bookmarked": false, "comments": [], "date_published": "2024-05-06T09:00:00+00:00", "description": "Boeing is finally set to launch two NASA astronauts to the International Space Station on its Starliner spacecraft, following years of delays and glitches.", "language": "en-US", "link": "https://www.nbcnews.com/science/space/boeing-launch-nasa-astronauts-space-first-time-rcna150382", "manual_status_code": 0, "page_rating": 32, "page_rating_contents": 100, "page_rating_visits": 0, "page_rating_votes": 0, "permanent": false, "source": "https://feeds.nbcnews.com/nbcnews/public/tech", "source_obj__id": 223, "status_code": 0, "tags": [], "thumbnail": "https://media-cldnry.s-nbcnews.com/image/upload/t_fit_1500w/rockcms/2024-05/240502-boeing-ch-1008-865337.jpg", "title": "In a high-stakes test, Boeing will launch NASA astronauts to space for the first time", "user": null, "vote": 0}]