[{"age": null, "album": "", "artist": null, "bookmarked": false, "comments": [], "date_published": "2024-05-06T14:58:01+00:00", "description": "Poszukajmy tej jedynej i tego jeszcze bardziej jedynego:)\n\nPoprzedni odcinek:\nhttps://youtu.be/dut3a_Mw9AQ?si=R9f4F3JpAFqNAfR_\n\nDo\u0142\u0105cz do Niekrytej Rodziny:\nYT: https://www.youtube.com/channel/UCura5JPb8QkzXrMfAxq4Ssw/join\n\nNasze Wydawnictwo:\nhttps://wydawnictwocreativus.pl/ \n\nKontakt/Wsp\u00f3\u0142praca/Warsztaty/Szko\u0142a J\u0119zykowa Happy\n\u270d\ufe0f\ud83d\udce7 niekrytykrytyk@gmail.com \n\nTroch\u0119 prywaty:) Instagram: @niekrytyk\n\nMuzyka: https://youtu.be/JolP9gOOIoo?si=zQjoB8RDB4rMdr0F\n\n \ud83d\ude18 \ud83e\udde0 Fragmenty utwor\u00f3w nale\u017c\u0105 do ich prawnych w\u0142a\u015bcicieli i zosta\u0142y wykorzystane wg prawa cytatu (art.29 ust.1 ustawy o prawie autorskim i prawach pokrewnych).", "language": null, "link": "https://www.youtube.com/watch?v=2wQSkU7vc2Y", "manual_status_code": 0, "page_rating": 32, "page_rating_contents": 100, "page_rating_visits": 0, "page_rating_votes": 0, "permanent": false, "source": "https://www.youtube.com/feeds/videos.xml?channel_id=UCura5JPb8QkzXrMfAxq4Ssw", "source_obj__id": 441, "status_code": 0, "tags": [], "thumbnail": "https://i3.ytimg.com/vi/2wQSkU7vc2Y/hqdefault.jpg", "title": "TEN O ZLEWIE \u263c Przemy\u015blenia Niekrytego Krytyka", "user": null, "vote": 0}]