[{"age": null, "album": "", "artist": null, "bookmarked": false, "comments": [], "date_published": "2024-05-06T11:48:38+00:00", "description": "<p>European intelligence agencies are concerned about Russia&#8217;s increased sabotage activities across Europe, which include a series of covert and increasingly open acts of aggression against [&#8230;]</p>\n<p>The post <a href=\"https://insightnews.media/warnings-of-russian-agents-sabotage-across-europe/\">Warnings of Russian agents\u2019 sabotage across Europe\u00a0</a> appeared first on <a href=\"https://insightnews.media\">Insight News Media</a>.</p>", "language": "en-US", "link": "https://insightnews.media/warnings-of-russian-agents-sabotage-across-europe", "manual_status_code": 0, "page_rating": 32, "page_rating_contents": 100, "page_rating_visits": 0, "page_rating_votes": 0, "permanent": false, "source": "https://insightnews.media/feed", "source_obj__id": 153, "status_code": 0, "tags": [], "thumbnail": null, "title": "Warnings of Russian agents\u2019 sabotage across Europe", "user": null, "vote": 0}, {"age": null, "album": "", "artist": null, "bookmarked": false, "comments": [], "date_published": "2024-05-06T09:22:07+00:00", "description": "<p>After counting the results of the local elections in all 107 councils in the United Kingdom, the ruling Conservative Party dropped to third place in [&#8230;]</p>\n<p>The post <a href=\"https://insightnews.media/the-conservatives-have-fallen-to-third-place-in-the-british-local-elections/\">The Conservatives have fallen to third place in the British local elections</a> appeared first on <a href=\"https://insightnews.media\">Insight News Media</a>.</p>", "language": "en-US", "link": "https://insightnews.media/the-conservatives-have-fallen-to-third-place-in-the-british-local-elections", "manual_status_code": 0, "page_rating": 32, "page_rating_contents": 100, "page_rating_visits": 0, "page_rating_votes": 0, "permanent": false, "source": "https://insightnews.media/feed", "source_obj__id": 153, "status_code": 0, "tags": [], "thumbnail": null, "title": "The Conservatives have fallen to third place in the British local elections", "user": null, "vote": 0}, {"age": null, "album": "", "artist": null, "bookmarked": false, "comments": [], "date_published": "2024-05-06T06:34:13+00:00", "description": "<p>In Germany, a majority of people notice a strong influence on the far-right Alternative for Germany party from Russia and China. The German newspaper Bild [&#8230;]</p>\n<p>The post <a href=\"https://insightnews.media/most-germans-believe-that-afd-is-strongly-influenced-by-russia-and-china/\">Most Germans believe that AfD is strongly influenced by Russia and China</a> appeared first on <a href=\"https://insightnews.media\">Insight News Media</a>.</p>", "language": "en-US", "link": "https://insightnews.media/most-germans-believe-that-afd-is-strongly-influenced-by-russia-and-china", "manual_status_code": 0, "page_rating": 32, "page_rating_contents": 100, "page_rating_visits": 0, "page_rating_votes": 0, "permanent": false, "source": "https://insightnews.media/feed", "source_obj__id": 153, "status_code": 0, "tags": [], "thumbnail": null, "title": "Most Germans believe that AfD is strongly influenced by Russia and China", "user": null, "vote": 0}, {"age": null, "album": "", "artist": null, "bookmarked": false, "comments": [], "date_published": "2024-05-06T06:03:14+00:00", "description": "<p>Vice President of the European Commission V\u011bra Jourov\u00e1 has said that the EU executive body proposes to add Voice of Europe, a platform used to [&#8230;]</p>\n<p>The post <a href=\"https://insightnews.media/european-commission-plans-to-add-voice-of-europe-to-the-eu-sanctions-list/\">European Commission plans to add Voice of Europe to the EU sanctions list</a> appeared first on <a href=\"https://insightnews.media\">Insight News Media</a>.</p>", "language": "en-US", "link": "https://insightnews.media/european-commission-plans-to-add-voice-of-europe-to-the-eu-sanctions-list", "manual_status_code": 0, "page_rating": 32, "page_rating_contents": 100, "page_rating_visits": 0, "page_rating_votes": 0, "permanent": false, "source": "https://insightnews.media/feed", "source_obj__id": 153, "status_code": 0, "tags": [], "thumbnail": null, "title": "European Commission plans to add Voice of Europe to the EU sanctions list", "user": null, "vote": 0}]