[{"age": null, "album": "", "artist": null, "bookmarked": false, "comments": [], "date_published": "2024-05-06T23:07:19+00:00", "description": "<p>The first thing I install on any new device, whether it&#8217;s a smartphone, tablet, or computer, is a premium password manager, even if that device &#8230;</p>\n<p>The post <a href=\"https://bgr.com/tech/this-new-proton-pass-feature-might-get-you-to-switch-from-your-password-manager/\">This new Proton Pass feature might get you to switch from your password manager</a> appeared first on <a href=\"https://bgr.com\">BGR</a>.</p>", "language": "en-US", "link": "https://bgr.com/tech/this-new-proton-pass-feature-might-get-you-to-switch-from-your-password-manager", "manual_status_code": 0, "page_rating": 32, "page_rating_contents": 100, "page_rating_visits": 0, "page_rating_votes": 0, "permanent": false, "source": "https://bgr.com/feed", "source_obj__id": 29, "status_code": 0, "tags": [], "thumbnail": "https://bgr.com/wp-content/uploads/2024/05/proton-pass-monitor-1.jpg?quality=82&h=1000#038;strip=all", "title": "This new Proton Pass feature might get you to switch from your password manager", "user": null, "vote": 0}, {"age": null, "album": "", "artist": null, "bookmarked": false, "comments": [], "date_published": "2024-05-06T22:17:00+00:00", "description": "<p>I hope this Apple TV+ rumor is true, or I swear I&#8217;m going to send someone to the break room. It&#8217;s been more than two &#8230;</p>\n<p>The post <a href=\"https://bgr.com/entertainment/apple-tvs-best-sci-fi-show-is-coming-back-in-the-somewhat-near-future/\">Apple TV+&#8217;s best sci-fi show is coming back in the &#8216;somewhat near future&#8217;</a> appeared first on <a href=\"https://bgr.com\">BGR</a>.</p>", "language": "en-US", "link": "https://bgr.com/entertainment/apple-tvs-best-sci-fi-show-is-coming-back-in-the-somewhat-near-future", "manual_status_code": 0, "page_rating": 32, "page_rating_contents": 100, "page_rating_visits": 0, "page_rating_votes": 0, "permanent": false, "source": "https://bgr.com/feed", "source_obj__id": 29, "status_code": 0, "tags": [], "thumbnail": "https://bgr.com/wp-content/uploads/2024/05/rsz_atv_severance_photos_010602.jpg?quality=82&h=1000#038;strip=all", "title": "Apple TV+\u2019s best sci-fi show is coming back in the \u2018somewhat near future\u2019", "user": null, "vote": 0}, {"age": null, "album": "", "artist": null, "bookmarked": false, "comments": [], "date_published": "2024-05-06T21:34:32+00:00", "description": "<p>Scientists have created a new programmable antenna that is being considered the world\u2019s first 6G antenna. The data speeds possible with the new antenna could &#8230;</p>\n<p>The post <a href=\"https://bgr.com/tech/6g-may-be-fast-enough-for-us-to-communicate-with-futuristic-holograms/\">6G may be fast enough for us to communicate with futuristic holograms</a> appeared first on <a href=\"https://bgr.com\">BGR</a>.</p>", "language": "en-US", "link": "https://bgr.com/tech/6g-may-be-fast-enough-for-us-to-communicate-with-futuristic-holograms", "manual_status_code": 0, "page_rating": 32, "page_rating_contents": 100, "page_rating_visits": 0, "page_rating_votes": 0, "permanent": false, "source": "https://bgr.com/feed", "source_obj__id": 29, "status_code": 0, "tags": [], "thumbnail": "https://bgr.com/wp-content/uploads/2021/11/speed-of-light-fast-internet-wifi.jpg?quality=82&h=1000#038;strip=all", "title": "6G may be fast enough for us to communicate with futuristic holograms", "user": null, "vote": 0}, {"age": null, "album": "", "artist": null, "bookmarked": false, "comments": [], "date_published": "2024-05-06T20:19:00+00:00", "description": "<p>It&#8217;s a new month, which means that it&#8217;s time for a new round of games coming to Apple Arcade, the company&#8217;s game subscription service for &#8230;</p>\n<p>The post <a href=\"https://bgr.com/entertainment/whats-coming-to-apple-arcade-even-on-the-vision-pro-in-june-2024/\">What&#8217;s coming to Apple Arcade (even on the Vision Pro) in June 2024</a> appeared first on <a href=\"https://bgr.com\">BGR</a>.</p>", "language": "en-US", "link": "https://bgr.com/entertainment/whats-coming-to-apple-arcade-even-on-the-vision-pro-in-june-2024", "manual_status_code": 0, "page_rating": 32, "page_rating_contents": 100, "page_rating_visits": 0, "page_rating_votes": 0, "permanent": false, "source": "https://bgr.com/feed", "source_obj__id": 29, "status_code": 0, "tags": [], "thumbnail": "https://bgr.com/wp-content/uploads/2024/05/Apple-Arcade-hero_big.jpg.large_2x.jpg?quality=82&h=1000#038;strip=all", "title": "What\u2019s coming to Apple Arcade (even on the Vision Pro) in June 2024", "user": null, "vote": 0}, {"age": null, "album": "", "artist": null, "bookmarked": false, "comments": [], "date_published": "2024-05-06T19:24:00+00:00", "description": "<p>Every month, each of the major streamers bombards us with an impossibly long list of TV series to navigate. From Netflix to Prime Video, Apple &#8230;</p>\n<p>The post <a href=\"https://bgr.com/entertainment/the-5-most-anticipated-tv-series-coming-this-month/\">The 5 most-anticipated TV series coming this month</a> appeared first on <a href=\"https://bgr.com\">BGR</a>.</p>", "language": "en-US", "link": "https://bgr.com/entertainment/the-5-most-anticipated-tv-series-coming-this-month", "manual_status_code": 0, "page_rating": 32, "page_rating_contents": 100, "page_rating_visits": 0, "page_rating_votes": 0, "permanent": false, "source": "https://bgr.com/feed", "source_obj__id": 29, "status_code": 0, "tags": [], "thumbnail": "https://bgr.com/wp-content/uploads/2024/02/rsz_dark_matter_photo_010101.jpg?quality=82&h=1000#038;strip=all", "title": "The 5 most-anticipated TV series coming this month", "user": null, "vote": 0}, {"age": null, "album": "", "artist": null, "bookmarked": false, "comments": [], "date_published": "2024-05-06T18:31:00+00:00", "description": "<p>The clock is ticking. We&#8217;re less than three months away from the Deadpool &#38; Wolverine premiere. You&#8217;d better get ready for a flurry of interviews, &#8230;</p>\n<p>The post <a href=\"https://bgr.com/entertainment/marvel-bosss-big-deadpool-wolverine-revelation-changes-everything/\">Marvel boss&#8217;s big Deadpool &#038; Wolverine revelation changes everything</a> appeared first on <a href=\"https://bgr.com\">BGR</a>.</p>", "language": "en-US", "link": "https://bgr.com/entertainment/marvel-bosss-big-deadpool-wolverine-revelation-changes-everything", "manual_status_code": 0, "page_rating": 32, "page_rating_contents": 100, "page_rating_visits": 0, "page_rating_votes": 0, "permanent": false, "source": "https://bgr.com/feed", "source_obj__id": 29, "status_code": 0, "tags": [], "thumbnail": "https://bgr.com/wp-content/uploads/2023/07/Deadpool-Wolverine.jpg?quality=82&h=1000#038;strip=all", "title": "Marvel boss\u2019s big Deadpool & Wolverine revelation changes everything", "user": null, "vote": 0}, {"age": null, "album": "", "artist": null, "bookmarked": false, "comments": [], "date_published": "2024-05-06T17:38:00+00:00", "description": "<p>Apple&#8217;s various AirPods models are super popular among Apple fans for so many reasons. I myself have been an AirPods user since the 1st-generation model &#8230;</p>\n<p>The post <a href=\"https://bgr.com/tech/apple-airpods-vs-airpods-pro-comparison-price-anc/\">Apple&#8217;s regular old AirPods have 2 advantages over the Pro model</a> appeared first on <a href=\"https://bgr.com\">BGR</a>.</p>", "language": "en-US", "link": "https://bgr.com/tech/apple-airpods-vs-airpods-pro-comparison-price-anc", "manual_status_code": 0, "page_rating": 32, "page_rating_contents": 100, "page_rating_visits": 0, "page_rating_votes": 0, "permanent": false, "source": "https://bgr.com/feed", "source_obj__id": 29, "status_code": 0, "tags": [], "thumbnail": "https://bgr.com/wp-content/uploads/2023/07/Apple-AirPods-2nd-Generation.jpg?quality=82&h=1000#038;strip=all", "title": "Apple\u2019s regular old AirPods have 2 advantages over the Pro model", "user": null, "vote": 0}, {"age": null, "album": "", "artist": null, "bookmarked": false, "comments": [], "date_published": "2024-05-06T16:45:00+00:00", "description": "<p>Okay, Apple. The event is here so here&#8217;s your chance. We&#8217;re a few years into a continuously more confusing iPad lineup, so it&#8217;s about time &#8230;</p>\n<p>The post <a href=\"https://bgr.com/tech/apple-has-a-real-chance-to-fix-the-confusing-ipad-lineup-at-its-may-7-event/\">Apple has a real chance to fix the confusing iPad lineup at its May 7 event</a> appeared first on <a href=\"https://bgr.com\">BGR</a>.</p>", "language": "en-US", "link": "https://bgr.com/tech/apple-has-a-real-chance-to-fix-the-confusing-ipad-lineup-at-its-may-7-event", "manual_status_code": 0, "page_rating": 32, "page_rating_contents": 100, "page_rating_visits": 0, "page_rating_votes": 0, "permanent": false, "source": "https://bgr.com/feed", "source_obj__id": 29, "status_code": 0, "tags": [], "thumbnail": "https://bgr.com/wp-content/uploads/2024/05/ipad-lineup-2024.jpg?quality=82&h=1000#038;strip=all", "title": "Apple has a real chance to fix the confusing iPad lineup at its May 7 event", "user": null, "vote": 0}, {"age": null, "album": "", "artist": null, "bookmarked": false, "comments": [], "date_published": "2024-05-06T16:03:05+00:00", "description": "<p>Apple is expected to announce a new iPad Pro, iPad Air, and accessories at tomorrow&#8217;s Let Loose event. Now, it seems one of those little &#8230;</p>\n<p>The post <a href=\"https://bgr.com/tech/apple-pencil-pro-might-be-apples-surprise-announcement-at-the-ipad-event/\">Apple Pencil Pro might be Apple\u2019s surprise announcement at the iPad event</a> appeared first on <a href=\"https://bgr.com\">BGR</a>.</p>", "language": "en-US", "link": "https://bgr.com/tech/apple-pencil-pro-might-be-apples-surprise-announcement-at-the-ipad-event", "manual_status_code": 0, "page_rating": 32, "page_rating_contents": 100, "page_rating_visits": 0, "page_rating_votes": 0, "permanent": false, "source": "https://bgr.com/feed", "source_obj__id": 29, "status_code": 0, "tags": [], "thumbnail": "https://bgr.com/wp-content/uploads/2023/10/usb-c-apple-pencil-bgr.jpg?quality=82&h=1000#038;strip=all", "title": "Apple Pencil Pro might be Apple\u2019s surprise announcement at the iPad event", "user": null, "vote": 0}, {"age": null, "album": "", "artist": null, "bookmarked": false, "comments": [], "date_published": "2024-05-06T15:09:00+00:00", "description": "<p>While we&#8217;re getting ready for the iPhone 16 series, the first reports about next year&#8217;s iPhone 17 generation are already out. It might seem early, &#8230;</p>\n<p>The post <a href=\"https://bgr.com/tech/a-new-iphone-17-slim-might-debut-in-2025-and-ill-be-first-in-line-to-get-one/\">A new iPhone 17 Slim might debut in 2025, and I&#8217;ll be first in line to get one</a> appeared first on <a href=\"https://bgr.com\">BGR</a>.</p>", "language": "en-US", "link": "https://bgr.com/tech/a-new-iphone-17-slim-might-debut-in-2025-and-ill-be-first-in-line-to-get-one", "manual_status_code": 0, "page_rating": 32, "page_rating_contents": 100, "page_rating_visits": 0, "page_rating_votes": 0, "permanent": false, "source": "https://bgr.com/feed", "source_obj__id": 29, "status_code": 0, "tags": [], "thumbnail": "https://bgr.com/wp-content/uploads/2023/09/iphone-15-pro-max-5.jpg?quality=82&h=1000#038;strip=all", "title": "A new iPhone 17 Slim might debut in 2025, and I\u2019ll be first in line to get one", "user": null, "vote": 0}, {"age": null, "album": "", "artist": null, "bookmarked": false, "comments": [], "date_published": "2024-05-06T14:16:00+00:00", "description": "<p>I got to tell you, I&#8217;ve been a gamer my entire life and the last few days have been the biggest rollercoaster I&#8217;ve ever been &#8230;</p>\n<p>The post <a href=\"https://bgr.com/entertainment/major-order-completed-helldivers-2-players-declare-glorious-victory-over-sony/\">Major Order Completed: Helldivers 2 players declare Glorious Victory over Sony</a> appeared first on <a href=\"https://bgr.com\">BGR</a>.</p>", "language": "en-US", "link": "https://bgr.com/entertainment/major-order-completed-helldivers-2-players-declare-glorious-victory-over-sony", "manual_status_code": 0, "page_rating": 32, "page_rating_contents": 100, "page_rating_visits": 0, "page_rating_votes": 0, "permanent": false, "source": "https://bgr.com/feed", "source_obj__id": 29, "status_code": 0, "tags": [], "thumbnail": "https://bgr.com/wp-content/uploads/2024/03/Helldivers-2-Splash.jpg?quality=82&h=1000#038;strip=all", "title": "Major Order Completed: Helldivers 2 players declare Glorious Victory over Sony", "user": null, "vote": 0}, {"age": null, "album": "", "artist": null, "bookmarked": false, "comments": [], "date_published": "2024-05-06T13:23:00+00:00", "description": "<p>Amazon just announced Prime Day 2024 the other day, but it doesn&#8217;t happen until July. You wouldn&#8217;t know it to look at all the crazy &#8230;</p>\n<p>The post <a href=\"https://bgr.com/deals/todays-deals-179-airpods-pro-2-mattel-toys-kindles-fitbit-sale-12-50-matter-smart-plugs-more/\">Today&#8217;s deals: $179 AirPods Pro 2, Mattel toys, Kindles, Fitbit sale, $12.50 Matter smart plugs, more</a> appeared first on <a href=\"https://bgr.com\">BGR</a>.</p>", "language": "en-US", "link": "https://bgr.com/deals/todays-deals-179-airpods-pro-2-mattel-toys-kindles-fitbit-sale-12-50-matter-smart-plugs-more", "manual_status_code": 0, "page_rating": 32, "page_rating_contents": 100, "page_rating_visits": 0, "page_rating_votes": 0, "permanent": false, "source": "https://bgr.com/feed", "source_obj__id": 29, "status_code": 0, "tags": [], "thumbnail": "https://bgr.com/wp-content/uploads/2023/04/BGR-Deals-Of-The-Day-2023-Monday.jpg?quality=82&h=1000#038;strip=all", "title": "Today\u2019s deals: $179 AirPods Pro 2, Mattel toys, Kindles, Fitbit sale, $12.50 Matter smart plugs, more", "user": null, "vote": 0}, {"age": null, "album": "", "artist": null, "bookmarked": false, "comments": [], "date_published": "2024-05-06T13:20:34+00:00", "description": "<p>Ahead of the Let Loose event tomorrow, Apple has announced its 2024 Pride Collection with stunning iPad, iPhone, and Apple Watch wallpapers, in addition to &#8230;</p>\n<p>The post <a href=\"https://bgr.com/lifestyle/apples-2024-pride-collection-accessories-debut-ahead-of-may-7-event/\">Apple\u201a\u00c4\u00f4s 2024 Pride Collection accessories debut ahead of May 7 event</a> appeared first on <a href=\"https://bgr.com\">BGR</a>.</p>", "language": "en-US", "link": "https://bgr.com/lifestyle/apples-2024-pride-collection-accessories-debut-ahead-of-may-7-event", "manual_status_code": 0, "page_rating": 32, "page_rating_contents": 100, "page_rating_visits": 0, "page_rating_votes": 0, "permanent": false, "source": "https://bgr.com/feed", "source_obj__id": 29, "status_code": 0, "tags": [], "thumbnail": "https://bgr.com/wp-content/uploads/2024/05/apple-2024-pride-collection-bgr.jpg?quality=82&h=1000#038;strip=all", "title": "Apple\u201a\u00c4\u00f4s 2024 Pride Collection accessories debut ahead of May 7 event", "user": null, "vote": 0}, {"age": null, "album": "", "artist": null, "bookmarked": false, "comments": [], "date_published": "2024-05-06T12:58:57+00:00", "description": "<p>The iPhone 15 lineup dominated the first quarter of 2024 smartphone sales. According to a Counterpoint Research study, Apple&#8217;s latest releases are the best-selling smartphones &#8230;</p>\n<p>The post <a href=\"https://bgr.com/tech/iphone-15-lineup-dominated-q1-2024-smartphone-sales-despite-decline/\">iPhone 15 lineup dominated Q1 2024 smartphone sales despite decline</a> appeared first on <a href=\"https://bgr.com\">BGR</a>.</p>", "language": "en-US", "link": "https://bgr.com/tech/iphone-15-lineup-dominated-q1-2024-smartphone-sales-despite-decline", "manual_status_code": 0, "page_rating": 32, "page_rating_contents": 100, "page_rating_visits": 0, "page_rating_votes": 0, "permanent": false, "source": "https://bgr.com/feed", "source_obj__id": 29, "status_code": 0, "tags": [], "thumbnail": "https://bgr.com/wp-content/uploads/2023/09/iphone-15-pro-max-1.jpg?quality=82&h=1000#038;strip=all", "title": "iPhone 15 lineup dominated Q1 2024 smartphone sales despite decline", "user": null, "vote": 0}, {"age": null, "album": "", "artist": null, "bookmarked": false, "comments": [], "date_published": "2024-05-06T12:04:22+00:00", "description": "<p>Display analyst Ross Young has one of the best track records for Apple leaks. A few years ago, he revealed the iPhone roadmap until 2027. &#8230;</p>\n<p>The post <a href=\"https://bgr.com/tech/new-report-corrects-leaked-iphone-roadmap-but-theres-bad-news/\">New report corrects leaked iPhone roadmap, but there\u2019s bad news</a> appeared first on <a href=\"https://bgr.com\">BGR</a>.</p>", "language": "en-US", "link": "https://bgr.com/tech/new-report-corrects-leaked-iphone-roadmap-but-theres-bad-news", "manual_status_code": 0, "page_rating": 32, "page_rating_contents": 100, "page_rating_visits": 0, "page_rating_votes": 0, "permanent": false, "source": "https://bgr.com/feed", "source_obj__id": 29, "status_code": 0, "tags": [], "thumbnail": "https://bgr.com/wp-content/uploads/2024/01/iphone-15-pro-charging-bgr.jpg?quality=82&h=1000#038;strip=all", "title": "New report corrects leaked iPhone roadmap, but there\u2019s bad news", "user": null, "vote": 0}, {"age": null, "album": "", "artist": null, "bookmarked": false, "comments": [], "date_published": "2024-05-06T11:43:00+00:00", "description": "<p>Plenty of people out there have embraced smart home tech. They have all sorts of web-connected devices around their homes, and they love all the &#8230;</p>\n<p>The post <a href=\"https://bgr.com/tech/blink-mini-is-the-perfect-cheap-security-camera-for-most-people/\">Blink Mini is the perfect cheap security camera for most people</a> appeared first on <a href=\"https://bgr.com\">BGR</a>.</p>", "language": "en-US", "link": "https://bgr.com/tech/blink-mini-is-the-perfect-cheap-security-camera-for-most-people", "manual_status_code": 0, "page_rating": 32, "page_rating_contents": 100, "page_rating_visits": 0, "page_rating_votes": 0, "permanent": false, "source": "https://bgr.com/feed", "source_obj__id": 29, "status_code": 0, "tags": [], "thumbnail": "https://bgr.com/wp-content/uploads/2022/11/blink-mini-pan-tilt-2.jpg?quality=82&h=1000#038;strip=all", "title": "Blink Mini is the perfect cheap security camera for most people", "user": null, "vote": 0}, {"age": null, "album": "", "artist": null, "bookmarked": false, "comments": [], "date_published": "2024-05-06T10:50:00+00:00", "description": "<p>There aren&#8217;t many smartphone vendors out there who haven&#8217;t tried their hand at making a foldable smartphone by now. Apple is easily the most prominent &#8230;</p>\n<p>The post <a href=\"https://bgr.com/tech/20-inch-foldable-ipad-to-launch-in-2025-a-year-before-a-foldable-iphone/\">20-inch foldable iPad to launch in 2025, a year before a foldable iPhone</a> appeared first on <a href=\"https://bgr.com\">BGR</a>.</p>", "language": "en-US", "link": "https://bgr.com/tech/20-inch-foldable-ipad-to-launch-in-2025-a-year-before-a-foldable-iphone", "manual_status_code": 0, "page_rating": 32, "page_rating_contents": 100, "page_rating_visits": 0, "page_rating_votes": 0, "permanent": false, "source": "https://bgr.com/feed", "source_obj__id": 29, "status_code": 0, "tags": [], "thumbnail": "https://bgr.com/wp-content/uploads/2022/10/apple-ipad-pro-2022-1.jpg?quality=82&h=1000#038;strip=all", "title": "20-inch foldable iPad to launch in 2025, a year before a foldable iPhone", "user": null, "vote": 0}]