[{"age": null, "album": "", "artist": null, "bookmarked": false, "comments": [], "date_published": "2024-05-06T13:43:21+00:00", "description": "The City of Wichita in Kansas was forced to shut down its computer systems after a ransomware attack. The City of Wichita, Kansas, was the victim of a ransomware attack and shut down its network to contain the threat. The security breach took place on May 5th, 2024, and immediately started its incident response procedure [&#8230;]", "language": "en-US", "link": "https://securityaffairs.com/162799/security/city-of-wichita-ransomware.html", "manual_status_code": 0, "page_rating": 32, "page_rating_contents": 100, "page_rating_visits": 0, "page_rating_votes": 0, "permanent": false, "source": "https://securityaffairs.com/feed", "source_obj__id": 298, "status_code": 0, "tags": [], "thumbnail": null, "title": "City of Wichita hit by a ransomware attack", "user": null, "vote": 0}, {"age": null, "album": "", "artist": null, "bookmarked": false, "comments": [], "date_published": "2024-05-06T10:44:26+00:00", "description": "Resecurity found a massive leak involving the exposure of personally identifiable information (PII) of over five million citizens of El Salvador on the Dark Web. Resecurity identified a massive leak of the personally identifiable information (PII) of over five million citizens from El Salvador on the Dark Web, impacting more than 80% of the country\u2019s [&#8230;]", "language": "en-US", "link": "https://securityaffairs.com/162790/data-breach/el-salvador-massive-leak-biometric-data.html", "manual_status_code": 0, "page_rating": 32, "page_rating_contents": 100, "page_rating_visits": 0, "page_rating_votes": 0, "permanent": false, "source": "https://securityaffairs.com/feed", "source_obj__id": 298, "status_code": 0, "tags": [], "thumbnail": null, "title": "El Salvador suffered a massive leak of biometric data", "user": null, "vote": 0}, {"age": null, "album": "", "artist": null, "bookmarked": false, "comments": [], "date_published": "2024-05-06T06:50:11+00:00", "description": "Finland&#8217;s Transport and Communications Agency (Traficom) warned about an ongoing Android malware campaign targeting bank accounts. Traficom, Finland&#8217;s Transport and Communications Agency, issued a warning regarding a current Android malware campaign aimed at bank accounts. Traficom reported that clients of multiple banks received text messages in the Finnish language that instruct recipients to call a [&#8230;]", "language": "en-US", "link": "https://securityaffairs.com/162768/malware/finland-android-malware-campaign-banks.html", "manual_status_code": 0, "page_rating": 32, "page_rating_contents": 100, "page_rating_visits": 0, "page_rating_votes": 0, "permanent": false, "source": "https://securityaffairs.com/feed", "source_obj__id": 298, "status_code": 0, "tags": [], "thumbnail": null, "title": "Finland authorities warn of Android malware campaign targeting bank users", "user": null, "vote": 0}]