[{"age": null, "album": "", "artist": null, "bookmarked": false, "comments": [], "date_published": "2024-05-06T16:02:07+00:00", "description": "Want proof that Jesus was a woke socialist? Look no further than these classic quotes straight from the Bible.\n\nGet your copy of 'Woke Jesus' today and defend your faith against progressive ideology: https://lucasmiles.org/bee\n\n#comedy #bible #woke #jesus #christian", "language": null, "link": "https://www.youtube.com/watch?v=tyXLLF-L8_0", "manual_status_code": 0, "page_rating": 32, "page_rating_contents": 100, "page_rating_visits": 0, "page_rating_votes": 0, "permanent": false, "source": "https://www.youtube.com/feeds/videos.xml?channel_id=UCyl5V3-J_Bsy3x-EBCJwepg", "source_obj__id": 31, "status_code": 0, "tags": [], "thumbnail": "https://i1.ytimg.com/vi/tyXLLF-L8_0/hqdefault.jpg", "title": "Woke Jesus", "user": null, "vote": 0}]