[{"age": null, "album": "", "artist": null, "bookmarked": false, "comments": [], "date_published": "2024-05-06T15:43:21+00:00", "description": "The Urbn MagTag 5,000mAh Wireless Power Bank is priced at Rs. 2,499", "language": "en", "link": "https://www.gadgets360.com/mobiles/reviews/urbn-5000mah-compact-magtag-wireless-power-bank-review-5580368", "manual_status_code": 0, "page_rating": 32, "page_rating_contents": 100, "page_rating_visits": 0, "page_rating_votes": 0, "permanent": false, "source": "https://feeds.feedburner.com/gadgets360-latest", "source_obj__id": 124, "status_code": 0, "tags": [], "thumbnail": "https://i.gadgets360cdn.com/large/urbn_magtag_5000_main_big_ndtv_1714733666595.jpg", "title": "Urbn 5,000 mAh Compact MagTag Wireless Power Bank Review: A Small Charger With Big Ambitions", "user": null, "vote": 0}, {"age": null, "album": "", "artist": null, "bookmarked": false, "comments": [], "date_published": "2024-05-06T13:53:50+00:00", "description": "Motorola Razr 40 Ultra was introduced in July last year", "language": "en", "link": "https://www.gadgets360.com/mobiles/news/motorola-razr-50-ultra-live-images-renders-specifications-report-5602243", "manual_status_code": 0, "page_rating": 32, "page_rating_contents": 100, "page_rating_visits": 0, "page_rating_votes": 0, "permanent": false, "source": "https://feeds.feedburner.com/gadgets360-latest", "source_obj__id": 124, "status_code": 0, "tags": [], "thumbnail": "https://i.gadgets360cdn.com/large/motorola_razr_40_ultra_1713178272917.jpg", "title": "Motorola Razr 50 Ultra Live Images Leak; Show Hole-Punch Display, Dual Rear Cameras, More", "user": null, "vote": 0}, {"age": null, "album": "", "artist": null, "bookmarked": false, "comments": [], "date_published": "2024-05-06T13:48:40+00:00", "description": "Realme GT Neo 6 is expected to succeed the Realme GT Neo 5 (pictured)", "language": "en", "link": "https://www.gadgets360.com/mobiles/news/realme-gt-neo-6-launch-teaser-confirm-key-features-soc-charging-storage-5601810", "manual_status_code": 0, "page_rating": 32, "page_rating_contents": 100, "page_rating_visits": 0, "page_rating_votes": 0, "permanent": false, "source": "https://feeds.feedburner.com/gadgets360-latest", "source_obj__id": 124, "status_code": 0, "tags": [], "thumbnail": "https://i.gadgets360cdn.com/large/realme_gt_neo_5_realme_1712216726067.jpg", "title": "Realme GT Neo 6 Officially Teased; Confirmed to Get Snapdragon 8s Gen 3 SoC", "user": null, "vote": 0}, {"age": null, "album": "", "artist": null, "bookmarked": false, "comments": [], "date_published": "2024-05-06T13:25:49+00:00", "description": "The Acer TravelLite laptops offer 45W and 65W charging adapter options", "language": "en", "link": "https://www.gadgets360.com/laptops/news/acer-travellite-price-india-launch-specifications-features-5602023", "manual_status_code": 0, "page_rating": 32, "page_rating_contents": 100, "page_rating_visits": 0, "page_rating_votes": 0, "permanent": false, "source": "https://feeds.feedburner.com/gadgets360-latest", "source_obj__id": 124, "status_code": 0, "tags": [], "thumbnail": "https://i.gadgets360cdn.com/large/acer_travellite_1715001134142.jpg", "title": "Acer TravelLite Laptops With Up to 13th Gen Intel Core i7 CPUs Unveiled in India: Price, Specifications", "user": null, "vote": 0}, {"age": null, "album": "", "artist": null, "bookmarked": false, "comments": [], "date_published": "2024-05-06T12:57:31+00:00", "description": "Amazon Great Summer Sale 2024 will end on May 7", "language": "en", "link": "https://www.gadgets360.com/internet/features/amazon-great-summer-sale-2024-best-deals-routers-discounts-deals-5601568", "manual_status_code": 0, "page_rating": 32, "page_rating_contents": 100, "page_rating_visits": 0, "page_rating_votes": 0, "permanent": false, "source": "https://feeds.feedburner.com/gadgets360-latest", "source_obj__id": 124, "status_code": 0, "tags": [], "thumbnail": "https://i.gadgets360cdn.com/large/main-sale-banner-1200x800_1714632866643.jpg", "title": "Amazon Great Summer Sale 2024: Top Deals on Routers", "user": null, "vote": 0}, {"age": null, "album": "", "artist": null, "bookmarked": false, "comments": [], "date_published": "2024-05-06T12:34:08+00:00", "description": "Amazon Great Summer Sale 2024 started on May 2", "language": "en", "link": "https://www.gadgets360.com/internet/features/amazon-great-summer-sale-2024-best-deals-premium-laptops-5600986", "manual_status_code": 0, "page_rating": 32, "page_rating_contents": 100, "page_rating_visits": 0, "page_rating_votes": 0, "permanent": false, "source": "https://feeds.feedburner.com/gadgets360-latest", "source_obj__id": 124, "status_code": 0, "tags": [], "thumbnail": "https://i.gadgets360cdn.com/large/story-electronics-1200x800_1714993555349.jpg", "title": "Amazon Great Summer Sale 2024: Best Deals on Premium Laptops", "user": null, "vote": 0}, {"age": null, "album": "", "artist": null, "bookmarked": false, "comments": [], "date_published": "2024-05-06T12:15:43+00:00", "description": "mazn is giving exchange offers, EMI options, and coupon discounts over and above the sale price", "language": "en", "link": "https://www.gadgets360.com/internet/features/amazon-great-summer-sale-2024-may-7-end-best-deals-smartphones-tv-tablets-discounts-deals-5600799", "manual_status_code": 0, "page_rating": 32, "page_rating_contents": 100, "page_rating_visits": 0, "page_rating_votes": 0, "permanent": false, "source": "https://feeds.feedburner.com/gadgets360-latest", "source_obj__id": 124, "status_code": 0, "tags": [], "thumbnail": "https://i.gadgets360cdn.com/large/main-sale-banner-1200x800_1714632866643.jpg", "title": "Amazon Great Summer Sale 2024:\u00a0Best Deals to Check Before Sale Ends Tomorrow", "user": null, "vote": 0}, {"age": null, "album": "", "artist": null, "bookmarked": false, "comments": [], "date_published": "2024-05-06T11:57:23+00:00", "description": "Coinbase was founded in May 2012 and is headed by CEO Brian Armstrong", "language": "en", "link": "https://www.gadgets360.com/cryptocurrency/news/coinbase-sued-us-deceiving-investors-selling-cryptocurrency-securities-5601387", "manual_status_code": 0, "page_rating": 32, "page_rating_contents": 100, "page_rating_visits": 0, "page_rating_votes": 0, "permanent": false, "source": "https://feeds.feedburner.com/gadgets360-latest", "source_obj__id": 124, "status_code": 0, "tags": [], "thumbnail": "https://i.gadgets360cdn.com/large/coinbase_reuters_1679547860977.jpg", "title": "Coinbase Sued in US for Allegedly \u2018Deceiving\u2019 Investors: Details", "user": null, "vote": 0}, {"age": null, "album": "", "artist": null, "bookmarked": false, "comments": [], "date_published": "2024-05-06T11:57:21+00:00", "description": "It might take a few days before all users get the new WhatsApp update", "language": "en", "link": "https://www.gadgets360.com/apps/news/whatsapp-update-ios-users-green-buttons-new-icons-rolled-out-5601207", "manual_status_code": 0, "page_rating": 32, "page_rating_contents": 100, "page_rating_visits": 0, "page_rating_votes": 0, "permanent": false, "source": "https://feeds.feedburner.com/gadgets360-latest", "source_obj__id": 124, "status_code": 0, "tags": [], "thumbnail": "https://i.gadgets360cdn.com/large/whatsapp_logo2_1714995022544.jpg", "title": "WhatsApp Update With Green Buttons and New Icons Rolled Out for iOS Users", "user": null, "vote": 0}, {"age": null, "album": "", "artist": null, "bookmarked": false, "comments": [], "date_published": "2024-05-06T10:53:43+00:00", "description": "Vodafone is thinking about linking crypto wallets to encrypted SIM cards", "language": "en", "link": "https://www.gadgets360.com/cryptocurrency/news/vodafone-blockchain-crypto-wallet-web3-technology-david-palmer-5600872", "manual_status_code": 0, "page_rating": 32, "page_rating_contents": 100, "page_rating_visits": 0, "page_rating_votes": 0, "permanent": false, "source": "https://feeds.feedburner.com/gadgets360-latest", "source_obj__id": 124, "status_code": 0, "tags": [], "thumbnail": "https://i.gadgets360cdn.com/large/vodafone_Reuters_1690183327900.jpg", "title": "Crypto Wallets Grab Vodafone\u2019s Attention as Telco Looks to Integrate Blockchain in Operations", "user": null, "vote": 0}, {"age": null, "album": "", "artist": null, "bookmarked": false, "comments": [], "date_published": "2024-05-06T10:49:01+00:00", "description": "Amazon Great Summer Sale 2024 will conclude on May 7", "language": "en", "link": "https://www.gadgets360.com/internet/features/amazon-great-summer-sale-2024-best-deals-smart-tv-50-55-65-inch-5599902", "manual_status_code": 0, "page_rating": 32, "page_rating_contents": 100, "page_rating_visits": 0, "page_rating_votes": 0, "permanent": false, "source": "https://feeds.feedburner.com/gadgets360-latest", "source_obj__id": 124, "status_code": 0, "tags": [], "thumbnail": "https://i.gadgets360cdn.com/large/story-TVs--Appliances-1200x800_1714804098841.jpg", "title": "Amazon Great Summer Sale 2024: Best Deals on 50-Inch to 65-Inch Smart TVs", "user": null, "vote": 0}, {"age": null, "album": "", "artist": null, "bookmarked": false, "comments": [], "date_published": "2024-05-06T10:26:40+00:00", "description": "Earlier, users could only download the app via the Galaxy Store", "language": "en", "link": "https://www.gadgets360.com/apps/news/samsung-good-lock-app-google-play-store-early-access-report-5600456", "manual_status_code": 0, "page_rating": 32, "page_rating_contents": 100, "page_rating_visits": 0, "page_rating_votes": 0, "permanent": false, "source": "https://feeds.feedburner.com/gadgets360-latest", "source_obj__id": 124, "status_code": 0, "tags": [], "thumbnail": "https://i.gadgets360cdn.com/large/good_lock_logo_1714989506413.jpg", "title": "Samsung Good Lock App Reportedly Available on Google Play Store in Early Access", "user": null, "vote": 0}, {"age": null, "album": "", "artist": null, "bookmarked": false, "comments": [], "date_published": "2024-05-06T10:22:10+00:00", "description": "Amazon Great Summer Sale 2024 kicked off on May 2", "language": "en", "link": "https://www.gadgets360.com/internet/features/amazon-great-summer-sale-2024-best-deals-printers-5599424", "manual_status_code": 0, "page_rating": 32, "page_rating_contents": 100, "page_rating_visits": 0, "page_rating_votes": 0, "permanent": false, "source": "https://feeds.feedburner.com/gadgets360-latest", "source_obj__id": 124, "status_code": 0, "tags": [], "thumbnail": "https://i.gadgets360cdn.com/large/main-sale-banner-1200x800_1714632866643.jpg", "title": "Amazon Great Summer Sale 2024: Best Deals on Printers", "user": null, "vote": 0}, {"age": null, "album": "", "artist": null, "bookmarked": false, "comments": [], "date_published": "2024-05-06T09:16:29+00:00", "description": "Motorola currently offers one of the most radical designs we have seen with flip phones.", "language": "en", "link": "https://www.gadgets360.com/mobiles/news/iphone-fold-vertical-folding-apple-foldable-phone-patent-report-5600143", "manual_status_code": 0, "page_rating": 32, "page_rating_contents": 100, "page_rating_visits": 0, "page_rating_votes": 0, "permanent": false, "source": "https://feeds.feedburner.com/gadgets360-latest", "source_obj__id": 124, "status_code": 0, "tags": [], "thumbnail": "https://i.gadgets360cdn.com/large/motorola_40_ultra_moto_1699848441637.jpg", "title": "Patents Reveal Apple Could Be Working on Clamshell Foldable With an Interesting Hinge Design: Report", "user": null, "vote": 0}, {"age": null, "album": "", "artist": null, "bookmarked": false, "comments": [], "date_published": "2024-05-06T08:59:56+00:00", "description": "Samsung introduced its Galaxy AI features with the Galaxy S24 series in January", "language": "en", "link": "https://www.gadgets360.com/mobiles/news/samsung-s25-series-battery-life-improvement-ai-galaxy-report-5599794", "manual_status_code": 0, "page_rating": 32, "page_rating_contents": 100, "page_rating_visits": 0, "page_rating_votes": 0, "permanent": false, "source": "https://feeds.feedburner.com/gadgets360-latest", "source_obj__id": 124, "status_code": 0, "tags": [], "thumbnail": "https://i.gadgets360cdn.com/large/samsung_galaxy_s24_ultra_1714984034907.jpg", "title": "Samsung Galaxy S25 Series Could Feature \u2018Battery AI\u2019 for Improved Battery Life: Report", "user": null, "vote": 0}, {"age": null, "album": "", "artist": null, "bookmarked": false, "comments": [], "date_published": "2024-05-06T08:56:34+00:00", "description": "Vivo listed three phones on its online store revealing colours", "language": "en", "link": "https://www.gadgets360.com/mobiles/news/vivo-x100s-pro-ultra-launch-may-13-colourways-price-ram-storage-leak-weibo-5599782", "manual_status_code": 0, "page_rating": 32, "page_rating_contents": 100, "page_rating_visits": 0, "page_rating_votes": 0, "permanent": false, "source": "https://feeds.feedburner.com/gadgets360-latest", "source_obj__id": 124, "status_code": 0, "tags": [], "thumbnail": "https://i.gadgets360cdn.com/large/vivo_x100_ultra_1714983816988.jpg", "title": "Vivo X100 Ultra, Vivo X100s, Vivo X100s Pro Launch Set for May 13; Price, RAM and Storage Configurations Tipped", "user": null, "vote": 0}, {"age": null, "album": "", "artist": null, "bookmarked": false, "comments": [], "date_published": "2024-05-06T08:54:11+00:00", "description": "An open-ended funding round rewards earlier investors", "language": "en", "link": "https://www.gadgets360.com/cryptocurrency/news/crypto-startups-high-valuations-investments-fundraising-5599907", "manual_status_code": 0, "page_rating": 32, "page_rating_contents": 100, "page_rating_visits": 0, "page_rating_votes": 0, "permanent": false, "source": "https://feeds.feedburner.com/gadgets360-latest", "source_obj__id": 124, "status_code": 0, "tags": [], "thumbnail": "https://i.gadgets360cdn.com/large/411127324_1_1714984255325.jpg", "title": "Crypto Startups Turbocharge Valuations as Investment Picks Up", "user": null, "vote": 0}, {"age": null, "album": "", "artist": null, "bookmarked": false, "comments": [], "date_published": "2024-05-06T08:06:17+00:00", "description": "GTA 5 is one of the few games that allow users to enter cheat codes. Here's everything you need to know", "language": "en", "link": "https://www.gadgets360.com/games/features/gta-5-cheat-codes-for-pc-ps-xbox-5379942", "manual_status_code": 0, "page_rating": 32, "page_rating_contents": 100, "page_rating_visits": 0, "page_rating_votes": 0, "permanent": false, "source": "https://feeds.feedburner.com/gadgets360-latest", "source_obj__id": 124, "status_code": 0, "tags": [], "thumbnail": "https://i.gadgets360cdn.com/large/gta_5_1712307339707.jpg", "title": "GTA V Cheat Codes: Full List of GTA 5 Cheats for PC, PS5, PS4, and Xbox", "user": null, "vote": 0}, {"age": null, "album": "", "artist": null, "bookmarked": false, "comments": [], "date_published": "2024-05-06T07:54:11+00:00", "description": "Users are recommended to keep their apps updated and avoid installing apps from third-party sources", "language": "en", "link": "https://www.gadgets360.com/apps/news/microsoft-dirty-stream-security-vulnerability-android-apps-billions-of-downloads-5599430", "manual_status_code": 0, "page_rating": 32, "page_rating_contents": 100, "page_rating_visits": 0, "page_rating_votes": 0, "permanent": false, "source": "https://feeds.feedburner.com/gadgets360-latest", "source_obj__id": 124, "status_code": 0, "tags": [], "thumbnail": "https://i.gadgets360cdn.com/large/android_apps_pexel_1714980923987.jpg", "title": "Microsoft Finds Major Security Flaw \u2018Dirty Stream\u2019 in Android Apps Totalling Billions of Downloads", "user": null, "vote": 0}, {"age": null, "album": "", "artist": null, "bookmarked": false, "comments": [], "date_published": "2024-05-06T07:26:40+00:00", "description": "iQoo Z9x 5G teased in a light green colourway", "language": "en", "link": "https://www.gadgets360.com/mobiles/news/iqoo-z9x-5g-india-launch-date-design-colour-option-amazon-availability-5598272", "manual_status_code": 0, "page_rating": 32, "page_rating_contents": 100, "page_rating_visits": 0, "page_rating_votes": 0, "permanent": false, "source": "https://feeds.feedburner.com/gadgets360-latest", "source_obj__id": 124, "status_code": 0, "tags": [], "thumbnail": "https://i.gadgets360cdn.com/large/iqoo_z9x_5g_iqoo_1_1714976872428.jpg", "title": "iQoo Z9x 5G India Launch Set for May 16; Design, Amazon Availability Confirmed", "user": null, "vote": 0}, {"age": null, "album": "", "artist": null, "bookmarked": false, "comments": [], "date_published": "2024-05-06T07:15:51+00:00", "description": "OnePlus Nord CE 4 Lite is expected to come with upgrades over the OnePlus Nord CE 3 Lite (above)", "language": "en", "link": "https://www.gadgets360.com/mobiles/news/oneplus-nord-ce-4-lite-india-launch-bis-certification-price-specifications-leak-5599164", "manual_status_code": 0, "page_rating": 32, "page_rating_contents": 100, "page_rating_visits": 0, "page_rating_votes": 0, "permanent": false, "source": "https://feeds.feedburner.com/gadgets360-latest", "source_obj__id": 124, "status_code": 0, "tags": [], "thumbnail": "https://i.gadgets360cdn.com/large/oneplus_nord_ce_3_lite_5g_india_1680616793171.jpg", "title": "OnePlus Nord CE 4 Lite Allegedly Gets BIS Certification, Could Launch in India Soon", "user": null, "vote": 0}, {"age": null, "album": "", "artist": null, "bookmarked": false, "comments": [], "date_published": "2024-05-06T07:05:55+00:00", "description": "Helldivers 2 is one of the most played games on Steam", "language": "en", "link": "https://www.gadgets360.com/games/news/helldivers-2-playstation-network-account-link-steam-decision-reversed-sony-ps5-backlash-5599228", "manual_status_code": 0, "page_rating": 32, "page_rating_contents": 100, "page_rating_visits": 0, "page_rating_votes": 0, "permanent": false, "source": "https://feeds.feedburner.com/gadgets360-latest", "source_obj__id": 124, "status_code": 0, "tags": [], "thumbnail": "https://i.gadgets360cdn.com/large/helldivers_2_1708338034329.jpg", "title": "Sony Walks Back Helldivers 2 PSN Account Linking Requirement on Steam After Widespread Backlash", "user": null, "vote": 0}, {"age": null, "album": "", "artist": null, "bookmarked": false, "comments": [], "date_published": "2024-05-06T06:55:55+00:00", "description": "The total valuation of the crypto sector stands at $2.36 trillion", "language": "en", "link": "https://www.gadgets360.com/cryptocurrency/news/bitcoin-price-today-crypto-india-ether-shiba-inu-loss-cryptocurrency-5599171", "manual_status_code": 0, "page_rating": 32, "page_rating_contents": 100, "page_rating_visits": 0, "page_rating_votes": 0, "permanent": false, "source": "https://feeds.feedburner.com/gadgets360-latest", "source_obj__id": 124, "status_code": 0, "tags": [], "thumbnail": "https://i.gadgets360cdn.com/large/crypto_pixabay_worldspectrum_large_1647840432595.jpg", "title": "Crypto Price Today: Bitcoin Trading Above $60,000, Losses Strike Ether, Shiba Inu", "user": null, "vote": 0}, {"age": null, "album": "", "artist": null, "bookmarked": false, "comments": [], "date_published": "2024-05-06T06:40:44+00:00", "description": "Siri could get a big upgrade with Apple\u2019s AI integration", "language": "en", "link": "https://www.gadgets360.com/ai/news/apple-ai-features-iphone-wwdc-research-papers-5598989", "manual_status_code": 0, "page_rating": 32, "page_rating_contents": 100, "page_rating_visits": 0, "page_rating_votes": 0, "permanent": false, "source": "https://feeds.feedburner.com/gadgets360-latest", "source_obj__id": 124, "status_code": 0, "tags": [], "thumbnail": "https://i.gadgets360cdn.com/large/apple_logo6_1714976527579.jpg", "title": "Apple\u2019s AI Features Could Potentially Change How an iPhone is Used", "user": null, "vote": 0}, {"age": null, "album": "", "artist": null, "bookmarked": false, "comments": [], "date_published": "2024-05-06T05:43:48+00:00", "description": "iPhone 15 and iPhone 15 Plus feature 6GB of RAM", "language": "en", "link": "https://www.gadgets360.com/mobiles/news/iphone-17-slim-pro-max-series-smaller-dynamic-island-features-upgrades-specifications-jeff-pu-apple-report-5598587", "manual_status_code": 0, "page_rating": 32, "page_rating_contents": 100, "page_rating_visits": 0, "page_rating_votes": 0, "permanent": false, "source": "https://feeds.feedburner.com/gadgets360-latest", "source_obj__id": 124, "status_code": 0, "tags": [], "thumbnail": "https://i.gadgets360cdn.com/large/iphone_14_space_black_1689761321163.jpg", "title": "iPhone 17 Series Said to Get Smaller Dynamic Island; Apple Could Unveil iPhone 17 Slim in 2025", "user": null, "vote": 0}, {"age": null, "album": "", "artist": null, "bookmarked": false, "comments": [], "date_published": "2024-05-06T05:40:31+00:00", "description": "Vivo Y18 and Vivo Y18e come in Gem Green and Space Black colour options", "language": "en", "link": "https://www.gadgets360.com/mobiles/news/vivo-y18-y18e-price-india-launch-specifications-features-5598271", "manual_status_code": 0, "page_rating": 32, "page_rating_contents": 100, "page_rating_visits": 0, "page_rating_votes": 0, "permanent": false, "source": "https://feeds.feedburner.com/gadgets360-latest", "source_obj__id": 124, "status_code": 0, "tags": [], "thumbnail": "https://i.gadgets360cdn.com/large/vivo_y18_vivo_1714968522446.jpg", "title": "Vivo Y18, Y18e With MediaTek Helio G85 SoCs Launched in India: Price, Specifications", "user": null, "vote": 0}]