[{"age": null, "album": "", "artist": null, "bookmarked": false, "comments": [], "date_published": "2024-05-06T04:00:00+00:00", "description": "Let the aliens get all the 'authoritative, but wrong' answers about us", "language": "en-US", "link": "https://arstechnica.com/information-technology/2024/05/ai-in-space-karpathy-suggests-ai-chatbots-as-interstellar-messengers-to-alien-civilizations", "manual_status_code": 0, "page_rating": 32, "page_rating_contents": 100, "page_rating_visits": 0, "page_rating_votes": 0, "permanent": false, "source": "https://www.codeproject.com/WebServices/NewsRSS.aspx", "source_obj__id": 72, "status_code": 0, "tags": [], "thumbnail": null, "title": "AI in space: Karpathy suggests AI chatbots as interstellar messengers to alien civilizations", "user": null, "vote": 0}, {"age": null, "album": "", "artist": null, "bookmarked": false, "comments": [], "date_published": "2024-05-06T04:00:00+00:00", "description": "But it worked in PowerPoint!", "language": "en-US", "link": "https://www.infoworld.com/article/3715327/architecture-by-conference-is-a-really-bad-idea.html", "manual_status_code": 0, "page_rating": 32, "page_rating_contents": 100, "page_rating_visits": 0, "page_rating_votes": 0, "permanent": false, "source": "https://www.codeproject.com/WebServices/NewsRSS.aspx", "source_obj__id": 72, "status_code": 0, "tags": [], "thumbnail": null, "title": "'Architecture by conference' is a really bad idea", "user": null, "vote": 0}, {"age": null, "album": "", "artist": null, "bookmarked": false, "comments": [], "date_published": "2024-05-06T04:00:00+00:00", "description": "You might not be able to buy me love, but you can rent a good substitute", "language": "en-US", "link": "https://www.macrumors.com/2024/05/01/google-default-search-engine-safari-20-billion", "manual_status_code": 0, "page_rating": 32, "page_rating_contents": 100, "page_rating_visits": 0, "page_rating_votes": 0, "permanent": false, "source": "https://www.codeproject.com/WebServices/NewsRSS.aspx", "source_obj__id": 72, "status_code": 0, "tags": [], "thumbnail": null, "title": "Google paid Apple $20 billion in 2022 to be default Safari search engine", "user": null, "vote": 0}, {"age": null, "album": "", "artist": null, "bookmarked": false, "comments": [], "date_published": "2024-05-06T04:00:00+00:00", "description": "Chrome, with the shiny bits sanded off", "language": "en-US", "link": "https://www.codeproject.com/Messages/5999798/I-switched-to-MS-Edge-Linux-MacOS-iPad", "manual_status_code": 0, "page_rating": 32, "page_rating_contents": 100, "page_rating_visits": 0, "page_rating_votes": 0, "permanent": false, "source": "https://www.codeproject.com/WebServices/NewsRSS.aspx", "source_obj__id": 72, "status_code": 0, "tags": [], "thumbnail": null, "title": "I switched to MS Edge (Linux, MacOS, iPad)", "user": null, "vote": 0}, {"age": null, "album": "", "artist": null, "bookmarked": false, "comments": [], "date_published": "2024-05-06T04:00:00+00:00", "description": "", "language": "en-US", "link": "https://xkcd.com/2928", "manual_status_code": 0, "page_rating": 32, "page_rating_contents": 100, "page_rating_visits": 0, "page_rating_votes": 0, "permanent": false, "source": "https://www.codeproject.com/WebServices/NewsRSS.aspx", "source_obj__id": 72, "status_code": 0, "tags": [], "thumbnail": null, "title": "Software testing day", "user": null, "vote": 0}, {"age": null, "album": "", "artist": null, "bookmarked": false, "comments": [], "date_published": "2024-05-06T04:00:00+00:00", "description": "Let the users set the generic passwords instead", "language": "en-US", "link": "https://globalnews.ca/news/10468217/easy-passwords-banned-uk-cybersecurity", "manual_status_code": 0, "page_rating": 32, "page_rating_contents": 100, "page_rating_visits": 0, "page_rating_votes": 0, "permanent": false, "source": "https://www.codeproject.com/WebServices/NewsRSS.aspx", "source_obj__id": 72, "status_code": 0, "tags": [], "thumbnail": null, "title": "U.K. bans generic passwords over cybersecurity concerns.", "user": null, "vote": 0}]