[{"age": null, "album": "", "artist": null, "bookmarked": false, "comments": [], "date_published": "2024-05-06T14:34:40+00:00", "description": "Official Boneyard Movie Trailer | Subscribe \u27a4 https://abo.yt/ki | Mel Gibson Movie Trailer | Release TBA | More https://KinoCheck.com/movie/gv3/boneyard-2024?utm_source=youtube&amp;utm_medium=description\nAn FBI special agent and the Albuquerque police department hunt for a serial killer nicknamed The Bone Collector. The chief of police and one of his officers, however, believe someone in the department may be the killer.\n\nBoneyard rent/buy \u27a4 https://amzo.in/movie/gv3/boneyard-2024\nMost popular movies right now \u27a4 https://amzo.in/bestsellermovies\nMost wanted movies of all time \u27a4 https://amzo.in/wishlistmovies\n\nBoneyard is the new movie starring Mel Gibson, 50 Cent and Nora Zehetner.\n\nNote | #Boneyard #Trailer courtesy of Lionsgate. | All Rights Reserved. | https://amzo.in are affiliate-links. That add no additional cost to you, but will support our work through a small commission. | #KinoCheck\u00ae", "language": null, "link": "https://www.youtube.com/watch?v=yX0_sKlk8N8", "manual_status_code": 0, "page_rating": 32, "page_rating_contents": 100, "page_rating_visits": 0, "page_rating_votes": 0, "permanent": false, "source": "https://www.youtube.com/feeds/videos.xml?channel_id=UCLRlryMfL8ffxzrtqv0_k_w", "source_obj__id": 173, "status_code": 0, "tags": [], "thumbnail": "https://i2.ytimg.com/vi/yX0_sKlk8N8/hqdefault.jpg", "title": "BONEYARD Trailer (2024) Mel Gibson, Curtis \"50 Cent\" Jackson", "user": null, "vote": 0}]