[{"age": null, "album": "", "artist": null, "bookmarked": false, "comments": [], "date_published": "2024-05-06T11:51:00+00:00", "description": "The Kariye Mosque in Istanbul, owned by the General Directorate of Foundations of the Ministry of Culture and Tourism, and reconverted into a mosque from being a museum by a Presid...", "language": "en-US", "link": "https://www.dailysabah.com/turkiye/istanbuls-historic-kariye-mosque-opens-for-worship/news", "manual_status_code": 0, "page_rating": 32, "page_rating_contents": 100, "page_rating_visits": 0, "page_rating_votes": 0, "permanent": false, "source": "https://www.dailysabah.com/rssFeed/10", "source_obj__id": 81, "status_code": 0, "tags": [], "thumbnail": "https://idsb.tmgrup.com.tr/ly/uploads/images/2024/05/06/326585.jpg", "title": "Istanbul's historic Kariye Mosque opens for worship", "user": null, "vote": 0}, {"age": null, "album": "", "artist": null, "bookmarked": false, "comments": [], "date_published": "2024-05-06T11:04:00+00:00", "description": "Turkish first lady Emine Erdo\u011fan issued a congratulatory message on the Hidrellez festival.\n\n'May spring, which brings fertility to the soil and abundance to the seeds, fill househ...", "language": "en-US", "link": "https://www.dailysabah.com/turkiye/hidrellez-message-from-first-lady-emine-erdogan/news", "manual_status_code": 0, "page_rating": 32, "page_rating_contents": 100, "page_rating_visits": 0, "page_rating_votes": 0, "permanent": false, "source": "https://www.dailysabah.com/rssFeed/10", "source_obj__id": 81, "status_code": 0, "tags": [], "thumbnail": "https://idsb.tmgrup.com.tr/ly/uploads/images/2024/05/06/326582.jpg", "title": "Hidrellez message from first lady Emine Erdo\u011fan", "user": null, "vote": 0}, {"age": null, "album": "", "artist": null, "bookmarked": false, "comments": [], "date_published": "2024-05-06T11:04:00+00:00", "description": "Turkish first lady Emine Erdo\u011fan issued a congratulatory message on the Hidrellez festival.\n\n'May spring, which brings fertility to the soil and abundance to the seeds, fill househ...", "language": "en-US", "link": "https://www.dailysabah.com/turkiye/turkiyes-first-lady-hails-spring-renewal-with-warm-hidrellez-wishes/news", "manual_status_code": 0, "page_rating": 32, "page_rating_contents": 100, "page_rating_visits": 0, "page_rating_votes": 0, "permanent": false, "source": "https://www.dailysabah.com/rssFeed/10", "source_obj__id": 81, "status_code": 0, "tags": [], "thumbnail": "https://idsb.tmgrup.com.tr/ly/uploads/images/2024/05/06/326582.jpg", "title": "T\u00fcrkiye's first lady hails spring renewal with warm H\u0131drellez wishes", "user": null, "vote": 0}, {"age": null, "album": "", "artist": null, "bookmarked": false, "comments": [], "date_published": "2024-05-06T09:36:48+00:00", "description": "Istanbul Technical University (ITU) Department of Environmental Engineering Faculty member professor Levent Kuzu stated: 'The main cause of air pollution in cities is traffic. Besi...", "language": "en-US", "link": "https://www.dailysabah.com/turkiye/main-cause-of-air-pollution-in-cities-is-traffic/news", "manual_status_code": 0, "page_rating": 32, "page_rating_contents": 100, "page_rating_visits": 0, "page_rating_votes": 0, "permanent": false, "source": "https://www.dailysabah.com/rssFeed/10", "source_obj__id": 81, "status_code": 0, "tags": [], "thumbnail": "https://idsb.tmgrup.com.tr/ly/uploads/images/2024/05/06/326572.jpg", "title": "Main cause of air pollution in cities is traffic", "user": null, "vote": 0}, {"age": null, "album": "", "artist": null, "bookmarked": false, "comments": [], "date_published": "2024-05-06T09:02:00+00:00", "description": "Excavations have started at the ancient city of Cyzicus in the Erdek district in T\u00fcrkiye's northwestern Bal\u0131kesir province. With one of the most important ancient construction...", "language": "en-US", "link": "https://www.dailysabah.com/turkiye/cyzicus-worlds-largest-temple-column-capital/news", "manual_status_code": 0, "page_rating": 32, "page_rating_contents": 100, "page_rating_visits": 0, "page_rating_votes": 0, "permanent": false, "source": "https://www.dailysabah.com/rssFeed/10", "source_obj__id": 81, "status_code": 0, "tags": [], "thumbnail": "https://idsb.tmgrup.com.tr/ly/uploads/images/2024/05/06/326550.jpg", "title": "Cyzicus: World's largest temple column capital", "user": null, "vote": 0}, {"age": null, "album": "", "artist": null, "bookmarked": false, "comments": [], "date_published": "2024-05-06T08:37:00+00:00", "description": "Due to elevation and geographical features, temperature differences are experienced in some areas of Van, eastern T\u00fcrkiye, where animals graze in the rural neighborhood of \u00c7atak wh...", "language": "en-US", "link": "https://www.dailysabah.com/turkiye/van-spring-on-one-side-snow-on-the-other/news", "manual_status_code": 0, "page_rating": 32, "page_rating_contents": 100, "page_rating_visits": 0, "page_rating_votes": 0, "permanent": false, "source": "https://www.dailysabah.com/rssFeed/10", "source_obj__id": 81, "status_code": 0, "tags": [], "thumbnail": "https://idsb.tmgrup.com.tr/ly/uploads/images/2024/05/06/326543.jpg", "title": "Van: Spring on one side, snow on the other", "user": null, "vote": 0}]