[{"age": null, "album": "", "artist": null, "bookmarked": false, "comments": [], "date_published": "2024-05-06T11:33:22+00:00", "description": "MAIN RULE: Please do NOT attack or insult other members of the chat with superchats.\n\nGet Dr. Alpha: Dead Man's Lullaby: https://www.indiegogo.com/projects/dr-alpha-dead-man-s-lullaby-vol-1/x/22169562#/\n\nDr. Alpha: Miracle Child on Amazon: https://www.amazon.com/dp/B0B7F95YF3\n\nRumble: https://rumble.com/c/c-2621304\n\nMUSIC:\nThere You Are (POGO): https://www.youtube.com/watch?v=5tOAZkrkuVA\nSurrender (First to Eleven): https://www.youtube.com/watch?v=nUk6ARY7dSg\nWalk Like An Egyptian (Bangles): https://www.youtube.com/watch?v=tMnGmoLS6zo\nSaturday Night's Alright for Fighting (Elton John): https://www.youtube.com/watch?v=26wEWSUUsUc\nSmells Like Teen Spirit Major Key (Nirvana/Sleep Good): https://www.youtube.com/watch?v=dVehv_LDWaE\nSurface Pressure JoJo Remix (Thai McGrath): https://www.youtube.com/watch?v=MVOrUkLOEOI\nSegata Sanshiro: https://www.youtube.com/watch?v=POkU70cjYI8\nOut to Lunch: https://www.youtube.com/watch?v=Vn1pf0Xi3nU\nWalking Around in Circles: https://www.youtube.com/watc", "language": null, "link": "https://www.youtube.com/watch?v=nCsXauxbQK4", "manual_status_code": 0, "page_rating": 32, "page_rating_contents": 100, "page_rating_visits": 0, "page_rating_votes": 0, "permanent": false, "source": "https://www.youtube.com/feeds/videos.xml?channel_id=UCz1fTbwui7o5aDZ6W1dOLTQ", "source_obj__id": 198, "status_code": 0, "tags": [], "thumbnail": "https://i3.ytimg.com/vi/nCsXauxbQK4/hqdefault.jpg", "title": "Morning Nonsense: Helldivers 2 Submits to Fans/Dr. Who's Betrayal/Nerdrotic Goes Mainstream!", "user": null, "vote": 0}]