[{"age": null, "album": "", "artist": null, "bookmarked": false, "comments": [], "date_published": "2024-05-06T16:25:33+00:00", "description": "Bill Gates in on the case", "language": null, "link": "https://www.youtube.com/watch?v=WgoixKhPaMY", "manual_status_code": 0, "page_rating": 32, "page_rating_contents": 100, "page_rating_visits": 0, "page_rating_votes": 0, "permanent": false, "source": "https://www.youtube.com/feeds/videos.xml?channel_id=UCF9IOB2TExg3QIBupFtBDxg", "source_obj__id": 96, "status_code": 0, "tags": [], "thumbnail": "https://i4.ytimg.com/vi/WgoixKhPaMY/hqdefault.jpg", "title": "New RNA vaccines comming", "user": null, "vote": 0}, {"age": null, "album": "", "artist": null, "bookmarked": false, "comments": [], "date_published": "2024-05-06T08:55:37+00:00", "description": "Update from Mr. Kyle Warner\n\nCountermeasures Injury Compensation Program (CICP) \nhttps://www.hrsa.gov/cicp/cicp-data\n\nCICP Claims Compensated\nhttps://www.hrsa.gov/cicp/cicp-data/table-4\n\nSee More from Kyle Warner\n@ KyleWarnerMTB - Instagram\n@Kyle&amp;April-RideMTB - Youtube\nWebsite- Ridemtb.com\n\nBacklogged: Few cases finished after millions spent investigating COVID vaccine claims\n\nhttps://nam10.safelinks.protection.outlook.com/?url=https%3A%2F%2Fwww.investigatetv.com%2F2024%2F04%2F29%2Fbacklogged-few-cases-finished-after-millions-spent-investigating-covid-vaccine-claims%2F&amp;data=05%7C02%7Ckyle.warner%40react19.org%7C69b08b89172e462aa6ff08dc689b595", "language": null, "link": "https://www.youtube.com/watch?v=OPpR7kIbdhA", "manual_status_code": 0, "page_rating": 32, "page_rating_contents": 100, "page_rating_visits": 0, "page_rating_votes": 0, "permanent": false, "source": "https://www.youtube.com/feeds/videos.xml?channel_id=UCF9IOB2TExg3QIBupFtBDxg", "source_obj__id": 96, "status_code": 0, "tags": [], "thumbnail": "https://i4.ytimg.com/vi/OPpR7kIbdhA/hqdefault.jpg", "title": "Kyle's vaccine injury journey", "user": null, "vote": 0}]