[{"age": null, "album": "", "artist": null, "bookmarked": false, "comments": [], "date_published": "2024-05-06T17:03:04+00:00", "description": "When a family or group of friends sit down to play a familiar game they've played many times before, they generally don't need to refer to the rules\u2014unless someone breaks them. The values of liberal democracy have been transgressed in numerous forms in the last decade, yet many are unfamiliar with what the \"rule book\" would say those values are.", "language": "en-us", "link": "https://phys.org/news/2024-05-accountability-standards-based-democracy-political.html", "manual_status_code": 0, "page_rating": 32, "page_rating_contents": 100, "page_rating_visits": 0, "page_rating_votes": 0, "permanent": false, "source": "https://phys.org/rss-feed", "source_obj__id": 251, "status_code": 0, "tags": [], "thumbnail": "https://scx1.b-cdn.net/csz/news/tmb/2019/1-democracy.jpg", "title": "Accountability standards based on rules of democracy needed in times of rising political violence, scholar argues", "user": null, "vote": 0}, {"age": null, "album": "", "artist": null, "bookmarked": false, "comments": [], "date_published": "2024-05-06T17:01:03+00:00", "description": "A quarrel with a co-worker, task overload, a difficult relationship with the boss; each of us reacts slightly differently to problematic events in our professional lives. Such events often result in decreased work motivation and engagement.", "language": "en-us", "link": "https://phys.org/news/2024-05-explores-psychological-capital-engagement-tough.html", "manual_status_code": 0, "page_rating": 32, "page_rating_contents": 100, "page_rating_visits": 0, "page_rating_votes": 0, "permanent": false, "source": "https://phys.org/rss-feed", "source_obj__id": 251, "status_code": 0, "tags": [], "thumbnail": "https://scx1.b-cdn.net/csz/news/tmb/2019/work.jpg", "title": "Study explores whether psychological capital will help with work engagement in tough moments", "user": null, "vote": 0}, {"age": null, "album": "", "artist": null, "bookmarked": false, "comments": [], "date_published": "2024-05-06T16:40:02+00:00", "description": "A recent study at the Hebrew University examines the impact of memorial days in Israel on national unity amidst political polarization.", "language": "en-us", "link": "https://phys.org/news/2024-05-grief-unity-resilience-impact-memorial.html", "manual_status_code": 0, "page_rating": 32, "page_rating_contents": 100, "page_rating_visits": 0, "page_rating_votes": 0, "permanent": false, "source": "https://phys.org/rss-feed", "source_obj__id": 251, "status_code": 0, "tags": [], "thumbnail": "https://scx1.b-cdn.net/csz/news/tmb/2022/holocaust.jpg", "title": "Grief, unity, and resilience: Study examines the impact of memorial days in Israel", "user": null, "vote": 0}, {"age": null, "album": "", "artist": null, "bookmarked": false, "comments": [], "date_published": "2024-05-06T16:36:03+00:00", "description": "Young people's perfectionism is manifested as concern over their competence and fear of making mistakes.", "language": "en-us", "link": "https://phys.org/news/2024-05-critical-perfectionism-gnaws-students-secondary.html", "manual_status_code": 0, "page_rating": 32, "page_rating_contents": 100, "page_rating_visits": 0, "page_rating_votes": 0, "permanent": false, "source": "https://phys.org/rss-feed", "source_obj__id": 251, "status_code": 0, "tags": [], "thumbnail": "https://scx1.b-cdn.net/csz/news/tmb/2020/1-teens.jpg", "title": "Self-critical perfectionism gnaws on students' well-being already in lower secondary school, says study", "user": null, "vote": 0}, {"age": null, "album": "", "artist": null, "bookmarked": false, "comments": [], "date_published": "2024-05-06T16:24:03+00:00", "description": "Field observations have revealed that highly stressed D-shape tunnels experience sidewall rockburst triggered by impact loads stemming from rock blasting or other mining-related dynamic disturbances.", "language": "en-us", "link": "https://phys.org/news/2024-05-reveals-rockburst-characteristics-triggering-mechanisms.html", "manual_status_code": 0, "page_rating": 32, "page_rating_contents": 100, "page_rating_visits": 0, "page_rating_votes": 0, "permanent": false, "source": "https://phys.org/rss-feed", "source_obj__id": 251, "status_code": 0, "tags": [], "thumbnail": "https://scx1.b-cdn.net/csz/news/tmb/2024/sidewall-rockburst-of.jpg", "title": "Study reveals rockburst processes, characteristics and triggering mechanisms", "user": null, "vote": 0}, {"age": null, "album": "", "artist": null, "bookmarked": false, "comments": [], "date_published": "2024-05-06T15:59:02+00:00", "description": "Near the moon's south pole lies a 13-mile wide, 2.5-mile-deep crater known as Shackleton, named for Antarctic explorer Ernest Shackleton. Shackleton\u2014and craters like it\u2014may contain untapped resources that can be accessed with lunar mining.", "language": "en-us", "link": "https://phys.org/news/2024-05-untapped-lunar-resources.html", "manual_status_code": 0, "page_rating": 32, "page_rating_contents": 100, "page_rating_visits": 0, "page_rating_votes": 0, "permanent": false, "source": "https://phys.org/rss-feed", "source_obj__id": 251, "status_code": 0, "tags": [], "thumbnail": "https://scx1.b-cdn.net/csz/news/tmb/2024/shining-a-light-on-unt.jpg", "title": "Shining a light on untapped lunar resources", "user": null, "vote": 0}, {"age": null, "album": "", "artist": null, "bookmarked": false, "comments": [], "date_published": "2024-05-06T15:58:44+00:00", "description": "After analyzing seven years of earthquake data from the Midland Basin, a team of scientists at The University of Texas at Austin has found that seismic activity is probably on the move northeast toward the community of Big Spring.", "language": "en-us", "link": "https://phys.org/news/2024-05-earthquakes-northeast-midland-basin-texas.html", "manual_status_code": 0, "page_rating": 32, "page_rating_contents": 100, "page_rating_visits": 0, "page_rating_votes": 0, "permanent": false, "source": "https://phys.org/rss-feed", "source_obj__id": 251, "status_code": 0, "tags": [], "thumbnail": "https://scx1.b-cdn.net/csz/news/tmb/2024/earthquakes-are-moving.jpg", "title": "Earthquakes are moving northeast in Midland Basin of Texas, scientists find", "user": null, "vote": 0}, {"age": null, "album": "", "artist": null, "bookmarked": false, "comments": [], "date_published": "2024-05-06T15:53:03+00:00", "description": "A new study has been led by Prof. Xing-Hua Xia (State Key Lab of Analytical Chemistry for Life Science, School of Chemistry and Chemical Engineering, Nanjing University). While analyzing the infrared photoinduced force response of quartz, Dr. Jian Li observed a unique spectral response that is different from the far field infrared absorption spectrum.", "language": "en-us", "link": "https://phys.org/news/2024-05-ultrathin-samples-surface-phonon-polariton.html", "manual_status_code": 0, "page_rating": 32, "page_rating_contents": 100, "page_rating_visits": 0, "page_rating_votes": 0, "permanent": false, "source": "https://phys.org/rss-feed", "source_obj__id": 251, "status_code": 0, "tags": [], "thumbnail": "https://scx1.b-cdn.net/csz/news/tmb/2024/nanoscale-infrared-con.jpg", "title": "Ultrathin samples with surface phonon polariton enhance photoinduced dipole force", "user": null, "vote": 0}, {"age": null, "album": "", "artist": null, "bookmarked": false, "comments": [], "date_published": "2024-05-06T15:51:03+00:00", "description": "Hydrogen energy is considered a promising solution with high energy density and zero pollution emissions. Currently, hydrogen is mainly derived from fossil fuels, which increases energy consumption and greenhouse gas emissions, hindering efforts to achieve carbon neutrality goals.", "language": "en-us", "link": "https://phys.org/news/2024-05-team-mxene-ptco-bimetallic-catalyst.html", "manual_status_code": 0, "page_rating": 32, "page_rating_contents": 100, "page_rating_visits": 0, "page_rating_votes": 0, "permanent": false, "source": "https://phys.org/rss-feed", "source_obj__id": 251, "status_code": 0, "tags": [], "thumbnail": "https://scx1.b-cdn.net/csz/news/tmb/2024/mxene-supported-ptco-b.jpg", "title": "Team describes MXene-supported PtCo bimetallic catalyst for hydrogen evolution in acidic conditions", "user": null, "vote": 0}, {"age": null, "album": "", "artist": null, "bookmarked": false, "comments": [], "date_published": "2024-05-06T15:41:39+00:00", "description": "While significant strides have been made in improving air quality in China through regulations like the Clean Air Act issued in 2013, air pollution has become increasingly complex. Despite notable improvements, the development of the economy and expansion of vehicular activity have given rise to new challenges, such as the emergence of ozone (O3) pollution, complicating the landscape of air quality management.", "language": "en-us", "link": "https://phys.org/news/2024-05-china-air-pollution-center-combat.html", "manual_status_code": 0, "page_rating": 32, "page_rating_contents": 100, "page_rating_visits": 0, "page_rating_votes": 0, "permanent": false, "source": "https://phys.org/rss-feed", "source_obj__id": 251, "status_code": 0, "tags": [], "thumbnail": "https://scx1.b-cdn.net/csz/news/tmb/2024/new-china-air-pollutio.jpg", "title": "China Air Pollution Data Center launched to combat evolving complexity of air quality challenges", "user": null, "vote": 0}, {"age": null, "album": "", "artist": null, "bookmarked": false, "comments": [], "date_published": "2024-05-06T15:40:04+00:00", "description": "Drones monitoring fields for weeds and robots targeting and treating crop diseases may sound like science fiction but is actually happening already, at least on some experimental farms. Researchers from the PhenoRob Cluster of Excellence at the University of Bonn are working on driving forward the smart digitalization of agriculture and have now published a list of the research questions that will need to be tackled as a priority in the future. Their paper appears in the European Journal of Agronomy.", "language": "en-us", "link": "https://phys.org/news/2024-05-priorities-leverage-smart-digital-technologies.html", "manual_status_code": 0, "page_rating": 32, "page_rating_contents": 100, "page_rating_visits": 0, "page_rating_votes": 0, "permanent": false, "source": "https://phys.org/rss-feed", "source_obj__id": 251, "status_code": 0, "tags": [], "thumbnail": "https://scx1.b-cdn.net/csz/news/tmb/2024/ai-to-make-crop-produc.jpg", "title": "Identifying priorities to leverage smart digital technologies for sustainable crop production", "user": null, "vote": 0}, {"age": null, "album": "", "artist": null, "bookmarked": false, "comments": [], "date_published": "2024-05-06T15:33:03+00:00", "description": "A Birmingham researcher has developed a new high-throughput device that produces libraries of nanomaterials using sustainable mechanochemical approaches.", "language": "en-us", "link": "https://phys.org/news/2024-05-high-throughput-device-potential-advanced.html", "manual_status_code": 0, "page_rating": 32, "page_rating_contents": 100, "page_rating_visits": 0, "page_rating_votes": 0, "permanent": false, "source": "https://phys.org/rss-feed", "source_obj__id": 251, "status_code": 0, "tags": [], "thumbnail": "https://scx1.b-cdn.net/csz/news/tmb/2023/2d-material.jpg", "title": "New high-throughput device to unlock the potential of advanced materials", "user": null, "vote": 0}, {"age": null, "album": "", "artist": null, "bookmarked": false, "comments": [], "date_published": "2024-05-06T15:21:15+00:00", "description": "Ever wonder what happens when you fall into a black hole? Now, thanks to a new, immersive visualization produced on a NASA supercomputer, viewers can plunge into the event horizon, a black hole's point of no return.", "language": "en-us", "link": "https://phys.org/news/2024-05-black-hole-visualization-viewers-brink.html", "manual_status_code": 0, "page_rating": 32, "page_rating_contents": 100, "page_rating_visits": 0, "page_rating_votes": 0, "permanent": false, "source": "https://phys.org/rss-feed", "source_obj__id": 251, "status_code": 0, "tags": [], "thumbnail": "https://scx1.b-cdn.net/csz/news/tmb/2024/new-nasa-black-hole-vi.jpg", "title": "New black hole visualization takes viewers beyond the brink", "user": null, "vote": 0}, {"age": null, "album": "", "artist": null, "bookmarked": false, "comments": [], "date_published": "2024-05-06T15:10:56+00:00", "description": "Researchers interested in improving a given trait in plants can now identify the genes that regulate the trait's expression without doing any experiments.", "language": "en-us", "link": "https://phys.org/news/2024-05-team-fast-track-genetic-traits.html", "manual_status_code": 0, "page_rating": 32, "page_rating_contents": 100, "page_rating_visits": 0, "page_rating_votes": 0, "permanent": false, "source": "https://phys.org/rss-feed", "source_obj__id": 251, "status_code": 0, "tags": [], "thumbnail": "https://scx1.b-cdn.net/csz/news/tmb/2024/research-team-develops-10.jpg", "title": "Research team develops fast-track process for genetic improvement of plant traits", "user": null, "vote": 0}, {"age": null, "album": "", "artist": null, "bookmarked": false, "comments": [], "date_published": "2024-05-06T15:10:46+00:00", "description": "The stage is set for some space history to be made tonight as two veteran NASA astronauts aim to launch in a spacecraft that has never flown with humans before.", "language": "en-us", "link": "https://phys.org/news/2024-05-boeing-starliner-mission-humans-historic.html", "manual_status_code": 0, "page_rating": 32, "page_rating_contents": 100, "page_rating_visits": 0, "page_rating_votes": 0, "permanent": false, "source": "https://phys.org/rss-feed", "source_obj__id": 251, "status_code": 0, "tags": [], "thumbnail": "https://scx1.b-cdn.net/csz/news/tmb/2024/atlas-v-rocket.jpg", "title": "Boeing's first Starliner mission with humans set for historic Space Coast launch tonight", "user": null, "vote": 0}, {"age": null, "album": "", "artist": null, "bookmarked": false, "comments": [], "date_published": "2024-05-06T15:02:48+00:00", "description": "China has released a geologic atlas set of the global moon with a scale of 1:2.5 million, which is the first complete high-definition lunar geologic atlas in the world, providing basic map data for future lunar research and exploration.", "language": "en-us", "link": "https://phys.org/news/2024-05-china-publishes-world-high-definition.html", "manual_status_code": 0, "page_rating": 32, "page_rating_contents": 100, "page_rating_visits": 0, "page_rating_votes": 0, "permanent": false, "source": "https://phys.org/rss-feed", "source_obj__id": 251, "status_code": 0, "tags": [], "thumbnail": "https://scx1.b-cdn.net/csz/news/tmb/2024/china-publishes-worlds-1.jpg", "title": "China publishes world's first high-definition lunar geologic atlas", "user": null, "vote": 0}, {"age": null, "album": "", "artist": null, "bookmarked": false, "comments": [], "date_published": "2024-05-06T15:00:01+00:00", "description": "Scientists at the University of Colorado Boulder and Princeton University have, for the first time, employed a tool often used in geology to detect the atomic fingerprints of cancer.", "language": "en-us", "link": "https://phys.org/news/2024-05-geologists-biologists-unearth-atomic-fingerprints.html", "manual_status_code": 0, "page_rating": 32, "page_rating_contents": 100, "page_rating_visits": 0, "page_rating_votes": 0, "permanent": false, "source": "https://phys.org/rss-feed", "source_obj__id": 251, "status_code": 0, "tags": [], "thumbnail": "https://scx1.b-cdn.net/csz/news/tmb/2023/cancer-cells.jpg", "title": "Geologists, biologists unearth the atomic fingerprints of cancer", "user": null, "vote": 0}, {"age": null, "album": "", "artist": null, "bookmarked": false, "comments": [], "date_published": "2024-05-06T15:00:01+00:00", "description": "Researchers at Sylvester Comprehensive Cancer Center at the University of Miami Miller School of Medicine have developed a nanoparticle that can penetrate the blood-brain barrier. Their goal is to kill primary breast cancer tumors and brain metastases in one treatment, and their research shows the method can shrink breast and brain tumors in laboratory studies.", "language": "en-us", "link": "https://phys.org/news/2024-05-nanoparticle-penetrate-blood-brain-barrier.html", "manual_status_code": 0, "page_rating": 32, "page_rating_contents": 100, "page_rating_visits": 0, "page_rating_votes": 0, "permanent": false, "source": "https://phys.org/rss-feed", "source_obj__id": 251, "status_code": 0, "tags": [], "thumbnail": "https://scx1.b-cdn.net/csz/news/tmb/2024/blood-brain-barrier.jpg", "title": "Researchers develop a nanoparticle that can penetrate the blood-brain barrier", "user": null, "vote": 0}, {"age": null, "album": "", "artist": null, "bookmarked": false, "comments": [], "date_published": "2024-05-06T14:28:42+00:00", "description": "Skin functions as a sophisticated sensorial system in the human body, capable not only of detecting environmental stimuli\u2014such as temperature, pressure, strain, and vibration\u2014but also of actively responding to these changes. Among these, the temperature regulation capability of the skin plays a critical role in maintaining the stability of homeothermic animals.", "language": "en-us", "link": "https://phys.org/news/2024-05-temperature-dynamically-strategy-wound-tissue.html", "manual_status_code": 0, "page_rating": 32, "page_rating_contents": 100, "page_rating_visits": 0, "page_rating_votes": 0, "permanent": false, "source": "https://phys.org/rss-feed", "source_obj__id": 251, "status_code": 0, "tags": [], "thumbnail": "https://scx1.b-cdn.net/csz/news/tmb/2024/self-adaptive-system-f.jpg", "title": "Self-adaptive system for temperature control: A dynamically controllable strategy for healing wound tissue", "user": null, "vote": 0}, {"age": null, "album": "", "artist": null, "bookmarked": false, "comments": [], "date_published": "2024-05-06T14:28:35+00:00", "description": "With every year that passes, fewer witnesses can tell us about their personal experience of the horrors of the Second World War. That is why the project LediZ (Learning with Digital Testimonies) has developed new interactive digital media that conserve the memories of Holocaust survivors and make these available through the project's website.", "language": "en-us", "link": "https://phys.org/news/2024-05-holocaust-survivors-digital-voice-world.html", "manual_status_code": 0, "page_rating": 32, "page_rating_contents": 100, "page_rating_visits": 0, "page_rating_votes": 0, "permanent": false, "source": "https://phys.org/rss-feed", "source_obj__id": 251, "status_code": 0, "tags": [], "thumbnail": "https://scx1.b-cdn.net/csz/news/tmb/2024/giving-holocaust-survi.jpg", "title": "Giving Holocaust survivors a digital voice in the world", "user": null, "vote": 0}, {"age": null, "album": "", "artist": null, "bookmarked": false, "comments": [], "date_published": "2024-05-06T14:20:04+00:00", "description": "Art can contribute to futures thinking in various ways, such as inspiring alternative futures through mediums like science fiction in films and literature, encapsulating future scenarios through artistic illustrations, and posing thought-provoking questions that challenge our perceptions and understanding of the future.", "language": "en-us", "link": "https://phys.org/news/2024-05-art-based-approaches-fresh-perspectives.html", "manual_status_code": 0, "page_rating": 32, "page_rating_contents": 100, "page_rating_visits": 0, "page_rating_votes": 0, "permanent": false, "source": "https://phys.org/rss-feed", "source_obj__id": 251, "status_code": 0, "tags": [], "thumbnail": "https://scx1.b-cdn.net/csz/news/tmb/2024/art-based-approaches-t.jpg", "title": "Art-based approaches can encourage fresh perspectives on the future", "user": null, "vote": 0}, {"age": null, "album": "", "artist": null, "bookmarked": false, "comments": [], "date_published": "2024-05-06T14:04:04+00:00", "description": "More than a million tons of fish residues can rescue the food and cosmetic industries from raw materials shortages\u2014and create new jobs. The key factors here are oils rich in omega-3, collagen and gelatin.", "language": "en-us", "link": "https://phys.org/news/2024-05-fish-residues-compensate-raw-materials.html", "manual_status_code": 0, "page_rating": 32, "page_rating_contents": 100, "page_rating_visits": 0, "page_rating_votes": 0, "permanent": false, "source": "https://phys.org/rss-feed", "source_obj__id": 251, "status_code": 0, "tags": [], "thumbnail": "https://scx1.b-cdn.net/csz/news/tmb/2024/fish-residues-can-comp.jpg", "title": "Fish residues can compensate for raw materials shortages and improve our health in the bargain", "user": null, "vote": 0}, {"age": null, "album": "", "artist": null, "bookmarked": false, "comments": [], "date_published": "2024-05-06T13:29:03+00:00", "description": "In the process of firing ceramics, the appearance, structure and properties of ceramics are determined by raw materials and firing technology, so the study of raw materials and firing technology of ancient ceramics has always been a very important archaeological science topic.", "language": "en-us", "link": "https://phys.org/news/2024-05-explore-raw-materials-technology-porcelain.html", "manual_status_code": 0, "page_rating": 32, "page_rating_contents": 100, "page_rating_visits": 0, "page_rating_votes": 0, "permanent": false, "source": "https://phys.org/rss-feed", "source_obj__id": 251, "status_code": 0, "tags": [], "thumbnail": "https://scx1.b-cdn.net/csz/news/tmb/2024/researchers-explore-ra.jpg", "title": "Researchers explore raw materials and firing technology for porcelain from late sixth-century Xing kiln", "user": null, "vote": 0}, {"age": null, "album": "", "artist": null, "bookmarked": false, "comments": [], "date_published": "2024-05-06T13:18:06+00:00", "description": "Students are better able to regulate themselves in lessons that they consider to be particularly well implemented. This is the conclusion drawn from a study by the DIPF | Leibniz Institute for Research and Information in Education, published in the journal Learning and Instruction.", "language": "en-us", "link": "https://phys.org/news/2024-05-good-lessons-students-attention-behavior.html", "manual_status_code": 0, "page_rating": 32, "page_rating_contents": 100, "page_rating_visits": 0, "page_rating_votes": 0, "permanent": false, "source": "https://phys.org/rss-feed", "source_obj__id": 251, "status_code": 0, "tags": [], "thumbnail": "https://scx1.b-cdn.net/csz/news/tmb/2022/teaching.jpg", "title": "Do good lessons promote students' attention and behavior?", "user": null, "vote": 0}, {"age": null, "album": "", "artist": null, "bookmarked": false, "comments": [], "date_published": "2024-05-06T13:06:08+00:00", "description": "Drivers in New York state were issued more than 1 million license suspensions in 2017, and about two-thirds of them were for \"traffic debt\"\u2014failure to pay a traffic ticket or to appear in traffic court\u2014while less than 10% were for driving infractions.", "language": "en-us", "link": "https://phys.org/news/2024-05-suspensions-disproportionately-marginalized-communities.html", "manual_status_code": 0, "page_rating": 32, "page_rating_contents": 100, "page_rating_visits": 0, "page_rating_votes": 0, "permanent": false, "source": "https://phys.org/rss-feed", "source_obj__id": 251, "status_code": 0, "tags": [], "thumbnail": "https://scx1.b-cdn.net/csz/news/tmb/2024/license-suspensions-di.jpg", "title": "License suspensions disproportionately hurt marginalized communities, finds study", "user": null, "vote": 0}, {"age": null, "album": "", "artist": null, "bookmarked": false, "comments": [], "date_published": "2024-05-06T13:05:42+00:00", "description": "The COVID-19 pandemic and the hybrid work patterns it fostered have changed the way we think about office space, and central business districts in general. While fears of urban center \"ghost towns\" may have been premature, many cities around the world still face dilemmas over how best to adapt.", "language": "en-us", "link": "https://phys.org/news/2024-05-business-districts-evolve-pandemic-repurposing.html", "manual_status_code": 0, "page_rating": 32, "page_rating_contents": 100, "page_rating_visits": 0, "page_rating_votes": 0, "permanent": false, "source": "https://phys.org/rss-feed", "source_obj__id": 251, "status_code": 0, "tags": [], "thumbnail": "https://scx1.b-cdn.net/csz/news/tmb/2023/city-train-new-zealand.jpg", "title": "As business districts evolve post-pandemic, repurposing old or empty spaces should be on the drawing board", "user": null, "vote": 0}, {"age": null, "album": "", "artist": null, "bookmarked": false, "comments": [], "date_published": "2024-05-06T13:05:19+00:00", "description": "Blue whales are the largest animals on Earth, measuring up to 30 meters long and weighing up to 200 tons\u2014as much as a Boeing 787. Yet it's the sound they make, not their size, which gives their location away.", "language": "en-us", "link": "https://phys.org/news/2024-05-giants-elusive-antarctic-blue-whale.html", "manual_status_code": 0, "page_rating": 32, "page_rating_contents": 100, "page_rating_visits": 0, "page_rating_votes": 0, "permanent": false, "source": "https://phys.org/rss-feed", "source_obj__id": 251, "status_code": 0, "tags": [], "thumbnail": "https://scx1.b-cdn.net/csz/news/tmb/2024/listening-to-giants-th.jpg", "title": "Listening to giants: The search for the elusive Antarctic blue whale", "user": null, "vote": 0}, {"age": null, "album": "", "artist": null, "bookmarked": false, "comments": [], "date_published": "2024-05-06T13:05:04+00:00", "description": "How well bees tolerate temperature extremes could determine their ability to persist in a changing climate. But heat tolerance varies between and within populations, so a research team led by Penn State entomologists examined bee physical traits\u2014such as sex differences in body mass\u2014to understand how these traits interact with environmental conditions, pathogens and other factors.", "language": "en-us", "link": "https://phys.org/news/2024-05-bee-body-mass-pathogens-local.html", "manual_status_code": 0, "page_rating": 32, "page_rating_contents": 100, "page_rating_visits": 0, "page_rating_votes": 0, "permanent": false, "source": "https://phys.org/rss-feed", "source_obj__id": 251, "status_code": 0, "tags": [], "thumbnail": "https://scx1.b-cdn.net/csz/news/tmb/2024/bee-body-mass-pathogen.jpg", "title": "Bee body mass, pathogens and local climate influence heat tolerance", "user": null, "vote": 0}, {"age": null, "album": "", "artist": null, "bookmarked": false, "comments": [], "date_published": "2024-05-06T13:04:02+00:00", "description": "Primordial black holes are hypothetical objects formed during the earliest moments of the universe. According to the models, they formed from micro-fluctuations in matter density and spacetime to become sand grain-sized mountain-massed black holes.", "language": "en-us", "link": "https://phys.org/news/2024-05-universe-ultralight-black-holes-die.html", "manual_status_code": 0, "page_rating": 32, "page_rating_contents": 100, "page_rating_visits": 0, "page_rating_votes": 0, "permanent": false, "source": "https://phys.org/rss-feed", "source_obj__id": 251, "status_code": 0, "tags": [], "thumbnail": "https://scx1.b-cdn.net/csz/news/tmb/2024/the-universe-could-be.jpg", "title": "The universe could be filled with ultralight black holes that can't die", "user": null, "vote": 0}, {"age": null, "album": "", "artist": null, "bookmarked": false, "comments": [], "date_published": "2024-05-06T12:41:04+00:00", "description": "MIT astronomers have observed the elusive starlight surrounding some of the earliest quasars in the universe. The distant signals, which trace back more than 13 billion years to the universe's infancy, are revealing clues to how the very first black holes and galaxies evolved.", "language": "en-us", "link": "https://phys.org/news/2024-05-astronomers-elusive-stellar-ancient-quasars.html", "manual_status_code": 0, "page_rating": 32, "page_rating_contents": 100, "page_rating_visits": 0, "page_rating_votes": 0, "permanent": false, "source": "https://phys.org/rss-feed", "source_obj__id": 251, "status_code": 0, "tags": [], "thumbnail": "https://scx1.b-cdn.net/csz/news/tmb/2024/mit-astronomers-observ.jpg", "title": "Astronomers observe elusive stellar light surrounding ancient quasars", "user": null, "vote": 0}, {"age": null, "album": "", "artist": null, "bookmarked": false, "comments": [], "date_published": "2024-05-06T12:23:04+00:00", "description": "Researchers at the University of Pittsburgh and Drexel University in Philadelphia, along with Brookhaven National Laboratory, are working to solve a multipart mystery to make water disinfection treatments more sustainable.", "language": "en-us", "link": "https://phys.org/news/2024-05-catalysis-corrosion-mystery-electrochemical-ozone.html", "manual_status_code": 0, "page_rating": 32, "page_rating_contents": 100, "page_rating_visits": 0, "page_rating_votes": 0, "permanent": false, "source": "https://phys.org/rss-feed", "source_obj__id": 251, "status_code": 0, "tags": [], "thumbnail": "https://scx1.b-cdn.net/csz/news/tmb/2024/pitt-drexel-and-brookh-1.jpg", "title": "Engineers solve 'catalysis vs corrosion' mystery in electrochemical ozone production", "user": null, "vote": 0}, {"age": null, "album": "", "artist": null, "bookmarked": false, "comments": [], "date_published": "2024-05-06T12:16:15+00:00", "description": "As a greenhouse gas, carbon dioxide (CO2) contributes to climate change as it accumulates in the atmosphere. One way to reduce the amount of unwanted CO2 in the atmosphere is to convert the gas into a useful carbon product that can be used to generate valuable compounds.", "language": "en-us", "link": "https://phys.org/news/2024-05-nanoparticle-catalysts-carbon-dioxide-monoxide.html", "manual_status_code": 0, "page_rating": 32, "page_rating_contents": 100, "page_rating_visits": 0, "page_rating_votes": 0, "permanent": false, "source": "https://phys.org/rss-feed", "source_obj__id": 251, "status_code": 0, "tags": [], "thumbnail": "https://scx1.b-cdn.net/csz/news/tmb/2024/nanoparticle-catalysts.jpg", "title": "Nanoparticle catalysts convert carbon dioxide to carbon monoxide to make useful compounds", "user": null, "vote": 0}, {"age": null, "album": "", "artist": null, "bookmarked": false, "comments": [], "date_published": "2024-05-06T12:15:58+00:00", "description": "Some nuclei of certain elements decay radioactively into nuclei of different elements. These decays can be useful or annoying depending on the context. This is especially true for potassium-40. This isotope usually decays to calcium-40, but about 10% of the time it decays to argon-40.", "language": "en-us", "link": "https://phys.org/news/2024-05-collaboration-rare-nuclear-decay-potassium.html", "manual_status_code": 0, "page_rating": 32, "page_rating_contents": 100, "page_rating_visits": 0, "page_rating_votes": 0, "permanent": false, "source": "https://phys.org/rss-feed", "source_obj__id": 251, "status_code": 0, "tags": [], "thumbnail": "https://scx1.b-cdn.net/csz/news/tmb/2024/the-kdk-collaboration.jpg", "title": "Collaboration identifies rare nuclear decay in long-lived potassium isotope", "user": null, "vote": 0}, {"age": null, "album": "", "artist": null, "bookmarked": false, "comments": [], "date_published": "2024-05-06T12:15:46+00:00", "description": "A team of scientists from A*STAR's Genome Institute of Singapore (GIS) and Bioinformatics Institute (BII) has developed a new AI software tool called \"BANKSY\" that automatically recognizes the cell types present in a tissue, such as muscle cells, nerve cells, and fat cells.", "language": "en-us", "link": "https://phys.org/news/2024-05-ai-tool-fast-precise-tissue.html", "manual_status_code": 0, "page_rating": 32, "page_rating_contents": 100, "page_rating_visits": 0, "page_rating_votes": 0, "permanent": false, "source": "https://phys.org/rss-feed", "source_obj__id": 251, "status_code": 0, "tags": [], "thumbnail": "https://scx1.b-cdn.net/csz/news/tmb/2024/researchers-develop-ne-15.jpg", "title": "Researchers develop new AI tool for fast and precise tissue analysis to support drug discovery and diagnostics", "user": null, "vote": 0}, {"age": null, "album": "", "artist": null, "bookmarked": false, "comments": [], "date_published": "2024-05-06T12:15:25+00:00", "description": "Recent fears of major declines among insects have sent researchers scrambling for data on how they are actually doing.", "language": "en-us", "link": "https://phys.org/news/2024-05-technology-revolutionizing-insect.html", "manual_status_code": 0, "page_rating": 32, "page_rating_contents": 100, "page_rating_visits": 0, "page_rating_votes": 0, "permanent": false, "source": "https://phys.org/rss-feed", "source_obj__id": 251, "status_code": 0, "tags": [], "thumbnail": "https://scx1.b-cdn.net/csz/news/tmb/2024/insect-research-is-rev.jpg", "title": "How technology is revolutionizing insect research", "user": null, "vote": 0}, {"age": null, "album": "", "artist": null, "bookmarked": false, "comments": [], "date_published": "2024-05-06T12:14:05+00:00", "description": "Thirty years ago, while counting barnacles, limpets and seaweeds along rocky shores, I started noticing a daily tide of litter, mostly plastic. As a marine biology Ph.D. student at Liverpool University, I kept removing it, but the next day, there'd be more.", "language": "en-us", "link": "https://phys.org/news/2024-05-evidence-microplastics-expert-years-pollution.html", "manual_status_code": 0, "page_rating": 32, "page_rating_contents": 100, "page_rating_visits": 0, "page_rating_votes": 0, "permanent": false, "source": "https://phys.org/rss-feed", "source_obj__id": 251, "status_code": 0, "tags": [], "thumbnail": "https://scx1.b-cdn.net/csz/news/tmb/2022/microplastics.jpg", "title": "'Everywhere we looked, we found evidence': Microplastics expert on 20 years of pollution research", "user": null, "vote": 0}, {"age": null, "album": "", "artist": null, "bookmarked": false, "comments": [], "date_published": "2024-05-06T12:11:04+00:00", "description": "An international agreement to end plastic pollution is due to be sealed this year in Busan, South Korea. At the penultimate round of negotiations, held in Ottawa, Canada, Rwanda and Peru proposed a target to cut the weight of primary plastics produced worldwide by 40% by 2040, compared with 2025.", "language": "en-us", "link": "https://phys.org/news/2024-05-global-plastic-treaty-caps-production.html", "manual_status_code": 0, "page_rating": 32, "page_rating_contents": 100, "page_rating_visits": 0, "page_rating_votes": 0, "permanent": false, "source": "https://phys.org/rss-feed", "source_obj__id": 251, "status_code": 0, "tags": [], "thumbnail": "https://scx1.b-cdn.net/csz/news/tmb/2018/2-plasticbags.jpg", "title": "A global plastic treaty will only work if it caps production, modeling shows", "user": null, "vote": 0}, {"age": null, "album": "", "artist": null, "bookmarked": false, "comments": [], "date_published": "2024-05-06T12:08:06+00:00", "description": "Plato of Athens (429\u2013347 BC) may be one of the most famous philosophers of all times. He was the thinker who came up with the \"theory of forms\" and founded the first academic institution. Yet we know little about his life, such as how he died, or where he might be buried, even.", "language": "en-us", "link": "https://phys.org/news/2024-05-ancient-scroll-reveals-story-plato.html", "manual_status_code": 0, "page_rating": 32, "page_rating_contents": 100, "page_rating_visits": 0, "page_rating_votes": 0, "permanent": false, "source": "https://phys.org/rss-feed", "source_obj__id": 251, "status_code": 0, "tags": [], "thumbnail": "https://scx1.b-cdn.net/csz/news/tmb/2020/plato.jpg", "title": "Ancient scroll reveals new story of Plato's death\u2014here's why you should be suspicious of it", "user": null, "vote": 0}, {"age": null, "album": "", "artist": null, "bookmarked": false, "comments": [], "date_published": "2024-05-06T12:08:04+00:00", "description": "Brazil records an average of 29,000 snakebites a year, leading to around 130 deaths. And it is in the Amazon that the greatest number of cases occur. This region is home to 38 of the 75 species of venomous snakes recorded in Brazil.", "language": "en-us", "link": "https://phys.org/news/2024-05-snakes-remote-amazon-regions-easy.html", "manual_status_code": 0, "page_rating": 32, "page_rating_contents": 100, "page_rating_visits": 0, "page_rating_votes": 0, "permanent": false, "source": "https://phys.org/rss-feed", "source_obj__id": 251, "status_code": 0, "tags": [], "thumbnail": "https://scx1.b-cdn.net/csz/news/tmb/2021/snake.jpg", "title": "Collecting live snakes in remote Amazon regions for study is no easy task\u2014here's how we do it", "user": null, "vote": 0}, {"age": null, "album": "", "artist": null, "bookmarked": false, "comments": [], "date_published": "2024-05-06T12:03:07+00:00", "description": "Animal behavior research relies on careful observation of animals. Researchers might spend months in a jungle habitat watching tropical birds mate and raise their young. They might track the rates of physical contact in cattle herds of different densities. Or they could record the sounds whales make as they migrate through the ocean.", "language": "en-us", "link": "https://phys.org/news/2024-05-animal-behavior-bias-room.html", "manual_status_code": 0, "page_rating": 32, "page_rating_contents": 100, "page_rating_visits": 0, "page_rating_votes": 0, "permanent": false, "source": "https://phys.org/rss-feed", "source_obj__id": 251, "status_code": 0, "tags": [], "thumbnail": "https://scx1.b-cdn.net/csz/news/tmb/2024/animal-behavior-resear.jpg", "title": "Animal behavior research better at keeping observer bias from sneaking in\u2014but there's still room to improve", "user": null, "vote": 0}, {"age": null, "album": "", "artist": null, "bookmarked": false, "comments": [], "date_published": "2024-05-06T12:03:05+00:00", "description": "Canada's House of Commons Standing Committee on Justice and Human Rights will soon begin hearings on antisemitism and Islamophobia. The process comes partly in response to claims that university and college campuses are unsafe spaces.", "language": "en-us", "link": "https://phys.org/news/2024-05-debates-campus-safety-response-palestine.html", "manual_status_code": 0, "page_rating": 32, "page_rating_contents": 100, "page_rating_visits": 0, "page_rating_votes": 0, "permanent": false, "source": "https://phys.org/rss-feed", "source_obj__id": 251, "status_code": 0, "tags": [], "thumbnail": "https://scx1.b-cdn.net/csz/news/tmb/2024/free-palestine.jpg", "title": "Debates on campus safety in response to Palestine solidarity activism show we need strategies to navigate discomfort", "user": null, "vote": 0}, {"age": null, "album": "", "artist": null, "bookmarked": false, "comments": [], "date_published": "2024-05-06T11:59:03+00:00", "description": "Researchers at the University of Michigan have developed a catalyst material known as cobalt phthalocyanine that converts carbon dioxide\u2014a significant driver of climate change\u2014into renewable fuels such as methanol.", "language": "en-us", "link": "https://phys.org/news/2024-05-carbon-neutrality-catalyst-dioxide-methanol.html", "manual_status_code": 0, "page_rating": 32, "page_rating_contents": 100, "page_rating_visits": 0, "page_rating_votes": 0, "permanent": false, "source": "https://phys.org/rss-feed", "source_obj__id": 251, "status_code": 0, "tags": [], "thumbnail": "https://scx1.b-cdn.net/csz/news/tmb/2024/a-leap-toward-carbon-n.jpg", "title": "A leap toward carbon neutrality: New catalyst converts carbon dioxide to methanol", "user": null, "vote": 0}, {"age": null, "album": "", "artist": null, "bookmarked": false, "comments": [], "date_published": "2024-05-06T11:50:04+00:00", "description": "Fifty years ago, Australian feminist Anne Summers denounced \"the ideology of sexism\" governing over so many women's lives. Unfortunately, sexism is as lethal today as it was then.", "language": "en-us", "link": "https://phys.org/news/2024-05-australia-latin-america-tackling-violence.html", "manual_status_code": 0, "page_rating": 32, "page_rating_contents": 100, "page_rating_visits": 0, "page_rating_votes": 0, "permanent": false, "source": "https://phys.org/rss-feed", "source_obj__id": 251, "status_code": 0, "tags": [], "thumbnail": "https://scx1.b-cdn.net/csz/news/tmb/2021/australia-3.jpg", "title": "What Australia can learn from Latin America when it comes to tackling violence against women", "user": null, "vote": 0}, {"age": null, "album": "", "artist": null, "bookmarked": false, "comments": [], "date_published": "2024-05-06T11:48:51+00:00", "description": "Scientists at UC San Diego have developed a machine learning algorithm to simulate the time-consuming chemistry involved in the earliest phases of drug discovery, which could significantly streamline the process and open doors for never-before-seen treatments.", "language": "en-us", "link": "https://phys.org/news/2024-05-simulated-chemistry-ai-platform-tomorrow.html", "manual_status_code": 0, "page_rating": 32, "page_rating_contents": 100, "page_rating_visits": 0, "page_rating_votes": 0, "permanent": false, "source": "https://phys.org/rss-feed", "source_obj__id": 251, "status_code": 0, "tags": [], "thumbnail": "https://scx1.b-cdn.net/csz/news/tmb/2024/simulated-chemistry-ne.jpg", "title": "Simulated chemistry: New AI platform designs tomorrow's cancer drugs", "user": null, "vote": 0}, {"age": null, "album": "", "artist": null, "bookmarked": false, "comments": [], "date_published": "2024-05-06T11:48:26+00:00", "description": "In a study published in Nature Communications, researchers have documented that persistent millennial-scale Asian winter monsoon (AWM) intensity fluctuations were superimposed on 41-kyr and ~100-kyr orbital variability during both the warmer (higher CO2) late Pliocene and colder (lower CO2) early Pleistocene, in response to both external astronomical forcing and internal climate dynamics.", "language": "en-us", "link": "https://phys.org/news/2024-05-northern-hemisphere-glaciation-orbital-millennial.html", "manual_status_code": 0, "page_rating": 32, "page_rating_contents": 100, "page_rating_visits": 0, "page_rating_votes": 0, "permanent": false, "source": "https://phys.org/rss-feed", "source_obj__id": 251, "status_code": 0, "tags": [], "thumbnail": "https://scx1.b-cdn.net/csz/news/tmb/2024/northern-hemisphere-gl.jpg", "title": "Researchers find Northern Hemisphere glaciation enhances orbital- and millennial-scale Asian winter monsoon variability", "user": null, "vote": 0}, {"age": null, "album": "", "artist": null, "bookmarked": false, "comments": [], "date_published": "2024-05-06T11:47:51+00:00", "description": "An X-ray burst (XRB) is a violent explosion that occurs on the surface of a neutron star as it absorbs material from a companion star. During this absorption, increasing temperatures and densities on the surface of the neutron star ignite a cascade of thermonuclear reactions.", "language": "en-us", "link": "https://phys.org/news/2024-05-scientists-key-reaction-neutron-star.html", "manual_status_code": 0, "page_rating": 32, "page_rating_contents": 100, "page_rating_visits": 0, "page_rating_votes": 0, "permanent": false, "source": "https://phys.org/rss-feed", "source_obj__id": 251, "status_code": 0, "tags": [], "thumbnail": "https://scx1.b-cdn.net/csz/news/tmb/2024/scientists-directly-me.jpg", "title": "Scientists directly measure a key reaction in neutron star binaries", "user": null, "vote": 0}, {"age": null, "album": "", "artist": null, "bookmarked": false, "comments": [], "date_published": "2024-05-06T11:44:04+00:00", "description": "Chemical reactions are complex mechanisms. Many different dynamic processes are involved, affecting both the electrons and the nucleus of the present atoms. Very often, the strongly coupled electron and nuclear dynamics induce radiation-less relaxation processes known as conical intersections. Such dynamics, which are at the basis of many biological and chemical relevant functions, are extremely difficult to detect experimentally.", "language": "en-us", "link": "https://phys.org/news/2024-05-attosecond-core-spectroscopy-reveals-real.html", "manual_status_code": 0, "page_rating": 32, "page_rating_contents": 100, "page_rating_visits": 0, "page_rating_votes": 0, "permanent": false, "source": "https://phys.org/rss-feed", "source_obj__id": 251, "status_code": 0, "tags": [], "thumbnail": "https://scx1.b-cdn.net/csz/news/tmb/2024/attosecond-core-level.jpg", "title": "Attosecond core-level spectroscopy reveals real-time molecular dynamics", "user": null, "vote": 0}, {"age": null, "album": "", "artist": null, "bookmarked": false, "comments": [], "date_published": "2024-05-06T11:15:03+00:00", "description": "Researchers at Rice University have successfully synthesized a group of natural compounds known as fusicoccanes. The molecules found in various living organisms exhibit diverse biological activities, including the ability to modulate protein-protein interactions within biological systems.", "language": "en-us", "link": "https://phys.org/news/2024-05-synthetic-chemistry-approach-yields-compounds.html", "manual_status_code": 0, "page_rating": 32, "page_rating_contents": 100, "page_rating_visits": 0, "page_rating_votes": 0, "permanent": false, "source": "https://phys.org/rss-feed", "source_obj__id": 251, "status_code": 0, "tags": [], "thumbnail": "https://scx1.b-cdn.net/csz/news/tmb/2024/rice-researchers-synth.jpg", "title": "Synthetic chemistry approach yields new compounds with potential biomedical applications", "user": null, "vote": 0}, {"age": null, "album": "", "artist": null, "bookmarked": false, "comments": [], "date_published": "2024-05-06T11:12:04+00:00", "description": "New discoveries about Jupiter could lead to a better understanding of Earth's own space environment and influence a long-running scientific debate about the solar system's largest planet.", "language": "en-us", "link": "https://phys.org/news/2024-05-scientists-big-largest-planet.html", "manual_status_code": 0, "page_rating": 32, "page_rating_contents": 100, "page_rating_visits": 0, "page_rating_votes": 0, "permanent": false, "source": "https://phys.org/rss-feed", "source_obj__id": 251, "status_code": 0, "tags": [], "thumbnail": "https://scx1.b-cdn.net/csz/news/tmb/2024/uaf-scientists-researc.jpg", "title": "Scientists' research answers big question about our system's largest planet", "user": null, "vote": 0}, {"age": null, "album": "", "artist": null, "bookmarked": false, "comments": [], "date_published": "2024-05-06T11:00:02+00:00", "description": "Planetary scientists at the University of Colorado Boulder have discovered how Venus, Earth's scalding and uninhabitable neighbor, became so dry.", "language": "en-us", "link": "https://phys.org/news/2024-05-billions-years-venus-reveal.html", "manual_status_code": 0, "page_rating": 32, "page_rating_contents": 100, "page_rating_visits": 0, "page_rating_votes": 0, "permanent": false, "source": "https://phys.org/rss-feed", "source_obj__id": 251, "status_code": 0, "tags": [], "thumbnail": "https://scx1.b-cdn.net/csz/news/tmb/2024/venus-has-almost-no-wa.jpg", "title": "Compared to billions of years ago, Venus has almost no water: New study may reveal why", "user": null, "vote": 0}, {"age": null, "album": "", "artist": null, "bookmarked": false, "comments": [], "date_published": "2024-05-06T11:00:02+00:00", "description": "In the 1940s and 1950s, the ocean off the coast of Los Angeles was a dumping ground for the nation's largest manufacturer of the pesticide DDT\u2014a chemical now known to harm humans and wildlife. Due to the stubborn chemistry of DDT and its toxic breakdown products, this pollution continues to plague L.A.'s coastal waters more than half a century later. While legal at the time, details of this industrial-scale pollution of the marine environment at a dump site some 15 miles offshore near Catalina Island have deeply concerned scientists and the public since they gained wider recognition in 2020.", "language": "en-us", "link": "https://phys.org/news/2024-05-ddt-pollutants-deep-sea-fish.html", "manual_status_code": 0, "page_rating": 32, "page_rating_contents": 100, "page_rating_visits": 0, "page_rating_votes": 0, "permanent": false, "source": "https://phys.org/rss-feed", "source_obj__id": 251, "status_code": 0, "tags": [], "thumbnail": "https://scx1.b-cdn.net/csz/news/tmb/2024/ddt-pollutants-found-i.jpg", "title": "DDT pollutants found in deep sea fish off LA coast raise questions about the pesticide's continuing threat to wildlife", "user": null, "vote": 0}, {"age": null, "album": "", "artist": null, "bookmarked": false, "comments": [], "date_published": "2024-05-06T11:00:02+00:00", "description": "To preserve the important intertidal areas and salt marshes off our coasts for the future, we need more turbid water. That is one of the striking conclusions from a new study conducted by a Dutch-Chinese team of researchers and published in Nature Geoscience.", "language": "en-us", "link": "https://phys.org/news/2024-05-turbid-coast-healthy.html", "manual_status_code": 0, "page_rating": 32, "page_rating_contents": 100, "page_rating_visits": 0, "page_rating_votes": 0, "permanent": false, "source": "https://phys.org/rss-feed", "source_obj__id": 251, "status_code": 0, "tags": [], "thumbnail": "https://scx1.b-cdn.net/csz/news/tmb/2024/turbid-waters-keep-the.jpg", "title": "Turbid waters keep the coast healthy, finds study", "user": null, "vote": 0}, {"age": null, "album": "", "artist": null, "bookmarked": false, "comments": [], "date_published": "2024-05-06T10:48:03+00:00", "description": "Researchers from the University of Basel and the NCCR SPIN have achieved the first controllable interaction between two hole spin qubits in a conventional silicon transistor. The breakthrough opens up the possibility of integrating millions of these qubits on a single chip using mature manufacturing processes.", "language": "en-us", "link": "https://phys.org/news/2024-05-door-millions-qubits-chip.html", "manual_status_code": 0, "page_rating": 32, "page_rating_contents": 100, "page_rating_visits": 0, "page_rating_votes": 0, "permanent": false, "source": "https://phys.org/rss-feed", "source_obj__id": 251, "status_code": 0, "tags": [], "thumbnail": "https://scx1.b-cdn.net/csz/news/tmb/2024/experiment-opens-door.jpg", "title": "Experiment opens door for millions of qubits on one chip", "user": null, "vote": 0}, {"age": null, "album": "", "artist": null, "bookmarked": false, "comments": [], "date_published": "2024-05-06T10:37:04+00:00", "description": "The boundary between solid metal and liquid metal can be much less \"solid\" than we ever suspected. RMIT researchers have discovered that the liquid-solid boundary can fluctuate back and forth, with metallic atoms near the surface breaking free from their crystal lattice.", "language": "en-us", "link": "https://phys.org/news/2024-05-spontaneous-liquefaction-solid-metalliquid-metal.html", "manual_status_code": 0, "page_rating": 32, "page_rating_contents": 100, "page_rating_visits": 0, "page_rating_votes": 0, "permanent": false, "source": "https://phys.org/rss-feed", "source_obj__id": 251, "status_code": 0, "tags": [], "thumbnail": "https://scx1.b-cdn.net/csz/news/tmb/2024/spontaneous-liquefacti.jpg", "title": "Researchers discover spontaneous liquefaction of solid metal\u2013liquid metal interfaces in colloidal binary alloys", "user": null, "vote": 0}, {"age": null, "album": "", "artist": null, "bookmarked": false, "comments": [], "date_published": "2024-05-06T10:13:03+00:00", "description": "Scientists from Tokyo Metropolitan University have created a new model for disordered materials to study how amorphous materials resist stress. They treated groups of atoms and molecules as squishy spheres with varying softness.", "language": "en-us", "link": "https://phys.org/news/2024-05-variety-block-softness-softer-amorphous.html", "manual_status_code": 0, "page_rating": 32, "page_rating_contents": 100, "page_rating_visits": 0, "page_rating_votes": 0, "permanent": false, "source": "https://phys.org/rss-feed", "source_obj__id": 251, "status_code": 0, "tags": [], "thumbnail": "https://scx1.b-cdn.net/csz/news/tmb/2024/variety-in-building-bl-2.jpg", "title": "Variety in building block softness makes for softer amorphous materials", "user": null, "vote": 0}, {"age": null, "album": "", "artist": null, "bookmarked": false, "comments": [], "date_published": "2024-05-06T10:10:02+00:00", "description": "A small team of political scientists, statisticians and data scientists from Harvard University, New York University, and Yale University, has found that by switching to a new method to better protect privacy, the U.S. Census Department has introduced factors that reduce accuracy in some cases.", "language": "en-us", "link": "https://phys.org/news/2024-05-method-privacy-census-accuracy.html", "manual_status_code": 0, "page_rating": 32, "page_rating_contents": 100, "page_rating_visits": 0, "page_rating_votes": 0, "permanent": false, "source": "https://phys.org/rss-feed", "source_obj__id": 251, "status_code": 0, "tags": [], "thumbnail": "https://scx1.b-cdn.net/csz/news/tmb/2024/study-of-new-method-us.jpg", "title": "Study of new method used to preserve privacy with US census data suggests accuracy has suffered", "user": null, "vote": 0}, {"age": null, "album": "", "artist": null, "bookmarked": false, "comments": [], "date_published": "2024-05-06T10:01:03+00:00", "description": "Move over, graphene. There's a new, improved two-dimensional material in the lab. Borophene, the atomically thin version of boron first synthesized in 2015, is more conductive, thinner, lighter, stronger and more flexible than graphene, the 2D version of carbon.", "language": "en-us", "link": "https://phys.org/news/2024-05-graphene-material-implantable-technology.html", "manual_status_code": 0, "page_rating": 32, "page_rating_contents": 100, "page_rating_visits": 0, "page_rating_votes": 0, "permanent": false, "source": "https://phys.org/rss-feed", "source_obj__id": 251, "status_code": 0, "tags": [], "thumbnail": "https://scx1.b-cdn.net/csz/news/tmb/2024/better-than-graphene-m.jpg", "title": "'Better than graphene' material development may improve implantable technology", "user": null, "vote": 0}, {"age": null, "album": "", "artist": null, "bookmarked": false, "comments": [], "date_published": "2024-05-06T10:00:03+00:00", "description": "Even in the deepest and most remote parts of the ocean, beaked whales cannot escape the harmful effects of human activity. From military sonar, targeted hunting and ship strikes to climate change, plastic pollution and oil spills, researchers have found that the reclusive, deep-sea dwelling species is exposed to 14 human-made threats despite being found in habitats far from cities, ports and other populous areas.", "language": "en-us", "link": "https://phys.org/news/2024-05-human-impacting-world-remote-whale.html", "manual_status_code": 0, "page_rating": 32, "page_rating_contents": 100, "page_rating_visits": 0, "page_rating_votes": 0, "permanent": false, "source": "https://phys.org/rss-feed", "source_obj__id": 251, "status_code": 0, "tags": [], "thumbnail": "https://scx1.b-cdn.net/csz/news/tmb/2024/how-human-activities-a.jpg", "title": "How human activities are impacting one of the world's most remote whale species", "user": null, "vote": 0}, {"age": null, "album": "", "artist": null, "bookmarked": false, "comments": [], "date_published": "2024-05-06T10:00:01+00:00", "description": "English learners are, on average, less likely to graduate high school in four years than students who never needed to learn English in school. But social identities like race and gender make a difference, and some groups of English learners are actually more likely to graduate, according to a new study by a team of education researchers at NYU and the University of Houston.", "language": "en-us", "link": "https://phys.org/news/2024-05-english-learners-high-school-gender.html", "manual_status_code": 0, "page_rating": 32, "page_rating_contents": 100, "page_rating_visits": 0, "page_rating_votes": 0, "permanent": false, "source": "https://phys.org/rss-feed", "source_obj__id": 251, "status_code": 0, "tags": [], "thumbnail": "https://scx1.b-cdn.net/csz/news/tmb/2024/high-school-1.jpg", "title": "How likely are English learners to graduate from high school? Study shows it depends on race, gender and income", "user": null, "vote": 0}, {"age": null, "album": "", "artist": null, "bookmarked": false, "comments": [], "date_published": "2024-05-06T09:50:01+00:00", "description": "Using the Very Long Baseline Array (VLBA), astronomers have explored a nearby binary stellar system composed of two M dwarfs, known as LP 349\u221225AB. Results of the study, presented April 25 on the pre-print server arXiv, shed more light on the properties of this system, suggesting that one of its components may be a brown dwarf.", "language": "en-us", "link": "https://phys.org/news/2024-05-nearby-dwarf-binary.html", "manual_status_code": 0, "page_rating": 32, "page_rating_contents": 100, "page_rating_visits": 0, "page_rating_votes": 0, "permanent": false, "source": "https://phys.org/rss-feed", "source_obj__id": 251, "status_code": 0, "tags": [], "thumbnail": "https://scx1.b-cdn.net/csz/news/tmb/2024/study-investigates-a-n.jpg", "title": "Study investigates a nearby M-dwarf binary system", "user": null, "vote": 0}, {"age": null, "album": "", "artist": null, "bookmarked": false, "comments": [], "date_published": "2024-05-06T09:49:04+00:00", "description": "Perovskites are among the most researched topics in materials science. Recently, a research team from The Hong Kong Polytechnic University (PolyU) has solved an age-old challenge to synthesize all-organic two-dimensional perovskites, extending the field into the exciting realm of 2D materials.", "language": "en-us", "link": "https://phys.org/news/2024-05-2d-perovskites-potential-electronics.html", "manual_status_code": 0, "page_rating": 32, "page_rating_contents": 100, "page_rating_visits": 0, "page_rating_votes": 0, "permanent": false, "source": "https://phys.org/rss-feed", "source_obj__id": 251, "status_code": 0, "tags": [], "thumbnail": "https://scx1.b-cdn.net/csz/news/tmb/2024/researchers-create-2d.jpg", "title": "Researchers create 2D all-organic perovskites, demonstrate potential use in 2D electronics", "user": null, "vote": 0}, {"age": null, "album": "", "artist": null, "bookmarked": false, "comments": [], "date_published": "2024-05-06T09:42:52+00:00", "description": "In recent years, the practice of feeding dogs raw meat-based diets instead of kibble has grown, in part because raw meat does not require heavy processing or include binders and preservatives that could negatively affect a dog's health.", "language": "en-us", "link": "https://phys.org/news/2024-05-dog-kibble-raw-meat-yields.html", "manual_status_code": 0, "page_rating": 32, "page_rating_contents": 100, "page_rating_visits": 0, "page_rating_votes": 0, "permanent": false, "source": "https://phys.org/rss-feed", "source_obj__id": 251, "status_code": 0, "tags": [], "thumbnail": "https://scx1.b-cdn.net/csz/news/tmb/2024/which-is-better-for-yo.jpg", "title": "Which is better for your dog, kibble or raw meat? Research yields surprising health results", "user": null, "vote": 0}, {"age": null, "album": "", "artist": null, "bookmarked": false, "comments": [], "date_published": "2024-05-06T09:38:03+00:00", "description": "Researchers have developed a new vaccine technology that has been shown in mice to provide protection against a broad range of coronaviruses with potential for future disease outbreaks\u2014including ones we don't even know about. The results are published in the journal Nature Nanotechnology.", "language": "en-us", "link": "https://phys.org/news/2024-05-quartet-nanocage-vaccine-effective-coronaviruses.html", "manual_status_code": 0, "page_rating": 32, "page_rating_contents": 100, "page_rating_visits": 0, "page_rating_votes": 0, "permanent": false, "source": "https://phys.org/rss-feed", "source_obj__id": 251, "status_code": 0, "tags": [], "thumbnail": "https://scx1.b-cdn.net/csz/news/tmb/2024/new-vaccine-effective.jpg", "title": "'Quartet Nanocage' vaccine found effective against coronaviruses that haven't even emerged yet", "user": null, "vote": 0}, {"age": null, "album": "", "artist": null, "bookmarked": false, "comments": [], "date_published": "2024-05-06T09:28:03+00:00", "description": "The drama of predators vs. prey\u2014hunting, stalking, fleeing\u2014isn't limited to the animal kingdom. Underneath our feet, hungry amoebae in the soil pursue and eat bacteria in a microscopic wild kingdom. But being a predator has its own costs, and that's as true for amoebae as it is for lions or wolves.", "language": "en-us", "link": "https://phys.org/news/2024-05-biologists-offs-microscopic-predators.html", "manual_status_code": 0, "page_rating": 32, "page_rating_contents": 100, "page_rating_visits": 0, "page_rating_votes": 0, "permanent": false, "source": "https://phys.org/rss-feed", "source_obj__id": 251, "status_code": 0, "tags": [], "thumbnail": "https://scx1.b-cdn.net/csz/news/tmb/2024/biologists-study-trade.jpg", "title": "Biologists study trade-offs of microscopic predators", "user": null, "vote": 0}, {"age": null, "album": "", "artist": null, "bookmarked": false, "comments": [], "date_published": "2024-05-06T09:12:34+00:00", "description": "A team of archaeologists, antiquities specialists, Bible scholars and mass spectrometry specialists, affiliated with several institutions in Israel working with one colleague from the U.K. and another from the U.S., has dated material uncovered in the First Temple in the city of David, in Jerusalem, to an unpreceded level of accuracy.", "language": "en-us", "link": "https://phys.org/news/2024-05-artifacts-temple-city-david-accurately.html", "manual_status_code": 0, "page_rating": 32, "page_rating_contents": 100, "page_rating_visits": 0, "page_rating_votes": 0, "permanent": false, "source": "https://phys.org/rss-feed", "source_obj__id": 251, "status_code": 0, "tags": [], "thumbnail": "https://scx1.b-cdn.net/csz/news/tmb/2024/artifacts-from-the-fir.jpg", "title": "Artifacts from the First Temple in the city of David accurately dated for a more precise timeline", "user": null, "vote": 0}, {"age": null, "album": "", "artist": null, "bookmarked": false, "comments": [], "date_published": "2024-05-06T08:40:01+00:00", "description": "Pets and pet owners who come into contact with Bausch & Lomb's \"Project Watson\" dog eye wipes could be at risk for infection if the products come from certain lots.", "language": "en-us", "link": "https://phys.org/news/2024-05-watson-dog-eye-due-infection.html", "manual_status_code": 0, "page_rating": 32, "page_rating_contents": 100, "page_rating_visits": 0, "page_rating_votes": 0, "permanent": false, "source": "https://phys.org/rss-feed", "source_obj__id": 251, "status_code": 0, "tags": [], "thumbnail": "https://scx1.b-cdn.net/csz/news/tmb/2024/avoid-some-project-wat.jpg", "title": "Avoid some 'Project Watson' dog eye wipes due to infection danger, warns consumer commission", "user": null, "vote": 0}, {"age": null, "album": "", "artist": null, "bookmarked": false, "comments": [], "date_published": "2024-05-06T07:30:01+00:00", "description": "Around 5,000 people work at RDU1, Amazon's sprawling four-floor fulfillment center in the Wake County town of Garner. A few clock in harboring covert intentions.", "language": "en-us", "link": "https://phys.org/news/2024-05-union-advocate-salts-quietly-jobs.html", "manual_status_code": 0, "page_rating": 32, "page_rating_contents": 100, "page_rating_visits": 0, "page_rating_votes": 0, "permanent": false, "source": "https://phys.org/rss-feed", "source_obj__id": 251, "status_code": 0, "tags": [], "thumbnail": "https://scx1.b-cdn.net/csz/news/tmb/2022/amazon-3.jpg", "title": "Union advocate 'salts' quietly take jobs inside NC Amazon warehouse", "user": null, "vote": 0}, {"age": null, "album": "", "artist": null, "bookmarked": false, "comments": [], "date_published": "2024-05-06T07:20:01+00:00", "description": "\"Congress prohibits the NIH from researching the cause of mass shootings.\"", "language": "en-us", "link": "https://phys.org/news/2024-05-robert-kennedy-jr-wrong-nih.html", "manual_status_code": 0, "page_rating": 32, "page_rating_contents": 100, "page_rating_visits": 0, "page_rating_votes": 0, "permanent": false, "source": "https://phys.org/rss-feed", "source_obj__id": 251, "status_code": 0, "tags": [], "thumbnail": "https://scx1.b-cdn.net/csz/news/tmb/2021/mass-shooting.jpg", "title": "Is Robert F. Kennedy Jr. wrong about a ban on NIH research about mass shootings?", "user": null, "vote": 0}, {"age": null, "album": "", "artist": null, "bookmarked": false, "comments": [], "date_published": "2024-05-06T07:10:02+00:00", "description": "Two teen boaters are facing felony charges for pollution after they were caught on video dumping trash into the Atlantic Ocean during a South Florida boating party.", "language": "en-us", "link": "https://phys.org/news/2024-05-boaters-dumping-trash-south-florida.html", "manual_status_code": 0, "page_rating": 32, "page_rating_contents": 100, "page_rating_visits": 0, "page_rating_votes": 0, "permanent": false, "source": "https://phys.org/rss-feed", "source_obj__id": 251, "status_code": 0, "tags": [], "thumbnail": "https://scx1.b-cdn.net/csz/news/tmb/2019/southflorida.jpg", "title": "Boaters dumping trash in South Florida's waters? Teens face felony charges", "user": null, "vote": 0}, {"age": null, "album": "", "artist": null, "bookmarked": false, "comments": [], "date_published": "2024-05-06T07:06:29+00:00", "description": "Ferrying astronauts to the International Space Station has almost become routine\u2014but not for Boeing and not on Monday, when after years of delay it's finally set to launch two crew members to the orbiting platform on a critical test flight.", "language": "en-us", "link": "https://phys.org/news/2024-05-boeing-critical-ferrying-astronauts-international.html", "manual_status_code": 0, "page_rating": 32, "page_rating_contents": 100, "page_rating_visits": 0, "page_rating_votes": 0, "permanent": false, "source": "https://phys.org/rss-feed", "source_obj__id": 251, "status_code": 0, "tags": [], "thumbnail": "https://scx1.b-cdn.net/csz/news/tmb/2023/international-space-st-1.jpg", "title": "Boeing faces critical launch ferrying astronauts to the International Space Station", "user": null, "vote": 0}, {"age": null, "album": "", "artist": null, "bookmarked": false, "comments": [], "date_published": "2024-05-06T07:06:16+00:00", "description": "A coordinated, multiagency effort is essential to save Southern California's coastal rail corridor from sea-level rise and erosion, state Sen. Catherine Blakespear warned last week.", "language": "en-us", "link": "https://phys.org/news/2024-05-calif-state-sen-blakespear-coastal.html", "manual_status_code": 0, "page_rating": 32, "page_rating_contents": 100, "page_rating_visits": 0, "page_rating_votes": 0, "permanent": false, "source": "https://phys.org/rss-feed", "source_obj__id": 251, "status_code": 0, "tags": [], "thumbnail": "https://scx1.b-cdn.net/csz/news/tmb/2024/californias-coast.jpg", "title": "Calif. state Sen. Blakespear says coastal railroad is at a climate crossroads", "user": null, "vote": 0}, {"age": null, "album": "", "artist": null, "bookmarked": false, "comments": [], "date_published": "2024-05-06T05:00:01+00:00", "description": "An international team of researchers led by astronomers from Leiden University (Netherlands) has produced the first sharp radio maps of the universe at low frequencies. Thanks to a new calibration technique, they bypassed the disturbances of the Earth's ionosphere. They have used the new method to study plasmas from ancient black hole bursts. Potentially, the technique might be useful for finding exoplanets that orbit small stars.", "language": "en-us", "link": "https://phys.org/news/2024-04-radio-astronomers-bypass-disturbing-earth.html", "manual_status_code": 0, "page_rating": 32, "page_rating_contents": 100, "page_rating_visits": 0, "page_rating_votes": 0, "permanent": false, "source": "https://phys.org/rss-feed", "source_obj__id": 251, "status_code": 0, "tags": [], "thumbnail": "https://scx1.b-cdn.net/csz/news/tmb/2024/radio-astronomers-bypa.jpg", "title": "Radio astronomers bypass disturbing Earth's atmosphere with new calibration technique", "user": null, "vote": 0}, {"age": null, "album": "", "artist": null, "bookmarked": false, "comments": [], "date_published": "2024-05-06T03:10:01+00:00", "description": "Authorities in southern Brazil scrambled Sunday to rescue people from raging floods and mudslides in what has become the region's largest ever climate catastrophe, with at least 78 dead and 115,000 forced from their homes.", "language": "en-us", "link": "https://phys.org/news/2024-05-brazil-mounts-frantic-effort.html", "manual_status_code": 0, "page_rating": 32, "page_rating_contents": 100, "page_rating_visits": 0, "page_rating_votes": 0, "permanent": false, "source": "https://phys.org/rss-feed", "source_obj__id": 251, "status_code": 0, "tags": [], "thumbnail": "https://scx1.b-cdn.net/csz/news/tmb/2024/aerial-view-of-flooded.jpg", "title": "Brazil mounts frantic rescue effort as flooding kills at least 78", "user": null, "vote": 0}, {"age": null, "album": "", "artist": null, "bookmarked": false, "comments": [], "date_published": "2024-05-06T03:00:01+00:00", "description": "Market-based approaches to forest conservation like carbon offsets and deforestation-free certification schemes have largely failed to protect trees or alleviate poverty, according to a major scientific review published on Monday.", "language": "en-us", "link": "https://phys.org/news/2024-05-based-schemes-deforestation-poverty.html", "manual_status_code": 0, "page_rating": 32, "page_rating_contents": 100, "page_rating_visits": 0, "page_rating_votes": 0, "permanent": false, "source": "https://phys.org/rss-feed", "source_obj__id": 251, "status_code": 0, "tags": [], "thumbnail": "https://scx1.b-cdn.net/csz/news/tmb/2024/a-major-global-study-h.jpg", "title": "Market-based schemes not reducing deforestation, poverty: Report", "user": null, "vote": 0}, {"age": null, "album": "", "artist": null, "bookmarked": false, "comments": [], "date_published": "2024-05-06T02:50:01+00:00", "description": "After years of delays, Boeing's Starliner capsule is set to ferry astronauts to the International Space Station (ISS) Monday, a milestone for the US aerospace giant and NASA.", "language": "en-us", "link": "https://phys.org/news/2024-05-boeing-starliner-crewed-mission-iss.html", "manual_status_code": 0, "page_rating": 32, "page_rating_contents": 100, "page_rating_visits": 0, "page_rating_votes": 0, "permanent": false, "source": "https://phys.org/rss-feed", "source_obj__id": 251, "status_code": 0, "tags": [], "thumbnail": "https://scx1.b-cdn.net/csz/news/tmb/2024/a-boeing-starliner-cap.jpg", "title": "Boeing's Starliner set for first crewed mission to ISS", "user": null, "vote": 0}, {"age": null, "album": "", "artist": null, "bookmarked": false, "comments": [], "date_published": "2024-05-06T02:39:46+00:00", "description": "When teachers at A.D. Henderson School, one of the top-performing schools in Florida, are asked how they succeed, one answer is universal: They have autonomy.", "language": "en-us", "link": "https://phys.org/news/2024-05-teachers-school-freedom.html", "manual_status_code": 0, "page_rating": 32, "page_rating_contents": 100, "page_rating_visits": 0, "page_rating_votes": 0, "permanent": false, "source": "https://phys.org/rss-feed", "source_obj__id": 251, "status_code": 0, "tags": [], "thumbnail": "https://scx1.b-cdn.net/csz/news/tmb/2024/want-to-show-teachers.jpg", "title": "Want to show teachers appreciation? This top school gives them more freedom", "user": null, "vote": 0}]