[{"age": null, "album": "", "artist": null, "bookmarked": false, "comments": [], "date_published": "2024-05-06T08:30:00+00:00", "description": "Joe Lubin cofounded Ethereum. Now his company is suing the Securities and Exchange Commission, and he says the future of the internet is at stake.", "language": "en-US", "link": "https://www.wired.com/story/ethereums-co-founder-says-sec-is-gaslighting-us-about-crypto", "manual_status_code": 0, "page_rating": 32, "page_rating_contents": 100, "page_rating_visits": 0, "page_rating_votes": 0, "permanent": false, "source": "https://www.wired.com/feed/category/business/latest/rss", "source_obj__id": 396, "status_code": 0, "tags": [], "thumbnail": "https://media.wired.com/photos/663569b2e56365cc0615c5b8/master/pass/Ethereum:Consensys%20Q&A_GettyImages-1345718544.jpg", "title": "Ethereum\u2019s Cofounder Says SEC Is \u2018Gaslighting\u2019 Everyone About Crypto", "user": null, "vote": 0}]