[{"age": null, "album": "", "artist": null, "bookmarked": false, "comments": [], "date_published": "2024-05-06T14:29:15+00:00", "description": "", "language": null, "link": "https://www.youtube.com/watch?v=0UycVzrZm7E", "manual_status_code": 0, "page_rating": 32, "page_rating_contents": 100, "page_rating_visits": 0, "page_rating_votes": 0, "permanent": false, "source": "https://www.youtube.com/feeds/videos.xml?channel_id=UCcefcZRL2oaA_uBNeo5UOWg", "source_obj__id": 404, "status_code": 0, "tags": [], "thumbnail": "https://i1.ytimg.com/vi/0UycVzrZm7E/hqdefault.jpg", "title": "RFS: Dev tools inspired by existing internal tools", "user": null, "vote": 0}]