[{"age": null, "album": "", "artist": null, "bookmarked": false, "comments": [], "date_published": "2024-05-06T23:28:19+00:00", "description": "The Invisible Institute, a nonprofit newsroom with roughly a dozen journalists, was recognized for local and audio reporting.", "language": "en-us", "link": "https://www.nytimes.com/2024/05/06/business/media/invisible-institute-two-pulitzer-prizes.html", "manual_status_code": 0, "page_rating": 32, "page_rating_contents": 100, "page_rating_visits": 0, "page_rating_votes": 0, "permanent": false, "source": "https://rss.nytimes.com/services/xml/rss/nyt/HomePage.xml", "source_obj__id": 229, "status_code": 0, "tags": [], "thumbnail": "https://static01.nyt.com/images/2024/05/06/business/06INVISIBLE-INSTITUTE-1/06INVISIBLE-INSTITUTE-1-mediumSquareAt3X.jpg", "title": "Invisible Institute Wins Two Pulitzers", "user": null, "vote": 0}, {"age": null, "album": "", "artist": null, "bookmarked": false, "comments": [], "date_published": "2024-05-06T23:13:25+00:00", "description": "See the looks from fashion\u2019s biggest night.", "language": "en-us", "link": "https://www.nytimes.com/2024/05/06/fashion/met-gala-photos-red-carpet.html", "manual_status_code": 0, "page_rating": 32, "page_rating_contents": 100, "page_rating_visits": 0, "page_rating_votes": 0, "permanent": false, "source": "https://rss.nytimes.com/services/xml/rss/nyt/HomePage.xml", "source_obj__id": 229, "status_code": 0, "tags": [], "thumbnail": "https://static01.nyt.com/images/2024/05/06/multimedia/06MET-PHOTOS-ZENDAYA-jgct/06MET-PHOTOS-ZENDAYA-jgct-mediumSquareAt3X-v7.jpg", "title": "2024 Met Gala Red Carpet Photos: Zendaya, Tyla, Colman Domingo and More Looks", "user": null, "vote": 0}, {"age": null, "album": "", "artist": null, "bookmarked": false, "comments": [], "date_published": "2024-05-06T23:00:06+00:00", "description": "A full plate of culture war and conspiracy theories.", "language": "en-us", "link": "https://www.nytimes.com/2024/05/06/opinion/ron-desantis-cultured-meat.html", "manual_status_code": 0, "page_rating": 32, "page_rating_contents": 100, "page_rating_visits": 0, "page_rating_votes": 0, "permanent": false, "source": "https://rss.nytimes.com/services/xml/rss/nyt/HomePage.xml", "source_obj__id": 229, "status_code": 0, "tags": [], "thumbnail": "https://static01.nyt.com/images/2024/05/07/multimedia/06krugman1-tflw/06krugman1-tflw-mediumSquareAt3X.jpg", "title": "Gov. Ron DeSantis Is Banning Lab-Grown Meat", "user": null, "vote": 0}, {"age": null, "album": "", "artist": null, "bookmarked": false, "comments": [], "date_published": "2024-05-06T22:39:34+00:00", "description": "In a case about falsified records, it\u2019s the records themselves that count the most.", "language": "en-us", "link": "https://www.nytimes.com/2024/05/06/opinion/trump-trial-documents.html", "manual_status_code": 0, "page_rating": 32, "page_rating_contents": 100, "page_rating_visits": 0, "page_rating_votes": 0, "permanent": false, "source": "https://rss.nytimes.com/services/xml/rss/nyt/HomePage.xml", "source_obj__id": 229, "status_code": 0, "tags": [], "thumbnail": "https://static01.nyt.com/images/2024/05/06/opinion/sunday/06Cochran02/06Cochran02-mediumSquareAt3X.jpg", "title": "The Boring Documents That May Be Devastating to Trump", "user": null, "vote": 0}, {"age": null, "album": "", "artist": null, "bookmarked": false, "comments": [], "date_published": "2024-05-06T22:36:07+00:00", "description": "The former president\u2019s calls for order in college unrest contrast with how he talks about Jan. 6.", "language": "en-us", "link": "https://www.nytimes.com/2024/05/06/us/politics/trump-college-protests-jan-6.html", "manual_status_code": 0, "page_rating": 32, "page_rating_contents": 100, "page_rating_visits": 0, "page_rating_votes": 0, "permanent": false, "source": "https://rss.nytimes.com/services/xml/rss/nyt/HomePage.xml", "source_obj__id": 229, "status_code": 0, "tags": [], "thumbnail": "https://static01.nyt.com/images/2024/05/06/multimedia/06politics-newsletter1-kzhm/06politics-newsletter1-kzhm-mediumSquareAt3X.jpg", "title": "Trump, Who Celebrated Jan. 6, Cheers Crackdown on College Protesters", "user": null, "vote": 0}, {"age": null, "album": "", "artist": null, "bookmarked": false, "comments": [], "date_published": "2024-05-06T22:07:37+00:00", "description": "New Ho King, open since 1976 in Toronto, has become an unlikely pop-culture battleground after being featured in songs from both rappers.", "language": "en-us", "link": "https://www.nytimes.com/2024/05/06/dining/drake-kendrick-lamar-chinese-restaurant-toronto.html", "manual_status_code": 0, "page_rating": 32, "page_rating_contents": 100, "page_rating_visits": 0, "page_rating_votes": 0, "permanent": false, "source": "https://rss.nytimes.com/services/xml/rss/nyt/HomePage.xml", "source_obj__id": 229, "status_code": 0, "tags": [], "thumbnail": "https://static01.nyt.com/images/2024/05/06/dining/LAMAR-DRAKE-RESTAURANT1/LAMAR-DRAKE-RESTAURANT1-mediumSquareAt3X.png", "title": "New Ho King, a Chinese Restaurant, Is Winning the Kendrick Lamar-Drake Beef", "user": null, "vote": 0}, {"age": null, "album": "", "artist": null, "bookmarked": false, "comments": [], "date_published": "2024-05-06T22:03:49+00:00", "description": "A founding dancer with the groundbreaking company, she served not only as a principal dancer but also as its first ballet mistress.", "language": "en-us", "link": "https://www.nytimes.com/2024/05/06/arts/dance/gayle-mckinney-griffith-dead.html", "manual_status_code": 0, "page_rating": 32, "page_rating_contents": 100, "page_rating_visits": 0, "page_rating_votes": 0, "permanent": false, "source": "https://rss.nytimes.com/services/xml/rss/nyt/HomePage.xml", "source_obj__id": 229, "status_code": 0, "tags": [], "thumbnail": null, "title": "Gayle McKinney-Griffith, Dance Theater of Harlem Star, Dies at 74", "user": null, "vote": 0}, {"age": null, "album": "", "artist": null, "bookmarked": false, "comments": [], "date_published": "2024-05-06T22:02:47+00:00", "description": "ABC, NBC, CBS and CNN all face questions about their future, just as one of the toughest journalistic assignments looms.", "language": "en-us", "link": "https://www.nytimes.com/2024/05/06/business/media/tv-news-turbulence-election.html", "manual_status_code": 0, "page_rating": 32, "page_rating_contents": 100, "page_rating_visits": 0, "page_rating_votes": 0, "permanent": false, "source": "https://rss.nytimes.com/services/xml/rss/nyt/HomePage.xml", "source_obj__id": 229, "status_code": 0, "tags": [], "thumbnail": "https://static01.nyt.com/images/2024/05/06/multimedia/06TV-NEWS-cqjk/06TV-NEWS-cqjk-mediumSquareAt3X.jpg", "title": "TV News Can\u2019t Sidestep Turbulence as Election Approaches", "user": null, "vote": 0}, {"age": null, "album": "", "artist": null, "bookmarked": false, "comments": [], "date_published": "2024-05-06T22:00:25+00:00", "description": "The commentary the theme provokes gives the gala its enduring cultural relevance.", "language": "en-us", "link": "https://www.nytimes.com/2024/05/06/opinion/met-gala-theme.html", "manual_status_code": 0, "page_rating": 32, "page_rating_contents": 100, "page_rating_visits": 0, "page_rating_votes": 0, "permanent": false, "source": "https://rss.nytimes.com/services/xml/rss/nyt/HomePage.xml", "source_obj__id": 229, "status_code": 0, "tags": [], "thumbnail": null, "title": "The Baffling Theme of This Year\u2019s Met Gala", "user": null, "vote": 0}, {"age": null, "album": "", "artist": null, "bookmarked": false, "comments": [], "date_published": "2024-05-06T21:59:20+00:00", "description": "Jayne Anne Phillips won the fiction award for \u201cNight Watch,\u201d while Jonathan Eig and Ilyon Woo shared the biography prize.", "language": "en-us", "link": "https://www.nytimes.com/2024/05/06/books/booksupdate/pulitzer-prize-books-winners-finalists.html", "manual_status_code": 0, "page_rating": 32, "page_rating_contents": 100, "page_rating_visits": 0, "page_rating_votes": 0, "permanent": false, "source": "https://rss.nytimes.com/services/xml/rss/nyt/HomePage.xml", "source_obj__id": 229, "status_code": 0, "tags": [], "thumbnail": null, "title": "Pulitzer Prizes 2024: A Guide to the Winning Books and Finalists", "user": null, "vote": 0}, {"age": null, "album": "", "artist": null, "bookmarked": false, "comments": [], "date_published": "2024-05-06T21:55:28+00:00", "description": "Also, intense tornadoes are expected in Oklahoma and Kansas. Here\u2019s the latest at the end of Monday.", "language": "en-us", "link": "https://www.nytimes.com/2024/05/06/briefing/israel-hamas-war-rafah-met-gala.html", "manual_status_code": 0, "page_rating": 32, "page_rating_contents": 100, "page_rating_visits": 0, "page_rating_votes": 0, "permanent": false, "source": "https://rss.nytimes.com/services/xml/rss/nyt/HomePage.xml", "source_obj__id": 229, "status_code": 0, "tags": [], "thumbnail": "https://static01.nyt.com/images/2024/05/06/multimedia/06evening-nl-rafah-wjbl/06evening-nl-rafah-wjbl-mediumSquareAt3X.jpg", "title": "Israel Said Hamas\u2019s Cease-Fire Proposal Fell Short", "user": null, "vote": 0}, {"age": null, "album": "", "artist": null, "bookmarked": false, "comments": [], "date_published": "2024-05-06T21:51:54+00:00", "description": "Americans like their politicians to be dog people. Gov. Noem broke the mold.", "language": "en-us", "link": "https://www.nytimes.com/2024/05/06/books/review/kristi-noem-president-pet-dogs.html", "manual_status_code": 0, "page_rating": 32, "page_rating_contents": 100, "page_rating_visits": 0, "page_rating_votes": 0, "permanent": false, "source": "https://rss.nytimes.com/services/xml/rss/nyt/HomePage.xml", "source_obj__id": 229, "status_code": 0, "tags": [], "thumbnail": "https://static01.nyt.com/images/2024/05/07/multimedia/07scott-notebook-sub-tlkm/07scott-notebook-sub-tlkm-mediumSquareAt3X.jpg", "title": "Why Kristi Noem Is in the Doghouse", "user": null, "vote": 0}, {"age": null, "album": "", "artist": null, "bookmarked": false, "comments": [], "date_published": "2024-05-06T21:49:17+00:00", "description": "The social safety net programs continue to face long-term shortfalls as lawmakers wrestle over changes.", "language": "en-us", "link": "https://www.nytimes.com/2024/05/06/us/politics/labor-market-social-security-medicare.html", "manual_status_code": 0, "page_rating": 32, "page_rating_contents": 100, "page_rating_visits": 0, "page_rating_votes": 0, "permanent": false, "source": "https://rss.nytimes.com/services/xml/rss/nyt/HomePage.xml", "source_obj__id": 229, "status_code": 0, "tags": [], "thumbnail": "https://static01.nyt.com/images/2024/05/06/multimedia/06dc-retirement-cgjk/06dc-retirement-cgjk-mediumSquareAt3X.jpg", "title": "Strong Labor Market Steadied Social Security and Medicare Funds", "user": null, "vote": 0}, {"age": null, "album": "", "artist": null, "bookmarked": false, "comments": [], "date_published": "2024-05-06T21:40:46+00:00", "description": "The agency said Boeing had disclosed last month that it might have skipped some required inspections of the wide-body jet.", "language": "en-us", "link": "https://www.nytimes.com/2024/05/06/business/faa-boeing-787-dreamliner-inspections.html", "manual_status_code": 0, "page_rating": 32, "page_rating_contents": 100, "page_rating_visits": 0, "page_rating_votes": 0, "permanent": false, "source": "https://rss.nytimes.com/services/xml/rss/nyt/HomePage.xml", "source_obj__id": 229, "status_code": 0, "tags": [], "thumbnail": "https://static01.nyt.com/images/2024/05/06/multimedia/06dc-boeing-tcwb/06dc-boeing-tcwb-mediumSquareAt3X.jpg", "title": "FAA Is Investigating Boeing Over 787 Dreamliner Inspections", "user": null, "vote": 0}, {"age": null, "album": "", "artist": null, "bookmarked": false, "comments": [], "date_published": "2024-05-06T21:35:44+00:00", "description": "Prosecutors on Monday took the jury deep into the Trump Organization\u2019s ledgers as the state\u2019s case proceeds at speed.", "language": "en-us", "link": "https://www.nytimes.com/2024/05/06/nyregion/trump-trial-takeaways-mcconney-tarasoff.html", "manual_status_code": 0, "page_rating": 32, "page_rating_contents": 100, "page_rating_visits": 0, "page_rating_votes": 0, "permanent": false, "source": "https://rss.nytimes.com/services/xml/rss/nyt/HomePage.xml", "source_obj__id": 229, "status_code": 0, "tags": [], "thumbnail": "https://static01.nyt.com/images/2024/05/06/multimedia/06trump-trial-takeaways-bwql/06trump-trial-takeaways-bwql-mediumSquareAt3X.jpg", "title": "Trump Is Threatened With Jail: 5 Takeaways From His Hush-Money Trial", "user": null, "vote": 0}, {"age": null, "album": "", "artist": null, "bookmarked": false, "comments": [], "date_published": "2024-05-06T21:23:01+00:00", "description": "Using powerful technologies, scientists found staggering amounts of lead and other toxic substances in the composer\u2019s hair that may have come from wine, or other sources.", "language": "en-us", "link": "https://www.nytimes.com/2024/05/06/health/beethoven-deaf-lead-hair.html", "manual_status_code": 0, "page_rating": 32, "page_rating_contents": 100, "page_rating_visits": 0, "page_rating_votes": 0, "permanent": false, "source": "https://rss.nytimes.com/services/xml/rss/nyt/HomePage.xml", "source_obj__id": 229, "status_code": 0, "tags": [], "thumbnail": null, "title": "Lead in Beethoven\u2019s Hair Offers New Clues to Mystery of His Deafness", "user": null, "vote": 0}, {"age": null, "album": "", "artist": null, "bookmarked": false, "comments": [], "date_published": "2024-05-06T21:14:21+00:00", "description": "Applicants were required to explain how they would enhance diversity. Free-speech advocates and others said that requirement enforced groupthink.", "language": "en-us", "link": "https://www.nytimes.com/2024/05/06/us/mit-diversity-statements-faculty-hiring.html", "manual_status_code": 0, "page_rating": 32, "page_rating_contents": 100, "page_rating_visits": 0, "page_rating_votes": 0, "permanent": false, "source": "https://rss.nytimes.com/services/xml/rss/nyt/HomePage.xml", "source_obj__id": 229, "status_code": 0, "tags": [], "thumbnail": "https://static01.nyt.com/images/2024/05/06/multimedia/06nat-mit-gbct/06nat-mit-gbct-mediumSquareAt3X.jpg", "title": "MIT Will No Longer Require Diversity Statements for Hiring Faculty", "user": null, "vote": 0}, {"age": null, "album": "", "artist": null, "bookmarked": false, "comments": [], "date_published": "2024-05-06T21:07:19+00:00", "description": "A challenge for news photographers, and more on how we are covering the trial.", "language": "en-us", "link": "https://www.nytimes.com/2024/04/11/insider/how-the-new-york-times-is-covering-the-trump-hush-money-trial.html", "manual_status_code": 0, "page_rating": 32, "page_rating_contents": 100, "page_rating_visits": 0, "page_rating_votes": 0, "permanent": false, "source": "https://rss.nytimes.com/services/xml/rss/nyt/HomePage.xml", "source_obj__id": 229, "status_code": 0, "tags": [], "thumbnail": "https://static01.nyt.com/images/2024/05/06/multimedia/06trust-trump-photo-zjbh/06trust-trump-photo-zjbh-mediumSquareAt3X.jpg", "title": "Trump Trial: 45 Seconds to Capture History", "user": null, "vote": 0}, {"age": null, "album": "", "artist": null, "bookmarked": false, "comments": [], "date_published": "2024-05-06T20:56:59+00:00", "description": "Young voters are far more likely than other Americans to support Palestinians. But few cite the conflict as a top source of discontent with the president.", "language": "en-us", "link": "https://www.nytimes.com/2024/05/06/us/politics/biden-trump-gaza-college-protests.html", "manual_status_code": 0, "page_rating": 32, "page_rating_contents": 100, "page_rating_visits": 0, "page_rating_votes": 0, "permanent": false, "source": "https://rss.nytimes.com/services/xml/rss/nyt/HomePage.xml", "source_obj__id": 229, "status_code": 0, "tags": [], "thumbnail": "https://static01.nyt.com/images/2024/05/06/multimedia/06pol-biden-young-qtkv/06pol-biden-young-qtkv-mediumSquareAt3X.jpg", "title": "Gaza Isn\u2019t Root of Biden\u2019s Struggles With Young Voters, Polls Show", "user": null, "vote": 0}, {"age": null, "album": "", "artist": null, "bookmarked": false, "comments": [], "date_published": "2024-05-06T20:43:35+00:00", "description": "After being diagnosed with advanced breast cancer when she was 23, she became determined to educate other young people about early detection.", "language": "en-us", "link": "https://www.nytimes.com/2024/05/06/health/kris-hallenga-dead.html", "manual_status_code": 0, "page_rating": 32, "page_rating_contents": 100, "page_rating_visits": 0, "page_rating_votes": 0, "permanent": false, "source": "https://rss.nytimes.com/services/xml/rss/nyt/HomePage.xml", "source_obj__id": 229, "status_code": 0, "tags": [], "thumbnail": "https://static01.nyt.com/images/2024/05/06/multimedia/06xp-hallenga/06xp-hallenga-mediumSquareAt3X.jpg", "title": "Kris Hallenga, Advocate for Breast Cancer Awareness Among the Young, Dies at 38", "user": null, "vote": 0}, {"age": null, "album": "", "artist": null, "bookmarked": false, "comments": [], "date_published": "2024-05-06T20:16:08+00:00", "description": "Before prosecutors began presenting crucial records, the judge held Donald J. Trump in contempt, saying his complaints about the jury were \u201ca direct attack on the rule of law.\u201d", "language": "en-us", "link": "https://www.nytimes.com/2024/05/06/nyregion/trump-trial-gag-order-hush-money.html", "manual_status_code": 0, "page_rating": 32, "page_rating_contents": 100, "page_rating_visits": 0, "page_rating_votes": 0, "permanent": false, "source": "https://rss.nytimes.com/services/xml/rss/nyt/HomePage.xml", "source_obj__id": 229, "status_code": 0, "tags": [], "thumbnail": "https://static01.nyt.com/images/2024/05/06/multimedia/06trump-trial-ledeall-01-zbmh/06trump-trial-ledeall-01-zbmh-mediumSquareAt3X.jpg", "title": "Jurors in Trump Trial Hear Witness Tie the President to the Payment", "user": null, "vote": 0}, {"age": null, "album": "", "artist": null, "bookmarked": false, "comments": [], "date_published": "2024-05-06T19:46:20+00:00", "description": "Here is the full list of winners and finalists.", "language": "en-us", "link": "https://www.nytimes.com/2024/05/06/business/pulitzer-prize-winners.html", "manual_status_code": 0, "page_rating": 32, "page_rating_contents": 100, "page_rating_visits": 0, "page_rating_votes": 0, "permanent": false, "source": "https://rss.nytimes.com/services/xml/rss/nyt/HomePage.xml", "source_obj__id": 229, "status_code": 0, "tags": [], "thumbnail": "https://static01.nyt.com/images/2021/06/11/business/08pulitzers-winners/08pulitzers-winners-mediumSquareAt3X-v2.jpg", "title": "Pulitzer Prizes: 2024 Winners List", "user": null, "vote": 0}, {"age": null, "album": "", "artist": null, "bookmarked": false, "comments": [], "date_published": "2024-05-06T19:44:45+00:00", "description": "The prize for public service went to ProPublica for coverage of the Supreme Court. The Pulitzer board also issued a special citation for journalists covering the Middle East.", "language": "en-us", "link": "https://www.nytimes.com/2024/05/06/business/media/pulitzer-prizes.html", "manual_status_code": 0, "page_rating": 32, "page_rating_contents": 100, "page_rating_visits": 0, "page_rating_votes": 0, "permanent": false, "source": "https://rss.nytimes.com/services/xml/rss/nyt/HomePage.xml", "source_obj__id": 229, "status_code": 0, "tags": [], "thumbnail": "https://static01.nyt.com/images/2024/05/06/multimedia/06pulitzers-international-1-htgv/06pulitzers-international-1-htgv-mediumSquareAt3X.jpg", "title": "The New York Times and The Washington Post Win 3 Pulitzers Each", "user": null, "vote": 0}, {"age": null, "album": "", "artist": null, "bookmarked": false, "comments": [], "date_published": "2024-05-06T17:37:10+00:00", "description": "The mogul Barry Diller, who paid for the park, will finance a summer season of music, dance, theater and more, shaped in part by the Broadway producer Scott Rudin.", "language": "en-us", "link": "https://www.nytimes.com/2024/05/06/arts/music/little-island-festival-barry-diller-scott-rudin-twyla-tharp.html", "manual_status_code": 0, "page_rating": 32, "page_rating_contents": 100, "page_rating_visits": 0, "page_rating_votes": 0, "permanent": false, "source": "https://rss.nytimes.com/services/xml/rss/nyt/HomePage.xml", "source_obj__id": 229, "status_code": 0, "tags": [], "thumbnail": "https://static01.nyt.com/images/2024/05/06/multimedia/06little-island-01-qzpt/06little-island-01-qzpt-mediumSquareAt3X.jpg", "title": "Coming Soon to Little Island: An Arts Festival With Powerful Backers", "user": null, "vote": 0}, {"age": null, "album": "", "artist": null, "bookmarked": false, "comments": [], "date_published": "2024-05-06T17:12:38+00:00", "description": "Trump shouldn\u2019t be allowed to use his punishment to play the martyr.", "language": "en-us", "link": "https://www.nytimes.com/2024/05/06/opinion/trump-contempt-jail-punishment.html", "manual_status_code": 0, "page_rating": 32, "page_rating_contents": 100, "page_rating_visits": 0, "page_rating_votes": 0, "permanent": false, "source": "https://rss.nytimes.com/services/xml/rss/nyt/HomePage.xml", "source_obj__id": 229, "status_code": 0, "tags": [], "thumbnail": "https://static01.nyt.com/images/2024/05/06/opinion/sunday/06Cochran-02/06Cochran-02-mediumSquareAt3X-v2.jpg", "title": "Jail for the Chief? There\u2019s a Better Punishment.", "user": null, "vote": 0}, {"age": null, "album": "", "artist": null, "bookmarked": false, "comments": [], "date_published": "2024-05-06T16:44:29+00:00", "description": "TotalEnergies and Shell are contemplating the advantages of listing shares in the United States to strengthen what they say are low market valuations.", "language": "en-us", "link": "https://www.nytimes.com/2024/05/06/business/shell-total-stock-listing-london-new-york.html", "manual_status_code": 0, "page_rating": 32, "page_rating_contents": 100, "page_rating_visits": 0, "page_rating_votes": 0, "permanent": false, "source": "https://rss.nytimes.com/services/xml/rss/nyt/HomePage.xml", "source_obj__id": 229, "status_code": 0, "tags": [], "thumbnail": "https://static01.nyt.com/images/2024/05/06/multimedia/06shell-total-01-ltgb/06shell-total-01-ltgb-mediumSquareAt3X.jpg", "title": "European Oil Giants Consider Shifting Their Listings to the U.S.", "user": null, "vote": 0}, {"age": null, "album": "", "artist": null, "bookmarked": false, "comments": [], "date_published": "2024-05-06T16:42:37+00:00", "description": "The Conservative Partnership Institute\u2019s three highest-paid contractors had connections to the group\u2019s leaders or their relatives, raising concerns about self-dealing.", "language": "en-us", "link": "https://www.nytimes.com/2024/05/06/us/politics/trump-conservative-partnership-institute-funds.html", "manual_status_code": 0, "page_rating": 32, "page_rating_contents": 100, "page_rating_visits": 0, "page_rating_votes": 0, "permanent": false, "source": "https://rss.nytimes.com/services/xml/rss/nyt/HomePage.xml", "source_obj__id": 229, "status_code": 0, "tags": [], "thumbnail": "https://static01.nyt.com/images/2024/04/25/multimedia/00dc-trump-group-zcwb/00dc-trump-group-zcwb-mediumSquareAt3X-v2.jpg", "title": "Trump-Allied Nonprofit Paid Millions to Companies Run by Insiders", "user": null, "vote": 0}, {"age": null, "album": "", "artist": null, "bookmarked": false, "comments": [], "date_published": "2024-05-06T16:12:48+00:00", "description": "Whoops, we left out this part: It was almost 500 feet long, beating out a loaf baked in Italy in 2019.", "language": "en-us", "link": "https://www.nytimes.com/2024/05/06/world/europe/worlds-longest-baguette-france.html", "manual_status_code": 0, "page_rating": 32, "page_rating_contents": 100, "page_rating_visits": 0, "page_rating_votes": 0, "permanent": false, "source": "https://rss.nytimes.com/services/xml/rss/nyt/HomePage.xml", "source_obj__id": 229, "status_code": 0, "tags": [], "thumbnail": "https://static01.nyt.com/images/2024/05/06/multimedia/06xp-baguette1-cmzg/06xp-baguette1-cmzg-mediumSquareAt3X.jpg", "title": "World\u2019s Longest Baguette Is Baked in France", "user": null, "vote": 0}, {"age": null, "album": "", "artist": null, "bookmarked": false, "comments": [], "date_published": "2024-05-06T15:08:53+00:00", "description": "People with two copies of the gene variant APOE4 are almost certain to get Alzheimer\u2019s, say researchers, who proposed a framework under which such patients could be diagnosed years before symptoms.", "language": "en-us", "link": "https://www.nytimes.com/2024/05/06/health/alzheimers-cause-gene-apoe4.html", "manual_status_code": 0, "page_rating": 32, "page_rating_contents": 100, "page_rating_visits": 0, "page_rating_votes": 0, "permanent": false, "source": "https://rss.nytimes.com/services/xml/rss/nyt/HomePage.xml", "source_obj__id": 229, "status_code": 0, "tags": [], "thumbnail": "https://static01.nyt.com/images/2024/05/06/science/06Alzheimers/06Alzheimers-mediumSquareAt3X.jpg", "title": "Study Suggests Genetics as a Cause, Not Just a Risk, for Some Alzheimers", "user": null, "vote": 0}, {"age": null, "album": "", "artist": null, "bookmarked": false, "comments": [], "date_published": "2024-05-06T15:05:12+00:00", "description": "Donald J. Trump again broke a gag order meant to bar him from attacking participants in his criminal trial, Justice Juan M. Merchan ruled. He threatened the former president with jail.", "language": "en-us", "link": "https://www.nytimes.com/2024/05/06/nyregion/trump-trial-gag-order-contempt.html", "manual_status_code": 0, "page_rating": 32, "page_rating_contents": 100, "page_rating_visits": 0, "page_rating_votes": 0, "permanent": false, "source": "https://rss.nytimes.com/services/xml/rss/nyt/HomePage.xml", "source_obj__id": 229, "status_code": 0, "tags": [], "thumbnail": "https://static01.nyt.com/images/2024/05/03/multimedia/03trump-trial-gag-order-blwg/03trump-trial-gag-order-blwg-mediumSquareAt3X.jpg", "title": "Judge Finds Trump in Contempt Again and Threatens Jail Time", "user": null, "vote": 0}, {"age": null, "album": "", "artist": null, "bookmarked": false, "comments": [], "date_published": "2024-05-06T15:01:17+00:00", "description": "Designers, athletes and celebrities swapped stories on dress fittings and gala prep routines on the eve of fashion\u2019s biggest party.", "language": "en-us", "link": "https://www.nytimes.com/2024/05/06/fashion/met-gala-pre-parties.html", "manual_status_code": 0, "page_rating": 32, "page_rating_contents": 100, "page_rating_visits": 0, "page_rating_votes": 0, "permanent": false, "source": "https://rss.nytimes.com/services/xml/rss/nyt/HomePage.xml", "source_obj__id": 229, "status_code": 0, "tags": [], "thumbnail": "https://static01.nyt.com/images/2024/05/06/multimedia/PARTYREPORT-MET-EVE-01-mzlf/PARTYREPORT-MET-EVE-01-mzlf-mediumSquareAt3X.jpg", "title": "Jeff Bezos, Doja Cat and Pamela Anderson Pregame the Met Gala", "user": null, "vote": 0}, {"age": null, "album": "", "artist": null, "bookmarked": false, "comments": [], "date_published": "2024-05-06T14:52:20+00:00", "description": "The shipping company said the militia had recently tried to attack ships further from the shores of Yemen, putting more strain on logistics.", "language": "en-us", "link": "https://www.nytimes.com/2024/05/06/business/maersk-houthi-red-sea-shipping.html", "manual_status_code": 0, "page_rating": 32, "page_rating_contents": 100, "page_rating_visits": 0, "page_rating_votes": 0, "permanent": false, "source": "https://rss.nytimes.com/services/xml/rss/nyt/HomePage.xml", "source_obj__id": 229, "status_code": 0, "tags": [], "thumbnail": "https://static01.nyt.com/images/2024/05/06/multimedia/06shipping-cqlj/06shipping-cqlj-mediumSquareAt3X.jpg", "title": "Maersk Says Expanded Houthi Attacks Are Forcing More Delays", "user": null, "vote": 0}, {"age": null, "album": "", "artist": null, "bookmarked": false, "comments": [], "date_published": "2024-05-06T14:15:45+00:00", "description": "The two rappers had circled one another for more than a decade, but their attacks turned relentless and very personal in a slew of tracks released over the weekend.", "language": "en-us", "link": "https://www.nytimes.com/2024/05/06/arts/music/kendrick-lamar-drake-explainer.html", "manual_status_code": 0, "page_rating": 32, "page_rating_contents": 100, "page_rating_visits": 0, "page_rating_votes": 0, "permanent": false, "source": "https://rss.nytimes.com/services/xml/rss/nyt/HomePage.xml", "source_obj__id": 229, "status_code": 0, "tags": [], "thumbnail": "https://static01.nyt.com/images/2024/05/06/arts/music/oakImage-1714998132594/oakImage-1714998132594-mediumSquareAt3X.jpg", "title": "The Kendrick Lamar vs. Drake Beef, Explained", "user": null, "vote": 0}, {"age": null, "album": "", "artist": null, "bookmarked": false, "comments": [], "date_published": "2024-05-06T14:08:32+00:00", "description": "Ursula Von der Leyen, the European Commission president, pushed Beijing to help rein in Russia\u2019s war in Ukraine after meeting with the Chinese and French leaders in Paris.", "language": "en-us", "link": "https://www.nytimes.com/2024/05/06/world/europe/xi-macron-europe-trade-war.html", "manual_status_code": 0, "page_rating": 32, "page_rating_contents": 100, "page_rating_visits": 0, "page_rating_votes": 0, "permanent": false, "source": "https://rss.nytimes.com/services/xml/rss/nyt/HomePage.xml", "source_obj__id": 229, "status_code": 0, "tags": [], "thumbnail": "https://static01.nyt.com/images/2024/05/06/multimedia/06France-China-bgvc/06France-China-bgvc-mediumSquareAt3X.jpg", "title": "In Meeting With Xi, E.U. Leader Takes Tough Line on Ukraine War", "user": null, "vote": 0}, {"age": null, "album": "", "artist": null, "bookmarked": false, "comments": [], "date_published": "2024-05-06T13:43:55+00:00", "description": "The red carpet featured noncelebrity guests in homemade costumes. \u201cThis is a better function, with a better message,\u201d one guest said.", "language": "en-us", "link": "https://www.nytimes.com/2024/05/06/fashion/debt-ball-met-gala.html", "manual_status_code": 0, "page_rating": 32, "page_rating_contents": 100, "page_rating_visits": 0, "page_rating_votes": 0, "permanent": false, "source": "https://rss.nytimes.com/services/xml/rss/nyt/HomePage.xml", "source_obj__id": 229, "status_code": 0, "tags": [], "thumbnail": "https://static01.nyt.com/images/2024/05/06/multimedia/ANTI-MET-GALA-01-gwzl/ANTI-MET-GALA-01-gwzl-mediumSquareAt3X.jpg", "title": "The Anti-Met Gala Raises Funds for Medical Debt", "user": null, "vote": 0}, {"age": null, "album": "", "artist": null, "bookmarked": false, "comments": [], "date_published": "2024-05-06T13:25:53+00:00", "description": "Columbia\u2019s president had earlier said that she did not want to deprive students of an in-person celebration after many graduated high school during the pandemic.", "language": "en-us", "link": "https://www.nytimes.com/2024/05/06/nyregion/columbia-commencement-cancel-protests.html", "manual_status_code": 0, "page_rating": 32, "page_rating_contents": 100, "page_rating_visits": 0, "page_rating_votes": 0, "permanent": false, "source": "https://rss.nytimes.com/services/xml/rss/nyt/HomePage.xml", "source_obj__id": 229, "status_code": 0, "tags": [], "thumbnail": "https://static01.nyt.com/images/2024/05/05/multimedia/HFOcolumbia-commencement1-mhtc/HFOcolumbia-commencement1-mhtc-mediumSquareAt3X.jpg", "title": "After Weeks of Protests, Columbia Cancels Main Commencement Ceremony", "user": null, "vote": 0}, {"age": null, "album": "", "artist": null, "bookmarked": false, "comments": [], "date_published": "2024-05-06T13:17:03+00:00", "description": "They\u2019re clearly linked to poor health. But scientists are only beginning to understand why.", "language": "en-us", "link": "https://www.nytimes.com/2024/05/06/well/eat/ultraprocessed-foods-harmful-health.html", "manual_status_code": 0, "page_rating": 32, "page_rating_contents": 100, "page_rating_visits": 0, "page_rating_votes": 0, "permanent": false, "source": "https://rss.nytimes.com/services/xml/rss/nyt/HomePage.xml", "source_obj__id": 229, "status_code": 0, "tags": [], "thumbnail": "https://static01.nyt.com/images/2024/05/06/well/06WELL-ULTRAPROCESSED-EXPLAINER3/06WELL-ULTRAPROCESSED-EXPLAINER3-mediumSquareAt3X.jpg", "title": "How Bad Are Ultraprocessed Foods, Really?", "user": null, "vote": 0}, {"age": null, "album": "", "artist": null, "bookmarked": false, "comments": [], "date_published": "2024-05-06T11:08:40+00:00", "description": "The president has allowed protest encampments. But they have also disrupted campus life, and he wants the tents down.", "language": "en-us", "link": "https://www.nytimes.com/2024/05/06/us/university-of-chicago-protests-encampment.html", "manual_status_code": 0, "page_rating": 32, "page_rating_contents": 100, "page_rating_visits": 0, "page_rating_votes": 0, "permanent": false, "source": "https://rss.nytimes.com/services/xml/rss/nyt/HomePage.xml", "source_obj__id": 229, "status_code": 0, "tags": [], "thumbnail": null, "title": "UChicago Says Free Speech Is Sacred. Some Students See Hypocrisy.", "user": null, "vote": 0}, {"age": null, "album": "", "artist": null, "bookmarked": false, "comments": [], "date_published": "2024-05-06T11:00:16+00:00", "description": "A 12-year-old boy in the Washington, D.C., area faces months of procedures to remedy his disease. \u201cI want to be cured,\u201d he said.", "language": "en-us", "link": "https://www.nytimes.com/2024/05/06/health/sickle-cell-cure-first.html", "manual_status_code": 0, "page_rating": 32, "page_rating_contents": 100, "page_rating_visits": 0, "page_rating_votes": 0, "permanent": false, "source": "https://rss.nytimes.com/services/xml/rss/nyt/HomePage.xml", "source_obj__id": 229, "status_code": 0, "tags": [], "thumbnail": "https://static01.nyt.com/images/2024/05/06/multimedia/06sickle-cell-gene-therapy-08-btpf/06sickle-cell-gene-therapy-08-btpf-mediumSquareAt3X.jpg", "title": "First Patient Begins Sickle Cell Gene Therapy That F.D.A. Approved", "user": null, "vote": 0}, {"age": null, "album": "", "artist": null, "bookmarked": false, "comments": [], "date_published": "2024-05-06T10:40:55+00:00", "description": "A group of researchers posited another explanation for the youth mental health crisis: Too much discussion.", "language": "en-us", "link": "https://www.nytimes.com/2024/05/06/briefing/youth-mental-health-crisis.html", "manual_status_code": 0, "page_rating": 32, "page_rating_contents": 100, "page_rating_visits": 0, "page_rating_votes": 0, "permanent": false, "source": "https://rss.nytimes.com/services/xml/rss/nyt/HomePage.xml", "source_obj__id": 229, "status_code": 0, "tags": [], "thumbnail": "https://static01.nyt.com/images/2024/05/06/multimedia/06themorning-nl-promo/06themorning-nl-lede-1-tmqj-mediumSquareAt3X.jpg", "title": "A Fresh Approach to a Crisis", "user": null, "vote": 0}, {"age": null, "album": "", "artist": null, "bookmarked": false, "comments": [], "date_published": "2024-05-06T10:02:04+00:00", "description": "Plus, Stormy Daniels is expected to testify.", "language": "en-us", "link": "https://www.nytimes.com/2024/05/06/podcasts/israel-rafah-stormy-daniels.html", "manual_status_code": 0, "page_rating": 32, "page_rating_contents": 100, "page_rating_visits": 0, "page_rating_votes": 0, "permanent": false, "source": "https://rss.nytimes.com/services/xml/rss/nyt/HomePage.xml", "source_obj__id": 229, "status_code": 0, "tags": [], "thumbnail": "https://static01.nyt.com/images/2024/05/06/multimedia/06headlines-audio-promo-tbmq/06headlines-audio-promo-tbmq-mediumSquareAt3X-v2.jpg", "title": "Israel Warns Thousands to Evacuate Rafah, and Hollywood\u2019s Summer Gets Off to a Rocky Start", "user": null, "vote": 0}, {"age": null, "album": "", "artist": null, "bookmarked": false, "comments": [], "date_published": "2024-05-06T09:44:32+00:00", "description": "The Chinese president this week will be visiting France, Serbia and Hungary. His trip comes at a time of tensions with many European countries over trade and accusations of Chinese espionage.", "language": "en-us", "link": "https://www.nytimes.com/2024/05/06/world/europe/xi-jinping-europe-china.html", "manual_status_code": 0, "page_rating": 32, "page_rating_contents": 100, "page_rating_visits": 0, "page_rating_votes": 0, "permanent": false, "source": "https://rss.nytimes.com/services/xml/rss/nyt/HomePage.xml", "source_obj__id": 229, "status_code": 0, "tags": [], "thumbnail": "https://static01.nyt.com/images/2024/05/06/multimedia/06xi-europe-wtk-01-fpzc/06xi-europe-wtk-01-fpzc-mediumSquareAt3X.jpg", "title": "What to Know About Xi Jinping\u2019s Trip to Europe", "user": null, "vote": 0}, {"age": null, "album": "", "artist": null, "bookmarked": false, "comments": [], "date_published": "2024-05-06T09:44:31+00:00", "description": "The Chinese president this week will be visiting France, Serbia and Hungary. His trip comes at a time of tensions with many European countries over trade and accusations of Chinese espionage.", "language": "en-us", "link": "https://www.nytimes.com/2024/05/06/world/europe/what-to-know-xi-jinping-europe.html", "manual_status_code": 0, "page_rating": 32, "page_rating_contents": 100, "page_rating_visits": 0, "page_rating_votes": 0, "permanent": false, "source": "https://rss.nytimes.com/services/xml/rss/nyt/HomePage.xml", "source_obj__id": 229, "status_code": 0, "tags": [], "thumbnail": "https://static01.nyt.com/images/2024/05/06/multimedia/06xi-europe-wtk-01-fpzc/06xi-europe-wtk-01-fpzc-mediumSquareAt3X.jpg", "title": "What to Know About Xi Jinping\u2019s Trip to Europe", "user": null, "vote": 0}, {"age": null, "album": "", "artist": null, "bookmarked": false, "comments": [], "date_published": "2024-05-06T09:02:55+00:00", "description": "It\u2019s not only Trump who\u2019s on trial.", "language": "en-us", "link": "https://www.nytimes.com/2024/05/06/opinion/biden-trump-campus-protests-trial.html", "manual_status_code": 0, "page_rating": 32, "page_rating_contents": 100, "page_rating_visits": 0, "page_rating_votes": 0, "permanent": false, "source": "https://rss.nytimes.com/services/xml/rss/nyt/HomePage.xml", "source_obj__id": 229, "status_code": 0, "tags": [], "thumbnail": "https://static01.nyt.com/images/2024/05/06/multimedia/06conversation-tklv/06conversation-tklv-mediumSquareAt3X.jpg", "title": "America Is Being Tested in So Many Ways Right Now", "user": null, "vote": 0}, {"age": null, "album": "", "artist": null, "bookmarked": false, "comments": [], "date_published": "2024-05-06T09:02:48+00:00", "description": "Who will show up? How will invitees interpret this year\u2019s \u201cGarden of Time\u201d theme? Fashion\u2019s biggest red carpet is finally here.", "language": "en-us", "link": "https://www.nytimes.com/2024/05/06/fashion/met-gala-what-to-expect.html", "manual_status_code": 0, "page_rating": 32, "page_rating_contents": 100, "page_rating_visits": 0, "page_rating_votes": 0, "permanent": false, "source": "https://rss.nytimes.com/services/xml/rss/nyt/HomePage.xml", "source_obj__id": 229, "status_code": 0, "tags": [], "thumbnail": "https://static01.nyt.com/images/2024/05/06/multimedia/06MET-WELCOME1-kfpz/06MET-WELCOME1-kfpz-mediumSquareAt3X-v2.jpg", "title": "The 2024 Met Gala Arrives With Hosts Zendaya, Bad Bunny, Chris Hemsworth and Jennifer Lopez", "user": null, "vote": 0}, {"age": null, "album": "", "artist": null, "bookmarked": false, "comments": [], "date_published": "2024-05-06T09:02:47+00:00", "description": "Unionized Cond\u00e9 Nast employees said they were willing to disrupt Anna Wintour\u2019s carefully laid plans over stalled contract negotiations.", "language": "en-us", "link": "https://www.nytimes.com/2024/05/06/fashion/conde-nast-union-vogue-met-gala.html", "manual_status_code": 0, "page_rating": 32, "page_rating_contents": 100, "page_rating_visits": 0, "page_rating_votes": 0, "permanent": false, "source": "https://rss.nytimes.com/services/xml/rss/nyt/HomePage.xml", "source_obj__id": 229, "status_code": 0, "tags": [], "thumbnail": "https://static01.nyt.com/images/2024/05/06/multimedia/06MET-UNION-gwtb/06MET-UNION-gwtb-mediumSquareAt3X.jpg", "title": "Cond\u00e9 Nast Employees Threaten to Walk Off Job on Eve of Met Gala", "user": null, "vote": 0}, {"age": null, "album": "", "artist": null, "bookmarked": false, "comments": [], "date_published": "2024-05-06T09:02:20+00:00", "description": "Amid campus protests and the Trump years, free speech debates are charged. Jane Coaston interviews Greg Lukianoff about getting back to basics on the First Amendment.", "language": "en-us", "link": "https://www.nytimes.com/2024/05/06/opinion/greg-lukianoff-campus-speech.html", "manual_status_code": 0, "page_rating": 32, "page_rating_contents": 100, "page_rating_visits": 0, "page_rating_votes": 0, "permanent": false, "source": "https://rss.nytimes.com/services/xml/rss/nyt/HomePage.xml", "source_obj__id": 229, "status_code": 0, "tags": [], "thumbnail": "https://static01.nyt.com/images/2024/05/06/opinion/06coaston-art/06coaston-art-mediumSquareAt3X.jpg", "title": "Greg Lukianoff Is Getting Back to the Basics on Free Speech on Campus", "user": null, "vote": 0}, {"age": null, "album": "", "artist": null, "bookmarked": false, "comments": [], "date_published": "2024-05-06T09:02:08+00:00", "description": "Politics is a dominance competition. Liberals have their own tradition of it \u2014 and they should embrace it.", "language": "en-us", "link": "https://www.nytimes.com/2024/05/06/opinion/trump-dominance-democrats.html", "manual_status_code": 0, "page_rating": 32, "page_rating_contents": 100, "page_rating_visits": 0, "page_rating_votes": 0, "permanent": false, "source": "https://rss.nytimes.com/services/xml/rss/nyt/HomePage.xml", "source_obj__id": 229, "status_code": 0, "tags": [], "thumbnail": null, "title": "Trump Knows Dominance Wins. Someone Tell Democrats.", "user": null, "vote": 0}, {"age": null, "album": "", "artist": null, "bookmarked": false, "comments": [], "date_published": "2024-05-06T09:02:00+00:00", "description": "Alsop has had enviable success, and was the first female conductor to lead a top American orchestra. She wants to take another step up.", "language": "en-us", "link": "https://www.nytimes.com/2024/05/06/arts/music/marin-alsop-conductor-classical-music.html", "manual_status_code": 0, "page_rating": 32, "page_rating_contents": 100, "page_rating_visits": 0, "page_rating_votes": 0, "permanent": false, "source": "https://rss.nytimes.com/services/xml/rss/nyt/HomePage.xml", "source_obj__id": 229, "status_code": 0, "tags": [], "thumbnail": "https://static01.nyt.com/images/2024/05/12/multimedia/12ALSOP-01-pktg/12ALSOP-01-pktg-mediumSquareAt3X.jpg", "title": "Can Marin Alsop Shatter Another Glass Ceiling?", "user": null, "vote": 0}, {"age": null, "album": "", "artist": null, "bookmarked": false, "comments": [], "date_published": "2024-05-06T09:01:34+00:00", "description": "Edmundo Gonz\u00e1lez, a former diplomat, is unknown to many Venezuelans. But some experts say that could work in his favor as he runs against President Nicol\u00e1s Maduro in national elections.", "language": "en-us", "link": "https://www.nytimes.com/2024/05/06/world/americas/edmundo-gonzalez-venezuela-elections.html", "manual_status_code": 0, "page_rating": 32, "page_rating_contents": 100, "page_rating_visits": 0, "page_rating_votes": 0, "permanent": false, "source": "https://rss.nytimes.com/services/xml/rss/nyt/HomePage.xml", "source_obj__id": 229, "status_code": 0, "tags": [], "thumbnail": "https://static01.nyt.com/images/2024/05/06/multimedia/06venezuela-opposition-promo/06venezuela-opposition-top-hjtk-mediumSquareAt3X.jpg", "title": "Meet Edmundo Gonzalez, the Candidate Challenging Maduro in Venezuela\u2019s Elections", "user": null, "vote": 0}, {"age": null, "album": "", "artist": null, "bookmarked": false, "comments": [], "date_published": "2024-05-06T09:01:34+00:00", "description": "The market for shares of hot start-ups like SpaceX and Stripe is projected to reach a record $64 billion this year.", "language": "en-us", "link": "https://www.nytimes.com/2024/05/06/technology/startup-stock-funds-destiny.html", "manual_status_code": 0, "page_rating": 32, "page_rating_contents": 100, "page_rating_visits": 0, "page_rating_votes": 0, "permanent": false, "source": "https://rss.nytimes.com/services/xml/rss/nyt/HomePage.xml", "source_obj__id": 229, "status_code": 0, "tags": [], "thumbnail": "https://static01.nyt.com/images/2024/05/02/business/00startup-stocks/00startup-stocks-mediumSquareAt3X-v2.jpg", "title": "Tensions Rise in Silicon Valley Over Sales of Start-Up Stocks", "user": null, "vote": 0}, {"age": null, "album": "", "artist": null, "bookmarked": false, "comments": [], "date_published": "2024-05-06T09:01:12+00:00", "description": "A new Florida law prohibits many Chinese citizens from buying homes because of national security concerns. Critics say it has fueled discrimination and chilled the local property market.", "language": "en-us", "link": "https://www.nytimes.com/2024/05/06/us/florida-land-law-chinese-homes.html", "manual_status_code": 0, "page_rating": 32, "page_rating_contents": 100, "page_rating_visits": 0, "page_rating_votes": 0, "permanent": false, "source": "https://rss.nytimes.com/services/xml/rss/nyt/HomePage.xml", "source_obj__id": 229, "status_code": 0, "tags": [], "thumbnail": "https://static01.nyt.com/images/2024/05/03/multimedia/03nat-florida-land-kctm/03nat-florida-land-kctm-mediumSquareAt3X.jpg", "title": "When Buying a Home Is Treated as a National Security Threat", "user": null, "vote": 0}, {"age": null, "album": "", "artist": null, "bookmarked": false, "comments": [], "date_published": "2024-05-06T09:00:53+00:00", "description": "Most of Gaza\u2019s schools, including all of its universities, have severe damage that makes them unusable, which could harm an entire generation, the United Nations and others say.", "language": "en-us", "link": "https://www.nytimes.com/2024/05/06/world/middleeast/gaza-schools-damaged-destroyed.html", "manual_status_code": 0, "page_rating": 32, "page_rating_contents": 100, "page_rating_visits": 0, "page_rating_votes": 0, "permanent": false, "source": "https://rss.nytimes.com/services/xml/rss/nyt/HomePage.xml", "source_obj__id": 229, "status_code": 0, "tags": [], "thumbnail": "https://static01.nyt.com/images/2024/05/06/multimedia/06gaza-education-01-fjcq/06gaza-education-01-fjcq-mediumSquareAt3X.jpg", "title": "With Schools in Ruins, Education in Gaza Will Be Hobbled for Years", "user": null, "vote": 0}, {"age": null, "album": "", "artist": null, "bookmarked": false, "comments": [], "date_published": "2024-05-06T09:00:38+00:00", "description": "The city, which put inclusivity at the center of its bid, has improved access for people with disabilities, but with the opening ceremony about 12 weeks away, obstacles remain.", "language": "en-us", "link": "https://www.nytimes.com/2024/05/06/travel/paris-olympics-accessibility-disabled.html", "manual_status_code": 0, "page_rating": 32, "page_rating_contents": 100, "page_rating_visits": 0, "page_rating_votes": 0, "permanent": false, "source": "https://rss.nytimes.com/services/xml/rss/nyt/HomePage.xml", "source_obj__id": 229, "status_code": 0, "tags": [], "thumbnail": "https://static01.nyt.com/images/2024/04/30/multimedia/00olympics-accessibility-ptqj/00olympics-accessibility-ptqj-mediumSquareAt3X.jpg", "title": "Paris Promised the Olympics Would Be Accessible. The Clock Is Ticking.", "user": null, "vote": 0}, {"age": null, "album": "", "artist": null, "bookmarked": false, "comments": [], "date_published": "2024-05-06T09:00:16+00:00", "description": "Recent studies cast doubt on whether large-scale mental health interventions are making young people better. Some even suggest they can have a negative effect.", "language": "en-us", "link": "https://www.nytimes.com/2024/05/06/health/mental-health-schools.html", "manual_status_code": 0, "page_rating": 32, "page_rating_contents": 100, "page_rating_visits": 0, "page_rating_votes": 0, "permanent": false, "source": "https://rss.nytimes.com/services/xml/rss/nyt/HomePage.xml", "source_obj__id": 229, "status_code": 0, "tags": [], "thumbnail": "https://static01.nyt.com/images/2024/05/07/multimedia/00SKEPTIC-01-lpbt/00SKEPTIC-01-lpbt-mediumSquareAt3X.jpg", "title": "Are Schools Too Focused on Mental Health?", "user": null, "vote": 0}, {"age": null, "album": "", "artist": null, "bookmarked": false, "comments": [], "date_published": "2024-05-06T08:05:47+00:00", "description": "Prime Minister Benjamin Netanyahu has been steadfast in his goal of destroying Hamas. On Sunday, he defended Israel\u2019s right to defend itself at a Holocaust remembrance event.", "language": "en-us", "link": "https://www.nytimes.com/2024/05/06/world/middleeast/netanyahu-holocaust-gaza-yad-vashem.html", "manual_status_code": 0, "page_rating": 32, "page_rating_contents": 100, "page_rating_visits": 0, "page_rating_votes": 0, "permanent": false, "source": "https://rss.nytimes.com/services/xml/rss/nyt/HomePage.xml", "source_obj__id": 229, "status_code": 0, "tags": [], "thumbnail": "https://static01.nyt.com/images/2024/05/06/multimedia/06mideast-crisis-netanyahu-speech-tlzh/06mideast-crisis-netanyahu-speech-tlzh-mediumSquareAt3X.jpg", "title": "Netanyahu Asserts Israel\u2019s Right to Fight Its enemies in Defiant Speech", "user": null, "vote": 0}, {"age": null, "album": "", "artist": null, "bookmarked": false, "comments": [], "date_published": "2024-05-06T07:00:15+00:00", "description": "The trial is entering its third week of testimony, and Stormy Daniels, the porn star at the center of it, could soon take the stand.", "language": "en-us", "link": "https://www.nytimes.com/2024/05/06/nyregion/trump-trial-stormy-daniels.html", "manual_status_code": 0, "page_rating": 32, "page_rating_contents": 100, "page_rating_visits": 0, "page_rating_votes": 0, "permanent": false, "source": "https://rss.nytimes.com/services/xml/rss/nyt/HomePage.xml", "source_obj__id": 229, "status_code": 0, "tags": [], "thumbnail": "https://static01.nyt.com/images/2024/05/06/multimedia/06trump-trial-pinned-01-lfhj/06trump-trial-pinned-01-lfhj-mediumSquareAt3X-v2.jpg", "title": "Trump\u2019s Criminal Trial Speeds Along, With Few Key Witnesses Remaining", "user": null, "vote": 0}, {"age": null, "album": "", "artist": null, "bookmarked": false, "comments": [], "date_published": "2024-05-06T07:00:14+00:00", "description": "The $15 billion expected from new traffic tolls is earmarked for modernizing old infrastructure but is threatened by a raft of lawsuits.", "language": "en-us", "link": "https://www.nytimes.com/2024/05/06/nyregion/congestion-pricing-tolls-mta.html", "manual_status_code": 0, "page_rating": 32, "page_rating_contents": 100, "page_rating_visits": 0, "page_rating_votes": 0, "permanent": false, "source": "https://rss.nytimes.com/services/xml/rss/nyt/HomePage.xml", "source_obj__id": 229, "status_code": 0, "tags": [], "thumbnail": "https://static01.nyt.com/images/2024/05/12/nyregion/12congestion-windfall1-bpht/00congestion-windfall1-bpht-mediumSquareAt3X.jpg", "title": "Congestion Pricing Will Fund Urgent Transit Upgrades", "user": null, "vote": 0}, {"age": null, "album": "", "artist": null, "bookmarked": false, "comments": [], "date_published": "2024-05-06T05:00:07+00:00", "description": "The conductor Daniel Barenboim explores the political and spiritual power of what many consider the greatest symphony.", "language": "en-us", "link": "https://www.nytimes.com/2024/05/06/opinion/daniel-barenboim-beethoven-ninth-symphony.html", "manual_status_code": 0, "page_rating": 32, "page_rating_contents": 100, "page_rating_visits": 0, "page_rating_votes": 0, "permanent": false, "source": "https://rss.nytimes.com/services/xml/rss/nyt/HomePage.xml", "source_obj__id": 229, "status_code": 0, "tags": [], "thumbnail": null, "title": "Daniel Barenboim: What Beethoven\u2019s Ninth Teaches Us", "user": null, "vote": 0}, {"age": null, "album": "", "artist": null, "bookmarked": false, "comments": [], "date_published": "2024-05-06T05:00:06+00:00", "description": "Anxiety about China is making American policymakers react in paranoid, repressive ways.", "language": "en-us", "link": "https://www.nytimes.com/2024/05/06/opinion/china-anxiety-us-policy.html", "manual_status_code": 0, "page_rating": 32, "page_rating_contents": 100, "page_rating_visits": 0, "page_rating_votes": 0, "permanent": false, "source": "https://rss.nytimes.com/services/xml/rss/nyt/HomePage.xml", "source_obj__id": 229, "status_code": 0, "tags": [], "thumbnail": null, "title": "America Has a Bad Case of China Anxiety", "user": null, "vote": 0}, {"age": null, "album": "", "artist": null, "bookmarked": false, "comments": [], "date_published": "2024-05-06T04:01:14+00:00", "description": "Women in Shanghai gather in bars, salons and bookstores to reclaim their identities as the country\u2019s leader calls for China to adopt a \u201cchildbearing culture.\u201d", "language": "en-us", "link": "https://www.nytimes.com/2024/05/06/business/shanghai-china-feminism.html", "manual_status_code": 0, "page_rating": 32, "page_rating_contents": 100, "page_rating_visits": 0, "page_rating_votes": 0, "permanent": false, "source": "https://rss.nytimes.com/services/xml/rss/nyt/HomePage.xml", "source_obj__id": 229, "status_code": 0, "tags": [], "thumbnail": "https://static01.nyt.com/images/2024/04/30/multimedia/00China-Feminism-02-mzqj/00China-Feminism-02-mzqj-mediumSquareAt3X.jpg", "title": "In China, Ruled by Men, Women Quietly Find a Powerful Voice", "user": null, "vote": 0}, {"age": null, "album": "", "artist": null, "bookmarked": false, "comments": [], "date_published": "2024-05-06T01:09:13+00:00", "description": "The ad, a sleek 30-minute production, was blocked for several hours on Friday and Saturday. Meta, which owns both platforms, said the link had been incorrectly flagged as spam.", "language": "en-us", "link": "https://www.nytimes.com/2024/05/05/us/politics/rfk-jr-facebook-instagram-ad.html", "manual_status_code": 0, "page_rating": 32, "page_rating_contents": 100, "page_rating_visits": 0, "page_rating_votes": 0, "permanent": false, "source": "https://rss.nytimes.com/services/xml/rss/nyt/HomePage.xml", "source_obj__id": 229, "status_code": 0, "tags": [], "thumbnail": "https://static01.nyt.com/images/2024/04/02/multimedia/05pol-swiper-rfk-swap-755pm/05pol-swiper-rfk-swap-755pm-mediumSquareAt3X.jpg", "title": "R.F.K. Jr. Claims Censorship After Facebook and Instagram Briefly Block New Ad", "user": null, "vote": 0}, {"age": null, "album": "", "artist": null, "bookmarked": false, "comments": [], "date_published": "2024-05-06T00:49:08+00:00", "description": "The first Black woman to run a broadcast news division, Ms. Godwin had a rocky tenure defined by infighting and damaging leaks.", "language": "en-us", "link": "https://www.nytimes.com/2024/05/05/business/media/abc-news-president-kim-godwin-to-step-down.html", "manual_status_code": 0, "page_rating": 32, "page_rating_contents": 100, "page_rating_visits": 0, "page_rating_votes": 0, "permanent": false, "source": "https://rss.nytimes.com/services/xml/rss/nyt/HomePage.xml", "source_obj__id": 229, "status_code": 0, "tags": [], "thumbnail": null, "title": "ABC News\u2019 President, Kim Godwin, to Step Down", "user": null, "vote": 0}, {"age": null, "album": "", "artist": null, "bookmarked": false, "comments": [], "date_published": "2024-05-06T00:15:02+00:00", "description": "Gov. Kristi Noem suggested that President Biden should have euthanized the family dog, as she did. Animal experts said that such an option should be a last resort.", "language": "en-us", "link": "https://www.nytimes.com/2024/05/05/science/dogs-aggression-euthanasia.html", "manual_status_code": 0, "page_rating": 32, "page_rating_contents": 100, "page_rating_visits": 0, "page_rating_votes": 0, "permanent": false, "source": "https://rss.nytimes.com/services/xml/rss/nyt/HomePage.xml", "source_obj__id": 229, "status_code": 0, "tags": [], "thumbnail": "https://static01.nyt.com/images/2024/05/05/multimedia/05DOG-AGGRESSION-qhgl/05DOG-AGGRESSION-qhgl-mediumSquareAt3X.jpg", "title": "How To Know When a Good Dog Has Gone Bad", "user": null, "vote": 0}]