[{"age": null, "album": "", "artist": null, "bookmarked": false, "comments": [], "date_published": "2024-05-06T21:00:19+00:00", "description": "We are currently in the AI bubble, in the future it might be cool but right now there is a lot of garbage being devised that serves no purpose in existing and I think Logitech has just created such a device.\n\n==========Support The Channel==========\n\u25ba Patreon: https://brodierobertson.xyz/patreon\n\u25ba Paypal: https://brodierobertson.xyz/paypal\n\u25ba Liberapay: https://brodierobertson.xyz/liberapay\n\u25ba Amazon USA: https://brodierobertson.xyz/amazonusa\n\n==========Resources==========\nCopilot Button: https://blogs.windows.com/windowsexperience/2024/01/04/introducing-a-new-copilot-key-to-kick-off-the-year-of-ai-powered-windows-pcs/\nOffice Key: https://support.microsoft.com/en-au/topic/using-the-office-key-df8665d3-761b-4a16-84b8-2cfb830e6aff\nPCMag: https://au.pcmag.com/computer-mice/104834/this-logitech-mouse-comes-with-ai-buttons-do-people-really-want-that\nPurchase From Logitech: https://www.logitech.com/en-us/products/mice/signature-ai-edition-m750-wireless-mouse.910-007396.html\nAI Prompt Builder: ", "language": null, "link": "https://www.youtube.com/watch?v=ZfsLAJ4ou1A", "manual_status_code": 0, "page_rating": 32, "page_rating_contents": 100, "page_rating_visits": 0, "page_rating_votes": 0, "permanent": false, "source": "https://www.youtube.com/feeds/videos.xml?channel_id=UCld68syR8Wi-GY_n4CaoJGA", "source_obj__id": 45, "status_code": 0, "tags": [], "thumbnail": "https://i3.ytimg.com/vi/ZfsLAJ4ou1A/hqdefault.jpg", "title": "Logitech Created The Most Pointless \"AI\" Device", "user": null, "vote": 0}]