[{"age": null, "album": "", "artist": null, "bookmarked": false, "comments": [], "date_published": "2024-05-06T19:52:18+00:00", "description": "The Mexican group has begun a series of concerts in the entertainment capital of the world, performing in the same venue that has seen the likes of Lady Gaga and Maroon 5", "language": "en", "link": "https://english.elpais.com/culture/2024-05-06/los-bukis-take-spanish-language-music-to-the-next-level-with-las-vegas-residency.html", "manual_status_code": 0, "page_rating": 32, "page_rating_contents": 100, "page_rating_visits": 0, "page_rating_votes": 0, "permanent": false, "source": "https://feeds.elpais.com/mrss-s/pages/ep/site/english.elpais.com/portada", "source_obj__id": 99, "status_code": 0, "tags": [], "thumbnail": "https://images.english.elpais.com/resizer/Rk1IzR-2rWPbl_ke2vwCsFBT5Gc=/arc-anglerfish-eu-central-1-prod-prisa/public/NEYGBQOIN5C4LFSJR2BKJG242Q.jpeg", "title": "Los Bukis take Spanish-language music to the next level with Las Vegas residency", "user": null, "vote": 0}, {"age": null, "album": "", "artist": null, "bookmarked": false, "comments": [], "date_published": "2024-05-06T18:54:05+00:00", "description": "The former attorney for the state-owned energy corporation handled $25 million through a web in Panama, Switzerland and Andorra. He and his wife also bought luxury homes in Madrid and Caracas", "language": "en", "link": "https://english.elpais.com/international/2024-05-06/the-network-that-looted-venezuelas-pdvsa-paid-19-million-to-the-companys-lawyer.html", "manual_status_code": 0, "page_rating": 32, "page_rating_contents": 100, "page_rating_visits": 0, "page_rating_votes": 0, "permanent": false, "source": "https://feeds.elpais.com/mrss-s/pages/ep/site/english.elpais.com/portada", "source_obj__id": 99, "status_code": 0, "tags": [], "thumbnail": "https://images.english.elpais.com/resizer/2J3KCPprlv7DiuM_Aqq6sUJhePI=/arc-anglerfish-eu-central-1-prod-prisa/public/YUWBJ4TNWVHG3JLF2BHHTRTA7U.jpg", "title": "The network that looted Venezuela\u2019s PDVSA paid $19 million to the company\u2019s lawyer", "user": null, "vote": 0}, {"age": null, "album": "", "artist": null, "bookmarked": false, "comments": [], "date_published": "2024-05-06T18:46:18+00:00", "description": "After leaving the United Kingdom four years ago, the Duke and Duchess of Sussex have had to form new ties in the United States. This exclusive group includes actors, philanthropists, photographers and sports stars", "language": "en", "link": "https://english.elpais.com/people/2024-05-06/prince-harry-and-meghan-markles-new-family-in-california-the-royals-fiercely-guarded-inner-circle-of-friends.html", "manual_status_code": 0, "page_rating": 32, "page_rating_contents": 100, "page_rating_visits": 0, "page_rating_votes": 0, "permanent": false, "source": "https://feeds.elpais.com/mrss-s/pages/ep/site/english.elpais.com/portada", "source_obj__id": 99, "status_code": 0, "tags": [], "thumbnail": "https://images.english.elpais.com/resizer/9YsZRcghC_P7H9Kb_hlOLszWh1s=/arc-anglerfish-eu-central-1-prod-prisa/public/MVJIF655IVAGJJVCFIESHPWVRE.jpeg", "title": "Prince Harry and Meghan Markle\u2019s new family in California: The royals\u2019 fiercely guarded inner circle of friends", "user": null, "vote": 0}, {"age": null, "album": "", "artist": null, "bookmarked": false, "comments": [], "date_published": "2024-05-06T17:26:43+00:00", "description": "The warning comes after the former president was held in contempt for a tenth time", "language": "en", "link": "https://english.elpais.com/usa/2024-05-06/judge-threatens-to-jail-trump-if-he-continues-to-violate-gag-order.html", "manual_status_code": 0, "page_rating": 32, "page_rating_contents": 100, "page_rating_visits": 0, "page_rating_votes": 0, "permanent": false, "source": "https://feeds.elpais.com/mrss-s/pages/ep/site/english.elpais.com/portada", "source_obj__id": 99, "status_code": 0, "tags": [], "thumbnail": "https://images.english.elpais.com/resizer/s_ZDiK3AY77IJPnu2oczVexLSEA=/arc-anglerfish-eu-central-1-prod-prisa/public/UF4MEXFFJVAM4NPUBPBETVPK4Y.jpg", "title": "Judge threatens to jail Trump if he continues to violate gag order", "user": null, "vote": 0}, {"age": null, "album": "", "artist": null, "bookmarked": false, "comments": [], "date_published": "2024-05-06T16:48:27+00:00", "description": "A study involving thousands of patients has found that practically all people with two copies of the APOE4 gene develop biomarkers associated with dementia. Two out of every 100 people carry this variant", "language": "en", "link": "https://english.elpais.com/science-tech/2024-05-06/researchers-identify-new-genetic-form-of-alzheimers-that-is-present-in-millions-of-people.html", "manual_status_code": 0, "page_rating": 32, "page_rating_contents": 100, "page_rating_visits": 0, "page_rating_votes": 0, "permanent": false, "source": "https://feeds.elpais.com/mrss-s/pages/ep/site/english.elpais.com/portada", "source_obj__id": 99, "status_code": 0, "tags": [], "thumbnail": "https://images.english.elpais.com/resizer/iRezvKrzz3dKvTrroGsDW3AQcq8=/arc-anglerfish-eu-central-1-prod-prisa/public/HVAAE5VNJNAOZF67N7WKN5XT5A.jpg", "title": "Researchers identify new genetic form of Alzheimer\u2019s that is present in millions of people", "user": null, "vote": 0}, {"age": null, "album": "", "artist": null, "bookmarked": false, "comments": [], "date_published": "2024-05-06T16:03:03+00:00", "description": "Analysis shows a high viral load in the raw milk of infected animals. How the pathogen is spreading between cows remains unclear", "language": "en", "link": "https://english.elpais.com/usa/2024-05-06/the-spread-of-bird-flu-virus-on-us-dairy-farms-alarms-who.html", "manual_status_code": 0, "page_rating": 32, "page_rating_contents": 100, "page_rating_visits": 0, "page_rating_votes": 0, "permanent": false, "source": "https://feeds.elpais.com/mrss-s/pages/ep/site/english.elpais.com/portada", "source_obj__id": 99, "status_code": 0, "tags": [], "thumbnail": "https://images.english.elpais.com/resizer/svKOLe81saZCRO5gkFXBbPd4Cis=/arc-anglerfish-eu-central-1-prod-prisa/public/DXHLTIFD7VUWJTZ3BBM3PISQVA.jpg", "title": "The spread of bird flu virus on US dairy farms alarms WHO", "user": null, "vote": 0}, {"age": null, "album": "", "artist": null, "bookmarked": false, "comments": [], "date_published": "2024-05-06T15:50:08+00:00", "description": "The Kremlin said any discussion of deploying NATO troops in Ukraine represented \u2018a completely new round of escalation of tension; it is unprecedented, and of course it requires special attention and special measures\u2019", "language": "en", "link": "https://english.elpais.com/international/2024-05-06/putin-orders-non-strategic-nuclear-exercises-in-response-to-threats-from-the-west.html", "manual_status_code": 0, "page_rating": 32, "page_rating_contents": 100, "page_rating_visits": 0, "page_rating_votes": 0, "permanent": false, "source": "https://feeds.elpais.com/mrss-s/pages/ep/site/english.elpais.com/portada", "source_obj__id": 99, "status_code": 0, "tags": [], "thumbnail": "https://images.english.elpais.com/resizer/95IQsUMHL0e_LluSkaCJNjHIcL0=/arc-anglerfish-eu-central-1-prod-prisa/public/TWSJXC42TJKUMWMWDUS3MJ2VKY.jpg", "title": "Putin orders non-strategic nuclear exercises in response to \u2018threats\u2019 from the West", "user": null, "vote": 0}, {"age": null, "album": "", "artist": null, "bookmarked": false, "comments": [], "date_published": "2024-05-06T14:21:46+00:00", "description": "David Knezevich was the prime suspect in the disappearance of the US citizen last February while the couple were involved in a multimillion-dollar divorce", "language": "en", "link": "https://english.elpais.com/international/2024-05-06/ana-maria-henao-ex-partner-of-woman-who-went-missing-in-madrid-arrested-in-miami.html", "manual_status_code": 0, "page_rating": 32, "page_rating_contents": 100, "page_rating_visits": 0, "page_rating_votes": 0, "permanent": false, "source": "https://feeds.elpais.com/mrss-s/pages/ep/site/english.elpais.com/portada", "source_obj__id": 99, "status_code": 0, "tags": [], "thumbnail": "https://images.english.elpais.com/resizer/4-2FmlPQB0FVSwlWAMzkPfZ9RE4=/arc-anglerfish-eu-central-1-prod-prisa/public/CPOVXFVGNND7ZOGWDK27S5MB2I.jpg", "title": "Ana Mar\u00eda Henao: Ex-partner of woman who went missing in Madrid arrested in Miami", "user": null, "vote": 0}, {"age": null, "album": "", "artist": null, "bookmarked": false, "comments": [], "date_published": "2024-05-06T14:04:22+00:00", "description": "Several recently demonstrated outside President Miguel D\u00edaz-Canel\u2019s house. Most of Cuba\u2019s protests in recent times have been driven by women like them", "language": "en", "link": "https://english.elpais.com/opinion/2024-05-06/mothers-are-the-main-opposition-to-the-cuban-regime.html", "manual_status_code": 0, "page_rating": 32, "page_rating_contents": 100, "page_rating_visits": 0, "page_rating_votes": 0, "permanent": false, "source": "https://feeds.elpais.com/mrss-s/pages/ep/site/english.elpais.com/portada", "source_obj__id": 99, "status_code": 0, "tags": [], "thumbnail": "https://images.english.elpais.com/resizer/1apWFyf0L97vcjSa4_5ezUv02DI=/arc-anglerfish-eu-central-1-prod-prisa/public/SO5A45YTGVFP3INL64RBWXZ4N4.jpeg", "title": "Mothers are the main opposition to the Cuban regime", "user": null, "vote": 0}, {"age": null, "album": "", "artist": null, "bookmarked": false, "comments": [], "date_published": "2024-05-06T11:52:33+00:00", "description": "The government of Benjamin Netanyahu said it had been left with \u2018no other choice\u2019 after the latest breakdown of ceasefire negotiations with Hamas", "language": "en", "link": "https://english.elpais.com/international/2024-05-06/israeli-invasion-of-rafah-looms-as-military-issues-order-to-evacuate-palestinian-refugees.html", "manual_status_code": 0, "page_rating": 32, "page_rating_contents": 100, "page_rating_visits": 0, "page_rating_votes": 0, "permanent": false, "source": "https://feeds.elpais.com/mrss-s/pages/ep/site/english.elpais.com/portada", "source_obj__id": 99, "status_code": 0, "tags": [], "thumbnail": "https://images.english.elpais.com/resizer/7FDFzW3VZETh0ZP89tQIU5c0Jvo=/arc-anglerfish-eu-central-1-prod-prisa/public/4GIHGG274NATXGGXWZC3DKF444.JPG", "title": "Israeli invasion of Rafah looms as military issues order to evacuate Palestinian refugees", "user": null, "vote": 0}, {"age": null, "album": "", "artist": null, "bookmarked": false, "comments": [], "date_published": "2024-05-06T10:48:10+00:00", "description": "With just six months to go before the presidential election, it would seem that the Republican presumptive nominee is seeking to be imprisoned for contempt of court", "language": "en", "link": "https://english.elpais.com/opinion/2024-05-06/to-jail-with-trump.html", "manual_status_code": 0, "page_rating": 32, "page_rating_contents": 100, "page_rating_visits": 0, "page_rating_votes": 0, "permanent": false, "source": "https://feeds.elpais.com/mrss-s/pages/ep/site/english.elpais.com/portada", "source_obj__id": 99, "status_code": 0, "tags": [], "thumbnail": "https://images.english.elpais.com/resizer/5bXdnyHmZjzN3LdqDoRjDpxynKY=/arc-anglerfish-eu-central-1-prod-prisa/public/T23IPFOOHJH7HLMZTPGFGLNTQA", "title": "To jail with Trump!", "user": null, "vote": 0}, {"age": null, "album": "", "artist": null, "bookmarked": false, "comments": [], "date_published": "2024-05-06T10:32:06+00:00", "description": "Police have continued to make arrests and clear encampments throughout the weekend. Student rallies are now at the heart of the presidential campaign", "language": "en", "link": "https://english.elpais.com/usa/2024-05-06/graduation-ceremonies-the-new-focus-of-us-university-protests-over-gaza.html", "manual_status_code": 0, "page_rating": 32, "page_rating_contents": 100, "page_rating_visits": 0, "page_rating_votes": 0, "permanent": false, "source": "https://feeds.elpais.com/mrss-s/pages/ep/site/english.elpais.com/portada", "source_obj__id": 99, "status_code": 0, "tags": [], "thumbnail": "https://images.english.elpais.com/resizer/450zhe1FZvzWrb26fgOpw7QjA98=/arc-anglerfish-eu-central-1-prod-prisa/public/PTM35GJM2EZ26YN74SYR2Z6FQ4.jpg", "title": "Graduation ceremonies, the new focus of US university protests over Gaza", "user": null, "vote": 0}, {"age": null, "album": "", "artist": null, "bookmarked": false, "comments": [], "date_published": "2024-05-06T09:57:06+00:00", "description": "A migrant boat with an inexperienced skipper left from Senegal and capsized in the Atlantic, leaving over 50 passengers dead, but nine survivors managed to change course and await rescue", "language": "en", "link": "https://english.elpais.com/spain/2024-05-06/the-incredible-odyssey-of-nine-castaways-attempting-to-reach-europe.html", "manual_status_code": 0, "page_rating": 32, "page_rating_contents": 100, "page_rating_visits": 0, "page_rating_votes": 0, "permanent": false, "source": "https://feeds.elpais.com/mrss-s/pages/ep/site/english.elpais.com/portada", "source_obj__id": 99, "status_code": 0, "tags": [], "thumbnail": "https://images.english.elpais.com/resizer/n5GzsEpc0PHZoK5BOnqVT6CsDAI=/arc-anglerfish-eu-central-1-prod-prisa/public/USPF7GHAEZA7TM62ETDULWVXZA.jpg", "title": "The incredible odyssey of nine castaways attempting to reach Europe", "user": null, "vote": 0}, {"age": null, "album": "", "artist": null, "bookmarked": false, "comments": [], "date_published": "2024-05-06T08:36:25+00:00", "description": "Elon Musk\u2019s company has sold fewer cars than it has produced in seven of the last eight quarters, analysts say, making a new plant less urgent", "language": "en", "link": "https://english.elpais.com/economy-and-business/2024-05-06/teslas-plans-in-mexico-are-not-dead-theyve-just-lost-steam.html", "manual_status_code": 0, "page_rating": 32, "page_rating_contents": 100, "page_rating_visits": 0, "page_rating_votes": 0, "permanent": false, "source": "https://feeds.elpais.com/mrss-s/pages/ep/site/english.elpais.com/portada", "source_obj__id": 99, "status_code": 0, "tags": [], "thumbnail": "https://images.english.elpais.com/resizer/w1ndGJUChggAQQ4iZyCA8JzlfzU=/arc-anglerfish-eu-central-1-prod-prisa/public/5IRJLM3ZHJE2DI5NQ4VEZ6L2J4.jpeg", "title": "Tesla\u2019s plans in Mexico are not dead. They\u2019ve just lost steam", "user": null, "vote": 0}]