[{"age": null, "album": "", "artist": null, "bookmarked": false, "comments": [], "date_published": "2024-05-06T11:05:01+00:00", "description": "(Updated) Banana Pi Announces BPI-F3 RISC-V Development Board with 2 TOPS AI Performance\nThe Banana Pi BPI-F3 is a development board powered by an 8-core RISC-V processor, capable of supporting up to 16GB of RAM memory. This open-source board stands out as the first to incorporate the RISC-V K1 chip, developed by SpacemiT Technologies Ltd., designed in accordance with the RISC-V Foundation RVA22 standards.", "language": "en-US", "link": "https://linuxgizmos.com/updated-banana-pi-announces-bpi-f3-risc-v-development-board-with-2-tops-ai-performance", "manual_status_code": 0, "page_rating": 32, "page_rating_contents": 100, "page_rating_visits": 0, "page_rating_votes": 0, "permanent": false, "source": "https://linuxgizmos.com/feed", "source_obj__id": 197, "status_code": 0, "tags": [], "thumbnail": null, "title": "(Updated) Banana Pi Announces BPI-F3 RISC-V Development Board with 2 TOPS AI Performance", "user": null, "vote": 0}]