[{"age": null, "album": "", "artist": null, "bookmarked": false, "comments": [], "date_published": "2024-05-06T09:03:51+00:00", "description": "#shorts #tech\n\nI spend a LOT of time trying to make my videos as concise, polished and useful as possible for you - if you would like to support me on that mission then consider subscribing to the channel - you'd make my day \ud83d\ude01\n\nMusic is from Epidemic sound:\nhttp://share.epidemicsound.com/pHDFT", "language": null, "link": "https://www.youtube.com/watch?v=_ccxfkmD9Ws", "manual_status_code": 0, "page_rating": 32, "page_rating_contents": 100, "page_rating_visits": 0, "page_rating_votes": 0, "permanent": false, "source": "https://www.youtube.com/feeds/videos.xml?channel_id=UCMiJRAwDNSNzuYeN2uWa0pA", "source_obj__id": 219, "status_code": 0, "tags": [], "thumbnail": "https://i4.ytimg.com/vi/_ccxfkmD9Ws/hqdefault.jpg", "title": "I tested the Unspillable mug", "user": null, "vote": 0}]