[{"age": null, "album": "", "artist": null, "bookmarked": false, "comments": [], "date_published": "2024-05-06T21:00:35+00:00", "description": "Dr. Jordan B. Peterson sits down in person with veteran, entrepreneur, podcaster, and author, Kelsi Sheren. They discuss her upbringing, the discipline required for service, the necessity and reality of women in the armed forces, the lapse in standards at the hands of DEI, the trauma and PTSD incurred from combat, and how soldiers find solace when reintegrating with civilized life.\n\nKelsi Sheren is CEO of Brass & Unity and author of \u201cBrass and Unity, One Woman\u2019s Journey Through the Hell of Afghanistan and Back.\u201d Kelsi is a distinguished Canadian veteran who served as a Gunner and Female Searcher during her deployment in Afghanistan. At Brass & Unity, Kelsi transforms bullet casings into jewelry, donating a portion of the profits to support veterans battling mental health issues. In addition to her work in the military, Kelsi is a champion in Taekwondo and host of the Brass & Unity podcast.\n\nThis episode was recorded on April 22nd, 2024\n\n\n- Sponsors -\n\nExpressVPN: Get 3 Months FREE of ", "language": null, "link": "https://www.youtube.com/watch?v=sBpWPvqjcOI", "manual_status_code": 0, "page_rating": 32, "page_rating_contents": 100, "page_rating_visits": 0, "page_rating_votes": 0, "permanent": false, "source": "https://www.youtube.com/feeds/videos.xml?channel_id=UCL_f53ZEJxp8TtlOkHwMV9Q", "source_obj__id": 167, "status_code": 0, "tags": [], "thumbnail": "https://i4.ytimg.com/vi/sBpWPvqjcOI/hqdefault.jpg", "title": "War, PTSD, & Psychedelics | Kelsi Sheren | EP 446", "user": null, "vote": 0}]