[{"age": null, "album": "", "artist": null, "bookmarked": false, "comments": [], "date_published": "2024-05-06T23:17:14+00:00", "description": "In Mexico, where tens of thousands of people have disappeared, the robust operation to quickly find the remains of three foreigners, from Australia and the United States, felt like a rare exception.", "language": "en-US", "link": "https://www.nytimes.com/2024/05/06/world/americas/mexico-killed-tourists-baja-california.html", "manual_status_code": 0, "page_rating": 32, "page_rating_contents": 100, "page_rating_visits": 0, "page_rating_votes": 0, "permanent": false, "source": "https://rss.nytimes.com/services/xml/rss/nyt/World.xml", "source_obj__id": 227, "status_code": 0, "tags": [], "thumbnail": "https://static01.nyt.com/images/2024/05/05/multimedia/06mexico-killings-1/06mexico-killings-1-mediumSquareAt3X.jpg", "title": "Where 3 Dead Tourists Were Found Fast, Thousands Remain Missing", "user": null, "vote": 0}, {"age": null, "album": "", "artist": null, "bookmarked": false, "comments": [], "date_published": "2024-05-06T21:15:34+00:00", "description": "Hamas says it has agreed to a cease-fire plan that Israel said did not meet its demands, the latest in a long series of negotiating stumbles.", "language": "en-US", "link": "https://www.nytimes.com/2024/05/06/world/middleeast/israel-rafah-hamas-ceasefire.html", "manual_status_code": 0, "page_rating": 32, "page_rating_contents": 100, "page_rating_visits": 0, "page_rating_votes": 0, "permanent": false, "source": "https://rss.nytimes.com/services/xml/rss/nyt/World.xml", "source_obj__id": 227, "status_code": 0, "tags": [], "thumbnail": "https://static01.nyt.com/images/2024/05/06/multimedia/06mideast-crisis-leadall-01-mtlh/06mideast-crisis-leadall-01-mtlh-mediumSquareAt3X.jpg", "title": "Israel Orders Partial Evacuation of Rafah, Fueling Fears of New Offensive", "user": null, "vote": 0}, {"age": null, "album": "", "artist": null, "bookmarked": false, "comments": [], "date_published": "2024-05-06T21:14:49+00:00", "description": "Also, Russia plans for nuclear drills.", "language": "en-US", "link": "https://www.nytimes.com/2024/05/06/world/asia/israel-rafah-hamas-russia-asia.html", "manual_status_code": 0, "page_rating": 32, "page_rating_contents": 100, "page_rating_visits": 0, "page_rating_votes": 0, "permanent": false, "source": "https://rss.nytimes.com/services/xml/rss/nyt/World.xml", "source_obj__id": 227, "status_code": 0, "tags": [], "thumbnail": "https://static01.nyt.com/images/2024/05/07/multimedia/07ambriefing-asia-nl-rafah2-fvzw/07ambriefing-asia-nl-rafah2-fvzw-mediumSquareAt3X.jpg", "title": "Tuesday Briefing: Israel Orders Rafah Evacuations", "user": null, "vote": 0}, {"age": null, "album": "", "artist": null, "bookmarked": false, "comments": [], "date_published": "2024-05-06T19:13:10+00:00", "description": "An official said the workers were killed by hydrogen sulfide, which is toxic in high concentrations. Italian officials and unions repeated urgent calls for better workplace safety.", "language": "en-US", "link": "https://www.nytimes.com/2024/05/06/world/europe/sicily-deaths-water-plant-gas.html", "manual_status_code": 0, "page_rating": 32, "page_rating_contents": 100, "page_rating_visits": 0, "page_rating_votes": 0, "permanent": false, "source": "https://rss.nytimes.com/services/xml/rss/nyt/World.xml", "source_obj__id": 227, "status_code": 0, "tags": [], "thumbnail": "https://static01.nyt.com/images/2024/05/06/multimedia/06accident-sicily-vcbj/06accident-sicily-vcbj-mediumSquareAt3X.jpg", "title": "5 Dead After Inhaling Hazardous Gas at a Water Plant in Sicily", "user": null, "vote": 0}, {"age": null, "album": "", "artist": null, "bookmarked": false, "comments": [], "date_published": "2024-05-06T19:07:00+00:00", "description": "The terms Hamas had agreed to were not immediately clear, but a senior Israeli official quickly said that the terms were not those that Israel had agreed to.", "language": "en-US", "link": "https://www.nytimes.com/2024/05/06/world/middleeast/israel-hamas-gaza-ceasefire-talks.html", "manual_status_code": 0, "page_rating": 32, "page_rating_contents": 100, "page_rating_visits": 0, "page_rating_votes": 0, "permanent": false, "source": "https://rss.nytimes.com/services/xml/rss/nyt/World.xml", "source_obj__id": 227, "status_code": 0, "tags": [], "thumbnail": "https://static01.nyt.com/images/2024/05/06/multimedia/06mideast-crisis-talks-explain-ljzh/06mideast-crisis-talks-explain-ljzh-mediumSquareAt3X.jpg", "title": "Hamas\u2019s announcement adds to the uncertainty of the cease-fire talks", "user": null, "vote": 0}, {"age": null, "album": "", "artist": null, "bookmarked": false, "comments": [], "date_published": "2024-05-06T18:36:51+00:00", "description": "Recent attacks came to a head on Friday when a victim was left with broken bones. Chancellor Olaf Scholz, whose Social Democrats have been a target, denounced the attacks as a threat to democracy.", "language": "en-US", "link": "https://www.nytimes.com/2024/05/06/world/europe/germany-political-assaults.html", "manual_status_code": 0, "page_rating": 32, "page_rating_contents": 100, "page_rating_visits": 0, "page_rating_votes": 0, "permanent": false, "source": "https://rss.nytimes.com/services/xml/rss/nyt/World.xml", "source_obj__id": 227, "status_code": 0, "tags": [], "thumbnail": "https://static01.nyt.com/images/2024/05/06/multimedia/06germany-attacks-jlkc/06germany-attacks-jlkc-mediumSquareAt3X.jpg", "title": "Assaults on German Politicians Raise Election-Year Worries", "user": null, "vote": 0}, {"age": null, "album": "", "artist": null, "bookmarked": false, "comments": [], "date_published": "2024-05-06T14:50:12+00:00", "description": "Although a resident confessed to setting the August 2023 blaze that killed 76 people in a dilapidated building, a report found that officials had ignored warning signs for years.", "language": "en-US", "link": "https://www.nytimes.com/2024/05/06/world/africa/south-africa-johannesburg-fire-inquiry.html", "manual_status_code": 0, "page_rating": 32, "page_rating_contents": 100, "page_rating_visits": 0, "page_rating_votes": 0, "permanent": false, "source": "https://rss.nytimes.com/services/xml/rss/nyt/World.xml", "source_obj__id": 227, "status_code": 0, "tags": [], "thumbnail": "https://static01.nyt.com/images/2024/05/06/multimedia/06-SAfrica-Fire-flvz/06-SAfrica-Fire-flvz-mediumSquareAt3X.jpg", "title": "Inquiry Into Johannesburg Fire Blames City Officials for Deadly Conditions", "user": null, "vote": 0}, {"age": null, "album": "", "artist": null, "bookmarked": false, "comments": [], "date_published": "2024-05-06T12:55:40+00:00", "description": "Montreal is a city as appealing for its beauty as for its shadows. Here, the novelist Mona Awad recommends books that are \u201cboth dreamy and uncompromising.\u201d", "language": "en-US", "link": "https://www.nytimes.com/2024/05/06/books/books-montreal-canada.html", "manual_status_code": 0, "page_rating": 32, "page_rating_contents": 100, "page_rating_visits": 0, "page_rating_votes": 0, "permanent": false, "source": "https://rss.nytimes.com/services/xml/rss/nyt/World.xml", "source_obj__id": 227, "status_code": 0, "tags": [], "thumbnail": null, "title": "Read Your Way Through Montreal", "user": null, "vote": 0}, {"age": null, "album": "", "artist": null, "bookmarked": false, "comments": [], "date_published": "2024-05-06T11:27:16+00:00", "description": "Russian officials claimed the order was in response to comments from the West about the possibility of more direct Western involvement in the war in Ukraine.", "language": "en-US", "link": "https://www.nytimes.com/2024/05/06/world/europe/russia-tactical-nuclear-weapons-drills.html", "manual_status_code": 0, "page_rating": 32, "page_rating_contents": 100, "page_rating_visits": 0, "page_rating_votes": 0, "permanent": false, "source": "https://rss.nytimes.com/services/xml/rss/nyt/World.xml", "source_obj__id": 227, "status_code": 0, "tags": [], "thumbnail": "https://static01.nyt.com/images/2024/05/06/multimedia/06russia-nukes-zmpv/06russia-nukes-zmpv-mediumSquareAt3X.jpg", "title": "Russia to Hold Drills on Tactical Nuclear Weapons in New Tensions With West", "user": null, "vote": 0}, {"age": null, "album": "", "artist": null, "bookmarked": false, "comments": [], "date_published": "2024-05-06T10:16:46+00:00", "description": "Israel wants to \u201cmove people out of harm\u2019s way,\u201d a military official said, a sign that it may be inching closer to invading the Gazan city in defiance of international pressure.", "language": "en-US", "link": "https://www.nytimes.com/live/2024/05/06/world/israel-gaza-war-hamas", "manual_status_code": 0, "page_rating": 32, "page_rating_contents": 100, "page_rating_visits": 0, "page_rating_votes": 0, "permanent": false, "source": "https://rss.nytimes.com/services/xml/rss/nyt/World.xml", "source_obj__id": 227, "status_code": 0, "tags": [], "thumbnail": "https://static01.nyt.com/images/2024/05/06/multimedia/06mideast-crisis-briefing-promo-fkzh/06mideast-crisis-briefing-promo-fkzh-mediumSquareAt3X.jpg", "title": "Middle East Crisis: Israeli Military Warns Thousands in Rafah to Evacuate", "user": null, "vote": 0}, {"age": null, "album": "", "artist": null, "bookmarked": false, "comments": [], "date_published": "2024-05-06T09:01:18+00:00", "description": "A lot of them don\u2019t work and some might even be harmful. But there are things you can do if you really have to fly.", "language": "en-US", "link": "https://www.nytimes.com/2024/05/06/climate/nyt-questions-flight-offsets.html", "manual_status_code": 0, "page_rating": 32, "page_rating_contents": 100, "page_rating_visits": 0, "page_rating_votes": 0, "permanent": false, "source": "https://rss.nytimes.com/services/xml/rss/nyt/World.xml", "source_obj__id": 227, "status_code": 0, "tags": [], "thumbnail": null, "title": "Are Flight Offsets Worth It?", "user": null, "vote": 0}, {"age": null, "album": "", "artist": null, "bookmarked": false, "comments": [], "date_published": "2024-05-06T07:01:28+00:00", "description": "Qantas, Australia\u2019s national carrier, apologized and said it would pay a fine and compensation to settle a suit brought by a consumer watchdog.", "language": "en-US", "link": "https://www.nytimes.com/2024/05/06/world/australia/qantas-fine-canceled-flights-australia.html", "manual_status_code": 0, "page_rating": 32, "page_rating_contents": 100, "page_rating_visits": 0, "page_rating_votes": 0, "permanent": false, "source": "https://rss.nytimes.com/services/xml/rss/nyt/World.xml", "source_obj__id": 227, "status_code": 0, "tags": [], "thumbnail": "https://static01.nyt.com/images/2024/05/06/multimedia/06oz-qantas-jtqh/06oz-qantas-jtqh-mediumSquareAt3X.jpg", "title": "Qantas to Pay $79 Million For Selling Tickets on Canceled Flights", "user": null, "vote": 0}, {"age": null, "album": "", "artist": null, "bookmarked": false, "comments": [], "date_published": "2024-05-06T04:19:33+00:00", "description": "Cease-fire talks stall.", "language": "en-US", "link": "https://www.nytimes.com/2024/05/06/briefing/ceasefire-talks-xi-jinping-europe.html", "manual_status_code": 0, "page_rating": 32, "page_rating_contents": 100, "page_rating_visits": 0, "page_rating_votes": 0, "permanent": false, "source": "https://rss.nytimes.com/services/xml/rss/nyt/World.xml", "source_obj__id": 227, "status_code": 0, "tags": [], "thumbnail": "https://static01.nyt.com/images/2024/05/06/multimedia/06ambriefing-europe-nl-gaza-zplh/06ambriefing-europe-nl-gaza-zplh-mediumSquareAt3X.jpg", "title": "Monday Briefing", "user": null, "vote": 0}, {"age": null, "album": "", "artist": null, "bookmarked": false, "comments": [], "date_published": "2024-05-06T02:29:54+00:00", "description": "Family members confirmed the identities of two Australian brothers and their American friend, who were found killed by gunshots after going missing last month.", "language": "en-US", "link": "https://www.nytimes.com/2024/05/05/world/americas/bodies-found-baja-california.html", "manual_status_code": 0, "page_rating": 32, "page_rating_contents": 100, "page_rating_visits": 0, "page_rating_votes": 0, "permanent": false, "source": "https://rss.nytimes.com/services/xml/rss/nyt/World.xml", "source_obj__id": 227, "status_code": 0, "tags": [], "thumbnail": "https://static01.nyt.com/images/2024/05/06/multimedia/06mexico-kcbj/06mexico-kcbj-mediumSquareAt3X.jpg", "title": "3 Bodies in Mexico Are Identified as Missing Australians and American", "user": null, "vote": 0}]