[{"age": null, "album": "", "artist": null, "bookmarked": false, "comments": [], "date_published": "2024-05-06T16:50:58+00:00", "description": "<p>Google rolls out new threat-intel and security operations products and looks to the magic of AI to tap into the booming cybersecurity market.</p>\n<p>The post <a href=\"https://www.securityweek.com/google-debuts-new-security-products-hyping-ai-and-mandiant-expertise/\">Google Debuts New Security Products, Hyping AI and Mandiant Expertise</a> appeared first on <a href=\"https://www.securityweek.com\">SecurityWeek</a>.</p>", "language": "en-US", "link": "https://www.securityweek.com/google-debuts-new-security-products-hyping-ai-and-mandiant-expertise", "manual_status_code": 0, "page_rating": 32, "page_rating_contents": 100, "page_rating_visits": 0, "page_rating_votes": 0, "permanent": false, "source": "https://www.securityweek.com/feed", "source_obj__id": 299, "status_code": 0, "tags": [], "thumbnail": null, "title": "Google Debuts New Security Products, Hyping AI and Mandiant Expertise", "user": null, "vote": 0}, {"age": null, "album": "", "artist": null, "bookmarked": false, "comments": [], "date_published": "2024-05-06T14:37:40+00:00", "description": "<p>Synopsys is selling its Software Integrity Group to private equity firms Clearlake Capital and Francisco Partners in a $2.1 billion deal.\u00a0</p>\n<p>The post <a href=\"https://www.securityweek.com/synopsys-sells-software-integrity-business-in-2-1-billion-deal/\">Synopsys Sells Software Integrity Business in $2.1 Billion Deal</a> appeared first on <a href=\"https://www.securityweek.com\">SecurityWeek</a>.</p>", "language": "en-US", "link": "https://www.securityweek.com/synopsys-sells-software-integrity-business-in-2-1-billion-deal", "manual_status_code": 0, "page_rating": 32, "page_rating_contents": 100, "page_rating_visits": 0, "page_rating_votes": 0, "permanent": false, "source": "https://www.securityweek.com/feed", "source_obj__id": 299, "status_code": 0, "tags": [], "thumbnail": null, "title": "Synopsys Sells Software Integrity Business in $2.1 Billion Deal", "user": null, "vote": 0}, {"age": null, "album": "", "artist": null, "bookmarked": false, "comments": [], "date_published": "2024-05-06T12:41:15+00:00", "description": "<p>Iranian state-sponsored group APT42 is targeting NGOs, government, and intergovernmental organizations with two new backdoors.</p>\n<p>The post <a href=\"https://www.securityweek.com/iranian-cyberspies-target-governments-ngos-with-new-backdoors/\">Iranian Cyberspies Hit Targets With New Backdoors</a> appeared first on <a href=\"https://www.securityweek.com\">SecurityWeek</a>.</p>", "language": "en-US", "link": "https://www.securityweek.com/iranian-cyberspies-target-governments-ngos-with-new-backdoors", "manual_status_code": 0, "page_rating": 32, "page_rating_contents": 100, "page_rating_visits": 0, "page_rating_votes": 0, "permanent": false, "source": "https://www.securityweek.com/feed", "source_obj__id": 299, "status_code": 0, "tags": [], "thumbnail": null, "title": "Iranian Cyberspies Hit Targets With New Backdoors", "user": null, "vote": 0}, {"age": null, "album": "", "artist": null, "bookmarked": false, "comments": [], "date_published": "2024-05-06T12:24:58+00:00", "description": "<p>CyberNut has emerged from stealth mode with a K-12-focused security awareness training solution and $800k in pre-seed funding.</p>\n<p>The post <a href=\"https://www.securityweek.com/cybernut-emerges-from-stealth-with-k-12-security-awareness-training-solution/\">CyberNut Emerges From Stealth With K-12 Security Awareness Training Solution</a> appeared first on <a href=\"https://www.securityweek.com\">SecurityWeek</a>.</p>", "language": "en-US", "link": "https://www.securityweek.com/cybernut-emerges-from-stealth-with-k-12-security-awareness-training-solution", "manual_status_code": 0, "page_rating": 32, "page_rating_contents": 100, "page_rating_visits": 0, "page_rating_votes": 0, "permanent": false, "source": "https://www.securityweek.com/feed", "source_obj__id": 299, "status_code": 0, "tags": [], "thumbnail": null, "title": "CyberNut Emerges From Stealth With K-12 Security Awareness Training Solution", "user": null, "vote": 0}, {"age": null, "album": "", "artist": null, "bookmarked": false, "comments": [], "date_published": "2024-05-06T11:40:54+00:00", "description": "<p>Identity management startup Anetac has emerged from stealth mode with a $16 million investment led by Liberty Global.</p>\n<p>The post <a href=\"https://www.securityweek.com/anetac-emerges-from-stealth-mode-with-16-million-in-funding/\">Anetac Emerges From Stealth Mode With $16 Million in Funding</a> appeared first on <a href=\"https://www.securityweek.com\">SecurityWeek</a>.</p>", "language": "en-US", "link": "https://www.securityweek.com/anetac-emerges-from-stealth-mode-with-16-million-in-funding", "manual_status_code": 0, "page_rating": 32, "page_rating_contents": 100, "page_rating_visits": 0, "page_rating_votes": 0, "permanent": false, "source": "https://www.securityweek.com/feed", "source_obj__id": 299, "status_code": 0, "tags": [], "thumbnail": null, "title": "Anetac Emerges From Stealth Mode With $16 Million in Funding", "user": null, "vote": 0}, {"age": null, "album": "", "artist": null, "bookmarked": false, "comments": [], "date_published": "2024-05-06T10:37:17+00:00", "description": "<p>United States Cyber Command (USCYBERCOM) has named Ms. Morgan M. Adamski as Executive Director effective June 2024.</p>\n<p>The post <a href=\"https://www.securityweek.com/us-cyber-command-appoints-morgan-adamski-as-executive-director/\">US Cyber Command Appoints Morgan Adamski as Executive Director</a> appeared first on <a href=\"https://www.securityweek.com\">SecurityWeek</a>.</p>", "language": "en-US", "link": "https://www.securityweek.com/us-cyber-command-appoints-morgan-adamski-as-executive-director", "manual_status_code": 0, "page_rating": 32, "page_rating_contents": 100, "page_rating_visits": 0, "page_rating_votes": 0, "permanent": false, "source": "https://www.securityweek.com/feed", "source_obj__id": 299, "status_code": 0, "tags": [], "thumbnail": null, "title": "US Cyber Command Appoints Morgan Adamski as Executive Director", "user": null, "vote": 0}, {"age": null, "album": "", "artist": null, "bookmarked": false, "comments": [], "date_published": "2024-05-06T09:42:38+00:00", "description": "<p>Thirty-three cybersecurity-related merger and acquisition (M&#038;A) deals were announced in April 2024.</p>\n<p>The post <a href=\"https://www.securityweek.com/cybersecurity-ma-roundup-33-deals-announced-in-april-2024/\">Cybersecurity M&#038;A Roundup: 33 Deals Announced in April 2024</a> appeared first on <a href=\"https://www.securityweek.com\">SecurityWeek</a>.</p>", "language": "en-US", "link": "https://www.securityweek.com/cybersecurity-ma-roundup-33-deals-announced-in-april-2024", "manual_status_code": 0, "page_rating": 32, "page_rating_contents": 100, "page_rating_visits": 0, "page_rating_votes": 0, "permanent": false, "source": "https://www.securityweek.com/feed", "source_obj__id": 299, "status_code": 0, "tags": [], "thumbnail": null, "title": "Cybersecurity M&A Roundup: 33 Deals Announced in April 2024", "user": null, "vote": 0}, {"age": null, "album": "", "artist": null, "bookmarked": false, "comments": [], "date_published": "2024-05-06T09:00:53+00:00", "description": "<p>The City of Wichita, Kansas, has shut down its network after falling victim to a file-encrypting ransomware attack.</p>\n<p>The post <a href=\"https://www.securityweek.com/city-of-wichita-shuts-down-network-following-ransomware-attack/\">City of Wichita Shuts Down Network Following Ransomware Attack</a> appeared first on <a href=\"https://www.securityweek.com\">SecurityWeek</a>.</p>", "language": "en-US", "link": "https://www.securityweek.com/city-of-wichita-shuts-down-network-following-ransomware-attack", "manual_status_code": 0, "page_rating": 32, "page_rating_contents": 100, "page_rating_visits": 0, "page_rating_votes": 0, "permanent": false, "source": "https://www.securityweek.com/feed", "source_obj__id": 299, "status_code": 0, "tags": [], "thumbnail": null, "title": "City of Wichita Shuts Down Network Following Ransomware Attack", "user": null, "vote": 0}, {"age": null, "album": "", "artist": null, "bookmarked": false, "comments": [], "date_published": "2024-05-06T08:14:54+00:00", "description": "<p>Permira has agreed to acquire a majority of BioCatch shares, primarily from Bain Capital Tech Opportunities and Maverick Ventures.</p>\n<p>The post <a href=\"https://www.securityweek.com/permira-to-acquire-majority-stake-in-biocatch-at-1-3-billion-valuation/\">Permira to Acquire Majority Stake in BioCatch at $1.3 Billion Valuation</a> appeared first on <a href=\"https://www.securityweek.com\">SecurityWeek</a>.</p>", "language": "en-US", "link": "https://www.securityweek.com/permira-to-acquire-majority-stake-in-biocatch-at-1-3-billion-valuation", "manual_status_code": 0, "page_rating": 32, "page_rating_contents": 100, "page_rating_visits": 0, "page_rating_votes": 0, "permanent": false, "source": "https://www.securityweek.com/feed", "source_obj__id": 299, "status_code": 0, "tags": [], "thumbnail": null, "title": "Permira to Acquire Majority Stake in BioCatch at $1.3 Billion Valuation", "user": null, "vote": 0}]