[{"age": null, "album": "", "artist": null, "bookmarked": false, "comments": [], "date_published": "2024-05-06T07:00:00+00:00", "description": "The Twitter founder\u2019s moves suggest an apparent warming of relations between him and Elon Musk.", "language": "en-UK", "link": "https://time.com/6974971/jack-dorsey-leaves-bluesky-board", "manual_status_code": 0, "page_rating": 32, "page_rating_contents": 100, "page_rating_visits": 0, "page_rating_votes": 0, "permanent": false, "source": "https://time.com/tech/feed", "source_obj__id": 317, "status_code": 0, "tags": [], "thumbnail": null, "title": "Jack Dorsey Leaves BlueSky Board and Calls X \u2018Freedom Technology\u2019", "user": null, "vote": 0}]