[{"age": null, "album": "", "artist": null, "bookmarked": false, "comments": [], "date_published": "2024-05-06T17:30:00+00:00", "description": "This is the greatest sony backtrack of All Time\nMerch https://moistglobal.com/\nComics https://badegg.co/\nGet Gamer Supps https://gamersupps.gg/?ref=moist", "language": null, "link": "https://www.youtube.com/watch?v=0F96dONKQks", "manual_status_code": 0, "page_rating": 32, "page_rating_contents": 100, "page_rating_visits": 0, "page_rating_votes": 0, "permanent": false, "source": "https://www.youtube.com/feeds/videos.xml?channel_id=UCq6VFHwMzcMXbuKyG7SQYIg", "source_obj__id": 411, "status_code": 0, "tags": [], "thumbnail": "https://i1.ytimg.com/vi/0F96dONKQks/hqdefault.jpg", "title": "Sony Finally Gave Up", "user": null, "vote": 0}, {"age": null, "album": "", "artist": null, "bookmarked": false, "comments": [], "date_published": "2024-05-06T03:37:21+00:00", "description": "Merch https://moistglobal.com/\nComics https://badegg.co/", "language": null, "link": "https://www.youtube.com/watch?v=HqYglBkofT8", "manual_status_code": 0, "page_rating": 32, "page_rating_contents": 100, "page_rating_visits": 0, "page_rating_votes": 0, "permanent": false, "source": "https://www.youtube.com/feeds/videos.xml?channel_id=UCq6VFHwMzcMXbuKyG7SQYIg", "source_obj__id": 411, "status_code": 0, "tags": [], "thumbnail": "https://i1.ytimg.com/vi/HqYglBkofT8/hqdefault.jpg", "title": "Hungry for championship", "user": null, "vote": 0}, {"age": null, "album": "", "artist": null, "bookmarked": false, "comments": [], "date_published": "2024-05-06T00:30:27+00:00", "description": "Merch https://moistglobal.com/\nComics https://badegg.co/", "language": null, "link": "https://www.youtube.com/watch?v=RizEbikhMJE", "manual_status_code": 0, "page_rating": 32, "page_rating_contents": 100, "page_rating_visits": 0, "page_rating_votes": 0, "permanent": false, "source": "https://www.youtube.com/feeds/videos.xml?channel_id=UCq6VFHwMzcMXbuKyG7SQYIg", "source_obj__id": 411, "status_code": 0, "tags": [], "thumbnail": "https://i3.ytimg.com/vi/RizEbikhMJE/hqdefault.jpg", "title": "Hungry for championship", "user": null, "vote": 0}]