[{"age": null, "album": "", "artist": null, "bookmarked": false, "comments": [], "date_published": "2024-05-06T22:54:18+00:00", "description": "Monday is the Met Gala, known as fashion's grandest event, where celebrities from various realms come together at New York's Metropolitan Museum of Art to celebrate fashion and each other.", "language": "en", "link": "https://www.npr.org/sections/pictureshow/2024/05/06/1249418670/met-gala-2024-theme-red-carpet", "manual_status_code": 0, "page_rating": 32, "page_rating_contents": 100, "page_rating_visits": 0, "page_rating_votes": 0, "permanent": false, "source": "https://feeds.npr.org/1002/rss.xml", "source_obj__id": 226, "status_code": 0, "tags": [], "thumbnail": null, "title": "2024 Met Gala Red Carpet: Looks we love", "user": null, "vote": 0}, {"age": null, "album": "", "artist": null, "bookmarked": false, "comments": [], "date_published": "2024-05-06T20:46:42+00:00", "description": "The FAA says Boeing informed the agency in April that required inspections to confirm that the wings were properly bonded to the carbon fiber fuselage on certain 787 jets were not completed.", "language": "en", "link": "https://www.npr.org/2024/05/06/1249432229/faa-investigation-boeing-787-dreamliner", "manual_status_code": 0, "page_rating": 32, "page_rating_contents": 100, "page_rating_visits": 0, "page_rating_votes": 0, "permanent": false, "source": "https://feeds.npr.org/1002/rss.xml", "source_obj__id": 226, "status_code": 0, "tags": [], "thumbnail": null, "title": "FAA is investigating Boeing for apparent missed inspections on 787 Dreamliner", "user": null, "vote": 0}, {"age": null, "album": "", "artist": null, "bookmarked": false, "comments": [], "date_published": "2024-05-06T17:42:20+00:00", "description": "Hamas said it has accepted a proposal from Egypt and Qatar for a cease-fire. It is not immediately clear what the proposal entails, nor what Israel's position is.", "language": "en", "link": "https://www.npr.org/2024/05/06/1249360882/israel-hamas-cease-fire", "manual_status_code": 0, "page_rating": 32, "page_rating_contents": 100, "page_rating_visits": 0, "page_rating_votes": 0, "permanent": false, "source": "https://feeds.npr.org/1002/rss.xml", "source_obj__id": 226, "status_code": 0, "tags": [], "thumbnail": null, "title": "Hamas has accepted a cease-fire deal proposed by Egypt and Qatar", "user": null, "vote": 0}, {"age": null, "album": "", "artist": null, "bookmarked": false, "comments": [], "date_published": "2024-05-06T16:57:16+00:00", "description": "Madlib's music feels like a magic trick. On this edition of 8 Tracks, we bow down to Madlib's mastery, plus check out new music by Charly Bliss, Fana Hues and reminisce on an old Ted Leo record.", "language": "en", "link": "https://www.npr.org/2024/05/06/1249341911/8-tracks-madlib-ted-leo-charly-bliss-fana-hues", "manual_status_code": 0, "page_rating": 32, "page_rating_contents": 100, "page_rating_visits": 0, "page_rating_votes": 0, "permanent": false, "source": "https://feeds.npr.org/1002/rss.xml", "source_obj__id": 226, "status_code": 0, "tags": [], "thumbnail": null, "title": "8 Tracks: No beef, just a Madlib beat", "user": null, "vote": 0}, {"age": null, "album": "", "artist": null, "bookmarked": false, "comments": [], "date_published": "2024-05-06T11:21:00+00:00", "description": "Bumble, known for allowing women to message men first, unveiled new features that allow men to make the first move. Will the change breathe new life into online dating, and the company's stock?", "language": "en", "link": "https://www.npr.org/2024/05/06/1249296671/bumble-dating-apps-women-opening-moves", "manual_status_code": 0, "page_rating": 32, "page_rating_contents": 100, "page_rating_visits": 0, "page_rating_votes": 0, "permanent": false, "source": "https://feeds.npr.org/1002/rss.xml", "source_obj__id": 226, "status_code": 0, "tags": [], "thumbnail": null, "title": "Women no longer have to make the first move on Bumble. Will it make the app better?", "user": null, "vote": 0}, {"age": null, "album": "", "artist": null, "bookmarked": false, "comments": [], "date_published": "2024-05-06T09:45:02+00:00", "description": "The Israeli military on Monday ordered tens of thousands of displaced Palestinians in Rafah to evacuate, a move indicating Israel's offensive on Gaza's southmost area could be imminent.", "language": "en", "link": "https://www.npr.org/2024/05/06/1249298738/israel-palestinians-evacuate-rafah", "manual_status_code": 0, "page_rating": 32, "page_rating_contents": 100, "page_rating_visits": 0, "page_rating_votes": 0, "permanent": false, "source": "https://feeds.npr.org/1002/rss.xml", "source_obj__id": 226, "status_code": 0, "tags": [], "thumbnail": null, "title": "Israeli army tells Palestinians to evacuate parts of Rafah", "user": null, "vote": 0}, {"age": null, "album": "", "artist": null, "bookmarked": false, "comments": [], "date_published": "2024-05-06T09:01:07+00:00", "description": "Morning Edition spoke to migrants hoping to enter the U.S. and the border agents tasked with keeping them out.", "language": "en", "link": "https://www.npr.org/2024/05/06/1248670734/immigration-us-mexico-border", "manual_status_code": 0, "page_rating": 32, "page_rating_contents": 100, "page_rating_visits": 0, "page_rating_votes": 0, "permanent": false, "source": "https://feeds.npr.org/1002/rss.xml", "source_obj__id": 226, "status_code": 0, "tags": [], "thumbnail": null, "title": "Is it easy for migrants to enter the U.S.? We went to the border to find out", "user": null, "vote": 0}, {"age": null, "album": "", "artist": null, "bookmarked": false, "comments": [], "date_published": "2024-05-06T09:01:00+00:00", "description": "Veterans who helped test nuclear weapons are fighting to renew a 34-year-old law meant to help compensate for the long-term health effects of their work.", "language": "en", "link": "https://www.npr.org/2024/05/06/1248955334/nuclear-veterans-compensation-expiring", "manual_status_code": 0, "page_rating": 32, "page_rating_contents": 100, "page_rating_visits": 0, "page_rating_votes": 0, "permanent": false, "source": "https://feeds.npr.org/1002/rss.xml", "source_obj__id": 226, "status_code": 0, "tags": [], "thumbnail": null, "title": "Atomic vets are on the verge of losing federal benefits. Congress hasn't helped", "user": null, "vote": 0}]