[{"age": null, "album": "", "artist": null, "bookmarked": false, "comments": [], "date_published": "2024-05-25T07:48:59.892634+00:00", "description": "Popularny prezenter Filip Chajzer nie wyp\u0142aci\u0142 matce \u015bmiertelnie chorego dziecka wszystkich pieni\u0119dzy, kt\u00f3re na leczenie ch\u0142opca zebra\u0142a fundacja celebryty \u2013 informuje portal Goniec. Spraw\u0119 bada prokuratura.", "language": "pl-PL", "link": "https://www.wirtualnemedia.pl/artykul/fundacja-filip-chajzer-zbiorka-nie-wyplacil-na-chore-dziecko-prokuratura", "manual_status_code": 0, "page_rating": 32, "page_rating_contents": 100, "page_rating_visits": 0, "page_rating_votes": 0, "permanent": false, "source": "https://www.wirtualnemedia.pl/rss/wm_internet.xml", "source_obj__id": 398, "status_code": 0, "tags": [], "thumbnail": null, "title": "Goniec: Filip Chajzer zbiera\u0142 na chore dziecko, nie wyp\u0142aci\u0142 jego matce 350 tys. z\u0142", "user": null, "vote": 0}]