[{"age": null, "album": "", "artist": null, "bookmarked": false, "comments": [], "date_published": "2024-05-25T22:29:06+00:00", "description": "A captivating new species of arachnid from the late Carboniferous period is introduced in a new article published in the Journal of Paleontology.", "language": "en-US", "link": "https://www.forbes.com/sites/scotttravers/2024/05/25/meet-this-300-million-year-old-spiky-spider-found-in-one-of-americas-best-fossil-hunting-sites", "manual_status_code": 0, "page_rating": 32, "page_rating_contents": 100, "page_rating_visits": 0, "page_rating_votes": 0, "permanent": false, "source": "https://www.forbes.com/innovation/feed2", "source_obj__id": 117, "status_code": 0, "tags": [], "thumbnail": "https://imageio.forbes.com/specials-images/imageserve/6652201e74fcd5b0c2029503/0x0.jpg?width=960&precrop=622%2C349%2Cx0%2Cy82", "title": "Meet This 300 Million Year Old \u2018Spiky Spider\u2019\u2014Found In One Of America\u2019s Best Fossil Hunting Sites", "user": null, "vote": 0}, {"age": null, "album": "", "artist": null, "bookmarked": false, "comments": [], "date_published": "2024-05-25T22:09:43+00:00", "description": "Before the Sega Dreamcast launched in North America, video rental chain Hollywood Video offered the console early to eager adopters. Now we have legitimate video evidence.", "language": "en-US", "link": "https://www.forbes.com/sites/mitchwallace/2024/05/25/teleport-back-to-1999-in-this-dreamcast-hollywood-video-time-capsule", "manual_status_code": 0, "page_rating": 32, "page_rating_contents": 100, "page_rating_visits": 0, "page_rating_votes": 0, "permanent": false, "source": "https://www.forbes.com/innovation/feed2", "source_obj__id": 117, "status_code": 0, "tags": [], "thumbnail": "https://imageio.forbes.com/specials-images/imageserve/66525698de495b9f4712ad40/0x0.jpg?width=960", "title": "Teleport Back To 1999 In This Dreamcast Hollywood Video Time Capsule", "user": null, "vote": 0}, {"age": null, "album": "", "artist": null, "bookmarked": false, "comments": [], "date_published": "2024-05-25T22:00:44+00:00", "description": "Looking for some help with Sunday's Quordle words? Some hints and the answers are right here.", "language": "en-US", "link": "https://www.forbes.com/sites/krisholt/2024/05/25/todays-quordle-hints-and-answers-for-sunday-may-26", "manual_status_code": 0, "page_rating": 32, "page_rating_contents": 100, "page_rating_visits": 0, "page_rating_votes": 0, "permanent": false, "source": "https://www.forbes.com/innovation/feed2", "source_obj__id": 117, "status_code": 0, "tags": [], "thumbnail": "https://imageio.forbes.com/specials-images/imageserve/653c31c8dce756afadf0ae2a/0x0.jpg?width=960", "title": "Today\u2019s \u2018Quordle\u2019 Hints And Answers For Sunday, May 26", "user": null, "vote": 0}, {"age": null, "album": "", "artist": null, "bookmarked": false, "comments": [], "date_published": "2024-05-25T21:30:44+00:00", "description": "Looking for some help with Sunday's NYT Connections words? Some hints and the answers are right here.", "language": "en-US", "link": "https://www.forbes.com/sites/krisholt/2024/05/25/todays-nyt-connections-help-hints-answers-sunday-may-26", "manual_status_code": 0, "page_rating": 32, "page_rating_contents": 100, "page_rating_visits": 0, "page_rating_votes": 0, "permanent": false, "source": "https://www.forbes.com/innovation/feed2", "source_obj__id": 117, "status_code": 0, "tags": [], "thumbnail": "https://imageio.forbes.com/specials-images/imageserve/64dbcee7d64da3663d88000e/0x0.jpg?width=960", "title": "Today\u2019s NYT \u2018Connections\u2019 Hints And Answers For Sunday, May 26", "user": null, "vote": 0}, {"age": null, "album": "", "artist": null, "bookmarked": false, "comments": [], "date_published": "2024-05-25T20:46:30+00:00", "description": "Generative AI can ease healthcare strain by aiding medical guidance, admin tasks, data retrieval, and drug development, ensuring efficiency with unbiased data.", "language": "en-US", "link": "https://www.forbes.com/sites/shashankagarwal/2024/05/25/generative-ai-the-new-lifeline-to-overwhelmed-healthcare-systems", "manual_status_code": 0, "page_rating": 32, "page_rating_contents": 100, "page_rating_visits": 0, "page_rating_votes": 0, "permanent": false, "source": "https://www.forbes.com/innovation/feed2", "source_obj__id": 117, "status_code": 0, "tags": [], "thumbnail": "https://imageio.forbes.com/specials-images/imageserve/6652488e50c7e73f759393ad/0x0.jpg?width=960", "title": "Generative AI: The New Lifeline To Overwhelmed Healthcare Systems", "user": null, "vote": 0}, {"age": null, "album": "", "artist": null, "bookmarked": false, "comments": [], "date_published": "2024-05-25T19:15:50+00:00", "description": "HEAD URL galaxy-z-fold-6-specs-snapdragon-exynos-chipset-new-galaxy-z-fold-release KEY KEY samsung,galaxy z fold 6,galaxy unpacked,new galaxy z fold 6,new galaxy z fol...", "language": "en-US", "link": "https://www.forbes.com/sites/ewanspence/2024/05/25/galaxy-z-fold-6-specs-snapdragon-exynos-chipset-new-galaxy-z-fold-release", "manual_status_code": 0, "page_rating": 32, "page_rating_contents": 100, "page_rating_visits": 0, "page_rating_votes": 0, "permanent": false, "source": "https://www.forbes.com/innovation/feed2", "source_obj__id": 117, "status_code": 0, "tags": [], "thumbnail": "https://imageio.forbes.com/specials-images/imageserve/66521a01da9119a56cf0214f/0x0.jpg?width=960", "title": "Samsung\u2019s Important Galaxy Z Fold 6 Decision", "user": null, "vote": 0}, {"age": null, "album": "", "artist": null, "bookmarked": false, "comments": [], "date_published": "2024-05-25T18:39:16+00:00", "description": "I think there\u2019s an undercurrent of that in the places where we meet to discuss these things.", "language": "en-US", "link": "https://www.forbes.com/sites/johnwerner/2024/05/25/what-will-happen-to-our-data", "manual_status_code": 0, "page_rating": 32, "page_rating_contents": 100, "page_rating_visits": 0, "page_rating_votes": 0, "permanent": false, "source": "https://www.forbes.com/innovation/feed2", "source_obj__id": 117, "status_code": 0, "tags": [], "thumbnail": "https://imageio.forbes.com/specials-images/imageserve/66522f4f416da6b2f9318670/0x0.jpg?width=960", "title": "What Will Happen To Our Data?", "user": null, "vote": 0}, {"age": null, "album": "", "artist": null, "bookmarked": false, "comments": [], "date_published": "2024-05-25T18:30:07+00:00", "description": "The next iPhones are months away, but there have been numerous reports of what they\u2019ll be like. Here\u2019s what we know.", "language": "en-US", "link": "https://www.forbes.com/sites/davidphelan/2024/05/25/apple-iphone-16-and-iphone-16-plus-everything-we-know-so-far", "manual_status_code": 0, "page_rating": 32, "page_rating_contents": 100, "page_rating_visits": 0, "page_rating_votes": 0, "permanent": false, "source": "https://www.forbes.com/innovation/feed2", "source_obj__id": 117, "status_code": 0, "tags": [], "thumbnail": "https://imageio.forbes.com/specials-images/imageserve/64a48d810ee89d88808aa486/0x0.jpg?width=960&precrop=3110%2C2008%2Cx1008%2Cy468", "title": "Apple iPhone 16 And iPhone 16 Plus: Everything We Know So Far", "user": null, "vote": 0}, {"age": null, "album": "", "artist": null, "bookmarked": false, "comments": [], "date_published": "2024-05-25T18:04:00+00:00", "description": "The magic of quality relationships is that they can help you find meaning in life, especially on days when you aren\u2019t \u201cfeeling it.\u201d", "language": "en-US", "link": "https://www.forbes.com/sites/traversmark/article/3-practical-steps-for-creating-meaningful-connections-by-a-psychologist", "manual_status_code": 0, "page_rating": 32, "page_rating_contents": 100, "page_rating_visits": 0, "page_rating_votes": 0, "permanent": false, "source": "https://www.forbes.com/innovation/feed2", "source_obj__id": 117, "status_code": 0, "tags": [], "thumbnail": "https://imageio.forbes.com/specials-images/imageserve/644930041da03bcf0651f763/0x0.jpg?width=960&precrop=1509%2C707%2Cx0%2Cy44", "title": "3 Practical Steps For Creating Meaningful Connections, By A Psychologist", "user": null, "vote": 0}, {"age": null, "album": "", "artist": null, "bookmarked": false, "comments": [], "date_published": "2024-05-25T18:00:00+00:00", "description": "An international group of researchers, including those from Ghana are in a race against time to discover and preserve fungi species before they are lost to rising seas.", "language": "en-US", "link": "https://www.forbes.com/sites/andrewwight/2024/05/25/these-scientists-are-racing-against-time-to-find-rare-fungi-in-ghana", "manual_status_code": 0, "page_rating": 32, "page_rating_contents": 100, "page_rating_visits": 0, "page_rating_votes": 0, "permanent": false, "source": "https://www.forbes.com/innovation/feed2", "source_obj__id": 117, "status_code": 0, "tags": [], "thumbnail": "https://imageio.forbes.com/specials-images/imageserve/664e01b20bc6907090ffa6ad/0x0.jpg?width=960", "title": "These Scientists Are Racing Against Time To Find Rare Fungi In Ghana", "user": null, "vote": 0}, {"age": null, "album": "", "artist": null, "bookmarked": false, "comments": [], "date_published": "2024-05-25T16:25:00+00:00", "description": "I speak with the platforms providing tools and AI for creators to launch, market and sell their digital offerings.", "language": "en-US", "link": "https://www.forbes.com/sites/ianshepherd/2024/05/25/ai-and-all-in-one-platforms-driving-the-10-billion-creator-revolution", "manual_status_code": 0, "page_rating": 32, "page_rating_contents": 100, "page_rating_visits": 0, "page_rating_votes": 0, "permanent": false, "source": "https://www.forbes.com/innovation/feed2", "source_obj__id": 117, "status_code": 0, "tags": [], "thumbnail": "https://imageio.forbes.com/specials-images/imageserve/66520efed7465646aa01d99c/0x0.jpg?width=960", "title": "AI And All-In-One Platforms Driving The $10 Billion Creator Revolution", "user": null, "vote": 0}, {"age": null, "album": "", "artist": null, "bookmarked": false, "comments": [], "date_published": "2024-05-25T15:30:00+00:00", "description": "The Porsche Design Honor Magic6 Pro takes the flagship Magic6 Pro and adds some luxurious design cues and high-end hardware additions.", "language": "en-US", "link": "https://www.forbes.com/sites/ewanspence/2024/05/24/honor-magic6-pro-rsr-porsche-design-luxury-smartphone-review", "manual_status_code": 0, "page_rating": 32, "page_rating_contents": 100, "page_rating_visits": 0, "page_rating_votes": 0, "permanent": false, "source": "https://www.forbes.com/innovation/feed2", "source_obj__id": 117, "status_code": 0, "tags": [], "thumbnail": "https://imageio.forbes.com/specials-images/imageserve/6650d474a8a889cd6fd4510e/0x0.jpg?width=960", "title": "Honor Magic6 Pro RSR Review: A Little Luxury For Your Flagship", "user": null, "vote": 0}, {"age": null, "album": "", "artist": null, "bookmarked": false, "comments": [], "date_published": "2024-05-25T15:28:25+00:00", "description": "Diablo 4 never got me all the way addicted until the launch of season 4 now, given the gearing process and endgame goals they've now laid out.", "language": "en-US", "link": "https://www.forbes.com/sites/paultassi/2024/05/25/diablo-4-season-4-is-the-most-addicted-to-diablo-ive-been-in-a-decade", "manual_status_code": 0, "page_rating": 32, "page_rating_contents": 100, "page_rating_visits": 0, "page_rating_votes": 0, "permanent": false, "source": "https://www.forbes.com/innovation/feed2", "source_obj__id": 117, "status_code": 0, "tags": [], "thumbnail": "https://imageio.forbes.com/specials-images/imageserve/665200a4eccc303c829c2c69/0x0.jpg?width=960", "title": "\u2018Diablo 4\u2019 Season 4 Is The Most Addicted To Diablo I\u2019ve Been In A Decade", "user": null, "vote": 0}, {"age": null, "album": "", "artist": null, "bookmarked": false, "comments": [], "date_published": "2024-05-25T15:00:15+00:00", "description": "Social media impressions of The Acolyte are coming in and some are calling it the \"Jedi Andor,\" as it seems like a promising new series.", "language": "en-US", "link": "https://www.forbes.com/sites/paultassi/2024/05/25/early-impressions-of-the-acolyte-are-relentlessly-positive", "manual_status_code": 0, "page_rating": 32, "page_rating_contents": 100, "page_rating_visits": 0, "page_rating_votes": 0, "permanent": false, "source": "https://www.forbes.com/innovation/feed2", "source_obj__id": 117, "status_code": 0, "tags": [], "thumbnail": "https://imageio.forbes.com/specials-images/imageserve/6651fc4a86af723768e249da/0x0.jpg?width=960", "title": "Early Impressions Of \u2018The Acolyte\u2019 Are Relentlessly Positive", "user": null, "vote": 0}, {"age": null, "album": "", "artist": null, "bookmarked": false, "comments": [], "date_published": "2024-05-25T14:47:10+00:00", "description": "Did Praetorian Jack actually die in Furiosa? Here's an explanation why we never saw him again, but one you may not like.", "language": "en-US", "link": "https://www.forbes.com/sites/paultassi/2024/05/25/what-happened-to-praetorian-jack-in-furiosa", "manual_status_code": 0, "page_rating": 32, "page_rating_contents": 100, "page_rating_visits": 0, "page_rating_votes": 0, "permanent": false, "source": "https://www.forbes.com/innovation/feed2", "source_obj__id": 117, "status_code": 0, "tags": [], "thumbnail": "https://imageio.forbes.com/specials-images/imageserve/6651f9582cb8fadd2e2561da/0x0.jpg?width=960", "title": "What Happened To Praetorian Jack In \u2018Furiosa\u2019?", "user": null, "vote": 0}, {"age": null, "album": "", "artist": null, "bookmarked": false, "comments": [], "date_published": "2024-05-25T14:34:47+00:00", "description": "Reacher, known for starring a man who is famously large, has now cast someone even larger in season 3 of the show.", "language": "en-US", "link": "https://www.forbes.com/sites/paultassi/2024/05/25/reacher-season-3-casts-a-villain-that-looks-like-he-ate-reacher", "manual_status_code": 0, "page_rating": 32, "page_rating_contents": 100, "page_rating_visits": 0, "page_rating_votes": 0, "permanent": false, "source": "https://www.forbes.com/innovation/feed2", "source_obj__id": 117, "status_code": 0, "tags": [], "thumbnail": "https://imageio.forbes.com/specials-images/imageserve/61fe8be03467441c1dcba91b/0x0.jpg?width=960", "title": "\u2018Reacher\u2019 Season 3 Casts A Villain That Looks Like He Ate Reacher", "user": null, "vote": 0}, {"age": null, "album": "", "artist": null, "bookmarked": false, "comments": [], "date_published": "2024-05-25T14:21:35+00:00", "description": "Netflix has a new #1 movie and it's a great 2018 black crime comedy mystery that should definitely not be missed for a second time.", "language": "en-US", "link": "https://www.forbes.com/sites/paultassi/2024/05/25/netflixs-new-1-movie-is-an-overlooked-must-watch-crime-comedy-thriller", "manual_status_code": 0, "page_rating": 32, "page_rating_contents": 100, "page_rating_visits": 0, "page_rating_votes": 0, "permanent": false, "source": "https://www.forbes.com/innovation/feed2", "source_obj__id": 117, "status_code": 0, "tags": [], "thumbnail": "https://imageio.forbes.com/specials-images/imageserve/664f4cf71324c4d1b05f4bbd/0x0.jpg?width=960", "title": "Netflix\u2019s New #1 Movie Is An Overlooked, Must-Watch Crime Comedy Thriller", "user": null, "vote": 0}, {"age": null, "album": "", "artist": null, "bookmarked": false, "comments": [], "date_published": "2024-05-25T13:43:06+00:00", "description": "Samsung isn't finished with the discounts yet.", "language": "en-US", "link": "https://www.forbes.com/sites/jaymcgregor/2024/05/25/samsung-galaxy-s24-ultra-price-cut-galaxy-z-fold-5-discount", "manual_status_code": 0, "page_rating": 32, "page_rating_contents": 100, "page_rating_visits": 0, "page_rating_votes": 0, "permanent": false, "source": "https://www.forbes.com/innovation/feed2", "source_obj__id": 117, "status_code": 0, "tags": [], "thumbnail": "https://imageio.forbes.com/specials-images/imageserve/6650907658e8aa35d834726d/0x0.jpg?width=960&precrop=2858%2C2212%2Cx474%2Cy81", "title": "Samsung Slashes Galaxy S24 Price In A Major New Promotion", "user": null, "vote": 0}, {"age": null, "album": "", "artist": null, "bookmarked": false, "comments": [], "date_published": "2024-05-25T13:17:46+00:00", "description": "Google Photos will soon start automatically creating short clips from your stored videos, according to a new report.", "language": "en-US", "link": "https://www.forbes.com/sites/paulmonckton/2024/05/25/google-leak-reveals-new-google-photos-video-feature-upgrade", "manual_status_code": 0, "page_rating": 32, "page_rating_contents": 100, "page_rating_visits": 0, "page_rating_votes": 0, "permanent": false, "source": "https://www.forbes.com/innovation/feed2", "source_obj__id": 117, "status_code": 0, "tags": [], "thumbnail": "https://imageio.forbes.com/specials-images/imageserve/6453785544c17b79714bd1ec/0x0.jpg?width=960", "title": "Google Leak Reveals New Google Photos Video Feature Upgrade", "user": null, "vote": 0}, {"age": null, "album": "", "artist": null, "bookmarked": false, "comments": [], "date_published": "2024-05-25T13:00:00+00:00", "description": "Artificial intelligence has finally snuck its way into the heart of our homes: the kitchen. Here are 5 ways technology is impacting cookbook authors and beyond.", "language": "en-US", "link": "https://www.forbes.com/sites/chrissytracey/2024/05/25/ai-in-the-kitchen-5-ways-emerging-technology-impacts-cookbook-authors-home-cooks-and-restaurants", "manual_status_code": 0, "page_rating": 32, "page_rating_contents": 100, "page_rating_visits": 0, "page_rating_votes": 0, "permanent": false, "source": "https://www.forbes.com/innovation/feed2", "source_obj__id": 117, "status_code": 0, "tags": [], "thumbnail": "https://imageio.forbes.com/specials-images/imageserve/664c06b66a0ef542df079d48/0x0.jpg?width=960", "title": "AI In The Kitchen: 5 Ways Emerging Technology Impacts Cookbook Authors, Home Cooks And Restaurants", "user": null, "vote": 0}, {"age": null, "album": "", "artist": null, "bookmarked": false, "comments": [], "date_published": "2024-05-25T12:30:00+00:00", "description": "Substance use can escalate from a casual weekend binge to a severe problem in just a few days. Here\u2019s how technology is making a difference.", "language": "en-US", "link": "https://www.forbes.com/sites/traversmark/article/why-theres-an-urgent-need-to-modernize-substance-use-treatment", "manual_status_code": 0, "page_rating": 32, "page_rating_contents": 100, "page_rating_visits": 0, "page_rating_votes": 0, "permanent": false, "source": "https://www.forbes.com/innovation/feed2", "source_obj__id": 117, "status_code": 0, "tags": [], "thumbnail": "https://imageio.forbes.com/specials-images/imageserve/6650a546917301c0f2835f7b/0x0.jpg?width=960&precrop=2033%2C953%2Cx0%2Cy247", "title": "Why There\u2019s An Urgent Need To \u2018Modernize\u2019 Substance Use Treatment", "user": null, "vote": 0}, {"age": null, "album": "", "artist": null, "bookmarked": false, "comments": [], "date_published": "2024-05-25T11:50:07+00:00", "description": "Carys Holmes, 17, was initially told she was medically unfit because her aunt and mother both developed breast cancer.", "language": "en-US", "link": "https://www.forbes.com/sites/katherinehignett/2024/05/25/uk-army-nearly-rejects-healthy-teen-because-her-relatives-had-cancer", "manual_status_code": 0, "page_rating": 32, "page_rating_contents": 100, "page_rating_visits": 0, "page_rating_votes": 0, "permanent": false, "source": "https://www.forbes.com/innovation/feed2", "source_obj__id": 117, "status_code": 0, "tags": [], "thumbnail": "https://imageio.forbes.com/specials-images/imageserve/6651cef885023ee8f57873a4/0x0.jpg?width=960", "title": "U.K. Army Nearly Rejects Healthy Teen Because Her Relatives Had Cancer", "user": null, "vote": 0}, {"age": null, "album": "", "artist": null, "bookmarked": false, "comments": [], "date_published": "2024-05-25T11:00:00+00:00", "description": "Emerging research indicates drugs like Ozempic, Wegovy, Mounjaro and Zepbound could be useful in treating a variety of health conditions ranging from Parkinson\u2019s and addiction to anxiety and fatty liver disease.", "language": "en-US", "link": "https://www.forbes.com/sites/roberthart/2024/05/25/ozempic-drug-semaglutide-could-protect-kidneys-study-finds", "manual_status_code": 0, "page_rating": 32, "page_rating_contents": 100, "page_rating_visits": 0, "page_rating_votes": 0, "permanent": false, "source": "https://www.forbes.com/innovation/feed2", "source_obj__id": 117, "status_code": 0, "tags": [], "thumbnail": "https://imageio.forbes.com/specials-images/imageserve/664ef1797e8d6f7c04b7414d/0x0.jpg?width=960&precrop=3524%2C1981%2Cx0%2Cy183", "title": "Ozempic Drug Semaglutide Could Protect Kidneys, Study Finds", "user": null, "vote": 0}, {"age": null, "album": "", "artist": null, "bookmarked": false, "comments": [], "date_published": "2024-05-25T10:30:00+00:00", "description": "A free app can stop Apple Music opening automatically every time you connect Bluetooth headphones or speakers to your Mac. Find out how to install it here.", "language": "en-US", "link": "https://www.forbes.com/sites/barrycollins/2024/05/25/this-free-app-cures-the-macs-most-annoying-habit", "manual_status_code": 0, "page_rating": 32, "page_rating_contents": 100, "page_rating_visits": 0, "page_rating_votes": 0, "permanent": false, "source": "https://www.forbes.com/innovation/feed2", "source_obj__id": 117, "status_code": 0, "tags": [], "thumbnail": "https://imageio.forbes.com/specials-images/imageserve/665062f639be70e5d41b38fb/0x0.jpg?width=960", "title": "This Free App Cures The Mac\u2019s Most Annoying Habit", "user": null, "vote": 0}, {"age": null, "album": "", "artist": null, "bookmarked": false, "comments": [], "date_published": "2024-05-25T10:00:10+00:00", "description": "ChatGPT and Google Gemini are amazing, but here are 6 AI tools transforming classrooms. Enhance student engagement and personalized learning with these tools.", "language": "en-US", "link": "https://www.forbes.com/sites/danfitzpatrick/2024/05/25/6-ai-tools-recommended-by-teachers-that-arent-chatgpt", "manual_status_code": 0, "page_rating": 32, "page_rating_contents": 100, "page_rating_visits": 0, "page_rating_votes": 0, "permanent": false, "source": "https://www.forbes.com/innovation/feed2", "source_obj__id": 117, "status_code": 0, "tags": [], "thumbnail": "https://imageio.forbes.com/specials-images/imageserve/6651b4b64760691f1ce05bec/0x0.jpg?width=960&precrop=2937%2C1650%2Cx185%2Cy0", "title": "6 AI Tools Recommended By Teachers, That Aren\u2019t ChatGPT", "user": null, "vote": 0}, {"age": null, "album": "", "artist": null, "bookmarked": false, "comments": [], "date_published": "2024-05-25T10:00:00+00:00", "description": "Comet Tsuchinshan-ATLAS (C/2023 A3) is expected to become a naked-eye comet in October 2024. It is currently observable with a large telescope.", "language": "en-US", "link": "https://www.forbes.com/sites/jamiecartereurope/2024/05/25/saw-the-eclipse-and-aurora-now-comes-a-third-once-in-a-lifetime-event", "manual_status_code": 0, "page_rating": 32, "page_rating_contents": 100, "page_rating_visits": 0, "page_rating_votes": 0, "permanent": false, "source": "https://www.forbes.com/innovation/feed2", "source_obj__id": 117, "status_code": 0, "tags": [], "thumbnail": "https://imageio.forbes.com/specials-images/imageserve/661d776fb1f0a336de3db605/0x0.jpg?width=960&precrop=2817%2C1320%2Cx3032%2Cy929", "title": "Saw The Eclipse And Aurora? Now Comes A Third Once-In-A-Lifetime Event", "user": null, "vote": 0}, {"age": null, "album": "", "artist": null, "bookmarked": false, "comments": [], "date_published": "2024-05-25T09:00:00+00:00", "description": "Are EVs more likely to cause accidents with pedestrians than internal combustion cars, and is it because they are quieter?", "language": "en-US", "link": "https://www.forbes.com/sites/jamesmorris/2024/05/25/are-electric-vehicles-really-more-dangerous-to-pedestrians", "manual_status_code": 0, "page_rating": 32, "page_rating_contents": 100, "page_rating_visits": 0, "page_rating_votes": 0, "permanent": false, "source": "https://www.forbes.com/innovation/feed2", "source_obj__id": 117, "status_code": 0, "tags": [], "thumbnail": "https://imageio.forbes.com/specials-images/imageserve/6650d06bfac5ef73fdf97b50/0x0.jpg?width=960", "title": "Are Electric Vehicles Really More Dangerous To Pedestrians?", "user": null, "vote": 0}, {"age": null, "album": "", "artist": null, "bookmarked": false, "comments": [], "date_published": "2024-05-25T08:58:27+00:00", "description": "May 17-20, 2024 featured 6 IEEE engineering milestones and a celebration of the 50th anniversary of the Internet at various locations in Silicon Valley.", "language": "en-US", "link": "https://www.forbes.com/sites/tomcoughlin/2024/05/25/silicon-valley-ieee-milestone-extravaganza", "manual_status_code": 0, "page_rating": 32, "page_rating_contents": 100, "page_rating_visits": 0, "page_rating_votes": 0, "permanent": false, "source": "https://www.forbes.com/innovation/feed2", "source_obj__id": 117, "status_code": 0, "tags": [], "thumbnail": "https://imageio.forbes.com/specials-images/imageserve/6651a8d373eea7935a125d92/0x0.png?width=960", "title": "Silicon Valley IEEE Milestone Extravaganza", "user": null, "vote": 0}, {"age": null, "album": "", "artist": null, "bookmarked": false, "comments": [], "date_published": "2024-05-25T08:47:59+00:00", "description": "Astronomers propose looking for the technosignatures of alien civilizations using artificial greenhouse gases to terraform their own planets.", "language": "en-US", "link": "https://www.forbes.com/sites/brucedorminey/2024/05/25/astronomers-aim-to-look-for-terraformed-snowball-earths", "manual_status_code": 0, "page_rating": 32, "page_rating_contents": 100, "page_rating_visits": 0, "page_rating_votes": 0, "permanent": false, "source": "https://www.forbes.com/innovation/feed2", "source_obj__id": 117, "status_code": 0, "tags": [], "thumbnail": "https://imageio.forbes.com/specials-images/imageserve/6651a2679adeb619244fd9e0/0x0.jpg?width=960", "title": "Astronomers Aim To Look For Terraformed \u2018Snowball\u2019 Earths", "user": null, "vote": 0}, {"age": null, "album": "", "artist": null, "bookmarked": false, "comments": [], "date_published": "2024-05-25T08:10:37+00:00", "description": "The study by the World Heart Foundation warns air pollution is now \u201cthe single greatest environmental health risk\u201d.", "language": "en-US", "link": "https://www.forbes.com/sites/jamiehailstone/2024/05/25/air-pollution-links-with-heart-disease-highlighted-in-new-global-study", "manual_status_code": 0, "page_rating": 32, "page_rating_contents": 100, "page_rating_visits": 0, "page_rating_votes": 0, "permanent": false, "source": "https://www.forbes.com/innovation/feed2", "source_obj__id": 117, "status_code": 0, "tags": [], "thumbnail": "https://imageio.forbes.com/specials-images/imageserve/664f1bb0c91507f1ddca0dca/0x0.jpg?width=960", "title": "Air Pollution Links With Heart Disease Highlighted In New Global Study", "user": null, "vote": 0}, {"age": null, "album": "", "artist": null, "bookmarked": false, "comments": [], "date_published": "2024-05-25T06:00:00+00:00", "description": "At VivaTech L\u2019Or\u00e9al Group has unveiled its latest innovations in hyper personalization leveraging Gen AI alongside a partnership with Meta.", "language": "en-US", "link": "https://www.forbes.com/sites/stephaniehirschmiller/2024/05/25/vivatech-why-loral-is-partnering-with-meta-and-leveraging-gen-ai", "manual_status_code": 0, "page_rating": 32, "page_rating_contents": 100, "page_rating_visits": 0, "page_rating_votes": 0, "permanent": false, "source": "https://www.forbes.com/innovation/feed2", "source_obj__id": 117, "status_code": 0, "tags": [], "thumbnail": "https://imageio.forbes.com/specials-images/imageserve/6651095561da282869422897/0x0.jpg?width=960", "title": "VivaTech: Why L\u2019Or\u00e9al Is Partnering With Meta And Leveraging Gen AI", "user": null, "vote": 0}, {"age": null, "album": "", "artist": null, "bookmarked": false, "comments": [], "date_published": "2024-05-25T04:59:57+00:00", "description": "The UFC 303 fight card might be complete. In addition to the return of Conor McGregor, UFC CEO Dana White announced another huge welterweight fight for the main card.", "language": "en-US", "link": "https://www.forbes.com/sites/brianmazique/2024/05/25/dana-white-announces-huge-new-welterweight-fight-to-ufc-303", "manual_status_code": 0, "page_rating": 32, "page_rating_contents": 100, "page_rating_visits": 0, "page_rating_votes": 0, "permanent": false, "source": "https://www.forbes.com/innovation/feed2", "source_obj__id": 117, "status_code": 0, "tags": [], "thumbnail": "https://imageio.forbes.com/specials-images/imageserve/6646346d098c14858edbe358/0x0.jpg?width=960&precrop=4867%2C2736%2Cx0%2Cy251", "title": "Dana White Announces Huge New Welterweight Fight To UFC 303", "user": null, "vote": 0}, {"age": null, "album": "", "artist": null, "bookmarked": false, "comments": [], "date_published": "2024-05-25T02:38:24+00:00", "description": "Could a new Astro Bot PS5 game be announced soon? The rumor mill is churning, and today's news points to some interesting speculation.", "language": "en-US", "link": "https://www.forbes.com/sites/mitchwallace/2024/05/24/who-wants-a-new-astro-bot-on-ps5-i-do-and-one-might-be-revealed-soon", "manual_status_code": 0, "page_rating": 32, "page_rating_contents": 100, "page_rating_visits": 0, "page_rating_votes": 0, "permanent": false, "source": "https://www.forbes.com/innovation/feed2", "source_obj__id": 117, "status_code": 0, "tags": [], "thumbnail": "https://imageio.forbes.com/specials-images/imageserve/66514db20756b98193d79ee2/0x0.png?width=960", "title": "Who Wants A New \u2018Astro Bot\u2019 On PS5? I Do, And One Might Be Revealed Soon", "user": null, "vote": 0}, {"age": null, "album": "", "artist": null, "bookmarked": false, "comments": [], "date_published": "2024-05-25T00:30:24+00:00", "description": "Learning to effectively disagree with others can build stronger relationships.", "language": "en-US", "link": "https://www.forbes.com/sites/traversmark/article/a-psychologist-reveals-3-ways-to-master-constructive-disagreement", "manual_status_code": 0, "page_rating": 32, "page_rating_contents": 100, "page_rating_visits": 0, "page_rating_votes": 0, "permanent": false, "source": "https://www.forbes.com/innovation/feed2", "source_obj__id": 117, "status_code": 0, "tags": [], "thumbnail": "https://imageio.forbes.com/specials-images/imageserve/6543f153527506be040f47ec/0x0.jpg?width=960&precrop=6001%2C2815%2Cx0%2Cy417", "title": "A Psychologist Reveals 3 Ways To Master \u2018Constructive Disagreement\u2019", "user": null, "vote": 0}]