[{"age": null, "album": "", "artist": null, "bookmarked": false, "comments": [], "date_published": "2024-05-25T22:14:40+00:00", "description": "<img align=\"left\" alt=\"Preview\" src=\"https://mf.b37mrtl.ru/files/static.en/thumbnail/breaking.jpg\" style=\"margin-right: 10px;\" /> The Ukrainian forces launched multiple strikes on the city of Belgorod and several villages near the Russia-Ukraine border on Saturday <br /><a href=\"https://www.rt.com/russia/598246-belgorod-ukraine-strike-victims/?utm_source=rss&amp;utm_medium=rss&amp;utm_campaign=RSS\">Read Full Article at RT.com</a>", "language": "en", "link": "https://www.rt.com/russia/598246-belgorod-ukraine-strike-victims/?utm_source=rss&utm_medium=rss&utm_campaign=RSS", "manual_status_code": 0, "page_rating": 32, "page_rating_contents": 100, "page_rating_visits": 0, "page_rating_votes": 0, "permanent": false, "source": "https://www.rt.com/rss", "source_obj__id": 273, "status_code": 0, "tags": [], "thumbnail": null, "title": "Multiple dead in Ukrainian strikes on Russian border region \u201a\u00c4\u00ec governor", "user": null, "vote": 0}, {"age": null, "album": "", "artist": null, "bookmarked": false, "comments": [], "date_published": "2024-05-25T21:25:31+00:00", "description": "<img align=\"left\" alt=\"Preview\" src=\"https://mf.b37mrtl.ru/files/2024.05/thumbnail/6652569b20302701da33172e.jpg\" style=\"margin-right: 10px;\" /> Moldova has asked Moscow to surrender opposition leader Ilan Shor, yet received no response, the country\u201a\u00c4\u00f4s justice minister says <br /><a href=\"https://www.rt.com/russia/598245-moldova-shor-extradition-request/?utm_source=rss&amp;utm_medium=rss&amp;utm_campaign=RSS\">Read Full Article at RT.com</a>", "language": "en", "link": "https://www.rt.com/russia/598245-moldova-shor-extradition-request/?utm_source=rss&utm_medium=rss&utm_campaign=RSS", "manual_status_code": 0, "page_rating": 32, "page_rating_contents": 100, "page_rating_visits": 0, "page_rating_votes": 0, "permanent": false, "source": "https://www.rt.com/rss", "source_obj__id": 273, "status_code": 0, "tags": [], "thumbnail": null, "title": "European state asks Russia to extradite opposition leader", "user": null, "vote": 0}, {"age": null, "album": "", "artist": null, "bookmarked": false, "comments": [], "date_published": "2024-05-25T20:16:25+00:00", "description": "<img align=\"left\" alt=\"Preview\" src=\"https://mf.b37mrtl.ru/files/2024.05/thumbnail/665246e385f54023e56f74e7.jpg\" style=\"margin-right: 10px;\" /> The centre of the world\u201a\u00c4\u00f4s gravity is shifting, and the \u201a\u00c4\u00f2old world\u201a\u00c4\u00f4 is losing its relevance <br /><a href=\"https://www.rt.com/news/598244-europe-is-fading-away/?utm_source=rss&amp;utm_medium=rss&amp;utm_campaign=RSS\">Read Full Article at RT.com</a>", "language": "en", "link": "https://www.rt.com/news/598244-europe-is-fading-away/?utm_source=rss&utm_medium=rss&utm_campaign=RSS", "manual_status_code": 0, "page_rating": 32, "page_rating_contents": 100, "page_rating_visits": 0, "page_rating_votes": 0, "permanent": false, "source": "https://www.rt.com/rss", "source_obj__id": 273, "status_code": 0, "tags": [], "thumbnail": null, "title": "Europe is fading away and becoming a \u201a\u00c4\u00f2lost continent\u201a\u00c4\u00f4", "user": null, "vote": 0}, {"age": null, "album": "", "artist": null, "bookmarked": false, "comments": [], "date_published": "2024-05-25T20:14:04+00:00", "description": "<img align=\"left\" alt=\"Preview\" src=\"https://mf.b37mrtl.ru/files/2024.05/thumbnail/66523b202030270d331c8356.jpg\" style=\"margin-right: 10px;\" /> Russia must maintain its technological advantage over its adversary, as this has a great impact on the battlefield, Vladimir Putin says <br /><a href=\"https://www.rt.com/russia/598242-military-industry-technological-advantage/?utm_source=rss&amp;utm_medium=rss&amp;utm_campaign=RSS\">Read Full Article at RT.com</a>", "language": "en", "link": "https://www.rt.com/russia/598242-military-industry-technological-advantage/?utm_source=rss&utm_medium=rss&utm_campaign=RSS", "manual_status_code": 0, "page_rating": 32, "page_rating_contents": 100, "page_rating_visits": 0, "page_rating_votes": 0, "permanent": false, "source": "https://www.rt.com/rss", "source_obj__id": 273, "status_code": 0, "tags": [], "thumbnail": null, "title": "We must stay a step ahead of the enemy \u201a\u00c4\u00ec Putin", "user": null, "vote": 0}, {"age": null, "album": "", "artist": null, "bookmarked": false, "comments": [], "date_published": "2024-05-25T17:24:43+00:00", "description": "<img align=\"left\" alt=\"Preview\" src=\"https://mf.b37mrtl.ru/files/2024.05/thumbnail/66521dbc85f54029c87a9295.jpg\" style=\"margin-right: 10px;\" /> Kiev has freed some 350 inmates who agreed to enlist in thee army,  Ukraine\u201a\u00c4\u00f4s justice minister has revealed <br /><a href=\"https://www.rt.com/russia/598241-ukraine-convict-military-enlistement/?utm_source=rss&amp;utm_medium=rss&amp;utm_campaign=RSS\">Read Full Article at RT.com</a>", "language": "en", "link": "https://www.rt.com/russia/598241-ukraine-convict-military-enlistement/?utm_source=rss&utm_medium=rss&utm_campaign=RSS", "manual_status_code": 0, "page_rating": 32, "page_rating_contents": 100, "page_rating_visits": 0, "page_rating_votes": 0, "permanent": false, "source": "https://www.rt.com/rss", "source_obj__id": 273, "status_code": 0, "tags": [], "thumbnail": null, "title": "Ukraine releases first convicts to fill military ranks", "user": null, "vote": 0}, {"age": null, "album": "", "artist": null, "bookmarked": false, "comments": [], "date_published": "2024-05-25T16:46:50+00:00", "description": "<img align=\"left\" alt=\"Preview\" src=\"https://mf.b37mrtl.ru/files/2024.05/thumbnail/665202dc85f540296448f9db.jpg\" style=\"margin-right: 10px;\" /> German Chancellor Olaf Scholz says he won\u201a\u00c4\u00f4t deliver long-range Taurus missiles to Ukraine, as that would make Berlin party to the conflict <br /><a href=\"https://www.rt.com/news/598240-germany-scholz-no-taurus-ukraine/?utm_source=rss&amp;utm_medium=rss&amp;utm_campaign=RSS\">Read Full Article at RT.com</a>", "language": "en", "link": "https://www.rt.com/news/598240-germany-scholz-no-taurus-ukraine/?utm_source=rss&utm_medium=rss&utm_campaign=RSS", "manual_status_code": 0, "page_rating": 32, "page_rating_contents": 100, "page_rating_visits": 0, "page_rating_votes": 0, "permanent": false, "source": "https://www.rt.com/rss", "source_obj__id": 273, "status_code": 0, "tags": [], "thumbnail": null, "title": "No long-range missiles for Ukraine \u201a\u00c4\u00ec Scholz\u00ac\u2020\u00ac\u2020", "user": null, "vote": 0}, {"age": null, "album": "", "artist": null, "bookmarked": false, "comments": [], "date_published": "2024-05-25T15:23:29+00:00", "description": "<img align=\"left\" alt=\"Preview\" src=\"https://mf.b37mrtl.ru/files/2024.05/thumbnail/6651e31885f5402bc1764786.jpg\" style=\"margin-right: 10px;\" /> The G7 has not reached a consensus on how to get the revenue from frozen Russian central bank assets to Ukraine, Italy has said <br /><a href=\"https://www.rt.com/business/598236-g7-russian-assets-decision/?utm_source=rss&amp;utm_medium=rss&amp;utm_campaign=RSS\">Read Full Article at RT.com</a>", "language": "en", "link": "https://www.rt.com/business/598236-g7-russian-assets-decision/?utm_source=rss&utm_medium=rss&utm_campaign=RSS", "manual_status_code": 0, "page_rating": 32, "page_rating_contents": 100, "page_rating_visits": 0, "page_rating_votes": 0, "permanent": false, "source": "https://www.rt.com/rss", "source_obj__id": 273, "status_code": 0, "tags": [], "thumbnail": null, "title": "G7 fails to finalize plans for tapping Russian assets", "user": null, "vote": 0}, {"age": null, "album": "", "artist": null, "bookmarked": false, "comments": [], "date_published": "2024-05-25T14:59:28+00:00", "description": "<img align=\"left\" alt=\"Preview\" src=\"https://mf.b37mrtl.ru/files/2024.05/thumbnail/6651f6582030271044773863.jpg\" style=\"margin-right: 10px;\" /> The US is complicit in Kiev\u201a\u00c4\u00f4s attack on a Russian nuclear early-warning system in the southern part of the country, Dmitry Rogozin says <br /><a href=\"https://www.rt.com/russia/598238-ukraine-attack-warning-system/?utm_source=rss&amp;utm_medium=rss&amp;utm_campaign=RSS\">Read Full Article at RT.com</a>", "language": "en", "link": "https://www.rt.com/russia/598238-ukraine-attack-warning-system/?utm_source=rss&utm_medium=rss&utm_campaign=RSS", "manual_status_code": 0, "page_rating": 32, "page_rating_contents": 100, "page_rating_visits": 0, "page_rating_votes": 0, "permanent": false, "source": "https://www.rt.com/rss", "source_obj__id": 273, "status_code": 0, "tags": [], "thumbnail": null, "title": "Ukraine attacked nuclear early-warning system \u201a\u00c4\u00ec Moscow\u00ac\u2020", "user": null, "vote": 0}, {"age": null, "album": "", "artist": null, "bookmarked": false, "comments": [], "date_published": "2024-05-25T14:59:21+00:00", "description": "<img align=\"left\" alt=\"Preview\" src=\"https://mf.b37mrtl.ru/files/2024.05/thumbnail/6651fc27203027115c7dd4b2.jpg\" style=\"margin-right: 10px;\" /> Slovak Prime Minister Robert Fico\u201a\u00c4\u00f4s condition has improved, the hospital where he is being treated has said <br /><a href=\"https://www.rt.com/news/598239-slovak-fico-condition-improving/?utm_source=rss&amp;utm_medium=rss&amp;utm_campaign=RSS\">Read Full Article at RT.com</a>", "language": "en", "link": "https://www.rt.com/news/598239-slovak-fico-condition-improving/?utm_source=rss&utm_medium=rss&utm_campaign=RSS", "manual_status_code": 0, "page_rating": 32, "page_rating_contents": 100, "page_rating_visits": 0, "page_rating_votes": 0, "permanent": false, "source": "https://www.rt.com/rss", "source_obj__id": 273, "status_code": 0, "tags": [], "thumbnail": null, "title": "Slovak PM\u201a\u00c4\u00f4s condition improving \u201a\u00c4\u00ec hospital", "user": null, "vote": 0}, {"age": null, "album": "", "artist": null, "bookmarked": false, "comments": [], "date_published": "2024-05-25T13:51:59+00:00", "description": "<img align=\"left\" alt=\"Preview\" src=\"https://mf.b37mrtl.ru/files/2024.05/thumbnail/6651eb3b2030271354635b8a.jpg\" style=\"margin-right: 10px;\" /> As India votes for its new government, the Prime Minister is seeking a third term in office <br /><a href=\"https://www.rt.com/india/598237-india-modi-god-sent/?utm_source=rss&amp;utm_medium=rss&amp;utm_campaign=RSS\">Read Full Article at RT.com</a>", "language": "en", "link": "https://www.rt.com/india/598237-india-modi-god-sent/?utm_source=rss&utm_medium=rss&utm_campaign=RSS", "manual_status_code": 0, "page_rating": 32, "page_rating_contents": 100, "page_rating_visits": 0, "page_rating_votes": 0, "permanent": false, "source": "https://www.rt.com/rss", "source_obj__id": 273, "status_code": 0, "tags": [], "thumbnail": null, "title": "\u201a\u00c4\u00f2God has sent me for a purpose\u201a\u00c4\u00f4 \u201a\u00c4\u00ec India\u201a\u00c4\u00f4s Modi", "user": null, "vote": 0}, {"age": null, "album": "", "artist": null, "bookmarked": false, "comments": [], "date_published": "2024-05-25T13:51:13+00:00", "description": "<img align=\"left\" alt=\"Preview\" src=\"https://mf.b37mrtl.ru/files/2024.05/thumbnail/6651d52f85f54046da50b074.jpg\" style=\"margin-right: 10px;\" /> Germany is seeking to establish an EU-wide migrant sharing mechanism to curb the flow of Ukrainian refugees, Die Welt reports <br /><a href=\"https://www.rt.com/news/598235-welt-germany-plans-curb-ukrainian-refugees/?utm_source=rss&amp;utm_medium=rss&amp;utm_campaign=RSS\">Read Full Article at RT.com</a>", "language": "en", "link": "https://www.rt.com/news/598235-welt-germany-plans-curb-ukrainian-refugees/?utm_source=rss&utm_medium=rss&utm_campaign=RSS", "manual_status_code": 0, "page_rating": 32, "page_rating_contents": 100, "page_rating_visits": 0, "page_rating_votes": 0, "permanent": false, "source": "https://www.rt.com/rss", "source_obj__id": 273, "status_code": 0, "tags": [], "thumbnail": null, "title": "Germany planning to curb influx of Ukrainian refugees \u201a\u00c4\u00ec Welt", "user": null, "vote": 0}, {"age": null, "album": "", "artist": null, "bookmarked": false, "comments": [], "date_published": "2024-05-25T12:52:26+00:00", "description": "<img align=\"left\" alt=\"Preview\" src=\"https://mf.b37mrtl.ru/files/2024.05/thumbnail/6651b7f785f5402e821fda08.jpg\" style=\"margin-right: 10px;\" /> The next UK government will have to choose between tax hikes, spending cuts or boosting borrowing, a think tank has said <br /><a href=\"https://www.rt.com/business/598231-uk-new-government-fiscal-challenges/?utm_source=rss&amp;utm_medium=rss&amp;utm_campaign=RSS\">Read Full Article at RT.com</a>", "language": "en", "link": "https://www.rt.com/business/598231-uk-new-government-fiscal-challenges/?utm_source=rss&utm_medium=rss&utm_campaign=RSS", "manual_status_code": 0, "page_rating": 32, "page_rating_contents": 100, "page_rating_visits": 0, "page_rating_votes": 0, "permanent": false, "source": "https://www.rt.com/rss", "source_obj__id": 273, "status_code": 0, "tags": [], "thumbnail": null, "title": "UK warned of toughest fiscal choices in decades", "user": null, "vote": 0}, {"age": null, "album": "", "artist": null, "bookmarked": false, "comments": [], "date_published": "2024-05-25T12:20:16+00:00", "description": "<img align=\"left\" alt=\"Preview\" src=\"https://mf.b37mrtl.ru/files/2024.05/thumbnail/6651d31585f54020a317e5aa.png\" style=\"margin-right: 10px;\" /> A helicopter carrying Armenian Prime Minister Nikol Pashinyan made an emergency landing due to bad weather <br /><a href=\"https://www.rt.com/russia/598234-helicopter-armenia-emergency-landing/?utm_source=rss&amp;utm_medium=rss&amp;utm_campaign=RSS\">Read Full Article at RT.com</a>", "language": "en", "link": "https://www.rt.com/russia/598234-helicopter-armenia-emergency-landing/?utm_source=rss&utm_medium=rss&utm_campaign=RSS", "manual_status_code": 0, "page_rating": 32, "page_rating_contents": 100, "page_rating_visits": 0, "page_rating_votes": 0, "permanent": false, "source": "https://www.rt.com/rss", "source_obj__id": 273, "status_code": 0, "tags": [], "thumbnail": null, "title": "Helicopter with ex-Soviet state\u201a\u00c4\u00f4s leader makes emergency landing (VIDEO)", "user": null, "vote": 0}, {"age": null, "album": "", "artist": null, "bookmarked": false, "comments": [], "date_published": "2024-05-25T11:51:47+00:00", "description": "<img align=\"left\" alt=\"Preview\" src=\"https://mf.b37mrtl.ru/files/2024.05/thumbnail/6651cfed203027061d27d8cf.jpg\" style=\"margin-right: 10px;\" /> Delhi goes to the polls as India\u201a\u00c4\u00f4s election marathon enters the sixth of seven phases <br /><a href=\"https://www.rt.com/india/598233-delhi-phase-election-marathon/?utm_source=rss&amp;utm_medium=rss&amp;utm_campaign=RSS\">Read Full Article at RT.com</a>", "language": "en", "link": "https://www.rt.com/india/598233-delhi-phase-election-marathon/?utm_source=rss&utm_medium=rss&utm_campaign=RSS", "manual_status_code": 0, "page_rating": 32, "page_rating_contents": 100, "page_rating_visits": 0, "page_rating_votes": 0, "permanent": false, "source": "https://www.rt.com/rss", "source_obj__id": 273, "status_code": 0, "tags": [], "thumbnail": null, "title": "Indian capital heads to the polls", "user": null, "vote": 0}, {"age": null, "album": "", "artist": null, "bookmarked": false, "comments": [], "date_published": "2024-05-25T10:47:08+00:00", "description": "<img align=\"left\" alt=\"Preview\" src=\"https://mf.b37mrtl.ru/files/2024.05/thumbnail/6651c0bf203027115c7dd48e.jpg\" style=\"margin-right: 10px;\" /> Hungary is blocking EU legislation aimed at handing over profits from frozen Russian assets to Ukraine, Financial Times reports <br /><a href=\"https://www.rt.com/news/598232-hungary-blocking-eu-russia-profits-ukraine/?utm_source=rss&amp;utm_medium=rss&amp;utm_campaign=RSS\">Read Full Article at RT.com</a>", "language": "en", "link": "https://www.rt.com/news/598232-hungary-blocking-eu-russia-profits-ukraine/?utm_source=rss&utm_medium=rss&utm_campaign=RSS", "manual_status_code": 0, "page_rating": 32, "page_rating_contents": 100, "page_rating_visits": 0, "page_rating_votes": 0, "permanent": false, "source": "https://www.rt.com/rss", "source_obj__id": 273, "status_code": 0, "tags": [], "thumbnail": null, "title": "Hungary blocking EU from giving Russian money to Ukraine \u201a\u00c4\u00ec FT", "user": null, "vote": 0}, {"age": null, "album": "", "artist": null, "bookmarked": false, "comments": [], "date_published": "2024-05-25T10:12:13+00:00", "description": "<img align=\"left\" alt=\"Preview\" src=\"https://mf.b37mrtl.ru/files/2024.05/thumbnail/6651b8e985f5402e821fda0d.jpg\" style=\"margin-right: 10px;\" /> New soldiers are being signed up for contract service, meaning there is no need for another mobilization, Dmitry Peskov has said <br /><a href=\"https://www.rt.com/russia/598228-peskov-russia-mobilization-rumors/?utm_source=rss&amp;utm_medium=rss&amp;utm_campaign=RSS\">Read Full Article at RT.com</a>", "language": "en", "link": "https://www.rt.com/russia/598228-peskov-russia-mobilization-rumors/?utm_source=rss&utm_medium=rss&utm_campaign=RSS", "manual_status_code": 0, "page_rating": 32, "page_rating_contents": 100, "page_rating_visits": 0, "page_rating_votes": 0, "permanent": false, "source": "https://www.rt.com/rss", "source_obj__id": 273, "status_code": 0, "tags": [], "thumbnail": null, "title": "Kremlin refutes mobilization rumors", "user": null, "vote": 0}, {"age": null, "album": "", "artist": null, "bookmarked": false, "comments": [], "date_published": "2024-05-25T09:57:12+00:00", "description": "<img align=\"left\" alt=\"Preview\" src=\"https://mf.b37mrtl.ru/files/2024.05/thumbnail/664f35b285f5403fbf66b001.jpg\" style=\"margin-right: 10px;\" /> As the world marks Africa Day, the question remains why the continent is still being held back <br /><a href=\"https://www.rt.com/africa/598120-africa-day-true-identity/?utm_source=rss&amp;utm_medium=rss&amp;utm_campaign=RSS\">Read Full Article at RT.com</a>", "language": "en", "link": "https://www.rt.com/africa/598120-africa-day-true-identity/?utm_source=rss&utm_medium=rss&utm_campaign=RSS", "manual_status_code": 0, "page_rating": 32, "page_rating_contents": 100, "page_rating_visits": 0, "page_rating_votes": 0, "permanent": false, "source": "https://www.rt.com/rss", "source_obj__id": 273, "status_code": 0, "tags": [], "thumbnail": null, "title": "Here is the real reason Africa can\u201a\u00c4\u00f4t break free", "user": null, "vote": 0}, {"age": null, "album": "", "artist": null, "bookmarked": false, "comments": [], "date_published": "2024-05-25T09:46:07+00:00", "description": "<img align=\"left\" alt=\"Preview\" src=\"https://mf.b37mrtl.ru/files/2024.05/thumbnail/66519c9285f54046da50b060.jpg\" style=\"margin-right: 10px;\" /> Independent presidential candidate Robert F. Kennedy Jr. has described WikiLeaks founder Julian Assange as a hero <br /><a href=\"https://www.rt.com/news/598230-us-candidate-kennedy-assange-monument-hero/?utm_source=rss&amp;utm_medium=rss&amp;utm_campaign=RSS\">Read Full Article at RT.com</a>", "language": "en", "link": "https://www.rt.com/news/598230-us-candidate-kennedy-assange-monument-hero/?utm_source=rss&utm_medium=rss&utm_campaign=RSS", "manual_status_code": 0, "page_rating": 32, "page_rating_contents": 100, "page_rating_visits": 0, "page_rating_votes": 0, "permanent": false, "source": "https://www.rt.com/rss", "source_obj__id": 273, "status_code": 0, "tags": [], "thumbnail": null, "title": "US should erect monument to Assange \u201a\u00c4\u00ec presidential candidate", "user": null, "vote": 0}, {"age": null, "album": "", "artist": null, "bookmarked": false, "comments": [], "date_published": "2024-05-25T08:08:47+00:00", "description": "<img align=\"left\" alt=\"Preview\" src=\"https://mf.b37mrtl.ru/files/2024.05/thumbnail/6651999f85f54029c87a9275.jpg\" style=\"margin-right: 10px;\" /> Kiev\u201a\u00c4\u00f4s claims that Russia wants to derail the Ukraine peace summit in Switzerland are lies, as the event itself is a hoax, Moscow has said <br /><a href=\"https://www.rt.com/russia/598229-ukraine-peace-summit-scam/?utm_source=rss&amp;utm_medium=rss&amp;utm_campaign=RSS\">Read Full Article at RT.com</a>", "language": "en", "link": "https://www.rt.com/russia/598229-ukraine-peace-summit-scam/?utm_source=rss&utm_medium=rss&utm_campaign=RSS", "manual_status_code": 0, "page_rating": 32, "page_rating_contents": 100, "page_rating_visits": 0, "page_rating_votes": 0, "permanent": false, "source": "https://www.rt.com/rss", "source_obj__id": 273, "status_code": 0, "tags": [], "thumbnail": null, "title": "Ukraine peace summit is another US-invented scam \u201a\u00c4\u00ec Moscow", "user": null, "vote": 0}, {"age": null, "album": "", "artist": null, "bookmarked": false, "comments": [], "date_published": "2024-05-25T06:59:33+00:00", "description": "<img align=\"left\" alt=\"Preview\" src=\"https://mf.b37mrtl.ru/files/2024.05/thumbnail/665178e985f5402bc176476b.jpg\" style=\"margin-right: 10px;\" /> The US does not want peace in Europe and only prolongs Kiev\u201a\u00c4\u00f4s agony with its weapons deliveries, Russia\u201a\u00c4\u00f4s ambassador has said <br /><a href=\"https://www.rt.com/russia/598220-us-arms-prolong-agony/?utm_source=rss&amp;utm_medium=rss&amp;utm_campaign=RSS\">Read Full Article at RT.com</a>", "language": "en", "link": "https://www.rt.com/russia/598220-us-arms-prolong-agony/?utm_source=rss&utm_medium=rss&utm_campaign=RSS", "manual_status_code": 0, "page_rating": 32, "page_rating_contents": 100, "page_rating_visits": 0, "page_rating_votes": 0, "permanent": false, "source": "https://www.rt.com/rss", "source_obj__id": 273, "status_code": 0, "tags": [], "thumbnail": null, "title": "US weapons only prolong \u201a\u00c4\u00f2Kiev regime\u201a\u00c4\u00f4s agony\u201a\u00c4\u00f4 \u201a\u00c4\u00ec Moscow", "user": null, "vote": 0}, {"age": null, "album": "", "artist": null, "bookmarked": false, "comments": [], "date_published": "2024-05-25T06:55:16+00:00", "description": "<img align=\"left\" alt=\"Preview\" src=\"https://mf.b37mrtl.ru/files/2024.05/thumbnail/664debbe2030277a9a037ea9.jpg\" style=\"margin-right: 10px;\" /> May 25 marks the date when a summit in Addis Ababa laid the foundations for today\u201a\u00c4\u00f4s African Union <br /><a href=\"https://www.rt.com/africa/598048-africa-day-history-holiday/?utm_source=rss&amp;utm_medium=rss&amp;utm_campaign=RSS\">Read Full Article at RT.com</a>", "language": "en", "link": "https://www.rt.com/africa/598048-africa-day-history-holiday/?utm_source=rss&utm_medium=rss&utm_campaign=RSS", "manual_status_code": 0, "page_rating": 32, "page_rating_contents": 100, "page_rating_visits": 0, "page_rating_votes": 0, "permanent": false, "source": "https://www.rt.com/rss", "source_obj__id": 273, "status_code": 0, "tags": [], "thumbnail": null, "title": "African unity: Why the world celebrates it", "user": null, "vote": 0}, {"age": null, "album": "", "artist": null, "bookmarked": false, "comments": [], "date_published": "2024-05-25T03:32:43+00:00", "description": "<img align=\"left\" alt=\"Preview\" src=\"https://mf.b37mrtl.ru/files/2024.05/thumbnail/665157d820302718747dc620.jpg\" style=\"margin-right: 10px;\" /> The family members of the marines who died in a V-22 Osprey crash have sued the manufacturers for hiding defects from the Pentagon <br /><a href=\"https://www.rt.com/news/598219-boeing-bell-sued-osprey-victims/?utm_source=rss&amp;utm_medium=rss&amp;utm_campaign=RSS\">Read Full Article at RT.com</a>", "language": "en", "link": "https://www.rt.com/news/598219-boeing-bell-sued-osprey-victims/?utm_source=rss&utm_medium=rss&utm_campaign=RSS", "manual_status_code": 0, "page_rating": 32, "page_rating_contents": 100, "page_rating_visits": 0, "page_rating_votes": 0, "permanent": false, "source": "https://www.rt.com/rss", "source_obj__id": 273, "status_code": 0, "tags": [], "thumbnail": null, "title": "Boeing sued over deaths of US Marines", "user": null, "vote": 0}, {"age": null, "album": "", "artist": null, "bookmarked": false, "comments": [], "date_published": "2024-05-25T00:49:22+00:00", "description": "<img align=\"left\" alt=\"Preview\" src=\"https://mf.b37mrtl.ru/files/2024.05/thumbnail/6651358885f5402d691ccd8e.jpg\" style=\"margin-right: 10px;\" /> While insisting they don\u201a\u00c4\u00f4t support \u201a\u00c4\u00faunilateral changes\u201a\u00c4\u00f9 to the status quo, US and EU officials won\u201a\u00c4\u00f4t criticize Taipei\u201a\u00c4\u00f4s blatant provocation <br /><a href=\"https://www.rt.com/news/598199-china-taiwan-separatism-provocation/?utm_source=rss&amp;utm_medium=rss&amp;utm_campaign=RSS\">Read Full Article at RT.com</a>", "language": "en", "link": "https://www.rt.com/news/598199-china-taiwan-separatism-provocation/?utm_source=rss&utm_medium=rss&utm_campaign=RSS", "manual_status_code": 0, "page_rating": 32, "page_rating_contents": 100, "page_rating_visits": 0, "page_rating_votes": 0, "permanent": false, "source": "https://www.rt.com/rss", "source_obj__id": 273, "status_code": 0, "tags": [], "thumbnail": null, "title": "The West is one step away from openly backing Taiwan separatism", "user": null, "vote": 0}, {"age": null, "album": "", "artist": null, "bookmarked": false, "comments": [], "date_published": "2024-05-25T00:45:02+00:00", "description": "<img align=\"left\" alt=\"Preview\" src=\"https://mf.b37mrtl.ru/files/2024.05/thumbnail/6651345e85f54023e56f74b1.jpg\" style=\"margin-right: 10px;\" /> NATO Secretary-General Jens Stoltenberg says time has come to allow Ukraine launch attacks into Russian territory with Western weapons <br /><a href=\"https://www.rt.com/news/598218-nato-ukraine-stikes-russia/?utm_source=rss&amp;utm_medium=rss&amp;utm_campaign=RSS\">Read Full Article at RT.com</a>", "language": "en", "link": "https://www.rt.com/news/598218-nato-ukraine-stikes-russia/?utm_source=rss&utm_medium=rss&utm_campaign=RSS", "manual_status_code": 0, "page_rating": 32, "page_rating_contents": 100, "page_rating_visits": 0, "page_rating_votes": 0, "permanent": false, "source": "https://www.rt.com/rss", "source_obj__id": 273, "status_code": 0, "tags": [], "thumbnail": null, "title": "Let Ukraine freely strike Russia with Western arms \u201a\u00c4\u00ec NATO chief", "user": null, "vote": 0}, {"age": null, "album": "", "artist": null, "bookmarked": false, "comments": [], "date_published": "2024-05-25T00:16:22+00:00", "description": "<img align=\"left\" alt=\"Preview\" src=\"https://mf.b37mrtl.ru/files/2024.05/thumbnail/66512c852030271b47565d76.jpg\" style=\"margin-right: 10px;\" /> Washington has unveiled a further $275 million in military aid for Kiev on Friday <br /><a href=\"https://www.rt.com/news/598217-pentagon-reveals-arms-ukraine/?utm_source=rss&amp;utm_medium=rss&amp;utm_campaign=RSS\">Read Full Article at RT.com</a>", "language": "en", "link": "https://www.rt.com/news/598217-pentagon-reveals-arms-ukraine/?utm_source=rss&utm_medium=rss&utm_campaign=RSS", "manual_status_code": 0, "page_rating": 32, "page_rating_contents": 100, "page_rating_visits": 0, "page_rating_votes": 0, "permanent": false, "source": "https://www.rt.com/rss", "source_obj__id": 273, "status_code": 0, "tags": [], "thumbnail": null, "title": "Pentagon details new shipment of arms to Ukraine", "user": null, "vote": 0}]