[{"bookmarked": false, "page_rating_contents": 0, "source": "https://feeds.nbcnews.com/nbcnews/public/tech", "page_rating": 0, "user": null, "tags": [], "date_published": "2024-02-02T21:49:30+00:00", "dead": false, "page_rating_visits": 0, "artist": null, "language": "en-US", "title": "Treasury sanctions Iranian hackers it says targeted water companies", "source_obj__id": 123, "description": "The Treasury Department named and sanctioned six Iranian military hackers Friday, accusing them of cyberattacks against U.S. water companies.", "permanent": false, "comments": [], "vote": 0, "album": "", "link": "https://www.nbcnews.com/tech/security/iran-cyber-hack-unitronics-sanction-israel-rcna137012", "page_rating_votes": 0, "thumbnail": "https://media-cldnry.s-nbcnews.com/image/upload/t_fit_1500w/rockcms/2024-02/240202-treasury-dept-cyber-beg-1337p-597469.jpg", "age": null}, {"bookmarked": false, "page_rating_contents": 0, "source": "https://feeds.nbcnews.com/nbcnews/public/tech", "page_rating": 0, "user": null, "tags": [], "date_published": "2024-02-02T21:38:45+00:00", "dead": false, "page_rating_visits": 0, "artist": null, "language": "en-US", "title": "Special Report: U.S. launches strikes in response to deadly drone attack", "source_obj__id": 123, "description": "The United States launched attacks in Iraq and Syria, its first retaliatory strikes for the killing of three American soldiers, according to a U.S. defense official.", "permanent": false, "comments": [], "vote": 0, "album": "", "link": "https://www.nbcnews.com/video/special-report-u-s-launches-strikes-in-response-to-deadly-drone-attack-203510853922", "page_rating_votes": 0, "thumbnail": "https://media-cldnry.s-nbcnews.com/image/upload/t_fit_1500w/mpx/2704722219/2024_02/1706909899193_nbc_spec_retal_strike_syria_240202_1920x1080-uutj7v.jpg", "age": null}, {"bookmarked": false, "page_rating_contents": 0, "source": "https://feeds.nbcnews.com/nbcnews/public/tech", "page_rating": 0, "user": null, "tags": [], "date_published": "2024-02-02T21:04:00+00:00", "dead": false, "page_rating_visits": 0, "artist": null, "language": "en-US", "title": "Judge will delay Trump's federal trial as court considers his presidential immunity claim", "source_obj__id": 123, "description": "Former President Donald Trump's federal election interference trial in Washington, D.C., will no longer begin on March 4, Judge Tanya Chutkan ordered.", "permanent": false, "comments": [], "vote": 0, "album": "", "link": "https://www.nbcnews.com/politics/donald-trump/judge-will-delay-trumps-federal-trial-court-considers-presidential-imm-rcna137045", "page_rating_votes": 0, "thumbnail": "https://media-cldnry.s-nbcnews.com/image/upload/t_fit_1500w/rockcms/2024-01/240126-trump-taxes-irs-leaker-kh-37b439.jpg", "age": null}, {"bookmarked": false, "page_rating_contents": 0, "source": "https://feeds.nbcnews.com/nbcnews/public/tech", "page_rating": 0, "user": null, "tags": [], "date_published": "2024-02-02T20:54:24+00:00", "dead": false, "page_rating_visits": 0, "artist": null, "language": "en-US", "title": "Nearly half the adults in this group are using TikTok, a survey finds", "source_obj__id": 123, "description": "About half of Hispanic adults are using TikTok, withTikTok\u2019s popularity among Latinos coinciding with the platform\u2019s user base growth over the past two years, according to a Pew Research survey.", "permanent": false, "comments": [], "vote": 0, "album": "", "link": "https://www.nbcnews.com/news/latino/tiktok-growth-hispanics-latinos-platforms-users-rcna136817", "page_rating_votes": 0, "thumbnail": "https://media-cldnry.s-nbcnews.com/image/upload/t_fit_1500w/rockcms/2024-02/240201-tiktok-hispanic-growth-beg-1413p-abf83c.jpg", "age": null}, {"bookmarked": false, "page_rating_contents": 0, "source": "https://feeds.nbcnews.com/nbcnews/public/tech", "page_rating": 0, "user": null, "tags": [], "date_published": "2024-02-02T18:52:27+00:00", "dead": false, "page_rating_visits": 0, "artist": null, "language": "en-US", "title": "Silicon Valley county becomes first in U.S. to declare loneliness a health emergency", "source_obj__id": 123, "description": "A county in the San Francisco Bay Area that includes part of Silicon Valley has declared loneliness a public health emergency \u2014\u00a0the first U.S. county to do so.", "permanent": false, "comments": [], "vote": 0, "album": "", "link": "https://www.nbcnews.com/health/mental-health/silicon-valley-county-loneliness-health-emergency-rcna136777", "page_rating_votes": 0, "thumbnail": "https://media-cldnry.s-nbcnews.com/image/upload/t_fit_1500w/rockcms/2024-02/240201-silicon-valley-loneliness-se-1202p-a022c3.jpg", "age": null}, {"bookmarked": false, "page_rating_contents": 0, "source": "https://feeds.nbcnews.com/nbcnews/public/tech", "page_rating": 0, "user": null, "tags": [], "date_published": "2024-02-02T18:51:37+00:00", "dead": false, "page_rating_visits": 0, "artist": null, "language": "en-US", "title": "TikTok goes silent amid disagreement with Universal Music Group", "source_obj__id": 123, "description": "Sounds of silence have emerged on TikTok since the app and Universal Music Group could not agree on how much artists should be compensated when their music is played on the platform. NBC News' Chloe Melas explains how this can affect the app, as it has become music-first, and its creators.", "permanent": false, "comments": [], "vote": 0, "album": "", "link": "https://www.nbcnews.com/now/video/tiktok-goes-silent-amid-disagreement-with-universal-music-group-203500613663", "page_rating_votes": 0, "thumbnail": "https://media-cldnry.s-nbcnews.com/image/upload/t_fit_1500w/mpx/2704722219/2024_02/1706899880123_now_daily_a_tik_tok_silent_240202_1920x1080-keaczy.jpg", "age": null}, {"bookmarked": false, "page_rating_contents": 0, "source": "https://feeds.nbcnews.com/nbcnews/public/tech", "page_rating": 0, "user": null, "tags": [], "date_published": "2024-02-02T18:39:48+00:00", "dead": false, "page_rating_visits": 0, "artist": null, "language": "en-US", "title": "Fulton County DA Fani Willis acknowledges personal relationship with the special prosecutor in Trump election case", "source_obj__id": 123, "description": "Fulton County District Attorney Fani Willis acknowledged a personal relationship with special prosecutor Nathan Wade as former President Donald Trump and other co-defendants have sought to get them disqualified from the election interference case.", "permanent": false, "comments": [], "vote": 0, "album": "", "link": "https://www.nbcnews.com/politics/justice-department/fulton-county-da-fani-willis-acknowledges-personal-relationship-specia-rcna136871", "page_rating_votes": 0, "thumbnail": "https://media-cldnry.s-nbcnews.com/image/upload/t_fit_1500w/rockcms/2024-02/240201-fani-willis-trump-investigations-05163e.jpg", "age": null}, {"bookmarked": false, "page_rating_contents": 0, "source": "https://feeds.nbcnews.com/nbcnews/public/tech", "page_rating": 0, "user": null, "tags": [], "date_published": "2024-02-02T17:33:45+00:00", "dead": false, "page_rating_visits": 0, "artist": null, "language": "en-US", "title": "Fulton County faces limited access to voter registration system after cyberattack", "source_obj__id": 123, "description": "The Georgia Secretary of State\u2019s Office has sequestered a Fulton County election office from the state's voter registration system after a cyberattack hit the county government over the weekend, the secretary's office confirmed Friday.", "permanent": false, "comments": [], "vote": 0, "album": "", "link": "https://www.nbcnews.com/politics/politics-news/fulton-county-faces-limited-access-voter-registration-system-cyberatta-rcna136885", "page_rating_votes": 0, "thumbnail": "https://media-cldnry.s-nbcnews.com/image/upload/t_fit_1500w/rockcms/2024-02/240202-atlanta-fulton-counting-voting-se-1202p-b32592.jpg", "age": null}, {"bookmarked": false, "page_rating_contents": 0, "source": "https://feeds.nbcnews.com/nbcnews/public/tech", "page_rating": 0, "user": null, "tags": [], "date_published": "2024-02-02T17:32:44+00:00", "dead": false, "page_rating_visits": 0, "artist": null, "language": "en-US", "title": "Spotify inks new multiyear deal with podcast host Joe Rogan", "source_obj__id": 123, "description": "Spotify announced Friday it has signed a new multiyear agreement with Joe Rogan, the host of one of the most popular \u2014 and polarizing \u2014 podcasts in the U.S.", "permanent": false, "comments": [], "vote": 0, "album": "", "link": "https://www.nbcnews.com/media/spotify-joe-rogan-new-deal-rcna136997", "page_rating_votes": 0, "thumbnail": "https://media-cldnry.s-nbcnews.com/image/upload/t_fit_1500w/rockcms/2024-02/240202-joe-rogan-beg-1229p-0cd004.jpg", "age": null}, {"bookmarked": false, "page_rating_contents": 0, "source": "https://feeds.nbcnews.com/nbcnews/public/tech", "page_rating": 0, "user": null, "tags": [], "date_published": "2024-02-02T16:42:29+00:00", "dead": false, "page_rating_visits": 0, "artist": null, "language": "en-US", "title": "Three people indicted in $400 million FTX hack conspiracy", "source_obj__id": 123, "description": "Three people were indicted for an identity-theft conspiracy that allegedly included the $400 million hack in late 2022 of doomed cryptocurrency exchange FTX, court records show.", "permanent": false, "comments": [], "vote": 0, "album": "", "link": "https://www.nbcnews.com/tech/crypto/three-people-indicted-400-million-ftx-hack-conspiracy-rcna136976", "page_rating_votes": 0, "thumbnail": "https://media-cldnry.s-nbcnews.com/image/upload/t_fit_1500w/rockcms/2024-02/240202-sam-bankman-fried-se-1139a-d6a81f.jpg", "age": null}, {"bookmarked": false, "page_rating_contents": 0, "source": "https://feeds.nbcnews.com/nbcnews/public/tech", "page_rating": 0, "user": null, "tags": [], "date_published": "2024-02-02T16:37:54+00:00", "dead": false, "page_rating_visits": 0, "artist": null, "language": "en-US", "title": "WWE founder Vince McMahon is under federal investigation\u00a0surrounding sex trafficking allegations, sources say", "source_obj__id": 123, "description": "Former World Wrestling Entertainment CEO Vince McMahon is under federal investigation as prosecutors try to determine if federal law was broken in conduct surrounding recent allegations of sex abuse and sex trafficking that have been made public in lawsuits, three people familiar with the matter tell NBC News.", "permanent": false, "comments": [], "vote": 0, "album": "", "link": "https://www.nbcnews.com/news/us-news/wwe-founder-vince-mcmahon-federal-investigation-surrounding-sex-traffi-rcna136941", "page_rating_votes": 0, "thumbnail": "https://media-cldnry.s-nbcnews.com/image/upload/t_fit_1500w/rockcms/2024-01/240126-vince-mcmahon-wm-617p-9d9db7.jpg", "age": null}, {"bookmarked": false, "page_rating_contents": 0, "source": "https://feeds.nbcnews.com/nbcnews/public/tech", "page_rating": 0, "user": null, "tags": [], "date_published": "2024-02-02T14:22:34+00:00", "dead": false, "page_rating_visits": 0, "artist": null, "language": "en-US", "title": "Fani Willis, the DA who charged Trump in Georgia, subpoenaed by House GOP", "source_obj__id": 123, "description": "GOP Rep. Jim Jordan has subpoenaed District Attorney Fani Willis for documents over allegations she fired a whistleblower who tried to stop a campaign aide from misusing federal funds.", "permanent": false, "comments": [], "vote": 0, "album": "", "link": "https://www.nbcnews.com/politics/congress/fani-willis-da-charged-trump-georgia-subpoenaed-house-gop-rcna136683", "page_rating_votes": 0, "thumbnail": "https://media-cldnry.s-nbcnews.com/image/upload/t_fit_1500w/rockcms/2024-02/240201-jim-jordan-fani-willis-seamless-2-up-split-3x2-ac-739p-12148d.jpg", "age": null}, {"bookmarked": false, "page_rating_contents": 0, "source": "https://feeds.nbcnews.com/nbcnews/public/tech", "page_rating": 0, "user": null, "tags": [], "date_published": "2024-02-02T13:35:58+00:00", "dead": false, "page_rating_visits": 0, "artist": null, "language": "en-US", "title": "Apple\u2019s Vision Pro goes on sale: Get a sneak peek!", "source_obj__id": 123, "description": "Apple\u2019s latest revolutionary product called Vision Pro goes on sale Friday, giving customers a mix-reality world. NBC\u2019s Sam Brock reports on the highly anticipated item \u2014 and how one company is going all-in on immersion technology.", "permanent": false, "comments": [], "vote": 0, "album": "", "link": "https://www.today.com/video/apple-s-vision-pro-goes-on-sale-get-a-sneak-peek-203476549987", "page_rating_votes": 0, "thumbnail": "https://media-cldnry.s-nbcnews.com/image/upload/t_fit_1500w/mpx/2704722219/2024_02/1706880938204_tdy_news_8a_brock_apple_vision_pro_240202_1920x1080-h3f415.jpg", "age": null}]