[{"bookmarked": false, "page_rating_contents": 0, "source": "https://feeds.feedburner.com/TheHackersNews", "page_rating": 0, "user": null, "tags": [], "date_published": "2024-02-02T14:49:00+00:00", "dead": false, "page_rating_visits": 0, "artist": null, "language": "en-us", "title": "Russian APT28 Hackers Targeting High-Value Orgs with NTLM Relay Attacks", "source_obj__id": 83, "description": "Russian state-sponsored actors have staged NT LAN Manager (NTLM) v2 hash relay attacks through various methods from April 2022 to November 2023, targeting high-value targets worldwide.\nThe attacks, attributed to an \"aggressive\" hacking crew called&nbsp;APT28, have set their eyes on organizations dealing with foreign affairs, energy, defense, and transportation, as well as those involved with", "permanent": false, "comments": [], "vote": 0, "album": "", "link": "https://thehackernews.com/2024/02/russian-apt28-hackers-targeting-high.html", "page_rating_votes": 0, "thumbnail": null, "age": null}, {"bookmarked": false, "page_rating_contents": 0, "source": "https://feeds.feedburner.com/TheHackersNews", "page_rating": 0, "user": null, "tags": [], "date_published": "2024-02-02T13:17:00+00:00", "dead": false, "page_rating_visits": 0, "artist": null, "language": "en-us", "title": "DirtyMoe Malware Infects 2,000+ Ukrainian Computers for DDoS and Cryptojacking", "source_obj__id": 83, "description": "The Computer Emergency Response Team of Ukraine (CERT-UA) has warned that more than 2,000 computers in the country have been infected by a strain of malware called DirtyMoe.\nThe agency&nbsp;attributed&nbsp;the campaign to a threat actor it calls&nbsp;UAC-0027.\nDirtyMoe, active since at least 2016, is capable of carrying out cryptojacking and distributed denial-of-service (DDoS) attacks. In March", "permanent": false, "comments": [], "vote": 0, "album": "", "link": "https://thehackernews.com/2024/02/dirtymoe-malware-infects-2000-ukrainian.html", "page_rating_votes": 0, "thumbnail": null, "age": null}, {"bookmarked": false, "page_rating_contents": 0, "source": "https://feeds.feedburner.com/TheHackersNews", "page_rating": 0, "user": null, "tags": [], "date_published": "2024-02-02T10:40:00+00:00", "dead": false, "page_rating_visits": 0, "artist": null, "language": "en-us", "title": "Former CIA Engineer Sentenced to 40 Years for Leaking Classified Documents", "source_obj__id": 83, "description": "A former software engineer with the U.S. Central Intelligence Agency (CIA) has been sentenced to 40 years in prison by the Southern District of New York (SDNY) for transmitting classified documents to WikiLeaks and for possessing child pornographic material.\nJoshua Adam Schulte, 35, was originally charged in June 2018. He was&nbsp;found guilty&nbsp;in July 2022. On September 13, 2023, he was&", "permanent": false, "comments": [], "vote": 0, "album": "", "link": "https://thehackernews.com/2024/02/former-cia-engineer-sentenced-to-40.html", "page_rating_votes": 0, "thumbnail": null, "age": null}, {"bookmarked": false, "page_rating_contents": 0, "source": "https://feeds.feedburner.com/TheHackersNews", "page_rating": 0, "user": null, "tags": [], "date_published": "2024-02-02T10:30:00+00:00", "dead": false, "page_rating_visits": 0, "artist": null, "language": "en-us", "title": "Cloudzy Elevates Cybersecurity: Integrating Insights from Recorded Future to Revolutionize Cloud Security", "source_obj__id": 83, "description": "Cloudzy, a prominent cloud infrastructure provider, proudly announces a significant enhancement in its cybersecurity landscape. This breakthrough has been achieved through a recent consultation with Recorded Future, a leader in providing real-time threat intelligence and cybersecurity analytics. This initiative, coupled with an overhaul of Cloudzy's cybersecurity strategies, represents a major", "permanent": false, "comments": [], "vote": 0, "album": "", "link": "https://thehackernews.com/2024/02/cloudzy-elevates-cybersecurity.html", "page_rating_votes": 0, "thumbnail": null, "age": null}, {"bookmarked": false, "page_rating_contents": 0, "source": "https://feeds.feedburner.com/TheHackersNews", "page_rating": 0, "user": null, "tags": [], "date_published": "2024-02-02T10:23:00+00:00", "dead": false, "page_rating_visits": 0, "artist": null, "language": "en-us", "title": "INTERPOL Arrests 31 in Global Operation, Identifies 1,900+ Ransomware-Linked IPs", "source_obj__id": 83, "description": "An INTERPOL-led collaborative operation targeting phishing, banking malware, and ransomware attacks has led to the identification of 1,300 suspicious IP addresses and URLs.\nThe&nbsp;law enforcement effort, codenamed&nbsp;Synergia, took place between September and November 2023 in an attempt to blunt the \"growth, escalation and professionalization of transnational cybercrime.\"\nInvolving 60 law", "permanent": false, "comments": [], "vote": 0, "album": "", "link": "https://thehackernews.com/2024/02/interpol-arrests-31-in-global-operation.html", "page_rating_votes": 0, "thumbnail": null, "age": null}, {"bookmarked": false, "page_rating_contents": 0, "source": "https://feeds.feedburner.com/TheHackersNews", "page_rating": 0, "user": null, "tags": [], "date_published": "2024-02-02T06:21:00+00:00", "dead": false, "page_rating_visits": 0, "artist": null, "language": "en-us", "title": "Cloudflare Breach: Nation-State Hackers Access Source Code and Internal Docs", "source_obj__id": 83, "description": "Cloudflare has revealed that it was the target of a likely nation-state attack in which the threat actor leveraged stolen credentials to gain unauthorized access to its Atlassian server and ultimately access some documentation and a limited amount of source code.\nThe intrusion, which took place between November 14 and 24, 2023, and detected on November 23, was carried out \"with the goal of", "permanent": false, "comments": [], "vote": 0, "album": "", "link": "https://thehackernews.com/2024/02/cloudflare-breach-nation-state-hackers.html", "page_rating_votes": 0, "thumbnail": null, "age": null}]