[{"bookmarked": false, "page_rating_contents": 0, "source": "https://forsal.pl/.feed", "page_rating": 0, "user": null, "tags": [], "date_published": "2024-02-02T22:57:11+00:00", "dead": false, "page_rating_visits": 0, "artist": "Forsal.pl", "language": "pl", "title": "Andrzej Duda o Donaldzie Tusku i Jaros\u0142awie Kaczy\u0144skim: My\u015bl\u0119, \u017ce mnie nie lubi\u0105", "source_obj__id": 110, "description": "<img align=\"right\" hspace=\"5\" src=\"https://ocdn.eu/pulscms-transforms/1/vjYktkuTURBXy9iM2RiMWZiMS1mNzU2LTQ4ZGItOTcxNC1jNDk0ZjEwZTgzYmQuanBlZ5GTBc0BHcyg\" />Andrzej Duda w wywiadzie na Kanale Zero opowiedzia\u0142 o relacji z Jaros\u0142awem Kaczy\u0144skim i Donaldem Tuskiem. \u201eNie lubi\u0105, jak ktokolwiek im si\u0119 sprzeciwia\u201d \u2013 zaznaczy\u0142 prezydent.", "permanent": false, "comments": [], "vote": 0, "album": "", "link": "https://forsal.pl/gospodarka/polityka/artykuly/9423779,andrzej-duda-o-donaldzie-tusku-i-jaroslawie-kaczynskim-mysle-ze-mnie-nie-lubia.html", "page_rating_votes": 0, "thumbnail": null, "age": null}, {"bookmarked": false, "page_rating_contents": 0, "source": "https://forsal.pl/.feed", "page_rating": 0, "user": null, "tags": [], "date_published": "2024-02-02T21:29:53+00:00", "dead": false, "page_rating_visits": 0, "artist": "Forsal.pl", "language": "pl", "title": "Pocz\u0105tek odwetu. USA rozpocz\u0119\u0142y uderzenia na zwi\u0105zane z Iranem cele w Syrii i Iraku", "source_obj__id": 110, "description": "<img align=\"right\" hspace=\"5\" src=\"https://ocdn.eu/pulscms-transforms/1/S_lktkuTURBXy9mZWJiYzc5OS1mNTdjLTRlYjEtYTNmMy0xNGUxMGNjYmU4MGUuanBlZ5GTBc0BHcyg\" />Si\u0142y USA rozpocz\u0119\u0142y w pi\u0105tek uderzenia na zwi\u0105zane z Iranem cele w Syrii i Iraku - poda\u0142y ameryka\u0144skie media, powo\u0142uj\u0105c si\u0119 na przedstawicieli Pentagonu. Jest to pocz\u0105tek odwetu USA za zabicie przez wspierane przez Teheran boj\u00f3wki trojga ameryka\u0144skich \u017co\u0142nierzy w bazie w Jordanii.", "permanent": false, "comments": [], "vote": 0, "album": "", "link": "https://forsal.pl/swiat/usa/artykuly/9423772,poczatek-odwetu-usa-rozpoczely-uderzenia-na-zwiazane-z-iranem-cele-w-syrii-i-iraku.html", "page_rating_votes": 0, "thumbnail": null, "age": null}, {"bookmarked": false, "page_rating_contents": 0, "source": "https://forsal.pl/.feed", "page_rating": 0, "user": null, "tags": [], "date_published": "2024-02-02T21:14:28+00:00", "dead": false, "page_rating_visits": 0, "artist": "Forsal.pl", "language": "pl", "title": "\"Washington Post\": W\u0142adze Ukrainy poinformowa\u0142y Bia\u0142y Dom o zamiarze zwolnienia Za\u0142u\u017cnego", "source_obj__id": 110, "description": "<img align=\"right\" hspace=\"5\" src=\"https://ocdn.eu/pulscms-transforms/1/gH1ktkuTURBXy8yZTlhYzExMS0wNDU2LTQ0YmEtOTdjOS01YmQ2M2NhZDVkM2MuanBlZ5GTBc0BHcyg\" />Ukrai\u0144skie w\u0142adze poinformowa\u0142y Bia\u0142y Dom o zamiarze zwolnienia naczelnego dow\u00f3dcy Si\u0142 Zbrojnych Ukrainy gen. Wa\u0142erija Za\u0142u\u017cnego - donosi w pi\u0105tek &quot;Washington Post&quot;. Waszyngton mia\u0142 - wed\u0142ug gazety - powstrzyma\u0107 si\u0119 od pr\u00f3b wp\u0142ywania na decyzj\u0119 prezydenta Wo\u0142odymyra Ze\u0142enskiego.", "permanent": false, "comments": [], "vote": 0, "album": "", "link": "https://forsal.pl/swiat/bezpieczenstwo/artykuly/9423770,washington-post-wladze-ukrainy-poinformowaly-bialy-dom-o-zamiarze-zwolnienia-zaluznego.html", "page_rating_votes": 0, "thumbnail": null, "age": null}, {"bookmarked": false, "page_rating_contents": 0, "source": "https://forsal.pl/.feed", "page_rating": 0, "user": null, "tags": [], "date_published": "2024-02-02T21:10:48+00:00", "dead": false, "page_rating_visits": 0, "artist": "Forsal.pl", "language": "pl", "title": "Duda o Trumpie: On uwa\u017ca, \u017ce Ameryka powinna by\u0107 imperium", "source_obj__id": 110, "description": "<img align=\"right\" hspace=\"5\" src=\"https://ocdn.eu/pulscms-transforms/1/V6SktkuTURBXy84MTVmZTg0Mi0wYjlhLTQzNDMtOWJjNy0yYzFkYTM1MDIzOGMuanBlZ5GTBc0BHcyg\" />Nie wierz\u0119 w to, by Rosja odwa\u017cy\u0142a si\u0119 zaatakowa\u0107 pa\u0144stwo NATO, zw\u0142aszcza takie, kt\u00f3re ma silny potencja\u0142 militarny, siln\u0105 obron\u0119 rakietow\u0105, kt\u00f3ra ma liczn\u0105 i dobrze wyposa\u017con\u0105 armi\u0119, i chc\u0119, \u017ceby Polska takim pa\u0144stwem NATO si\u0119 sta\u0142a - powiedzia\u0142 w pi\u0105tek prezydent Andrzej Duda.", "permanent": false, "comments": [], "vote": 0, "album": "", "link": "https://forsal.pl/gospodarka/polityka/artykuly/9423769,duda-o-trumpie-on-uwaza-ze-ameryka-powinna-byc-imperium.html", "page_rating_votes": 0, "thumbnail": null, "age": null}, {"bookmarked": false, "page_rating_contents": 0, "source": "https://forsal.pl/.feed", "page_rating": 0, "user": null, "tags": [], "date_published": "2024-02-02T20:49:24+00:00", "dead": false, "page_rating_visits": 0, "artist": "Forsal.pl", "language": "pl", "title": "Rosyjskie s\u0142u\u017cby poprzez pos\u0142a AfD usi\u0142owa\u0142y sabotowa\u0107 pomoc dla Ukrainy", "source_obj__id": 110, "description": "<img align=\"right\" hspace=\"5\" src=\"https://ocdn.eu/pulscms-transforms/1/2D0ktkuTURBXy8zNGFiNjIxMS1lMzg0LTQyNGUtOWNmYS03ZmEzZmRlNTRlMjAuanBlZ5GTBc0BHcyg\" />Pracownik parlamentarzysty AfD Eugena Schmidta, W\u0142adimir Sergijenko, by\u0142 powi\u0105zany z rosyjskim wywiadem FSB i rozmawia\u0142 o mo\u017cliwym sabotowaniu niemieckiej pomocy dla Ukrainy z \u201eosob\u0105 kontaktow\u0105 w Rosji\u201d \u2013 ustali\u0142 portal \u201eSpiegel\u201d.", "permanent": false, "comments": [], "vote": 0, "album": "", "link": "https://forsal.pl/swiat/aktualnosci/artykuly/9423766,rosyjskie-sluzby-poprzez-posla-afd-usilowaly-sabotowac-pomoc-dla-ukrainy.html", "page_rating_votes": 0, "thumbnail": null, "age": null}, {"bookmarked": false, "page_rating_contents": 0, "source": "https://forsal.pl/.feed", "page_rating": 0, "user": null, "tags": [], "date_published": "2024-02-02T20:29:18+00:00", "dead": false, "page_rating_visits": 0, "artist": "Forsal.pl", "language": "pl", "title": "Reset konstytucyjny? Andrzej Duda: Jestem gotowy, prosz\u0119 przyj\u015b\u0107 z konkretnymi propozycjami", "source_obj__id": 110, "description": "<img align=\"right\" hspace=\"5\" src=\"https://ocdn.eu/pulscms-transforms/1/yAJktkuTURBXy9jZThjMGMyOS1lNjE3LTQyNDYtYjlmNy0wOTMyYWU0MjBlNGIuanBlZ5GTBc0BHcyg\" />Jestem gotowy na rozmow\u0119 o &quot;resecie konstytucyjnym&quot;, prosz\u0119 przyj\u015b\u0107 z konkretnymi propozycjami. Porozmawiajmy. S\u0105 problemy, kt\u00f3re w inny spos\u00f3b s\u0105 de facto nierozwi\u0105zywalne - powiedzia\u0142 prezydent Andrzej Duda w pi\u0105tek w wywiadzie na Kanale Zero.", "permanent": false, "comments": [], "vote": 0, "album": "", "link": "https://forsal.pl/gospodarka/polityka/artykuly/9423764,reset-konstytucyjny-andrzej-duda-jestem-gotowy-prosze-przyjsc-z-konkretnymi-propozycjami.html", "page_rating_votes": 0, "thumbnail": null, "age": null}, {"bookmarked": false, "page_rating_contents": 0, "source": "https://forsal.pl/.feed", "page_rating": 0, "user": null, "tags": [], "date_published": "2024-02-02T20:04:58+00:00", "dead": false, "page_rating_visits": 0, "artist": "Forsal.pl", "language": "pl", "title": "Rada nadzorcza Orlenu. Skarb Pa\u0144stwa i Nationale-Nederlanden OFE zg\u0142osili kandydat\u00f3w", "source_obj__id": 110, "description": "<img align=\"right\" hspace=\"5\" src=\"https://ocdn.eu/pulscms-transforms/1/fkuktkuTURBXy85YjYxZDg1Mi04ZTNkLTRkZWMtOWQ5OS1mNzU1MDA1ZDAyY2EuanBlZ5GTBc0BHcyg\" />Skarb Pa\u0144stwa i Nationale-Nederlanden OFE zg\u0142osili kandydat\u00f3w do rady nadzorczej Orlenu - poinformowa\u0142a w pi\u0105tek sp\u00f3\u0142ka w komunikacie", "permanent": false, "comments": [], "vote": 0, "album": "", "link": "https://forsal.pl/biznes/aktualnosci/artykuly/9423762,rada-nadzorcza-orlenu-skarb-panstwa-i-nationale-nederlanden-ofe-zglosili-kandydatow.html", "page_rating_votes": 0, "thumbnail": null, "age": null}, {"bookmarked": false, "page_rating_contents": 0, "source": "https://forsal.pl/.feed", "page_rating": 0, "user": null, "tags": [], "date_published": "2024-02-02T19:44:18+00:00", "dead": false, "page_rating_visits": 0, "artist": "Forsal.pl", "language": "pl", "title": "Orlen: Micha\u0142 R\u00f3g z\u0142o\u017cy\u0142 rezygnacj\u0119 z funkcji cz\u0142onka zarz\u0105du sp\u00f3\u0142ki", "source_obj__id": 110, "description": "<img align=\"right\" hspace=\"5\" src=\"https://ocdn.eu/pulscms-transforms/1/gbGktkuTURBXy9hOTgzY2NhZi0yNGI5LTRjOTktODlkOC05ODI2ZWMxODNjN2MuanBlZ5GTBc0BHcyg\" />Micha\u0142 R\u00f3g z\u0142o\u017cy\u0142 rezygnacj\u0119 z funkcji cz\u0142onka zarz\u0105du sp\u00f3\u0142ki - poinformowa\u0142 w pi\u0105tek Orlen w komunikacie.", "permanent": false, "comments": [], "vote": 0, "album": "", "link": "https://forsal.pl/biznes/aktualnosci/artykuly/9423758,orlen-michal-rog-zlozyl-rezygnacje-z-funkcji-czlonka-zarzadu-spolki.html", "page_rating_votes": 0, "thumbnail": null, "age": null}, {"bookmarked": false, "page_rating_contents": 0, "source": "https://forsal.pl/.feed", "page_rating": 0, "user": null, "tags": [], "date_published": "2024-02-02T19:38:55+00:00", "dead": false, "page_rating_visits": 0, "artist": "Forsal.pl", "language": "pl", "title": "Donald Trump wygra wybory w USA? \"Foreign Affairs\": Europa musi sta\u0107 si\u0119 \"Trumpo-odporna\"", "source_obj__id": 110, "description": "<img align=\"right\" hspace=\"5\" src=\"https://ocdn.eu/pulscms-transforms/1/_-QktkuTURBXy82YzM0ZjhmNC0xNTVlLTRhNzQtYmIyYi1kMzBkODUxMjUxMjMuanBlZ5GTBc0BHcyg\" />Powr\u00f3t Donalda Trumpa do Bia\u0142ego Domu oznacza\u0142by dla UE ograniczenie bezpiecze\u0144stwa gospodarczego i bezpiecze\u0144stwa w og\u00f3le, by\u0142by te\u017c zagro\u017ceniem dla sp\u00f3jno\u015bci Unii - ocenia magazyn &quot;Foreign Affaires&quot; w tek\u015bcie pt. &quot;Trumpo-odporno\u015b\u0107 Europy&quot;.", "permanent": false, "comments": [], "vote": 0, "album": "", "link": "https://forsal.pl/swiat/bezpieczenstwo/artykuly/9423757,donald-trump-wygra-wybory-w-usa-foreign-affairs-europa-musi-stac-sie-trumpo-odporna.html", "page_rating_votes": 0, "thumbnail": null, "age": null}, {"bookmarked": false, "page_rating_contents": 0, "source": "https://forsal.pl/.feed", "page_rating": 0, "user": null, "tags": [], "date_published": "2024-02-02T19:29:39+00:00", "dead": false, "page_rating_visits": 0, "artist": "Forsal.pl", "language": "pl", "title": "ZUS. Kto stanie na czele Zak\u0142adu Ubezpiecze\u0144 Spo\u0142ecznych?", "source_obj__id": 110, "description": "<img align=\"right\" hspace=\"5\" src=\"https://ocdn.eu/pulscms-transforms/1/I2iktkuTURBXy85MTE1YmI4NS01ZGVlLTQ2OGUtYWI1YS02MjUzOWRmNWI4MDEuanBlZ5GTBc0BHcyg\" />My\u015bl\u0119, \u017ce jeszcze w lutym powinni\u015bmy zna\u0107 osob\u0119, kt\u00f3ra stanie na czele Zak\u0142adu Ubezpiecze\u0144 Spo\u0142ecznych - powiedzia\u0142a w pi\u0105tek ministra rodziny, pracy i polityki spo\u0142ecznej Agnieszka Dziemianowicz-B\u0105k. Poda\u0142a, \u017ce procedura ju\u017c zosta\u0142a rozpocz\u0119ta.", "permanent": false, "comments": [], "vote": 0, "album": "", "link": "https://forsal.pl/gospodarka/prawo/artykuly/9423755,zus-kto-stanie-na-czele-zakladu-ubezpieczen-spolecznych.html", "page_rating_votes": 0, "thumbnail": null, "age": null}, {"bookmarked": false, "page_rating_contents": 0, "source": "https://forsal.pl/.feed", "page_rating": 0, "user": null, "tags": [], "date_published": "2024-02-02T18:45:37+00:00", "dead": false, "page_rating_visits": 0, "artist": "Forsal.pl", "language": "pl", "title": "Makejew: Niemcy odgrywaj\u0105 wiod\u0105c\u0105 rol\u0119 we wspieraniu Ukrainy", "source_obj__id": 110, "description": "<img align=\"right\" hspace=\"5\" src=\"https://ocdn.eu/pulscms-transforms/1/1ddktkuTURBXy9jMDBjZDdjOS05MWEwLTQ1NzQtOGE2Mi0wZTE3NDc2OTk4OWUuanBlZ5GTBc0BHcyg\" />Po decyzji UE o udzieleniu Ukrainie pomocy finansowej w wysoko\u015bci 50 miliard\u00f3w euro ambasador Ukrainy w Niemczech O\u0142eksij Makejew pochwali\u0142 niemiecki rz\u0105d i kanclerza Olafa Scholza. Niemcy odgrywaj\u0105 &quot;wiod\u0105c\u0105 rol\u0119&quot; we wspieraniu Ukrainy w Europie, stwierdzi\u0142 dyplomata.", "permanent": false, "comments": [], "vote": 0, "album": "", "link": "https://forsal.pl/swiat/aktualnosci/artykuly/9423751,makejew-niemcy-odgrywaja-wiodaca-role-we-wspieraniu-ukrainy.html", "page_rating_votes": 0, "thumbnail": null, "age": null}, {"bookmarked": false, "page_rating_contents": 0, "source": "https://forsal.pl/.feed", "page_rating": 0, "user": null, "tags": [], "date_published": "2024-02-02T18:42:17+00:00", "dead": false, "page_rating_visits": 0, "artist": "Forsal.pl", "language": "pl", "title": "Rzesz\u00f3w. Zarejestrowano pierwszy komitet wyborczy", "source_obj__id": 110, "description": "<img align=\"right\" hspace=\"5\" src=\"https://ocdn.eu/pulscms-transforms/1/amLktkuTURBXy81MjRmZGNiMy0wMmNhLTQ2YTMtOGUyOC03MzA0YzE2OTdjYTkuanBlZ5GTBc0BHcyg\" />W rzeszowskiej delegaturze Krajowego Biura Wyborczego zarejestrowa\u0142 si\u0119 pierwszy komitet wyborczy: obecnie urz\u0119duj\u0105cego prezydenta Rzeszowa Konrada Fijo\u0142ka.", "permanent": false, "comments": [], "vote": 0, "album": "", "link": "https://forsal.pl/gospodarka/polityka/artykuly/9423750,rzeszow-zarejestrowano-pierwszy-komitet-wyborczy.html", "page_rating_votes": 0, "thumbnail": null, "age": null}, {"bookmarked": false, "page_rating_contents": 0, "source": "https://forsal.pl/.feed", "page_rating": 0, "user": null, "tags": [], "date_published": "2024-02-02T18:23:51+00:00", "dead": false, "page_rating_visits": 0, "artist": "Forsal.pl", "language": "pl", "title": "Ustawa o pomocy Ukrainie i reformy imigracyjne. Murphy: Mamy porozumienie w Senacie", "source_obj__id": 110, "description": "<img align=\"right\" hspace=\"5\" src=\"https://ocdn.eu/pulscms-transforms/1/PrPktkuTURBXy9hZGY4OGI2Yy1jZjc1LTRlYjYtOGJlMy1lZWRjYWFhM2Y3YTkuanBlZ5GTBc0BHcyg\" />G\u0142\u00f3wny negocjator demokrat\u00f3w senator Chris Murphy og\u0142osi\u0142 w pi\u0105tek, \u017ce obie partie w Senacie zawar\u0142y porozumienie w sprawie projektu ustawy \u0142\u0105cz\u0105cego \u015brodki na pomoc Ukrainie z reformami imigracyjnymi. Tekst projektu ma zosta\u0107 opublikowany w weekend, za\u015b g\u0142osowanie odb\u0119dzie si\u0119 w przysz\u0142ym tygodniu. Sukces nie jest jednak pewny ze wzgl\u0119du na mo\u017cliwe odrzucenie projektu przez Izb\u0119 Reprezentant\u00f3w", "permanent": false, "comments": [], "vote": 0, "album": "", "link": "https://forsal.pl/swiat/usa/artykuly/9423747,ustawa-o-pomocy-ukrainie-i-reformy-imigracyjne-murphy-mamy-porozumienie-w-senacie.html", "page_rating_votes": 0, "thumbnail": null, "age": null}, {"bookmarked": false, "page_rating_contents": 0, "source": "https://forsal.pl/.feed", "page_rating": 0, "user": null, "tags": [], "date_published": "2024-02-02T17:57:49+00:00", "dead": false, "page_rating_visits": 0, "artist": "Forsal.pl", "language": "pl", "title": "Sikorski do Blinkena: Powodzenia w pilnej misji na Bliskim Wschodzie", "source_obj__id": 110, "description": "<img align=\"right\" hspace=\"5\" src=\"https://ocdn.eu/pulscms-transforms/1/1KIktkuTURBXy85MTkyZDcyZC05MmNhLTQ4MjEtOGJjZi1jNTU0MTAyN2U0MTYuanBlZ5GTBc0BHcyg\" />Powodzenia w pilnej misji na Bliskim Wschodzie w przysz\u0142ym tygodniu - napisa\u0142 w pi\u0105tek szef MSZ Rados\u0142aw Sikorski zwracaj\u0105c si\u0119 do sekretarza stanu USA Antonego Blinkena. Mam nadziej\u0119, \u017ce spotkamy si\u0119 w Waszyngtonie, gdy sytuacja si\u0119 uspokoi - doda\u0142.", "permanent": false, "comments": [], "vote": 0, "album": "", "link": "https://forsal.pl/gospodarka/polityka/artykuly/9423742,sikorski-do-blinkena-powodzenia-w-pilnej-misji-na-bliskim-wschodzie.html", "page_rating_votes": 0, "thumbnail": null, "age": null}, {"bookmarked": false, "page_rating_contents": 0, "source": "https://forsal.pl/.feed", "page_rating": 0, "user": null, "tags": [], "date_published": "2024-02-02T17:44:34+00:00", "dead": false, "page_rating_visits": 0, "artist": "Forsal.pl", "language": "pl", "title": "Chirurg onkologiczny: Liczba nowotwor\u00f3w z\u0142o\u015bliwych ro\u015bnie", "source_obj__id": 110, "description": "<img align=\"right\" hspace=\"5\" src=\"https://ocdn.eu/pulscms-transforms/1/SnJktkuTURBXy9kMDY3MTJhNy1kNjUxLTQ1NTItYjZiMy04NGMyZTg1M2FlOTMuanBlZ5GTBc0BHcyg\" />Liczba nowotwor\u00f3w z\u0142o\u015bliwych tylko ro\u015bnie, wi\u0119c potrzeby b\u0119d\u0105 jeszcze wi\u0119ksze - powiedzia\u0142 w pi\u0105tek kierownik Kliniki Chirurgii Onkologicznej USK1 w Lublinie prof. dr hab. n. med. Wojciech Polkowski. Jego zdaniem, w leczeniu cz\u0119\u015bci chor\u00f3b onkologicznych zauwa\u017cy\u0107 mo\u017cna istotne post\u0119py.", "permanent": false, "comments": [], "vote": 0, "album": "", "link": "https://forsal.pl/lifestyle/zdrowie/artykuly/9423741,chirurg-onkologiczny-liczba-nowotworow-zlosliwych-rosnie.html", "page_rating_votes": 0, "thumbnail": null, "age": null}, {"bookmarked": false, "page_rating_contents": 0, "source": "https://forsal.pl/.feed", "page_rating": 0, "user": null, "tags": [], "date_published": "2024-02-02T17:30:31+00:00", "dead": false, "page_rating_visits": 0, "artist": "Forsal.pl", "language": "pl", "title": "Nowa forma oszustwa w sieci. Policja ostrzega. 27-latek straci\u0142 ponad 20 tys. z\u0142", "source_obj__id": 110, "description": "<img align=\"right\" hspace=\"5\" src=\"https://ocdn.eu/pulscms-transforms/1/bmektkuTURBXy9hN2FlOWZjYy0wNjE4LTQyYTgtYjEyNS00NGZjYWVjNjMwNGQuanBlZ5GTBc0BHcyg\" />Gda\u0144szczanin zatrudni\u0142 si\u0119 w wirtualnym biurze i na zlecenie oszust\u00f3w wykonywa\u0142 prace w sieci. Pokrzywdzony widzia\u0142 zyski na swoim wirtualnym portfelu, ale aby otrzymywa\u0107 kolejne zlecenia, musia\u0142 realizowa\u0107 prawdziwe przelewy. Straci\u0142 ponad 20 tys. z\u0142.", "permanent": false, "comments": [], "vote": 0, "album": "", "link": "https://forsal.pl/praca/aktualnosci/artykuly/9423740,nowa-forma-oszustwa-w-sieci-policja-ostrzega-27-latek-stracil-ponad-20-tys-zl.html", "page_rating_votes": 0, "thumbnail": null, "age": null}, {"bookmarked": false, "page_rating_contents": 78, "source": "https://forsal.pl/.feed", "page_rating": 78, "user": null, "tags": [], "date_published": "2024-02-02T17:23:17+00:00", "dead": false, "page_rating_visits": 1, "artist": "Forsal.pl", "language": "pl", "title": "Sprawa Grety Thunberg. Jest wyrok s\u0105du", "source_obj__id": 110, "description": "<img align=\"right\" hspace=\"5\" src=\"https://ocdn.eu/pulscms-transforms/1/R_2ktkuTURBXy9mYWY2YTZjMy01YzI0LTQ1ZTAtODVhMS1lOTQ3YjliOTYwOGMuanBlZ5GTBc0BHcyg\" />Szwedzka aktywistka klimatyczna Greta Thunberg zosta\u0142a w pi\u0105tek oczyszczona przez s\u0105d w Londynie z zarzutu naruszenia porz\u0105dku publicznego w zwi\u0105zku z protestem przed konferencj\u0105 naftowo-gazow\u0105 w ubieg\u0142ym roku.", "permanent": false, "comments": [], "vote": 0, "album": "", "link": "https://forsal.pl/swiat/aktualnosci/artykuly/9423736,sprawa-grety-thunberg-jest-wyrok-sadu.html", "page_rating_votes": 0, "thumbnail": "https://ocdn.eu/pulscms-transforms/1/NcvktkuTURBXy9mYWY2YTZjMy01YzI0LTQ1ZTAtODVhMS1lOTQ3YjliOTYwOGMuanBlZ5GTBc0EsM0CdA", "age": null}, {"bookmarked": false, "page_rating_contents": 0, "source": "https://forsal.pl/.feed", "page_rating": 0, "user": null, "tags": [], "date_published": "2024-02-02T17:11:05+00:00", "dead": false, "page_rating_visits": 0, "artist": "Forsal.pl", "language": "pl", "title": "Adam Bodnar odwo\u0142a\u0142 Kamila Zaradkiewicza z funkcji dyrektora KSSiP", "source_obj__id": 110, "description": "<img align=\"right\" hspace=\"5\" src=\"https://ocdn.eu/pulscms-transforms/1/CWIktkuTURBXy85MGM2NTU0MC05MzhkLTQ5NzUtOTA1Zi03MWFiZDMwYjgzYTUuanBlZ5GTBc0BHcyg\" />Minister sprawiedliwo\u015bci Adam Bodnar odwo\u0142a\u0142 w pi\u0105tek s\u0119dziego Kamila Zaradkiewicza z funkcji dyrektora Krajowej Szko\u0142y S\u0105downictwa i Prokuratury. Na p.o. dyrektora powo\u0142a\u0142 s\u0119dziego Ryszarda Sadlika - poinformowa\u0142o MS. W przysz\u0142ym tygodniu b\u0119dzie og\u0142oszony konkurs na nowego szefa KSSiP.", "permanent": false, "comments": [], "vote": 0, "album": "", "link": "https://forsal.pl/gospodarka/prawo/artykuly/9423733,adam-bodnar-odwolal-kamila-zaradkiewicza-z-funkcji-dyrektora-kssip.html", "page_rating_votes": 0, "thumbnail": null, "age": null}, {"bookmarked": false, "page_rating_contents": 0, "source": "https://forsal.pl/.feed", "page_rating": 0, "user": null, "tags": [], "date_published": "2024-02-02T17:06:41+00:00", "dead": false, "page_rating_visits": 0, "artist": "Forsal.pl", "language": "pl", "title": "74-latek wrzuci\u0142 do morza ok. 900 kg ulotek, kt\u00f3re mia\u0142 rozdawa\u0107", "source_obj__id": 110, "description": "<img align=\"right\" hspace=\"5\" src=\"https://ocdn.eu/pulscms-transforms/1/HlektkuTURBXy84NWQ3Y2QwMS0xNjIyLTRjNjItYTJjZC1jYzQ4ZGFhOGZmMWUuanBlZ5GTBc0BHcyg\" />Biuro Stra\u017cy Przybrze\u017cnej w Moji zatrzyma\u0142o 74-latka pod zarzutem wyrzucenia ok. 900 kg ulotek reklamowych do cie\u015bniny Kanmon w zachodniej Japonii \u2013 poda\u0142 w pi\u0105tek portal Mainichi.", "permanent": false, "comments": [], "vote": 0, "album": "", "link": "https://forsal.pl/praca/artykuly/9423732,74-latek-wrzucil-do-morza-ok-900-kg-ulotek-ktore-mial-rozdawac.html", "page_rating_votes": 0, "thumbnail": null, "age": null}, {"bookmarked": false, "page_rating_contents": 0, "source": "https://forsal.pl/.feed", "page_rating": 0, "user": null, "tags": [], "date_published": "2024-02-02T16:53:55+00:00", "dead": false, "page_rating_visits": 0, "artist": "Forsal.pl", "language": "pl", "title": "Reparacji nie b\u0119dzie. Jak Niemcy mog\u0105 zado\u015b\u0107uczyni\u0107 za straty wojenne?", "source_obj__id": 110, "description": "<img align=\"right\" hspace=\"5\" src=\"https://ocdn.eu/pulscms-transforms/1/Jc3ktktTURBXy9kZjY0OGFjNy0zNTY4LTRiYTktOGQ0MC0wMGNjMWE4NjNmNDcucG5nkZMFzQEdzKA\" />O tym, \u017ce temat reparacji dla Berlina jest zamkni\u0119ty, przedstawiciele niemieckiego rz\u0105du m\u00f3wili ju\u017c wielokrotnie. W takim tonie by\u0142a utrzymana m.in. odpowied\u017a na polsk\u0105 not\u0119 dyplomatyczn\u0105 dotycz\u0105c\u0105 odszkodowa\u0144 za straty poniesione w czasie II Wojny \u015awiatowej.", "permanent": false, "comments": [], "vote": 0, "album": "", "link": "https://forsal.pl/gospodarka/polityka/artykuly/9422614,reparacje-wojenne-niemcy-polska-jakie-kiedy.html", "page_rating_votes": 0, "thumbnail": null, "age": null}, {"bookmarked": false, "page_rating_contents": 0, "source": "https://forsal.pl/.feed", "page_rating": 0, "user": null, "tags": [], "date_published": "2024-02-02T16:29:48+00:00", "dead": false, "page_rating_visits": 0, "artist": "Forsal.pl", "language": "pl", "title": "Co dalej z KSeF? Ministerstwo Finans\u00f3w podaje termin", "source_obj__id": 110, "description": "<img align=\"right\" hspace=\"5\" src=\"https://ocdn.eu/pulscms-transforms/1/B6rktkuTURBXy8xNjQ0ZDIyYS1mZTYyLTQwNmItODUzMi00NmFkYjM1NmJlMDkuanBlZ5GTBc0BHcyg\" />undefined", "permanent": false, "comments": [], "vote": 0, "album": "", "link": "https://forsal.pl/finanse/aktualnosci/artykuly/9423724,co-dalej-z-ksef-ministerstwo-finansow-podaje-termin.html", "page_rating_votes": 0, "thumbnail": null, "age": null}, {"bookmarked": false, "page_rating_contents": 0, "source": "https://forsal.pl/.feed", "page_rating": 0, "user": null, "tags": [], "date_published": "2024-02-02T16:20:15+00:00", "dead": false, "page_rating_visits": 0, "artist": "Forsal.pl", "language": "pl", "title": "Praca w Polsce. Oto zawody, na kt\u00f3re b\u0119dzie szczeg\u00f3lne zapotrzebowanie [LISTA]", "source_obj__id": 110, "description": "<img align=\"right\" hspace=\"5\" src=\"https://ocdn.eu/pulscms-transforms/1/z3JktkuTURBXy83Y2IzOWUwMi02ZGU3LTQ3MmItYmUyOC03N2RkNTVlMzk4MGMuanBlZ5GTBc0BHcyg\" />34 pozycje znalaz\u0142y si\u0119 na nowej li\u015bcie zawod\u00f3w, dla kt\u00f3rych jest prognozowane szczeg\u00f3lne zapotrzebowanie na krajowym rynku pracy. W\u015br\u00f3d nich jest jeden nowy: technik elektromobilno\u015bci \u2013 poda\u0142o w pi\u0105tek Ministerstwo Edukacji Narodowej.", "permanent": false, "comments": [], "vote": 0, "album": "", "link": "https://forsal.pl/praca/aktualnosci/artykuly/9423720,praca-w-polsce-oto-zawody-na-ktore-bedzie-szczegolne-zapotrzebowanie-lista.html", "page_rating_votes": 0, "thumbnail": null, "age": null}, {"bookmarked": false, "page_rating_contents": 0, "source": "https://forsal.pl/.feed", "page_rating": 0, "user": null, "tags": [], "date_published": "2024-02-02T15:55:30+00:00", "dead": false, "page_rating_visits": 0, "artist": "Forsal.pl", "language": "pl", "title": "Pesa wje\u017cd\u017ca do Afryki. Pierwszy poci\u0105g dla Ghany ju\u017c gotowy", "source_obj__id": 110, "description": "<img align=\"right\" hspace=\"5\" src=\"https://ocdn.eu/pulscms-transforms/1/Oh4ktkuTURBXy9kZTdlNmU2My1lODUyLTRiNzUtYWI5NS0xODExM2ZiZTFjMGUuanBlZ5GTBc0BHcyg\" />Bydgoski producent zaprezentowa\u0142 pierwszy sk\u0142ad wyprodukowany dla kolei w Ghanie. Podpisana przez Pes\u0119 umowa ramowa zak\u0142ada dostaw\u0119 do 12 pojazd\u00f3w.", "permanent": false, "comments": [], "vote": 0, "album": "", "link": "https://forsal.pl/transport/kolej/artykuly/9423708,pesa-wjezdza-do-afryki-pierwszy-pociag-dla-ghany-juz-gotowy.html", "page_rating_votes": 0, "thumbnail": null, "age": null}, {"bookmarked": false, "page_rating_contents": 0, "source": "https://forsal.pl/.feed", "page_rating": 0, "user": null, "tags": [], "date_published": "2024-02-02T15:23:38+00:00", "dead": false, "page_rating_visits": 0, "artist": "Forsal.pl", "language": "pl", "title": "Niemiecki Bundestag zatwierdzi\u0142 bud\u017cet na bie\u017c\u0105cy rok", "source_obj__id": 110, "description": "<img align=\"right\" hspace=\"5\" src=\"https://ocdn.eu/pulscms-transforms/1/245ktkuTURBXy8yNGEyNzE4NS02MDBiLTQ4NDMtYjFmOS1jNDU5ZDAxODU5MmMuanBlZ5GTBc0BHcyg\" />Niemiecki Bundestag zatwierdzi\u0142 w pi\u0105tek bud\u017cet na 2024 rok. Pierwotnie bud\u017cet mia\u0142 zosta\u0107 przyj\u0119ty w grudniu 2023 roku. Jednak orzeczenie Federalnego Trybuna\u0142u Konstytucyjnego pokrzy\u017cowa\u0142o plany rz\u0105du SPD, Zielonych i FDP.", "permanent": false, "comments": [], "vote": 0, "album": "", "link": "https://forsal.pl/finanse/aktualnosci/artykuly/9423701,niemiecki-bundestag-zatwierdzil-budzet-na-biezacy-rok.html", "page_rating_votes": 0, "thumbnail": null, "age": null}, {"bookmarked": false, "page_rating_contents": 0, "source": "https://forsal.pl/.feed", "page_rating": 0, "user": null, "tags": [], "date_published": "2024-02-02T14:37:45+00:00", "dead": false, "page_rating_visits": 0, "artist": "Forsal.pl", "language": "pl", "title": "Wizyta Sikorskiego w Stanach Zjednoczonych przesuni\u0119ta. MSZ poda\u0142o pow\u00f3d", "source_obj__id": 110, "description": "<img align=\"right\" hspace=\"5\" src=\"https://ocdn.eu/pulscms-transforms/1/1KIktkuTURBXy85MTkyZDcyZC05MmNhLTQ4MjEtOGJjZi1jNTU0MTAyN2U0MTYuanBlZ5GTBc0BHcyg\" />Zaplanowana na przysz\u0142y tydzie\u0144 wizyta ministra spraw zagranicznych Rados\u0142awa Sikorskiego w USA zosta\u0142a przesuni\u0119ta z uwagi na pilne obowi\u0105zki sekretarza stanu USA Antonego Blinkena - poda\u0142o w pi\u0105tek MSZ.", "permanent": false, "comments": [], "vote": 0, "album": "", "link": "https://forsal.pl/swiat/aktualnosci/artykuly/9423681,wizyta-sikorskiego-w-stanach-zjednoczonych-przesunieta-msz-podalo-powod.html", "page_rating_votes": 0, "thumbnail": null, "age": null}, {"bookmarked": false, "page_rating_contents": 0, "source": "https://forsal.pl/.feed", "page_rating": 0, "user": null, "tags": [], "date_published": "2024-02-02T14:16:01+00:00", "dead": false, "page_rating_visits": 0, "artist": "Forsal.pl", "language": "pl", "title": "Rada Nadzorcza Enei odwo\u0142a\u0142a prezesa Paw\u0142a Majewskiego", "source_obj__id": 110, "description": "<img align=\"right\" hspace=\"5\" src=\"https://ocdn.eu/pulscms-transforms/1/HnQktkuTURBXy9kZTcyMDUwMi00MzEwLTRjNDMtOTEyOC01YmI3MDg2ZDNlZjguanBlZ5GTBc0BHcyg\" />Rada Nadzorcza Enei odwo\u0142a\u0142a w pi\u0105tek prezesa Paw\u0142a Majewskiego i czasowo powierzy\u0142a wykonywanie czynno\u015bci prezesa zarz\u0105du Monice Stareckiej, zasiadaj\u0105cej w radzie nadzorczej - poinformowa\u0142a sp\u00f3\u0142ka.", "permanent": false, "comments": [], "vote": 0, "album": "", "link": "https://forsal.pl/biznes/aktualnosci/artykuly/9423653,rada-nadzorcza-enei-odwolala-prezesa-pawla-majewskiego.html", "page_rating_votes": 0, "thumbnail": null, "age": null}, {"bookmarked": false, "page_rating_contents": 0, "source": "https://forsal.pl/.feed", "page_rating": 0, "user": null, "tags": [], "date_published": "2024-02-02T14:10:44+00:00", "dead": false, "page_rating_visits": 0, "artist": "Forsal.pl", "language": "pl", "title": "WIO\u015a zawiadomi\u0142 prokuratur\u0119. Chodzi o teren toru\u0144skiej Winnicy, gdzie ma powsta\u0107 \"drapacz chmur\"", "source_obj__id": 110, "description": "<img align=\"right\" hspace=\"5\" src=\"https://ocdn.eu/pulscms-transforms/1/u3mktkuTURBXy9lZTc4YmRlMy01NGM1LTQ0MDUtOGQ4Yi05Mzg1NDEwNjY2M2IuanBlZ5GTBc0BHcyg\" />Wojew\u00f3dzki Inspektorat Ochrony \u015arodowiska w Bydgoszczy z\u0142o\u017cy\u0142 w pi\u0105tek do Prokuratury Rejonowej Toru\u0144-Wsch\u00f3d zawiadomienie o podejrzeniu pope\u0142nienia przest\u0119pstwa po nawiezieniu ziemi i gruzu w obszarze Natura 2000. Chodzi o teren toru\u0144skiej Winnicy, gdzie ma powsta\u0107 &quot;drapacz chmur&quot;.", "permanent": false, "comments": [], "vote": 0, "album": "", "link": "https://forsal.pl/gospodarka/prawo/artykuly/9423650,wios-zawiadomil-prokurature-chodzi-o-teren-torunskiej-winnicy-gdzie-ma-powstac-drapacz-chmur.html", "page_rating_votes": 0, "thumbnail": null, "age": null}, {"bookmarked": false, "page_rating_contents": 0, "source": "https://forsal.pl/.feed", "page_rating": 0, "user": null, "tags": [], "date_published": "2024-02-02T14:00:00+00:00", "dead": false, "page_rating_visits": 0, "artist": "Forsal.pl", "language": "pl", "title": "Metaverse mocno zawodzi. Konsumenci nie chc\u0105 wej\u015b\u0107 do wirtualnej gospodarki", "source_obj__id": 110, "description": "<img align=\"right\" hspace=\"5\" src=\"https://ocdn.eu/pulscms-transforms/1/xEkktktTURBXy84MDhhODk0Mi01ODk5LTQ4NGYtOTcyMi0yMTU3ZjAyZjE1OWIucG5nkZMFzQEdzKA\" />Jeszcze niedawno tr\u00f3jwymiarowy \u015bwiat awatar\u00f3w rozpala\u0142 oczekiwania firm technologicznych i inwestor\u00f3w. Mia\u0142a powsta\u0107 bli\u017aniacza do tradycyjnej wirtualna gospodarka. Po dw\u00f3ch latach okazuje si\u0119, \u017ce do nowych wirtualnych mo\u017cliwo\u015bci z dystansem podchodz\u0105 konsumenci, kt\u00f3rzy mieli by\u0107 si\u0142\u0105 nap\u0119dzaj\u0105ca metaverse.", "permanent": false, "comments": [], "vote": 0, "album": "", "link": "https://forsal.pl/lifestyle/technologie/artykuly/9414289,metaverse-mocno-zawodzi-konsumenci-nie-chca-wejsc-do-wirtualnej-gospo.html", "page_rating_votes": 0, "thumbnail": null, "age": null}, {"bookmarked": false, "page_rating_contents": 0, "source": "https://forsal.pl/.feed", "page_rating": 0, "user": null, "tags": [], "date_published": "2024-02-02T13:46:45+00:00", "dead": false, "page_rating_visits": 0, "artist": "Forsal.pl", "language": "pl", "title": "Polityka ws. Ukrainy. Duda: W tej kwestii nie ma mi\u0119dzy mn\u0105 a Donaldem Tuskiem r\u00f3\u017cnic", "source_obj__id": 110, "description": "<img align=\"right\" hspace=\"5\" src=\"https://ocdn.eu/pulscms-transforms/1/4VpktkuTURBXy8wNWMzNjI4Yi0xNmRhLTRmZDEtYTViNi1kNTk3YjlmM2E1MTIuanBlZ5GTBc0BHcyg\" />Zwo\u0142anie Rady Gabinetowej jest spojrzeniem w przysz\u0142o\u015b\u0107. Nie chcia\u0142bym, aby nasze codzienne spory polityczno-prawne przes\u0142oni\u0142y to, \u017ce s\u0105 te\u017c inne cele, bardziej d\u0142ugofalowe i strategiczne, w kt\u00f3rych mo\u017cemy si\u0119 porozumie\u0107 - powiedzia\u0142 w pi\u0105tek Interii prezydent Andrzej Duda.", "permanent": false, "comments": [], "vote": 0, "album": "", "link": "https://forsal.pl/gospodarka/polityka/artykuly/9423633,polityka-ws-ukrainy-duda-w-tej-kwestii-nie-ma-miedzy-mna-a-donaldem-tuskiem-roznic.html", "page_rating_votes": 0, "thumbnail": null, "age": null}, {"bookmarked": false, "page_rating_contents": 0, "source": "https://forsal.pl/.feed", "page_rating": 0, "user": null, "tags": [], "date_published": "2024-02-02T13:37:51+00:00", "dead": false, "page_rating_visits": 0, "artist": "Forsal.pl", "language": "pl", "title": "Tabletka \"dzie\u0144 po\". Ar\u0142ukowicz: Komisja Zdrowia w \u015brod\u0119 zajmie si\u0119 projektem noweli", "source_obj__id": 110, "description": "<img align=\"right\" hspace=\"5\" src=\"https://ocdn.eu/pulscms-transforms/1/DWWktkuTURBXy9mZWIxYTY3Ni0yOTQwLTRjYzYtYmZmZi02MDA0OWUyNTUyNDYuanBlZ5GTBc0BHcyg\" />Jedziemy w Komisji Zdrowia z tabletk\u0105 &quot;dzie\u0144 po&quot; tak szybko, jak si\u0119 da. Posiedzenie w tej sprawie w najbli\u017csz\u0105 \u015brod\u0119 \u2013 przekaza\u0142 w pi\u0105tek przewodnicz\u0105cy sejmowej Komisji Zdrowia Bartosz Ar\u0142ukowicz.", "permanent": false, "comments": [], "vote": 0, "album": "", "link": "https://forsal.pl/gospodarka/prawo/artykuly/9423626,tabletka-dzien-po-arlukowicz-komisja-zdrowia-w-srode-zajmie-sie-projektem-noweli.html", "page_rating_votes": 0, "thumbnail": null, "age": null}, {"bookmarked": false, "page_rating_contents": 0, "source": "https://forsal.pl/.feed", "page_rating": 0, "user": null, "tags": [], "date_published": "2024-02-02T13:35:25+00:00", "dead": false, "page_rating_visits": 0, "artist": "Forsal.pl", "language": "pl", "title": "Pe\u0142czy\u0144ska-Na\u0142\u0119cz: Na pocz\u0105tku wp\u0142yn\u0105 do Polski pierwsze pieni\u0105dze z KPO", "source_obj__id": 110, "description": "<img align=\"right\" hspace=\"5\" src=\"https://ocdn.eu/pulscms-transforms/1/kT1ktkuTURBXy84ZWRmZTk2ZC0wOWYzLTQ4MTItYTE4Yy1jNjM1NTZlYjFlZGIuanBlZ5GTBc0BHcyg\" />Oczekuj\u0119, \u017ce na pocz\u0105tku kwietnia br. Polska otrzyma blisko 7 mld euro z Krajowego Planu Odbudowy (KPO) \u2013 przekaza\u0142a w pi\u0105tek podczas konferencji prasowej minister funduszy i polityki regionalnej Katarzyna Pe\u0142czy\u0144ska-Na\u0142\u0119cz. Doda\u0142a, \u017ce w lutym ma zako\u0144czy\u0107 si\u0119 audyt program\u00f3w w ramach KPO.", "permanent": false, "comments": [], "vote": 0, "album": "", "link": "https://forsal.pl/swiat/unia-europejska/artykuly/9423623,pelczynska-nalecz-na-poczatku-wplyna-do-polski-pierwsze-pieniadze-z-k.html", "page_rating_votes": 0, "thumbnail": null, "age": null}, {"bookmarked": false, "page_rating_contents": 0, "source": "https://forsal.pl/.feed", "page_rating": 0, "user": null, "tags": [], "date_published": "2024-02-02T13:30:18+00:00", "dead": false, "page_rating_visits": 0, "artist": "Forsal.pl", "language": "pl", "title": "MRPiPS poda\u0142 prognozowany wska\u017anik waloryzacji emerytur w 2024 r.", "source_obj__id": 110, "description": "<img align=\"right\" hspace=\"5\" src=\"https://ocdn.eu/pulscms-transforms/1/9PhktkuTURBXy8yYjE4MDk4NC1jNTI5LTRlNDctODg0ZC0yNjg0MWRlOTk3ZjQuanBlZ5GTBc0BHcyg\" />Prognozuje si\u0119, \u017ce wska\u017anik waloryzacji emerytur i rent w 2024 r. wyniesie nie mniej ni\u017c 12,3 proc. - poinformowa\u0142a ministra rodziny, pracy i polityki spo\u0142ecznej Agnieszka Dziemianowicz-B\u0105k. Przy takiej warto\u015bci wska\u017anika ca\u0142kowity koszt waloryzacji \u015bwiadcze\u0144 wyniesie ok. 43,6 mld z\u0142.", "permanent": false, "comments": [], "vote": 0, "album": "", "link": "https://forsal.pl/gospodarka/finanse-publiczne/artykuly/9423613,mrpips-podal-prognozowany-wskaznik-waloryzacji-emerytur-w-2024-r.html", "page_rating_votes": 0, "thumbnail": null, "age": null}, {"bookmarked": false, "page_rating_contents": 0, "source": "https://forsal.pl/.feed", "page_rating": 0, "user": null, "tags": [], "date_published": "2024-02-02T13:19:06+00:00", "dead": false, "page_rating_visits": 0, "artist": "Forsal.pl", "language": "pl", "title": "Dzisiejsze dane o rynku pracy w USA mog\u0105 mie\u0107 negatywny wp\u0142yw na wycen\u0119 z\u0142ot\u00f3wki", "source_obj__id": 110, "description": "<img align=\"right\" hspace=\"5\" src=\"https://ocdn.eu/pulscms-transforms/1/AsRktkuTURBXy81MjRlZjk2OC0xMTFmLTRjNDUtYTI1Ni1lNDYzYTBkMjlhMzIuanBlZ5GTBc0BHcyg\" />undefined", "permanent": false, "comments": [], "vote": 0, "album": "", "link": "https://forsal.pl/swiat/usa/artykuly/9423608,dzisiejsze-dane-o-rynku-pracy-w-usa-moga-miec-negatywny-wplyw-na-wycen.html", "page_rating_votes": 0, "thumbnail": null, "age": null}, {"bookmarked": false, "page_rating_contents": 0, "source": "https://forsal.pl/.feed", "page_rating": 0, "user": null, "tags": [], "date_published": "2024-02-02T13:11:10+00:00", "dead": false, "page_rating_visits": 0, "artist": "Forsal.pl", "language": "pl", "title": "Reuters: Polska planuje wycofa\u0107 z TSUE pozwy ws. polityki klimatycznej Unii", "source_obj__id": 110, "description": "<img align=\"right\" hspace=\"5\" src=\"https://ocdn.eu/pulscms-transforms/1/XwOktkuTURBXy9lNzIyMjM1OC1jNTE2LTQxMDItYTk4Yy0wOWNjMzQ5ODJjNDcuanBlZ5GTBc0BHcyg\" />Polska planuje wycofa\u0107 z Trybuna\u0142u Sprawiedliwo\u015bci UE w Luksemburgu pozwy (z\u0142o\u017cone tam przez poprzedni rz\u0105d przeciwko niekt\u00f3rym aspektom polityki klimatycznej Unii) - poinformowa\u0142a w pi\u0105tek agencja informacyjna Reutera.", "permanent": false, "comments": [], "vote": 0, "album": "", "link": "https://forsal.pl/gospodarka/polityka/artykuly/9423602,polska-planuje-wycofac-z-tsue-pozwy-ws-polityki-klimatycznej-unii.html", "page_rating_votes": 0, "thumbnail": null, "age": null}, {"bookmarked": false, "page_rating_contents": 0, "source": "https://forsal.pl/.feed", "page_rating": 0, "user": null, "tags": [], "date_published": "2024-02-02T12:53:39+00:00", "dead": false, "page_rating_visits": 0, "artist": "Forsal.pl", "language": "pl", "title": "Nowy spos\u00f3b leczenia ostrej bia\u0142aczki szpikowej. Leczenie dwoma lekami znacz\u0105co wyd\u0142u\u017ca \u017cycie pacjentom", "source_obj__id": 110, "description": "<img align=\"right\" hspace=\"5\" src=\"https://ocdn.eu/pulscms-transforms/1/dMrktkuTURBXy80YWMxYTBkOS1hOTg2LTQ4MzgtYjM2NC1lMTkxYjc3ZjI2M2YuanBlZ5GTBc0BHcyg\" />Skojarzenie dw\u00f3ch lek\u00f3w w leczeniu doros\u0142ych pacjent\u00f3w z nowo rozpoznan\u0105 ostr\u0105 bia\u0142aczk\u0105 szpikow\u0105 z mutacj\u0105 IDH1 da\u0142o 3-krotne wyd\u0142u\u017cenie czasu prze\u017cycia - poinformowa\u0142a prof. Agnieszka Wierzbowska z Kliniki Hematologii Medycznego w \u0141odzi. Jej zdaniem to znaczny post\u0119p i dotyczy najtrudniejszej do leczenia grupy pacjent\u00f3w.", "permanent": false, "comments": [], "vote": 0, "album": "", "link": "https://forsal.pl/lifestyle/zdrowie/artykuly/9423551,nowy-sposob-leczenia-ostrej-bialaczki-szpikowej-leczenie-dwoma-lekami.html", "page_rating_votes": 0, "thumbnail": null, "age": null}, {"bookmarked": false, "page_rating_contents": 0, "source": "https://forsal.pl/.feed", "page_rating": 0, "user": null, "tags": [], "date_published": "2024-02-02T12:14:53+00:00", "dead": false, "page_rating_visits": 0, "artist": "Forsal.pl", "language": "pl", "title": "Jest megawat do produkcji czekolady. Czy b\u0119d\u0105 gigawaty dla przemys\u0142u ci\u0119\u017ckiego?", "source_obj__id": 110, "description": "<img align=\"right\" hspace=\"5\" src=\"https://ocdn.eu/pulscms-transforms/1/IIUktkuTURBXy8yMWZmOTY1Yy1hMDU3LTRiNDktOTYxNi0yODMyNzEwZDc5OTcuanBlZ5GTBc0BHcyg\" />Niespe\u0142na 1 MW mocy w fotowoltaice dla producenta s\u0142odyczy - to dotychczasowe efekty legislacyjnego &quot;uwolnienia&quot; linii bezpo\u015brednich. Na bardziej spektakularne inwestycje na razie si\u0119 nie zanosi.", "permanent": false, "comments": [], "vote": 0, "album": "", "link": "https://forsal.pl/biznes/energetyka/artykuly/9417265,jest-megawat-do-produkcji-czekolady-czy-beda-gigawaty-dla-przemyslu-c.html", "page_rating_votes": 0, "thumbnail": null, "age": null}, {"bookmarked": false, "page_rating_contents": 0, "source": "https://forsal.pl/.feed", "page_rating": 0, "user": null, "tags": [], "date_published": "2024-02-02T11:55:46+00:00", "dead": false, "page_rating_visits": 0, "artist": "Forsal.pl", "language": "pl", "title": "Mimo wcze\u015bniejszych protest\u00f3w rolnik\u00f3w Bundestag zadecydowa\u0142 o zniesieniu ulg podatkowych", "source_obj__id": 110, "description": "<img align=\"right\" hspace=\"5\" src=\"https://ocdn.eu/pulscms-transforms/1/245ktkuTURBXy8yNGEyNzE4NS02MDBiLTQ4NDMtYjFmOS1jNDU5ZDAxODU5MmMuanBlZ5GTBc0BHcyg\" />Bundestag zatwierdzi\u0142 budz\u0105c\u0105 kontrowersje likwidacj\u0119 ulgi podatkowej na olej nap\u0119dowy dla bran\u017cy rolniczej. W przyj\u0119tej w pi\u0105tek przez parlament ustawie bud\u017cetowej przewidziano stopniowe zniesienie tej ulgi \u2013 poinformowa\u0142a dpa.", "permanent": false, "comments": [], "vote": 0, "album": "", "link": "https://forsal.pl/biznes/rolnictwo/artykuly/9423515,mimo-wczesniejszych-protestow-rolnikow-bundestag-zadecydowal-o-zniesie.html", "page_rating_votes": 0, "thumbnail": null, "age": null}, {"bookmarked": false, "page_rating_contents": 0, "source": "https://forsal.pl/.feed", "page_rating": 0, "user": null, "tags": [], "date_published": "2024-02-02T11:51:33+00:00", "dead": false, "page_rating_visits": 0, "artist": "Forsal.pl", "language": "pl", "title": "Miliony na odchodne: Nowe dane o nagrodach w resortach PiS", "source_obj__id": 110, "description": "<img align=\"right\" hspace=\"5\" src=\"https://ocdn.eu/pulscms-transforms/1/e6EktkuTURBXy84NTJjNWU5Mi0zZGNlLTQ2ODgtYjYyZi1hMzgwMTk2YWUyNTUuanBlZ5GTBc0BHcyg\" />W 2023 roku, w atmosferze zbli\u017caj\u0105cych si\u0119 wybor\u00f3w parlamentarnych, ministrowie odchodz\u0105cego rz\u0105du PiS hojnie obdarowali swoich wsp\u00f3\u0142pracownik\u00f3w nagrodami. Business Insider Polska, wnikliwie analizuj\u0105c dane z kolejnych ministerstw, ujawnia skal\u0119 tego zjawiska, rzucaj\u0105c \u015bwiat\u0142o na niepokoj\u0105ce trendy.", "permanent": false, "comments": [], "vote": 0, "album": "", "link": "https://forsal.pl/gospodarka/polityka/artykuly/9423513,miliony-na-odchodne-nowe-dane-o-nagrodach-w-resortach-pis.html", "page_rating_votes": 0, "thumbnail": null, "age": null}, {"bookmarked": false, "page_rating_contents": 0, "source": "https://forsal.pl/.feed", "page_rating": 0, "user": null, "tags": [], "date_published": "2024-02-02T11:32:22+00:00", "dead": false, "page_rating_visits": 0, "artist": "Forsal.pl", "language": "pl", "title": "Pawe\u0142 Gra\u015b zosta\u0142 szefem gabinetu politycznego premiera Donalda Tuska", "source_obj__id": 110, "description": "<img align=\"right\" hspace=\"5\" src=\"https://ocdn.eu/pulscms-transforms/1/qqsktkuTURBXy8wMGM0OTYzZC1kNmJmLTRlMzItODFmOS1kOGU3YjFhNzY0YWEuanBlZ5GTBc0BHcyg\" />Szef KPRM Jan Grabiec przekaza\u0142 w pi\u0105tek, \u017ce Pawe\u0142 Gra\u015b pe\u0142ni ju\u017c funkcj\u0119 szefa gabinetu politycznego premiera Donalda Tuska. Gra\u015b to jeden z bardziej do\u015bwiadczonych polityk\u00f3w, a jego do\u015bwiadczenie na pewno bardzo si\u0119 przyda - podkre\u015bli\u0142 Grabiec.", "permanent": false, "comments": [], "vote": 0, "album": "", "link": "https://forsal.pl/gospodarka/polityka/artykuly/9423500,pawel-gras-zostal-szefem-gabinetu-politycznego-premiera-donalda-tuska.html", "page_rating_votes": 0, "thumbnail": null, "age": null}, {"bookmarked": false, "page_rating_contents": 0, "source": "https://forsal.pl/.feed", "page_rating": 0, "user": null, "tags": [], "date_published": "2024-02-02T11:27:38+00:00", "dead": false, "page_rating_visits": 0, "artist": "Forsal.pl", "language": "pl", "title": "4 lutego \u2013 czy sklepy tego dnia s\u0105 otwarte? Niedziele handlowe w 2024 roku", "source_obj__id": 110, "description": "<img align=\"right\" hspace=\"5\" src=\"https://ocdn.eu/pulscms-transforms/1/t96ktkuTURBXy8xMDRiZmM0Zi1mZTlmLTRiNTctOWY2Yy02ZjAyODc5NzVhZWMuanBlZ5GTBc0BHcyg\" />Czy w niedziel\u0119 (4 lutego 2024 r.) zrobimy zakupy w Polsce? Sprawd\u017a harmonogram niedziel handlowych.", "permanent": false, "comments": [], "vote": 0, "album": "", "link": "https://forsal.pl/biznes/handel/artykuly/9396847,4-lutego-czy-sklepy-tego-dnia-sa-otwarte-niedziele-handlowe-w-2024-roku.html", "page_rating_votes": 0, "thumbnail": null, "age": null}, {"bookmarked": false, "page_rating_contents": 0, "source": "https://forsal.pl/.feed", "page_rating": 0, "user": null, "tags": [], "date_published": "2024-02-02T11:19:41+00:00", "dead": false, "page_rating_visits": 0, "artist": "Forsal.pl", "language": "pl", "title": "Szacunkowa warto\u015b\u0107 deficytu bud\u017cetowego na koniec 2023 r. okaza\u0142a si\u0119 ni\u017csza ni\u017c pierwotnie zak\u0142adano", "source_obj__id": 110, "description": "<img align=\"right\" hspace=\"5\" src=\"https://ocdn.eu/pulscms-transforms/1/kJWktkuTURBXy85NmJlYTkxNy04M2NiLTQ5ZmMtOGE5NC1lNDIxYjZkMjYxYTAuanBlZ5GTBc0BHcyg\" />Deficyt bud\u017cetu pa\u0144stwa na koniec grudnia 2023 r. wyni\u00f3s\u0142 85 mld 565,6 mln z\u0142 \u2013 wynika z opublikowanych w pi\u0105tek przez MF szacunkowych danych. Zaplanowany w bud\u017cecie deficyt na koniec ubieg\u0142ego roku mia\u0142 wynie\u015b\u0107 92 mld z\u0142.", "permanent": false, "comments": [], "vote": 0, "album": "", "link": "https://forsal.pl/gospodarka/finanse-publiczne/artykuly/9423486,szacunkowa-wartosc-deficytu-budzetowego-na-koniec-2023-r-okazala-sie.html", "page_rating_votes": 0, "thumbnail": null, "age": null}, {"bookmarked": false, "page_rating_contents": 0, "source": "https://forsal.pl/.feed", "page_rating": 0, "user": null, "tags": [], "date_published": "2024-02-02T11:07:47+00:00", "dead": false, "page_rating_visits": 0, "artist": "Forsal.pl", "language": "pl", "title": "S\u0142owackie media wytykaj\u0105 niekompetencj\u0119 ministrom w nowym rz\u0105dzie Fica. \"Legitymacja partyjna wa\u017cniejsza\"", "source_obj__id": 110, "description": "<img align=\"right\" hspace=\"5\" src=\"https://ocdn.eu/pulscms-transforms/1/-1mktkuTURBXy9lOGJjNDBlMS1mNGUxLTQ2ZWMtOGUzMC1jNzgxMDY0ZDJiOGUuanBlZ5GTBc0BHcyg\" />Energia nowego s\u0142owackiego rz\u0105du zaskakuje, ale legitymacja partyjna jest tam wa\u017cniejsza ni\u017c wiedza, umiej\u0119tno\u015bci i kompetencje - oceni\u0142 s\u0142owacki dziennik &quot;Pravda&quot; pierwsze 100 dni czwartego ju\u017c gabinetu premiera Roberta Ficy. Sam premier uwa\u017ca, \u017ce w tym czasie gabinet zrobi\u0142 wi\u0119cej, ni\u017c inne w ci\u0105gu trzech lat.", "permanent": false, "comments": [], "vote": 0, "album": "", "link": "https://forsal.pl/swiat/unia-europejska/artykuly/9423482,slowackie-media-wytykaja-niekompetencje-ministrom-w-nowym-rzadzie-fica.html", "page_rating_votes": 0, "thumbnail": null, "age": null}, {"bookmarked": false, "page_rating_contents": 0, "source": "https://forsal.pl/.feed", "page_rating": 0, "user": null, "tags": [], "date_published": "2024-02-02T10:54:37+00:00", "dead": false, "page_rating_visits": 0, "artist": "Forsal.pl", "language": "pl", "title": "80 niemieckich miast sparali\u017cowanych przez strajk pracownik\u00f3w bran\u017cy transportu publicznego", "source_obj__id": 110, "description": "<img align=\"right\" hspace=\"5\" src=\"https://ocdn.eu/pulscms-transforms/1/M37ktkuTURBXy8xZmYzMzM3OS1kOTM5LTRmZmItODJhMC03Y2E2MjU4NmU2ZGQuanBlZ5GTBc0BHcyg\" />W pi\u0105tek od wczesnego rana prawie w ca\u0142ych Niemczech trwaj\u0105 strajki ostrzegawcze komunikacji publicznej. Protesty obj\u0119\u0142y ponad 80 miast w 15 krajach zwi\u0105zkowych. Strajk ma potrwa\u0107 dob\u0119. Drugi dzie\u0144 nie dzia\u0142a tak\u017ce lotnisko w Hamburgu \u2013 poinformowa\u0142a dpa.", "permanent": false, "comments": [], "vote": 0, "album": "", "link": "https://forsal.pl/swiat/unia-europejska/artykuly/9423473,80-niemieckich-miast-sparalizowanych-przez-strajk-pracownikow-branzy-t.html", "page_rating_votes": 0, "thumbnail": null, "age": null}, {"bookmarked": false, "page_rating_contents": 0, "source": "https://forsal.pl/.feed", "page_rating": 0, "user": null, "tags": [], "date_published": "2024-02-02T10:29:37+00:00", "dead": false, "page_rating_visits": 0, "artist": "Forsal.pl", "language": "pl", "title": "Grabiec o sytuacji w TK: Je\u015bli jakie\u015b decyzje s\u0119dzi\u00f3w b\u0119d\u0105 niezgodne z prawem nie b\u0119dziemy ich respektowa\u0107", "source_obj__id": 110, "description": "<img align=\"right\" hspace=\"5\" src=\"https://ocdn.eu/pulscms-transforms/1/UU5ktkuTURBXy9hNTU3Mzg0Ny0wNDIwLTQ2NDQtYmExMi1jODg4NjJhODgzZDMuanBlZ5GTBc0BHcyg\" />Je\u015bli jakie\u015b decyzje TK b\u0119d\u0105 niezgodne z prawem to trudno, \u017ceby w\u0142adze publiczne odpowiada\u0142y za wsp\u00f3\u0142udzia\u0142 w tych nielegalnych dzia\u0142aniach i trudno, \u017ceby\u015bmy je respektowali - powiedzia\u0142 w pi\u0105tek szef KPRM Jan Grabiec. Doda\u0142, \u017ce &quot;jest powszechne przekonanie&quot;, \u017ce obecna sytuacja w TK jest bezprawna.", "permanent": false, "comments": [], "vote": 0, "album": "", "link": "https://forsal.pl/gospodarka/finanse-publiczne/artykuly/9423443,grabiec-o-sytuacji-w-tk-jesli-jakies-decyzje-sedziow-beda-niezgodne-z.html", "page_rating_votes": 0, "thumbnail": null, "age": null}, {"bookmarked": false, "page_rating_contents": 0, "source": "https://forsal.pl/.feed", "page_rating": 0, "user": null, "tags": [], "date_published": "2024-02-02T10:07:45+00:00", "dead": false, "page_rating_visits": 0, "artist": "Forsal.pl", "language": "pl", "title": "Zmiana rady nadzorczej w PKO BP. Skarb Pa\u0144stwa mianowa\u0142 now\u0105 przewodnicz\u0105c\u0105 rady", "source_obj__id": 110, "description": "<img align=\"right\" hspace=\"5\" src=\"https://ocdn.eu/pulscms-transforms/1/s-2ktkuTURBXy83YzcyM2IzNy1lZmZmLTQ4MTAtYmRjYi01ZjdjODBkMzYyZTMuanBlZ5GTBc0BHcyg\" />W pi\u0105tek Nadzwyczajne Walne Zgromadzenie Akcjonariuszy PKO BP zmieni\u0142o sk\u0142ad razy nadzorczej banku. Nowych cz\u0142onk\u00f3w rady wskaza\u0142 Skarb Pa\u0144stwa, kt\u00f3ry tak\u017ce wyznaczy\u0142 Katarzyn\u0119 Zimnick\u0105-Jankowsk\u0105 na przewodnicz\u0105c\u0105 rady.", "permanent": false, "comments": [], "vote": 0, "album": "", "link": "https://forsal.pl/biznes/bankowosc/artykuly/9423386,zmiana-rady-nadzorczej-w-pko-bp-skarb-panstwa-mianowal-nowa-przewodni.html", "page_rating_votes": 0, "thumbnail": null, "age": null}, {"bookmarked": false, "page_rating_contents": 0, "source": "https://forsal.pl/.feed", "page_rating": 0, "user": null, "tags": [], "date_published": "2024-02-02T10:03:51+00:00", "dead": false, "page_rating_visits": 0, "artist": "Forsal.pl", "language": "pl", "title": "Bana\u015b: Warto\u015b\u0107 Lotosu w trakcie fuzji z Orlenem zosta\u0142a zani\u017cona o 5 mld z\u0142. Czy to ostateczna kwota?", "source_obj__id": 110, "description": "<img align=\"right\" hspace=\"5\" src=\"https://ocdn.eu/pulscms-transforms/1/izpktkuTURBXy80ZGYyYWIwNy00NzBkLTQyYzMtYWQ1OC0wMDY4ZDBmMTVlYWEuanBlZ5GTBc0BHcyg\" />Kontrolerzy Najwy\u017cszej Izby Kontroli, na podstawie dokument\u00f3w m.in. w Ministerstwie Aktyw\u00f3w Pa\u0144stwowych oraz resorcie klimatu i \u015brodowiska, ustalili, \u017ce zani\u017cenie ceny Lotosu by\u0142o na kwot\u0119 oko\u0142o 5 mld z\u0142 - powiedzia\u0142 w pi\u0105tek prezes NIK Marian Bana\u015b w TVP Info pytany o fuzj\u0119 Orlenu z Lotosem.", "permanent": false, "comments": [], "vote": 0, "album": "", "link": "https://forsal.pl/gospodarka/prawo/artykuly/9423378,banas-wartosc-lotosu-w-trakcie-fuzji-z-orlenem-zostala-zanizona-o-5-m.html", "page_rating_votes": 0, "thumbnail": null, "age": null}, {"bookmarked": false, "page_rating_contents": 0, "source": "https://forsal.pl/.feed", "page_rating": 0, "user": null, "tags": [], "date_published": "2024-02-02T09:43:40+00:00", "dead": false, "page_rating_visits": 0, "artist": "Forsal.pl", "language": "pl", "title": "Koronawirus w Polsce - statystyki z 2.02.2024", "source_obj__id": 110, "description": "<img align=\"right\" hspace=\"5\" src=\"https://ocdn.eu/pulscms-transforms/1/3QYktkuTURBXy9lNjE1ZGFlZC02OTg5LTQzNzItOTg5OS1jZWEzOWVhODg4OWYuanBlZ5GTBc0BHcyg\" />Minionej doby badania potwierdzi\u0142y 392 zaka\u017cenia koronawirusem, w tym 86 ponownych. Z powodu COVID-19 zmar\u0142o 11 pacjent\u00f3w \u2013 poinformowano w pi\u0105tek na stronach rz\u0105dowych. Wykonano ponad 3,7 tys. test\u00f3w w kierunku SARS-CoV-2.", "permanent": false, "comments": [], "vote": 0, "album": "", "link": "https://forsal.pl/artykuly/1458115,koronawirus-w-polsce-statystyki-z-2022024.html", "page_rating_votes": 0, "thumbnail": null, "age": null}, {"bookmarked": false, "page_rating_contents": 0, "source": "https://forsal.pl/.feed", "page_rating": 0, "user": null, "tags": [], "date_published": "2024-02-02T09:42:30+00:00", "dead": false, "page_rating_visits": 0, "artist": "Forsal.pl", "language": "pl", "title": "Dziemianowicz-B\u0105k: Nie podwy\u017cszymy ustawowego wieku emerytalnego", "source_obj__id": 110, "description": "<img align=\"right\" hspace=\"5\" src=\"https://ocdn.eu/pulscms-transforms/1/LYzktkuTURBXy81OTE4YWE4ZS01MDYxLTQ1ZDUtOWY0MS0xNDA2MzQ1YjYyNzcuanBlZ5GTBc0BHcyg\" />undefined", "permanent": false, "comments": [], "vote": 0, "album": "", "link": "https://forsal.pl/praca/kariera/artykuly/9423367,dziemianowicz-bak-nie-podwyzszymy-ustawowego-wieku-emerytalnego.html", "page_rating_votes": 0, "thumbnail": null, "age": null}, {"bookmarked": false, "page_rating_contents": 0, "source": "https://forsal.pl/.feed", "page_rating": 0, "user": null, "tags": [], "date_published": "2024-02-02T09:10:53+00:00", "dead": false, "page_rating_visits": 0, "artist": "Forsal.pl", "language": "pl", "title": "Wielkie zwolnienia w bran\u017cy meblarskiej. Biznes apeluje o zmiany w Lasach Pa\u0144stwowych", "source_obj__id": 110, "description": "<img align=\"right\" hspace=\"5\" src=\"https://ocdn.eu/pulscms-transforms/1/3TektkuTURBXy8zMjlmYmVkOS0yNjQ0LTRmOWUtYTIzYi1jYTNkOThkMGU2YzcuanBlZ5GTBc0BHcyg\" />18 tys. etat\u00f3w \u2013 o tyle zmniejszy\u0142o si\u0119 zatrudnienie w bran\u017cy meblarskiej w p\u00f3\u0142tora roku. Przedsi\u0119biorcy apeluj\u0105 o zmiany w Lasach Pa\u0144stwowych", "permanent": false, "comments": [], "vote": 0, "album": "", "link": "https://forsal.pl/biznes/artykuly/9423342,wielkie-zwolnienia-w-branzy-meblarskiej-biznes-apeluje-o-zmiany-w-las.html", "page_rating_votes": 0, "thumbnail": null, "age": null}, {"bookmarked": false, "page_rating_contents": 0, "source": "https://forsal.pl/.feed", "page_rating": 0, "user": null, "tags": [], "date_published": "2024-02-02T09:07:16+00:00", "dead": false, "page_rating_visits": 0, "artist": "Forsal.pl", "language": "pl", "title": "W\u0119gierskie media o ust\u0119pstwach Orbana na szczycie UE. Jedne chwal\u0105 nieprzejednan\u0105 postaw\u0119, inne wytykaj\u0105 s\u0142abo\u015b\u0107", "source_obj__id": 110, "description": "<img align=\"right\" hspace=\"5\" src=\"https://ocdn.eu/pulscms-transforms/1/Fb1ktkuTURBXy80M2E5ZTliMC0xZTAwLTQyOTgtYTFmNS1jMWIzY2Y4N2I3YTkuanBlZ5GTBc0BHcyg\" />Premier W\u0119gier Viktor Orban znalaz\u0142 si\u0119 pod ogromn\u0105 presj\u0105 podczas unijnego szczytu i zgodzi\u0142 si\u0119 na unijn\u0105 pomoc finansow\u0105 dla Ukrainy w wysoko\u015bci 50 mld euro \u2013 pisz\u0105 w\u0119gierskie media po czwartkowym szczycie UE ws. Ukrainy.", "permanent": false, "comments": [], "vote": 0, "album": "", "link": "https://forsal.pl/swiat/unia-europejska/artykuly/9423338,wegierskie-media-o-ustepstwach-orbana-na-szczycie-ue-jedne-chwala-nie.html", "page_rating_votes": 0, "thumbnail": null, "age": null}, {"bookmarked": false, "page_rating_contents": 0, "source": "https://forsal.pl/.feed", "page_rating": 0, "user": null, "tags": [], "date_published": "2024-02-02T08:36:44+00:00", "dead": false, "page_rating_visits": 0, "artist": "Forsal.pl", "language": "pl", "title": "Kursy walut. Ile zap\u0142acimy za dolara, euro i franka szwajcarskiego? [02. 02. 2024 r.]", "source_obj__id": 110, "description": "<img align=\"right\" hspace=\"5\" src=\"https://ocdn.eu/pulscms-transforms/1/17sktkuTURBXy9hNmY4MGYzNC1kNDlhLTQwNmUtYTk4My1jZjJjYzUxYjA1NmEuanBlZ5GTBc0BHcyg\" />Z\u0142oty w pi\u0105tek rano straci\u0142 do euro, a w stosunku do dolara i franka pozosta\u0142 stabilny. Euro ok. godz. 9 w pi\u0105tek kosztowa\u0142o prawie 4,32 z\u0142, dolar 3,97 a frank 4,62 z\u0142.", "permanent": false, "comments": [], "vote": 0, "album": "", "link": "https://forsal.pl/finanse/waluty/artykuly/9423287,kursy-walut-ile-zaplacimy-za-dolara-euro-i-franka-szwajcarskiego-0.html", "page_rating_votes": 0, "thumbnail": null, "age": null}, {"bookmarked": false, "page_rating_contents": 0, "source": "https://forsal.pl/.feed", "page_rating": 0, "user": null, "tags": [], "date_published": "2024-02-02T08:28:49+00:00", "dead": false, "page_rating_visits": 0, "artist": "Forsal.pl", "language": "pl", "title": "Bonikowska: UE postawi\u0142a twarde warunki Orbanowi. W\u0119gry mog\u0105 realnie straci\u0107 g\u0142os w Radzie Europejskiej", "source_obj__id": 110, "description": "<img align=\"right\" hspace=\"5\" src=\"https://ocdn.eu/pulscms-transforms/1/R6xktkuTURBXy84ZjdhNGYyMy0xMTVhLTQ0ZDgtODk2NS1lZThhNDc0ZjE0ZjUuanBlZ5GTBc0BHcyg\" />Gro\u017aba pozbawienia W\u0119gier g\u0142osu w Radzie Europejskiej jest realna \u2013 powiedzia\u0142a w rozmowie z PAP dr Ma\u0142gorzata Bonikowska, prezes Centrum Stosunk\u00f3w Mi\u0119dzynarodowych (CSM) i ekspertka ds. unijnych. Wed\u0142ug niej Unia Europejska zmieni\u0142a strategi\u0119 i postawi\u0142a si\u0119 W\u0119grom w sprawie Ukrainy.", "permanent": false, "comments": [], "vote": 0, "album": "", "link": "https://forsal.pl/swiat/unia-europejska/artykuly/9423245,bonikowska-ue-postawila-twarde-warunki-orbanowi-wegry-moga-realnie-s.html", "page_rating_votes": 0, "thumbnail": null, "age": null}, {"bookmarked": false, "page_rating_contents": 0, "source": "https://forsal.pl/.feed", "page_rating": 0, "user": null, "tags": [], "date_published": "2024-02-02T08:11:59+00:00", "dead": false, "page_rating_visits": 0, "artist": "Forsal.pl", "language": "pl", "title": "Przychody TIM spad\u0142y wst\u0119pnie o 11 proc. r/r do 104,1 mln z\u0142 w styczniu", "source_obj__id": 110, "description": "<img align=\"right\" hspace=\"5\" src=\"https://ocdn.eu/pulscms-transforms/1/fBMktkuTURBXy81ZTVlNDFlNy1hMzE1LTRlMGMtYmRjZS02NDlhZGZmZTk3NWIuanBlZ5GTBc0BHcyg\" />undefined", "permanent": false, "comments": [], "vote": 0, "album": "", "link": "https://forsal.pl/finanse/gielda/artykuly/9423142,przychody-tim-spadly-wstepnie-o-11-proc-rr-do-1041-mln-zl-w-styczni.html", "page_rating_votes": 0, "thumbnail": null, "age": null}, {"bookmarked": false, "page_rating_contents": 0, "source": "https://forsal.pl/.feed", "page_rating": 0, "user": null, "tags": [], "date_published": "2024-02-02T08:09:40+00:00", "dead": false, "page_rating_visits": 0, "artist": "Forsal.pl", "language": "pl", "title": "Sygnity zamkn\u0119\u0142o transakcj\u0119 nabycia 100 proc. Edrana Baltic UAB", "source_obj__id": 110, "description": "<img align=\"right\" hspace=\"5\" src=\"https://ocdn.eu/pulscms-transforms/1/fOzktkuTURBXy85MjNlMTUxMy03YjVmLTRmMDEtYWQxYS1lN2IzZDQ5Nzc2OWQuanBlZ5GTBc0BHcyg\" />undefined", "permanent": false, "comments": [], "vote": 0, "album": "", "link": "https://forsal.pl/finanse/gielda/artykuly/9423129,sygnity-zamknelo-transakcje-nabycia-100-proc-edrana-baltic-uab.html", "page_rating_votes": 0, "thumbnail": null, "age": null}, {"bookmarked": false, "page_rating_contents": 0, "source": "https://forsal.pl/.feed", "page_rating": 0, "user": null, "tags": [], "date_published": "2024-02-02T07:55:21+00:00", "dead": false, "page_rating_visits": 0, "artist": "Forsal.pl", "language": "pl", "title": "Grabiec o Danielu Obajtku: To nie by\u0142 prezes sp\u00f3\u0142ki, a funkcjonariusz partyjny", "source_obj__id": 110, "description": "<img align=\"right\" hspace=\"5\" src=\"https://ocdn.eu/pulscms-transforms/1/DlQktkuTURBXy81ODZkMWJkOC1hNGNiLTQzNGUtYjFlNC05MGVlNTc0NTRjOWIuanBlZ5GTBc0BHcyg\" />Daniel Obajtek by\u0142 nie tyle prezesem Orlenu, co funkcjonariuszem PiS - powiedzia\u0142 w pi\u0105tek szef KPRM Jan Grabiec. W rozmowie z RMF24 zapewni\u0142, \u017ce prezesem Orlenu zostanie fachowiec, kt\u00f3rego pierwszym zadaniem b\u0119dzie &quot;uporz\u0105dkowanie spraw w sp\u00f3\u0142ce, ustalenie, kto odpowiada za to, co tam si\u0119 dzia\u0142o&quot;.", "permanent": false, "comments": [], "vote": 0, "album": "", "link": "https://forsal.pl/gospodarka/polityka/artykuly/9423042,grabiec-o-danielu-obajtku-to-nie-byl-prezes-spolki-a-funkcjonariusz.html", "page_rating_votes": 0, "thumbnail": null, "age": null}, {"bookmarked": false, "page_rating_contents": 0, "source": "https://forsal.pl/.feed", "page_rating": 0, "user": null, "tags": [], "date_published": "2024-02-02T07:46:30+00:00", "dead": false, "page_rating_visits": 0, "artist": "Forsal.pl", "language": "pl", "title": "Kanadyjki rodz\u0105 coraz mniej dzieci? Najni\u017csze statystyki od ponad wieku", "source_obj__id": 110, "description": "<img align=\"right\" hspace=\"5\" src=\"https://ocdn.eu/pulscms-transforms/1/1KgktkuTURBXy8xMDY4ZDlhMC0zYmRkLTQxYmMtOWM5NC1iYmQyNjRlMzgyMzMuanBlZ5GTBc0BHcyg\" />Kanadyjki maj\u0105 coraz mniej dzieci; dane za 2022 r. wskazuj\u0105, \u017ce statystycznie na ka\u017cd\u0105 kobiet\u0119 w wieku reprodukcyjnym przypada\u0142o 1,33 dziecka. To najmniej od ponad wieku \u2013 poda\u0142 Statistics Canada, kanadyjski urz\u0105d statystyczny.", "permanent": false, "comments": [], "vote": 0, "album": "", "link": "https://forsal.pl/gospodarka/demografia/artykuly/9423002,kanadyjki-rodza-coraz-mniej-dzieci-najnizsze-statystyki-od-ponad-wiek.html", "page_rating_votes": 0, "thumbnail": null, "age": null}, {"bookmarked": false, "page_rating_contents": 0, "source": "https://forsal.pl/.feed", "page_rating": 0, "user": null, "tags": [], "date_published": "2024-02-02T07:32:07+00:00", "dead": false, "page_rating_visits": 0, "artist": "Forsal.pl", "language": "pl", "title": "Dokumenty z PWPW, Poczty Polskiej i NIK odtajnione. Co dalej na komisji ds. wybor\u00f3w korespondencyjnych?", "source_obj__id": 110, "description": "<img align=\"right\" hspace=\"5\" src=\"https://ocdn.eu/pulscms-transforms/1/ax5ktkuTURBXy84MjBhNDU4My1lNGM5LTQ0ZmEtYTFhNy1kNmU0NmMzM2FmMWYuanBlZ5GTBc0BHcyg\" />Komisja \u015bledcza ds. wybor\u00f3w korespondencyjnych odtajni\u0142a cz\u0119\u015b\u0107 dokument\u00f3w, kt\u00f3re otrzyma\u0142a z Poczty Polskiej, KPRM, MSWiA, NIK, MAP, PWPW. &quot;Dokumenty odtajnione mog\u0105 by\u0107 przytaczane w jawnej cz\u0119\u015bci obrad komisji&quot; - powiedzia\u0142 PAP prawnik, dr Tomasz Szewc z Politechniki \u015al\u0105skiej.", "permanent": false, "comments": [], "vote": 0, "album": "", "link": "https://forsal.pl/gospodarka/polityka/artykuly/9422924,dokumenty-z-pwpw-poczty-polskiej-i-nik-odtajnione-co-dalej-na-komisj.html", "page_rating_votes": 0, "thumbnail": null, "age": null}, {"bookmarked": false, "page_rating_contents": 0, "source": "https://forsal.pl/.feed", "page_rating": 0, "user": null, "tags": [], "date_published": "2024-02-02T07:24:48+00:00", "dead": false, "page_rating_visits": 0, "artist": "Forsal.pl", "language": "pl", "title": "Sejmowa komisja ds. wybor\u00f3w korespondencyjnych chce odtajni\u0107 cz\u0119\u015b\u0107 dokument\u00f3w z MAP, Poczty Polskiej i innych zaanga\u017cowanych w spraw\u0119 instytucji", "source_obj__id": 110, "description": "<img align=\"right\" hspace=\"5\" src=\"https://ocdn.eu/pulscms-transforms/1/2gsktkuTURBXy84NmI4MzBiNy1lNzhlLTQxNGUtODY0Yi04NmM0NGY2NmEyN2EuanBlZ5GTBc0BHcyg\" />Komisja \u015bledcza ds. wybor\u00f3w korespondencyjnych odtajni\u0142a cz\u0119\u015b\u0107 dokument\u00f3w, kt\u00f3re otrzyma\u0142a z Poczty Polskiej, KPRM, MSWiA, NIK, MAP, PWPW. &quot;Dokumenty odtajnione mog\u0105 by\u0107 przytaczane w jawnej cz\u0119\u015bci obrad komisji&quot; - powiedzia\u0142 PAP prawnik, dr Tomasz Szewc z Politechniki \u015al\u0105skiej.", "permanent": false, "comments": [], "vote": 0, "album": "", "link": "https://forsal.pl/gospodarka/polityka/artykuly/9422900,sejmowa-komisja-ds-wyborow-korespondencyjnych-chce-odtajnic-czesc-dok.html", "page_rating_votes": 0, "thumbnail": null, "age": null}, {"bookmarked": false, "page_rating_contents": 0, "source": "https://forsal.pl/.feed", "page_rating": 0, "user": null, "tags": [], "date_published": "2024-02-02T07:16:13+00:00", "dead": false, "page_rating_visits": 0, "artist": "Forsal.pl", "language": "pl", "title": "Niemieckie ministerstwo obrony: Polska jest niezb\u0119dnym sojusznikiem", "source_obj__id": 110, "description": "<img align=\"right\" hspace=\"5\" src=\"https://ocdn.eu/pulscms-transforms/1/34UktkuTURBXy9hNTEyYmJiZC05M2E1LTQ2MmEtOGM2MS02NGUxODllYTk5NmMuanBlZ5GTBc0BHcyg\" />Polska jest niezb\u0119dnym sojusznikiem dla bezpiecznej Europy, silnej wschodniej flanki NATO i niezachwianego wsparcia dla Ukrainy - napisa\u0142o w czwartek na platformie X niemieckie ministerstwo obrony.", "permanent": false, "comments": [], "vote": 0, "album": "", "link": "https://forsal.pl/swiat/aktualnosci/artykuly/9422897,niemieckie-ministerstwo-obrony-polska-jest-niezbednym-sojusznikiem.html", "page_rating_votes": 0, "thumbnail": null, "age": null}, {"bookmarked": false, "page_rating_contents": 0, "source": "https://forsal.pl/.feed", "page_rating": 0, "user": null, "tags": [], "date_published": "2024-02-02T07:07:52+00:00", "dead": false, "page_rating_visits": 0, "artist": "Forsal.pl", "language": "pl", "title": "Drony i technologia. Tak Ukraina mo\u017ce prze\u0142ama\u0107 liczbow\u0105 przewag\u0119 Rosjan?", "source_obj__id": 110, "description": "<img align=\"right\" hspace=\"5\" src=\"https://ocdn.eu/pulscms-transforms/1/G-FktkuTURBXy83Y2RlOTU1OC00OWY5LTQ4YjMtOGFmMi0xOGE3MmU3NWY4NTYuanBlZ5GTBc0BHcyg\" />Rosja ma znacz\u0105c\u0105 przewag\u0119 je\u015bli chodzi o mo\u017cliwo\u015bci mobilizacji zasob\u00f3w ludzkich, a Ukraina musi mierzy\u0107 si\u0119 ze zmniejszeniem pomocy zagranicznej i kurcz\u0105cymi si\u0119 zapasami amunicji - napisa\u0142 na \u0142amach portalu CNN gen. Wa\u0142erij Za\u0142u\u017cny, naczelny dow\u00f3dca Si\u0142 Zbrojnych Ukrainy. Stwierdzi\u0142 przy tym, \u017ce najlepsz\u0105 szans\u0105 na unikni\u0119cie wojny pozycyjnej i przewagi Rosjan s\u0105 drony.", "permanent": false, "comments": [], "vote": 0, "album": "", "link": "https://forsal.pl/swiat/ukraina/artykuly/9422893,drony-i-technologia-tak-ukraina-moze-przelamac-liczbowa-przewage-rosj.html", "page_rating_votes": 0, "thumbnail": null, "age": null}, {"bookmarked": false, "page_rating_contents": 0, "source": "https://forsal.pl/.feed", "page_rating": 0, "user": null, "tags": [], "date_published": "2024-02-02T07:05:27+00:00", "dead": false, "page_rating_visits": 0, "artist": "Forsal.pl", "language": "pl", "title": "Najwi\u0119kszy problem polskiej gospodarki? Wysoki d\u0142ug zagraniczny", "source_obj__id": 110, "description": "<img align=\"right\" hspace=\"5\" src=\"https://ocdn.eu/pulscms-transforms/1/DJzktkuTURBXy9mOThjOWNjNi03NmJjLTQ3MjMtOGRhYS0yYTc5MGJjYjBmOTcuanBlZ5GTBc0BHcyg\" />Polska znalaz\u0142a si\u0119 w gronie raczej bezpiecznych i stabilnych kraj\u00f3w w globalnym badaniu ryzyka finansowego 83 gospodarek \u015bwiata, przeprowadzonym przez Allianz Trade. Pozytywnie na ocen\u0119 dla naszej gospodarki wp\u0142ywa m.in. popyt krajowy i przynale\u017cno\u015b\u0107 do UE, za\u015b negatywnie \u2013 wysoki d\u0142ug zagraniczny.", "permanent": false, "comments": [], "vote": 0, "album": "", "link": "https://forsal.pl/gospodarka/artykuly/9422887,najwiekszy-problem-polskiej-gospodarki-wysoki-dlug-zagraniczny.html", "page_rating_votes": 0, "thumbnail": null, "age": null}, {"bookmarked": false, "page_rating_contents": 0, "source": "https://forsal.pl/.feed", "page_rating": 0, "user": null, "tags": [], "date_published": "2024-02-02T06:57:14+00:00", "dead": false, "page_rating_visits": 0, "artist": "Forsal.pl", "language": "pl", "title": "Kryzys demograficzny w Kanadzie. Tak \u017ale nie by\u0142o od ponad 100 lat", "source_obj__id": 110, "description": "<img align=\"right\" hspace=\"5\" src=\"https://ocdn.eu/pulscms-transforms/1/DP2ktkuTURBXy9hNDdmYzQyYi01MzM4LTQxYzMtYjcyNC1hZWVjZGQ5M2RjZjMuanBlZ5GTBc0BHcyg\" />Kanadyjki maj\u0105 coraz mniej dzieci. Dane za 2022 rok wskazuj\u0105, \u017ce statystycznie na ka\u017cd\u0105 kobiet\u0119 w wieku reprodukcyjnym przypada\u0142o 1,33 dziecka. To najmniej od ponad wieku \u2013 zauwa\u017cy\u0142 kanadyjski urz\u0105d statystyczny Statistics Canada.", "permanent": false, "comments": [], "vote": 0, "album": "", "link": "https://forsal.pl/gospodarka/demografia/artykuly/9422874,kryzys-demograficzny-w-kanadzie-tak-zle-nie-bylo-od-ponad-100-lat.html", "page_rating_votes": 0, "thumbnail": null, "age": null}, {"bookmarked": false, "page_rating_contents": 0, "source": "https://forsal.pl/.feed", "page_rating": 0, "user": null, "tags": [], "date_published": "2024-02-02T06:37:31+00:00", "dead": false, "page_rating_visits": 0, "artist": "Forsal.pl", "language": "pl", "title": "Biden dzwoni\u0142 do von der Leyen. Dzi\u0119kowa\u0142 za pakiet dla Ukrainy", "source_obj__id": 110, "description": "<img align=\"right\" hspace=\"5\" src=\"https://ocdn.eu/pulscms-transforms/1/5RJktkuTURBXy83NGVmOGVmMC1kYjBiLTQwMDUtOTRhYy1iMTgyZDZmZTZiZTEuanBlZ5GTBc0BHcyg\" />Prezydent USA Joe Biden podzi\u0119kowa\u0142 w czwartek szefowej KE Ursuli von der Leyen za przyj\u0119cie przez UE pakietu dla Kijowa. Waszyngton zaznacza jednak, \u017ce konieczne jest te\u017c zatwierdzenie przez Kongres pomocy z USA. &quot;Zar\u00f3wno ekonomiczne, jak i wojskowe komponenty tego pakietu \u015brodk\u00f3w s\u0105 niezb\u0119dne&quot; - powiedzia\u0142 rzecznik Departamentu Stanu Matthew Miller, odpowiadaj\u0105c na pytanie PAP.", "permanent": false, "comments": [], "vote": 0, "album": "", "link": "https://forsal.pl/swiat/ukraina/artykuly/9422865,biden-dzwonil-do-von-der-leyen-dziekowal-za-pakiet-dla-ukrainy.html", "page_rating_votes": 0, "thumbnail": null, "age": null}, {"bookmarked": false, "page_rating_contents": 0, "source": "https://forsal.pl/.feed", "page_rating": 0, "user": null, "tags": [], "date_published": "2024-02-02T06:35:32+00:00", "dead": false, "page_rating_visits": 0, "artist": "Forsal.pl", "language": "pl", "title": "Wenecja jak muzeum? Jednodniowi tury\u015bci b\u0119d\u0105 musieli kupi\u0107 bilet wst\u0119pu", "source_obj__id": 110, "description": "<img align=\"right\" hspace=\"5\" src=\"https://ocdn.eu/pulscms-transforms/1/tG0ktkuTURBXy9kMjRjZTQzMy1hNGYwLTRmYjQtYTA2Ni0zYzFhNjE3NzhiZTYuanBlZ5GTBc0BHcyg\" />Wprowadzenie od 25 kwietnia w wybrane dni biletu wst\u0119pu do Wenecji dla tych, kt\u00f3rzy przyjad\u0105 tam tylko na kilka godzin bez noclegu, nie oznacza, \u017ce miasto b\u0119dzie zamkni\u0119te i niego\u015bcinne - zapewni\u0142 w czwartek burmistrz Luigi Brugnaro.", "permanent": false, "comments": [], "vote": 0, "album": "", "link": "https://forsal.pl/lifestyle/turystyka/artykuly/9422864,wenecja-jak-muzeum-jednodniowi-turysci-beda-musieli-kupic-bilet-wstep.html", "page_rating_votes": 0, "thumbnail": null, "age": null}, {"bookmarked": false, "page_rating_contents": 0, "source": "https://forsal.pl/.feed", "page_rating": 0, "user": null, "tags": [], "date_published": "2024-02-02T06:23:09+00:00", "dead": false, "page_rating_visits": 0, "artist": "Forsal.pl", "language": "pl", "title": "Kryzys w bran\u017cy meblarskiej si\u0119 pog\u0142\u0119bia. Spada eksport, a firmy redukuj\u0105 zatrudnienie", "source_obj__id": 110, "description": "<img align=\"right\" hspace=\"5\" src=\"https://ocdn.eu/pulscms-transforms/1/rknktkuTURBXy8zMWJkZWRiNy04MWVlLTQ1NDYtYjEwNS05N2RkZjk2NDZkZjMuanBlZ5GTBc0BHcyg\" />Warto\u015b\u0107 sprzeda\u017cy polskiej bran\u017cy meblowej spad\u0142a w zesz\u0142ym roku do 64 mld z\u0142, a eksportu do 62,3 mld z\u0142. W tym roku nie b\u0119dzie lepiej - pisze pi\u0105tkowy &quot;Puls Biznesu&quot;.", "permanent": false, "comments": [], "vote": 0, "album": "", "link": "https://forsal.pl/biznes/przemysl/artykuly/9422857,kryzys-w-branzy-meblarskiej-spada-eksport-firmy-redukuja-zatrudnienie.html", "page_rating_votes": 0, "thumbnail": null, "age": null}, {"bookmarked": false, "page_rating_contents": 0, "source": "https://forsal.pl/.feed", "page_rating": 0, "user": null, "tags": [], "date_published": "2024-02-02T05:51:50+00:00", "dead": false, "page_rating_visits": 0, "artist": "Forsal.pl", "language": "pl", "title": "Praca za granic\u0105. Kiedy ZUS mo\u017ce zawiesi\u0107 wyp\u0142at\u0119 renty i emerytury?", "source_obj__id": 110, "description": "<img align=\"right\" hspace=\"5\" src=\"https://ocdn.eu/pulscms-transforms/1/AKJktkuTURBXy9jNDBmMjZiMS0wMTc0LTQ4OTMtOWU1ZC00ZThmMWFlNjhkMDcuanBlZ5GTBc0BHcyg\" />Pobierasz rent\u0119 lub emerytur\u0119 i pracujesz za granic\u0105? Sprawd\u017a, jakie informacje musisz poda\u0107 do Zak\u0142adu Ubezpiecze\u0144 Spo\u0142ecznych i kiedy mo\u017cesz straci\u0107 prawo do \u015bwiadczenia.", "permanent": false, "comments": [], "vote": 0, "album": "", "link": "https://forsal.pl/praca/praca-za-granica/artykuly/9419390,praca-za-granica-kiedy-zus-moze-zawiesic-wyplate-renty-i-emerytury.html", "page_rating_votes": 0, "thumbnail": null, "age": null}, {"bookmarked": false, "page_rating_contents": 0, "source": "https://forsal.pl/.feed", "page_rating": 0, "user": null, "tags": [], "date_published": "2024-02-02T05:50:00+00:00", "dead": false, "page_rating_visits": 0, "artist": "Forsal.pl", "language": "pl", "title": "Pracujesz za granic\u0105 i pobierasz rent\u0119 lub emerytur\u0119? Sprawd\u017a, kiedy ZUS mo\u017ce zawiesi\u0107 wyp\u0142at\u0119 pieni\u0119dzy", "source_obj__id": 110, "description": "<img align=\"right\" hspace=\"5\" src=\"https://ocdn.eu/pulscms-transforms/1/XcGktkuTURBXy9jZmRjZGNjYi0zMTgyLTQ0MTMtOWVjMi0wYWE1MjhiNmIzMjAuanBlZ5GTBc0BHcyg\" />Pobierasz rent\u0119 lub emerytur\u0119 i pracujesz za granic\u0105? Sprawd\u017a, jakie informacje musisz poda\u0107 do Zak\u0142adu Ubezpiecze\u0144 Spo\u0142ecznych i kiedy mo\u017cesz straci\u0107 prawo do \u015bwiadczenia.", "permanent": false, "comments": [], "vote": 0, "album": "", "link": "https://forsal.pl/praca/praca-za-granica/artykuly/9419390,pracujesz-za-granica-i-pobierasz-rente-lub-emeryture-sprawdz-kiedy-zus-moze-zawiesic-wyplate-pieniedzy.html", "page_rating_votes": 0, "thumbnail": null, "age": null}, {"bookmarked": false, "page_rating_contents": 0, "source": "https://forsal.pl/.feed", "page_rating": 0, "user": null, "tags": [], "date_published": "2024-02-02T05:39:00+00:00", "dead": false, "page_rating_visits": 0, "artist": "Forsal.pl", "language": "pl", "title": "Ile kosztuje przegl\u0105d samochodu w 2024 roku? Du\u017ce zmiany", "source_obj__id": 110, "description": "<img align=\"right\" hspace=\"5\" src=\"https://ocdn.eu/pulscms-transforms/1/l2mktkuTURBXy83M2ExNTA4Ny1iNDUxLTRmNmUtYmM1ZS1lN2IwYjZkOGU0YjguanBlZ5GTBc0BHcyg\" />W 2024 roku w\u0142a\u015bciciele samochod\u00f3w w Polsce mog\u0105 spodziewa\u0107 si\u0119 zmian w cenniku oraz procedurze przeprowadzania przegl\u0105du technicznego pojazd\u00f3w. Po dwudziestu latach od ostatniej aktualizacji Ministerstwo Infrastruktury planuje znacz\u0105ce zmiany, kt\u00f3re wp\u0142yn\u0105 na koszty oraz spos\u00f3b realizacji przegl\u0105d\u00f3w.", "permanent": false, "comments": [], "vote": 0, "album": "", "link": "https://forsal.pl/motoforsal/artykuly/9419972,ile-kosztuje-przeglad-samochodu-w-2024-roku-duze-zmiany.html", "page_rating_votes": 0, "thumbnail": null, "age": null}, {"bookmarked": false, "page_rating_contents": 0, "source": "https://forsal.pl/.feed", "page_rating": 0, "user": null, "tags": [], "date_published": "2024-02-02T05:35:00+00:00", "dead": false, "page_rating_visits": 0, "artist": "Forsal.pl", "language": "pl", "title": "Zmiany w L4 - czy to dobra decyzja? Wi\u0105\u017c\u0105 si\u0119 z pewnym\u2026 ryzykiem", "source_obj__id": 110, "description": "<img align=\"right\" hspace=\"5\" src=\"https://ocdn.eu/pulscms-transforms/1/NLrktkuTURBXy83NDMwYjgyNC0zMDNiLTQzODUtYWYwMi05YjExOTg1Y2NlNzkuanBlZ5GTBc0BHcyg\" />Rz\u0105dz\u0105cy zapowiadaj\u0105, \u017ce ZUS b\u0119dzie wyp\u0142aca\u0142 wynagrodzenie pracownikom od pierwszego dnia na zwolnieniu chorobowym. To dobra wiadomo\u015b\u0107 dla firm, kt\u00f3re b\u0119d\u0105 mog\u0142y &quot;odci\u0105\u017cy\u0107&quot; swoje bud\u017cety. Jednak zmiana ta mo\u017ce mie\u0107 te\u017c negatywne konsekwencje dla niekt\u00f3rych przedsi\u0119biorc\u00f3w.", "permanent": false, "comments": [], "vote": 0, "album": "", "link": "https://forsal.pl/lifestyle/zdrowie/artykuly/9418544,zmiany-w-l4-czy-to-dobra-decyzja-wiaza-sie-z-pewnym-ryzykiem.html", "page_rating_votes": 0, "thumbnail": null, "age": null}, {"bookmarked": false, "page_rating_contents": 0, "source": "https://forsal.pl/.feed", "page_rating": 0, "user": null, "tags": [], "date_published": "2024-02-02T05:30:00+00:00", "dead": false, "page_rating_visits": 0, "artist": "Forsal.pl", "language": "pl", "title": "Muhammad nie wynajmie mieszkania w Austrii? To temat g\u0142o\u015bny tak\u017ce w innych krajach", "source_obj__id": 110, "description": "<img align=\"right\" hspace=\"5\" src=\"https://ocdn.eu/pulscms-transforms/1/sfWktkuTURBXy82MzllNDFiOS1iOTczLTRkNzQtYmM0ZC0wZTBhYTRkYTYwZjkuanBlZ5GTBc0BHcyg\" />W Austrii od pewnego czasu m\u00f3wi si\u0119 o niech\u0119tnym wynajmowaniu lokali obcokrajowcom. To zjawisko widoczne te\u017c w kilku innych krajach Starego Kontynentu.", "permanent": false, "comments": [], "vote": 0, "album": "", "link": "https://forsal.pl/nieruchomosci/artykuly/9416214,muhammad-nie-wynajmie-mieszkania-w-austrii-to-temat-glosny-takze-w-in.html", "page_rating_votes": 0, "thumbnail": null, "age": null}, {"bookmarked": false, "page_rating_contents": 0, "source": "https://forsal.pl/.feed", "page_rating": 0, "user": null, "tags": [], "date_published": "2024-02-02T05:20:00+00:00", "dead": false, "page_rating_visits": 0, "artist": "Forsal.pl", "language": "pl", "title": "Chiny mierz\u0105 si\u0119 z bezrobociem w\u015br\u00f3d m\u0142odych. A ten problem nap\u0119dzi kolejne", "source_obj__id": 110, "description": "<img align=\"right\" hspace=\"5\" src=\"https://ocdn.eu/pulscms-transforms/1/EsNktktTURBXy82ZWI0NWQ2ZC01YzNjLTQzZDYtOTAyMC02MWQxZDhkYjI4MDQucG5nkZMFzQEdzKA\" />Chi\u0144ski smok musi stawi\u0107 czo\u0142a wielu wyzwaniom, przy czym zadanie jest o tyle trudniejsze, \u017ce w tym kraju jeden problem nap\u0119dza drugi. Obecnie wielu m\u0142odych Chi\u0144czyk\u00f3w bez skutku szuka dla siebie miejsca na rynku pracy, dla kt\u00f3rego, jak si\u0119 okazuje, s\u0105 przekwalifikowani. Ekonomi\u015bci przewiduj\u0105, \u017ce chi\u0144skie bezrobocie b\u0119dzie oliw\u0105 do ognia innych kryzys\u00f3w; w tym \u2013 demograficznego.", "permanent": false, "comments": [], "vote": 0, "album": "", "link": "https://forsal.pl/gospodarka/bezrobocie/artykuly/9414438,chiny-mierza-sie-z-bezrobociem-wsrod-mlodych-a-ten-problem-napedzi-ko.html", "page_rating_votes": 0, "thumbnail": null, "age": null}, {"bookmarked": false, "page_rating_contents": 0, "source": "https://forsal.pl/.feed", "page_rating": 0, "user": null, "tags": [], "date_published": "2024-02-02T05:10:00+00:00", "dead": false, "page_rating_visits": 0, "artist": "Forsal.pl", "language": "pl", "title": "Wyborca AfD: \u201ePolska uros\u0142a dwucyfrowo, a Niemcy si\u0119 zwijaj\u0105. Dlaczego mamy to finansowa\u0107?\u201d", "source_obj__id": 110, "description": "<img align=\"right\" hspace=\"5\" src=\"https://ocdn.eu/pulscms-transforms/1/Hm3ktktTURBXy9kNGFmYjI0Yi1iM2RkLTQxY2MtOThiMi1lZTRlODQ0YzVmNDYucG5nkZMFzQEdzKA\" />Pierwszy raz w historii przeci\u0119tne wynagrodzenie w Polsce przekroczy\u0142o 2 tysi\u0105ce dolar\u00f3w, minimalne \u2013 tysi\u0105c, a politycy partii, kt\u00f3ra rz\u0105dzi\u0142a przez ostatnich osiem lat, robi\u0105 z nas niezmiennie ofiar\u0119 dziej\u00f3w. Tymczasem m\u00f3j znajomy z Bawarii us\u0142ysza\u0142 od s\u0105siada - zwolennika Alternatywy dla Niemiec (AfD): \u201ePolska uros\u0142a dwucyfrowo, a Niemcy si\u0119 zwijaj\u0105. Dlaczego mamy to finansowa\u0107?\u201d \u015awietne pytanie do Jaros\u0142awa Kaczy\u0144skiego.", "permanent": false, "comments": [], "vote": 0, "album": "", "link": "https://forsal.pl/gospodarka/polityka/artykuly/9421749,wyborca-afd-polska-urosla-dwucyfrowo-a-niemcy-sie-zwijaja-dlaczego.html", "page_rating_votes": 0, "thumbnail": null, "age": null}, {"bookmarked": false, "page_rating_contents": 0, "source": "https://forsal.pl/.feed", "page_rating": 0, "user": null, "tags": [], "date_published": "2024-02-02T05:00:00+00:00", "dead": false, "page_rating_visits": 0, "artist": "Forsal.pl", "language": "pl", "title": "Nie tylko mBank podnosi op\u0142aty, czyli jak dro\u017cej\u0105 us\u0142ugi bankowe", "source_obj__id": 110, "description": "<img align=\"right\" hspace=\"5\" src=\"https://ocdn.eu/pulscms-transforms/1/m_ektkuTURBXy9kN2ViY2NkMi0zZmYxLTQ2YmQtOTZhYy0wNGRiODZkMGQ2MzMuanBlZ5GTBc0BHcyg\" />W tym roku ju\u017c dwa du\u017ce banki zapowiedzia\u0142y podwy\u017cszenie prowizji i op\u0142at. W ubieg\u0142ym wzrost cen us\u0142ug finansowych nale\u017ca\u0142 u nas do najwy\u017cszych w UE. Obni\u017cki st\u00f3p procentowych mog\u0105 sk\u0142oni\u0107 do podnoszenia prowizji kolejnych rynkowych graczy.", "permanent": false, "comments": [], "vote": 0, "album": "", "link": "https://forsal.pl/biznes/bankowosc/artykuly/9422821,mbank-podnosi-oplaty-ile-od-kiedy.html", "page_rating_votes": 0, "thumbnail": null, "age": null}, {"bookmarked": false, "page_rating_contents": 0, "source": "https://forsal.pl/.feed", "page_rating": 0, "user": null, "tags": [], "date_published": "2024-02-02T05:00:00+00:00", "dead": false, "page_rating_visits": 0, "artist": "Forsal.pl", "language": "pl", "title": "Niemcy - unijny antyprzyk\u0142ad odchodzenia od paliw kopalnych", "source_obj__id": 110, "description": "<img align=\"right\" hspace=\"5\" src=\"https://ocdn.eu/pulscms-transforms/1/N_1ktkuTURBXy83YWNhNDQ1OC0xZGI2LTRiZjktOWU2MC1lNGQ2NTY5YWQzNmYuanBlZ5GTBc0BHcyg\" />Pozyskiwanie energii z paliw kopalnych jest zwi\u0105zane z du\u017cymi kosztami spo\u0142ecznymi. Z tego powodu UE zamierza ograniczy\u0107 uzale\u017cnienie od nich. Niekt\u00f3rym pa\u0144stwom udaje si\u0119 to. S\u0105 jednak tak\u017ce takie, gdzie idzie to bardzo wolno. Jednym z takich antyprzyk\u0142ad\u00f3w s\u0105 Niemcy. Jak na tle UE wypada Polska?", "permanent": false, "comments": [], "vote": 0, "album": "", "link": "https://forsal.pl/biznes/energetyka/artykuly/9421547,niemcy-unijny-antyprzyklad-odchodzenia-od-paliw-kopalnych.html", "page_rating_votes": 0, "thumbnail": null, "age": null}]