[{"bookmarked": false, "page_rating_contents": 0, "source": "https://feeds.washingtonpost.com/rss/world?itid=lk_inline_manual_36", "page_rating": 0, "user": null, "tags": [], "date_published": "2024-02-02T21:22:56+00:00", "dead": false, "page_rating_visits": 0, "artist": null, "language": null, "title": "U.S. retaliates after deadly attack on Jordan base", "source_obj__id": 202, "description": "The U.S. strike follows a drone attack, blamed on Iranian-backed militants, that killed three U.S. troops and injured dozens more at an outpost in Jordan.", "permanent": false, "comments": [], "vote": 0, "album": "", "link": "https://www.washingtonpost.com/national-security/2024/02/02/us-strike-retaliates-jordan-attack", "page_rating_votes": 0, "thumbnail": null, "age": null}, {"bookmarked": false, "page_rating_contents": 0, "source": "https://feeds.washingtonpost.com/rss/world?itid=lk_inline_manual_36", "page_rating": 0, "user": null, "tags": [], "date_published": "2024-02-02T19:47:02+00:00", "dead": false, "page_rating_visits": 0, "artist": null, "language": null, "title": "Ukraine informs U.S. about decision to fire top general", "source_obj__id": 202, "description": "White House officials did not endorse or object to the planned ouster of Gen. Valery Zaluzhny, saying it\u2019s President Volodymyr Zelensky\u2019s choice to make.", "permanent": false, "comments": [], "vote": 0, "album": "", "link": "https://www.washingtonpost.com/national-security/2024/02/02/zaluzhny-zelensky-white-house", "page_rating_votes": 0, "thumbnail": null, "age": null}, {"bookmarked": false, "page_rating_contents": 0, "source": "https://feeds.washingtonpost.com/rss/world?itid=lk_inline_manual_36", "page_rating": 0, "user": null, "tags": [], "date_published": "2024-02-02T18:33:34+00:00", "dead": false, "page_rating_visits": 0, "artist": null, "language": null, "title": "A 6-year-old in Gaza City was calling to be rescued. Did anyone find her?", "source_obj__id": 202, "description": "Hind Hamada\u2019s story is emblematic of the ongoing dangers faced by civilians in northern Gaza and the depth of their isolation from the outside world.", "permanent": false, "comments": [], "vote": 0, "album": "", "link": "https://www.washingtonpost.com/world/2024/02/02/gaza-city-rescue-palestine-red-crescent", "page_rating_votes": 0, "thumbnail": null, "age": null}, {"bookmarked": false, "page_rating_contents": 0, "source": "https://feeds.washingtonpost.com/rss/world?itid=lk_inline_manual_36", "page_rating": 0, "user": null, "tags": [], "date_published": "2024-02-02T15:28:40+00:00", "dead": false, "page_rating_visits": 0, "artist": null, "language": null, "title": "Man dies after falling from London\u2019s Tate Modern gallery, police say", "source_obj__id": 202, "description": "The London Metropolitan Police said that the man\u2019s death was being treated as unexpected but is not thought to be suspicious.", "permanent": false, "comments": [], "vote": 0, "album": "", "link": "https://www.washingtonpost.com/world/2024/02/02/tate-modern-fall", "page_rating_votes": 0, "thumbnail": null, "age": null}, {"bookmarked": false, "page_rating_contents": 0, "source": "https://feeds.washingtonpost.com/rss/world?itid=lk_inline_manual_36", "page_rating": 0, "user": null, "tags": [], "date_published": "2024-02-02T11:53:59+00:00", "dead": false, "page_rating_visits": 0, "artist": null, "language": null, "title": "Gas explosion in Kenyan capital injures hundreds, sparks huge fireball", "source_obj__id": 202, "description": "At least three people were killed when a truck filled with canisters of cooking gas exploded in the heart of a densely populated Nairobi neighborhood.", "permanent": false, "comments": [], "vote": 0, "album": "", "link": "https://www.washingtonpost.com/world/2024/02/02/kenya-nairobi-gas-explosion", "page_rating_votes": 0, "thumbnail": null, "age": null}, {"bookmarked": false, "page_rating_contents": 0, "source": "https://feeds.washingtonpost.com/rss/world?itid=lk_inline_manual_36", "page_rating": 0, "user": null, "tags": [], "date_published": "2024-02-02T10:15:15+00:00", "dead": false, "page_rating_visits": 0, "artist": null, "language": null, "title": "Ukraine\u2019s top general, awaiting dismissal order, urges futuristic overhaul", "source_obj__id": 202, "description": "Gen. Valery Zaluzhny, who was told Monday that he is being fired, called for a technological upgrade of Ukraine\u2019s military to withstand Russia\u2019s larger force.", "permanent": false, "comments": [], "vote": 0, "album": "", "link": "https://www.washingtonpost.com/world/2024/02/02/zaluzhny-zelensky-ukraine-general-dismissal", "page_rating_votes": 0, "thumbnail": null, "age": null}, {"bookmarked": false, "page_rating_contents": 0, "source": "https://feeds.washingtonpost.com/rss/world?itid=lk_inline_manual_36", "page_rating": 0, "user": null, "tags": [], "date_published": "2024-02-02T07:01:26+00:00", "dead": false, "page_rating_visits": 0, "artist": null, "language": null, "title": "Middle East conflict live updates: U.N. agency renews funding plea for Palestinians\u2019 \u2018sheer survival\u2019", "source_obj__id": 202, "description": "The UNRWA asked donor nations to reverse their decisions to suspend aid over allegations that staff members participated in Hamas\u2019s Oct. 7 attacks.", "permanent": false, "comments": [], "vote": 0, "album": "", "link": "https://www.washingtonpost.com/world/2024/02/02/israel-hamas-war-news-gaza-palestine", "page_rating_votes": 0, "thumbnail": null, "age": null}, {"bookmarked": false, "page_rating_contents": 0, "source": "https://feeds.washingtonpost.com/rss/world?itid=lk_inline_manual_36", "page_rating": 0, "user": null, "tags": [], "date_published": "2024-02-02T06:00:02+00:00", "dead": false, "page_rating_visits": 0, "artist": null, "language": null, "title": "A Palestinian posted a message on Oct. 7. Then came the death threats.", "source_obj__id": 202, "description": "Dalal Abu Amneh, a Palestinian neuroscientist and renowned folk singer, found her life turned upside down after a Facebook message posted on Oct. 7.", "permanent": false, "comments": [], "vote": 0, "album": "", "link": "https://www.washingtonpost.com/world/2024/02/02/dalal-abu-amneh-palestinians-israel", "page_rating_votes": 0, "thumbnail": null, "age": null}, {"bookmarked": false, "page_rating_contents": 0, "source": "https://feeds.washingtonpost.com/rss/world?itid=lk_inline_manual_36", "page_rating": 0, "user": null, "tags": [], "date_published": "2024-02-02T05:00:00+00:00", "dead": false, "page_rating_visits": 0, "artist": null, "language": null, "title": "Hungary\u2019s Orban folds before the E.U. and reminds all of his weakness", "source_obj__id": 202, "description": "For all his antics, Hungary\u2019s illiberal prime minister needs Europe more than Europe needs him.", "permanent": false, "comments": [], "vote": 0, "album": "", "link": "https://www.washingtonpost.com/world/2024/02/02/hungary-viktor-orban-weak-european-union", "page_rating_votes": 0, "thumbnail": null, "age": null}, {"bookmarked": false, "page_rating_contents": 0, "source": "https://feeds.washingtonpost.com/rss/world?itid=lk_inline_manual_36", "page_rating": 0, "user": null, "tags": [], "date_published": "2024-02-02T01:20:56+00:00", "dead": false, "page_rating_visits": 0, "artist": null, "language": null, "title": "Larry Taylor, gunship pilot in Vietnam who led daring rescue, dies at 81", "source_obj__id": 202, "description": "The Cobra attack helicopter pilot received the Medal of Honor last year for the 1968 rescue of a four-member Army reconnaissance patrol.", "permanent": false, "comments": [], "vote": 0, "album": "", "link": "https://www.washingtonpost.com/obituaries/2024/02/01/larry-taylor-medal-honor-dies", "page_rating_votes": 0, "thumbnail": null, "age": null}]