[{"bookmarked": false, "page_rating_contents": 0, "source": "https://colombiareports.com/feed/", "page_rating": 0, "user": null, "tags": [], "date_published": "2024-02-02T14:56:14+00:00", "dead": false, "page_rating_visits": 0, "artist": null, "language": "en", "title": "Ecuador vows to repatriate 1,500 convicts to Colombia", "source_obj__id": 536, "description": "<p>Ecuador&#8217;s government will repatriate some 1,500 Colombian prisoners in an attempt to combat organized crime. The mass deportation of convicts follows an outburst of violence by illegal armed groups in&#8230;</p>\n<p>The post <a href=\"https://colombiareports.com/ecuador-vows-to-repatriate-1500-convicts-to-colombia/\" rel=\"nofollow\">Ecuador vows to repatriate 1,500 convicts to Colombia</a> appeared first on <a href=\"https://colombiareports.com\" rel=\"nofollow\">Colombia News | Colombia Reports</a>.</p>", "permanent": false, "comments": [], "vote": 0, "album": "", "link": "https://colombiareports.com/ecuador-vows-to-repatriate-1500-convicts-to-colombia", "page_rating_votes": 0, "thumbnail": null, "age": null}]