[{"bookmarked": false, "page_rating_contents": 0, "source": "https://feeds.washingtonpost.com/rss/business/technology", "page_rating": 0, "user": null, "tags": [], "date_published": "2024-02-02T22:35:28+00:00", "dead": false, "page_rating_visits": 0, "artist": null, "language": null, "title": "Companies\u2019 hard-line stance on returning to the office is backfiring", "source_obj__id": 78, "description": "Employers are losing patience with remote work, but they\u2019re facing an uphill battle in getting workers back in person.", "permanent": false, "comments": [], "vote": 0, "album": "", "link": "https://www.washingtonpost.com/technology/2024/02/02/return-to-office-punishments-remote-hybrid-work", "page_rating_votes": 0, "thumbnail": null, "age": null}, {"bookmarked": false, "page_rating_contents": 0, "source": "https://feeds.washingtonpost.com/rss/business/technology", "page_rating": 0, "user": null, "tags": [], "date_published": "2024-02-02T17:30:48+00:00", "dead": false, "page_rating_visits": 0, "artist": null, "language": null, "title": "Apple\u2019s Vision Pro is \u2018spatial computing.\u2019 Nobody knows what it means.", "source_obj__id": 78, "description": "Do you want a technology that can\u2019t define itself?", "permanent": false, "comments": [], "vote": 0, "album": "", "link": "https://www.washingtonpost.com/technology/2024/02/02/apple-vision-pro-what-is-spatial-computing-ar-vr", "page_rating_votes": 0, "thumbnail": null, "age": null}, {"bookmarked": false, "page_rating_contents": 0, "source": "https://feeds.washingtonpost.com/rss/business/technology", "page_rating": 0, "user": null, "tags": [], "date_published": "2024-02-02T00:07:20+00:00", "dead": false, "page_rating_visits": 0, "artist": null, "language": null, "title": "Elon Musk is unfathomably rich. Here\u2019s where his money is stashed.", "source_obj__id": 78, "description": "Musk lacks significant tranches of cash; his money is largely tied up in ownership stakes of his companies.", "permanent": false, "comments": [], "vote": 0, "album": "", "link": "https://www.washingtonpost.com/technology/2024/02/01/elon-musk-wealth-net-worth-companies", "page_rating_votes": 0, "thumbnail": null, "age": null}]