[{"bookmarked": false, "page_rating_contents": 0, "source": "https://feeds.npr.org/1001/rss.xml", "page_rating": 0, "user": null, "tags": [], "date_published": "2024-02-02T22:08:48+00:00", "dead": false, "page_rating_visits": 0, "artist": null, "language": "en", "title": "Napkin used to secure Messi's first contract with FC Barcelona to be sold at auction", "source_obj__id": 203, "description": "Soccer star Lionel Messi's first unofficial contract with FC Barcelona was done on a napkin. It's now going to auction with a starting bid of nearly $400,000.", "permanent": false, "comments": [], "vote": 0, "album": "", "link": "https://www.npr.org/2024/02/02/1228673949/lionel-messi-napkin-contract-auction", "page_rating_votes": 0, "thumbnail": null, "age": null}, {"bookmarked": false, "page_rating_contents": 0, "source": "https://feeds.npr.org/1001/rss.xml", "page_rating": 0, "user": null, "tags": [], "date_published": "2024-02-02T22:08:14+00:00", "dead": false, "page_rating_visits": 0, "artist": null, "language": "en", "title": "Target pulls Black History Month book that misidentified 3 civil rights icons", "source_obj__id": 203, "description": "The magnet book mixed up W.E.B. Du Bois, Booker T. Washington and Carter G. Woodson. Target said it will no longer sell the book in stores or online and that it notified the publisher of the errors.", "permanent": false, "comments": [], "vote": 0, "album": "", "link": "https://www.npr.org/2024/02/02/1228690068/target-black-history-month-book-civil-rights-icons-errors", "page_rating_votes": 0, "thumbnail": null, "age": null}, {"bookmarked": false, "page_rating_contents": 0, "source": "https://feeds.npr.org/1001/rss.xml", "page_rating": 0, "user": null, "tags": [], "date_published": "2024-02-02T21:24:34+00:00", "dead": false, "page_rating_visits": 0, "artist": null, "language": "en", "title": "U.S. hits Iranian proxies in Iraq, Syria in retaliation for deadly strikes", "source_obj__id": 203, "description": "The strikes are more extensive and deadly than those launched since last October, when the Israeli-Gaza war began and pro-Iranian groups started an uptick of attacks.", "permanent": false, "comments": [], "vote": 0, "album": "", "link": "https://www.npr.org/2024/02/02/1228132782/us-biden-iran-drone-response-strike", "page_rating_votes": 0, "thumbnail": null, "age": null}, {"bookmarked": false, "page_rating_contents": 0, "source": "https://feeds.npr.org/1001/rss.xml", "page_rating": 0, "user": null, "tags": [], "date_published": "2024-02-02T21:22:42+00:00", "dead": false, "page_rating_visits": 0, "artist": null, "language": "en", "title": "Carl Weathers, linebacker-turned-actor who starred in 'Rocky' movies, dies at 76", "source_obj__id": 203, "description": "Carl Weathers, a former NFL linebacker who became a Hollywood action movie and comedy star, playing nemesis-turned-ally Apollo Creed in the \"Rocky\" movies, has died.", "permanent": false, "comments": [], "vote": 0, "album": "", "link": "https://www.npr.org/2024/02/02/1228748907/carl-weathers-rocky-movies-mandalorian-dies", "page_rating_votes": 0, "thumbnail": null, "age": null}, {"bookmarked": false, "page_rating_contents": 0, "source": "https://feeds.npr.org/1001/rss.xml", "page_rating": 0, "user": null, "tags": [], "date_published": "2024-02-02T19:47:34+00:00", "dead": false, "page_rating_visits": 0, "artist": null, "language": "en", "title": "Biden attends the dignified transfer at Dover for service members killed in Jordan", "source_obj__id": 203, "description": "It is one of the most solemn tasks for a commander-in-chief, bearing witness as the bodies of fallen service members return to U.S. soil at Dover Air Force Base.", "permanent": false, "comments": [], "vote": 0, "album": "", "link": "https://www.npr.org/2024/02/02/1228453624/biden-dover-service-members-killed-in-jordan", "page_rating_votes": 0, "thumbnail": null, "age": null}, {"bookmarked": false, "page_rating_contents": 0, "source": "https://feeds.npr.org/1001/rss.xml", "page_rating": 0, "user": null, "tags": [], "date_published": "2024-02-02T18:57:37+00:00", "dead": false, "page_rating_visits": 0, "artist": null, "language": "en", "title": "Atlanta DA admits a relationship with Trump case prosecutor but defends her actions", "source_obj__id": 203, "description": "A codefendant in the Georgia election interference case claimed Fulton County District Attorney Fani Willis has had an improper relationship with a prosecutor on the case. Willis responded Friday.", "permanent": false, "comments": [], "vote": 0, "album": "", "link": "https://www.npr.org/2024/02/02/1224275208/fani-willis-misconduct-nathan-wade-trump-case", "page_rating_votes": 0, "thumbnail": null, "age": null}, {"bookmarked": false, "page_rating_contents": 0, "source": "https://feeds.npr.org/1001/rss.xml", "page_rating": 0, "user": null, "tags": [], "date_published": "2024-02-02T18:44:35+00:00", "dead": false, "page_rating_visits": 0, "artist": null, "language": "en", "title": "The U.S. created an extraordinary number of jobs in January. Here's a deeper look", "source_obj__id": 203, "description": "U.S. employers added 353,000 jobs in January \u2014 far more than forecasters expected. The sizzling job market is good for workers but could cause the Federal Reserve to postpone a cut in interest rates.", "permanent": false, "comments": [], "vote": 0, "album": "", "link": "https://www.npr.org/2024/02/02/1228587247/jobs-labor-employers-economy-inflation-interest-rates", "page_rating_votes": 0, "thumbnail": null, "age": null}, {"bookmarked": false, "page_rating_contents": 0, "source": "https://feeds.npr.org/1001/rss.xml", "page_rating": 0, "user": null, "tags": [], "date_published": "2024-02-02T16:01:13+00:00", "dead": false, "page_rating_visits": 0, "artist": null, "language": "en", "title": "Tesla recalls nearly 2.2M vehicles for software update to fix warning lights", "source_obj__id": 203, "description": "Tesla is recalling nearly all of the autos it's sold in the U.S. because some warning lights on the instrument panel are too small. And NHTSA has upgraded a probe into Tesla steering problems.", "permanent": false, "comments": [], "vote": 0, "album": "", "link": "https://www.npr.org/2024/02/02/1228607494/tesla-recall-warning-lights-software-update", "page_rating_votes": 0, "thumbnail": null, "age": null}, {"bookmarked": false, "page_rating_contents": 0, "source": "https://feeds.npr.org/1001/rss.xml", "page_rating": 0, "user": null, "tags": [], "date_published": "2024-02-02T14:08:44+00:00", "dead": false, "page_rating_visits": 0, "artist": null, "language": "en", "title": "Why this neurosurgeon chose to stay in his beloved Gaza \u2014 and why he left", "source_obj__id": 203, "description": "Since boyhood, Husam Abukhedeir wanted to become a doctor and serve his people. He overcome obstacles to get his medical credentials and practiced neurosurgery at Al-Shifa Hospital. Then came the war.", "permanent": false, "comments": [], "vote": 0, "album": "", "link": "https://www.npr.org/sections/goatsandsoda/2024/02/02/1228089758/israel-gaza-war-palestinian-neurosurgeon", "page_rating_votes": 0, "thumbnail": null, "age": null}, {"bookmarked": false, "page_rating_contents": 0, "source": "https://feeds.npr.org/1001/rss.xml", "page_rating": 0, "user": null, "tags": [], "date_published": "2024-02-02T13:06:32+00:00", "dead": false, "page_rating_visits": 0, "artist": null, "language": "en", "title": "Up First briefing: Biden sanctions Israeli settlers; mystery noise disturbs Floridians", "source_obj__id": 203, "description": "Biden issued an executive order on targeting Israeli settlers in the West Bank who have been violent to Palestinians. South Tampa residents report a mysterious, subwoofer vibration-like noise.", "permanent": false, "comments": [], "vote": 0, "album": "", "link": "https://www.npr.org/2024/02/02/1228556631/up-first-briefing-biden-sanctions-israeli-settlers-mystery-noise-disturbs-florid", "page_rating_votes": 0, "thumbnail": null, "age": null}, {"bookmarked": false, "page_rating_contents": 0, "source": "https://feeds.npr.org/1001/rss.xml", "page_rating": 0, "user": null, "tags": [], "date_published": "2024-02-02T12:22:38+00:00", "dead": false, "page_rating_visits": 0, "artist": null, "language": "en", "title": "Watch Groundhog Day 2024: Punxsutawney Phil declares an early spring", "source_obj__id": 203, "description": "For Groundhog Day in 2024, Punxsutawney Phil did not see his shadow, elating a massive crowd at Gobbler's Knob.", "permanent": false, "comments": [], "vote": 0, "album": "", "link": "https://www.npr.org/2024/02/02/1228547493/groundhog-day-punxsutawney-phil-spring", "page_rating_votes": 0, "thumbnail": null, "age": null}, {"bookmarked": false, "page_rating_contents": 0, "source": "https://feeds.npr.org/1001/rss.xml", "page_rating": 0, "user": null, "tags": [], "date_published": "2024-02-02T12:00:40+00:00", "dead": false, "page_rating_visits": 0, "artist": null, "language": "en", "title": "Congressional Democrats tell Biden to do more on abortion after Ohio woman's arrest", "source_obj__id": 203, "description": "A new letter to President Biden spearheaded by the Democratic Women's Caucus references the case of Brittany Watts, an Ohio woman who faced felony charges after suffering a miscarriage last year.", "permanent": false, "comments": [], "vote": 0, "album": "", "link": "https://www.npr.org/2024/02/02/1228463764/congressional-democrats-tell-biden-to-do-more-on-abortion-after-ohio-womans-arre", "page_rating_votes": 0, "thumbnail": null, "age": null}, {"bookmarked": false, "page_rating_contents": 0, "source": "https://feeds.npr.org/1001/rss.xml", "page_rating": 0, "user": null, "tags": [], "date_published": "2024-02-02T10:35:00+00:00", "dead": false, "page_rating_visits": 0, "artist": null, "language": "en", "title": "Why the 'world's coolest dictator' is on course for a landslide win in El Salvador", "source_obj__id": 203, "description": "El Salvador's Nayib Bukele has won plaudits both at home and abroad for his indiscriminate security crackdown that has seen more than 1% of the country's population put in prison.", "permanent": false, "comments": [], "vote": 0, "album": "", "link": "https://www.npr.org/2024/02/02/1228345606/nayib-bukele-el-salvador-election-policies", "page_rating_votes": 0, "thumbnail": null, "age": null}, {"bookmarked": false, "page_rating_contents": 0, "source": "https://feeds.npr.org/1001/rss.xml", "page_rating": 0, "user": null, "tags": [], "date_published": "2024-02-02T10:01:10+00:00", "dead": false, "page_rating_visits": 0, "artist": null, "language": "en", "title": "Your appendix is not, in fact, useless. This anatomy professor explains", "source_obj__id": 203, "description": "A sudden appendectomy as a child made Heather Smith curious about what the appendix is for and why it gets inflamed. Now as an anatomy researcher, she's finding answers.", "permanent": false, "comments": [], "vote": 0, "album": "", "link": "https://www.npr.org/sections/health-shots/2024/02/02/1228474984/appendix-function-appendicitis-gut-health", "page_rating_votes": 0, "thumbnail": null, "age": null}, {"bookmarked": false, "page_rating_contents": 0, "source": "https://feeds.npr.org/1001/rss.xml", "page_rating": 0, "user": null, "tags": [], "date_published": "2024-02-02T10:00:40+00:00", "dead": false, "page_rating_visits": 0, "artist": null, "language": "en", "title": "Phil. Chuck. Jimmy. Here's why many Groundhog Day prognosticators are male", "source_obj__id": 203, "description": "There is a simple reason for male groundhogs to seize the Feb. 2 holiday. But the handlers of female groundhogs say their animals are more accurate than Punxsutawney Phil.", "permanent": false, "comments": [], "vote": 0, "album": "", "link": "https://www.npr.org/2024/02/02/1228404253/why-are-so-many-groundhog-day-stars-male", "page_rating_votes": 0, "thumbnail": null, "age": null}, {"bookmarked": false, "page_rating_contents": 0, "source": "https://feeds.npr.org/1001/rss.xml", "page_rating": 0, "user": null, "tags": [], "date_published": "2024-02-02T10:00:40+00:00", "dead": false, "page_rating_visits": 0, "artist": null, "language": "en", "title": "With opioid deaths soaring, Biden administration will widen access to methadone", "source_obj__id": 203, "description": "Bureaucratic hurdles mean just one-in-five people with opioid addiction get access to medication that could help them.  The White House says new rules will help.", "permanent": false, "comments": [], "vote": 0, "album": "", "link": "https://www.npr.org/sections/health-shots/2024/02/02/1228349518/opioid-overdose-addiction-methadone", "page_rating_votes": 0, "thumbnail": null, "age": null}, {"bookmarked": false, "page_rating_contents": 0, "source": "https://feeds.npr.org/1001/rss.xml", "page_rating": 0, "user": null, "tags": [], "date_published": "2024-02-02T10:00:10+00:00", "dead": false, "page_rating_visits": 0, "artist": null, "language": "en", "title": "What are Taylor and Elon doing *now*, and why is Elmo here? Find out in the quiz", "source_obj__id": 203, "description": "Serial newsmakers Taylor Swift and Elon Musk made more headlines this week, but they were also joined by goats, a helicopter and a very intriguing blurry image.", "permanent": false, "comments": [], "vote": 0, "album": "", "link": "https://www.npr.org/2024/02/02/1228281519/elmo-taylor-swift-super-bowl-elon-musk-nasa", "page_rating_votes": 0, "thumbnail": null, "age": null}, {"bookmarked": false, "page_rating_contents": 0, "source": "https://feeds.npr.org/1001/rss.xml", "page_rating": 0, "user": null, "tags": [], "date_published": "2024-02-02T09:07:27+00:00", "dead": false, "page_rating_visits": 0, "artist": null, "language": "en", "title": "The EPA is proposing that 'forever chemicals' be considered hazardous substances", "source_obj__id": 203, "description": "A study by the U.S. Geological Survey found that the man-made chemicals are present in nearly half the country's tap water supply.", "permanent": false, "comments": [], "vote": 0, "album": "", "link": "https://www.npr.org/2024/02/02/1228540721/forever-chemicals-pfas-epa-hazardous", "page_rating_votes": 0, "thumbnail": null, "age": null}, {"bookmarked": false, "page_rating_contents": 0, "source": "https://feeds.npr.org/1001/rss.xml", "page_rating": 0, "user": null, "tags": [], "date_published": "2024-02-02T06:20:05+00:00", "dead": false, "page_rating_visits": 0, "artist": null, "language": "en", "title": "Several die after a plane crashes into a Florida mobile home, officials say", "source_obj__id": 203, "description": "Authorities received emergency calls at the same time about a structure fire and an aircraft that went off radar three miles from a Florida airport. It is still unknown how many fatalities there were.", "permanent": false, "comments": [], "vote": 0, "album": "", "link": "https://www.npr.org/2024/02/02/1228533985/plane-crash-florida-mobile-home", "page_rating_votes": 0, "thumbnail": null, "age": null}]