[{"tags": [], "page_rating_votes": 0, "page_rating_visits": 0, "vote": 0, "user": null, "bookmarked": false, "thumbnail": "https://www.nzherald.co.nz/resizer/v2/WWVINSWAAJDXXDD2RCM36MQ4X4.jpg?auth=d460ba98e2c48be7829cfdd35b2abdde388292acffbf662d99a16e50f52f40e4&width=300&height=300&smart=true&quality=70", "dead": false, "source": "https://www.nzherald.co.nz/arc/outboundfeeds/rss/curated/78/?outputType=xml&amp", "source_obj__id": 237, "album": "", "date_published": "2024-03-06T22:49:00+00:00", "artist": null, "age": null, "title": "Christopher Luxon unveils fast track bill, as Willie Jackson labels David Seymour\u2019s TVNZ attack censorship and a \u2018disgrace\u2019", "description": "Luxon faces questions about a key minister, as Govt nears end of 100-day plan.", "link": "https://www.nzherald.co.nz/nz/politics/christopher-luxon-unveils-fast-track-bill-as-willie-jackson-labels-david-seymours-tvnz-attack-censorship-and-a-disgrace/GIHQHALBB5DQRISYYDFSOS2VRE", "language": "en", "comments": [], "page_rating_contents": 0, "permanent": false, "page_rating": 0}, {"tags": [], "page_rating_votes": 0, "page_rating_visits": 0, "vote": 0, "user": null, "bookmarked": false, "thumbnail": "https://www.nzherald.co.nz/resizer/v2/DURTMJEG7PYSXVMIQEWAIRXBAY.jpg?auth=ce5b43f0ab1e8b7c2f284ecde20d4fb22ca9b1d47c5120417fc3a0fc46d49325&width=300&height=300&smart=true&quality=70", "dead": false, "source": "https://www.nzherald.co.nz/arc/outboundfeeds/rss/curated/78/?outputType=xml&amp", "source_obj__id": 237, "album": "", "date_published": "2024-03-06T22:45:27+00:00", "artist": null, "age": null, "title": "\u2018My sister was burnt alive\u2019: Kiwi woman survives attempted \u2018blowtorch\u2019 murder", "description": "'I could hear the blowtorch burning,' witness tells court.", "link": "https://www.nzherald.co.nz/world/my-sister-was-burnt-alive-kiwi-woman-survives-attempted-blowtorch-murder/22SMO6IKZNDILGL5OXRB33SMWI", "language": "en", "comments": [], "page_rating_contents": 0, "permanent": false, "page_rating": 0}, {"tags": [], "page_rating_votes": 0, "page_rating_visits": 0, "vote": 0, "user": null, "bookmarked": false, "thumbnail": "https://www.nzherald.co.nz/resizer/v2/ADFZIHLMMNBDHFZY2GNKNNVJRE.jpg?auth=1ecade93da6e74b1d4ca0d23122b22ec848156b6dbb71d05816219b7f92e5732&width=300&height=300&smart=true&quality=70", "dead": false, "source": "https://www.nzherald.co.nz/arc/outboundfeeds/rss/curated/78/?outputType=xml&amp", "source_obj__id": 237, "album": "", "date_published": "2024-03-06T21:00:00+00:00", "artist": null, "age": null, "title": "Parnell, Auckland sinkhole: Review finds seven factors led to massive hole, sewer blockage", "description": "Work to fix the sinkhole is 'well under way' and has a $86.7 million price tag.", "link": "https://www.nzherald.co.nz/nz/auckland-parnell-sinkhole-review-finds-seven-factors-led-to-massive-hole-sewer-blockage/JOQV43LR3FFGXGKJK62SGL2XMM", "language": "en", "comments": [], "page_rating_contents": 0, "permanent": false, "page_rating": 0}, {"tags": [], "page_rating_votes": 0, "page_rating_visits": 0, "vote": 0, "user": null, "bookmarked": false, "thumbnail": "https://www.nzherald.co.nz/resizer/v2/ADQQIBVTNVFYDBFNJ4FYRUOSJQ.jpg?auth=bc11a459df4ccc3aa50509b8cbde9abc402b40e7666af02ac22fc71fd277dd2e&width=300&height=300&smart=true&quality=70", "dead": false, "source": "https://www.nzherald.co.nz/arc/outboundfeeds/rss/curated/78/?outputType=xml&amp", "source_obj__id": 237, "album": "", "date_published": "2024-03-06T20:31:05+00:00", "artist": null, "age": null, "title": "Ex-stripper who \u2018kissed\u2019 Prince Harry threatens to leak naked photographs of him on OnlyFans", "description": "Carrie Royale claims she kissed the prince in 2012 during a wild night in Las Vegas.", "link": "https://www.nzherald.co.nz/lifestyle/ex-stripper-who-kissed-prince-harry-threatens-to-leak-naked-photographs-of-him-on-onlyfans/SJ54XVDYUFG3BGO7QHTB4PGSDY", "language": "en", "comments": [], "page_rating_contents": 0, "permanent": false, "page_rating": 0}, {"tags": [], "page_rating_votes": 0, "page_rating_visits": 0, "vote": 0, "user": null, "bookmarked": false, "thumbnail": "https://www.nzherald.co.nz/resizer/v2/4P6LP6GG3JGFBISD4OFD6G763Y.JPG?auth=c8d6f9b6d38542ff9dd3b79cd34c4280635444fadb31b287663e57fef6ef4c7b&width=300&height=300&smart=true&quality=70", "dead": false, "source": "https://www.nzherald.co.nz/arc/outboundfeeds/rss/curated/78/?outputType=xml&amp", "source_obj__id": 237, "album": "", "date_published": "2024-03-06T20:12:12+00:00", "artist": null, "age": null, "title": "Aged Care Commissioner calls for free hearing aids to ward off dementia", "description": "The Government subsidy for hearing aids of $1022 hasn't increased for years.", "link": "https://www.nzherald.co.nz/nz/aged-care-commissioner-calls-for-free-hearing-aids-to-ward-off-dementia/Q5WGAHLDPFGSZKURF32IRYUEMM", "language": "en", "comments": [], "page_rating_contents": 0, "permanent": false, "page_rating": 0}, {"tags": [], "page_rating_votes": 0, "page_rating_visits": 0, "vote": 0, "user": null, "bookmarked": false, "thumbnail": "https://www.nzherald.co.nz/resizer/v2/PVTPVEDRZRDC3M3XXTLA727QXE.jpg?auth=013b81a4d696612d0cd8a67966a822e1fc5cb8d8362fd9b9d5e896bb1d54bc10&width=300&height=300&smart=true&quality=70", "dead": false, "source": "https://www.nzherald.co.nz/arc/outboundfeeds/rss/curated/78/?outputType=xml&amp", "source_obj__id": 237, "album": "", "date_published": "2024-03-06T19:48:23+00:00", "artist": null, "age": null, "title": "David Seymour blasts TVNZ reporter, attacks media industry", "description": "\"They have spent years celebrating and dancing at every slip that a politician makes.\"", "link": "https://www.nzherald.co.nz/nz/david-seymour-blasts-tv-reporter-attacks-media-industry/PGVY4WQLYVFN5LDVMZR3QTG5YE", "language": "en", "comments": [], "page_rating_contents": 0, "permanent": false, "page_rating": 0}, {"tags": [], "page_rating_votes": 0, "page_rating_visits": 0, "vote": 0, "user": null, "bookmarked": false, "thumbnail": "https://www.nzherald.co.nz/resizer/v2/2GB2HTZJEZCQDIE4URXACUJNPA.jpg?auth=b5213b7601a69fd7fa1b4275352ec5517c8b2da37edecaf7fa415f5cbea25b56&width=300&height=300&smart=true&quality=70", "dead": false, "source": "https://www.nzherald.co.nz/arc/outboundfeeds/rss/curated/78/?outputType=xml&amp", "source_obj__id": 237, "album": "", "date_published": "2024-03-06T19:00:00+00:00", "artist": null, "age": null, "title": "The Best Hot Cross Buns In Auckland For Easter 2024", "description": "We taste-tested as many hot cross buns as we could. These were our favourites.", "link": "https://www.nzherald.co.nz/viva/food-drink/aucklands-best-hot-cross-buns/CYOUCY2K3ZBUTJFGWN3YIW6RIQ", "language": "en", "comments": [], "page_rating_contents": 0, "permanent": false, "page_rating": 0}, {"tags": [], "page_rating_votes": 0, "page_rating_visits": 0, "vote": 0, "user": null, "bookmarked": false, "thumbnail": "https://www.nzherald.co.nz/resizer/v2/FITZAJPQYZEVPBIEFF24MMCBXA.jpg?auth=531fb245b64f13e37e673d44fa16e929db046078d9a3409f1fb25a5e361fe15f&width=300&height=300&smart=true&quality=70", "dead": false, "source": "https://www.nzherald.co.nz/arc/outboundfeeds/rss/curated/78/?outputType=xml&amp", "source_obj__id": 237, "album": "", "date_published": "2024-03-06T18:30:00+00:00", "artist": null, "age": null, "title": "Mother flying solo to Fiji told choose between child or wheelchair assistance", "description": "For 'safety reasons' she could travel with a wheelchair or her eight-month-old, not both.", "link": "https://www.nzherald.co.nz/travel/mother-flying-solo-to-fiji-told-choose-between-child-or-wheelchair-assistance/SIV62DEGJZCEBDA633D55E3E6A", "language": "en", "comments": [], "page_rating_contents": 0, "permanent": false, "page_rating": 0}, {"tags": [], "page_rating_votes": 0, "page_rating_visits": 0, "vote": 0, "user": null, "bookmarked": false, "thumbnail": "https://www.nzherald.co.nz/resizer/v2/5BVS47ZUBNHH7PKRD2UYRMTINA.jpg?auth=99502ed6bd9c0829339b321218660abbd1ed4daf05f3ef87997251f15776e1a9&width=300&height=300&smart=true&quality=70", "dead": false, "source": "https://www.nzherald.co.nz/arc/outboundfeeds/rss/curated/78/?outputType=xml&amp", "source_obj__id": 237, "album": "", "date_published": "2024-03-06T18:29:22+00:00", "artist": null, "age": null, "title": "Prince William addresses Kate Middleton health theories days after first sighting", "description": "A spokesperson for the Prince has addressed the theories taking over social media.", "link": "https://www.nzherald.co.nz/lifestyle/prince-william-addresses-kate-middleton-health-theories-days-after-first-sighting/BPL5OM7PLFFXPG76LTQ3HMNABQ", "language": "en", "comments": [], "page_rating_contents": 0, "permanent": false, "page_rating": 0}, {"tags": [], "page_rating_votes": 0, "page_rating_visits": 0, "vote": 0, "user": null, "bookmarked": false, "thumbnail": "https://www.nzherald.co.nz/resizer/v2/SXTDA7Z2FFDPPHQYG5FTX5TMNQ.jpg?auth=2f37df742579fae1e1fe1b8282f07387dc037af547e1af777948eb45d1488ce0&width=300&height=300&smart=true&quality=70", "dead": false, "source": "https://www.nzherald.co.nz/arc/outboundfeeds/rss/curated/78/?outputType=xml&amp", "source_obj__id": 237, "album": "", "date_published": "2024-03-06T18:22:37+00:00", "artist": null, "age": null, "title": "Act leader David Seymour responds to public sector cost-cutting efforts, social media spat with academic", "description": "The Act leader's faced criticism for describing free school lunches as wasteful spending.", "link": "https://www.nzherald.co.nz/nz/politics/act-leader-david-seymour-responds-to-public-sector-cost-cutting-efforts-social-media-spat-with-academic/UPDYKBIHSJDYDKELE33WBXVMGU", "language": "en", "comments": [], "page_rating_contents": 0, "permanent": false, "page_rating": 0}, {"tags": [], "page_rating_votes": 0, "page_rating_visits": 0, "vote": 0, "user": null, "bookmarked": false, "thumbnail": "https://www.nzherald.co.nz/resizer/v2/44LBY4FIDBHN3H55GQGZZLQ3NE.jpg?auth=10aa7f39456818d5f3b07ab1fdfc93bbee0c5cab151dac39a3547555369a03ac&width=300&height=300&smart=true&quality=70", "dead": false, "source": "https://www.nzherald.co.nz/arc/outboundfeeds/rss/curated/78/?outputType=xml&amp", "source_obj__id": 237, "album": "", "date_published": "2024-03-06T17:14:47+00:00", "artist": null, "age": null, "title": "Nikki Haley suspends her campaign and leaves Donald Trump as the last major Republican candidate", "description": "Haley was Trump\u2019s first GOP challenger and the only woman in the race.", "link": "https://www.nzherald.co.nz/world/nikki-haley-suspends-her-campaign-and-leaves-donald-trump-as-the-last-major-republican-candidate/IHCHGH25TNFJDD4LO7HWRHCYIE", "language": "en", "comments": [], "page_rating_contents": 0, "permanent": false, "page_rating": 0}, {"tags": [], "page_rating_votes": 0, "page_rating_visits": 0, "vote": 0, "user": null, "bookmarked": false, "thumbnail": "https://www.nzherald.co.nz/resizer/v2/AXSOQLSF3RFVTB7ZQFEGQANDRU.jpg?auth=0734d121371ff78c79900f855cc00f39a39a6edf938efbae5e9e023892dafda4&width=300&height=300&smart=true&quality=70", "dead": false, "source": "https://www.nzherald.co.nz/arc/outboundfeeds/rss/curated/78/?outputType=xml&amp", "source_obj__id": 237, "album": "", "date_published": "2024-03-06T16:02:00+00:00", "artist": null, "age": null, "title": "Tauranga Boys\u2019 College historical sexual abuse case: More than $11,000 on PR consultants spent", "description": "The school says such 'complex' cases require specialist advice to protect all involved.", "link": "https://www.nzherald.co.nz/bay-of-plenty-times/news/tauranga-boys-college-historical-sexual-abuse-case-more-than-11000-on-pr-consultants-spent/I5552MZGPND4BDKHHSJPOYRDDE", "language": "en", "comments": [], "page_rating_contents": 0, "permanent": false, "page_rating": 0}, {"tags": [], "page_rating_votes": 0, "page_rating_visits": 0, "vote": 0, "user": null, "bookmarked": false, "thumbnail": "https://www.nzherald.co.nz/resizer/v2/GLUELLAVV5IE23N7BFUGLA2UII.jpg?auth=3611b70b94632930ab8f7c864ea66fb6035f227f4e61fc7367f306a13901219b&width=300&height=300&smart=true&quality=70", "dead": false, "source": "https://www.nzherald.co.nz/arc/outboundfeeds/rss/curated/78/?outputType=xml&amp", "source_obj__id": 237, "album": "", "date_published": "2024-03-06T16:02:00+00:00", "artist": null, "age": null, "title": "TVNZ job cuts: More than 60 roles to go; 6pm news, current affairs shows in spotlight - Media Insider", "description": "The state broadcaster may cut its 6pm news from one hour to 30 minutes.", "link": "https://www.nzherald.co.nz/business/tvnz-job-cuts-more-than-60-roles-to-go-6pm-news-current-affairs-shows-in-spotlight-media-insider/IY75EIIKRRDU3ASX6AB47C7KR4", "language": "en", "comments": [], "page_rating_contents": 0, "permanent": false, "page_rating": 0}, {"tags": [], "page_rating_votes": 0, "page_rating_visits": 0, "vote": 0, "user": null, "bookmarked": false, "thumbnail": "https://www.nzherald.co.nz/resizer/v2/KOVDM4CZCVAOVPZNIOF6NVZERU.jpg?auth=264f5f0cc40f3cdfa9af2c1134ebd1157baa3a23fca0f93dc5955467017ccca0&width=300&height=300&smart=true&quality=70", "dead": false, "source": "https://www.nzherald.co.nz/arc/outboundfeeds/rss/curated/78/?outputType=xml&amp", "source_obj__id": 237, "album": "", "date_published": "2024-03-06T16:00:00+00:00", "artist": null, "age": null, "title": "Court of appeal: Five Kiwi teen killers attempt to get life sentences quashed", "description": "They each murdered a person when they were teenagers. Now the men want finite sentences.", "link": "https://www.nzherald.co.nz/nz/who-are-the-five-teen-killers-trying-to-get-their-life-sentences-quashed/7IKJS7ORSVHQPJIH3N5XFPOZ7M", "language": "en", "comments": [], "page_rating_contents": 0, "permanent": false, "page_rating": 0}, {"tags": [], "page_rating_votes": 0, "page_rating_visits": 0, "vote": 0, "user": null, "bookmarked": false, "thumbnail": "https://www.nzherald.co.nz/resizer/v2/NICRVKTIEKBK7RLJWDH7ZCZVVQ.jpg?auth=913a5f975befc4fad5a588eba7fdc74d8a70acb707ba183838309e0ef1ab2329&width=300&height=300&smart=true&quality=70", "dead": false, "source": "https://www.nzherald.co.nz/arc/outboundfeeds/rss/curated/78/?outputType=xml&amp", "source_obj__id": 237, "album": "", "date_published": "2024-03-06T16:00:00+00:00", "artist": null, "age": null, "title": "Herald morning quiz: March 7", "description": "Test your knowledge with the Herald's morning quiz.", "link": "https://www.nzherald.co.nz/nz/herald-morning-quiz-march-7/XBTLEYVV3ZBUJI5C35MXPYBGKU", "language": "en", "comments": [], "page_rating_contents": 0, "permanent": false, "page_rating": 0}, {"tags": [], "page_rating_votes": 0, "page_rating_visits": 0, "vote": 0, "user": null, "bookmarked": false, "thumbnail": "https://www.nzherald.co.nz/resizer/v2/33QPG62L75QAAFUFJ5ZLBUZELM.jpg?auth=9a01aec9d1dc0d986ba7bceaa4e7c720f387003981104f572f18b56fb66cea89&width=300&height=300&smart=true&quality=70", "dead": false, "source": "https://www.nzherald.co.nz/arc/outboundfeeds/rss/curated/78/?outputType=xml&amp", "source_obj__id": 237, "album": "", "date_published": "2024-03-06T16:00:00+00:00", "artist": null, "age": null, "title": "KiwiRail out of money for Auckland\u2019s Rail Network Rebuild: Funding only for Newmarket to New Lynn", "description": "The state-owned railway company is discussing more funding to complete the rebuild.", "link": "https://www.nzherald.co.nz/nz/kiwirail-out-of-money-for-aucklands-rail-network-rebuild-funding-only-for-newmarket-to-new-lynn/SBW3ZSHPEJEVTNWGEZD575G2BA", "language": "en", "comments": [], "page_rating_contents": 0, "permanent": false, "page_rating": 0}, {"tags": [], "page_rating_votes": 0, "page_rating_visits": 0, "vote": 0, "user": null, "bookmarked": false, "thumbnail": "https://www.nzherald.co.nz/resizer/v2/QHFHNRXSUJHTNFSV5RIZ4IFCCM.JPG?auth=8707630bd0ebdd2b61432241c22b26260dea7d92fb25d272339a8b6c899273c6&width=300&height=300&smart=true&quality=70", "dead": false, "source": "https://www.nzherald.co.nz/arc/outboundfeeds/rss/curated/78/?outputType=xml&amp", "source_obj__id": 237, "album": "", "date_published": "2024-03-06T16:00:00+00:00", "artist": null, "age": null, "title": "Ministry of Education says 20 schools are at risk of losing new classrooms", "description": "Everything you need to know about the 20 schools at risk of losing promised classrooms.", "link": "https://www.nzherald.co.nz/nz/ministry-of-education-says-20-schools-are-at-risk-of-losing-new-classrooms/XM432JV6N5FAJKLIA3VAGNB4BA", "language": "en", "comments": [], "page_rating_contents": 0, "permanent": false, "page_rating": 0}, {"tags": [], "page_rating_votes": 0, "page_rating_visits": 0, "vote": 0, "user": null, "bookmarked": false, "thumbnail": "https://www.nzherald.co.nz/resizer/v2/JUGD7LIAVWYINUS5YWADNGNZX4.jpg?auth=e7e9d5bb058bc7a6aca27e071bbb749f2138fccf62e35749b26d1e3e9b482a87&width=300&height=300&smart=true&quality=70", "dead": false, "source": "https://www.nzherald.co.nz/arc/outboundfeeds/rss/curated/78/?outputType=xml&amp", "source_obj__id": 237, "album": "", "date_published": "2024-03-06T16:00:00+00:00", "artist": null, "age": null, "title": "NZ\u2019s new Covid-19 vaccine rolls out today - here\u2019s what you need to know", "description": "Kiwis over 30 will be able to access the latest Covid shot from today. How does it work?", "link": "https://www.nzherald.co.nz/nz/nzs-new-covid-19-vaccine-rolls-out-today-heres-what-you-need-to-know/4KUSJQXXB5DZHAICME5O4DHJ44", "language": "en", "comments": [], "page_rating_contents": 0, "permanent": false, "page_rating": 0}, {"tags": [], "page_rating_votes": 0, "page_rating_visits": 0, "vote": 0, "user": null, "bookmarked": false, "thumbnail": "https://www.nzherald.co.nz/resizer/v2/JKATCFGLQJDKLDT4OOK537H37U.jpg?auth=19cd8a21ce17fc857db643c8da241ab5817b753185d81054cb9168a6de90e1e4&width=300&height=300&smart=true&quality=70", "dead": false, "source": "https://www.nzherald.co.nz/arc/outboundfeeds/rss/curated/78/?outputType=xml&amp", "source_obj__id": 237, "album": "", "date_published": "2024-03-06T16:00:00+00:00", "artist": null, "age": null, "title": "Public sector cuts: Inside 11 government departments\u2019 cost-cutting efforts", "description": "Just how deep will the cuts go in the race to cut spending?", "link": "https://www.nzherald.co.nz/nz/public-sector-cuts-inside-11-government-departments-cost-cutting-efforts/FPSAHDOSOFHIFMVP7TAXDZYWOM", "language": "en", "comments": [], "page_rating_contents": 0, "permanent": false, "page_rating": 0}, {"tags": [], "page_rating_votes": 0, "page_rating_visits": 0, "vote": 0, "user": null, "bookmarked": false, "thumbnail": "https://www.nzherald.co.nz/resizer/v2/EZKCPKL5T5HTTKBLFG35FNOADI.JPG?auth=6ccb5642e5754f6b11f3097f51a9420ae85a78dee49366d2b216634bec30cf59&width=300&height=300&smart=true&quality=70", "dead": false, "source": "https://www.nzherald.co.nz/arc/outboundfeeds/rss/curated/78/?outputType=xml&amp", "source_obj__id": 237, "album": "", "date_published": "2024-03-06T16:00:00+00:00", "artist": null, "age": null, "title": "Rents on the rise despite record number of residential rentals on offer", "description": "Rental bonds were lodged for 410,904 properties by November 1, Tenancy Services said.", "link": "https://www.nzherald.co.nz/business/rents-on-the-rise-despite-record-number-of-residential-rentals-on-offer/5QYUA4PDXZFF7CGFER3CNVL42U", "language": "en", "comments": [], "page_rating_contents": 0, "permanent": false, "page_rating": 0}, {"tags": [], "page_rating_votes": 0, "page_rating_visits": 0, "vote": 0, "user": null, "bookmarked": false, "thumbnail": "https://www.nzherald.co.nz/resizer/v2/STQWIGC5SNET7NZ2IJ4IISKPDE.jpg?auth=8e5eec3d35b37e4525e2c68bdc97eed571c1f480afccca1444d7864d5bada572&width=300&height=300&smart=true&quality=70", "dead": false, "source": "https://www.nzherald.co.nz/arc/outboundfeeds/rss/curated/78/?outputType=xml&amp", "source_obj__id": 237, "album": "", "date_published": "2024-03-06T16:00:00+00:00", "artist": null, "age": null, "title": "Rotorua girl, 3, with jammed finger in door rescued by firemen", "description": "Plus: New ACC data reveals the most common injuries and causes for Kiwi kids.", "link": "https://www.nzherald.co.nz/rotorua-daily-post/news/rotorua-girl-3-with-jammed-finger-in-door-rescued-by-firemen/RPMZBBUBKRB4HDV3GMTY52LTFM", "language": "en", "comments": [], "page_rating_contents": 0, "permanent": false, "page_rating": 0}, {"tags": [], "page_rating_votes": 0, "page_rating_visits": 0, "vote": 0, "user": null, "bookmarked": false, "thumbnail": "https://www.nzherald.co.nz/resizer/v2/TSZZR57X75D2RFWRUGIGPRBK2M.jpg?auth=ebdbf77edbf6d2f8832861c4c0283f7cfe639289bfa24b3aeb22a7189d81dd89&width=300&height=300&smart=true&quality=70", "dead": false, "source": "https://www.nzherald.co.nz/arc/outboundfeeds/rss/curated/78/?outputType=xml&amp", "source_obj__id": 237, "album": "", "date_published": "2024-03-06T09:34:29+00:00", "artist": null, "age": null, "title": "Wellington chemical leak: Residents evacuated in Kelburn as emergency services respond", "description": "Police have evacuated people from a roughly 200m perimeter around the area.", "link": "https://www.nzherald.co.nz/nz/wellington-chemical-leak-residents-evacuated-in-kelburn-as-emergency-services-respond/ONIF2736WBB3PLIQUGC6PMGNDI", "language": "en", "comments": [], "page_rating_contents": 0, "permanent": false, "page_rating": 0}, {"tags": [], "page_rating_votes": 0, "page_rating_visits": 0, "vote": 0, "user": null, "bookmarked": false, "thumbnail": "https://www.nzherald.co.nz/resizer/v2/E2KTYELQ4ZBOZDIFBBBV7LFHNI.jpg?auth=83276e6e438edace0e76da9e05e1e60c4de096a27e247f92330ae822c6c24949&width=300&height=300&smart=true&quality=70", "dead": false, "source": "https://www.nzherald.co.nz/arc/outboundfeeds/rss/curated/78/?outputType=xml&amp", "source_obj__id": 237, "album": "", "date_published": "2024-03-06T06:00:00+00:00", "artist": null, "age": null, "title": "A grainy photo and a dilemma: How UK papers are covering Princess Kate", "description": "New York Times: Journalists try to balance right to privacy with thirst for royal stories.", "link": "https://www.nzherald.co.nz/lifestyle/a-grainy-photo-and-a-dilemma-how-uk-papers-are-covering-princess-kate/AMU43FLBXRFDLOIIOHCRDXHZVI", "language": "en", "comments": [], "page_rating_contents": 0, "permanent": false, "page_rating": 0}, {"tags": [], "page_rating_votes": 0, "page_rating_visits": 0, "vote": 0, "user": null, "bookmarked": false, "thumbnail": "https://www.nzherald.co.nz/resizer/v2/XUGSGP4DA5BWJIWLILSRTMMK6Y.jpg?auth=50ceb495be30ac771a674ea29090e7a54a6c7448606290d9fdadecd37daedf10&width=300&height=300&smart=true&quality=70", "dead": false, "source": "https://www.nzherald.co.nz/arc/outboundfeeds/rss/curated/78/?outputType=xml&amp", "source_obj__id": 237, "album": "", "date_published": "2024-03-06T06:00:00+00:00", "artist": null, "age": null, "title": "How the Government\u2019s transport budget will usher in big changes to your roads", "description": "The Government's $20b transport plan will fundamentally change our transport system.", "link": "https://www.nzherald.co.nz/nz/politics/how-the-governments-transport-budget-will-usher-in-big-changes-to-your-roads/KYRZB2JO2RCDRG5VF4L2VH3LMI", "language": "en", "comments": [], "page_rating_contents": 0, "permanent": false, "page_rating": 0}, {"tags": [], "page_rating_votes": 0, "page_rating_visits": 0, "vote": 0, "user": null, "bookmarked": false, "thumbnail": "https://www.nzherald.co.nz/resizer/v2/I7TRVJI6CR75P6XHG3RMECWDH4.jpg?auth=c311ed6a655b69a23d74f387999b0b4816cd2cb838833cc89290b462610d9452&width=300&height=300&smart=true&quality=70", "dead": false, "source": "https://www.nzherald.co.nz/arc/outboundfeeds/rss/curated/78/?outputType=xml&amp", "source_obj__id": 237, "album": "", "date_published": "2024-03-06T06:00:00+00:00", "artist": null, "age": null, "title": "Incestuous 501: Australian-born Kiwi deported back to NZ after half-sister gave birth to his son", "description": "The man's half-sister, 16, gave birth after they slept together.", "link": "https://www.nzherald.co.nz/nz/incestuous-501-australian-born-kiwi-deported-back-to-nz-after-half-sister-gave-birth-to-his-son/3ERRDBVWWVCAZA2BYSJ6CBB3LM", "language": "en", "comments": [], "page_rating_contents": 0, "permanent": false, "page_rating": 0}, {"tags": [], "page_rating_votes": 0, "page_rating_visits": 0, "vote": 0, "user": null, "bookmarked": false, "thumbnail": "https://www.nzherald.co.nz/resizer/v2/XKUNGM67VJA7ZIAIAV73M2CRUQ.jpg?auth=314c65a8c38b5a81141154533c6e4f401784b6d689342081e47a3e1725588370&width=300&height=300&smart=true&quality=70", "dead": false, "source": "https://www.nzherald.co.nz/arc/outboundfeeds/rss/curated/78/?outputType=xml&amp", "source_obj__id": 237, "album": "", "date_published": "2024-03-06T05:49:46+00:00", "artist": null, "age": null, "title": "Auckland Grammar: Mother disgruntled with enrolment zone clash protests outside school", "description": "The school refused to enrol Hillary Au-Yeung's son, despite him living in-zone.", "link": "https://www.nzherald.co.nz/nz/auckland-grammar-mother-disgruntled-with-enrolment-zone-clash-protests-outside-school/IM2HQE7VEVC2RLRIWMRUBYSWYY", "language": "en", "comments": [], "page_rating_contents": 0, "permanent": false, "page_rating": 0}, {"tags": [], "page_rating_votes": 0, "page_rating_visits": 0, "vote": 0, "user": null, "bookmarked": false, "thumbnail": "https://www.nzherald.co.nz/resizer/v2/GLUELLAVV5IE23N7BFUGLA2UII.jpg?auth=3611b70b94632930ab8f7c864ea66fb6035f227f4e61fc7367f306a13901219b&width=300&height=300&smart=true&quality=70", "dead": false, "source": "https://www.nzherald.co.nz/arc/outboundfeeds/rss/curated/78/?outputType=xml&amp", "source_obj__id": 237, "album": "", "date_published": "2024-03-06T05:39:43+00:00", "artist": null, "age": null, "title": "TVNZ set to announce job cuts: focus likely on newsroom and top news shows - Media Insider", "description": "The state broadcaster may cut its 6pm news from one hour to 30 minutes.", "link": "https://www.nzherald.co.nz/business/tvnz-set-to-announce-job-cuts-focus-likely-on-newsroom-and-top-news-shows-media-insider/FAIMUEPSDJCDNGSWFSRQ3RCZNE", "language": "en", "comments": [], "page_rating_contents": 0, "permanent": false, "page_rating": 0}, {"tags": [], "page_rating_votes": 0, "page_rating_visits": 0, "vote": 0, "user": null, "bookmarked": false, "thumbnail": "https://www.nzherald.co.nz/resizer/v2/3L6R66BSAVGWFNAOXRO5WD4SZA.jpg?auth=6aef6a99767990d0b8c54b134c7ca93bcd42fd0b5e01d8282c2cb38235706d6c&width=300&height=300&smart=true&quality=70", "dead": false, "source": "https://www.nzherald.co.nz/arc/outboundfeeds/rss/curated/78/?outputType=xml&amp", "source_obj__id": 237, "album": "", "date_published": "2024-03-06T05:00:00+00:00", "artist": null, "age": null, "title": "Passengers wearing this colour on a flight get better treatment, say travel experts", "description": "It is a bold claim. Can wearing a particular shade or colour land you an upgrade?", "link": "https://www.nzherald.co.nz/travel/passengers-wearing-this-colour-on-a-flight-get-better-treatment-say-travel-experts/Z7HQ63CX3ZAK7MIKJTBFZWNIA4", "language": "en", "comments": [], "page_rating_contents": 0, "permanent": false, "page_rating": 0}, {"tags": [], "page_rating_votes": 0, "page_rating_visits": 0, "vote": 0, "user": null, "bookmarked": false, "thumbnail": "https://www.nzherald.co.nz/resizer/v2/Z3O2JPLTJRGXLB6Q7XRIYUI2ZY.JPG?auth=9d9732ed27adda2b9bad5d27b776abd2c3bbb4c0a039886dff9c951e19e170e5&width=300&height=300&smart=true&quality=70", "dead": false, "source": "https://www.nzherald.co.nz/arc/outboundfeeds/rss/curated/78/?outputType=xml&amp", "source_obj__id": 237, "album": "", "date_published": "2024-03-06T04:34:03+00:00", "artist": null, "age": null, "title": "TVNZ set to announce job cuts: focus likely on newsroom - Media Insider", "description": "The TVNZ moves come just a week after an announcement that Newshub would close.", "link": "https://www.nzherald.co.nz/business/tvnz-set-to-announce-job-cuts-as-newsroom-meeting-scheduled-for-thursday-media-insider/FAIMUEPSDJCDNGSWFSRQ3RCZNE", "language": "en", "comments": [], "page_rating_contents": 0, "permanent": false, "page_rating": 0}, {"tags": [], "page_rating_votes": 0, "page_rating_visits": 0, "vote": 0, "user": null, "bookmarked": false, "thumbnail": "https://www.nzherald.co.nz/resizer/v2/P7E6B7QRPVA4HLFULDQIUWODQM.jpeg?auth=8c2749a74312b23b5a665e520f9f6eada6c1cf538c90f60607343977023b7d58&width=300&height=300&smart=true&quality=70", "dead": false, "source": "https://www.nzherald.co.nz/arc/outboundfeeds/rss/curated/78/?outputType=xml&amp", "source_obj__id": 237, "album": "", "date_published": "2024-03-06T04:13:05+00:00", "artist": null, "age": null, "title": "Auckland Council rubbish bin removal sparks fierce response", "description": "The Herald's inbox was overflowing with rubbish-related correspondence.", "link": "https://www.nzherald.co.nz/nz/auckland-council-rubbish-bin-removal-sparks-fierce-response/PLTJUKGL3BGZVEE27EYLESS3GM", "language": "en", "comments": [], "page_rating_contents": 0, "permanent": false, "page_rating": 0}, {"tags": [], "page_rating_votes": 0, "page_rating_visits": 0, "vote": 0, "user": null, "bookmarked": false, "thumbnail": "https://www.nzherald.co.nz/resizer/v2/XHW6QUTVURGARCMDMQVFQGPV7E.jpg?auth=297d4ce805d299a4b4c4f736ce97f4b1853efe83f5a0071d13b57bf83eaa252a&width=300&height=300&smart=true&quality=70", "dead": false, "source": "https://www.nzherald.co.nz/arc/outboundfeeds/rss/curated/78/?outputType=xml&amp", "source_obj__id": 237, "album": "", "date_published": "2024-03-06T04:03:10+00:00", "artist": null, "age": null, "title": "Super Tuesday US: Donald Trump dominates Nikki Haley,  Joe Biden surges towards likely Trump rematch", "description": "But the Former UN Ambassador did score a surprise win.", "link": "https://www.nzherald.co.nz/world/super-tuesday-us-joe-biden-and-donald-trump-barrel-toward-november-rematch-despite-voter-concerns/CJWK42NKNBG5BFQMF556VOCCAY", "language": "en", "comments": [], "page_rating_contents": 0, "permanent": false, "page_rating": 0}, {"tags": [], "page_rating_votes": 0, "page_rating_visits": 0, "vote": 0, "user": null, "bookmarked": false, "thumbnail": "https://www.nzherald.co.nz/resizer/v2/MZQHXQCGWRGPRCT5H3Q7WOUROM.jpg?auth=eb1c757564a8826e789329c07216dad4321a7413cf0b3de8581615005a88be93&width=300&height=300&smart=true&quality=70", "dead": false, "source": "https://www.nzherald.co.nz/arc/outboundfeeds/rss/curated/78/?outputType=xml&amp", "source_obj__id": 237, "album": "", "date_published": "2024-03-06T03:04:17+00:00", "artist": null, "age": null, "title": "Woman allegedly assaulted by group of up to five people on Karangahape Rd, one arrested", "description": "The woman suffered a minor injury but did not require medical attention.", "link": "https://www.nzherald.co.nz/nz/woman-allegedly-assaulted-by-group-of-up-to-five-people-on-karangahape-rd-one-arrested/4HO7P2RDQJHKTACQ4PB6FO2XJQ", "language": "en", "comments": [], "page_rating_contents": 0, "permanent": false, "page_rating": 0}, {"tags": [], "page_rating_votes": 0, "page_rating_visits": 0, "vote": 0, "user": null, "bookmarked": false, "thumbnail": "https://www.nzherald.co.nz/resizer/v2/3ZIK2E5BABCVVHLKNZPNJHSZXU.jpg?auth=9ab0fe0d5a72935f483be6e7129183fc1badd1594d7e3a912d4ad3cb5f10fb7b&width=300&height=300&smart=true&quality=70", "dead": false, "source": "https://www.nzherald.co.nz/arc/outboundfeeds/rss/curated/78/?outputType=xml&amp", "source_obj__id": 237, "album": "", "date_published": "2024-03-06T03:03:12+00:00", "artist": null, "age": null, "title": "Media Insider: The Pantograph Punch arts media website to go into \u2018hiatus\u2019 - director sets out what\u2019s happened", "description": "'I feel incredibly sad - it is a massive loss to arts communities.'", "link": "https://www.nzherald.co.nz/business/media-insider-the-pantograph-punch-arts-media-website-to-go-into-hiatus-director-sets-out-whats-happened/EMQLNEJZNRECFBLA4HX2SKCJRM", "language": "en", "comments": [], "page_rating_contents": 0, "permanent": false, "page_rating": 0}, {"tags": [], "page_rating_votes": 0, "page_rating_visits": 0, "vote": 0, "user": null, "bookmarked": false, "thumbnail": "https://www.nzherald.co.nz/resizer/v2/LKOPGO4FCJHSFG33464NNWWUCQ.jpeg?auth=07c08ac02631ca10d2e8080e59d3e995cd6fb9876560341538ca51dba584f0ad&width=300&height=300&smart=true&quality=70", "dead": false, "source": "https://www.nzherald.co.nz/arc/outboundfeeds/rss/curated/78/?outputType=xml&amp", "source_obj__id": 237, "album": "", "date_published": "2024-03-06T03:00:01+00:00", "artist": null, "age": null, "title": "Kiwi Taylor Swift fans \u2018violated\u2019 by thief who stole precious concert memories from sleeping sisters", "description": "Two sisters say they feel 'violated' and deflated after hotel room incident.", "link": "https://www.nzherald.co.nz/nz/kiwi-taylor-swift-fans-violated-by-thief-who-stole-precious-concert-memories-from-sleeping-sisters/KZUC2QSVENCR3DMZS7Y5DEE2HA", "language": "en", "comments": [], "page_rating_contents": 0, "permanent": false, "page_rating": 0}, {"tags": [], "page_rating_votes": 0, "page_rating_visits": 0, "vote": 0, "user": null, "bookmarked": false, "thumbnail": "https://www.nzherald.co.nz/resizer/v2/CXWVCH2MRVFWVFEQCAC7I3QGVU.jpg?auth=27d092d475f74f778442db10419536ab3ceb5a505a3c011a44e86b865f929584&width=300&height=300&smart=true&quality=70", "dead": false, "source": "https://www.nzherald.co.nz/arc/outboundfeeds/rss/curated/78/?outputType=xml&amp", "source_obj__id": 237, "album": "", "date_published": "2024-03-06T02:53:07+00:00", "artist": null, "age": null, "title": "What is the Winston Rule and did James Shaw just kill it?", "description": "A longstanding tradition of Question Time might have changed.", "link": "https://www.nzherald.co.nz/nz/politics/what-is-the-winston-rule-and-did-james-shaw-just-kill-it/26GUDTC74VFWVIYYHUTCSMZWKU", "language": "en", "comments": [], "page_rating_contents": 0, "permanent": false, "page_rating": 0}, {"tags": [], "page_rating_votes": 0, "page_rating_visits": 0, "vote": 0, "user": null, "bookmarked": false, "thumbnail": "https://www.nzherald.co.nz/resizer/v2/DNP35H4NMRF4PLRABV2KQIWEHA.JPG?auth=cd02c5794fc6293bc523c88d320e1c3470156d3924cf66a310149728fbfd03a8&width=300&height=300&smart=true&quality=70", "dead": false, "source": "https://www.nzherald.co.nz/arc/outboundfeeds/rss/curated/78/?outputType=xml&amp", "source_obj__id": 237, "album": "", "date_published": "2024-03-06T02:43:06+00:00", "artist": null, "age": null, "title": "Comancheros gang targeted in two-year long drug and money laundering investigation", "description": "Senior members of the Australian motorcycle gang face organised crime group charges.", "link": "https://www.nzherald.co.nz/nz/comancheros-gang-targeted-in-two-year-long-drug-and-money-laundering-investigation/4U2SY4TV5JHXBIQDYM57FRGORY", "language": "en", "comments": [], "page_rating_contents": 0, "permanent": false, "page_rating": 0}, {"tags": [], "page_rating_votes": 0, "page_rating_visits": 0, "vote": 0, "user": null, "bookmarked": false, "thumbnail": "https://www.nzherald.co.nz/resizer/v2/3KYGSHWQNKZ7CPX5Y47T5X6GGY.jpg?auth=504c583e90464c5400590cf904fcde1e9bd9ec0e2b1345e9f38ff67ff8e2070d&width=300&height=300&smart=true&quality=70", "dead": false, "source": "https://www.nzherald.co.nz/arc/outboundfeeds/rss/curated/78/?outputType=xml&amp", "source_obj__id": 237, "album": "", "date_published": "2024-03-06T02:21:49+00:00", "artist": null, "age": null, "title": "Professor Joanna Kidman says coalition Government might be a \u2018death cult\u2019, David Seymour calls for resignation of anti-extremism centre director", "description": "It is the second social media spat involving Seymour this week.", "link": "https://www.nzherald.co.nz/nz/professor-joanna-kidman-says-coalition-government-might-be-a-death-cult-david-seymour-calls-for-resignation-of-anti-extremism-centre-director/G4D4O5EJPNCKJDMDGOCHHSHU6M", "language": "en", "comments": [], "page_rating_contents": 0, "permanent": false, "page_rating": 0}, {"tags": [], "page_rating_votes": 0, "page_rating_visits": 0, "vote": 0, "user": null, "bookmarked": false, "thumbnail": "https://www.nzherald.co.nz/resizer/v2/XS266CW6EFFEZJKP7M3QBOSKOA.jpg?auth=cfa0abe1535fec972133985e2ec40ab0114b484c23b0a356b28ef80781f3b9e6&width=300&height=300&smart=true&quality=70", "dead": false, "source": "https://www.nzherald.co.nz/arc/outboundfeeds/rss/curated/78/?outputType=xml&amp", "source_obj__id": 237, "album": "", "date_published": "2024-03-06T02:00:56+00:00", "artist": null, "age": null, "title": "What is the cultural difference in New Zealand? Foreigners share what surprised them", "description": "More than 650 foreigners shared what took them by surprise.", "link": "https://www.nzherald.co.nz/travel/what-is-the-cultural-difference-in-new-zealand-foreigners-share-what-surprised-them/7UNX7HIINJAATG2IHZK6MH4BDA", "language": "en", "comments": [], "page_rating_contents": 0, "permanent": false, "page_rating": 0}, {"tags": [], "page_rating_votes": 0, "page_rating_visits": 0, "vote": 0, "user": null, "bookmarked": false, "thumbnail": "https://www.nzherald.co.nz/resizer/v2/QGW4AUHB2RCETJ76RM7422XGQ4.jpg?auth=c62f73adc1ec285127647cf4ba8aa9c717451401c19e3b419ee4dff1de50e4e7&width=300&height=300&smart=true&quality=70", "dead": false, "source": "https://www.nzherald.co.nz/arc/outboundfeeds/rss/curated/78/?outputType=xml&amp", "source_obj__id": 237, "album": "", "date_published": "2024-03-06T02:00:06+00:00", "artist": null, "age": null, "title": "Neil Wagner retirement: Kane Williamson dismisses Ross Taylor\u2019s claims bowler was forced out", "description": "Ross Taylor suggested that Neil Wagner\u2019s retirement was 'forced' but it would appear not.", "link": "https://www.nzherald.co.nz/sport/cricket/neil-wagner-retirement-kane-williamson-dismisses-ross-taylors-claims-bowler-was-forced-out/ICSHMNYVRREXXI3YTLZHW36PGM", "language": "en", "comments": [], "page_rating_contents": 0, "permanent": false, "page_rating": 0}, {"tags": [], "page_rating_votes": 0, "page_rating_visits": 0, "vote": 0, "user": null, "bookmarked": false, "thumbnail": "https://www.nzherald.co.nz/resizer/v2/2Q4OEU23HJCYDKB65Y5LO5XSCM.jpg?auth=b79c617746476268640e96459384ad9a2f3cc2d923391a68495fb806cd3745f7&width=300&height=300&smart=true&quality=70", "dead": false, "source": "https://www.nzherald.co.nz/arc/outboundfeeds/rss/curated/78/?outputType=xml&amp", "source_obj__id": 237, "album": "", "date_published": "2024-03-06T02:00:00+00:00", "artist": null, "age": null, "title": "Herald afternoon quiz: March 6", "description": "Test your knowledge with the Herald's afternoon quiz.", "link": "https://www.nzherald.co.nz/nz/herald-afternoon-quiz-march-6/J62JO2VJZVHKNEMIHYD6B47424", "language": "en", "comments": [], "page_rating_contents": 0, "permanent": false, "page_rating": 0}, {"tags": [], "page_rating_votes": 0, "page_rating_visits": 0, "vote": 0, "user": null, "bookmarked": false, "thumbnail": "https://www.nzherald.co.nz/resizer/v2/CCJGABZBA5DW3ECDMB3EJN7M4M.jpg?auth=b05f70e7f4a4ff0cca15771d0002d656cfb86126953c2593cbc9a5977ab07492&width=300&height=300&smart=true&quality=70", "dead": false, "source": "https://www.nzherald.co.nz/arc/outboundfeeds/rss/curated/78/?outputType=xml&amp", "source_obj__id": 237, "album": "", "date_published": "2024-03-06T01:39:19+00:00", "artist": null, "age": null, "title": "Inside the $11m claim by police that health and safety breaches allow profits to be seized as \u2018proceeds of crime\u2019", "description": "A new judgment weighs the strengths of a 'novel' police case against business owners.", "link": "https://www.nzherald.co.nz/nz/inside-the-11m-claim-by-police-that-health-and-safety-breaches-allow-profits-to-be-seized-as-proceeds-of-crime/3DGR7HTZD5CLNIXGRYAC45LY6M", "language": "en", "comments": [], "page_rating_contents": 0, "permanent": false, "page_rating": 0}, {"tags": [], "page_rating_votes": 0, "page_rating_visits": 0, "vote": 0, "user": null, "bookmarked": false, "thumbnail": "https://www.nzherald.co.nz/resizer/v2/TM5MAGQOLFCXRBVNBVJDF25QRY.jpg?auth=5b2265a274094cbc0f8a9a6d305164220591897797a31e8ce7e7a7f3355f9177&width=300&height=300&smart=true&quality=70", "dead": false, "source": "https://www.nzherald.co.nz/arc/outboundfeeds/rss/curated/78/?outputType=xml&amp", "source_obj__id": 237, "album": "", "date_published": "2024-03-06T01:33:14+00:00", "artist": null, "age": null, "title": "Simon Wilson: 10 questions for Simeon Brown about his transport plan", "description": "OPINION: Productivity, safety, potholes: will the new transport plan deliver any of them?", "link": "https://www.nzherald.co.nz/nz/simon-wilson-10-questions-for-simeon-brown-about-his-transport-plan/E7WE3I6PEVH5NKLW54G6APBQQ4", "language": "en", "comments": [], "page_rating_contents": 0, "permanent": false, "page_rating": 0}, {"tags": [], "page_rating_votes": 0, "page_rating_visits": 0, "vote": 0, "user": null, "bookmarked": false, "thumbnail": "https://www.nzherald.co.nz/resizer/v2/RTH5GT5RZBFDHNFISE6UYJD4JY.jpg?auth=f0036a36c7df7188647b6771f58f15691de38be79af0dfdbe3bf62ede982d5de&width=300&height=300&smart=true&quality=70", "dead": false, "source": "https://www.nzherald.co.nz/arc/outboundfeeds/rss/curated/78/?outputType=xml&amp", "source_obj__id": 237, "album": "", "date_published": "2024-03-06T01:30:05+00:00", "artist": null, "age": null, "title": "Heading to Pink Concert 2024? Here\u2019s your complete guide: schedule, transport and weather", "description": "From her show schedule to free transport, here's everything you need to know.", "link": "https://www.nzherald.co.nz/entertainment/pinks-auckland-concerts-everything-you-need-to-know-this-weekend-transport-weather/JUQ7DR23A5GVFN7HTQPRN5AQIM", "language": "en", "comments": [], "page_rating_contents": 0, "permanent": false, "page_rating": 0}, {"tags": [], "page_rating_votes": 0, "page_rating_visits": 0, "vote": 0, "user": null, "bookmarked": false, "thumbnail": "https://www.nzherald.co.nz/resizer/v2/TOGB6BVRYNAZDCDE6NIUTP4MJA.jpg?auth=2087e22d4fc0e2668d74dd7d5068ea3c11ec8d800cf738356d58c808e9bb2e66&width=300&height=300&smart=true&quality=70", "dead": false, "source": "https://www.nzherald.co.nz/arc/outboundfeeds/rss/curated/78/?outputType=xml&amp", "source_obj__id": 237, "album": "", "date_published": "2024-03-06T00:36:10+00:00", "artist": null, "age": null, "title": "Jordie Barrett suspended for three weeks after red card in Hurricanes Super Rugby Pacific win", "description": "Jordie Barrett will spend the next few weeks on the sidelines.", "link": "https://www.nzherald.co.nz/sport/jordie-barrett-suspended-for-three-weeks-after-red-card-in-hurricanes-super-rugby-pacific-win/VOK7AFZAVREBNHT7VYYJDLI62Y", "language": "en", "comments": [], "page_rating_contents": 0, "permanent": false, "page_rating": 0}, {"tags": [], "page_rating_votes": 0, "page_rating_visits": 0, "vote": 0, "user": null, "bookmarked": false, "thumbnail": "https://www.nzherald.co.nz/resizer/v2/HQEFXYCPG5EJPDWEJ4UNQYWMAM.png?auth=5e56f2e4e2d7d0a5b29745e3a3230bc082cc511aa7554d42a43781c936b4e5fc&width=300&height=300&smart=true&quality=70", "dead": false, "source": "https://www.nzherald.co.nz/arc/outboundfeeds/rss/curated/78/?outputType=xml&amp", "source_obj__id": 237, "album": "", "date_published": "2024-03-06T00:10:17+00:00", "artist": null, "age": null, "title": "Paul Chapman sentenced for beating death manslaughter of Lev Nemkin in R\u0101nui, West Auckland", "description": "Victim Lev Nemkin, who has autism, died with a boot imprint on his face.", "link": "https://www.nzherald.co.nz/nz/crime/paul-chapman-sentenced-for-beating-death-manslaughter-of-lev-nemkin-in-ranui-west-auckland/MHCMIQFBL5GAZAIFLWIGQI6LPA", "language": "en", "comments": [], "page_rating_contents": 0, "permanent": false, "page_rating": 0}]