[{"tags": [], "page_rating_votes": 0, "page_rating_visits": 0, "vote": 0, "user": null, "bookmarked": false, "thumbnail": "https://i2.ytimg.com/vi/eSucdOAIwrg/hqdefault.jpg", "dead": false, "source": "https://www.youtube.com/feeds/videos.xml?channel_id=UCMiJRAwDNSNzuYeN2uWa0pA", "source_obj__id": 219, "album": "", "date_published": "2024-03-06T17:39:55+00:00", "artist": "Mrwhosetheboss", "age": null, "title": "5 Most BRUTAL Tech Pranks Ever!", "description": "", "link": "https://www.youtube.com/watch?v=eSucdOAIwrg", "language": null, "comments": [], "page_rating_contents": 0, "permanent": false, "page_rating": 0}]