[{"tags": [], "page_rating_votes": 0, "page_rating_visits": 0, "vote": 0, "user": null, "bookmarked": false, "thumbnail": null, "dead": false, "source": "https://energia.rp.pl/rss/4351-energetyka", "source_obj__id": 103, "album": "", "date_published": "2024-03-06T18:12:46+00:00", "artist": null, "age": null, "title": "Jest nowy prezes Polskiej Grupy Energetycznej. Nie by\u0142 faworytem", "description": "Jest nowy prezes PGE, najwi\u0119kszej sp\u00f3\u0142ki energetycznej w kraju. Zosta\u0142 nim Dariusz Marzec, kt\u00f3ry dotychczas nie by\u0142 wymieniany w gronie faworyt\u00f3w. Spe\u0142nia on jednak wymogi polityczne jako by\u0142y urz\u0119dnik pa\u0144stwowy, a jednocze\u015bnie ma za sob\u0105 do\u015bwiadczenie biznesowe.", "link": "https://energia.rp.pl/energetyka-zawodowa/art39953781-jest-nowy-prezes-polskiej-grupy-energetycznej-nie-byl-faworytem", "language": "pl-PL", "comments": [], "page_rating_contents": 0, "permanent": false, "page_rating": 0}, {"tags": [], "page_rating_votes": 0, "page_rating_visits": 0, "vote": 0, "user": null, "bookmarked": false, "thumbnail": null, "dead": false, "source": "https://energia.rp.pl/rss/4351-energetyka", "source_obj__id": 103, "album": "", "date_published": "2024-03-06T18:12:46+00:00", "artist": null, "age": null, "title": "Jest nowy prezes Polskiej Grupy Energetycznej. Przed nim wiele wyzwa\u0144", "description": "Jest nowy prezes PGE, najwi\u0119kszej sp\u00f3\u0142ki energetycznej w kraju. Zosta\u0142 nim Dariusz Marzec. Spe\u0142nia on wymogi polityczne jako by\u0142y urz\u0119dnik pa\u0144stwowy, a jednocze\u015bnie ma za sob\u0105 do\u015bwiadczenie biznesowe. Przed nim wiele wyzwa\u0144 zwi\u0105zanych z przysz\u0142o\u015bci\u0105 sp\u00f3\u0142ki.", "link": "https://energia.rp.pl/energetyka-zawodowa/art39953781-jest-nowy-prezes-polskiej-grupy-energetycznej-przed-nim-wiele-wyzwan", "language": "pl-PL", "comments": [], "page_rating_contents": 0, "permanent": false, "page_rating": 0}, {"tags": [], "page_rating_votes": 0, "page_rating_visits": 0, "vote": 0, "user": null, "bookmarked": false, "thumbnail": null, "dead": false, "source": "https://energia.rp.pl/rss/4351-energetyka", "source_obj__id": 103, "album": "", "date_published": "2024-03-06T17:13:45+00:00", "artist": null, "age": null, "title": "Ceny energii i gazu zn\u00f3w spadaj\u0105", "description": "Ceny energii zar\u00f3wno w dostawach spotowych jak w kontraktach rocznych spadaj\u0105 zbli\u017caj\u0105c si\u0119 ju\u017c do poziom\u00f3w cen na poziomie tych mro\u017conych. Je\u015bli ceny energii na gie\u0142dzie utrzymaj\u0105 si\u0119 na podobnym poziomie, w 2025 r. mo\u017ce p\u0142aci\u0107 podobne stawki jak w tym roku, ale ju\u017c bez konieczno\u015bci mro\u017cenia rynku.", "link": "https://energia.rp.pl/ceny-energii/art39952451-ceny-energii-i-gazu-znow-spadaja", "language": "pl-PL", "comments": [], "page_rating_contents": 0, "permanent": false, "page_rating": 0}, {"tags": [], "page_rating_votes": 0, "page_rating_visits": 0, "vote": 0, "user": null, "bookmarked": false, "thumbnail": null, "dead": false, "source": "https://energia.rp.pl/rss/4351-energetyka", "source_obj__id": 103, "album": "", "date_published": "2024-03-06T11:48:38+00:00", "artist": null, "age": null, "title": "Ukrai\u0144ski dron trafi\u0142 w kombinat rudy \u017celaza rosyjskiego oligarchy", "description": "W \u015brod\u0119 rano drony zaatakowa\u0142y najwi\u0119kszy w Rosji i WNP zak\u0142ad wydobycia i wzbogacania rudy \u017celaza. Nale\u017cy do obj\u0119tego sankcjami oligarchy Aliszera Usmanowa. To operacja specjalna ukrai\u0144skiego wywiadu. Cz\u0119\u015b\u0107 zak\u0142ad\u00f3w p\u0142onie.", "link": "https://energia.rp.pl/surowce-i-paliwa/art39949661-ukrainski-dron-trafil-w-kombinat-rudy-zelaza-rosyjskiego-oligarchy", "language": "pl-PL", "comments": [], "page_rating_contents": 0, "permanent": false, "page_rating": 0}, {"tags": [], "page_rating_votes": 0, "page_rating_visits": 0, "vote": 0, "user": null, "bookmarked": false, "thumbnail": null, "dead": false, "source": "https://energia.rp.pl/rss/4351-energetyka", "source_obj__id": 103, "album": "", "date_published": "2024-03-06T11:32:00+00:00", "artist": null, "age": null, "title": "Funkcjonariusze ABW przeszukuj\u0105 biura Orlenu. Chodzi o fuzj\u0119 z Lotosem", "description": "Funkcjonariusze ABW prowadz\u0105 czynno\u015bci zwi\u0105zane z zabezpieczeniem materia\u0142u dowodowego w Gda\u0144sku, P\u0142ocku i Warszawie. To efekt wszcz\u0119tego w styczniu tego roku \u015bledztwa prokuratury w sprawie po\u0142\u0105czenia Orlenu z Lotosem.", "link": "https://energia.rp.pl/paliwa/art39950021-funkcjonariusze-abw-przeszukuja-biura-orlenu-chodzi-o-fuzje-z-lotosem", "language": "pl-PL", "comments": [], "page_rating_contents": 0, "permanent": false, "page_rating": 0}, {"tags": [], "page_rating_votes": 0, "page_rating_visits": 0, "vote": 0, "user": null, "bookmarked": false, "thumbnail": null, "dead": false, "source": "https://energia.rp.pl/rss/4351-energetyka", "source_obj__id": 103, "album": "", "date_published": "2024-03-06T11:32:00+00:00", "artist": null, "age": null, "title": "Funkcjonariusze ABW przeszukuj\u0105 biura Orlenu. Sprawa fuzji z Lotosem", "description": "Funkcjonariusze ABW weszli w \u015brod\u0119 do biur Orlenu w P\u0142ocku i w Warszawie. Czynno\u015bci, prowadzone r\u00f3wnie\u017c na terenie Gda\u0144ska, zwi\u0105zane s\u0105 z zabezpieczaniem materia\u0142u dowodowego w sprawie po\u0142\u0105czenia Orlenu z Grup\u0105 Lotos \u2013 donosi PAP.", "link": "https://energia.rp.pl/paliwa/art39950021-funkcjonariusze-abw-przeszukuja-biura-orlenu-sprawa-fuzji-z-lotosem", "language": "pl-PL", "comments": [], "page_rating_contents": 0, "permanent": false, "page_rating": 0}, {"tags": [], "page_rating_votes": 0, "page_rating_visits": 0, "vote": 0, "user": null, "bookmarked": false, "thumbnail": null, "dead": false, "source": "https://energia.rp.pl/rss/4351-energetyka", "source_obj__id": 103, "album": "", "date_published": "2024-03-06T09:38:15+00:00", "artist": null, "age": null, "title": "Orlen odnotowuje wysokie mar\u017ce rafineryjne", "description": "Po ponad p\u00f3\u0142rocznej przerwie koncern znowu zacz\u0105\u0142 publikowa\u0107 mar\u017ce rafineryjne. W lutym by\u0142y one znacznie wy\u017csze ni\u017c w styczniu i rok temu. Nadal nie wiadomo za to, co z mar\u017cami petrochemicznymi.", "link": "https://energia.rp.pl/paliwa/art39949251-orlen-odnotowuje-wysokie-marze-rafineryjne", "language": "pl-PL", "comments": [], "page_rating_contents": 0, "permanent": false, "page_rating": 0}, {"tags": [], "page_rating_votes": 0, "page_rating_visits": 0, "vote": 0, "user": null, "bookmarked": false, "thumbnail": null, "dead": false, "source": "https://energia.rp.pl/rss/4351-energetyka", "source_obj__id": 103, "album": "", "date_published": "2024-03-06T09:14:53+00:00", "artist": null, "age": null, "title": "Gazprom pozwa\u0142 Orlen i Europol Gaz. Zrobi\u0142 to w Rosji", "description": "Pozew Gazpromu przeciwko sp\u00f3\u0142kom Orlen i Europol Gaz, kt\u00f3re s\u0105 w\u0142a\u015bcicielem polskiego odcinka gazoci\u0105gu Jama\u0142-Europa, wp\u0142yn\u0105\u0142 do s\u0105du arbitra\u017cowego w Petersburgu. Pozwanym jest te\u017c firma doradcza EY.", "link": "https://energia.rp.pl/gaz/art39949071-gazprom-pozwal-orlen-i-europol-gaz-zrobil-to-w-rosji", "language": "pl-PL", "comments": [], "page_rating_contents": 0, "permanent": false, "page_rating": 0}, {"tags": [], "page_rating_votes": 0, "page_rating_visits": 0, "vote": 0, "user": null, "bookmarked": false, "thumbnail": null, "dead": false, "source": "https://energia.rp.pl/rss/4351-energetyka", "source_obj__id": 103, "album": "", "date_published": "2024-03-06T02:00:00+00:00", "artist": null, "age": null, "title": "Sp\u00f3\u0142ki obrotu mog\u0105 ponie\u015b\u0107 koszty odmro\u017cenia cen energii elektrycznej", "description": "Firmy energetyczne i sp\u00f3\u0142ki obrotu s\u0105 zaniepokojone ewentualnymi mo\u017cliwo\u015bciami obni\u017cenia taryfy przez Urz\u0105d Regulacji Energetyki po 30 czerwca. Taki ma by\u0107 plan rz\u0105du na zniwelowanie podwy\u017cek cen pr\u0105du. Ucierpie\u0107 mog\u0105 finanse sp\u00f3\u0142ek obrotu.", "link": "https://energia.rp.pl/ceny-energii/art39948281-spolki-obrotu-moga-poniesc-koszty-odmrozenia-cen-energii-elektrycznej", "language": "pl-PL", "comments": [], "page_rating_contents": 0, "permanent": false, "page_rating": 0}]