[{"tags": [], "page_rating_votes": 0, "page_rating_visits": 0, "vote": 0, "user": null, "bookmarked": false, "thumbnail": null, "dead": false, "source": "https://cyfrowa.rp.pl/rss/2991-cyfrowa", "source_obj__id": 269, "album": "", "date_published": "2024-03-06T15:15:00+00:00", "artist": null, "age": null, "title": "Najwi\u0119kszy b\u0142\u0105d Elona Muska. Po co mu ta wojna?", "description": "Gra idzie o wielkie pieni\u0105dze, dominacj\u0119 w bran\u017cy sztucznej inteligencji i wielkie ego. W\u0142a\u015bciciel X, Tesli i SpaceX stworzy\u0142 sp\u00f3\u0142k\u0119 OpenAI, kt\u00f3ra stworzy\u0142a bota ChatGPT, ale si\u0119 z niej niepotrzebnie wycofa\u0142. Teraz pluje sobie w brod\u0119 i wytacza armaty.", "link": "https://cyfrowa.rp.pl/globalne-interesy/art39951271-najwiekszy-blad-elona-muska-po-co-mu-ta-wojna", "language": "pl-PL", "comments": [], "page_rating_contents": 0, "permanent": false, "page_rating": 0}]