[{"tags": [], "page_rating_votes": 0, "page_rating_visits": 0, "vote": 0, "user": null, "bookmarked": false, "thumbnail": null, "dead": false, "source": "https://japantoday.com/feed", "source_obj__id": 159, "album": "", "date_published": "2024-03-06T21:56:50+00:00", "artist": "Japan Today Editor", "age": null, "title": "Kerr has Chelsea's 'full support', says coach Hayes", "description": "Chelsea women's boss Emma Hayes says the club have given their &quot;full support&quot; to Sam Kerr after the Australia striker pleaded not guilty to racially aggravated harassment of\u2026", "link": "https://japantoday.com/category/sports/kerr-has-chelsea%27s-%27full-support%27-says-coach-hayes", "language": null, "comments": [], "page_rating_contents": 0, "permanent": false, "page_rating": 0}, {"tags": [], "page_rating_votes": 0, "page_rating_visits": 0, "vote": 0, "user": null, "bookmarked": false, "thumbnail": null, "dead": false, "source": "https://japantoday.com/feed", "source_obj__id": 159, "album": "", "date_published": "2024-03-06T21:56:31+00:00", "artist": "Japan Today Editor", "age": null, "title": "Stanley Cup contenders Florida, Colorado and Edmonton make moves ahead of NHL trade deadline", "description": "Stanley Cup contenders aren\u2019t waiting until the NHL trade deadline day to shore up depth for what they hope is a long playoff run.\nThe league-leading Florida Panthers\u2026", "link": "https://japantoday.com/category/sports/panthers-land-tarasenko-from-senators-for-a-pair-of-draft-picks-ap-source-says", "language": null, "comments": [], "page_rating_contents": 0, "permanent": false, "page_rating": 0}, {"tags": [], "page_rating_votes": 0, "page_rating_visits": 0, "vote": 0, "user": null, "bookmarked": false, "thumbnail": null, "dead": false, "source": "https://japantoday.com/feed", "source_obj__id": 159, "album": "", "date_published": "2024-03-06T21:56:03+00:00", "artist": "Japan Today Editor", "age": null, "title": "British Open will reduce its age limit to 55 for future champions", "description": "The British Open is reducing the age limit to 55 for winners of the claret jug this year and beyond, part of a few tweaks to its exemption\u2026", "link": "https://japantoday.com/category/sports/future-british-open-winners-will-have-entry-only-to-age-55-as-organizers-cut-exemptions-by-5-years", "language": null, "comments": [], "page_rating_contents": 0, "permanent": false, "page_rating": 0}, {"tags": [], "page_rating_votes": 0, "page_rating_visits": 0, "vote": 0, "user": null, "bookmarked": false, "thumbnail": null, "dead": false, "source": "https://japantoday.com/feed", "source_obj__id": 159, "album": "", "date_published": "2024-03-06T21:55:17+00:00", "artist": "Japan Today Editor", "age": null, "title": "Israel's Olympic status not in question says IOC president Bach amid frustration with Russia", "description": "Israel faces no threat to its Olympic status ahead of the Paris Games despite the conflict in Gaza, IOC president Thomas Bach confirmed Wednesday.\nSome of the scattered\u2026", "link": "https://japantoday.com/category/sports/israel%27s-olympic-status-not-in-question-says-ioc-president-bach-amid-frustration-with-russia", "language": null, "comments": [], "page_rating_contents": 0, "permanent": false, "page_rating": 0}, {"tags": [], "page_rating_votes": 0, "page_rating_visits": 0, "vote": 0, "user": null, "bookmarked": false, "thumbnail": null, "dead": false, "source": "https://japantoday.com/feed", "source_obj__id": 159, "album": "", "date_published": "2024-03-06T21:46:54+00:00", "artist": "Japan Today Editor", "age": null, "title": "U.S. job openings stay steady at nearly 8.9 million in January", "description": "U.S. job openings barely changed in January but remained elevated, suggesting that the American job market remains healthy.\nThe Labor Department reported Wednesday that U.S. employers posted 8.86\u2026", "link": "https://japantoday.com/category/business/us-job-openings-stay-steady-at-nearly-8.9-million-in-january-a-sign-labor-market-remains-strong", "language": null, "comments": [], "page_rating_contents": 0, "permanent": false, "page_rating": 0}, {"tags": [], "page_rating_votes": 0, "page_rating_visits": 0, "vote": 0, "user": null, "bookmarked": false, "thumbnail": null, "dead": false, "source": "https://japantoday.com/feed", "source_obj__id": 159, "album": "", "date_published": "2024-03-06T21:44:53+00:00", "artist": "Japan Today Editor", "age": null, "title": "U.S. urges Japan, other allies to tighten China's access to chip technology, Bloomberg reports", "description": "The U.S. government is urging the Netherlands, Germany, South Korea and Japan to further tighten curbs on China's access to semiconductor technology, Bloomberg News reported on Wednesday.\nThe\u2026", "link": "https://japantoday.com/category/politics/us-urges-allies-to-tighten-china%27s-access-to-chip-technology-bloomberg-reports2", "language": null, "comments": [], "page_rating_contents": 0, "permanent": false, "page_rating": 0}, {"tags": [], "page_rating_votes": 0, "page_rating_visits": 0, "vote": 0, "user": null, "bookmarked": false, "thumbnail": null, "dead": false, "source": "https://japantoday.com/feed", "source_obj__id": 159, "album": "", "date_published": "2024-03-06T21:44:02+00:00", "artist": "Japan Today Editor", "age": null, "title": "Microsoft engineer sounds alarm on AI image-generator to U.S. officials and company's board", "description": "A Microsoft engineer is sounding alarms about offensive and harmful imagery he says is too easily made by the company's artificial intelligence image-generator tool, sending letters on Wednesday\u2026", "link": "https://japantoday.com/category/tech/microsoft-engineer-sounds-alarm-on-ai-image-generator-to-us-officials-and-company%27s-board", "language": null, "comments": [], "page_rating_contents": 0, "permanent": false, "page_rating": 0}, {"tags": [], "page_rating_votes": 0, "page_rating_visits": 0, "vote": 0, "user": null, "bookmarked": false, "thumbnail": null, "dead": false, "source": "https://japantoday.com/feed", "source_obj__id": 159, "album": "", "date_published": "2024-03-06T21:43:49+00:00", "artist": "Japan Today Editor", "age": null, "title": "It's not just Elon Musk: ChatGPT-maker OpenAI confronting a mountain of legal challenges", "description": "After a year of basking in global fame, the San Francisco company OpenAI is now confronting a multitude of challenges that could threaten its position at the vanguard\u2026", "link": "https://japantoday.com/category/tech/it%27s-not-just-elon-musk-chatgpt-maker-openai-confronting-a-mountain-of-legal-challenges", "language": null, "comments": [], "page_rating_contents": 0, "permanent": false, "page_rating": 0}, {"tags": [], "page_rating_votes": 0, "page_rating_visits": 0, "vote": 0, "user": null, "bookmarked": false, "thumbnail": null, "dead": false, "source": "https://japantoday.com/feed", "source_obj__id": 159, "album": "", "date_published": "2024-03-06T21:43:38+00:00", "artist": "Japan Today Editor", "age": null, "title": "Europe's Digital Markets Act forcing tech giants to make changes", "description": "Europeans scrolling their phones and computers this week will get new choices for default browsers and search engines, where to download iPhone apps and how their personal online\u2026", "link": "https://japantoday.com/category/tech/europe%27s-digital-markets-act-is-forcing-tech-giants-to-make-changes.-here%27s-what-that-will-look-like", "language": null, "comments": [], "page_rating_contents": 0, "permanent": false, "page_rating": 0}, {"tags": [], "page_rating_votes": 0, "page_rating_visits": 0, "vote": 0, "user": null, "bookmarked": false, "thumbnail": null, "dead": false, "source": "https://japantoday.com/feed", "source_obj__id": 159, "album": "", "date_published": "2024-03-06T21:41:55+00:00", "artist": "Japan Today Editor", "age": null, "title": "Charges are dropped midtrial in 'Hotel California' lyrics case", "description": "From the start, the case was highly unusual: a criminal prosecution centered on the disputed ownership of a cache of hand-drafted lyrics to \u201cHotel California\u201d and other Eagles\u2026", "link": "https://japantoday.com/category/entertainment/prosecutors-drop-charges-midtrial-against-3-accused-of-possessing-stolen-%27hotel-california%27-lyrics", "language": null, "comments": [], "page_rating_contents": 0, "permanent": false, "page_rating": 0}, {"tags": [], "page_rating_votes": 0, "page_rating_visits": 0, "vote": 0, "user": null, "bookmarked": false, "thumbnail": null, "dead": false, "source": "https://japantoday.com/feed", "source_obj__id": 159, "album": "", "date_published": "2024-03-06T21:41:25+00:00", "artist": "Japan Today Editor", "age": null, "title": "Jury hears closing arguments in trial of armorer over fatal shooting by Alec Baldwin", "description": "A jury would soon weigh whether a movie weapons supervisor should be held to blame in the fatal shooting of a cinematographer by Alec Baldwin during rehearsal on\u2026", "link": "https://japantoday.com/category/entertainment/jury-hears-closing-arguments-in-trial-of-armorer-over-fatal-shooting-by-alec-baldwin", "language": null, "comments": [], "page_rating_contents": 0, "permanent": false, "page_rating": 0}, {"tags": [], "page_rating_votes": 0, "page_rating_visits": 0, "vote": 0, "user": null, "bookmarked": false, "thumbnail": null, "dead": false, "source": "https://japantoday.com/feed", "source_obj__id": 159, "album": "", "date_published": "2024-03-06T21:38:50+00:00", "artist": "Japan Today Editor", "age": null, "title": "Trans-skeptical U.S. book finds new Japanese publisher", "description": "A controversial U.S. book questioning an increase in young women seeking gender transition will come out in Japanese in April, according to its new publisher Sankei Shimbun Publications\u2026", "link": "https://japantoday.com/category/national/trans-skeptical-u.s.-book-finds-new-japan-publisher", "language": null, "comments": [], "page_rating_contents": 0, "permanent": false, "page_rating": 0}, {"tags": [], "page_rating_votes": 0, "page_rating_visits": 0, "vote": 0, "user": null, "bookmarked": false, "thumbnail": null, "dead": false, "source": "https://japantoday.com/feed", "source_obj__id": 159, "album": "", "date_published": "2024-03-06T21:38:19+00:00", "artist": "Japan Today Editor", "age": null, "title": "Woman, parents indicted over beheading of man in Sapporo hotel", "description": "A 30-year-old woman and her parents were indicted on Wednesday over the murder of a man found decapitated in a hotel in Sapporo last year.\nRuna Tamura was\u2026", "link": "https://japantoday.com/category/crime/woman-parents-indicted-over-sapporo-hotel-beheading-murder", "language": null, "comments": [], "page_rating_contents": 0, "permanent": false, "page_rating": 0}, {"tags": [], "page_rating_votes": 0, "page_rating_visits": 0, "vote": 0, "user": null, "bookmarked": false, "thumbnail": null, "dead": false, "source": "https://japantoday.com/feed", "source_obj__id": 159, "album": "", "date_published": "2024-03-06T21:38:03+00:00", "artist": "Japan Today Editor", "age": null, "title": "Japanese Olympic Committee slapped with \u00a52 bil in back taxes", "description": "The Japanese Olympic Committee has been slapped with around 2 billion yen in additional taxes after tax authorities found improper accounting between fiscal 2018 and 2022, a source\u2026", "link": "https://japantoday.com/category/sports/japanese-olympic-committee-slapped-with-2-bil.-yen-in-back-taxes", "language": null, "comments": [], "page_rating_contents": 0, "permanent": false, "page_rating": 0}, {"tags": [], "page_rating_votes": 0, "page_rating_visits": 0, "vote": 0, "user": null, "bookmarked": false, "thumbnail": null, "dead": false, "source": "https://japantoday.com/feed", "source_obj__id": 159, "album": "", "date_published": "2024-03-06T21:37:19+00:00", "artist": "Japan Today Editor", "age": null, "title": "LDP No. 2 may have tried to hide massive political funds usage", "description": "A political organization associated with the secretary general of Japan's ruling Liberal Democratic Party transferred a large amount of funds to another group subject to less stringent rules\u2026", "link": "https://japantoday.com/category/politics/japan-ldp-no.-2-may-have-tried-to-hide-massive-political-funds-usage", "language": null, "comments": [], "page_rating_contents": 0, "permanent": false, "page_rating": 0}, {"tags": [], "page_rating_votes": 0, "page_rating_visits": 0, "vote": 0, "user": null, "bookmarked": false, "thumbnail": null, "dead": false, "source": "https://japantoday.com/feed", "source_obj__id": 159, "album": "", "date_published": "2024-03-06T21:37:05+00:00", "artist": "Japan Today Editor", "age": null, "title": "McConnell endorses Trump for president", "description": "Senate Republican leader Mitch McConnell endorsed Donald Trump for president on Wednesday, a remarkable turnaround from the onetime critic who blamed the then-president for \u201cdisgraceful\u201d acts in the\u2026", "link": "https://japantoday.com/category/world/mcconnell-endorses-trump-for-president.-he-once-blamed-trump-for-%27disgraceful%27-jan.-6-2021-attack", "language": null, "comments": [], "page_rating_contents": 0, "permanent": false, "page_rating": 0}, {"tags": [], "page_rating_votes": 0, "page_rating_visits": 0, "vote": 0, "user": null, "bookmarked": false, "thumbnail": null, "dead": false, "source": "https://japantoday.com/feed", "source_obj__id": 159, "album": "", "date_published": "2024-03-06T21:36:47+00:00", "artist": "Japan Today Editor", "age": null, "title": "Osaka Prefecture eyes collecting fixed fee for inbound tourists from 2025", "description": "Osaka Prefecture is considering collecting a fixed fee from foreign visitors, possibly timing it around the start of the World Exposition in western Japan in April 2025, its\u2026", "link": "https://japantoday.com/category/national/osaka-pref.-eyes-collecting-fixed-fee-for-inbound-tourists-from-2025", "language": null, "comments": [], "page_rating_contents": 0, "permanent": false, "page_rating": 0}, {"tags": [], "page_rating_votes": 0, "page_rating_visits": 0, "vote": 0, "user": null, "bookmarked": false, "thumbnail": null, "dead": false, "source": "https://japantoday.com/feed", "source_obj__id": 159, "album": "", "date_published": "2024-03-06T21:36:30+00:00", "artist": "Japan Today Editor", "age": null, "title": "New York will send National Guard to subways after string of violent crimes", "description": "New York Gov Kathy Hochul announced plans Wednesday to send the National Guard to the New York City subway system to help police search passengers' bags for weapons,\u2026", "link": "https://japantoday.com/category/world/new-york-will-deploy-national-guard-to-subways-after-a-string-of-violent-crimes", "language": null, "comments": [], "page_rating_contents": 0, "permanent": false, "page_rating": 0}, {"tags": [], "page_rating_votes": 0, "page_rating_visits": 0, "vote": 0, "user": null, "bookmarked": false, "thumbnail": null, "dead": false, "source": "https://japantoday.com/feed", "source_obj__id": 159, "album": "", "date_published": "2024-03-06T21:36:02+00:00", "artist": "Japan Today Editor", "age": null, "title": "IS militants kill at least 18 people in an attack on villagers in eastern Syria", "description": "Islamic State militants attacked villagers collecting truffles in eastern Syria on Wednesday, killing at least 18 people and leaving dozens injured and missing, opposition activists and pro-government media\u2026", "link": "https://japantoday.com/category/world/is-militants-kill-at-least-18-people-in-an-attack-on-villagers-collecting-truffles-in-eastern-syria", "language": null, "comments": [], "page_rating_contents": 0, "permanent": false, "page_rating": 0}, {"tags": [], "page_rating_votes": 0, "page_rating_visits": 0, "vote": 0, "user": null, "bookmarked": false, "thumbnail": null, "dead": false, "source": "https://japantoday.com/feed", "source_obj__id": 159, "album": "", "date_published": "2024-03-06T21:35:54+00:00", "artist": "Japan Today Editor", "age": null, "title": "Haiti's prime minister locked out of his country and faces pressure to resign", "description": "Haitian Prime Minister Ariel Henry is struggling to stay in power as he tries to return home, where gang attacks have shuttered the country's main international airport and\u2026", "link": "https://japantoday.com/category/world/haiti%27s-prime-minister-is-locked-out-of-his-country-and-faces-pressure-to-resign", "language": null, "comments": [], "page_rating_contents": 0, "permanent": false, "page_rating": 0}, {"tags": [], "page_rating_votes": 0, "page_rating_visits": 0, "vote": 0, "user": null, "bookmarked": false, "thumbnail": null, "dead": false, "source": "https://japantoday.com/feed", "source_obj__id": 159, "album": "", "date_published": "2024-03-06T21:35:46+00:00", "artist": "Japan Today Editor", "age": null, "title": "Mourners honor woman who fled Belarus to Warsaw fornew life but was raped and died in hospital", "description": "Mourners in Poland paid tribute Wednesday evening to a young Belarusian woman who died after being brutally attacked and raped on the streets of Warsaw last month, a\u2026", "link": "https://japantoday.com/category/world/mourners-honor-liza-who-fled-belarus-to-warsaw-for-a-new-life-but-was-raped-and-died-in-a-hospital", "language": null, "comments": [], "page_rating_contents": 0, "permanent": false, "page_rating": 0}, {"tags": [], "page_rating_votes": 0, "page_rating_visits": 0, "vote": 0, "user": null, "bookmarked": false, "thumbnail": null, "dead": false, "source": "https://japantoday.com/feed", "source_obj__id": 159, "album": "", "date_published": "2024-03-06T21:35:37+00:00", "artist": "Japan Today Editor", "age": null, "title": "House Republicans invite Hunter Biden and former associates for public hearing in mid-March", "description": "House Republicans have invited Hunter Biden and his former business associates to appear at a public hearing later in March as part of the next step in their\u2026", "link": "https://japantoday.com/category/world/house-republicans-invite-hunter-biden-and-former-associates-for-a-public-hearing-in-mid-march", "language": null, "comments": [], "page_rating_contents": 0, "permanent": false, "page_rating": 0}, {"tags": [], "page_rating_votes": 0, "page_rating_visits": 0, "vote": 0, "user": null, "bookmarked": false, "thumbnail": null, "dead": false, "source": "https://japantoday.com/feed", "source_obj__id": 159, "album": "", "date_published": "2024-03-06T21:35:27+00:00", "artist": "Japan Today Editor", "age": null, "title": "Man vaccinated for COVID 217 times reports no side effects: scientists", "description": "A German man who deliberately got vaccinated for COVID-19 a whopping 217 times did not report any side effects from his many jabs, according to researchers studying possibly\u2026", "link": "https://japantoday.com/category/world/man-vaccinated-for-covid-217-times-reports-no-side-effects-scientists", "language": null, "comments": [], "page_rating_contents": 0, "permanent": false, "page_rating": 0}, {"tags": [], "page_rating_votes": 0, "page_rating_visits": 0, "vote": 0, "user": null, "bookmarked": false, "thumbnail": null, "dead": false, "source": "https://japantoday.com/feed", "source_obj__id": 159, "album": "", "date_published": "2024-03-06T21:35:11+00:00", "artist": "Japan Today Editor", "age": null, "title": "Poland sees its most violent protest yet by farmers and supporters against Ukraine imports, EU rules", "description": "Poland saw its most violent protest by farmers and supporters yet Wednesday as some participants threw stones at police and tried to push through barriers around parliament, injuring\u2026", "link": "https://japantoday.com/category/world/polish-farmers-angrier-than-before-stage-large-protest-against-ukrainian-imports-and-eu-policies", "language": null, "comments": [], "page_rating_contents": 0, "permanent": false, "page_rating": 0}, {"tags": [], "page_rating_votes": 0, "page_rating_visits": 0, "vote": 0, "user": null, "bookmarked": false, "thumbnail": null, "dead": false, "source": "https://japantoday.com/feed", "source_obj__id": 159, "album": "", "date_published": "2024-03-06T21:34:50+00:00", "artist": "Japan Today Editor", "age": null, "title": "Philippines says it won't let China remove its military outpost on disputed shoal", "description": "The Philippines will not allow China to remove a Philippine military outpost in a fiercely disputed South China Sea shoal, a navy official said Wednesday, a day after\u2026", "link": "https://japantoday.com/category/world/philippines-won%27t-allow-china-to-remove-its-military-outpost-in-a-disputed-shoal-its-navy-says", "language": null, "comments": [], "page_rating_contents": 0, "permanent": false, "page_rating": 0}, {"tags": [], "page_rating_votes": 0, "page_rating_visits": 0, "vote": 0, "user": null, "bookmarked": false, "thumbnail": null, "dead": false, "source": "https://japantoday.com/feed", "source_obj__id": 159, "album": "", "date_published": "2024-03-06T21:34:35+00:00", "artist": "Japan Today Editor", "age": null, "title": "Blast rocks Ukrainian city of Odesa during visit by Zelenskyy and Greek prime minister", "description": "The sound of a large explosion reverberated around the Ukrainian port of Odesa as President Volodymyr Zelenskyy and Greece's prime minister ended a tour of the war-ravaged southern\u2026", "link": "https://japantoday.com/category/world/a-blast-rocks-the-ukrainian-city-of-odesa-during-a-visit-by-zelenskyy-and-greece%27s-prime-minister", "language": null, "comments": [], "page_rating_contents": 0, "permanent": false, "page_rating": 0}, {"tags": [], "page_rating_votes": 0, "page_rating_visits": 0, "vote": 0, "user": null, "bookmarked": false, "thumbnail": null, "dead": false, "source": "https://japantoday.com/feed", "source_obj__id": 159, "album": "", "date_published": "2024-03-06T21:34:21+00:00", "artist": "Japan Today Editor", "age": null, "title": "MH370 disappeared a decade ago. Here's what we know about one of aviation's biggest mysteries", "description": "A decade ago on March 8, a Malaysia Airlines flight vanished without a trace, becoming one of aviation\u2019s biggest mysteries. \nInvestigators still do not know exactly what happened\u2026", "link": "https://japantoday.com/category/world/mh370-disappeared-a-decade-ago.-here%27s-what-we-know-about-one-of-aviation%27s-biggest-mysteries", "language": null, "comments": [], "page_rating_contents": 0, "permanent": false, "page_rating": 0}, {"tags": [], "page_rating_votes": 0, "page_rating_visits": 0, "vote": 0, "user": null, "bookmarked": false, "thumbnail": null, "dead": false, "source": "https://japantoday.com/feed", "source_obj__id": 159, "album": "", "date_published": "2024-03-06T21:34:13+00:00", "artist": "Japan Today Editor", "age": null, "title": "Haley suspends her campaign, leaving Trump as last major Republican candidate", "description": "Nikki Haley suspended her presidential campaign on Wednesday after being soundly defeated across the country on Super Tuesday, leaving Donald Trump as the last remaining major candidate for\u2026", "link": "https://japantoday.com/category/world/nikki-haley-campaign-pushed-to-brink-after-super-tuesday-trouncing", "language": null, "comments": [], "page_rating_contents": 0, "permanent": false, "page_rating": 0}, {"tags": [], "page_rating_votes": 0, "page_rating_visits": 0, "vote": 0, "user": null, "bookmarked": false, "thumbnail": null, "dead": false, "source": "https://japantoday.com/feed", "source_obj__id": 159, "album": "", "date_published": "2024-03-06T21:33:58+00:00", "artist": "Japan Today Editor", "age": null, "title": "Pressure grows on Israel to open more aid routes into Gaza by land and sea as hunger spreads", "description": "Efforts to get desperately needed humanitarian aid to war-wracked northern Gaza gained momentum Wednesday with the European Union increasing pressure for the creation of a sea route from\u2026", "link": "https://japantoday.com/category/world/pressure-grows-on-israel-to-open-more-aid-routes-into-gaza-by-land-and-sea-as-hunger-spreads", "language": null, "comments": [], "page_rating_contents": 0, "permanent": false, "page_rating": 0}, {"tags": [], "page_rating_votes": 0, "page_rating_visits": 0, "vote": 0, "user": null, "bookmarked": false, "thumbnail": null, "dead": false, "source": "https://japantoday.com/feed", "source_obj__id": 159, "album": "", "date_published": "2024-03-06T21:06:49+00:00", "artist": "Japan Today Editor", "age": null, "title": "Come on in", "description": "An alley of izakaya and Japanese restaurants awaits customers in Tokyo's Hibiya district on Wednesday night.", "link": "https://japantoday.com/category/picture-of-the-day/come-on-in-2", "language": null, "comments": [], "page_rating_contents": 0, "permanent": false, "page_rating": 0}, {"tags": [], "page_rating_votes": 0, "page_rating_visits": 0, "vote": 0, "user": null, "bookmarked": false, "thumbnail": null, "dead": false, "source": "https://japantoday.com/feed", "source_obj__id": 159, "album": "", "date_published": "2024-03-06T07:40:47+00:00", "artist": "Japan Today Editor", "age": null, "title": "Ex-police inspector ordered to pay \u00a5800,000 fine for detainee\u2019s death in Okazaki", "description": "The Nagoya Summary Court has ordered a 46-year-old ex-Aichi prefectural police inspector to pay a fine of 800,000 yen following the death of a man in custody at\u2026", "link": "https://japantoday.com/category/crime/Ex-police-inspector-ordered-to-pay-%C2%A5800-000-fine-for-detainee%E2%80%99s-death-in-Okazaki", "language": null, "comments": [], "page_rating_contents": 0, "permanent": false, "page_rating": 0}, {"tags": [], "page_rating_votes": 0, "page_rating_visits": 0, "vote": 0, "user": null, "bookmarked": false, "thumbnail": null, "dead": false, "source": "https://japantoday.com/feed", "source_obj__id": 159, "album": "", "date_published": "2024-03-06T07:37:37+00:00", "artist": "Japan Today Editor", "age": null, "title": "'Monster' Inoue to face Nery for super-bantamweight world titles", "description": "Japan's undisputed super-bantamweight world champion Naoya Inoue on Wednesday promised a &quot;white-hot fight&quot; as he announced a title defense against Mexico's Luis Nery at the Tokyo Dome on\u2026", "link": "https://japantoday.com/category/sports/japan%27s-inoue-to-face-nery-for-super-bantamweight-world-titles", "language": null, "comments": [], "page_rating_contents": 0, "permanent": false, "page_rating": 0}, {"tags": [], "page_rating_votes": 0, "page_rating_visits": 0, "vote": 0, "user": null, "bookmarked": false, "thumbnail": null, "dead": false, "source": "https://japantoday.com/feed", "source_obj__id": 159, "album": "", "date_published": "2024-03-06T07:35:06+00:00", "artist": "Japan Today Editor", "age": null, "title": "Bullet train services affected after station overrun in northeast Japan", "description": "A bullet train overran a station in northeastern Japan by some 500 meters on Wednesday, causing suspensions and delays of shinkansen (bullet train) services to and from Tokyo,\u2026", "link": "https://japantoday.com/category/national/bullet-train-services-affected-after-station-miss-in-northeast-japan", "language": null, "comments": [], "page_rating_contents": 0, "permanent": false, "page_rating": 0}, {"tags": [], "page_rating_votes": 0, "page_rating_visits": 0, "vote": 0, "user": null, "bookmarked": false, "thumbnail": null, "dead": false, "source": "https://japantoday.com/feed", "source_obj__id": 159, "album": "", "date_published": "2024-03-06T07:34:32+00:00", "artist": "Japan Today Editor", "age": null, "title": "Requests for gov't help due to financial stress higher again in 2023", "description": "The number of households in financial stress that sought public assistance in Japan rose for the fourth straight year in 2023, as recent inflation piled pressure on people\u2026", "link": "https://japantoday.com/category/national/requests-for-gov%27t-help-due-to-financial-stress-higher-again-in-2023", "language": null, "comments": [], "page_rating_contents": 0, "permanent": false, "page_rating": 0}, {"tags": [], "page_rating_votes": 0, "page_rating_visits": 0, "vote": 0, "user": null, "bookmarked": false, "thumbnail": null, "dead": false, "source": "https://japantoday.com/feed", "source_obj__id": 159, "album": "", "date_published": "2024-03-06T07:24:30+00:00", "artist": "Japan Today Editor", "age": null, "title": "Australia and ASEAN call for restraint in South China Sea, ceasefire in Gaza", "description": "Australia and Southeast Asian nations ended a three day summit on Wednesday calling for restraint in the contested South China Sea and a lasting ceasefire in the Gaza\u2026", "link": "https://japantoday.com/category/world/australia-and-asean-call-for-restraint-in-south-china-sea-ceasefire-in-gaza", "language": null, "comments": [], "page_rating_contents": 0, "permanent": false, "page_rating": 0}, {"tags": [], "page_rating_votes": 0, "page_rating_visits": 0, "vote": 0, "user": null, "bookmarked": false, "thumbnail": null, "dead": false, "source": "https://japantoday.com/feed", "source_obj__id": 159, "album": "", "date_published": "2024-03-06T06:58:02+00:00", "artist": "Japan Today Editor", "age": null, "title": "Asia stocks mixed after Wall Street slumps to worst day in weeks", "description": "Asian stocks were mixed on Wednesday after tumbling Big Tech stocks dragged Wall Street to its worst day in three weeks.\nU.S. futures and oil prices rose.\nJapan\u2019s\u2026", "link": "https://japantoday.com/category/business/stock-market-today-asia-stocks-mixed-after-wall-street-slumps-to-worst-day-in-weeks", "language": null, "comments": [], "page_rating_contents": 0, "permanent": false, "page_rating": 0}, {"tags": [], "page_rating_votes": 0, "page_rating_visits": 0, "vote": 0, "user": null, "bookmarked": false, "thumbnail": null, "dead": false, "source": "https://japantoday.com/feed", "source_obj__id": 159, "album": "", "date_published": "2024-03-06T04:25:08+00:00", "artist": "Japan Today Editor", "age": null, "title": "World Bank, Gates, U.N. pledge close to $600 mil to end cervical cancer", "description": "Global health donors pledged nearly $600 million towards eliminating cervical cancer on Tuesday, at the first global forum dedicated to fighting the disease.\nThe World Bank, the Bill\u2026", "link": "https://japantoday.com/category/world/world-bank-gates-un-pledge-close-to-600m-to-end-cervical-cancer", "language": null, "comments": [], "page_rating_contents": 0, "permanent": false, "page_rating": 0}, {"tags": [], "page_rating_votes": 0, "page_rating_visits": 0, "vote": 0, "user": null, "bookmarked": false, "thumbnail": null, "dead": false, "source": "https://japantoday.com/feed", "source_obj__id": 159, "album": "", "date_published": "2024-03-06T01:42:57+00:00", "artist": "Japan Today Editor", "age": null, "title": "Trump backs Israel's war in Gaza", "description": "Republican presidential frontrunner Donald Trump expressed his support for Israel's war in Gaza Tuesday, in his most explicit comments yet on the fighting, as international pressure grows on\u2026", "link": "https://japantoday.com/category/world/trump-backs-israel%27s-war-in-gaza", "language": null, "comments": [], "page_rating_contents": 0, "permanent": false, "page_rating": 0}]