[{"tags": [], "page_rating_votes": 0, "page_rating_visits": 0, "vote": 0, "user": null, "bookmarked": false, "thumbnail": "https://i2.ytimg.com/vi/ydUQtOcX_xc/hqdefault.jpg", "dead": false, "source": "https://www.youtube.com/feeds/videos.xml?channel_id=UC6AXBF-78lNa3_TjAIWZWmQ", "source_obj__id": 378, "album": "", "date_published": "2024-03-06T08:57:59+00:00", "artist": "VR Gorilla - Virtual Reality & 360 Videos", "age": null, "title": "Athens, Greece in 8K Virtual Reality - 360 3D Video - Virtual City Trip", "description": "Welcome to Athens, a city that has been an epicenter of human civilization for over 3,000 years. During its Golden Age around the 5th century before Christ, the city was home to famous philosophers like Socrates, Plato, and Pericles who still influence our society today. In this tour we'll explore important historical and cultural sites, from the stunning Acropolis to the peaceful National Garden, and dive deep into Greek heritage. \n\nThis episode is brought to you in stereoscopic 3D and at a maximum 8K resolution. \n\nObviously best experienced with a VR headset! \n\nIf you are interested in licensing this or other 360\u00b0 VR videos we have made or wish to create new content, please contact us or visit https://www.vr-gorilla.com/licensing/ \n\nVR Gorilla is an Amsterdam-based virtual reality production studio. We aim to create the most immersive, enthralling experiences imaginable. We want to give you new experiences and take you places you have never been. We want to tell stories lik", "link": "https://www.youtube.com/watch?v=ydUQtOcX_xc", "language": null, "comments": [], "page_rating_contents": 0, "permanent": false, "page_rating": 0}]