[{"tags": [], "page_rating_votes": 0, "page_rating_visits": 0, "vote": 0, "user": null, "bookmarked": false, "thumbnail": null, "dead": false, "source": "https://www.wirtualnemedia.pl/rss/wm_internet.xml", "source_obj__id": 398, "album": "", "date_published": "2024-03-06T17:11:50.420263+00:00", "artist": null, "age": null, "title": "Shoper kupuje reszt\u0119 platform\u0119 e-commerce\u2019owej", "description": "Firma Shoper przej\u0119\u0142a pozosta\u0142e 20 proc. udzia\u0142\u00f3w sp\u00f3\u0142ki Apilo do zarz\u0105dzania sprzeda\u017c\u0105 internetow\u0105. Cena wynios\u0142a 2,4 mln z\u0142 plus maksymalnie 8 mln z\u0142 w ramach tzw. earn out.", "link": "https://www.wirtualnemedia.pl/artykul/shoper-platforma-e-commerce-apilo", "language": "pl", "comments": [], "page_rating_contents": 0, "permanent": false, "page_rating": 0}, {"tags": [], "page_rating_votes": 0, "page_rating_visits": 0, "vote": 0, "user": null, "bookmarked": false, "thumbnail": null, "dead": false, "source": "https://www.wirtualnemedia.pl/rss/wm_internet.xml", "source_obj__id": 398, "album": "", "date_published": "2024-03-06T16:07:59.124460+00:00", "artist": null, "age": null, "title": "Netflix zam\u00f3wi\u0142 drugi sezon serialu \u201e1670\u201d. Kiedy premiera?", "description": "Netflix oficjalnie potwierdzi\u0142, \u017ce powstanie drugi sezon serialu \u201e1670\u201d, kt\u00f3ry trafi\u0142 do serwisu pod koniec ubieg\u0142ego roku. Ruszy\u0142y ju\u017c prace nad kolejnym rozdzia\u0142em historii mieszka\u0144c\u00f3w Adamczychy, w tym Jana Paw\u0142a. Premiera drugiego sezonu zaplanowana jest na 2025 r.", "link": "https://www.wirtualnemedia.pl/artykul/netflix-zamowil-drugi-sezon-1670-kiedy-premiera-co-sie-wydarzy-bartlomiej-topa-jan-pawel-adamczycha", "language": "pl", "comments": [], "page_rating_contents": 0, "permanent": false, "page_rating": 0}, {"tags": [], "page_rating_votes": 0, "page_rating_visits": 0, "vote": 0, "user": null, "bookmarked": false, "thumbnail": null, "dead": false, "source": "https://www.wirtualnemedia.pl/rss/wm_internet.xml", "source_obj__id": 398, "album": "", "date_published": "2024-03-06T06:28:45.947887+00:00", "artist": null, "age": null, "title": "W dobie deepfejk\u00f3w przysz\u0142o\u015b\u0107 medi\u00f3w spo\u0142eczno\u015bciowych jest pod znakiem zapytania", "description": "Z powodu deepfejk\u00f3w i fake news\u00f3w coraz mniej mo\u017cemy ufa\u0107 temu, co jest zamieszczone w sieci. Ludzie wr\u00f3c\u0105 wi\u0119c do kontakt\u00f3w osobistych. W tej sytuacji przysz\u0142o\u015b\u0107 medi\u00f3w spo\u0142eczno\u015bciowych stoi pod znakiem zapytania - uwa\u017ca ekspert od AI dr Tomasz Michalak z IDEAS NCBR.", "link": "https://www.wirtualnemedia.pl/artykul/deepfejk-koniec-media-spolecznosciowe", "language": "pl", "comments": [], "page_rating_contents": 0, "permanent": false, "page_rating": 0}, {"tags": [], "page_rating_votes": 0, "page_rating_visits": 0, "vote": 0, "user": null, "bookmarked": false, "thumbnail": null, "dead": false, "source": "https://www.wirtualnemedia.pl/rss/wm_internet.xml", "source_obj__id": 398, "album": "", "date_published": "2024-03-06T05:22:43.683733+00:00", "artist": null, "age": null, "title": "TVP zamyka kana\u0142y z archiwaliami. \u201eAudycje medi\u00f3w publicznych powinny by\u0107 bezp\u0142atne\u201d", "description": "Telewizja Polska w ostatnim czasie doprowadzi\u0142a do zamkni\u0119cia kilku kana\u0142\u00f3w na YouTube z jej archiwalnymi programami. Nadawca publiczny t\u0142umaczy takie dzia\u0142ania przys\u0142uguj\u0105cymi mu prawami autorskimi. Byli prezesi TVP w rozmowie z Wirtualnemedia.pl przekonuj\u0105, \u017ce przynajmniej cz\u0119\u015b\u0107 tre\u015bci powinna by\u0107 udost\u0119pniana bezp\u0142atnie.", "link": "https://www.wirtualnemedia.pl/artykul/tvp-koniec-youtube-kanaly", "language": "pl", "comments": [], "page_rating_contents": 0, "permanent": false, "page_rating": 0}, {"tags": [], "page_rating_votes": 0, "page_rating_visits": 0, "vote": 0, "user": null, "bookmarked": false, "thumbnail": null, "dead": false, "source": "https://www.wirtualnemedia.pl/rss/wm_internet.xml", "source_obj__id": 398, "album": "", "date_published": "2024-03-06T05:22:43.668001+00:00", "artist": null, "age": null, "title": "Powstaje kodeks influencer marketingu", "description": "Zwi\u0105zek Pracodawc\u00f3w Bran\u017cy Internetowej IAB Polska oraz IAA Polska Mi\u0119dzynarodowe Stowarzyszenie Reklamy rozpocz\u0119\u0142y wsp\u00f3\u0142prac\u0119, maj\u0105c\u0105 na celu wypracowanie i wprowadzenie standard\u00f3w i edukacji rynku w kontek\u015bcie influencer marketingu.", "link": "https://www.wirtualnemedia.pl/artykul/kodeks-influencer-marketing", "language": "pl", "comments": [], "page_rating_contents": 0, "permanent": false, "page_rating": 0}, {"tags": [], "page_rating_votes": 0, "page_rating_visits": 0, "vote": 0, "user": null, "bookmarked": false, "thumbnail": null, "dead": false, "source": "https://www.wirtualnemedia.pl/rss/wm_internet.xml", "source_obj__id": 398, "album": "", "date_published": "2024-03-06T05:22:43.653399+00:00", "artist": null, "age": null, "title": "Michalik analizuje z prawnikami s\u0142owa Stanowskiego. \"Tak robi\u0105 przemocowcy\"", "description": "Eliza Michalik przyzna\u0142a w nagraniu na swoim youtubowym kanale, \u017ce analizuje z prawnikami wypowied\u017a Krzysztofa Stanowskiego. - Teksty typu \u201ejeste\u015b pier***\u201d to typowe teksty przemocowca, kt\u00f3re s\u0142yszy ka\u017cda kobieta, kt\u00f3ra dozna\u0142a przemocy psychicznej. To jest penalizowane w Kodeksie Karnym i Kodeksie Cywilnym. Nie chc\u0119 reagowa\u0107 pod wp\u0142ywem emocji, a rozm\u00f3w z prawnikami - powiedzia\u0142a dziennikarka.", "link": "https://www.wirtualnemedia.pl/artykul/krzysztof-stanowski-pozew-eliza-michalik", "language": "pl", "comments": [], "page_rating_contents": 0, "permanent": false, "page_rating": 0}, {"tags": [], "page_rating_votes": 0, "page_rating_visits": 0, "vote": 0, "user": null, "bookmarked": false, "thumbnail": null, "dead": false, "source": "https://www.wirtualnemedia.pl/rss/wm_internet.xml", "source_obj__id": 398, "album": "", "date_published": "2024-03-06T05:22:43.638697+00:00", "artist": null, "age": null, "title": "Pi\u0142karski program Kana\u0142u Zero traci widz\u00f3w. Przegrywa z Kana\u0142em Sportowym", "description": "Kana\u0142 Zero emituje od swojego startu program pi\u0142karski \u201eZero do Zera\u201d, kt\u00f3ry pocz\u0105tkowo mia\u0142 wi\u0119cej wy\u015bwietle\u0144 ni\u017c \u201eMoc Futbolu\u201d Kana\u0142u Sportowego, ale ostatnio zacz\u0105\u0142 przegrywa\u0107 pod wzgl\u0119dem liczby ods\u0142on.", "link": "https://www.wirtualnemedia.pl/artykul/kanal-zero-youtube-program-kanal-sportowy", "language": "pl", "comments": [], "page_rating_contents": 0, "permanent": false, "page_rating": 0}, {"tags": [], "page_rating_votes": 0, "page_rating_visits": 0, "vote": 0, "user": null, "bookmarked": false, "thumbnail": null, "dead": false, "source": "https://www.wirtualnemedia.pl/rss/wm_internet.xml", "source_obj__id": 398, "album": "", "date_published": "2024-03-06T05:22:43.623881+00:00", "artist": null, "age": null, "title": "Spotify reaguje na s\u0142owa ministra kultury. Sugeruje podwy\u017ck\u0119 cen", "description": "Platforma streamingowa Spotify odnios\u0142a si\u0119 do zapowiedzi ministra kultury Bart\u0142omieja Sienkiewicza, \u017ce na mocy nowelizacji prawa autorskie tantiemy b\u0119d\u0105 te\u017c p\u0142aci\u0107 wydawcy internetowi. Koncern t\u0142umaczy, \u017ce \u201enie jest w stanie wch\u0142on\u0105\u0107 dodatkowych koszt\u00f3w podw\u00f3jnej p\u0142atno\u015bci\u201d, sugeruj\u0105c podwy\u017ck\u0119 cen dla u\u017cytkownik\u00f3w.", "link": "https://www.wirtualnemedia.pl/artykul/spotify-podwyzka-ceny", "language": "pl", "comments": [], "page_rating_contents": 0, "permanent": false, "page_rating": 0}, {"tags": [], "page_rating_votes": 0, "page_rating_visits": 0, "vote": 0, "user": null, "bookmarked": false, "thumbnail": null, "dead": false, "source": "https://www.wirtualnemedia.pl/rss/wm_internet.xml", "source_obj__id": 398, "album": "", "date_published": "2024-03-06T05:22:43.606198+00:00", "artist": null, "age": null, "title": "\u015awiatowa awaria Facebooka i Instagrama. \"W czasie awarii medi\u00f3w spo\u0142eczno\u015bciowych czekajmy na jej usuni\u0119cie\"", "description": "W czasie awarii medi\u00f3w spo\u0142eczno\u015bciowych czekajmy na jej usuni\u0119cie; nie dzia\u0142ajmy pochopnie i w\u0142\u0105czmy uwierzytelnianie dwusk\u0142adnikowe - radzi in\u017cynier europejskiego dostawcy rozwi\u0105za\u0144 do ochrony sieci Stormshield z grupy Airbusa, Aleksander Kostuch.", "link": "https://www.wirtualnemedia.pl/artykul/awaria-facebook-instagram-co-robic-jak-odzyskac-konto", "language": "pl", "comments": [], "page_rating_contents": 0, "permanent": false, "page_rating": 0}]