[{"tags": [], "page_rating_votes": 0, "page_rating_visits": 0, "vote": 0, "user": null, "bookmarked": false, "thumbnail": "https://www.ft.com/__origami/service/image/v2/images/raw/https%3A%2F%2Fd1e00ek4ebabms.cloudfront.net%2Fproduction%2Fd645ab52-57fa-4c0f-a5b9-21e45cf6f10d.png?source=next-home-page&dpr=2&width=580&fit=scale-down", "dead": false, "source": "https://www.ft.com/rss/home", "source_obj__id": 110, "album": "", "date_published": "2024-03-06T23:34:46+00:00", "artist": null, "age": null, "title": "CEO confidence in US economic outlook at highest level since 2022 ...", "description": "", "link": "https://www.ft.com/content/a8e9bf7c-3cf4-444b-a9d1-3088ea7e7bd4", "language": "en ...", "comments": [], "page_rating_contents": 0, "permanent": false, "page_rating": 0}, {"tags": [], "page_rating_votes": 0, "page_rating_visits": 0, "vote": 0, "user": null, "bookmarked": false, "thumbnail": "https://www.ft.com/__origami/service/image/v2/images/raw/https%3A%2F%2Fd1e00ek4ebabms.cloudfront.net%2Fproduction%2F5f6578d6-951b-4139-9873-74da3ff19fcc.jpg?source=next-home-page&dpr=2&width=580&fit=scale-down", "dead": false, "source": "https://www.ft.com/rss/home", "source_obj__id": 110, "album": "", "date_published": "2024-03-06T23:01:39+00:00", "artist": null, "age": null, "title": "Google engineer charged with AI secrets theft while working for Chinese groups ...", "description": "Prosecutors say man had access to the \u2018building blocks\u2019 of company\u2019s cutting-edge technology ...", "link": "https://www.ft.com/content/68abfd2d-2fb1-4e0a-8068-22e581adbb51", "language": "en ...", "comments": [], "page_rating_contents": 0, "permanent": false, "page_rating": 0}, {"tags": [], "page_rating_votes": 0, "page_rating_visits": 0, "vote": 0, "user": null, "bookmarked": false, "thumbnail": "https://www.ft.com/__origami/service/image/v2/images/raw/https%3A%2F%2Fd1e00ek4ebabms.cloudfront.net%2Fproduction%2F381b5490-9496-4b54-8c26-e09d9894efb5.jpg?source=next-home-page&dpr=2&width=580&fit=scale-down", "dead": false, "source": "https://www.ft.com/rss/home", "source_obj__id": 110, "album": "", "date_published": "2024-03-06T20:14:03+00:00", "artist": null, "age": null, "title": "ExxonMobil seeks arbitration over Guyana oil find in Chevron\u2019s sights ...", "description": "Top US supermajor says it wants to protect rights to 30% Hess stake in valuable offshore field ...", "link": "https://www.ft.com/content/99190fe9-7005-46b2-9251-7b18c0bc4cc5", "language": "en ...", "comments": [], "page_rating_contents": 0, "permanent": false, "page_rating": 0}, {"tags": [], "page_rating_votes": 0, "page_rating_visits": 0, "vote": 0, "user": null, "bookmarked": false, "thumbnail": "https://www.ft.com/__origami/service/image/v2/images/raw/https%3A%2F%2Fd1e00ek4ebabms.cloudfront.net%2Fproduction%2F88e60b97-9c6d-4caa-84c0-f104a3da0628.jpg?source=next-home-page&dpr=2&width=580&fit=scale-down", "dead": false, "source": "https://www.ft.com/rss/home", "source_obj__id": 110, "album": "", "date_published": "2024-03-06T19:55:11+00:00", "artist": null, "age": null, "title": "New York Community Bancorp to raise $1bn in deal led by Steven Mnuchin\u2019s firm ...", "description": "Regional lender seeks to shore up finances after shares plunge more than 40% on reports of capital raising ...", "link": "https://www.ft.com/content/4c640d5c-9703-464f-a257-160445ee863f", "language": "en ...", "comments": [], "page_rating_contents": 0, "permanent": false, "page_rating": 0}, {"tags": [], "page_rating_votes": 0, "page_rating_visits": 0, "vote": 0, "user": null, "bookmarked": false, "thumbnail": "https://www.ft.com/__origami/service/image/v2/images/raw/https%3A%2F%2Fd1e00ek4ebabms.cloudfront.net%2Fproduction%2F9ff86d68-6c8e-4ecf-8e85-6d457b37934c.jpg?source=next-home-page&dpr=2&width=580&fit=scale-down", "dead": false, "source": "https://www.ft.com/rss/home", "source_obj__id": 110, "album": "", "date_published": "2024-03-06T19:12:14+00:00", "artist": null, "age": null, "title": "How Trump\u2019s Super Tuesday win shows strengths \u2014 and weaknesses ...", "description": "What five charts from the latest primaries could teach us about the coming White House race ...", "link": "https://www.ft.com/content/cfd6878f-537e-404e-8b6d-5dca88a1ff73", "language": "en ...", "comments": [], "page_rating_contents": 0, "permanent": false, "page_rating": 0}, {"tags": [], "page_rating_votes": 0, "page_rating_visits": 0, "vote": 0, "user": null, "bookmarked": false, "thumbnail": "https://www.ft.com/__origami/service/image/v2/images/raw/https%3A%2F%2Fd1e00ek4ebabms.cloudfront.net%2Fproduction%2F33b0b545-2bff-485d-88c7-86c0790db77a.jpg?source=next-home-page&dpr=2&width=580&fit=scale-down", "dead": false, "source": "https://www.ft.com/rss/home", "source_obj__id": 110, "album": "", "date_published": "2024-03-06T18:46:09+00:00", "artist": null, "age": null, "title": "How will reforms to Britain\u2019s \u2018non-dom\u2019 tax regime work?  ...", "description": "Jeremy Hunt\u2019s abolition of controversial colonial-era system expected to raise \u00a32.7bn a year  ...", "link": "https://www.ft.com/content/0ec485d2-47ad-45fa-8228-ae9c5463319e", "language": "en ...", "comments": [], "page_rating_contents": 0, "permanent": false, "page_rating": 0}, {"tags": [], "page_rating_votes": 0, "page_rating_visits": 0, "vote": 0, "user": null, "bookmarked": false, "thumbnail": "https://www.ft.com/__origami/service/image/v2/images/raw/https%3A%2F%2Fd1e00ek4ebabms.cloudfront.net%2Fproduction%2F30250b8c-77e9-4b84-976c-ab802fdfbe52.jpg?source=next-home-page&dpr=2&width=580&fit=scale-down", "dead": false, "source": "https://www.ft.com/rss/home", "source_obj__id": 110, "album": "", "date_published": "2024-03-06T18:28:40+00:00", "artist": null, "age": null, "title": "New York sends National Guard troops to patrol subway after attacks  ...", "description": "Move comes after series of assaults that have revived concerns about violent crime in big US cities ...", "link": "https://www.ft.com/content/b0710e0a-4461-4e3e-9237-4f2894fd3512", "language": "en ...", "comments": [], "page_rating_contents": 0, "permanent": false, "page_rating": 0}, {"tags": [], "page_rating_votes": 0, "page_rating_visits": 0, "vote": 0, "user": null, "bookmarked": false, "thumbnail": "https://www.ft.com/__origami/service/image/v2/images/raw/https%3A%2F%2Fd1e00ek4ebabms.cloudfront.net%2Fproduction%2Fd92a384f-a70a-4f59-99fb-687b0a571438.jpg?source=next-home-page&dpr=2&width=580&fit=scale-down", "dead": false, "source": "https://www.ft.com/rss/home", "source_obj__id": 110, "album": "", "date_published": "2024-03-06T18:13:27+00:00", "artist": null, "age": null, "title": "Stellantis joins global carmakers in Brazil push with $6bn investment  ...", "description": "Carmaker will focus on electrifying flexible fuel models as rivals pour money into Latin America\u2019s largest economy   ...", "link": "https://www.ft.com/content/6c1c5b15-51b4-421f-b1d2-1ccced3df72a", "language": "en ...", "comments": [], "page_rating_contents": 0, "permanent": false, "page_rating": 0}, {"tags": [], "page_rating_votes": 0, "page_rating_visits": 0, "vote": 0, "user": null, "bookmarked": false, "thumbnail": "https://www.ft.com/__origami/service/image/v2/images/raw/https%3A%2F%2Fd1e00ek4ebabms.cloudfront.net%2Fproduction%2Ffea7b17a-e948-48c5-a288-c28b6f05151a.jpg?source=next-home-page&dpr=2&width=580&fit=scale-down", "dead": false, "source": "https://www.ft.com/rss/home", "source_obj__id": 110, "album": "", "date_published": "2024-03-06T18:09:53+00:00", "artist": null, "age": null, "title": "US accident investigator says Boeing has not turned over documents ...", "description": "NTSB chair says aircraft manufacturer has yet to disclose who worked on door panel that blew out mid-flight ...", "link": "https://www.ft.com/content/32610ce6-d6f9-4e81-b949-45f95d46598e", "language": "en ...", "comments": [], "page_rating_contents": 0, "permanent": false, "page_rating": 0}, {"tags": [], "page_rating_votes": 0, "page_rating_visits": 0, "vote": 0, "user": null, "bookmarked": false, "thumbnail": "https://www.ft.com/__origami/service/image/v2/images/raw/https%3A%2F%2Fd1e00ek4ebabms.cloudfront.net%2Fproduction%2Fc30b2609-7013-49f3-ba60-393653e919b0.jpg?source=next-home-page&dpr=2&width=580&fit=scale-down", "dead": false, "source": "https://www.ft.com/rss/home", "source_obj__id": 110, "album": "", "date_published": "2024-03-06T17:47:42+00:00", "artist": null, "age": null, "title": "Two killed in Houthi attack on cargo ship off Yemeni coast  ...", "description": "Ship owned until recently by US private equity group Oaktree Capital is latest vessel to be hit in Gulf of Aden  ...", "link": "https://www.ft.com/content/7968438c-ec7c-424d-aaed-42d99e2a51a7", "language": "en ...", "comments": [], "page_rating_contents": 0, "permanent": false, "page_rating": 0}, {"tags": [], "page_rating_votes": 0, "page_rating_visits": 0, "vote": 0, "user": null, "bookmarked": false, "thumbnail": "https://www.ft.com/__origami/service/image/v2/images/raw/https%3A%2F%2Fd1e00ek4ebabms.cloudfront.net%2Fproduction%2Fb9c68222-61a3-43c2-a669-f62cd6d77959.jpg?source=next-home-page&dpr=2&width=580&fit=scale-down", "dead": false, "source": "https://www.ft.com/rss/home", "source_obj__id": 110, "album": "", "date_published": "2024-03-06T15:01:17+00:00", "artist": null, "age": null, "title": "Galderma\u2019s float will test Europe\u2019s IPO market  ...", "description": "Investors might well demand a sizeable valuation discount before plunging in ...", "link": "https://www.ft.com/content/0dde3aa7-26cc-4e76-a02f-3ab51610952b", "language": "en ...", "comments": [], "page_rating_contents": 0, "permanent": false, "page_rating": 0}, {"tags": [], "page_rating_votes": 0, "page_rating_visits": 0, "vote": 0, "user": null, "bookmarked": false, "thumbnail": "https://www.ft.com/__origami/service/image/v2/images/raw/https%3A%2F%2Fd1e00ek4ebabms.cloudfront.net%2Fproduction%2Fcd26614e-3e47-4082-9ca2-73a3d068838b.jpg?source=next-home-page&dpr=2&width=580&fit=scale-down", "dead": false, "source": "https://www.ft.com/rss/home", "source_obj__id": 110, "album": "", "date_published": "2024-03-06T13:36:44+00:00", "artist": null, "age": null, "title": "Dermatology giant Galderma aims to raise $2.3bn in Swiss IPO ...", "description": "Plan by private equity-owned company raises hopes for European listings market   ...", "link": "https://www.ft.com/content/d5e5b439-ef8a-4c97-a265-ca4ba55e94ab", "language": "en ...", "comments": [], "page_rating_contents": 0, "permanent": false, "page_rating": 0}, {"tags": [], "page_rating_votes": 0, "page_rating_visits": 0, "vote": 0, "user": null, "bookmarked": false, "thumbnail": "https://www.ft.com/__origami/service/image/v2/images/raw/https%3A%2F%2Fd1e00ek4ebabms.cloudfront.net%2Fproduction%2Fe39c4ce4-1728-4bfa-8789-ee7b7a86e3f8.jpg?source=next-home-page&dpr=2&width=580&fit=scale-down", "dead": false, "source": "https://www.ft.com/rss/home", "source_obj__id": 110, "album": "", "date_published": "2024-03-06T12:59:52+00:00", "artist": null, "age": null, "title": "The tyranny of America\u2019s Supreme Court ...", "description": "Conservative majority delivers rulings that assist Trump and play politics with the constitution ...", "link": "https://www.ft.com/content/f450d649-6449-4c2d-87fd-b608dfd9c500", "language": "en ...", "comments": [], "page_rating_contents": 0, "permanent": false, "page_rating": 0}, {"tags": [], "page_rating_votes": 0, "page_rating_visits": 0, "vote": 0, "user": null, "bookmarked": false, "thumbnail": null, "dead": false, "source": "https://www.ft.com/rss/home", "source_obj__id": 110, "album": "", "date_published": "2024-03-06T11:21:11+00:00", "artist": null, "age": null, "title": "Nikki Haley to pull out of Republican presidential race  ...", "description": "Former South Carolina governor outlasted rivals but lost vast majority of primary contests to Trump ...", "link": "https://www.ft.com/content/21ed040f-d791-40ca-a66b-a45561118ed6", "language": "en ...", "comments": [], "page_rating_contents": 0, "permanent": false, "page_rating": 0}, {"tags": [], "page_rating_votes": 0, "page_rating_visits": 0, "vote": 0, "user": null, "bookmarked": false, "thumbnail": "https://www.ft.com/__origami/service/image/v2/images/raw/https%3A%2F%2Fd1e00ek4ebabms.cloudfront.net%2Fproduction%2Fdd7060de-7816-442d-8b49-b9767b116499.jpg?source=next-home-page&dpr=2&width=580&fit=scale-down", "dead": false, "source": "https://www.ft.com/rss/home", "source_obj__id": 110, "album": "", "date_published": "2024-03-06T11:00:49+00:00", "artist": null, "age": null, "title": "Two LA music moguls plot a change of key at city schools ...", "description": "Watching tech companies swallow the music industry has given Jimmy Iovine and Dr Dre a perspective they can teach ...", "link": "https://www.ft.com/content/2a2f83db-5e07-4d80-a2ee-8bd8a0d16f95", "language": "en ...", "comments": [], "page_rating_contents": 0, "permanent": false, "page_rating": 0}, {"tags": [], "page_rating_votes": 0, "page_rating_visits": 0, "vote": 0, "user": null, "bookmarked": false, "thumbnail": "https://www.ft.com/__origami/service/image/v2/images/raw/https%3A%2F%2Fd1e00ek4ebabms.cloudfront.net%2Fproduction%2Fbf2d4ccd-c11f-4bdb-b464-2b03d4787a29.jpg?source=next-home-page&dpr=2&width=580&fit=scale-down", "dead": false, "source": "https://www.ft.com/rss/home", "source_obj__id": 110, "album": "", "date_published": "2024-03-06T09:41:37+00:00", "artist": null, "age": null, "title": "Gold is flying but miners are left in the dirt  ...", "description": "Cheap targets abound, with some juniors reaching point where investment needs of projects look overwhelming ...", "link": "https://www.ft.com/content/c18e53b3-2a42-41a9-b8b1-09087ee8ddea", "language": "en ...", "comments": [], "page_rating_contents": 0, "permanent": false, "page_rating": 0}, {"tags": [], "page_rating_votes": 0, "page_rating_visits": 0, "vote": 0, "user": null, "bookmarked": false, "thumbnail": "https://www.ft.com/__origami/service/image/v2/images/raw/https%3A%2F%2Fd1e00ek4ebabms.cloudfront.net%2Fproduction%2Fbd775af6-59e3-421b-8f1a-18b7c3940e1e.jpg?source=next-home-page&dpr=2&width=580&fit=scale-down", "dead": false, "source": "https://www.ft.com/rss/home", "source_obj__id": 110, "album": "", "date_published": "2024-03-06T06:30:43+00:00", "artist": null, "age": null, "title": "NYCB won\u2019t be the last rates accident  ...", "description": "The regional bank\u2019s struggles are rich with irony ...", "link": "https://www.ft.com/content/00a0ed91-13bd-40b5-81e1-e852d6b2e4ce", "language": "en ...", "comments": [], "page_rating_contents": 0, "permanent": false, "page_rating": 0}, {"tags": [], "page_rating_votes": 0, "page_rating_visits": 0, "vote": 0, "user": null, "bookmarked": false, "thumbnail": "https://www.ft.com/__origami/service/image/v2/images/raw/https%3A%2F%2Fd1e00ek4ebabms.cloudfront.net%2Fproduction%2F710d31db-a618-46cf-b181-f2d7185e2493.jpg?source=next-home-page&dpr=2&width=580&fit=scale-down", "dead": false, "source": "https://www.ft.com/rss/home", "source_obj__id": 110, "album": "", "date_published": "2024-03-06T05:00:44+00:00", "artist": null, "age": null, "title": "Champagne era for luxury industry prices starts to go flat ...", "description": "Even the well-heeled are beginning to resist the increasing cost of high-end products ...", "link": "https://www.ft.com/content/12dba1bf-1e2e-468a-aece-dffcc55d5c30", "language": "en ...", "comments": [], "page_rating_contents": 0, "permanent": false, "page_rating": 0}, {"tags": [], "page_rating_votes": 0, "page_rating_visits": 0, "vote": 0, "user": null, "bookmarked": false, "thumbnail": "https://www.ft.com/__origami/service/image/v2/images/raw/https%3A%2F%2Fd1e00ek4ebabms.cloudfront.net%2Fproduction%2Faa35e26a-18e9-4e01-ac21-df383d0c95b6.jpg?source=next-home-page&dpr=2&width=580&fit=scale-down", "dead": false, "source": "https://www.ft.com/rss/home", "source_obj__id": 110, "album": "", "date_published": "2024-03-06T05:00:44+00:00", "artist": null, "age": null, "title": "EV group Lucid admits it cannot rely on \u2018bottomless wealth\u2019 of Saudi owner ...", "description": "Start-up says more fundraising is \u201cinevitable\u201d as it looks to cut spending and raise output ...", "link": "https://www.ft.com/content/356479d2-f08b-4ab1-9233-3a2bc49596ff", "language": "en ...", "comments": [], "page_rating_contents": 0, "permanent": false, "page_rating": 0}, {"tags": [], "page_rating_votes": 0, "page_rating_visits": 0, "vote": 0, "user": null, "bookmarked": false, "thumbnail": "https://www.ft.com/__origami/service/image/v2/images/raw/https%3A%2F%2Fd1e00ek4ebabms.cloudfront.net%2Fproduction%2F9bb25005-4b1e-4354-b9bc-cbf7f358caa5.jpg?source=next-home-page&dpr=2&width=580&fit=scale-down", "dead": false, "source": "https://www.ft.com/rss/home", "source_obj__id": 110, "album": "", "date_published": "2024-03-06T05:00:44+00:00", "artist": null, "age": null, "title": "New York moves to rewrite law on sovereign debt default recovery ...", "description": "Draft legislation sets up confrontation with investors who say it will disrupt markets ...", "link": "https://www.ft.com/content/3c4f3323-d9bb-4399-94fb-0bd4abd67b2a", "language": "en ...", "comments": [], "page_rating_contents": 0, "permanent": false, "page_rating": 0}, {"tags": [], "page_rating_votes": 0, "page_rating_visits": 0, "vote": 0, "user": null, "bookmarked": false, "thumbnail": "https://www.ft.com/__origami/service/image/v2/images/raw/https%3A%2F%2Fd1e00ek4ebabms.cloudfront.net%2Fproduction%2F80554f6e-e7b9-4044-9ac9-fc8dafd8a251.jpg?source=next-home-page&dpr=2&width=580&fit=scale-down", "dead": false, "source": "https://www.ft.com/rss/home", "source_obj__id": 110, "album": "", "date_published": "2024-03-06T03:56:07+00:00", "artist": null, "age": null, "title": "The mystery of the \u2018secret non-Trump voter\u2019 ...", "description": "The former US president continued to underperform the pollsters\u2019 predictions on Super Tuesday ...", "link": "https://www.ft.com/content/168f3c5a-4f70-49af-a406-7b5972b2ae50", "language": "en ...", "comments": [], "page_rating_contents": 0, "permanent": false, "page_rating": 0}, {"tags": [], "page_rating_votes": 0, "page_rating_visits": 0, "vote": 0, "user": null, "bookmarked": false, "thumbnail": "https://www.ft.com/__origami/service/image/v2/images/raw/https%3A%2F%2Fd1e00ek4ebabms.cloudfront.net%2Fproduction%2F7b249db6-d34f-45b9-aab4-a5c72df52942.jpg?source=next-home-page&dpr=2&width=580&fit=scale-down", "dead": false, "source": "https://www.ft.com/rss/home", "source_obj__id": 110, "album": "", "date_published": "2024-03-06T03:41:10+00:00", "artist": null, "age": null, "title": "OpenAI releases Musk emails to show he backed for-profit plans ...", "description": "ChatGPT maker says Tesla boss wanted top job and board control as feud over AI start-up deepens ...", "link": "https://www.ft.com/content/9b6da77a-7e37-4e83-94cf-331fe8493894", "language": "en ...", "comments": [], "page_rating_contents": 0, "permanent": false, "page_rating": 0}, {"tags": [], "page_rating_votes": 0, "page_rating_visits": 0, "vote": 0, "user": null, "bookmarked": false, "thumbnail": "https://www.ft.com/__origami/service/image/v2/images/raw/https%3A%2F%2Fd1e00ek4ebabms.cloudfront.net%2Fproduction%2F875fbe0f-ef15-4195-9e7e-453ed938646e.jpg?source=next-home-page&dpr=2&width=580&fit=scale-down", "dead": false, "source": "https://www.ft.com/rss/home", "source_obj__id": 110, "album": "", "date_published": "2024-03-06T01:05:04+00:00", "artist": null, "age": null, "title": "Trump wins first two states as Super Tuesday polls start to close   ...", "description": "Republican primary results expected to propel former president into White House race with Joe Biden ...", "link": "https://www.ft.com/content/69492db2-4e41-41cd-8037-9d1fc2868658", "language": "en ...", "comments": [], "page_rating_contents": 0, "permanent": false, "page_rating": 0}, {"tags": [], "page_rating_votes": 0, "page_rating_visits": 0, "vote": 0, "user": null, "bookmarked": false, "thumbnail": "https://www.ft.com/__origami/service/image/v2/images/raw/https%3A%2F%2Fd1e00ek4ebabms.cloudfront.net%2Fproduction%2Fc019c57f-c38b-4673-a2ff-a599a7184591.jpg?source=next-home-page&dpr=2&width=580&fit=scale-down", "dead": false, "source": "https://www.ft.com/rss/home", "source_obj__id": 110, "album": "", "date_published": "2024-03-06T00:01:43+00:00", "artist": null, "age": null, "title": "The mysterious rise of the Chinese ecommerce giant behind Temu ...", "description": "Its finances are a black box and its operations shrouded in secrecy, but PDD\u2019s extraordinary growth has made it a darling of Wall Street ...", "link": "https://www.ft.com/content/7062735d-43c5-4570-ac11-bc929ea0f297", "language": "en ...", "comments": [], "page_rating_contents": 0, "permanent": false, "page_rating": 0}]