[{"tags": [], "page_rating_votes": 0, "page_rating_visits": 0, "vote": 0, "user": null, "bookmarked": false, "thumbnail": null, "dead": false, "source": "https://www.dailywire.com/feeds/rss.xml", "source_obj__id": 88, "album": "", "date_published": "2024-03-06T18:27:24+00:00", "artist": null, "age": null, "title": "On Immigration, The Democrats Aim Their Car At The Cliff\u00ac\u2020", "description": "According to a Pew Research Center survey taken just last month, 57% of Americans say that the top priority this year is dealing with illegal immigration. And when it comes to immigration, Joe Biden is 20 points underwater. This is leading Democrats down a real rabbit hole. They have two choices: Be the moderates on ...", "link": "https://www.dailywire.com/news/on-immigration-the-democrats-aim-their-car-at-the-cliff", "language": "en-us", "comments": [], "page_rating_contents": 0, "permanent": false, "page_rating": 0}, {"tags": [], "page_rating_votes": 0, "page_rating_visits": 0, "vote": 0, "user": null, "bookmarked": false, "thumbnail": null, "dead": false, "source": "https://www.dailywire.com/feeds/rss.xml", "source_obj__id": 88, "album": "", "date_published": "2024-03-06T18:11:45+00:00", "artist": null, "age": null, "title": "McConnell: Biden Trying To Appoint Judge Tied To \u201a\u00c4\u00f2Extremist Group That Unabashedly Celebrates Terrorism\u201a\u00c4\u00f4", "description": "Senate Minority Leader Mitch McConnell (R-KY) warned this week about a far-left judge that President Joe Biden is trying to give a lifetime appointment to as a federal judge, saying that law enforcement officials across the country object to the extremist being appointed to U.S. Circuit Judge for the Third Circuit. The president first nominated ...", "link": "https://www.dailywire.com/news/mcconnell-biden-trying-to-appoint-judge-tied-to-extremist-group-that-unabashedly-celebrates-terrorism", "language": "en-us", "comments": [], "page_rating_contents": 0, "permanent": false, "page_rating": 0}, {"tags": [], "page_rating_votes": 0, "page_rating_visits": 0, "vote": 0, "user": null, "bookmarked": false, "thumbnail": null, "dead": false, "source": "https://www.dailywire.com/feeds/rss.xml", "source_obj__id": 88, "album": "", "date_published": "2024-03-06T18:10:59+00:00", "artist": null, "age": null, "title": "House Passes $460 Billion Package Of Spending Bills Ahead Of Partial Shutdown Deadline", "description": "The GOP-led House passed a six-bill package, reportedly worth about $460 billion, on Wednesday that seeks to fund part of the federal government through the remainder of the 2024 fiscal year after lawmakers resorted to passing multiple stop-gap measures in recent months to avert a government shutdown. By a 339-85 vote, a &#8220;minibus&#8221; of six ...", "link": "https://www.dailywire.com/news/house-passes-460-billion-package-of-spending-bills-ahead-of-partial-shutdown-deadline", "language": "en-us", "comments": [], "page_rating_contents": 0, "permanent": false, "page_rating": 0}, {"tags": [], "page_rating_votes": 0, "page_rating_visits": 0, "vote": 0, "user": null, "bookmarked": false, "thumbnail": null, "dead": false, "source": "https://www.dailywire.com/feeds/rss.xml", "source_obj__id": 88, "album": "", "date_published": "2024-03-06T18:09:59+00:00", "artist": null, "age": null, "title": "Houthis Kill First Innocents In Terror Attacks On Merchant Ships", "description": "Iranian-backed Houthi terrorists killed civilians for the first time this week in their current campaign of terror attacks against merchant ships in the Red Sea and Gulf of Aden, U.S. officials said. The Islamic terrorists have launched more than 50 terror attacks against cargo ships and chemical tankers since November of last year. The M/V ...", "link": "https://www.dailywire.com/news/houthis-kill-first-innocents-in-terror-attacks-on-merchant-ships", "language": "en-us", "comments": [], "page_rating_contents": 0, "permanent": false, "page_rating": 0}, {"tags": [], "page_rating_votes": 0, "page_rating_visits": 0, "vote": 0, "user": null, "bookmarked": false, "thumbnail": null, "dead": false, "source": "https://www.dailywire.com/feeds/rss.xml", "source_obj__id": 88, "album": "", "date_published": "2024-03-06T18:05:21+00:00", "artist": null, "age": null, "title": "Jewish Student Traumatized By Anti-Semitism At MIT To Be Speaker Johnson\u201a\u00c4\u00f4s State Of The Union Guest", "description": "A graduate student at the Massachusetts Institute of Technology who recently testified about how anti-Semitism is engulfing her campus will attend the State of The Union address on Thursday as a special guest of Speaker Johnson. Talia Khan said the high-profile invite sends the message to universities failing to take action against anti-Semitism that Jewish ...", "link": "https://www.dailywire.com/news/jewish-student-traumatized-by-anti-semitism-at-mit-to-be-speaker-johnsons-state-of-the-union-guest", "language": "en-us", "comments": [], "page_rating_contents": 0, "permanent": false, "page_rating": 0}, {"tags": [], "page_rating_votes": 0, "page_rating_visits": 0, "vote": 0, "user": null, "bookmarked": false, "thumbnail": null, "dead": false, "source": "https://www.dailywire.com/feeds/rss.xml", "source_obj__id": 88, "album": "", "date_published": "2024-03-06T17:48:28+00:00", "artist": null, "age": null, "title": "Boeing Refusing To Hand Over Records On Alaska Airlines Plane That Lost Chunk Of Its Wall Mid-Air, Gov Official Says", "description": "Boeing, the largest aircraft manufacturer in the U.S., is refusing to provide information on the Alaska Airlines plane that lost a large chunk of its wall in January while in flight, the chair of the National Transportation Safety Board (NTSB) told senators on Wednesday. NTSB Chair Jennifer Homendy testified before the Senate Committee on Commerce, ...", "link": "https://www.dailywire.com/news/boeing-refusing-to-hand-over-records-on-alaska-airlines-plane-that-lost-chunk-of-its-wall-mid-air-gov-official-says", "language": "en-us", "comments": [], "page_rating_contents": 0, "permanent": false, "page_rating": 0}, {"tags": [], "page_rating_votes": 0, "page_rating_visits": 0, "vote": 0, "user": null, "bookmarked": false, "thumbnail": null, "dead": false, "source": "https://www.dailywire.com/feeds/rss.xml", "source_obj__id": 88, "album": "", "date_published": "2024-03-06T17:36:14+00:00", "artist": null, "age": null, "title": "Senate GOP Leader McConnell Endorses Trump For President", "description": "Senate Minority Leader Mitch McConnell endorsed former President Donald Trump for president on Wednesday after former U.N. Ambassador Nikki Haley dropped out of the race following a drubbing in the Super Tuesday primary states. The endorsement from McConnell \u201a\u00c4\u00ee who is stepping down from his leadership role in November \u201a\u00c4\u00ee\u00ac\u2020comes as the Republican National Committee ...", "link": "https://www.dailywire.com/news/senate-gop-leader-mcconnell-endorses-trump-for-president", "language": "en-us", "comments": [], "page_rating_contents": 0, "permanent": false, "page_rating": 0}, {"tags": [], "page_rating_votes": 0, "page_rating_visits": 0, "vote": 0, "user": null, "bookmarked": false, "thumbnail": null, "dead": false, "source": "https://www.dailywire.com/feeds/rss.xml", "source_obj__id": 88, "album": "", "date_published": "2024-03-06T17:19:47+00:00", "artist": null, "age": null, "title": "\u201a\u00c4\u00f2The Experiment Is Never Ending\u201a\u00c4\u00f4: Chloe Cole Laments Dangers Of Trans Surgery While Testifying In Support Of \u201a\u00c4\u00f2Detrans Bill Of Rights\u201a\u00c4\u00f4", "description": "Chloe Cole, a 19-year-old woman who was put through sex change procedures as a young teenager, detailed the horrifying side-effects of transgender procedures on Tuesday while testifying in support of a Tennessee bill called the \u201a\u00c4\u00faDetrans Bill of Rights.\u201a\u00c4\u00f9 Cole was in Nashville on Tuesday to testify in support of the bill, which would make ...", "link": "https://www.dailywire.com/news/the-experiment-is-never-ending-chloe-cole-laments-dangers-of-trans-surgery-while-testifying-in-support-of-detrans-bill-of-rights", "language": "en-us", "comments": [], "page_rating_contents": 0, "permanent": false, "page_rating": 0}, {"tags": [], "page_rating_votes": 0, "page_rating_visits": 0, "vote": 0, "user": null, "bookmarked": false, "thumbnail": null, "dead": false, "source": "https://www.dailywire.com/feeds/rss.xml", "source_obj__id": 88, "album": "", "date_published": "2024-03-06T17:07:28+00:00", "artist": null, "age": null, "title": "Joe Scarborough Praises \u201a\u00c4\u00f2Best Biden Ever,\u201a\u00c4\u00f4 Says To Critics: \u201a\u00c4\u00f2F You If You Can\u201a\u00c4\u00f4t Handle The Truth\u201a\u00c4\u00f4", "description": "MSNBC host Joe Scarborough claimed on Tuesday that &#8220;this version&#8221; of President Joe Biden \u201a\u00c4\u00ee despite numerous gaffes and apparent difficulties when it comes to answering questions from the press \u201a\u00c4\u00ee was actually &#8220;the best Biden ever.&#8221; Scarborough made the comments on Tuesday morning, just hours before Biden&#8217;s planned State of the Union address, and ...", "link": "https://www.dailywire.com/news/joe-scarborough-praises-best-biden-ever-says-to-critics-f-you-if-you-cant-handle-the-truth", "language": "en-us", "comments": [], "page_rating_contents": 0, "permanent": false, "page_rating": 0}, {"tags": [], "page_rating_votes": 0, "page_rating_visits": 0, "vote": 0, "user": null, "bookmarked": false, "thumbnail": null, "dead": false, "source": "https://www.dailywire.com/feeds/rss.xml", "source_obj__id": 88, "album": "", "date_published": "2024-03-06T16:42:21+00:00", "artist": null, "age": null, "title": "Biden Shares State Of The Union Prep Photo, Mockery Ensues", "description": "President Joe Biden shared a photo of himself on Monday doing some prep work for Thursday evening&#8217;s planned State of the Union Address, prompting a long string of mocking replies and memes. &#8220;State of the Union prep. Get ready, folks,&#8221; Biden captioned the photo posted to X. The photo, taken from over his shoulder, showed ...", "link": "https://www.dailywire.com/news/biden-shares-state-of-the-union-prep-photo-mockery-ensues", "language": "en-us", "comments": [], "page_rating_contents": 0, "permanent": false, "page_rating": 0}, {"tags": [], "page_rating_votes": 0, "page_rating_visits": 0, "vote": 0, "user": null, "bookmarked": false, "thumbnail": null, "dead": false, "source": "https://www.dailywire.com/feeds/rss.xml", "source_obj__id": 88, "album": "", "date_published": "2024-03-06T16:17:49+00:00", "artist": null, "age": null, "title": "EXCLUSIVE: Matt Gaetz Calls On DOJ Inspector General To Investigate Jack Smith", "description": "Rep. Matt Gaetz (R-FL) is asking the independent watchdog of the Department of Justice (DOJ) to investigate special counsel Jack Smith over whether the prosecutor is allowing the 2024 election to impact the timeline of his case against former President Donald Trump. In a Wednesday letter obtained exclusively by The Daily Wire, Gaetz raises concerns ...", "link": "https://www.dailywire.com/news/exclusive-matt-gaetz-calls-on-doj-inspector-general-to-investigate-jack-smith", "language": "en-us", "comments": [], "page_rating_contents": 0, "permanent": false, "page_rating": 0}, {"tags": [], "page_rating_votes": 0, "page_rating_visits": 0, "vote": 0, "user": null, "bookmarked": false, "thumbnail": null, "dead": false, "source": "https://www.dailywire.com/feeds/rss.xml", "source_obj__id": 88, "album": "", "date_published": "2024-03-06T16:08:25+00:00", "artist": null, "age": null, "title": "Pro-Life Group Aims To Bust \u201a\u00c4\u00f2Abortion Myths\u201a\u00c4\u00f4 Ahead Of Biden\u201a\u00c4\u00f4s SOTU Featuring Woman Who Left Texas For Abortion", "description": "A prominent national pro-life group says it is clearing up the Biden administration&#8217;s &#8220;pro-abortion myths&#8221; ahead of the president&#8217;s State of the Union address this week. Susan B. Anthony Pro-Life America said Wednesday that the Biden administration uses &#8220;fearmongering tactics&#8221; to push an agenda of &#8220;painful, late-term abortions nationwide.&#8221; The group is also releasing a ...", "link": "https://www.dailywire.com/news/pro-life-group-aims-to-bust-abortion-myths-ahead-of-bidens-sotu-featuring-woman-who-left-texas-for-abortion", "language": "en-us", "comments": [], "page_rating_contents": 0, "permanent": false, "page_rating": 0}, {"tags": [], "page_rating_votes": 0, "page_rating_visits": 0, "vote": 0, "user": null, "bookmarked": false, "thumbnail": null, "dead": false, "source": "https://www.dailywire.com/feeds/rss.xml", "source_obj__id": 88, "album": "", "date_published": "2024-03-06T15:59:46+00:00", "artist": null, "age": null, "title": "Bill To Protect Customers From De-Banking For Religious, Political Reasons Advances In Tennessee", "description": "A proposed Tennessee bill that would prevent banks from discriminating against people based on their political or religious views advanced in the state House on Tuesday amid national concerns that financial institutions are targeting conservatives.\u00ac\u2020 The Republican-backed bill advanced in the House\u201a\u00c4\u00f4s Subcommittee on Banking and Consumer Affairs by a 5-1 vote along partisan lines.\u00ac\u2020 ...", "link": "https://www.dailywire.com/news/bill-to-protect-customers-from-de-banking-for-religious-political-reasons-advances-in-tennessee", "language": "en-us", "comments": [], "page_rating_contents": 0, "permanent": false, "page_rating": 0}, {"tags": [], "page_rating_votes": 0, "page_rating_visits": 0, "vote": 0, "user": null, "bookmarked": false, "thumbnail": null, "dead": false, "source": "https://www.dailywire.com/feeds/rss.xml", "source_obj__id": 88, "album": "", "date_published": "2024-03-06T15:22:59+00:00", "artist": null, "age": null, "title": "City Official To Keep Job After Harassing Jewish Family, Given \u201a\u00c4\u00f2Cultural Sensitivity Training\u201a\u00c4\u00f4", "description": "A New Haven, Connecticut city official was disciplined with \u201a\u00c4\u00facultural sensitivity training\u201a\u00c4\u00f9 after chanting ethnic cleansing slogans with a megaphone, and encouraging others to do the same, outside a local Jewish family\u201a\u00c4\u00f4s home. Thabisa Rich, New Haven\u201a\u00c4\u00f4s Community Outreach Coordinator for the Department of Arts, Cultural, and Tourism, caused a scene outside the home of ...", "link": "https://www.dailywire.com/news/city-official-to-keep-job-after-harassing-jewish-family-given-cultural-sensitivity-training", "language": "en-us", "comments": [], "page_rating_contents": 0, "permanent": false, "page_rating": 0}, {"tags": [], "page_rating_votes": 0, "page_rating_visits": 0, "vote": 0, "user": null, "bookmarked": false, "thumbnail": null, "dead": false, "source": "https://www.dailywire.com/feeds/rss.xml", "source_obj__id": 88, "album": "", "date_published": "2024-03-06T14:46:00+00:00", "artist": null, "age": null, "title": "Lindsay Lohan Finally Shares Whether A \u201a\u00c4\u00f2Freaky Friday\u201a\u00c4\u00f4 Sequel Is Happening", "description": "Lindsay Lohan finally revealed what fans had been waiting to hear: a &#8220;Freaky Friday&#8221; sequel is coming. During the 37-year-old actress&#8217;s appearance on Andy Cohen&#8217;s Sirius XM show, Lohan said she and Jamie Lee Curtis would be reprising their roles as mother and daughter in the popular 2003 coming-of-age movie. &#8220;It is [happening],&#8221; Lohan told ...", "link": "https://www.dailywire.com/news/lindsay-lohan-finally-shares-whether-a-freaky-friday-sequel-is-happening", "language": "en-us", "comments": [], "page_rating_contents": 0, "permanent": false, "page_rating": 0}, {"tags": [], "page_rating_votes": 0, "page_rating_visits": 0, "vote": 0, "user": null, "bookmarked": false, "thumbnail": null, "dead": false, "source": "https://www.dailywire.com/feeds/rss.xml", "source_obj__id": 88, "album": "", "date_published": "2024-03-06T14:35:59+00:00", "artist": null, "age": null, "title": "Andrew Klavan On Finding \u201a\u00c4\u00f2The Joy Of My Joy\u201a\u00c4\u00f4 After A \u201a\u00c4\u00f2Horrible Darkness\u201a\u00c4\u00f4", "description": "The following is a transcript excerpt from Dr. Jordan Peterson\u201a\u00c4\u00f4s conversation with Andrew Klavan on how coming to know God over time develops an experiential relationship and why the journey toward the self you were made to be is a joyful journey. You can listen to or watch the full podcast episode on DailyWire+. Start ...", "link": "https://www.dailywire.com/news/andrew-klavan-on-finding-the-joy-of-my-joy-after-a-horrible-darkness", "language": "en-us", "comments": [], "page_rating_contents": 0, "permanent": false, "page_rating": 0}, {"tags": [], "page_rating_votes": 0, "page_rating_visits": 0, "vote": 0, "user": null, "bookmarked": false, "thumbnail": null, "dead": false, "source": "https://www.dailywire.com/feeds/rss.xml", "source_obj__id": 88, "album": "", "date_published": "2024-03-06T14:25:24+00:00", "artist": null, "age": null, "title": "Dem Who Warned Of \u201a\u00c4\u00f2Emergency\u201a\u00c4\u00f4 If Biden Is Party\u201a\u00c4\u00f4s Nominee Suspends Presidential Campaign, Endorses Biden", "description": "Rep. Dean Phillips, the Democrat from Minnesota who challenged President Joe Biden in the party&#8217;s 2024 primary, ended his longshot attempt to win the nomination and endorsed Biden on Wednesday. Phillips, 55, jumped into the race last October, arguing that 81-year-old Biden is a vulnerable incumbent candidate because of his age and saying it&#8217;s time ...", "link": "https://www.dailywire.com/news/dem-who-warned-of-emergency-if-biden-is-partys-nominee-suspends-presidential-campaign-endorses-biden", "language": "en-us", "comments": [], "page_rating_contents": 0, "permanent": false, "page_rating": 0}, {"tags": [], "page_rating_votes": 0, "page_rating_visits": 0, "vote": 0, "user": null, "bookmarked": false, "thumbnail": null, "dead": false, "source": "https://www.dailywire.com/feeds/rss.xml", "source_obj__id": 88, "album": "", "date_published": "2024-03-06T14:19:50+00:00", "artist": null, "age": null, "title": "NYC To Bring Back Bag Searches, Surge 1,000 Officers Into Subway System", "description": "New York City is reimplementing some tough-on-crime policies while surging police officers into the city\u201a\u00c4\u00f4s subway system amid a spike in crime. Democratic Mayor Eric Adams announced the revamped approach to crime during a press briefing on Tuesday. Adams\u201a\u00c4\u00f4 efforts are supported by New York Democratic Governor Kathy Hochul, who committed state resources to the ...", "link": "https://www.dailywire.com/news/nyc-to-bring-back-bag-searches-surge-1000-officers-into-subway-system", "language": "en-us", "comments": [], "page_rating_contents": 0, "permanent": false, "page_rating": 0}, {"tags": [], "page_rating_votes": 0, "page_rating_visits": 0, "vote": 0, "user": null, "bookmarked": false, "thumbnail": null, "dead": false, "source": "https://www.dailywire.com/feeds/rss.xml", "source_obj__id": 88, "album": "", "date_published": "2024-03-06T14:12:31+00:00", "artist": null, "age": null, "title": "Kirsten Dunst Reveals Why She\u201a\u00c4\u00f4s Open To Appearing In Another Superhero Movie", "description": "Kirsten Dunst said she\u201a\u00c4\u00f4s open to appearing in another superhero movie for a very practical reason. The \u201a\u00c4\u00faSpider-Man\u201a\u00c4\u00f9 actress made the revelation during a new interview with Marie Claire and discussed some of her thoughts about how the industry has changed.\u00ac\u2020 &#8220;It was a joke, but on Spider-Man, they would call me &#8216;girly-girl&#8217; sometimes on ...", "link": "https://www.dailywire.com/news/kirsten-dunst-reveals-why-shes-open-to-appearing-in-another-superhero-movie", "language": "en-us", "comments": [], "page_rating_contents": 0, "permanent": false, "page_rating": 0}, {"tags": [], "page_rating_votes": 0, "page_rating_visits": 0, "vote": 0, "user": null, "bookmarked": false, "thumbnail": null, "dead": false, "source": "https://www.dailywire.com/feeds/rss.xml", "source_obj__id": 88, "album": "", "date_published": "2024-03-06T14:08:42+00:00", "artist": null, "age": null, "title": "PA Senators Fetterman And Casey Withdraw Request For $1M To Fund LGBT Center", "description": "Pennsylvania&#8216;s senators, both Democrats, have withdrawn a request for $1 million in taxpayer money to support a renovation and expansion project for an LGBT center in Philadelphia after federal funds for the organization were blocked in the House last year. Sens. John Fetterman (D-PA) and Bob Casey (D-PA) wrote to the Senate Appropriations Committee on ...", "link": "https://www.dailywire.com/news/pa-senators-fetterman-and-casey-withdraw-request-for-1m-to-fund-lgbt-center", "language": "en-us", "comments": [], "page_rating_contents": 0, "permanent": false, "page_rating": 0}, {"tags": [], "page_rating_votes": 0, "page_rating_visits": 0, "vote": 0, "user": null, "bookmarked": false, "thumbnail": null, "dead": false, "source": "https://www.dailywire.com/feeds/rss.xml", "source_obj__id": 88, "album": "", "date_published": "2024-03-06T13:51:21+00:00", "artist": null, "age": null, "title": "Bills QB Josh Allen Has Hilarious Excuse For Not Holding Car Door Open For Actress Girlfriend", "description": "Buffalo Bills quarterback Josh Allen had a hilarious excuse for not holding the car door open for his actress girlfriend Hailee Steinfeld after a video surfaced from their recent trip to France. Allen hit back at the online criticism of failing to be a gentleman while the two were out to dinner in Paris, the ...", "link": "https://www.dailywire.com/news/bills-qb-josh-allen-has-hilarious-excuse-for-not-holding-car-door-open-for-actress-girlfriend", "language": "en-us", "comments": [], "page_rating_contents": 0, "permanent": false, "page_rating": 0}, {"tags": [], "page_rating_votes": 0, "page_rating_visits": 0, "vote": 0, "user": null, "bookmarked": false, "thumbnail": null, "dead": false, "source": "https://www.dailywire.com/feeds/rss.xml", "source_obj__id": 88, "album": "", "date_published": "2024-03-06T13:33:05+00:00", "artist": null, "age": null, "title": "Nearly 20% Of Minnesota Democratic Primary Voters Pick \u201a\u00c4\u00f2Uncommitted\u201a\u00c4\u00f4 Over Biden", "description": "A week after over 100,000 Democratic voters declined to cast a ballot for President Joe Biden in the Michigan primary, more than 45,000 Minnesota Democrats \u201a\u00c4\u00ee nearly 20% of those who participated in the party&#8217;s Minnesota primary election on Super Tuesday \u201a\u00c4\u00ee voted \u201a\u00c4\u00fauncommitted.\u201a\u00c4\u00f9 With an estimated 80% of the vote counted as of Wednesday ...", "link": "https://www.dailywire.com/news/nearly-20-of-minnesota-democratic-primary-voters-pick-uncommitted-over-biden", "language": "en-us", "comments": [], "page_rating_contents": 0, "permanent": false, "page_rating": 0}, {"tags": [], "page_rating_votes": 0, "page_rating_visits": 0, "vote": 0, "user": null, "bookmarked": false, "thumbnail": null, "dead": false, "source": "https://www.dailywire.com/feeds/rss.xml", "source_obj__id": 88, "album": "", "date_published": "2024-03-06T13:10:03+00:00", "artist": null, "age": null, "title": "How Woke Ideologies Are Corrupting America\u201a\u00c4\u00f4s Future", "description": "If you\u201a\u00c4\u00f4ve been paying attention over the last couple of years, you\u201a\u00c4\u00f4ve seen how woke ideologies are ripping through all aspects of society from the K-12 education system to colleges, the military, and our local, state, and federal governments. If you haven\u201a\u00c4\u00f4t been paying attention, Harvard-educated House GOP Chair, Elise Stefanik (R-N.Y.) thrust this into ...", "link": "https://www.dailywire.com/news/how-woke-ideologies-are-corrupting-americas-future", "language": "en-us", "comments": [], "page_rating_contents": 0, "permanent": false, "page_rating": 0}, {"tags": [], "page_rating_votes": 0, "page_rating_visits": 0, "vote": 0, "user": null, "bookmarked": false, "thumbnail": null, "dead": false, "source": "https://www.dailywire.com/feeds/rss.xml", "source_obj__id": 88, "album": "", "date_published": "2024-03-06T12:48:38+00:00", "artist": null, "age": null, "title": "\u201a\u00c4\u00f2She Never Felt Violated\u201a\u00c4\u00f4: Granddaughter Of Nurse Kissed In Iconic WWII Photo Responds To VA\u201a\u00c4\u00f4s Woke Memo", "description": "The granddaughter of the nurse featured in an iconic photo of her being kissed by a random sailor after the announcement of the end of World War II said her grandmother was \u201a\u00c4\u00faproud of the image\u201a\u00c4\u00f9 and \u201a\u00c4\u00fanever felt violated.\u201a\u00c4\u00f9 On V-J Day in 1945, dental nurse Greta Zimmer, who was Jewish and had fled ...", "link": "https://www.dailywire.com/news/she-never-felt-violated-granddaughter-of-nurse-kissed-in-iconic-wwii-photo-responds-to-vas-woke-memo", "language": "en-us", "comments": [], "page_rating_contents": 0, "permanent": false, "page_rating": 0}, {"tags": [], "page_rating_votes": 0, "page_rating_visits": 0, "vote": 0, "user": null, "bookmarked": false, "thumbnail": null, "dead": false, "source": "https://www.dailywire.com/feeds/rss.xml", "source_obj__id": 88, "album": "", "date_published": "2024-03-06T12:48:18+00:00", "artist": null, "age": null, "title": "Texas Politician Tied To Colony Ridge Ousted By Voters In Primary", "description": "One of the Texas politicians most closely tied to Colony Ridge, a controversial development that\u201a\u00c4\u00f4s become a magnet for illegal immigrants, lost his reelection bid on Tuesday night to a Republican primary election challenger. State Representative Ernest Bailes, a Republican who represents a district northeast of Houston that encompasses Colony Ridge, was ousted in a ...", "link": "https://www.dailywire.com/news/texas-politician-tied-to-colony-ridge-ousted-by-voters-in-primary", "language": "en-us", "comments": [], "page_rating_contents": 0, "permanent": false, "page_rating": 0}, {"tags": [], "page_rating_votes": 0, "page_rating_visits": 0, "vote": 0, "user": null, "bookmarked": false, "thumbnail": null, "dead": false, "source": "https://www.dailywire.com/feeds/rss.xml", "source_obj__id": 88, "album": "", "date_published": "2024-03-06T12:26:38+00:00", "artist": null, "age": null, "title": "James Caan\u201a\u00c4\u00f4s Son Says His Father Told Him To \u201a\u00c4\u00f2Stay Away\u201a\u00c4\u00f4 From Hollywood", "description": "James Caan&#8217;s son, Scott Caan, said his father warned him about the &#8220;goofy&#8221; ways of Hollywood and told him to &#8220;stay away from it&#8221; when he was younger. Speaking to Fox News Digital, the 47-year-old actor said that before he even dreamed about having an acting career, the late Hollywood legend tried to steer him ...", "link": "https://www.dailywire.com/news/james-caans-son-says-his-father-told-him-to-stay-away-from-hollywood", "language": "en-us", "comments": [], "page_rating_contents": 0, "permanent": false, "page_rating": 0}, {"tags": [], "page_rating_votes": 0, "page_rating_visits": 0, "vote": 0, "user": null, "bookmarked": false, "thumbnail": null, "dead": false, "source": "https://www.dailywire.com/feeds/rss.xml", "source_obj__id": 88, "album": "", "date_published": "2024-03-06T11:56:32+00:00", "artist": null, "age": null, "title": "Dakota Johnson Says She\u201a\u00c4\u00f4s \u201a\u00c4\u00f2Not Surprised\u201a\u00c4\u00f4 That \u201a\u00c4\u00f2Madame Web\u201a\u00c4\u00f4 Flopped: \u201a\u00c4\u00f2Probably Will Never Do Anything Like It Again\u201a\u00c4\u00f4", "description": "Actress Dakota Johnson said the bad reviews for her superhero film \u201a\u00c4\u00faMadame Web\u201a\u00c4\u00f9 are not too surprising. She also mentioned she\u201a\u00c4\u00f4s not planning to try the genre again. \u201a\u00c4\u00faUnfortunately, I\u201a\u00c4\u00f4m not surprised that this has gone down the way it has,&#8221; the 34-year-old actress told Bustle in an interview published Tuesday.\u00ac\u2020 At another point in ...", "link": "https://www.dailywire.com/news/dakota-johnson-says-shes-not-surprised-that-madame-web-flopped-probably-will-never-do-anything-like-it-again", "language": "en-us", "comments": [], "page_rating_contents": 0, "permanent": false, "page_rating": 0}, {"tags": [], "page_rating_votes": 0, "page_rating_visits": 0, "vote": 0, "user": null, "bookmarked": false, "thumbnail": null, "dead": false, "source": "https://www.dailywire.com/feeds/rss.xml", "source_obj__id": 88, "album": "", "date_published": "2024-03-06T11:47:34+00:00", "artist": null, "age": null, "title": "Elon Musk Says He Is Not Donating \u201a\u00c4\u00f2To Either Candidate For U.S. President\u201a\u00c4\u00f4 After Meeting With Trump", "description": "Billionaire entrepreneur Elon Musk, one of the wealthiest men in the world, said on Wednesday that he would not donate to either President Joe Biden or former President Donald Trump after meeting with Trump earlier this week. Musk, who owns Tesla, SpaceX, and social media platform X, has harshly criticized the Biden administration in recent ...", "link": "https://www.dailywire.com/news/elon-musk-says-he-is-not-donating-to-either-candidate-for-u-s-president-after-meeting-with-trump", "language": "en-us", "comments": [], "page_rating_contents": 0, "permanent": false, "page_rating": 0}, {"tags": [], "page_rating_votes": 0, "page_rating_visits": 0, "vote": 0, "user": null, "bookmarked": false, "thumbnail": null, "dead": false, "source": "https://www.dailywire.com/feeds/rss.xml", "source_obj__id": 88, "album": "", "date_published": "2024-03-06T11:32:35+00:00", "artist": null, "age": null, "title": "DailyWire+ Launches \u201a\u00c4\u00f2An Empire Of Terror,\u201a\u00c4\u00f4 Third Installment Of Hit Docuseries \u201a\u00c4\u00f2What We Saw\u201a\u00c4\u00f4 Hosted By Bill Whittle", "description": "As Vladimir Putin and the war in Ukraine continue to dominate political discourse and presidential agendas this election year, DailyWire+ announced on Wednesday the launch of \u201a\u00c4\u00faWhat We Saw: An Empire of Terror,\u201a\u00c4\u00f9 the latest iteration of its popular anthology docuseries hosted by renowned storyteller Bill Whittle. Now in its third season, the show\u201a\u00c4\u00f4s newest ...", "link": "https://www.dailywire.com/news/dailywire-launches-an-empire-of-terror-third-installment-of-hit-docuseries-what-we-saw-hosted-by-bill-whittle", "language": "en-us", "comments": [], "page_rating_contents": 0, "permanent": false, "page_rating": 0}, {"tags": [], "page_rating_votes": 0, "page_rating_visits": 0, "vote": 0, "user": null, "bookmarked": false, "thumbnail": null, "dead": false, "source": "https://www.dailywire.com/feeds/rss.xml", "source_obj__id": 88, "album": "", "date_published": "2024-03-06T11:31:18+00:00", "artist": null, "age": null, "title": "Iconic Booth From \u201a\u00c4\u00f2The Sopranos\u201a\u00c4\u00f4 Finale Sells For $82K On eBay", "description": "A restaurant booth made famous in the finale of \u201a\u00c4\u00faThe Sopranos\u201a\u00c4\u00f9 just sold on eBay for $82,600. The series finale of the iconic mob drama starring James Gandolfini as Tony Soprano aired in 2007. In the last scene, Tony sits down in the diner booth with his family and orders onion rings before dropping a ...", "link": "https://www.dailywire.com/news/iconic-booth-from-the-sopranos-finale-sells-for-82k-on-ebay", "language": "en-us", "comments": [], "page_rating_contents": 0, "permanent": false, "page_rating": 0}, {"tags": [], "page_rating_votes": 0, "page_rating_visits": 0, "vote": 0, "user": null, "bookmarked": false, "thumbnail": null, "dead": false, "source": "https://www.dailywire.com/feeds/rss.xml", "source_obj__id": 88, "album": "", "date_published": "2024-03-06T11:13:45+00:00", "artist": null, "age": null, "title": "Nikki Haley Drops Out, Does Not Endorse Trump", "description": "Former U.N. Ambassador Nikki Haley announced on Wednesday that she was suspending her campaign for president after getting defeated by former President Donald Trump in the Super Tuesday primary states. Haley \u201a\u00c4\u00ee whose only victories in the Republican Party presidential primary were in Vermont and Washington, D.C. \u201a\u00c4\u00ee did not endorse Trump during her remarks. ...", "link": "https://www.dailywire.com/news/nikki-haley-drops-out-does-not-endorse-trump", "language": "en-us", "comments": [], "page_rating_contents": 0, "permanent": false, "page_rating": 0}, {"tags": [], "page_rating_votes": 0, "page_rating_visits": 0, "vote": 0, "user": null, "bookmarked": false, "thumbnail": null, "dead": false, "source": "https://www.dailywire.com/feeds/rss.xml", "source_obj__id": 88, "album": "", "date_published": "2024-03-06T11:07:03+00:00", "artist": null, "age": null, "title": "RNC Congratulates Trump On Winning GOP Primary After Haley Bows Out", "description": "The Republican National Committee (RNC) named former President Donald Trump the presumptive GOP nominee for president on Wednesday. The RNC put out a statement calling Trump the winner of the primary shortly after former U.N. Ambassador Nikki Haley suspended her presidential campaign on Wednesday morning. Haley bowed out after a string of Super Tuesday losses ...", "link": "https://www.dailywire.com/news/rnc-congratulates-trump-on-winning-gop-primary-after-haley-bows-out", "language": "en-us", "comments": [], "page_rating_contents": 0, "permanent": false, "page_rating": 0}, {"tags": [], "page_rating_votes": 0, "page_rating_visits": 0, "vote": 0, "user": null, "bookmarked": false, "thumbnail": null, "dead": false, "source": "https://www.dailywire.com/feeds/rss.xml", "source_obj__id": 88, "album": "", "date_published": "2024-03-06T10:54:54+00:00", "artist": null, "age": null, "title": "Mike Johnson Invites Freed Israeli Hostage To Biden\u201a\u00c4\u00f4s State Of The Union Address", "description": "House Speaker Mike Johnson (R-LA) has invited Mia Schem, a young Israeli woman who was held hostage by Hamas, to President Joe Biden\u201a\u00c4\u00f4s State of the Union address on Thursday. During the October 7 Hamas massacre of more than 1,200 Israelis, Schem was shot in the arm as she was seized from the Supernova music ...", "link": "https://www.dailywire.com/news/mike-johnson-invites-freed-israeli-hostage-to-bidens-state-of-the-union-address", "language": "en-us", "comments": [], "page_rating_contents": 0, "permanent": false, "page_rating": 0}, {"tags": [], "page_rating_votes": 0, "page_rating_visits": 0, "vote": 0, "user": null, "bookmarked": false, "thumbnail": null, "dead": false, "source": "https://www.dailywire.com/feeds/rss.xml", "source_obj__id": 88, "album": "", "date_published": "2024-03-06T10:47:08+00:00", "artist": null, "age": null, "title": "Madonna \u201a\u00c4\u00f2Pretty Sure\u201a\u00c4\u00f4 God Spoke To Her During \u201a\u00c4\u00f2Near-Death Experience\u201a\u00c4\u00f4", "description": "Madonna said she thinks she heard the voice of God during a serious medical event she had last summer. The 65-year-old recording artist revealed the \u201a\u00c4\u00fafirst word\u201a\u00c4\u00f9 she said after experiencing a \u201a\u00c4\u00fanear-death experience\u201a\u00c4\u00f9 and waking up from a four-day medically induced coma. &#8220;This show every night is not really so hard on me physically. ...", "link": "https://www.dailywire.com/news/madonna-pretty-sure-god-spoke-to-her-during-near-death-experience", "language": "en-us", "comments": [], "page_rating_contents": 0, "permanent": false, "page_rating": 0}, {"tags": [], "page_rating_votes": 0, "page_rating_visits": 0, "vote": 0, "user": null, "bookmarked": false, "thumbnail": null, "dead": false, "source": "https://www.dailywire.com/feeds/rss.xml", "source_obj__id": 88, "album": "", "date_published": "2024-03-06T10:25:24+00:00", "artist": null, "age": null, "title": "Steve Garvey Wins Chance To Face Adam Schiff For California Senate Seat", "description": "Former Major League Baseball MVP and GOP senatorial candidate Steve Garvey won a chance on Tuesday to face off against Democratic Rep. Adam Schiff for the California Senate seat that was held by the late Dianne Feinstein. Garvey finished second behind Schiff but ahead of Democratic Reps. Katie Porter and Barbara Lee to give the ...", "link": "https://www.dailywire.com/news/steve-garvey-wins-chance-to-face-adam-schiff-for-california-senate-seat", "language": "en-us", "comments": [], "page_rating_contents": 0, "permanent": false, "page_rating": 0}, {"tags": [], "page_rating_votes": 0, "page_rating_visits": 0, "vote": 0, "user": null, "bookmarked": false, "thumbnail": null, "dead": false, "source": "https://www.dailywire.com/feeds/rss.xml", "source_obj__id": 88, "album": "", "date_published": "2024-03-06T10:13:17+00:00", "artist": null, "age": null, "title": "Leaked Files From Transgender Medical Org Show \u201a\u00c4\u00f2Medical Malpractice\u201a\u00c4\u00f4", "description": "Internal files from the World Professional Association for Transgender Health (WPATH), which purports to be a medical association that develops \u201a\u00c4\u00fastandards\u201a\u00c4\u00f9 for transgender treatment, show members engaging in fly-by-night, experimental treatments \u201a\u00c4\u00ee contradicting the public line that its recommendations are governed by evidence and science. The research group Environmental Progress analyzed hundreds of pages of ...", "link": "https://www.dailywire.com/news/leaked-files-from-transgender-medical-org-show-medical-malpractice", "language": "en-us", "comments": [], "page_rating_contents": 0, "permanent": false, "page_rating": 0}, {"tags": [], "page_rating_votes": 0, "page_rating_visits": 0, "vote": 0, "user": null, "bookmarked": false, "thumbnail": null, "dead": false, "source": "https://www.dailywire.com/feeds/rss.xml", "source_obj__id": 88, "album": "", "date_published": "2024-03-06T09:59:30+00:00", "artist": null, "age": null, "title": "Doritos Fires Trans-Identifying Influencer After Backlash To Sexual Comments About Children", "description": "Doritos has fired a trans-identifying male influencer who reportedly posted sexual comments about children in the past. Over the weekend, Samantha Hudson, a trans-identifying man and social media influencer, appeared in a 50-second Instagram promo called \u201a\u00c4\u00faCrunch Talks\u201a\u00c4\u00f9 for Doritos Spain, which is part of PepsiCo Spain. A Doritos Spain spokesperson told Rolling Stone that ...", "link": "https://www.dailywire.com/news/doritos-fires-trans-identifying-influencer-after-backlash-to-sexual-comments-about-children", "language": "en-us", "comments": [], "page_rating_contents": 0, "permanent": false, "page_rating": 0}, {"tags": [], "page_rating_votes": 0, "page_rating_visits": 0, "vote": 0, "user": null, "bookmarked": false, "thumbnail": null, "dead": false, "source": "https://www.dailywire.com/feeds/rss.xml", "source_obj__id": 88, "album": "", "date_published": "2024-03-06T07:55:06+00:00", "artist": null, "age": null, "title": "Nikki Haley To Drop Out Of Republican Presidential Race After Super Tuesday Losses", "description": "Former South Carolina Governor Nikki Haley will drop out of the Republican presidential nomination race on Wednesday after only picking up one state on Super Tuesday as former President Donald Trump dominated at the polls, according to multiple reports.\u00ac\u2020 Sources close to Haley told multiple outlets that she would drop out of the race after ...", "link": "https://www.dailywire.com/news/nikki-haley-to-drop-out-of-republican-presidential-race-after-super-tuesday-losses", "language": "en-us", "comments": [], "page_rating_contents": 0, "permanent": false, "page_rating": 0}]