[{"tags": [], "page_rating_votes": 0, "page_rating_visits": 0, "vote": 0, "user": null, "bookmarked": false, "thumbnail": "https://www.wargamer.com/wp-content/sites/wargamer/2024/03/warhammer-paints-competition-selection.jpg", "dead": false, "source": "https://www.wargamer.com/mainrss.xml", "source_obj__id": 384, "album": "", "date_published": "2024-03-06T17:39:50+00:00", "artist": null, "age": null, "title": "Win every Warhammer paint, brush, and tool in GW competition", "description": "<img alt=\"Win every Warhammer paint, brush, and tool in GW competition\" class=\"webfeedsFeaturedVisual\" height=\"1080\" src=\"https://www.wargamer.com/wp-content/sites/wargamer/2024/03/warhammer-paints-competition-selection.jpg\" title=\"Win every Warhammer paint, brush, and tool in GW competition\" width=\"1920\" />\n\t\t\t\t\t\t\t\t<p>Games Workshop has just launched a massive competition&nbsp;that gives fans the chance to win one of every Warhammer paint, brush, and hobby tool that Citadel currently makes. All you have to do to enter the prize draw is be subscribed to the Warhammer+ service by the end of March. Only those aged 18 or over &hellip; <a href=\"https://www.wargamer.com/warhammer-paint-gw-competition\">Continued</a></p>\n \t\t\t\t<div>\n\t\t\t\tContinue reading <a href=\"https://www.wargamer.com/warhammer-paint-gw-competition\">Win every Warhammer paint, brush, and tool in GW competition</a>\n\t\t\t\t</div>\n\t\t\t\tMORE FROM WARGAMER: <a href=\"https://www.wargamer.com/warhammer-40k/starter-set\">How to ", "link": "https://www.wargamer.com/warhammer-paint-gw-competition", "language": "en-US", "comments": [], "page_rating_contents": 0, "permanent": false, "page_rating": 0}, {"tags": [], "page_rating_votes": 0, "page_rating_visits": 0, "vote": 0, "user": null, "bookmarked": false, "thumbnail": "https://www.wargamer.com/wp-content/sites/wargamer/2024/03/mtg-sacrifice-yawgmoth-thran-physician-art.jpg", "dead": false, "source": "https://www.wargamer.com/mainrss.xml", "source_obj__id": 384, "album": "", "date_published": "2024-03-06T17:29:34+00:00", "artist": null, "age": null, "title": "MTG Sacrifice explained, and the best cards for Commander", "description": "<img alt=\"MTG Sacrifice explained, and the best cards for Commander\" class=\"webfeedsFeaturedVisual\" height=\"1081\" src=\"https://www.wargamer.com/wp-content/sites/wargamer/2024/03/mtg-sacrifice-yawgmoth-thran-physician-art.jpg\" title=\"MTG Sacrifice explained, and the best cards for Commander\" width=\"1920\" />\n\t\t\t\t\t\t\t\t<p>Looking to add a splash of <strong>MTG Sacrifice</strong> to your Commander deck? There are plenty of ways to get a card off the field and into your graveyard, and some methods are better than others. We\u2019ve gathered our favorite <strong>MTG Sacrifice outlets</strong> into a handy list that can help you start deck-building.</p>\n<p>Below you\u2019ll find the <a href=\"https://www.wargamer.com/magic-the-gathering/best-mtg-commanders\">best MTG Commanders</a>, creatures, and more for your Sacrifice-heavy <a href=\"https://www.wargamer.com/magic-the-gathering/mtg-commander-deck\">MTG Commander deck</a>. Our list shows the range of ways you can start Sac-ing in the world\u2019s bigg", "link": "https://www.wargamer.com/magic-the-gathering/mtg-sacrifice", "language": "en-US", "comments": [], "page_rating_contents": 0, "permanent": false, "page_rating": 0}, {"tags": [], "page_rating_votes": 0, "page_rating_visits": 0, "vote": 0, "user": null, "bookmarked": false, "thumbnail": "https://www.wargamer.com/wp-content/sites/wargamer/2024/03/warhammer-40k-best-starting-point.jpg", "dead": false, "source": "https://www.wargamer.com/mainrss.xml", "source_obj__id": 384, "album": "", "date_published": "2024-03-06T17:02:21+00:00", "artist": null, "age": null, "title": "Warhammer 40k\u2019s best starting point isn\u2019t the one you expect", "description": "<img alt=\"Warhammer 40k&#8217;s best starting point isn&#8217;t the one you expect\" class=\"webfeedsFeaturedVisual\" height=\"1080\" src=\"https://www.wargamer.com/wp-content/sites/wargamer/2024/03/warhammer-40k-best-starting-point.jpg\" title=\"Warhammer 40k&#8217;s best starting point isn&#8217;t the one you expect\" width=\"1920\" />\n\t\t\t\t\t\t\t\t<p>For seasoned veterans, the expansive scope of <strong>Warhammer 40k</strong> is what keeps the universe so magnetic. It never stops growing, like a living, breathing organism fuelled by the imagination of hundreds of fiercely talented model designers, authors, illustrators, narrative designers, and countless others.</p>\n \t\t\t\t<div>\n\t\t\t\tContinue reading <a href=\"https://www.wargamer.com/warhammer-40k/best-entry-point\">Warhammer 40k&#8217;s best starting point isn&#8217;t the one you expect</a>\n\t\t\t\t</div>\n\t\t\t\tMORE FROM WARGAMER: <a href=\"https://www.wargamer.com/warhammer-40k/starter-set\">How to play Warhammer 40k </a>, <a href=\"https://www.warg", "link": "https://www.wargamer.com/warhammer-40k/best-entry-point", "language": "en-US", "comments": [], "page_rating_contents": 0, "permanent": false, "page_rating": 0}, {"tags": [], "page_rating_votes": 0, "page_rating_visits": 0, "vote": 0, "user": null, "bookmarked": false, "thumbnail": "https://www.wargamer.com/wp-content/sites/wargamer/2024/03/call-of-cthulhu-creator-basic-roleplaying.jpg", "dead": false, "source": "https://www.wargamer.com/mainrss.xml", "source_obj__id": 384, "album": "", "date_published": "2024-03-06T15:18:41+00:00", "artist": null, "age": null, "title": "Call of Cthulhu creator\u2019s RPG design prize pays out $10k", "description": "<img alt=\"Call of Cthulhu creator&#8217;s RPG design prize pays out $10k\" class=\"webfeedsFeaturedVisual\" height=\"1080\" src=\"https://www.wargamer.com/wp-content/sites/wargamer/2024/03/call-of-cthulhu-creator-basic-roleplaying.jpg\" title=\"Call of Cthulhu creator&#8217;s RPG design prize pays out $10k\" width=\"1920\" />\n\t\t\t\t\t\t\t\t<p>Long-standing RPG publisher Chaosium, creator of the classic Call of Cthulhu horror RPG, is offering cash prizes for independent game designers to create new RPGs. $10,000 total will be available in the Basic Roleplaying: Universal Game Engine Design Challenge, &ldquo;to financially assist new and upcoming creators&rdquo; to publish games based on the Basic Roleplaying engine. &hellip; <a href=\"https://www.wargamer.com/call-of-cthulhu-rpg-creator-brp-design-challenge\">Continued</a></p>\n \t\t\t\t<div>\n\t\t\t\tContinue reading <a href=\"https://www.wargamer.com/call-of-cthulhu-rpg-creator-brp-design-challenge\">Call of Cthulhu creator&#8217;s RPG design prize pays o", "link": "https://www.wargamer.com/call-of-cthulhu-rpg-creator-brp-design-challenge", "language": "en-US", "comments": [], "page_rating_contents": 0, "permanent": false, "page_rating": 0}, {"tags": [], "page_rating_votes": 0, "page_rating_visits": 0, "vote": 0, "user": null, "bookmarked": false, "thumbnail": "https://www.wargamer.com/wp-content/sites/wargamer/2024/03/terry-pratchett-discworld-rpg-races-orangutan.jpg", "dead": false, "source": "https://www.wargamer.com/mainrss.xml", "source_obj__id": 384, "album": "", "date_published": "2024-03-06T14:10:00+00:00", "artist": null, "age": null, "title": "Discworld RPG boss explores game\u2019s playable Pratchett races", "description": "<img alt=\"Discworld RPG boss explores game&#8217;s playable Pratchett races\" class=\"webfeedsFeaturedVisual\" height=\"675\" src=\"https://www.wargamer.com/wp-content/sites/wargamer/2024/03/terry-pratchett-discworld-rpg-races-orangutan.jpg\" title=\"Discworld RPG boss explores game&#8217;s playable Pratchett races\" width=\"1200\" />\n\t\t\t\t\t\t\t\t<p>Modiphius' new\u00a0<strong>Discworld tabletop RPG</strong> will include a selection of <strong>playable races</strong> from Terry Pratchett's fantasy novels, starting with (but not limited to) those most commonly found in the central city of Ankh-Morpork, the publisher's founder Chris Birch confirms to Wargamer.</p>\n \t\t\t\t<div>\n\t\t\t\tContinue reading <a href=\"https://www.wargamer.com/terry-pratchett-discworld-rpg/races\">Discworld RPG boss explores game&#8217;s playable Pratchett races</a>\n\t\t\t\t</div>\n\t\t\t\tMORE FROM WARGAMER: <a href=\"https://www.wargamer.com/tabletop-rpgs\">Best tabletop RPGs</a>, <a href=\"https://www.wargamer.com/fantasy-wargames\">Best f", "link": "https://www.wargamer.com/terry-pratchett-discworld-rpg/races", "language": "en-US", "comments": [], "page_rating_contents": 0, "permanent": false, "page_rating": 0}, {"tags": [], "page_rating_votes": 0, "page_rating_visits": 0, "vote": 0, "user": null, "bookmarked": false, "thumbnail": "https://www.wargamer.com/wp-content/sites/wargamer/2024/03/dnd-miniatures-paladin-and-fiend.jpg", "dead": false, "source": "https://www.wargamer.com/mainrss.xml", "source_obj__id": 384, "album": "", "date_published": "2024-03-06T12:21:57+00:00", "artist": null, "age": null, "title": "WizKids announces even more DnD 50th anniversary minis", "description": "<img alt=\"WizKids announces even more DnD 50th anniversary minis\" class=\"webfeedsFeaturedVisual\" height=\"1080\" src=\"https://www.wargamer.com/wp-content/sites/wargamer/2024/03/dnd-miniatures-paladin-and-fiend.jpg\" title=\"WizKids announces even more DnD 50th anniversary minis\" width=\"1920\" />\n\t\t\t\t\t\t\t\t<p>DnD miniature maker WizKids has revealed two secret rare models that will be hidden in packs of the upcoming D&amp;D Icons of the Realms: 50th anniversary booster boxes. The righteous Paladin and hellish Fiend are inspired by classic DnD artwork from the AD&amp;D Player&rsquo;s Handbook. WizKids has already revealed most of the minis for the &hellip; <a href=\"https://www.wargamer.com/dnd/miniatures-50th-anniversary\">Continued</a></p>\n \t\t\t\t<div>\n\t\t\t\tContinue reading <a href=\"https://www.wargamer.com/dnd/miniatures-50th-anniversary\">WizKids announces even more DnD 50th anniversary minis</a>\n\t\t\t\t</div>\n\t\t\t\tMORE FROM WARGAMER: <a href=\"https://www.wargamer.com/dnd/classes\">DnD class", "link": "https://www.wargamer.com/dnd/miniatures-50th-anniversary", "language": "en-US", "comments": [], "page_rating_contents": 0, "permanent": false, "page_rating": 0}, {"tags": [], "page_rating_votes": 0, "page_rating_visits": 0, "vote": 0, "user": null, "bookmarked": false, "thumbnail": "https://www.wargamer.com/wp-content/sites/wargamer/2024/03/heroscape-age-of-annihilation-board-game.jpg", "dead": false, "source": "https://www.wargamer.com/mainrss.xml", "source_obj__id": 384, "album": "", "date_published": "2024-03-06T11:16:36+00:00", "artist": null, "age": null, "title": "Heroscape board game is back, despite canned crowdfunder", "description": "<img alt=\"Heroscape board game is back, despite canned crowdfunder\" class=\"webfeedsFeaturedVisual\" height=\"1080\" src=\"https://www.wargamer.com/wp-content/sites/wargamer/2024/03/heroscape-age-of-annihilation-board-game.jpg\" title=\"Heroscape board game is back, despite canned crowdfunder\" width=\"1920\" />\n\t\t\t\t\t\t\t\t<p>In long-awaited news for fans of the Heroscape board game, the classic strategy game will get a spread of new releases this year. Although publisher Avalon Hill declared its project to resurrect the game dead in November 2022, after a crowdfunding campaign failed to meet its target, new publisher Renegade Game Studios has five&nbsp;box sets &hellip; <a href=\"https://www.wargamer.com/heroscape-age-of-annihilation/board-game-wave-1\">Continued</a></p>\n \t\t\t\t<div>\n\t\t\t\tContinue reading <a href=\"https://www.wargamer.com/heroscape-age-of-annihilation/board-game-wave-1\">Heroscape board game is back, despite canned crowdfunder</a>\n\t\t\t\t</div>\n\t\t\t\tMORE FROM WARGAMER: <a href=\"ht", "link": "https://www.wargamer.com/heroscape-age-of-annihilation/board-game-wave-1", "language": "en-US", "comments": [], "page_rating_contents": 0, "permanent": false, "page_rating": 0}]