[{"tags": [], "page_rating_votes": 0, "page_rating_visits": 0, "vote": 0, "user": null, "bookmarked": false, "thumbnail": null, "dead": false, "source": "https://www.spiegel.de/schlagzeilen/index.rss", "source_obj__id": 84, "album": "", "date_published": "2024-03-06T22:24:00+00:00", "artist": null, "age": null, "title": "Russland: Bundesregierung r\u00e4t \u00bbdringend\u00ab von Reisen nach Russland ab", "description": "Nach dem Tod des Kremlgegners Alexej Nawalny versch\u00e4rft das Ausw\u00e4rtige Amt seine Reisehinweise f\u00fcr Russland. Das \u00bbzum Teil gewaltsamen Vorgehen der Sicherheitskr\u00e4fte\u00ab mache das Land auch f\u00fcr Deutsche unsicher.", "link": "https://www.spiegel.de/ausland/russland-bundesregierung-raet-dringend-von-reisen-nach-russland-ab-a-aeaa53fc-5145-45b1-9e84-b6c352e322e9#ref=rss", "language": "de", "comments": [], "page_rating_contents": 0, "permanent": false, "page_rating": 0}, {"tags": [], "page_rating_votes": 0, "page_rating_visits": 0, "vote": 0, "user": null, "bookmarked": false, "thumbnail": null, "dead": false, "source": "https://www.spiegel.de/schlagzeilen/index.rss", "source_obj__id": 84, "album": "", "date_published": "2024-03-06T21:52:00+00:00", "artist": null, "age": null, "title": "Champions League: Remis bei Real Madrid reicht RB Leipzig nicht zum Weiterkommen", "description": "Auch ein Real Madrid, das nur das N\u00f6tigste unternahm, war f\u00fcr Leipzig eine Nummer zu gro\u00df. Vin\u00edcius J\u00fanior schubste und traf, Toni Kroos gelang ein folgenreicher Ballgewinn.", "link": "https://www.spiegel.de/sport/fussball/champions-league-remis-bei-real-madrid-reicht-rb-leipzig-nicht-zum-weiterkommen-a-b86f2523-7ffd-4a87-ab6e-3c2c591f3589#ref=rss", "language": "de", "comments": [], "page_rating_contents": 0, "permanent": false, "page_rating": 0}, {"tags": [], "page_rating_votes": 0, "page_rating_visits": 0, "vote": 0, "user": null, "bookmarked": false, "thumbnail": null, "dead": false, "source": "https://www.spiegel.de/schlagzeilen/index.rss", "source_obj__id": 84, "album": "", "date_published": "2024-03-06T21:19:00+00:00", "artist": null, "age": null, "title": "USA: Donald Trump will TV-Debatte mit Joe Biden", "description": "Vor Fernsehdebatten mit seinen parteiinternen Konkurrenten hatte Donald Trump sich gedr\u00fcckt. Mit dem amtierenden US-Pr\u00e4sidenten Joe Biden m\u00f6chte der Republikaner im Wahlkampf nun aber diskutieren.", "link": "https://www.spiegel.de/ausland/usa-donald-trump-will-tv-debatte-mit-joe-biden-a-caed449c-dc2d-448a-8d37-d0475ebc2670#ref=rss", "language": "de", "comments": [], "page_rating_contents": 0, "permanent": false, "page_rating": 0}, {"tags": [], "page_rating_votes": 0, "page_rating_visits": 0, "vote": 0, "user": null, "bookmarked": false, "thumbnail": null, "dead": false, "source": "https://www.spiegel.de/schlagzeilen/index.rss", "source_obj__id": 84, "album": "", "date_published": "2024-03-06T20:44:00+00:00", "artist": null, "age": null, "title": "Ku\u00e7ova, Albanien: Von \u00bbStalinstadt\u00ab zum Nato-Luftwaffenst\u00fctzpunkt \u2013 Schutz vor Russland", "description": "Im Kalten Krieg h\u00e4tte Europa von Ku\u00e7ova bombardiert werden sollen. Heute betreibt die Nato in der albanischen Stadt einen f\u00fcr etwa 50 Millionen Euro sanierten Luftwaffenst\u00fctzpunkt. Der Grund: Wladimir Putin und seine Kriegslust.", "link": "https://www.spiegel.de/ausland/kucova-albanien-von-stalinstadt-zum-nato-luftwaffenstuetzpunkt-schutz-vor-russland-a-cc60c810-256b-416a-a640-971ce7e1e7c0#ref=rss", "language": "de", "comments": [], "page_rating_contents": 0, "permanent": false, "page_rating": 0}, {"tags": [], "page_rating_votes": 0, "page_rating_visits": 0, "vote": 0, "user": null, "bookmarked": false, "thumbnail": null, "dead": false, "source": "https://www.spiegel.de/schlagzeilen/index.rss", "source_obj__id": 84, "album": "", "date_published": "2024-03-06T20:20:00+00:00", "artist": null, "age": null, "title": "Tesla-Werk in Gr\u00fcnheide wohl bis Ende kommender Woche ohne Strom", "description": "Ein Brand an einem Hochspannungsmast \u2013 und die Produktion von Teslas Fabrik in Brandenburg steht still. Bis sie wieder aufgenommen werden kann, dauert es laut Unternehmen l\u00e4nger als erwartet.", "link": "https://www.spiegel.de/wirtschaft/unternehmen/tesla-werk-in-gruenheide-wohl-bis-ende-kommender-woche-ohne-strom-a-f6eccd42-cd59-4407-8307-368916796fb4#ref=rss", "language": "de", "comments": [], "page_rating_contents": 0, "permanent": false, "page_rating": 0}, {"tags": [], "page_rating_votes": 0, "page_rating_visits": 0, "vote": 0, "user": null, "bookmarked": false, "thumbnail": null, "dead": false, "source": "https://www.spiegel.de/schlagzeilen/index.rss", "source_obj__id": 84, "album": "", "date_published": "2024-03-06T20:19:00+00:00", "artist": null, "age": null, "title": "Israel-Gaza-Krieg: Philipp Peyman Engel und Khola Maryam H\u00fcbsch im SPIEGEL-Talk: \u00bbWie kann es sein, dass wir das zulassen?\u00ab", "description": "Gibt es einen Genozid in Gaza? Ist schon der Vorwurf antisemitisch? \u00dcber die \u00bbvergiftete Debatte\u00ab in Deutschland streiten der Chefredakteur der \u00bbJ\u00fcdischen Allgemeinen\u00ab, Philipp Peyman Engel, und die Publizistin Khola Maryam H\u00fcbsch.", "link": "https://www.spiegel.de/politik/israel-gaza-krieg-philipp-peyman-engel-und-khola-maryam-huebsch-im-spiegel-talk-wie-kann-es-sein-dass-wir-das-zulassen-1709750576-a-049a6c14-0728-48d8-af58-6c96dc9f1b0b#ref=rss", "language": "de", "comments": [], "page_rating_contents": 0, "permanent": false, "page_rating": 0}, {"tags": [], "page_rating_votes": 0, "page_rating_visits": 0, "vote": 0, "user": null, "bookmarked": false, "thumbnail": null, "dead": false, "source": "https://www.spiegel.de/schlagzeilen/index.rss", "source_obj__id": 84, "album": "", "date_published": "2024-03-06T20:16:00+00:00", "artist": null, "age": null, "title": "Nachfolgeplanung: Wer wird der n\u00e4chste Chef?", "description": "Sorgen um die Firmen-Nachfolge haben einen 32-j\u00e4hrigen Japaner zum Milliard\u00e4r gemacht: Er bringt mithilfe von KI betagte Inhaber und potenzielle K\u00e4ufer zusammen. Warum wir auch hierzulande ein solches Unternehmens-Tinder ben\u00f6tigen.", "link": "https://www.spiegel.de/karriere/nachfolgeplanung-wer-wird-der-naechste-chef-a-911c126e-f26d-42b1-ac31-865e72f3272f#ref=rss", "language": "de", "comments": [], "page_rating_contents": 0, "permanent": false, "page_rating": 0}, {"tags": [], "page_rating_votes": 0, "page_rating_visits": 0, "vote": 0, "user": null, "bookmarked": false, "thumbnail": null, "dead": false, "source": "https://www.spiegel.de/schlagzeilen/index.rss", "source_obj__id": 84, "album": "", "date_published": "2024-03-06T20:06:00+00:00", "artist": null, "age": null, "title": "Israel-Gaza-Krieg: Philipp Peyman Engel und Khola Maryam H\u00fcbsch im SPIEGEL-Talk: \u00bbWie kann es sein, dass wir das zulassen?\u00ab", "description": "Gibt es einen Genozid in Gaza? Ist schon der Vorwurf antisemitisch? \u00dcber die \u00bbvergiftete Debatte\u00ab in Deutschland streiten der Chefredakteur der \u00bbJ\u00fcdischen Allgemeinen\u00ab, Philipp Peyman Engel, und die Publizistin Khola Maryam H\u00fcbsch.", "link": "https://www.spiegel.de/politik/israel-gaza-krieg-philipp-peyman-engel-und-khola-maryam-huebsch-im-spiegel-talk-wie-kann-es-sein-dass-wir-das-zulassen-a-ca44c073-a61e-4c0f-bcbe-96338c1c3d10#ref=rss", "language": "de", "comments": [], "page_rating_contents": 0, "permanent": false, "page_rating": 0}, {"tags": [], "page_rating_votes": 0, "page_rating_visits": 0, "vote": 0, "user": null, "bookmarked": false, "thumbnail": null, "dead": false, "source": "https://www.spiegel.de/schlagzeilen/index.rss", "source_obj__id": 84, "album": "", "date_published": "2024-03-06T20:04:00+00:00", "artist": null, "age": null, "title": "EVP-Parteitag: Ein rechtes Programm f\u00fcr die liberale Kandidatin", "description": "Mit einem betont konservativen Programm starten Europas Christdemokraten in den Wahlkampf. Die Konkurrenz wirft der EVP vor, sich nur halbherzig nach Rechtsau\u00dfen abzugrenzen.", "link": "https://www.spiegel.de/politik/deutschland/evp-parteitag-ein-rechtes-programm-fuer-die-liberale-kandidatin-a-637b3418-b330-46c2-ada1-1ca034b11d40#ref=rss", "language": "de", "comments": [], "page_rating_contents": 0, "permanent": false, "page_rating": 0}, {"tags": [], "page_rating_votes": 0, "page_rating_visits": 0, "vote": 0, "user": null, "bookmarked": false, "thumbnail": null, "dead": false, "source": "https://www.spiegel.de/schlagzeilen/index.rss", "source_obj__id": 84, "album": "", "date_published": "2024-03-06T19:40:00+00:00", "artist": null, "age": null, "title": "Gro\u00dfbritannien: Regierung Rishi Sunaks k\u00fcndigt Steuersenkungen an", "description": "Die konservative Regierung in Gro\u00dfbritannien will Arbeitnehmer weiter entlasten. Premierminister Sunak reagiert damit auf schlechte Umfragen vor der Wahl, die Opposition spricht von einer \u00bbVerzweiflungstat\u00ab.", "link": "https://www.spiegel.de/ausland/grossbritannien-regierung-rishi-sunaks-kuendigt-steuersenkungen-an-a-10c29349-257f-4767-b95b-fac18b042e23#ref=rss", "language": "de", "comments": [], "page_rating_contents": 0, "permanent": false, "page_rating": 0}, {"tags": [], "page_rating_votes": 0, "page_rating_visits": 0, "vote": 0, "user": null, "bookmarked": false, "thumbnail": null, "dead": false, "source": "https://www.spiegel.de/schlagzeilen/index.rss", "source_obj__id": 84, "album": "", "date_published": "2024-03-06T19:33:00+00:00", "artist": null, "age": null, "title": "Marco Buschmann (FDP) lehnt neuen Vorschlag zur Lieferkettenrichtlinie ab", "description": "Die EU ist der FDP nach deren Kritik bei der geplanten Lieferkettenrichtlinie entgegengekommen. Doch der Kompromissvorschlag st\u00f6\u00dft ebenfalls auf Ablehnung, die Bundesregierung wird dem Entwurf nicht zustimmen.", "link": "https://www.spiegel.de/politik/deutschland/marco-buschmann-fdp-lehnt-neuen-vorschlag-zur-lieferkettenrichtlinie-ab-a-31f464e2-7f35-4227-aa9d-35bed6cd63b0#ref=rss", "language": "de", "comments": [], "page_rating_contents": 0, "permanent": false, "page_rating": 0}, {"tags": [], "page_rating_votes": 0, "page_rating_visits": 0, "vote": 0, "user": null, "bookmarked": false, "thumbnail": null, "dead": false, "source": "https://www.spiegel.de/schlagzeilen/index.rss", "source_obj__id": 84, "album": "", "date_published": "2024-03-06T19:08:00+00:00", "artist": null, "age": null, "title": "Schimpansen oder Hummeln \u2013 wer ist schlauer?", "description": "Primaten knacken R\u00e4tsel auf eine Weise, die man nur dem Menschen zutraute. \u00dcberraschender noch: Bienen schaffen das auch. Entsteht so Kultur?", "link": "https://www.spiegel.de/wissenschaft/natur/schimpansen-oder-hummeln-wer-ist-schlauer-a-1e5b92d2-a862-4c47-999e-d731239b3b32#ref=rss", "language": "de", "comments": [], "page_rating_contents": 0, "permanent": false, "page_rating": 0}, {"tags": [], "page_rating_votes": 0, "page_rating_visits": 0, "vote": 0, "user": null, "bookmarked": false, "thumbnail": null, "dead": false, "source": "https://www.spiegel.de/schlagzeilen/index.rss", "source_obj__id": 84, "album": "", "date_published": "2024-03-06T18:59:00+00:00", "artist": null, "age": null, "title": "Thailand: Schmuggler mit Rotem Panda im Gep\u00e4ck und anderen Tieren erwischt", "description": "Schlangen in Kleiders\u00e4cken und V\u00f6gel in Plastikkisten: Der thail\u00e4ndische Zoll hat Dutzende Tiere aus dem Fluggep\u00e4ck von Schmugglern beschlagnahmt. Offenbar handelt es sich durchweg um gesch\u00fctzte Arten.", "link": "https://www.spiegel.de/panorama/thailand-schmuggler-mit-rotem-panda-im-gepaeck-und-anderen-tieren-erwischt-a-c3103eed-32d2-4120-823f-6d2685a20b71#ref=rss", "language": "de", "comments": [], "page_rating_contents": 0, "permanent": false, "page_rating": 0}, {"tags": [], "page_rating_votes": 0, "page_rating_visits": 0, "vote": 0, "user": null, "bookmarked": false, "thumbnail": null, "dead": false, "source": "https://www.spiegel.de/schlagzeilen/index.rss", "source_obj__id": 84, "album": "", "date_published": "2024-03-06T18:51:00+00:00", "artist": null, "age": null, "title": "Mexiko: Vermummte Demonstranten st\u00fcrmen Regierungssitz", "description": "Im September j\u00e4hrt sich die Entf\u00fchrung von 43 mexikanischen Studenten zum zehnten Mal. Vor dem Regierungssitz in Mexiko-Stadt demonstrieren Angeh\u00f6rige gegen die schleppenden Ermittlungen. Nun sind die Proteste eskaliert.", "link": "https://www.spiegel.de/ausland/mexiko-vermummte-demonstranten-stuermen-regierungssitz-a-25e21694-3b23-4d0d-95a2-bf74e528091b#ref=rss", "language": "de", "comments": [], "page_rating_contents": 0, "permanent": false, "page_rating": 0}, {"tags": [], "page_rating_votes": 0, "page_rating_visits": 0, "vote": 0, "user": null, "bookmarked": false, "thumbnail": null, "dead": false, "source": "https://www.spiegel.de/schlagzeilen/index.rss", "source_obj__id": 84, "album": "", "date_published": "2024-03-06T18:34:00+00:00", "artist": null, "age": null, "title": "USA: Nikki Haley zieht sich zur\u00fcck \u2013 Was wird jetzt aus der Gegnerin von Donald Trump?", "description": "Donald Trump steht als Pr\u00e4sidentschaftskandidat der Republikaner so gut wie fest, seine Rivalin Nikki Haley gibt sich geschlagen. F\u00fcr ihren Einsatz erh\u00e4lt sie viel Anerkennung. Nur nicht von ihrem gro\u00dfen Konkurrenten.", "link": "https://www.spiegel.de/ausland/usa-nikki-haley-zieht-sich-zurueck-was-wird-jetzt-aus-der-gegnerin-von-donald-trump-a-fee48ade-194e-4912-99d2-97a5b58b489e#ref=rss", "language": "de", "comments": [], "page_rating_contents": 0, "permanent": false, "page_rating": 0}, {"tags": [], "page_rating_votes": 0, "page_rating_visits": 0, "vote": 0, "user": null, "bookmarked": false, "thumbnail": null, "dead": false, "source": "https://www.spiegel.de/schlagzeilen/index.rss", "source_obj__id": 84, "album": "", "date_published": "2024-03-06T18:13:00+00:00", "artist": null, "age": null, "title": "China und die Philippinen: Kollision in s\u00fcdchinesischem Meer", "description": "China und die Philippinen streiten sich schon lange um Hoheitsgebiete im S\u00fcdchinesischen Meer. Jetzt kollidierten zwei Schiffe der K\u00fcstenwache. Und es kam zu Angriffen mit Wasserwerfern.", "link": "https://www.spiegel.de/ausland/china-und-die-philippinen-kollision-in-suedchinesischem-meer-a-5eefdc46-c46f-403e-88f1-a39d708387b7#ref=rss", "language": "de", "comments": [], "page_rating_contents": 0, "permanent": false, "page_rating": 0}, {"tags": [], "page_rating_votes": 0, "page_rating_visits": 0, "vote": 0, "user": null, "bookmarked": false, "thumbnail": null, "dead": false, "source": "https://www.spiegel.de/schlagzeilen/index.rss", "source_obj__id": 84, "album": "", "date_published": "2024-03-06T18:08:00+00:00", "artist": null, "age": null, "title": "Immobilien-Boom in der Ukraine: Aufschwung trotz Krieg", "description": "In der Ukraine brummt das Gesch\u00e4ft mit Immobilien. Vor allem Binnenvertriebene und Milit\u00e4rangeh\u00f6rige investieren, trotz der ungewissen Zukunft. Der Staat unterst\u00fctzt Kaufwillige mit F\u00f6rderprogrammen.", "link": "https://www.spiegel.de/wirtschaft/soziales/immobilien-boom-in-der-ukraine-aufschwung-trotz-krieg-a-98bee60c-a4f6-4ae5-bd84-2d1a21a4b20d#ref=rss", "language": "de", "comments": [], "page_rating_contents": 0, "permanent": false, "page_rating": 0}, {"tags": [], "page_rating_votes": 0, "page_rating_visits": 0, "vote": 0, "user": null, "bookmarked": false, "thumbnail": null, "dead": false, "source": "https://www.spiegel.de/schlagzeilen/index.rss", "source_obj__id": 84, "album": "", "date_published": "2024-03-06T18:08:00+00:00", "artist": null, "age": null, "title": "Rotes Meer: Huthi-Angriff auf Frachter \u00bbTrue Confidence\u00ab \u2013 mindestens zwei Tote", "description": "Die von Iran gest\u00fctzte Huthi-Miliz hat erneut ein Schiff im Roten Meer attackiert. Die brennende \u00bbTrue Confidence\u00ab treibt im Meer. Nach Angaben von westlichen Offiziellen starben bei dem Vorfall mindestens zwei Seeleute.", "link": "https://www.spiegel.de/ausland/rotes-meer-huthi-angriff-auf-frachter-true-confidence-mindestens-zwei-tote-a-8850b0cb-c8d8-4665-99b7-fdd020424b54#ref=rss", "language": "de", "comments": [], "page_rating_contents": 0, "permanent": false, "page_rating": 0}, {"tags": [], "page_rating_votes": 0, "page_rating_visits": 0, "vote": 0, "user": null, "bookmarked": false, "thumbnail": null, "dead": false, "source": "https://www.spiegel.de/schlagzeilen/index.rss", "source_obj__id": 84, "album": "", "date_published": "2024-03-06T17:53:00+00:00", "artist": null, "age": null, "title": "Olaf Scholz bei L\u00e4ndertreffen zu Migration: Speeddating mit dem Kanzler", "description": "Wie kommt die Politik beim Kampf gegen irregul\u00e4re Migration voran? Der Kanzler gibt sich nach dem Treffen mit den Ministerpr\u00e4sidenten hochzufrieden. Doch nicht alle L\u00e4nderchefs teilen seine gute Laune.", "link": "https://www.spiegel.de/politik/deutschland/olaf-scholz-bei-laendertreffen-zu-migration-speeddating-mit-dem-kanzler-a-137b2baa-2e87-4511-97c5-b9b7eb9037bf#ref=rss", "language": "de", "comments": [], "page_rating_contents": 0, "permanent": false, "page_rating": 0}, {"tags": [], "page_rating_votes": 0, "page_rating_visits": 0, "vote": 0, "user": null, "bookmarked": false, "thumbnail": null, "dead": false, "source": "https://www.spiegel.de/schlagzeilen/index.rss", "source_obj__id": 84, "album": "", "date_published": "2024-03-06T17:30:00+00:00", "artist": null, "age": null, "title": "Wien: Zw\u00f6lfj\u00e4hrige mutma\u00dflich \u00fcber Monate missbraucht - \u00bbDa darf nichts unter den Teppich gekehrt werden\u00ab", "description": "In der \u00f6sterreichischen Hauptstadt sollen 17 Verd\u00e4chtige immer wieder eine Zw\u00f6lfj\u00e4hrige sexuell missbraucht haben. Obwohl die Ermittlungen noch laufen, sind die mutma\u00dflichen T\u00e4ter auf freiem Fu\u00df.", "link": "https://www.spiegel.de/panorama/justiz/wien-zwoelfjaehrige-mutmasslich-ueber-monate-missbraucht-da-darf-nichts-unter-den-teppich-gekehrt-werden-a-93a2fdf0-2ec0-4ca2-a5aa-a9a8025d21bc#ref=rss", "language": "de", "comments": [], "page_rating_contents": 0, "permanent": false, "page_rating": 0}, {"tags": [], "page_rating_votes": 0, "page_rating_visits": 0, "vote": 0, "user": null, "bookmarked": false, "thumbnail": null, "dead": false, "source": "https://www.spiegel.de/schlagzeilen/index.rss", "source_obj__id": 84, "album": "", "date_published": "2024-03-06T17:08:00+00:00", "artist": null, "age": null, "title": "Worldcoin: Spanien bremst Sam Altman aus", "description": "Tech-Gr\u00fcnder Sam Altman will mithilfe von Augeniris-Scans eine digitale Weltw\u00e4hrung schaffen. Spaniens oberste Datenschutzbeh\u00f6rde stemmt sich nun entschieden dagegen.", "link": "https://www.spiegel.de/wirtschaft/unternehmen/worldcoin-spanien-bremst-sam-altman-aus-a-b06619fa-57b8-4eb3-b962-9834e5886261#ref=rss", "language": "de", "comments": [], "page_rating_contents": 0, "permanent": false, "page_rating": 0}, {"tags": [], "page_rating_votes": 0, "page_rating_visits": 0, "vote": 0, "user": null, "bookmarked": false, "thumbnail": null, "dead": false, "source": "https://www.spiegel.de/schlagzeilen/index.rss", "source_obj__id": 84, "album": "", "date_published": "2024-03-06T17:04:00+00:00", "artist": null, "age": null, "title": "Politthriller \u00bbAm Abgrund\u00ab in der ARD: Wie Aserbaidschan die EU von innen vergiftet", "description": "Ein Korruptionsskandal im Europarat: Davon erz\u00e4hlt der Politthriller \u00bbAm Abgrund\u00ab. Regisseur Daniel Harrich zeigt, welchen Einfluss Aserbaidschan auf Politikerinnen und Politiker hat.", "link": "https://www.spiegel.de/kultur/politthriller-am-abgrund-in-der-ard-wie-aserbaidschan-die-eu-von-innen-vergiftet-a-581c7860-705c-42e0-9d40-5294f07c6afd#ref=rss", "language": "de", "comments": [], "page_rating_contents": 0, "permanent": false, "page_rating": 0}, {"tags": [], "page_rating_votes": 0, "page_rating_visits": 0, "vote": 0, "user": null, "bookmarked": false, "thumbnail": null, "dead": false, "source": "https://www.spiegel.de/schlagzeilen/index.rss", "source_obj__id": 84, "album": "", "date_published": "2024-03-06T16:55:00+00:00", "artist": null, "age": null, "title": "Apple iOS 17.4: Das sind die wichtigsten Neuerungen des iPhone-Updates", "description": "Apple passt sein iPhone-Betriebssystem an neue EU-Regeln an. Von alternativen App-Stores wird man vorerst wenig haben. Aber es gibt ja noch neue Emojis, Podcasts zum Lesen \u2013 und eine wichtige \u00c4nderung bei Siri.", "link": "https://www.spiegel.de/netzwelt/gadgets/apple-ios-17-4-das-sind-die-wichtigsten-neuerungen-des-iphone-updates-a-84644999-aad3-4c2c-bd71-2bbb6222a595#ref=rss", "language": "de", "comments": [], "page_rating_contents": 0, "permanent": false, "page_rating": 0}, {"tags": [], "page_rating_votes": 0, "page_rating_visits": 0, "vote": 0, "user": null, "bookmarked": false, "thumbnail": null, "dead": false, "source": "https://www.spiegel.de/schlagzeilen/index.rss", "source_obj__id": 84, "album": "", "date_published": "2024-03-06T16:43:00+00:00", "artist": null, "age": null, "title": "Iran: Annalena Baerbock und Kollegen dr\u00e4ngen EU zu Sanktionen gegen Raketenindustrie", "description": "Deutschland und acht weitere EU-Staaten fordern nach SPIEGEL-Informationen neue Sanktionen gegen Iran \u2013 wegen Raketen- und Drohnenlieferungen an Islamisten. Doch Br\u00fcssel l\u00e4sst sich Zeit.", "link": "https://www.spiegel.de/politik/deutschland/iran-annalena-baerbock-und-kollegen-draengen-eu-zu-sanktionen-gegen-raketenindustrie-a-abb8789d-df24-4bae-907f-16b1bd449028#ref=rss", "language": "de", "comments": [], "page_rating_contents": 0, "permanent": false, "page_rating": 0}, {"tags": [], "page_rating_votes": 0, "page_rating_visits": 0, "vote": 0, "user": null, "bookmarked": false, "thumbnail": null, "dead": false, "source": "https://www.spiegel.de/schlagzeilen/index.rss", "source_obj__id": 84, "album": "", "date_published": "2024-03-06T16:37:00+00:00", "artist": null, "age": null, "title": "Debatte um Anthropoz\u00e4n-Entscheidung: Wir leben schon l\u00e4ngst im Menschenzeitalter!", "description": "Geologen denken in Jahrmillionen, die Klimakrise ist nicht mal zwei Jahrhunderte alt. Kein Wunder also, dass Forscher sich dagegen wehren, ein neues Erdzeitalter auszurufen. An der Zerst\u00f6rung der Erde \u00e4ndert das nichts.", "link": "https://www.spiegel.de/wissenschaft/natur/debatte-um-anthropozaen-entscheidung-wir-leben-schon-laengst-im-menschenzeitalter-a-486b8fd2-94b8-4ebe-95b4-1ef8f58e62ca#ref=rss", "language": "de", "comments": [], "page_rating_contents": 0, "permanent": false, "page_rating": 0}, {"tags": [], "page_rating_votes": 0, "page_rating_visits": 0, "vote": 0, "user": null, "bookmarked": false, "thumbnail": null, "dead": false, "source": "https://www.spiegel.de/schlagzeilen/index.rss", "source_obj__id": 84, "album": "", "date_published": "2024-03-06T16:29:00+00:00", "artist": null, "age": null, "title": "News des Tages: Nikki Haley verliert gegen Donald Trump, Belastet Elon Musk Tesla? Neues Erdzeitalter", "description": "Haley steigt aus, jetzt hei\u00dft es wieder Biden vs. Trump: Was Sie vom US-Wahlkampf \u00fcber Gehaltsverhandlungen lernen k\u00f6nnen. Und weshalb Elon Musk mal Urlaub machen sollte. Das ist die Lage am Mittwochabend.", "link": "https://www.spiegel.de/politik/deutschland/news-des-tages-nikki-haley-verliert-gegen-donald-trump-belastet-elon-musk-tesla-neues-erdzeitalter-a-0550bce9-11ba-4a50-b1ff-932267b9a8a7#ref=rss", "language": "de", "comments": [], "page_rating_contents": 0, "permanent": false, "page_rating": 0}, {"tags": [], "page_rating_votes": 0, "page_rating_visits": 0, "vote": 0, "user": null, "bookmarked": false, "thumbnail": null, "dead": false, "source": "https://www.spiegel.de/schlagzeilen/index.rss", "source_obj__id": 84, "album": "", "date_published": "2024-03-06T16:24:00+00:00", "artist": null, "age": null, "title": "Claus Weselsky sorgt mit falscher Darstellung \u00fcber Tarifrunde f\u00fcr Unverst\u00e4ndnis", "description": "Die GDL will am Donnerstag erneut den Personenverkehr der Bahn bestreiken. Ihr Chef Claus Weselsky hat zuletzt einen \u00bbDenkfehler\u00ab einger\u00e4umt und versch\u00e4rft damit die Kritik am Auftreten seiner Lokf\u00fchrergewerkschaft.", "link": "https://www.spiegel.de/wirtschaft/soziales/claus-weselsky-sorgt-mit-falscher-darstellung-ueber-tarifrunde-fuer-unverstaendnis-a-02554d51-8853-4cdc-b8f7-671e81515004#ref=rss", "language": "de", "comments": [], "page_rating_contents": 0, "permanent": false, "page_rating": 0}, {"tags": [], "page_rating_votes": 0, "page_rating_visits": 0, "vote": 0, "user": null, "bookmarked": false, "thumbnail": null, "dead": false, "source": "https://www.spiegel.de/schlagzeilen/index.rss", "source_obj__id": 84, "album": "", "date_published": "2024-03-06T16:04:00+00:00", "artist": null, "age": null, "title": "Russland beschie\u00dft Odessa w\u00e4hrend Besuch von Wolodymyr Selenskyj und Kyriakos Mitsotakis", "description": "Griechenlands Ministerpr\u00e4sident Mitsotakis hat Wolodymyr Selenskyj in Odessa getroffen. Die beiden Politiker entkamen offenbar nur knapp einem russischen Raketenangriff.", "link": "https://www.spiegel.de/ausland/russland-beschiesst-odessa-waehrend-besuch-von-wolodymyr-selenskyj-und-kyriakos-mitsotakis-a-34548aa2-ac1a-4c8c-8121-fc892a05797c#ref=rss", "language": "de", "comments": [], "page_rating_contents": 0, "permanent": false, "page_rating": 0}, {"tags": [], "page_rating_votes": 0, "page_rating_visits": 0, "vote": 0, "user": null, "bookmarked": false, "thumbnail": null, "dead": false, "source": "https://www.spiegel.de/schlagzeilen/index.rss", "source_obj__id": 84, "album": "", "date_published": "2024-03-06T15:59:00+00:00", "artist": null, "age": null, "title": "Bund-L\u00e4nder-Treffen: Olaf Scholz und Ministerpr\u00e4sidenten betonen Gemeinsamkeiten", "description": "Viele Bundesl\u00e4nder sind mit kritischem Blick in die Beratungen mit Kanzler Scholz zur Fl\u00fcchtlingspolitik gegangen. Hinterher gab es Lob von beiden Seiten \u2013 dabei sinkt die Zahl der Asylerstantr\u00e4ge kaum.", "link": "https://www.spiegel.de/politik/deutschland/bund-laender-treffen-olaf-scholz-und-ministerpraesidenten-betonen-gemeinsamkeiten-a-7b283775-94ae-4f11-962a-4a816eae3256#ref=rss", "language": "de", "comments": [], "page_rating_contents": 0, "permanent": false, "page_rating": 0}, {"tags": [], "page_rating_votes": 0, "page_rating_visits": 0, "vote": 0, "user": null, "bookmarked": false, "thumbnail": null, "dead": false, "source": "https://www.spiegel.de/schlagzeilen/index.rss", "source_obj__id": 84, "album": "", "date_published": "2024-03-06T15:43:00+00:00", "artist": null, "age": null, "title": "Deutsche Bahn: So teuer ist der Streik f\u00fcr Deutschland", "description": "Die Lokf\u00fchrergewerkschaft GDL will die Bahn in die Knie zwingen \u2013 und trifft damit gro\u00dfe Teile der deutschen Wirtschaft. Die Sch\u00e4den sind riesig. Nun bedroht auch noch ein unplanbarer Wellenstreik die Produktion.", "link": "https://www.spiegel.de/wirtschaft/unternehmen/deutsche-bahn-so-teuer-ist-der-streik-fuer-deutschland-a-93384d27-d667-42c0-8183-de37cd1a70a3#ref=rss", "language": "de", "comments": [], "page_rating_contents": 0, "permanent": false, "page_rating": 0}, {"tags": [], "page_rating_votes": 0, "page_rating_visits": 0, "vote": 0, "user": null, "bookmarked": false, "thumbnail": null, "dead": false, "source": "https://www.spiegel.de/schlagzeilen/index.rss", "source_obj__id": 84, "album": "", "date_published": "2024-03-06T15:35:00+00:00", "artist": null, "age": null, "title": "\u00d6sterreich: Streng gesch\u00fctzter Fisch in ORF-Sendung gebraten", "description": "Es gab Fischfrikadellen und ein Gl\u00e4schen Wei\u00dfwein: Eine Kochshow bringt den ORF in Bedr\u00e4ngnis. Der dort zubereitete Fisch h\u00e4tte nie in der Pfanne landen d\u00fcrfen.", "link": "https://www.spiegel.de/panorama/oesterreich-streng-geschuetzter-fisch-in-orf-sendung-gebraten-a-571a573d-a485-4cd2-8514-f285a26e30fe#ref=rss", "language": "de", "comments": [], "page_rating_contents": 0, "permanent": false, "page_rating": 0}, {"tags": [], "page_rating_votes": 0, "page_rating_visits": 0, "vote": 0, "user": null, "bookmarked": false, "thumbnail": null, "dead": false, "source": "https://www.spiegel.de/schlagzeilen/index.rss", "source_obj__id": 84, "album": "", "date_published": "2024-03-06T15:31:00+00:00", "artist": null, "age": null, "title": "USA: Nikki Haley seigt aus \u2013 ruft aber nicht zur Wahl von Donald Trump auf", "description": "Der Weg f\u00fcr Donald Trump ist frei: Seine letzte parteiinterne Konkurrentin Nikki Haley zieht sich aus dem Rennen um die republikanische Pr\u00e4sidentschaftskandidatur zur\u00fcck. Ihrem Widersacher gibt sie noch einen Ratschlag mit.", "link": "https://www.spiegel.de/ausland/usa-nikki-haley-gibt-auf-ruft-aber-nicht-zur-wahl-von-donald-trump-auf-a-3e1851ea-a08f-4c84-b16b-de1c1bb61bf4#ref=rss", "language": "de", "comments": [], "page_rating_contents": 0, "permanent": false, "page_rating": 0}, {"tags": [], "page_rating_votes": 0, "page_rating_visits": 0, "vote": 0, "user": null, "bookmarked": false, "thumbnail": null, "dead": false, "source": "https://www.spiegel.de/schlagzeilen/index.rss", "source_obj__id": 84, "album": "", "date_published": "2024-03-06T15:27:00+00:00", "artist": null, "age": null, "title": "BSI-Pr\u00e4sidentin Claudia Plattner warnt vor Cyberangriffen: \u00bbDie Gef\u00e4hrdungslage ist so hoch wie nie\u00ab", "description": "Durch Datendiebstahl, Spionage und Sabotage entstehen der deutschen Wirtschaft rund 200 Milliarden Euro Schaden pro Jahr. BSI-Pr\u00e4sidentin Plattner fordert Unternehmen auf, ihre Schutzma\u00dfnahmen zu verbessern.", "link": "https://www.spiegel.de/netzwelt/bsi-praesidentin-claudia-plattner-warnt-vor-cyberangriffen-die-gefaehrdungslage-ist-so-hoch-wie-nie-a-3a6c95c6-24c0-49a8-b34c-ab06b5d79a02#ref=rss", "language": "de", "comments": [], "page_rating_contents": 0, "permanent": false, "page_rating": 0}, {"tags": [], "page_rating_votes": 0, "page_rating_visits": 0, "vote": 0, "user": null, "bookmarked": false, "thumbnail": null, "dead": false, "source": "https://www.spiegel.de/schlagzeilen/index.rss", "source_obj__id": 84, "album": "", "date_published": "2024-03-06T15:22:00+00:00", "artist": null, "age": null, "title": "Gaza: Dennis Francis fordert Israel auf, \u00bbden Krieg zu beenden\u00ab", "description": "Der Globale S\u00fcden fordert mehr Einfluss \u2013 zu Recht, meint Uno-Topdiplomat Dennis Francis. Er bef\u00fcrchtet, dass die Kriege in der Ukraine und im Nahen Osten die Weltgemeinschaft spalten k\u00f6nnten.", "link": "https://www.spiegel.de/ausland/gaza-dennis-francis-fordert-israel-auf-den-krieg-zu-beenden-a-a9617d18-4d2c-4a36-bab8-16f56f6bc908#ref=rss", "language": "de", "comments": [], "page_rating_contents": 0, "permanent": false, "page_rating": 0}, {"tags": [], "page_rating_votes": 0, "page_rating_visits": 0, "vote": 0, "user": null, "bookmarked": false, "thumbnail": null, "dead": false, "source": "https://www.spiegel.de/schlagzeilen/index.rss", "source_obj__id": 84, "album": "", "date_published": "2024-03-06T15:05:00+00:00", "artist": null, "age": null, "title": "Garri Kasparow: Russland setzt den ehemaligen Schachweltmeister auf Terrorliste", "description": "Wer als Russe den Kreml kritisiert, lebt gef\u00e4hrlich. Schachgro\u00dfmeister Garri Kasparow gilt in Moskau schon l\u00e4nger als \u00bbausl\u00e4ndischer Agent\u00ab, jetzt steht er auch auf einer Liste f\u00fcr \u00bbTerroristen und Extremisten\u00ab.", "link": "https://www.spiegel.de/ausland/garri-kasparow-russland-setzt-den-ehemaligen-schachweltmeister-auf-terrorliste-a-7483a906-064b-47e9-8837-87e1c78fd06a#ref=rss", "language": "de", "comments": [], "page_rating_contents": 0, "permanent": false, "page_rating": 0}, {"tags": [], "page_rating_votes": 0, "page_rating_visits": 0, "vote": 0, "user": null, "bookmarked": false, "thumbnail": null, "dead": false, "source": "https://www.spiegel.de/schlagzeilen/index.rss", "source_obj__id": 84, "album": "", "date_published": "2024-03-06T15:01:00+00:00", "artist": null, "age": null, "title": "Burkhard Garweg: Ex-RAF-Terrorist k\u00fcmmerte sich offenbar um eine \u00e4ltere Dame", "description": "Der mutma\u00dfliche Ex-RAF-Terrorist Burkhard Garweg hat nach SPIEGEL-Informationen \u00fcber l\u00e4ngere Zeit f\u00fcr eine \u00e4ltere Frau eingekauft. Die Polizei brach deren Wohnung auf. Nachbarn sagen, sie h\u00e4tten Garweg im Treppenhaus gesehen.", "link": "https://www.spiegel.de/panorama/justiz/burkhard-garweg-ex-raf-terrorist-kuemmerte-sich-offenbar-um-eine-aeltere-dame-a-3dd680cc-77e7-4456-b77d-8e4faa35eec6#ref=rss", "language": "de", "comments": [], "page_rating_contents": 0, "permanent": false, "page_rating": 0}, {"tags": [], "page_rating_votes": 0, "page_rating_visits": 0, "vote": 0, "user": null, "bookmarked": false, "thumbnail": null, "dead": false, "source": "https://www.spiegel.de/schlagzeilen/index.rss", "source_obj__id": 84, "album": "", "date_published": "2024-03-06T15:01:00+00:00", "artist": null, "age": null, "title": "Corona-Pandemie: G\u00e4ste haben Anspruch auf R\u00fcckerstattung von Hotelkosten", "description": "Eine Frau konnte w\u00e4hrend der Pandemie wegen des Beherbergungsverbots nicht in einem Hotel \u00fcbernachten. Jetzt hat sich der Bundesgerichtshof mit dem Fall besch\u00e4ftigt.", "link": "https://www.spiegel.de/wirtschaft/service/coronapandemie-gaeste-haben-anspruch-auf-rueckerstattung-von-hotelkosten-a-cb093d1d-6add-4051-9608-5b1da942845f#ref=rss", "language": "de", "comments": [], "page_rating_contents": 0, "permanent": false, "page_rating": 0}, {"tags": [], "page_rating_votes": 0, "page_rating_visits": 0, "vote": 0, "user": null, "bookmarked": false, "thumbnail": null, "dead": false, "source": "https://www.spiegel.de/schlagzeilen/index.rss", "source_obj__id": 84, "album": "", "date_published": "2024-03-06T14:54:00+00:00", "artist": null, "age": null, "title": "Daniela Klette: Ex-RAF-Terroristin ohne Mietvertrag in Berliner Wohnung", "description": "Die Ermittlungen in der Wohnung der fr\u00fcheren RAF-Terroristin Daniela Klette laufen weiter. Etwa 20 Jahre lang soll sie dort gelebt haben. Einen Mietvertrag hatte sie allerdings nicht.", "link": "https://www.spiegel.de/panorama/justiz/ex-raf-terroristin-daniela-klette-ohne-mietvertrag-in-berliner-wohnung-a-a70ebf91-e2ff-41d8-bfe8-f98a7c066b3f#ref=rss", "language": "de", "comments": [], "page_rating_contents": 0, "permanent": false, "page_rating": 0}, {"tags": [], "page_rating_votes": 0, "page_rating_visits": 0, "vote": 0, "user": null, "bookmarked": false, "thumbnail": null, "dead": false, "source": "https://www.spiegel.de/schlagzeilen/index.rss", "source_obj__id": 84, "album": "", "date_published": "2024-03-06T14:49:00+00:00", "artist": null, "age": null, "title": "Deutschland: Top-\u00d6konomen halten Wirtschaft f\u00fcr \u00bbwie gel\u00e4hmt\u00ab", "description": "Deutschlands Wirtschaft wird laut Prognose zweier f\u00fchrender Forschungsinstitute das gesamte Jahr \u00fcber kaum wachsen. Ein \u00d6konom sagt: Schuld an all dem ist auch die Ampel.", "link": "https://www.spiegel.de/wirtschaft/soziales/top-oekonomen-halten-deutsche-wirtschaft-fuer-wie-gelaehmt-a-ab6f9799-8eea-4004-87c1-232e58255cd8#ref=rss", "language": "de", "comments": [], "page_rating_contents": 0, "permanent": false, "page_rating": 0}, {"tags": [], "page_rating_votes": 0, "page_rating_visits": 0, "vote": 0, "user": null, "bookmarked": false, "thumbnail": null, "dead": false, "source": "https://www.spiegel.de/schlagzeilen/index.rss", "source_obj__id": 84, "album": "", "date_published": "2024-03-06T14:42:00+00:00", "artist": null, "age": null, "title": "USA: Nikki Haley gibt Ausstieg aus Pr\u00e4sidentschaftskandidatur bekannt \u2013 Livestream", "description": "Sie hatte keine Chance gegen Donald Trump, doch Nikki Haley stieg einfach nicht aus dem Rennen der US-Republikaner um die Pr\u00e4sidentschaft aus. Jetzt doch? Was sind ihre Pl\u00e4ne?\nDer Livestream.", "link": "https://www.spiegel.de/ausland/usa-nikki-haley-gibt-ausstieg-aus-praesidentschaftskandidatur-bekannt-livestream-a-e18d64c6-ec17-4a21-87fd-55e5505985b0#ref=rss", "language": "de", "comments": [], "page_rating_contents": 0, "permanent": false, "page_rating": 0}, {"tags": [], "page_rating_votes": 0, "page_rating_visits": 0, "vote": 0, "user": null, "bookmarked": false, "thumbnail": null, "dead": false, "source": "https://www.spiegel.de/schlagzeilen/index.rss", "source_obj__id": 84, "album": "", "date_published": "2024-03-06T14:37:00+00:00", "artist": null, "age": null, "title": "Asylpolitik: Pressekonferenz mit Bundeskanzler Olaf Scholz nach der Ministerpr\u00e4sidentenkonferenz", "description": "Wird es k\u00fcnftig eine Obergrenze f\u00fcr Gefl\u00fcchtete geben, werden Asylverfahren bald au\u00dferhalb der EU durchgef\u00fchrt? Sehen Sie hier die Pressekonferenz mit Bundeskanzler Olaf Scholz nach der Ministerpr\u00e4sidentenkonferenz.", "link": "https://www.spiegel.de/politik/asylpolitik-pressekonferenz-mit-bundeskanzler-olaf-scholz-nach-der-ministerpraesidentenkonferenz-a-b77aef2f-0959-400b-a3cc-6f04f5745291#ref=rss", "language": "de", "comments": [], "page_rating_contents": 0, "permanent": false, "page_rating": 0}, {"tags": [], "page_rating_votes": 0, "page_rating_visits": 0, "vote": 0, "user": null, "bookmarked": false, "thumbnail": null, "dead": false, "source": "https://www.spiegel.de/schlagzeilen/index.rss", "source_obj__id": 84, "album": "", "date_published": "2024-03-06T14:36:00+00:00", "artist": null, "age": null, "title": "Eurofighter muss au\u00dferplanm\u00e4\u00dfig landen", "description": "Pl\u00f6tzlich stand ein Kampfflugzeug auf der Landebahn: Ein Eurofighter der Bundeswehr hat auf dem Flughafen der baden-w\u00fcrttembergischen Landeshauptstadt auf der Landebahn aufgesetzt. Grund sind technische Probleme.", "link": "https://www.spiegel.de/politik/deutschland/eurofighter-muss-ausserplanmaessig-landen-a-ad4792b4-216c-4444-a44c-e59b397352b5#ref=rss", "language": "de", "comments": [], "page_rating_contents": 0, "permanent": false, "page_rating": 0}, {"tags": [], "page_rating_votes": 0, "page_rating_visits": 0, "vote": 0, "user": null, "bookmarked": false, "thumbnail": null, "dead": false, "source": "https://www.spiegel.de/schlagzeilen/index.rss", "source_obj__id": 84, "album": "", "date_published": "2024-03-06T14:36:00+00:00", "artist": null, "age": null, "title": "Stuttgart: Eurofighter muss au\u00dferplanm\u00e4\u00dfig landen", "description": "Pl\u00f6tzlich stand ein Kampfflugzeug auf der Landebahn: Ein Eurofighter der Bundeswehr hat auf dem Flughafen der baden-w\u00fcrttembergischen Landeshauptstadt auf der Landebahn aufgesetzt. Grund sind technische Probleme.", "link": "https://www.spiegel.de/politik/deutschland/stuttgart-eurofighter-muss-ausserplanmaessig-landen-a-ad4792b4-216c-4444-a44c-e59b397352b5#ref=rss", "language": "de", "comments": [], "page_rating_contents": 0, "permanent": false, "page_rating": 0}, {"tags": [], "page_rating_votes": 0, "page_rating_visits": 0, "vote": 0, "user": null, "bookmarked": false, "thumbnail": null, "dead": false, "source": "https://www.spiegel.de/schlagzeilen/index.rss", "source_obj__id": 84, "album": "", "date_published": "2024-03-06T14:28:00+00:00", "artist": null, "age": null, "title": "Palm\u00f6l: Foodwatch verklagt Edeka wegen \u00bbIrref\u00fchrung\u00ab mit \u00d6kosiegel", "description": "Eine Margarine und ein Pflanzenfett der Edeka-Hausmarke Gut & G\u00fcnstig tragen laut Foodwatch zu Unrecht das Nachhaltigkeits-Siegel RSPO. Die Verbraucherorganisation klagt nun dagegen.", "link": "https://www.spiegel.de/wirtschaft/unternehmen/palmoel-foodwatch-verklagt-edeka-wegen-irrefuehrung-mit-oekosiegel-a-2c109247-2ddb-48ee-ab54-00dd91b6f0c1#ref=rss", "language": "de", "comments": [], "page_rating_contents": 0, "permanent": false, "page_rating": 0}, {"tags": [], "page_rating_votes": 0, "page_rating_visits": 0, "vote": 0, "user": null, "bookmarked": false, "thumbnail": null, "dead": false, "source": "https://www.spiegel.de/schlagzeilen/index.rss", "source_obj__id": 84, "album": "", "date_published": "2024-03-06T14:12:00+00:00", "artist": null, "age": null, "title": "Fl\u00fcchtlingspolitik: L\u00e4nder setzen Kanzleramt eine Frist f\u00fcr Pr\u00fcfung der Drittstaaten-L\u00f6sung", "description": "Bei den Beratungen mit dem Kanzler machen die L\u00e4nderchefs bei einem heiklen Thema Druck: Sie fordern Olaf Scholz auf, bis Juni Ergebnisse zur Pr\u00fcfung der sogenannten Drittstaatenl\u00f6sung vorlegen.", "link": "https://www.spiegel.de/politik/deutschland/fluechtlingspolitik-laender-setzen-kanzleramt-eine-frist-fuer-pruefung-der-drittstaaten-loesung-a-a06aa21d-b8cc-415f-aa47-3d017b4df0b4#ref=rss", "language": "de", "comments": [], "page_rating_contents": 0, "permanent": false, "page_rating": 0}, {"tags": [], "page_rating_votes": 0, "page_rating_visits": 0, "vote": 0, "user": null, "bookmarked": false, "thumbnail": null, "dead": false, "source": "https://www.spiegel.de/schlagzeilen/index.rss", "source_obj__id": 84, "album": "", "date_published": "2024-03-06T13:58:00+00:00", "artist": null, "age": null, "title": "Bodo Ramelow und Mario Voigt \u00fcber ihre Fehler: Fuck up Night in Erfurt", "description": "Angetrunken in der Coronaschalte, nachl\u00e4ssig inmitten einer politischen Krise: In Erfurt sprechen Spitzenpolitiker \u00fcber ihre Fehler und zeigen sich erstaunlich emotional.", "link": "https://www.spiegel.de/politik/deutschland/bodo-ramelow-und-mario-voigt-ueber-ihre-fehler-fuck-up-night-in-erfurt-a-233c09b4-cdd4-4f32-804f-8a09a3d9d56b#ref=rss", "language": "de", "comments": [], "page_rating_contents": 0, "permanent": false, "page_rating": 0}, {"tags": [], "page_rating_votes": 0, "page_rating_visits": 0, "vote": 0, "user": null, "bookmarked": false, "thumbnail": null, "dead": false, "source": "https://www.spiegel.de/schlagzeilen/index.rss", "source_obj__id": 84, "album": "", "date_published": "2024-03-06T13:54:00+00:00", "artist": null, "age": null, "title": "Arktis k\u00f6nnte im Sommer bald eisfrei sein", "description": "Bereits 2035 k\u00f6nnte es in der Region am Nordpol in den warmen Monaten nur noch eine geringe Eisbedeckung geben. Bewohnern des einzigartigen Lebensraums wie Eisb\u00e4ren und Robben bleibt immer weniger Platz zum Jagen.", "link": "https://www.spiegel.de/wissenschaft/natur/arktis-koennte-im-sommer-bald-eisfrei-sein-a-b70a44a8-a2fb-46b0-ad75-61dee316cc5e#ref=rss", "language": "de", "comments": [], "page_rating_contents": 0, "permanent": false, "page_rating": 0}, {"tags": [], "page_rating_votes": 0, "page_rating_visits": 0, "vote": 0, "user": null, "bookmarked": false, "thumbnail": null, "dead": false, "source": "https://www.spiegel.de/schlagzeilen/index.rss", "source_obj__id": 84, "album": "", "date_published": "2024-03-06T13:48:00+00:00", "artist": null, "age": null, "title": "USA nach dem Super Tuesday: W\u00e4hler frustriert wegen Donald Trump und Joe Biden", "description": "Trump oder Biden, darauf l\u00e4uft es auch bei der US-Wahl 2024 hinaus. Viele Amerikaner sp\u00fcren den Frust, sich lediglich zwischen zwei \u00dcbeln entscheiden zu k\u00f6nnen. Eine Umfrage in mehreren Bundesstaaten.", "link": "https://www.spiegel.de/ausland/usa-nach-dem-super-tuesday-waehler-frustriert-wegen-donald-trump-und-joe-biden-a-cc4dfa8d-0cb9-42cc-81fc-483448d615cf#ref=rss", "language": "de", "comments": [], "page_rating_contents": 0, "permanent": false, "page_rating": 0}, {"tags": [], "page_rating_votes": 0, "page_rating_visits": 0, "vote": 0, "user": null, "bookmarked": false, "thumbnail": null, "dead": false, "source": "https://www.spiegel.de/schlagzeilen/index.rss", "source_obj__id": 84, "album": "", "date_published": "2024-03-06T13:40:00+00:00", "artist": null, "age": null, "title": "Lufthansa: Flugbegleiter stimmen in Urabstimmung f\u00fcr Streiks", "description": "Bei der Lufthansa k\u00f6nnte bald eine weitere Berufsgruppe in den Ausstand treten: In einer Urabstimmung haben Flugbegleiterinnen mit einer deutlichen Mehrheit f\u00fcr Streiks gestimmt. Noch zeigt sich die Gewerkschaft aber gespr\u00e4chsbereit.", "link": "https://www.spiegel.de/wirtschaft/unternehmen/lufthansa-flugbegleiter-stimmen-in-urabstimmung-fuer-streiks-a-e94e27b2-00a9-4bda-9dc8-0504d87e339d#ref=rss", "language": "de", "comments": [], "page_rating_contents": 0, "permanent": false, "page_rating": 0}, {"tags": [], "page_rating_votes": 0, "page_rating_visits": 0, "vote": 0, "user": null, "bookmarked": false, "thumbnail": null, "dead": false, "source": "https://www.spiegel.de/schlagzeilen/index.rss", "source_obj__id": 84, "album": "", "date_published": "2024-03-06T13:38:00+00:00", "artist": null, "age": null, "title": "B5 in Brandenburg: Bundesstra\u00dfen-Blockierer drohten Bergeunternehmen", "description": "Eine blockierte Bundesstra\u00dfe, mehrere Unf\u00e4lle, Drohungen \u2013 und die Forderung, einen Minister herbeizuzitieren: Nach SPIEGEL-Informationen kam es beim j\u00fcngsten Bauernprotest in Brandenburg zu gezielten Provokationen.", "link": "https://www.spiegel.de/politik/deutschland/b5-in-brandenburg-bundesstrassen-blockierer-drohten-bergeunternehmen-a-c8cf062c-f7cd-42db-85a8-984f6ea2f247#ref=rss", "language": "de", "comments": [], "page_rating_contents": 0, "permanent": false, "page_rating": 0}, {"tags": [], "page_rating_votes": 0, "page_rating_visits": 0, "vote": 0, "user": null, "bookmarked": false, "thumbnail": null, "dead": false, "source": "https://www.spiegel.de/schlagzeilen/index.rss", "source_obj__id": 84, "album": "", "date_published": "2024-03-06T13:36:00+00:00", "artist": null, "age": null, "title": "Weil am Rhein: Mann wird nach 26 Jahren Fahndung an Grenz\u00fcbergang geschnappt", "description": "1998 soll er Heroin geschmuggelt haben, jetzt ging er deutschen Grenzbeamten ins Netz: In Weil am Rhein ist ein Mann festgenommen worden, der seit 26 Jahren gesucht wurde.", "link": "https://www.spiegel.de/panorama/justiz/weil-am-rhein-mann-wird-nach-26-jahren-fahndung-an-grenzuebergang-geschnappt-a-1f9238e6-6dc8-4da9-8512-6d8230c32349#ref=rss", "language": "de", "comments": [], "page_rating_contents": 0, "permanent": false, "page_rating": 0}, {"tags": [], "page_rating_votes": 0, "page_rating_visits": 0, "vote": 0, "user": null, "bookmarked": false, "thumbnail": null, "dead": false, "source": "https://www.spiegel.de/schlagzeilen/index.rss", "source_obj__id": 84, "album": "", "date_published": "2024-03-06T13:33:00+00:00", "artist": null, "age": null, "title": "Aleksandar Pavlovi\u0107 vom FC Bayern M\u00fcnchen: L\u00f6st er das Sechserproblem?", "description": "Er war f\u00fcr das Regionalligateam des FC Bayern vorgesehen, doch aktuell ist Aleksandar Pavlovi\u0107 eine S\u00e4ule der M\u00fcnchner Profimannschaft. Der 19-J\u00e4hrige entwickelt sich rasant.", "link": "https://www.spiegel.de/sport/fussball/aleksandar-pavlovic-vom-fc-bayern-muenchen-loest-er-das-sechserproblem-a-acd562b9-817b-4b0c-b9a7-bd8edd19614b#ref=rss", "language": "de", "comments": [], "page_rating_contents": 0, "permanent": false, "page_rating": 0}, {"tags": [], "page_rating_votes": 0, "page_rating_visits": 0, "vote": 0, "user": null, "bookmarked": false, "thumbnail": null, "dead": false, "source": "https://www.spiegel.de/schlagzeilen/index.rss", "source_obj__id": 84, "album": "", "date_published": "2024-03-06T13:27:00+00:00", "artist": null, "age": null, "title": "Fu\u00dfball-Transfers: Mathys Tel soll in M\u00fcnchen verl\u00e4ngern, Rafael Borr\u00e9 darf nach Brasilien", "description": "Obwohl der Transfermarkt in Deutschland eigentlich geschlossen ist, gibt es Entwicklungen in den Kadern: F\u00fcr Werder-Angreifer Borr\u00e9 endet ein kompliziertes Tauziehen \u2013 und Mathys Tel soll l\u00e4nger in M\u00fcnchen bleiben.", "link": "https://www.spiegel.de/sport/fussball/fussball-transfers-mathys-tel-soll-in-muenchen-verlaengern-rafael-borre-darf-nach-brasilien-a-45e0ff41-9a48-46b3-b821-631c37561cc4#ref=rss", "language": "de", "comments": [], "page_rating_contents": 0, "permanent": false, "page_rating": 0}, {"tags": [], "page_rating_votes": 0, "page_rating_visits": 0, "vote": 0, "user": null, "bookmarked": false, "thumbnail": null, "dead": false, "source": "https://www.spiegel.de/schlagzeilen/index.rss", "source_obj__id": 84, "album": "", "date_published": "2024-03-06T13:27:00+00:00", "artist": null, "age": null, "title": "Tesla sch\u00e4tzt Schaden nach mutma\u00dflichem Anschlag auf Hunderte Millionen Euro", "description": "Der Brand an einem Strommast hat die Tesla-Fabrik in Gr\u00fcnheide lahmgelegt. Der Werksleiter hat sich jetzt zu den Ausfallkosten ge\u00e4u\u00dfert. Auch die Handelskette Edeka ist von dem Stromausfall betroffen.", "link": "https://www.spiegel.de/wirtschaft/unternehmen/tesla-schaetzt-schaden-nach-mutmasslichem-anschlag-auf-hunderte-millionen-euro-a-459d5137-52b6-4e51-a85c-17e67bbb4dc9#ref=rss", "language": "de", "comments": [], "page_rating_contents": 0, "permanent": false, "page_rating": 0}, {"tags": [], "page_rating_votes": 0, "page_rating_visits": 0, "vote": 0, "user": null, "bookmarked": false, "thumbnail": null, "dead": false, "source": "https://www.spiegel.de/schlagzeilen/index.rss", "source_obj__id": 84, "album": "", "date_published": "2024-03-06T13:17:00+00:00", "artist": null, "age": null, "title": "Real-Madrid-Star Jude Bellingham f\u00fcr zwei Spiele gesperrt", "description": "Jude Bellingham protestierte heftig, als der Schiedsrichter vor seinem vermeintlichen Siegtreffer gegen Valencia das Spiel beendete. Auf die Rote Karte folgte f\u00fcr den Real-Profi nun eine Sperre.", "link": "https://www.spiegel.de/sport/fussball/real-madrid-star-jude-bellingham-fuer-zwei-spiele-gesperrt-a-89869784-8c07-427f-b2ce-58f775db03c7#ref=rss", "language": "de", "comments": [], "page_rating_contents": 0, "permanent": false, "page_rating": 0}, {"tags": [], "page_rating_votes": 0, "page_rating_visits": 0, "vote": 0, "user": null, "bookmarked": false, "thumbnail": null, "dead": false, "source": "https://www.spiegel.de/schlagzeilen/index.rss", "source_obj__id": 84, "album": "", "date_published": "2024-03-06T13:15:00+00:00", "artist": null, "age": null, "title": "Warum Olena Selenska angeblich nicht neben Julija Nawalnaja sitzen m\u00f6chte", "description": "Das Verh\u00e4ltnis der Ukrainer zum bekanntesten russischen Putin-Gegner bleibt schwer belastet. Nun soll die ukrainische First Lady deshalb sogar eine Einladung von Joe Biden ausgeschlagen haben. Was steckt dahinter?", "link": "https://www.spiegel.de/ausland/warum-olena-selenska-angeblich-nicht-neben-julija-nawalnaja-sitzen-moechte-a-7207e029-9bda-4ed2-b110-4bda5fd84e8e#ref=rss", "language": "de", "comments": [], "page_rating_contents": 0, "permanent": false, "page_rating": 0}, {"tags": [], "page_rating_votes": 0, "page_rating_visits": 0, "vote": 0, "user": null, "bookmarked": false, "thumbnail": null, "dead": false, "source": "https://www.spiegel.de/schlagzeilen/index.rss", "source_obj__id": 84, "album": "", "date_published": "2024-03-06T13:12:00+00:00", "artist": null, "age": null, "title": "Wahlen in Russland: Julija Nawalnaja ruft zu Protesten gegen Putin auf", "description": "Am 17. M\u00e4rz will Wladimir Putin sich im Amt best\u00e4tigen lassen. Die Witwe des verstorbenen Oppositionsf\u00fchrers Alexej Nawalny fordert die Russen nun zu einer besonderen Protestaktion am Wahltag auf.", "link": "https://www.spiegel.de/ausland/wahlen-in-russland-julija-nawalnaja-ruft-zu-protesten-gegen-putin-auf-a-6711014f-9457-474a-9bf9-b353fc86071e#ref=rss", "language": "de", "comments": [], "page_rating_contents": 0, "permanent": false, "page_rating": 0}, {"tags": [], "page_rating_votes": 0, "page_rating_visits": 0, "vote": 0, "user": null, "bookmarked": false, "thumbnail": null, "dead": false, "source": "https://www.spiegel.de/schlagzeilen/index.rss", "source_obj__id": 84, "album": "", "date_published": "2024-03-06T13:03:00+00:00", "artist": null, "age": null, "title": "Arsen-Verdacht \u2013 Unibibliothek D\u00fcsseldorf nimmt 15.000 B\u00fccher aus den Regalen", "description": "Gef\u00e4hrdet Lesen die Gesundheit? B\u00fccher aus dem 19. Jahrhundert stehen an mehreren Unis unter Verdacht, m\u00f6glicherweise mit Arsen belastet zu sein. Allein in D\u00fcsseldorf werden 15.000 Werke vorerst nicht mehr ausgeliehen.", "link": "https://www.spiegel.de/panorama/bildung/arsen-verdacht-unibibliothek-duesseldorf-nimmt-15-000-buecher-aus-den-regalen-a-9ef87fd9-0ff9-41c9-abc0-ca9e2f40e505#ref=rss", "language": "de", "comments": [], "page_rating_contents": 0, "permanent": false, "page_rating": 0}, {"tags": [], "page_rating_votes": 0, "page_rating_visits": 0, "vote": 0, "user": null, "bookmarked": false, "thumbnail": null, "dead": false, "source": "https://www.spiegel.de/schlagzeilen/index.rss", "source_obj__id": 84, "album": "", "date_published": "2024-03-06T13:01:00+00:00", "artist": null, "age": null, "title": "Ex-Wirecard-Manager: Die unglaubliche Flucht des Jan Marsalek", "description": "Wohl mehrfach hat der fl\u00fcchtige Wirecard-Vorstand Jan Marsalek in Russland seine Identit\u00e4t gewechselt. Doch sein Blut verriet ihn. Der SPIEGEL-Report.", "link": "https://www.spiegel.de/politik/ex-wirecard-manager-die-unglaubliche-flucht-des-jan-marsalek-a-a074ae66-a310-438a-8279-e2f02b92fbc0#ref=rss", "language": "de", "comments": [], "page_rating_contents": 0, "permanent": false, "page_rating": 0}, {"tags": [], "page_rating_votes": 0, "page_rating_visits": 0, "vote": 0, "user": null, "bookmarked": false, "thumbnail": null, "dead": false, "source": "https://www.spiegel.de/schlagzeilen/index.rss", "source_obj__id": 84, "album": "", "date_published": "2024-03-06T12:50:00+00:00", "artist": null, "age": null, "title": "Jugendfu\u00dfball: Wie ein Trainer in Bayern viele Jugendliche missbrauchen konnte", "description": "Ein Strafprozess in M\u00fcnchen zeigt, wie verwundbar junge Sportler sind. Ein Fu\u00dfballtrainer konnte sich an seinen Spielern sexuell vergreifen, indem er an ihren Leistungswillen appellierte \u2013 und seine ganz eigenen Therapien empfahl.", "link": "https://www.spiegel.de/panorama/justiz/jugendfussball-wie-ein-trainer-in-bayern-viele-jugendliche-missbrauchen-konnte-a-394f5681-ede7-425c-a729-5f18ce604ad3#ref=rss", "language": "de", "comments": [], "page_rating_contents": 0, "permanent": false, "page_rating": 0}, {"tags": [], "page_rating_votes": 0, "page_rating_visits": 0, "vote": 0, "user": null, "bookmarked": false, "thumbnail": null, "dead": false, "source": "https://www.spiegel.de/schlagzeilen/index.rss", "source_obj__id": 84, "album": "", "date_published": "2024-03-06T12:44:00+00:00", "artist": null, "age": null, "title": "Equal Pay Day: Warum die Lohnl\u00fccke zwischen Frauen und M\u00e4nnern schrumpfen wird", "description": "M\u00e4nner und Frauen werden f\u00fcr gleiche Arbeit unterschiedlich bezahlt, das ist ein Armutszeugnis. Doch eine EU-Richtlinie verpflichtet k\u00fcnftig zur Fairness, Arbeitgeber k\u00f6nnen zu Anpassungen verpflichtet werden.", "link": "https://www.spiegel.de/karriere/equal-pay-day-warum-die-lohnluecke-zwischen-frauen-und-maennern-schrumpfen-wird-a-1fc318c3-8c24-4155-81da-a6cbc997d6f3#ref=rss", "language": "de", "comments": [], "page_rating_contents": 0, "permanent": false, "page_rating": 0}, {"tags": [], "page_rating_votes": 0, "page_rating_visits": 0, "vote": 0, "user": null, "bookmarked": false, "thumbnail": null, "dead": false, "source": "https://www.spiegel.de/schlagzeilen/index.rss", "source_obj__id": 84, "album": "", "date_published": "2024-03-06T12:41:00+00:00", "artist": null, "age": null, "title": "Altbach bei Esslingen: Zw\u00f6lf Jahre Haft nach Handgranaten-Wurf auf Trauergemeinde", "description": "Nach dem Anschlag mit einer Handgranate auf eine Trauergemeinde muss ein Mann lange ins Gef\u00e4ngnis. Die Tat ist der H\u00f6hepunkt einer Gewaltserie. Die Arbeit des Gerichts ist noch nicht vorbei.", "link": "https://www.spiegel.de/panorama/justiz/altbach-bei-esslingen-zwoelf-jahre-haft-nach-handgranaten-wurf-auf-trauergemeinde-a-341e5a2d-89e2-496e-929f-2946642e76bd#ref=rss", "language": "de", "comments": [], "page_rating_contents": 0, "permanent": false, "page_rating": 0}, {"tags": [], "page_rating_votes": 0, "page_rating_visits": 0, "vote": 0, "user": null, "bookmarked": false, "thumbnail": null, "dead": false, "source": "https://www.spiegel.de/schlagzeilen/index.rss", "source_obj__id": 84, "album": "", "date_published": "2024-03-06T12:40:00+00:00", "artist": null, "age": null, "title": "Deutsche Post: Briefgesch\u00e4ft schrumpft deutlich", "description": "Die Digitalisierung der Kommunikation macht sich bei der Post immer st\u00e4rker bemerkbar. Das d\u00fcrfte Bef\u00fcrwortern f\u00fcr eine Novelle des Post-Gesetzes Auftrieb geben.", "link": "https://www.spiegel.de/wirtschaft/unternehmen/deutsche-post-briefgeschaeft-schrumpft-deutlich-a-402d7866-db31-458f-bedb-f6ab8fbfc209#ref=rss", "language": "de", "comments": [], "page_rating_contents": 0, "permanent": false, "page_rating": 0}, {"tags": [], "page_rating_votes": 0, "page_rating_visits": 0, "vote": 0, "user": null, "bookmarked": false, "thumbnail": null, "dead": false, "source": "https://www.spiegel.de/schlagzeilen/index.rss", "source_obj__id": 84, "album": "", "date_published": "2024-03-06T12:32:00+00:00", "artist": null, "age": null, "title": "Emmanuel Macron: Stieftochter spricht \u00fcber die Skandal-Beziehung ihrer Mutter", "description": "Sie Lehrerin, er ihr Sch\u00fcler \u2013 die Ger\u00fcchtek\u00fcche brodelte: So begann die Beziehung des franz\u00f6sischen Pr\u00e4sidentenpaars. Die Tochter von Brigitte Macron berichtet nun, wie sie als damals Zehnj\u00e4hrige diese Zeit erlebt hat.", "link": "https://www.spiegel.de/panorama/leute/emmanuel-macron-stieftochter-spricht-ueber-die-skandal-beziehung-ihrer-mutter-a-3d87d279-8b72-456b-9409-f05134f0408f#ref=rss", "language": "de", "comments": [], "page_rating_contents": 0, "permanent": false, "page_rating": 0}, {"tags": [], "page_rating_votes": 0, "page_rating_visits": 0, "vote": 0, "user": null, "bookmarked": false, "thumbnail": null, "dead": false, "source": "https://www.spiegel.de/schlagzeilen/index.rss", "source_obj__id": 84, "album": "", "date_published": "2024-03-06T12:29:00+00:00", "artist": null, "age": null, "title": "Baf\u00f6g-Reform: Bildungsministerin k\u00fcndigt Reform an, doch Experten zweifeln an Wirksamkeit", "description": "Die FDP hat 2021 viele Erstw\u00e4hler mit dem Versprechen gewonnen, das Baf\u00f6g besser zu machen. Jetzt hat die Bildungsministerin eine Reform angek\u00fcndigt, die keins der dr\u00e4ngenden Probleme l\u00f6sen wird.", "link": "https://www.spiegel.de/start/bafoeg-reform-bildungsministerin-kuendigt-reform-an-doch-experten-zweifeln-an-wirksamkeit-a-7e2c1f78-57f9-4950-a305-0b9fcfea3922#ref=rss", "language": "de", "comments": [], "page_rating_contents": 0, "permanent": false, "page_rating": 0}, {"tags": [], "page_rating_votes": 0, "page_rating_visits": 0, "vote": 0, "user": null, "bookmarked": false, "thumbnail": null, "dead": false, "source": "https://www.spiegel.de/schlagzeilen/index.rss", "source_obj__id": 84, "album": "", "date_published": "2024-03-06T12:29:00+00:00", "artist": null, "age": null, "title": "Baf\u00f6g-Reform: Wie viel Geld ben\u00f6tigt man f\u00fcrs Studium?", "description": "Zum Wintersemester 2024 soll das Baf\u00f6g reformiert werden. Was haben bed\u00fcrftige Erstsemester zu erwarten? Werden die Bez\u00fcge insgesamt erh\u00f6ht? Die wichtigsten Fragen und Antworten.", "link": "https://www.spiegel.de/panorama/bildung/bafoeg-reform-wie-viel-geld-benoetigt-man-fuers-studium-a-4c70a947-7d1d-4910-a551-139d8ea40285#ref=rss", "language": "de", "comments": [], "page_rating_contents": 0, "permanent": false, "page_rating": 0}, {"tags": [], "page_rating_votes": 0, "page_rating_visits": 0, "vote": 0, "user": null, "bookmarked": false, "thumbnail": null, "dead": false, "source": "https://www.spiegel.de/schlagzeilen/index.rss", "source_obj__id": 84, "album": "", "date_published": "2024-03-06T12:28:00+00:00", "artist": null, "age": null, "title": "Zum Tod von Kees Rijvers: Ein Jahrhundertleben f\u00fcr den Fu\u00dfball", "description": "Die Niederlande trauern um Kees Rijvers: Als Spieler und als Trainer war er eine Institution. Mit PSV Eindhoven eilte er von Erfolg zu Erfolg, als Nationaltrainer f\u00f6rderte er sp\u00e4tere Weltstars wie Ruud Gullit.", "link": "https://www.spiegel.de/sport/fussball/zum-tod-von-kees-rijvers-ein-jahrhundertleben-fuer-den-fussball-a-ee4b53f1-54e5-447f-9ab1-7c8f82a68b40#ref=rss", "language": "de", "comments": [], "page_rating_contents": 0, "permanent": false, "page_rating": 0}, {"tags": [], "page_rating_votes": 0, "page_rating_visits": 0, "vote": 0, "user": null, "bookmarked": false, "thumbnail": null, "dead": false, "source": "https://www.spiegel.de/schlagzeilen/index.rss", "source_obj__id": 84, "album": "", "date_published": "2024-03-06T12:17:00+00:00", "artist": null, "age": null, "title": "Nach Super Tuesday: So geht es weiter f\u00fcr Trump und Biden", "description": "Der Wahlkampf in den USA beginnt jetzt richtig. Wie gehen die Kandidaten Trump und Biden nun in das ber\u00fcchtigte \u00bbRematch\u00ab? Einsch\u00e4tzungen von SPIEGEL-Korrespondent Roland Nelles.", "link": "https://www.spiegel.de/ausland/nach-super-tuesday-so-geht-es-weiter-fuer-trump-und-biden-a-b1b471b4-9e47-4441-955e-c00d4ffc6fe4#ref=rss", "language": "de", "comments": [], "page_rating_contents": 0, "permanent": false, "page_rating": 0}, {"tags": [], "page_rating_votes": 0, "page_rating_visits": 0, "vote": 0, "user": null, "bookmarked": false, "thumbnail": null, "dead": false, "source": "https://www.spiegel.de/schlagzeilen/index.rss", "source_obj__id": 84, "album": "", "date_published": "2024-03-06T12:01:00+00:00", "artist": null, "age": null, "title": "Abnehmspritze treibt d\u00e4nisches Wirtschaftswachstum in die H\u00f6he", "description": "Das Unternehmen Novo Nordisk ist durch seine Abnehmspritzen zum wertvollsten Konzern Europas avanciert. Laut einer Prognose d\u00fcrfte der Boom 2024 die komplette d\u00e4nische Volkswirtschaft beeinflussen.", "link": "https://www.spiegel.de/wirtschaft/soziales/abnehmspritze-treibt-daenisches-wirtschaftswachstum-in-die-hoehe-a-33a04d4e-441f-4c54-a4cf-9b18db42c81b#ref=rss", "language": "de", "comments": [], "page_rating_contents": 0, "permanent": false, "page_rating": 0}, {"tags": [], "page_rating_votes": 0, "page_rating_visits": 0, "vote": 0, "user": null, "bookmarked": false, "thumbnail": null, "dead": false, "source": "https://www.spiegel.de/schlagzeilen/index.rss", "source_obj__id": 84, "album": "", "date_published": "2024-03-06T11:59:00+00:00", "artist": null, "age": null, "title": "\u00bbVulkangruppe\u00ab: Was \u00fcber den mutma\u00dflichen Anschlag auf das Tesla-Werk in Gr\u00fcnheide bekannt ist", "description": "Ein angez\u00fcndeter Strommast hat die Tesla-Fabrik in Gr\u00fcnheide lahmgelegt. In einem Bekennerschreiben r\u00fchmt sich die \u00bbVulkangruppe\u00ab f\u00fcr die Tat. Die Hintergr\u00fcnde.", "link": "https://www.spiegel.de/panorama/justiz/vulkangruppe-was-ueber-den-mutmasslichen-anschlag-auf-das-tesla-werk-in-gruenheide-bekannt-ist-a-0640e17f-982e-43fe-9ff2-4c5392562325#ref=rss", "language": "de", "comments": [], "page_rating_contents": 0, "permanent": false, "page_rating": 0}, {"tags": [], "page_rating_votes": 0, "page_rating_visits": 0, "vote": 0, "user": null, "bookmarked": false, "thumbnail": null, "dead": false, "source": "https://www.spiegel.de/schlagzeilen/index.rss", "source_obj__id": 84, "album": "", "date_published": "2024-03-06T11:53:00+00:00", "artist": null, "age": null, "title": "Hamas-Attacke auf Israel: Philosophin Judith Butler sieht 7. Oktober als \u00bbAkt des bewaffneten Widerstands\u00ab", "description": "Judith Butler begr\u00fcndete die Gender Studies. Angegriffen wird die j\u00fcdische Philosophin f\u00fcr ihre Kritik an Israel. Nun nannte sie das Massaker vom 7. Oktober einen \u00bbAkt des politischen Widerstands\u00ab. Eine Aussage mit Folgen.", "link": "https://www.spiegel.de/kultur/hamas-attacke-auf-israel-philosophin-judith-butler-sieht-7-oktober-als-akt-des-bewaffneten-widerstands-a-83e8d59a-5f89-42f6-b322-1cad36df62c9#ref=rss", "language": "de", "comments": [], "page_rating_contents": 0, "permanent": false, "page_rating": 0}, {"tags": [], "page_rating_votes": 0, "page_rating_visits": 0, "vote": 0, "user": null, "bookmarked": false, "thumbnail": null, "dead": false, "source": "https://www.spiegel.de/schlagzeilen/index.rss", "source_obj__id": 84, "album": "", "date_published": "2024-03-06T11:45:00+00:00", "artist": null, "age": null, "title": "Burger King greift McDonald's an: Veggie-Produkte preiswerter als Fleisch", "description": "Undercover-Recherchen brachten fleischlose Produkte von Burger King in Verruf. Nun geht die Kette in die PR-Offensive: Pflanzenbasierte Produkte sind ab sofort preiswerter als deren Fleischalternativen \u2013 wenn auch nicht viel.", "link": "https://www.spiegel.de/wirtschaft/unternehmen/burger-king-greift-mcdonalds-an-veggie-produkte-preiswerter-als-fleisch-a-95a916af-8e9f-4249-a901-5a600057332e#ref=rss", "language": "de", "comments": [], "page_rating_contents": 0, "permanent": false, "page_rating": 0}, {"tags": [], "page_rating_votes": 0, "page_rating_visits": 0, "vote": 0, "user": null, "bookmarked": false, "thumbnail": null, "dead": false, "source": "https://www.spiegel.de/schlagzeilen/index.rss", "source_obj__id": 84, "album": "", "date_published": "2024-03-06T11:43:00+00:00", "artist": null, "age": null, "title": "Bahnstreik: Politiker machen Druck auf GDL und Bahn", "description": "Der n\u00e4chste Bahnstreik steht bevor, und die GDL droht bereits mit weiteren Aktionen. Nun machen Politiker Druck auf die Gewerkschaft und die Bahn. Die CDU will gar den Kanzler einschalten.", "link": "https://www.spiegel.de/wirtschaft/unternehmen/bahnstreik-politiker-machen-druck-auf-gdl-und-bahn-a-d0f3e8e6-a187-426d-b2cd-194c2adc22ef#ref=rss", "language": "de", "comments": [], "page_rating_contents": 0, "permanent": false, "page_rating": 0}, {"tags": [], "page_rating_votes": 0, "page_rating_visits": 0, "vote": 0, "user": null, "bookmarked": false, "thumbnail": null, "dead": false, "source": "https://www.spiegel.de/schlagzeilen/index.rss", "source_obj__id": 84, "album": "", "date_published": "2024-03-06T11:32:00+00:00", "artist": null, "age": null, "title": "Haley steigt aus Rennen um Pr\u00e4sidentschaftskandidatur aus", "description": "Sie war Donald Trumps letzte Konkurrentin um die Pr\u00e4sidentschaftskandidatur der Republikaner: Nun gibt Nikki Haley laut \u00fcbereinstimmenden Berichten ihre Kampagne auf. Noch heute will sie ein Statement abgeben.", "link": "https://www.spiegel.de/ausland/nikki-haley-steigt-laut-medienberichten-aus-rennen-um-praesidentschaftskandidatur-aus-a-57238f6f-bb70-4ee2-aedb-85806ef7b3c5#ref=rss", "language": "de", "comments": [], "page_rating_contents": 0, "permanent": false, "page_rating": 0}, {"tags": [], "page_rating_votes": 0, "page_rating_visits": 0, "vote": 0, "user": null, "bookmarked": false, "thumbnail": null, "dead": false, "source": "https://www.spiegel.de/schlagzeilen/index.rss", "source_obj__id": 84, "album": "", "date_published": "2024-03-06T11:23:00+00:00", "artist": null, "age": null, "title": "EU kommt Kritikern des Lieferkettengesetzes entgegen", "description": "Das EU-Lieferkettengesetz galt eigentlich schon als gescheitert. Jetzt gibt es einen neuen Anlauf. Nach SPIEGEL-Informationen pr\u00fcft die Bundesregierung, ob sie doch noch zustimmt.", "link": "https://www.spiegel.de/politik/deutschland/eu-kommt-kritikern-des-lieferkettengesetzes-entgegen-a-766206e0-9450-4dda-8583-8755ff87664c#ref=rss", "language": "de", "comments": [], "page_rating_contents": 0, "permanent": false, "page_rating": 0}, {"tags": [], "page_rating_votes": 0, "page_rating_visits": 0, "vote": 0, "user": null, "bookmarked": false, "thumbnail": null, "dead": false, "source": "https://www.spiegel.de/schlagzeilen/index.rss", "source_obj__id": 84, "album": "", "date_published": "2024-03-06T11:05:00+00:00", "artist": null, "age": null, "title": "AfD: Bremer Koalition dr\u00e4ngt auf Pr\u00fcfung von Verbotsverfahren", "description": "Soll die AfD verboten werden? Linke, SPD und Gr\u00fcne in Bremen wollen eine Materialsammlung anlegen lassen und dann im Bundesrat eine Entscheidung forcieren: \u00bbAus unserer Sicht ist der Zeitpunkt gekommen.\u00ab", "link": "https://www.spiegel.de/politik/deutschland/afd-bremer-koalition-draengt-auf-pruefung-von-verbotsverfahren-a-5927a006-ce89-4f53-99ab-48b27c676a03#ref=rss", "language": "de", "comments": [], "page_rating_contents": 0, "permanent": false, "page_rating": 0}, {"tags": [], "page_rating_votes": 0, "page_rating_visits": 0, "vote": 0, "user": null, "bookmarked": false, "thumbnail": null, "dead": false, "source": "https://www.spiegel.de/schlagzeilen/index.rss", "source_obj__id": 84, "album": "", "date_published": "2024-03-06T11:03:00+00:00", "artist": null, "age": null, "title": "Leichtathletik: Benfares-Schwestern wegen Dopingverdacht aus Verein ausgeschlossen", "description": "Erst stand die eine Schwester im Dopingverdacht, dann die zweite: Nun hat ihr Heimverein, der LC Rehlingen, den deutschen Leichtathletinnen Sara und Sofia Benfares die Mitgliedschaft entzogen.", "link": "https://www.spiegel.de/sport/olympia/leichtathletik-benfares-schwestern-wegen-dopingverdacht-aus-verein-ausgeschlossen-a-292b5620-dbe8-40e7-9c9a-aec379538269#ref=rss", "language": "de", "comments": [], "page_rating_contents": 0, "permanent": false, "page_rating": 0}, {"tags": [], "page_rating_votes": 0, "page_rating_visits": 0, "vote": 0, "user": null, "bookmarked": false, "thumbnail": null, "dead": false, "source": "https://www.spiegel.de/schlagzeilen/index.rss", "source_obj__id": 84, "album": "", "date_published": "2024-03-06T11:01:00+00:00", "artist": null, "age": null, "title": "Diversit\u00e4t in der F\u00fchrungsetage: Mehr Frauen, mehr Gewinn", "description": "Welche Vorst\u00e4nde treffen die besten und lukrativsten Entscheidungen? Das soll eine neue Studie zeigen. Bestimmte Zusammensetzungen von Teams sind demnach auch f\u00fcr das Klima und das gesellschaftliche Engagement vorteilhafter.", "link": "https://www.spiegel.de/karriere/diversitaet-in-der-fuehrungsetage-mehr-frauen-mehr-gewinn-a-d08c3d2e-0b95-4a68-83ab-ef49a112fa6f#ref=rss", "language": "de", "comments": [], "page_rating_contents": 0, "permanent": false, "page_rating": 0}, {"tags": [], "page_rating_votes": 0, "page_rating_visits": 0, "vote": 0, "user": null, "bookmarked": false, "thumbnail": null, "dead": false, "source": "https://www.spiegel.de/schlagzeilen/index.rss", "source_obj__id": 84, "album": "", "date_published": "2024-03-06T11:01:00+00:00", "artist": null, "age": null, "title": "Geh\u00e4lter: Drei Viertel der Frauen in Vollzeit verdienen weniger als M\u00e4nner", "description": "Die L\u00f6hne von M\u00e4nnern und Frauen in Vollzeit unterscheiden sich laut Statistischem Bundesamt teils gewaltig. Daf\u00fcr gibt es vor allem einen Grund.", "link": "https://www.spiegel.de/wirtschaft/soziales/gehaelter-drei-viertel-der-frauen-in-vollzeit-verdienen-weniger-als-maenner-a-89a5d5b4-a769-4fb5-8b15-eac98adc83e7#ref=rss", "language": "de", "comments": [], "page_rating_contents": 0, "permanent": false, "page_rating": 0}, {"tags": [], "page_rating_votes": 0, "page_rating_visits": 0, "vote": 0, "user": null, "bookmarked": false, "thumbnail": null, "dead": false, "source": "https://www.spiegel.de/schlagzeilen/index.rss", "source_obj__id": 84, "album": "", "date_published": "2024-03-06T11:00:00+00:00", "artist": null, "age": null, "title": "Houston: Nasa sucht neue Bewerber f\u00fcr Weltraummissionen", "description": "Die Nasa hat bisher rund 360 Astronautinnen und Astronauten ausgebildet, jetzt k\u00f6nnen sich Interessenten f\u00fcr die n\u00e4chste Runde bewerben. Die Anforderungen sind hoch.", "link": "https://www.spiegel.de/wissenschaft/houston-nasa-sucht-neue-bewerber-fuer-weltraummissionen-a-ab445613-fc43-4573-a235-6eedab38201e#ref=rss", "language": "de", "comments": [], "page_rating_contents": 0, "permanent": false, "page_rating": 0}, {"tags": [], "page_rating_votes": 0, "page_rating_visits": 0, "vote": 0, "user": null, "bookmarked": false, "thumbnail": null, "dead": false, "source": "https://www.spiegel.de/schlagzeilen/index.rss", "source_obj__id": 84, "album": "", "date_published": "2024-03-06T10:59:00+00:00", "artist": null, "age": null, "title": "Flughafen Frankfurt: Warnstreik des Sicherheitspersonals - Abfl\u00fcge am Donnerstag gesperrt", "description": "Der Frankfurter Flughafen wird am Donnerstag wegen des Warnstreiks der Luftsicherheitskr\u00e4fte f\u00fcr abfliegende Passagiere gesperrt. Reisende sollen gar nicht erst zum Airport fahren.", "link": "https://www.spiegel.de/wirtschaft/service/flughafen-frankfurt-warnstreik-des-sicherheitspersonals-abfluege-am-donnerstag-gesperrt-a-6d91b222-7684-4f40-a939-ec6a7f09aa7e#ref=rss", "language": "de", "comments": [], "page_rating_contents": 0, "permanent": false, "page_rating": 0}, {"tags": [], "page_rating_votes": 0, "page_rating_visits": 0, "vote": 0, "user": null, "bookmarked": false, "thumbnail": null, "dead": false, "source": "https://www.spiegel.de/schlagzeilen/index.rss", "source_obj__id": 84, "album": "", "date_published": "2024-03-06T10:59:00+00:00", "artist": null, "age": null, "title": "PSG in der Champions League: Paris Saint-Mbapp\u00e9", "description": "Beim Weiterkommen von PSG in der Champions League dreht sich alles um den scheidenden Superstar. Sogar Spitzen und Strafen des eigenen Trainers perlen an Kylian Mbapp\u00e9 ab. Kann er zum Abschied doch noch den Titel holen?", "link": "https://www.spiegel.de/sport/fussball/psg-in-der-champions-league-paris-saint-mbappe-a-e021bb97-4cbb-4403-95c2-91d5cf9bf1a8#ref=rss", "language": "de", "comments": [], "page_rating_contents": 0, "permanent": false, "page_rating": 0}, {"tags": [], "page_rating_votes": 0, "page_rating_visits": 0, "vote": 0, "user": null, "bookmarked": false, "thumbnail": null, "dead": false, "source": "https://www.spiegel.de/schlagzeilen/index.rss", "source_obj__id": 84, "album": "", "date_published": "2024-03-06T10:42:00+00:00", "artist": null, "age": null, "title": "Anthropoz\u00e4n: Forscher lehnen Ernennung eines neuen Erdzeitalters ab", "description": "F\u00fchrende Geowissenschaftler sind dagegen, die Epoche des Menschen auszurufen. Damit ist der Versuch gescheitert, unseren Einfluss auf die Erde ins Zentrum einer neuen Zeitrechnung zu stellen. Doch der Streit geht weiter.", "link": "https://www.spiegel.de/wissenschaft/natur/anthropozaen-forscher-lehnen-ernennung-eines-neuen-erdzeitalters-ab-a-0769dd25-4571-4634-93fe-e8eebcab6474#ref=rss", "language": "de", "comments": [], "page_rating_contents": 0, "permanent": false, "page_rating": 0}, {"tags": [], "page_rating_votes": 0, "page_rating_visits": 0, "vote": 0, "user": null, "bookmarked": false, "thumbnail": null, "dead": false, "source": "https://www.spiegel.de/schlagzeilen/index.rss", "source_obj__id": 84, "album": "", "date_published": "2024-03-06T10:18:00+00:00", "artist": null, "age": null, "title": "Real Madrid: Staatsanwaltschaft fordert fast f\u00fcnf Jahre Haft f\u00fcr Real-Trainer Carlo Ancelotti", "description": "Insgesamt geht es um eine Million Euro: Startrainer Carlo Ancelotti soll in Spanien Steuern hinterzogen haben. Die Staatsanwaltschaft fordert eine lange Haftstrafe.", "link": "https://www.spiegel.de/sport/fussball/real-madrid-staatsanwaltschaft-klagt-carlo-ancelotti-wegen-steuerbetrug-an-a-9c073e9f-fc3a-4e62-a3fb-7d71e38d6c90#ref=rss", "language": "de", "comments": [], "page_rating_contents": 0, "permanent": false, "page_rating": 0}, {"tags": [], "page_rating_votes": 0, "page_rating_visits": 0, "vote": 0, "user": null, "bookmarked": false, "thumbnail": null, "dead": false, "source": "https://www.spiegel.de/schlagzeilen/index.rss", "source_obj__id": 84, "album": "", "date_published": "2024-03-06T10:14:00+00:00", "artist": null, "age": null, "title": "Was der Digital Markets Act f\u00fcr Smartphone-Nutzerinnen und -Nutzer bedeutet", "description": "Das neue Digitalmarktgesetz der EU zwingt den gro\u00dfen Internetkonzernen neue Regeln auf. Was die Anbieter nun \u00e4ndern m\u00fcssen und was es f\u00fcr Anwenderinnen und Anwender bedeutet \u2013 vor allem, wenn sie ein iPhone haben.", "link": "https://www.spiegel.de/netzwelt/netzpolitik/was-der-digital-markets-act-fuer-smartphone-nutzerinnen-und-nutzer-bedeutet-a-2538a5ba-4ef4-49bd-8f70-624fc5dc7675#ref=rss", "language": "de", "comments": [], "page_rating_contents": 0, "permanent": false, "page_rating": 0}, {"tags": [], "page_rating_votes": 0, "page_rating_visits": 0, "vote": 0, "user": null, "bookmarked": false, "thumbnail": null, "dead": false, "source": "https://www.spiegel.de/schlagzeilen/index.rss", "source_obj__id": 84, "album": "", "date_published": "2024-03-06T10:09:00+00:00", "artist": null, "age": null, "title": "E-Autos aus China: EU stellt Weichen f\u00fcr r\u00fcckwirkende Z\u00f6lle", "description": "E-Autobauer aus China gelten als h\u00e4rteste Konkurrenz f\u00fcr westliche Hersteller. Nun k\u00f6nnen diese hoffen: Die EU sieht Hinweise auf staatliche Subventionen f\u00fcr chinesische Firmen und bringt den Zoll in Stellung.", "link": "https://www.spiegel.de/wirtschaft/unternehmen/e-autos-aus-china-eu-stellt-weichen-fuer-rueckwirkende-zoelle-a-35cc8b56-d549-474a-a09d-d121faf6f16c#ref=rss", "language": "de", "comments": [], "page_rating_contents": 0, "permanent": false, "page_rating": 0}, {"tags": [], "page_rating_votes": 0, "page_rating_visits": 0, "vote": 0, "user": null, "bookmarked": false, "thumbnail": null, "dead": false, "source": "https://www.spiegel.de/schlagzeilen/index.rss", "source_obj__id": 84, "album": "", "date_published": "2024-03-06T09:46:00+00:00", "artist": null, "age": null, "title": "HandOfBlood im Interview: \u00bbWenn ich mich \u00e4ndern kann, kann das jeder schaffen\u00ab", "description": "Fingerzeige, Anfeindungen, fragw\u00fcrdige Witze: Fr\u00fcher war HandOfBlood ein Provokateur, heute steht er f\u00fcr den \u00bbwoken\u00ab Teil der Webvideowelt. Hier spricht er \u00fcber Konflikte in der Szene und seinen Umgang mit kontroversen Kollegen.", "link": "https://www.spiegel.de/netzwelt/web/handofblood-im-interview-wenn-ich-mich-aendern-kann-kann-das-jeder-schaffen-a-60799a8a-c569-44b8-b682-41ac8f8b01d6#ref=rss", "language": "de", "comments": [], "page_rating_contents": 0, "permanent": false, "page_rating": 0}, {"tags": [], "page_rating_votes": 0, "page_rating_visits": 0, "vote": 0, "user": null, "bookmarked": false, "thumbnail": null, "dead": false, "source": "https://www.spiegel.de/schlagzeilen/index.rss", "source_obj__id": 84, "album": "", "date_published": "2024-03-06T09:34:00+00:00", "artist": null, "age": null, "title": "Studie: Lehrkr\u00e4fte \u00fcbersch\u00e4tzen Jungen in Mathe und M\u00e4dchen in Sprachen", "description": "Sind M\u00e4dchen in Fremdsprachen besser? Und Jungs daf\u00fcr in Mathe? Grundschullehrkr\u00e4fte neigen zu solchen Vorurteilen, zeigt eine neue Studie. Sie verst\u00e4rken damit Leistungsunterschiede \u2013 mit Folgen f\u00fcr die gesamte Schulzeit.", "link": "https://www.spiegel.de/panorama/bildung/studie-lehrkraefte-ueberschaetzen-jungen-in-mathe-und-maedchen-in-sprachen-a-35fe2cdf-3dd8-4a89-acad-9362304a8640#ref=rss", "language": "de", "comments": [], "page_rating_contents": 0, "permanent": false, "page_rating": 0}, {"tags": [], "page_rating_votes": 0, "page_rating_visits": 0, "vote": 0, "user": null, "bookmarked": false, "thumbnail": null, "dead": false, "source": "https://www.spiegel.de/schlagzeilen/index.rss", "source_obj__id": 84, "album": "", "date_published": "2024-03-06T09:17:00+00:00", "artist": null, "age": null, "title": "Nicolaus Fest: AfD-Schiedsgericht wirft EU-Abgeordneten aus der Partei", "description": "Weil Nicolaus Fest Mandatstr\u00e4gerbeitr\u00e4ge an die AfD nicht beglichen hat, schlie\u00dft die Partei ihn nun aus. Der Europapolitiker will dagegen vorgehen. In der Partei herrscht ein interner Machtkampf.", "link": "https://www.spiegel.de/politik/deutschland/nicolaus-fest-afd-schiedsgericht-wirft-eu-abgeordneten-aus-der-partei-a-9b77d2da-3647-468a-997d-c3b6fcbd3042#ref=rss", "language": "de", "comments": [], "page_rating_contents": 0, "permanent": false, "page_rating": 0}, {"tags": [], "page_rating_votes": 0, "page_rating_visits": 0, "vote": 0, "user": null, "bookmarked": false, "thumbnail": null, "dead": false, "source": "https://www.spiegel.de/schlagzeilen/index.rss", "source_obj__id": 84, "album": "", "date_published": "2024-03-06T09:00:00+00:00", "artist": null, "age": null, "title": "Ben Sulayem: Weltverband best\u00e4tigt Ermittlungen wegen Einflussnahme", "description": "Der Motorsport-Weltverbandspr\u00e4sident Ben Sulayem soll das Ergebnis eines Formel-1-Rennens beeinflusst haben. Die Fia teilte nun mit, dass es \u00bbdetaillierte Anschuldigungen gegen Mitglieder seiner F\u00fchrungsgremien\u00ab gebe.", "link": "https://www.spiegel.de/sport/formel1/ben-sulayem-weltverband-bestaetigt-ermittlungen-wegen-einflussnahme-a-47361a84-4458-431a-adad-1ab6945e005a#ref=rss", "language": "de", "comments": [], "page_rating_contents": 0, "permanent": false, "page_rating": 0}, {"tags": [], "page_rating_votes": 0, "page_rating_visits": 0, "vote": 0, "user": null, "bookmarked": false, "thumbnail": null, "dead": false, "source": "https://www.spiegel.de/schlagzeilen/index.rss", "source_obj__id": 84, "album": "", "date_published": "2024-03-06T08:41:00+00:00", "artist": null, "age": null, "title": "Donald Trump beim Super Tuesday der US-Vorwahlen: Triumph mit Sch\u00f6nheitsfehler", "description": "In seinem Strandklub in Florida l\u00e4sst sich Donald Trump f\u00fcr seine Siegesserie am Super Tuesday feiern und umjubeln. Auf diesen Tag hat der Ex-Pr\u00e4sident drei Jahre lang gewartet. Marschiert er nun durch ins Wei\u00dfe Haus?", "link": "https://www.spiegel.de/ausland/donald-trump-beim-super-tuesday-der-us-vorwahlen-triumph-mit-schoenheitsfehler-a-1857ee90-0930-4ae9-9e49-05853bfa5dcd#ref=rss", "language": "de", "comments": [], "page_rating_contents": 0, "permanent": false, "page_rating": 0}, {"tags": [], "page_rating_votes": 0, "page_rating_visits": 0, "vote": 0, "user": null, "bookmarked": false, "thumbnail": null, "dead": false, "source": "https://www.spiegel.de/schlagzeilen/index.rss", "source_obj__id": 84, "album": "", "date_published": "2024-03-06T08:28:00+00:00", "artist": null, "age": null, "title": "Sibirien: Mehr als 20 Verletzte nach Unfall in russischem Kraftwerk", "description": "In einem Kohlekraftwerk in Sibirien ist ein Feuer ausgebrochen. Es gab Schwerverletzte, die \u00f6rtliche W\u00e4rmeversorgung fiel aus.", "link": "https://www.spiegel.de/panorama/sibirien-mehr-als-20-verletzte-nach-unfall-in-russischem-kraftwerk-a-ec849be2-9731-40a8-ab9b-c85d96df7b3c#ref=rss", "language": "de", "comments": [], "page_rating_contents": 0, "permanent": false, "page_rating": 0}, {"tags": [], "page_rating_votes": 0, "page_rating_visits": 0, "vote": 0, "user": null, "bookmarked": false, "thumbnail": null, "dead": false, "source": "https://www.spiegel.de/schlagzeilen/index.rss", "source_obj__id": 84, "album": "", "date_published": "2024-03-06T08:28:00+00:00", "artist": null, "age": null, "title": "Wohnungsbrand in M\u00fcnchen: Panische Katze attackiert Feuerwehrleute - drei Verletzte", "description": "In einer Wohnung mit sieben Katzen geht Bastelmaterial in Flammen auf. Ein ver\u00e4ngstigtes Tier flieht \u2013 und greift die Einsatzkr\u00e4fte an. Ergebnis: drei Verletzte.", "link": "https://www.spiegel.de/panorama/wohnungsbrand-in-muenchen-panische-katze-attackiert-feuerwehrleute-drei-verletzte-a-588fd174-2ed7-48ad-a7e9-b7533b2b7095#ref=rss", "language": "de", "comments": [], "page_rating_contents": 0, "permanent": false, "page_rating": 0}, {"tags": [], "page_rating_votes": 0, "page_rating_visits": 0, "vote": 0, "user": null, "bookmarked": false, "thumbnail": null, "dead": false, "source": "https://www.spiegel.de/schlagzeilen/index.rss", "source_obj__id": 84, "album": "", "date_published": "2024-03-06T07:27:00+00:00", "artist": null, "age": null, "title": "FC Bayern M\u00fcnchen im Viertelfinale der Champions League: \u00bbWir wollen dem Fu\u00dfballgott noch eine Chance geben\u00ab", "description": "In der Liga ist der FC Bayern abgeschlagen \u2013 geht noch was in der Champions League? Auch beim Triumph gegen Lazio offenbart sich eine gro\u00dfe Distanz zwischen dem scheidenden Trainer Thomas Tuchel und seiner Mannschaft.", "link": "https://www.spiegel.de/sport/fussball/fc-bayern-muenchen-im-viertelfinale-der-champions-league-wir-wollen-dem-fussballgott-noch-eine-chance-geben-a-7ce92439-0cdc-4c8a-8d85-6c49322644e8#ref=rss", "language": "de", "comments": [], "page_rating_contents": 0, "permanent": false, "page_rating": 0}, {"tags": [], "page_rating_votes": 0, "page_rating_visits": 0, "vote": 0, "user": null, "bookmarked": false, "thumbnail": null, "dead": false, "source": "https://www.spiegel.de/schlagzeilen/index.rss", "source_obj__id": 84, "album": "", "date_published": "2024-03-06T07:07:00+00:00", "artist": null, "age": null, "title": "Rentenpaket II: Rentenversicherung lehnt B\u00f6rsenanlage von Beitragsmitteln ab", "description": "Das geplante zus\u00e4tzliche B\u00f6rsenstandbein zur Finanzierung der staatlichen Altersvorsorge st\u00f6\u00dft bei der Deutschen Rentenversicherung auf Skepsis. F\u00fcr das Generationenkapital d\u00fcrften keine Beitragsmittel verwendet werden.", "link": "https://www.spiegel.de/wirtschaft/soziales/rentenpaket-ii-rentenversicherung-lehnt-boersenanlage-von-beitragsmitteln-ab-a-926542e9-61ba-43fe-9ac5-bdd7e7843da2#ref=rss", "language": "de", "comments": [], "page_rating_contents": 0, "permanent": false, "page_rating": 0}, {"tags": [], "page_rating_votes": 0, "page_rating_visits": 0, "vote": 0, "user": null, "bookmarked": false, "thumbnail": null, "dead": false, "source": "https://www.spiegel.de/schlagzeilen/index.rss", "source_obj__id": 84, "album": "", "date_published": "2024-03-06T06:54:00+00:00", "artist": null, "age": null, "title": "Zecken und FSME-Risikogebiete: \u00bbHyalomma l\u00e4uft gezielt auf uns zu\u00ab", "description": "Wenn Zecken stechen, k\u00f6nnen sie Krankheitserreger \u00fcbertragen. Expertin Ute Mackenstedt spricht \u00fcber Gebiete mit besonderer FSME-Gefahr und \u00fcber die Risiken durch die einwandernde Gattung Hyalomma.", "link": "https://www.spiegel.de/gesundheit/zecken-und-fsme-risikogebiete-hyalomma-laeuft-gezielt-auf-uns-zu-a-e757dba8-4874-47f2-8c98-102f4242c8d6#ref=rss", "language": "de", "comments": [], "page_rating_contents": 0, "permanent": false, "page_rating": 0}, {"tags": [], "page_rating_votes": 0, "page_rating_visits": 0, "vote": 0, "user": null, "bookmarked": false, "thumbnail": null, "dead": false, "source": "https://www.spiegel.de/schlagzeilen/index.rss", "source_obj__id": 84, "album": "", "date_published": "2024-03-06T06:40:00+00:00", "artist": null, "age": null, "title": "Streiks in Deutschland: Busse und Bahnen stehen in NRW still, Bahn und Flugh\u00e4fen folgen", "description": "Streikwoche in Deutschland: In vielen Regionen Nordrhein-Westfalens gibt es Ausf\u00e4lle im Nahverkehr, ab Donnerstag werden Arbeitsniederlegungen bei der Bahn und an Flugh\u00e4fen Reisende bundesweit ausbremsen.", "link": "https://www.spiegel.de/wirtschaft/service/streiks-in-deutschland-busse-und-bahnen-stehen-in-nrw-still-bahn-und-flughaefen-folgen-a-1041c794-2d7b-4c76-866c-c50323bc7e90#ref=rss", "language": "de", "comments": [], "page_rating_contents": 0, "permanent": false, "page_rating": 0}, {"tags": [], "page_rating_votes": 0, "page_rating_visits": 0, "vote": 0, "user": null, "bookmarked": false, "thumbnail": null, "dead": false, "source": "https://www.spiegel.de/schlagzeilen/index.rss", "source_obj__id": 84, "album": "", "date_published": "2024-03-06T06:27:00+00:00", "artist": null, "age": null, "title": "Israel-Gaza-Krieg: Ringen um Feuerpause vor Beginn des Ramadan", "description": "In wenigen Tagen beginnt der f\u00fcr Muslime heilige Fastenmonat. Die Vermittler im Gazakrieg wollen in letzter Minute noch eine Pause der Gefechte zustande bringen. Die USA fordern im Weltsicherheitsrat eine \u00bbsofortige Waffenruhe\u00ab.", "link": "https://www.spiegel.de/ausland/israel-gaza-krieg-ringen-um-feuerpause-vor-beginn-des-ramadan-a-29bae889-08ff-4a06-be80-b0e53efddfc4#ref=rss", "language": "de", "comments": [], "page_rating_contents": 0, "permanent": false, "page_rating": 0}, {"tags": [], "page_rating_votes": 0, "page_rating_visits": 0, "vote": 0, "user": null, "bookmarked": false, "thumbnail": null, "dead": false, "source": "https://www.spiegel.de/schlagzeilen/index.rss", "source_obj__id": 84, "album": "", "date_published": "2024-03-06T06:22:00+00:00", "artist": null, "age": null, "title": "Legend\u00e4rer Messi-Vertrag auf Serviette wird versteigert", "description": "\u00bbDie ber\u00fchmteste Serviette der Welt\u00ab: Eine auf ein St\u00fcck Papier gekritzelte Erkl\u00e4rung des FC Barcelona, Lionel Messi zu verpflichten, k\u00f6nnte Hunderttausende Dollar wert sein: Das Schreiben kommt jetzt unter den Hammer.", "link": "https://www.spiegel.de/panorama/leute/legendaerer-messi-vertrag-auf-serviette-wird-versteigert-a-e19b63b7-44bd-48a3-9c64-985e15ecd30d#ref=rss", "language": "de", "comments": [], "page_rating_contents": 0, "permanent": false, "page_rating": 0}, {"tags": [], "page_rating_votes": 0, "page_rating_visits": 0, "vote": 0, "user": null, "bookmarked": false, "thumbnail": null, "dead": false, "source": "https://www.spiegel.de/schlagzeilen/index.rss", "source_obj__id": 84, "album": "", "date_published": "2024-03-06T06:01:00+00:00", "artist": null, "age": null, "title": "\u00bbSuper Tuesday\u00ab in den USA: Trumps Wut, Bidens Chance", "description": "Der Superwahltag in den USA hat endg\u00fcltig die Weichen gestellt f\u00fcr das von vielen bef\u00fcrchtete Rematch im November: Joe Biden, 81, gegen Donald Trump, 76. Doch wo bleibt Nikki Haley? Vier Lehren aus den 16 Primarys vom Dienstag.", "link": "https://www.spiegel.de/ausland/super-tuesday-in-den-usa-trumps-wut-bidens-chance-a-70c3713e-0a97-4be8-ae73-fe48371276e7#ref=rss", "language": "de", "comments": [], "page_rating_contents": 0, "permanent": false, "page_rating": 0}, {"tags": [], "page_rating_votes": 0, "page_rating_visits": 0, "vote": 0, "user": null, "bookmarked": false, "thumbnail": null, "dead": false, "source": "https://www.spiegel.de/schlagzeilen/index.rss", "source_obj__id": 84, "album": "", "date_published": "2024-03-06T05:44:00+00:00", "artist": null, "age": null, "title": "Nikki Haley: Republikanerin gewinnt vor Donald Trump Vorwahl in Vermont", "description": "Ein symbolischer Erfolg, der aber nichts an der eindeutigen Dominanz von Ex-Pr\u00e4sident Trump in dem Rennen \u00e4ndert: Die fr\u00fchere Uno-Botschafterin Nikki Haley hat sich beim Super Tuesday im US-Bundesstaat Vermont durchgesetzt.", "link": "https://www.spiegel.de/ausland/nikki-haley-republikanerin-gewinnt-vor-donald-trump-vorwahl-in-vermont-a-77e5153a-146c-48ba-8b12-32257c9dec3f#ref=rss", "language": "de", "comments": [], "page_rating_contents": 0, "permanent": false, "page_rating": 0}, {"tags": [], "page_rating_votes": 0, "page_rating_visits": 0, "vote": 0, "user": null, "bookmarked": false, "thumbnail": null, "dead": false, "source": "https://www.spiegel.de/schlagzeilen/index.rss", "source_obj__id": 84, "album": "", "date_published": "2024-03-06T05:21:00+00:00", "artist": null, "age": null, "title": "Bund-L\u00e4nder-Gipfel zur Migration: Faeser erw\u00e4gt \u00bbengere Kooperationen\u00ab mit Staaten an Fluchtrouten", "description": "Unions-Ministerpr\u00e4sidenten werfen dem Bund Unt\u00e4tigkeit beim Thema Migration vor. Vor dem Bund-L\u00e4nder-Gipfel an diesem Mittwoch h\u00e4lt Innenministerin Faeser dagegen \u2013 und wird in einem Punkt deutlicher als bisher.", "link": "https://www.spiegel.de/politik/deutschland/bund-laender-gipfel-zur-migration-faeser-erwaegt-engere-kooperationen-mit-staaten-an-fluchtrouten-a-9b2d9e9e-a2c1-4e49-9d07-51a4e1e87c53#ref=rss", "language": "de", "comments": [], "page_rating_contents": 0, "permanent": false, "page_rating": 0}, {"tags": [], "page_rating_votes": 0, "page_rating_visits": 0, "vote": 0, "user": null, "bookmarked": false, "thumbnail": null, "dead": false, "source": "https://www.spiegel.de/schlagzeilen/index.rss", "source_obj__id": 84, "album": "", "date_published": "2024-03-06T05:18:00+00:00", "artist": null, "age": null, "title": "Berlin: Tempo 50 statt Tempo 30 \u2013 die Hauptstadt gibt wieder Gas", "description": "Berlins Verkehrssenatorin Manja Schreiner will auf vielen Stra\u00dfen wieder Tempo 50 anordnen. Die Luftgrenzwerte w\u00fcrden ja eingehalten. Nicht nur die Hauptstadt argumentiert beim Geschwindigkeitslimit kreativ.", "link": "https://www.spiegel.de/auto/berlin-tempo-50-statt-tempo-30-die-hauptstadt-gibt-wieder-gas-a-7791e56d-688c-44f0-b38f-b84e6b54af07#ref=rss", "language": "de", "comments": [], "page_rating_contents": 0, "permanent": false, "page_rating": 0}, {"tags": [], "page_rating_votes": 0, "page_rating_visits": 0, "vote": 0, "user": null, "bookmarked": false, "thumbnail": null, "dead": false, "source": "https://www.spiegel.de/schlagzeilen/index.rss", "source_obj__id": 84, "album": "", "date_published": "2024-03-06T05:13:00+00:00", "artist": null, "age": null, "title": "USA \u2013 Super Tuesday: Joe Biden verliert nur in Amerikanisch Samoa und warnt vor Trump", "description": "Gegenkandidaten hatte Joe Biden nicht bei den Vorwahlen der US-Demokraten. Nur in einem fernen US-Au\u00dfengebiet erlebte er eine \u00dcberraschung. F\u00fcr ihn beginnt schon der eigentliche Wahlkampf: gegen Donald Trump.", "link": "https://www.spiegel.de/ausland/usa-super-tuesday-joe-biden-verliert-nur-in-amerikanisch-samoa-und-warnt-vor-trump-a-89f2d66b-2997-4270-ba2e-3a64d62ddeab#ref=rss", "language": "de", "comments": [], "page_rating_contents": 0, "permanent": false, "page_rating": 0}, {"tags": [], "page_rating_votes": 0, "page_rating_visits": 0, "vote": 0, "user": null, "bookmarked": false, "thumbnail": null, "dead": false, "source": "https://www.spiegel.de/schlagzeilen/index.rss", "source_obj__id": 84, "album": "", "date_published": "2024-03-06T05:03:00+00:00", "artist": null, "age": null, "title": "Ewiges Leben: Autor Maxim Leo \u00fcber die Unsterblichkeit", "description": "Bestsellerautor Maxim Leo besch\u00e4ftigt sich in seinem neuen Roman mit der n\u00e4chsten wissenschaftlichen Revolution: Medikamente, die uns verj\u00fcngen. Ist, was Fortschritt auf diesem Gebiet m\u00f6glich macht, eine gute Idee?", "link": "https://www.spiegel.de/kultur/literatur/ewiges-leben-autor-maxim-leo-ueber-die-unsterblichkeit-a-8e02c705-6c5c-46a7-a97a-512fd698bda5#ref=rss", "language": "de", "comments": [], "page_rating_contents": 0, "permanent": false, "page_rating": 0}, {"tags": [], "page_rating_votes": 0, "page_rating_visits": 0, "vote": 0, "user": null, "bookmarked": false, "thumbnail": null, "dead": false, "source": "https://www.spiegel.de/schlagzeilen/index.rss", "source_obj__id": 84, "album": "", "date_published": "2024-03-06T04:25:00+00:00", "artist": null, "age": null, "title": "News: Super Tuesday, Ministerpr\u00e4sidentenkonferenz, Streikwelle", "description": "Was der Stillstand im Land mit dem neuen Selbstbewusstsein der Arbeitnehmer zu tun hat. Die Entpolitisierung der USA. Und: L\u00e4nderchefs debattieren \u00fcber Migration. Das ist die Lage am Mittwochmorgen.", "link": "https://www.spiegel.de/politik/deutschland/news-super-tuesday-ministerpraesidentenkonferenz-streikwelle-a-335a48bc-f575-48db-b5be-7a49aee58888#ref=rss", "language": "de", "comments": [], "page_rating_contents": 0, "permanent": false, "page_rating": 0}, {"tags": [], "page_rating_votes": 0, "page_rating_visits": 0, "vote": 0, "user": null, "bookmarked": false, "thumbnail": null, "dead": false, "source": "https://www.spiegel.de/schlagzeilen/index.rss", "source_obj__id": 84, "album": "", "date_published": "2024-03-06T02:12:00+00:00", "artist": null, "age": null, "title": "Peru: Premierminister Ot\u00e1rola tritt zur\u00fcck nach #MeToo-Skandal", "description": "Er soll eine junge Frau bedr\u00e4ngt und ihr einen \u00bbsehr bequemen\u00ab Job angeboten haben: Perus Premier ist in einen #MeToo-Skandal verwickelt. Die betroffene Frau spricht jedoch von einem Komplott.", "link": "https://www.spiegel.de/ausland/peru-premierminister-otarola-tritt-zurueck-nach-metoo-skandal-a-b2f14cb8-b042-4132-90c7-c05ef193259d#ref=rss", "language": "de", "comments": [], "page_rating_contents": 0, "permanent": false, "page_rating": 0}]