[{"tags": [], "page_rating_votes": 0, "page_rating_visits": 0, "vote": 0, "user": null, "bookmarked": false, "thumbnail": "https://s2982.pcdn.co/wp-content/uploads/2024/03/Untitled-design-2024-03-05T133710.441.jpg.optimal.jpg", "dead": false, "source": "https://bookriot.com/feed", "source_obj__id": 30, "album": "", "date_published": "2024-03-06T18:00:00+00:00", "artist": null, "age": null, "title": "New Nonfiction by Women", "description": "Which nonfiction books by women are you reading this month?", "link": "https://bookriot.com/new-nonfiction-by-women", "language": "en-US", "comments": [], "page_rating_contents": 0, "permanent": false, "page_rating": 0}, {"tags": [], "page_rating_votes": 0, "page_rating_visits": 0, "vote": 0, "user": null, "bookmarked": false, "thumbnail": "https://s2982.pcdn.co/wp-content/uploads/2024/03/a-colorful-promo-image-that-says-22Butterfly-in-the-Sky22.jpg.optimal.jpg", "dead": false, "source": "https://bookriot.com/feed", "source_obj__id": 30, "album": "", "date_published": "2024-03-06T17:20:50+00:00", "artist": null, "age": null, "title": "Reading Rainbow Documentary Trailer Drops", "description": "We now have a trailer!! \ud83d\udcda\ud83c\udf08\ud83e\udd8b", "link": "https://bookriot.com/reading-rainbow-documentary-trailer-drops", "language": "en-US", "comments": [], "page_rating_contents": 0, "permanent": false, "page_rating": 0}, {"tags": [], "page_rating_votes": 0, "page_rating_visits": 0, "vote": 0, "user": null, "bookmarked": false, "thumbnail": "https://s2982.pcdn.co/wp-content/uploads/2024/03/kids-deals.png", "dead": false, "source": "https://bookriot.com/feed", "source_obj__id": 30, "album": "", "date_published": "2024-03-06T16:15:39+00:00", "artist": null, "age": null, "title": "Book Riot\u2019s Children\u2019s Deals of the Day for March 6, 2024", "description": "Ramadan with Curious George, a princess academy, Snoopy saves the day, and more of today's best children's book deals.", "link": "https://bookriot.com/book-riots-childrens-deals-of-the-day-for-march-6-2024", "language": "en-US", "comments": [], "page_rating_contents": 0, "permanent": false, "page_rating": 0}, {"tags": [], "page_rating_votes": 0, "page_rating_visits": 0, "vote": 0, "user": null, "bookmarked": false, "thumbnail": "https://s2982.pcdn.co/wp-content/uploads/2024/03/romance-deals-collage-for-march-6-2024.jpg.optimal.jpg", "dead": false, "source": "https://bookriot.com/feed", "source_obj__id": 30, "album": "", "date_published": "2024-03-06T16:06:06+00:00", "artist": null, "age": null, "title": "Book Riot\u2019s Romance Deals for March 6, 2024", "description": "There's a Southern Wedding, a Historical Romantasy, Romantic Suspense, and More in Today's Best Romance Deals", "link": "https://bookriot.com/book-riots-romance-deals-for-march-6-2024", "language": "en-US", "comments": [], "page_rating_contents": 0, "permanent": false, "page_rating": 0}, {"tags": [], "page_rating_votes": 0, "page_rating_visits": 0, "vote": 0, "user": null, "bookmarked": false, "thumbnail": "https://s2982.pcdn.co/wp-content/uploads/2024/03/deals-030624.jpg.optimal.jpg", "dead": false, "source": "https://bookriot.com/feed", "source_obj__id": 30, "album": "", "date_published": "2024-03-06T13:30:00+00:00", "artist": null, "age": null, "title": "Book Riot\u2019s Deals of the Day for Wednesday, March 6, 2024", "description": "A small town enemies-to-lovers romance, finding refuge and friendship in books, women in wartime, and more of today's best book deals.", "link": "https://bookriot.com/book-riots-deals-of-the-day-for-wednesday-march-6-2024", "language": "en-US", "comments": [], "page_rating_contents": 0, "permanent": false, "page_rating": 0}, {"tags": [], "page_rating_votes": 0, "page_rating_visits": 0, "vote": 0, "user": null, "bookmarked": false, "thumbnail": "https://s2982.pcdn.co/wp-content/uploads/2024/03/the-butcher-of-the-forest.jpg.optimal.jpg", "dead": false, "source": "https://bookriot.com/feed", "source_obj__id": 30, "album": "", "date_published": "2024-03-06T13:00:00+00:00", "artist": null, "age": null, "title": "Missing Children and a Forbidden Forest Ruled by the Fae", "description": "**Dark fantasy/horror novella alert**", "link": "https://bookriot.com/read-this-book-march-6-2024", "language": "en-US", "comments": [], "page_rating_contents": 0, "permanent": false, "page_rating": 0}, {"tags": [], "page_rating_votes": 0, "page_rating_visits": 0, "vote": 0, "user": null, "bookmarked": false, "thumbnail": "https://s2982.pcdn.co/wp-content/uploads/2023/07/haunted-house.jpg.optimal.jpg", "dead": false, "source": "https://bookriot.com/feed", "source_obj__id": 30, "album": "", "date_published": "2024-03-06T12:30:00+00:00", "artist": null, "age": null, "title": "8 of the Best Haunted House Stories To Make You Shiver", "description": "What's your favorite haunted house book?", "link": "https://bookriot.com/best-haunted-house-stories", "language": "en-US", "comments": [], "page_rating_contents": 0, "permanent": false, "page_rating": 0}, {"tags": [], "page_rating_votes": 0, "page_rating_visits": 0, "vote": 0, "user": null, "bookmarked": false, "thumbnail": "https://s2982.pcdn.co/wp-content/uploads/2024/03/judt-one-more-chpter-succulent.jpg.optimal.jpg", "dead": false, "source": "https://bookriot.com/feed", "source_obj__id": 30, "album": "", "date_published": "2024-03-06T12:00:00+00:00", "artist": null, "age": null, "title": "10 of the Best Bookish Gifts for Gardeners", "description": "Bookish peeps and nature lovers, get in here!<p>- Ashlie Swicker</p>", "link": "https://bookriot.com/best-bookish-gifts-for-gardeners", "language": "en-US", "comments": [], "page_rating_contents": 0, "permanent": false, "page_rating": 0}, {"tags": [], "page_rating_votes": 0, "page_rating_visits": 0, "vote": 0, "user": null, "bookmarked": false, "thumbnail": "https://s2982.pcdn.co/wp-content/uploads/2024/03/covers.jpg.optimal.jpg", "dead": false, "source": "https://bookriot.com/feed", "source_obj__id": 30, "album": "", "date_published": "2024-03-06T11:30:00+00:00", "artist": null, "age": null, "title": "Spring into March with These New Comics and Graphic Novels", "description": "Get into these magical girls, kingdom-saving lesbian marriages, alternate dimensions, and more.", "link": "https://bookriot.com/march-2024-new-comics-and-graphic-novels", "language": "en-US", "comments": [], "page_rating_contents": 0, "permanent": false, "page_rating": 0}, {"tags": [], "page_rating_votes": 0, "page_rating_visits": 0, "vote": 0, "user": null, "bookmarked": false, "thumbnail": "https://s2982.pcdn.co/wp-content/uploads/2024/03/bride-partial-cover.jpg.optimal.jpg", "dead": false, "source": "https://bookriot.com/feed", "source_obj__id": 30, "album": "", "date_published": "2024-03-06T11:00:00+00:00", "artist": null, "age": null, "title": "10 Fresh Paranormal Romance Reads", "description": "A little monster romance never hurt anyone.", "link": "https://bookriot.com/fresh-paranormal-romance-reads", "language": "en-US", "comments": [], "page_rating_contents": 0, "permanent": false, "page_rating": 0}]