[{"tags": [], "page_rating_votes": 0, "page_rating_visits": 0, "vote": 0, "user": null, "bookmarked": false, "thumbnail": "https://img.lemde.fr/2024/03/06/250/0/3000/1500/644/322/60/0/13a7ec5_5833853-01-06.jpg", "dead": false, "source": "https://www.lemonde.fr/en/rss/une.xml", "source_obj__id": 189, "album": "", "date_published": "2024-03-06T23:23:05+00:00", "artist": null, "age": null, "title": "Champions League: Man City cruise into quarters, as Real Madrid 'suffer' in draw", "description": "The two European powerhouses have now secured their spot in the quarter-finals alongside Bayern Munich and Paris Saint-Germain; the remaining qualifiers will be determined next week.", "link": "https://www.lemonde.fr/en/sports/article/2024/03/07/champions-league-man-city-cruise-into-quarters-as-real-madrid-suffer-in-draw_6592865_9.html", "language": "en", "comments": [], "page_rating_contents": 0, "permanent": false, "page_rating": 0}, {"tags": [], "page_rating_votes": 0, "page_rating_visits": 0, "vote": 0, "user": null, "bookmarked": false, "thumbnail": "https://img.lemde.fr/2024/03/05/433/0/5172/2586/644/322/60/0/129f7a9_1709653464959-241018.jpg", "dead": false, "source": "https://www.lemonde.fr/en/rss/une.xml", "source_obj__id": 189, "album": "", "date_published": "2024-03-06T23:02:23+00:00", "artist": null, "age": null, "title": "2024 US presidential election: Nikki Haley drops out but doesn't endorse Donald Trump", "description": "Super Tuesday was fatal to Haley, who only won two primaries and never presented herself as an 'anti-Trump' candidate. Biden, meanwhile, has reached out to her electors.", "link": "https://www.lemonde.fr/en/international/article/2024/03/07/2024-us-presidential-election-nikki-haley-drops-out-but-doesn-t-endorse-donald-trump_6592799_4.html", "language": "en", "comments": [], "page_rating_contents": 0, "permanent": false, "page_rating": 0}, {"tags": [], "page_rating_votes": 0, "page_rating_visits": 0, "vote": 0, "user": null, "bookmarked": false, "thumbnail": "https://img.lemde.fr/2024/02/24/412/0/5000/2500/644/322/60/0/d42bba6_2024-02-24t142404z-1716633021-rc2296ar67js-rtrmadp-3-senegal-election.JPG", "dead": false, "source": "https://www.lemonde.fr/en/rss/une.xml", "source_obj__id": 189, "album": "", "date_published": "2024-03-06T22:52:28+00:00", "artist": null, "age": null, "title": "Senegal: Confusion surrounds new date for presidential election", "description": "President Macky Sall sparked a political crisis in early February by postponing the December 15 election, only to be overruled by the Constitutional Council. The government advanced on Wednesday the date of March 24 for the vote, moments before being contradicted, once again, by the top constitutional body.", "link": "https://www.lemonde.fr/en/le-monde-africa/article/2024/03/06/senegal-confusion-surrounds-new-date-for-presidential-election_6592733_124.html", "language": "en", "comments": [], "page_rating_contents": 0, "permanent": false, "page_rating": 0}, {"tags": [], "page_rating_votes": 0, "page_rating_visits": 0, "vote": 0, "user": null, "bookmarked": false, "thumbnail": "https://img.lemde.fr/2024/03/05/427/0/5500/2750/644/322/60/0/6828f03_2024-03-05t183130z-1994901458-rc2qw5akrj6o-rtrmadp-3-usa-child-labor-decision.JPG", "dead": false, "source": "https://www.lemonde.fr/en/rss/une.xml", "source_obj__id": 189, "album": "", "date_published": "2024-03-06T22:12:26+00:00", "artist": null, "age": null, "title": "DR Congo: Over 100,000 more displaced in clashes", "description": "The escalation underscores the deepening humanitarian crisis gripping the region, demanding urgent attention to protect civilian lives and address the underlying causes of the conflict.", "link": "https://www.lemonde.fr/en/le-monde-africa/article/2024/03/06/dr-congo-over-100-000-more-displaced-in-clashes_6592667_124.html", "language": "en", "comments": [], "page_rating_contents": 0, "permanent": false, "page_rating": 0}, {"tags": [], "page_rating_votes": 0, "page_rating_visits": 0, "vote": 0, "user": null, "bookmarked": false, "thumbnail": "https://img.lemde.fr/2024/03/06/250/0/3000/1500/644/322/60/0/127197a_186fd9a1f5cb42248f44ddb86bc08976-0-aaac6a8c682946c28ede78475a302c75.jpg", "dead": false, "source": "https://www.lemonde.fr/en/rss/une.xml", "source_obj__id": 189, "album": "", "date_published": "2024-03-06T19:46:50+00:00", "artist": null, "age": null, "title": "Zelensky and Greece's prime minister visited Odesa as it was rocked by a blast", "description": "The blast, a large explosion that the Russian military claimed as an attack on a hangar 'in which crewless cutters were being prepared for combat use,' was described as 'a very intense experience' by visiting Greek Prime Minister Kyriakos Mitsotakis.", "link": "https://www.lemonde.fr/en/international/article/2024/03/06/zelensky-and-greece-s-prime-minister-visited-odesa-as-it-was-rocked-by-a-blast_6592568_4.html", "language": "en", "comments": [], "page_rating_contents": 0, "permanent": false, "page_rating": 0}, {"tags": [], "page_rating_votes": 0, "page_rating_visits": 0, "vote": 0, "user": null, "bookmarked": false, "thumbnail": "https://img.lemde.fr/2024/03/03/472/0/5650/2825/644/322/60/0/deec37e_1709482614260-lgeai-mobilisation-deserteurs-36.jpg", "dead": false, "source": "https://www.lemonde.fr/en/rss/une.xml", "source_obj__id": 189, "album": "", "date_published": "2024-03-06T19:30:09+00:00", "artist": null, "age": null, "title": "Sham marriages, false papers: Ukrainians' frantic quest to dodge the draft", "description": "Instead of risking their lives by attempting to cross the border illegally, men are increasingly turning to other methods to avoid mobilization.", "link": "https://www.lemonde.fr/en/international/article/2024/03/06/sham-marriages-false-papers-ukrainians-frantic-quest-to-dodge-the-draft_6592535_4.html", "language": "en", "comments": [], "page_rating_contents": 0, "permanent": false, "page_rating": 0}, {"tags": [], "page_rating_votes": 0, "page_rating_visits": 0, "vote": 0, "user": null, "bookmarked": false, "thumbnail": "https://img.lemde.fr/2024/03/06/774/0/5261/2630/644/322/60/0/1e691cf_1709726483167-165786.jpg", "dead": false, "source": "https://www.lemonde.fr/en/rss/une.xml", "source_obj__id": 189, "album": "", "date_published": "2024-03-06T19:21:39+00:00", "artist": null, "age": null, "title": "Images of the catastrophic situation in Haiti, under the threat of 'civil war' from a gang leader", "description": "Amid reports of kidnappings, snipers on rooftops, and sexual violence, the UN Security Council will hold an emergency meeting on the escalation of violence in Haiti, where a gang leader has threatened 'civil war' if Prime Minister Ariel Henry does not resign.", "link": "https://www.lemonde.fr/en/international/article/2024/03/06/images-of-the-catastrophic-situation-in-haiti-under-the-threat-of-civil-war-from-a-gang-leader_6592402_4.html", "language": "en", "comments": [], "page_rating_contents": 0, "permanent": false, "page_rating": 0}, {"tags": [], "page_rating_votes": 0, "page_rating_visits": 0, "vote": 0, "user": null, "bookmarked": false, "thumbnail": "https://img.lemde.fr/2024/03/06/258/0/3095/1547/644/322/60/0/433407b_48f9aa8252e44836898617eeeba282d8-0-384b6955e07f4dbcbe016db9e6b3bd97.jpg", "dead": false, "source": "https://www.lemonde.fr/en/rss/une.xml", "source_obj__id": 189, "album": "", "date_published": "2024-03-06T18:32:54+00:00", "artist": null, "age": null, "title": "US Democrat challenger Dean Phillips ends primary run and endorses Biden", "description": "Representative Dean Phillips, 55, a Democrat from Minnesota who had campaigned on a platform calling for a new generation of Democratic leadership, has ended his long-shot presidential bid after President Joe Biden's sweeping Super Tuesday victory.", "link": "https://www.lemonde.fr/en/international/article/2024/03/06/us-democrat-challenger-dean-phillips-ends-primary-run-and-endorses-biden_6592303_4.html", "language": "en", "comments": [], "page_rating_contents": 0, "permanent": false, "page_rating": 0}, {"tags": [], "page_rating_votes": 0, "page_rating_visits": 0, "vote": 0, "user": null, "bookmarked": false, "thumbnail": "https://img.lemde.fr/2024/01/01/354/0/5500/2750/644/322/60/0/05eaad7_2024-01-01t163905z-1289328126-rc2395awj2nv-rtrmadp-3-olympics-2024.JPG", "dead": false, "source": "https://www.lemonde.fr/en/rss/une.xml", "source_obj__id": 189, "album": "", "date_published": "2024-03-06T18:19:41+00:00", "artist": null, "age": null, "title": "Paris Olympics 2024: Police allegedly cracking down on sex workers before the Games", "description": "A group of 17 non-government organizations have issued a report decrying a 'repression first' approach, employed by French police towards sex workers ahead of the 2024 Paris Olympic Games, which they claim harms 'the security and health of sex workers.'", "link": "https://www.lemonde.fr/en/france/article/2024/03/06/paris-olympics-2024-police-allegedly-cracking-down-on-sex-workers-before-the-games_6592202_7.html", "language": "en", "comments": [], "page_rating_contents": 0, "permanent": false, "page_rating": 0}, {"tags": [], "page_rating_votes": 0, "page_rating_visits": 0, "vote": 0, "user": null, "bookmarked": false, "thumbnail": "https://img.lemde.fr/2024/03/06/377/0/576/288/644/322/60/0/2fb8e8c_1709716614749-capture-da-ei-cran-2024-03-06-ai-10-16-45.png", "dead": false, "source": "https://www.lemonde.fr/en/rss/une.xml", "source_obj__id": 189, "album": "", "date_published": "2024-03-06T18:00:11+00:00", "artist": null, "age": null, "title": "Israel-Hamas war: Even Gaza's graveyards have suffered destruction", "description": "Nearly half the burial sites in the Palestinian enclave have suffered damage by armored vehicles, air strikes and artillery fire from the Israeli army.", "link": "https://www.lemonde.fr/en/international/article/2024/03/06/israel-hamas-war-even-gaza-s-graveyards-have-suffered-destruction_6592169_4.html", "language": "en", "comments": [], "page_rating_contents": 0, "permanent": false, "page_rating": 0}, {"tags": [], "page_rating_votes": 0, "page_rating_visits": 0, "vote": 0, "user": null, "bookmarked": false, "thumbnail": "https://img.lemde.fr/2024/02/15/333/0/4000/2000/644/322/60/0/97de679_74246fb5d06e4694a22209e67c9f227f-0-5b9b156b07194965a978d126ec639c5a.jpg", "dead": false, "source": "https://www.lemonde.fr/en/rss/une.xml", "source_obj__id": 189, "album": "", "date_published": "2024-03-06T16:52:46+00:00", "artist": null, "age": null, "title": "New York will deploy National Guard in subway after string of violent crimes", "description": "The New York governor announced that 1,000 New York State Police, MTAPD and the New York National Guard will be used to support the NYPD in conducting bag checks.", "link": "https://www.lemonde.fr/en/international/article/2024/03/06/new-york-will-deploy-national-guard-to-check-bags-for-weapons-at-subways-after-a-string-of-violent-crimes_6592069_4.html", "language": "en", "comments": [], "page_rating_contents": 0, "permanent": false, "page_rating": 0}, {"tags": [], "page_rating_votes": 0, "page_rating_visits": 0, "vote": 0, "user": null, "bookmarked": false, "thumbnail": "https://img.lemde.fr/2022/03/25/0/0/5524/2762/644/322/60/0/4dabef4_1648181497433-000-8xc7vp.jpg", "dead": false, "source": "https://www.lemonde.fr/en/rss/une.xml", "source_obj__id": 189, "album": "", "date_published": "2024-03-06T16:22:36+00:00", "artist": null, "age": null, "title": "Digital Markets Act: How the way you use Google Maps and Messenger is changing", "description": "New European Union regulation on digital markets is being enforced as of Wednesday, March 6, leading tech giants to modify certain functions of their services, with concrete effects on their European users' experience.", "link": "https://www.lemonde.fr/en/pixels/article/2024/03/06/digital-markets-act-how-the-way-you-use-google-maps-and-messenger-is-changing_6591969_13.html", "language": "en", "comments": [], "page_rating_contents": 0, "permanent": false, "page_rating": 0}, {"tags": [], "page_rating_votes": 0, "page_rating_visits": 0, "vote": 0, "user": null, "bookmarked": false, "thumbnail": "https://img.lemde.fr/2024/03/06/304/0/3645/1822/644/322/60/0/04c236b_3396284455d04e95a5c4d7cc10d84856-2-a754fdc3215840bb95d43ed5ea447ec9.jpg", "dead": false, "source": "https://www.lemonde.fr/en/rss/une.xml", "source_obj__id": 189, "album": "", "date_published": "2024-03-06T15:43:33+00:00", "artist": null, "age": null, "title": "Senate Republican Leader Mitch McConnell endorses Trump for president", "description": "His announcement marked quite the turnaround as McConnell had previously blamed Donald Trump for 'disgraceful' acts in the January 6 2021 Capitol insurrection.", "link": "https://www.lemonde.fr/en/united-states/article/2024/03/06/senate-republican-leader-mitch-mcconnell-endorses-trump-for-president_6591771_133.html", "language": "en", "comments": [], "page_rating_contents": 0, "permanent": false, "page_rating": 0}, {"tags": [], "page_rating_votes": 0, "page_rating_visits": 0, "vote": 0, "user": null, "bookmarked": false, "thumbnail": "https://img.lemde.fr/2024/03/06/409/0/4909/2454/644/322/60/0/212cfa0_5829324-01-06.jpg", "dead": false, "source": "https://www.lemonde.fr/en/rss/une.xml", "source_obj__id": 189, "album": "", "date_published": "2024-03-06T15:33:11+00:00", "artist": null, "age": null, "title": "Russia journalist jailed for seven years for criticizing Ukraine war", "description": "Roman Ivanov was found guilty of spreading 'false information' on social media about Russia's armed forces and punished under Moscow's strict military censorship laws.", "link": "https://www.lemonde.fr/en/international/article/2024/03/06/russia-sentences-journalist-to-seven-years-in-prison-for-criticizing-ukraine-offensive_6591738_4.html", "language": "en", "comments": [], "page_rating_contents": 0, "permanent": false, "page_rating": 0}, {"tags": [], "page_rating_votes": 0, "page_rating_visits": 0, "vote": 0, "user": null, "bookmarked": false, "thumbnail": "https://img.lemde.fr/2024/03/06/404/0/5132/2566/644/322/60/0/9132db4_2024-03-06t143807z-1911602842-rc2dg6a72g29-rtrmadp-3-russia-politics-kasparov.JPG", "dead": false, "source": "https://www.lemonde.fr/en/rss/une.xml", "source_obj__id": 189, "album": "", "date_published": "2024-03-06T15:26:33+00:00", "artist": null, "age": null, "title": "Russia adds chess legend Kasparov to 'terrorists and extremists' list", "description": "The former world chess champion has been a vocal opponent of Putin and has repeatedly spoken out against the military offensive in Ukraine.", "link": "https://www.lemonde.fr/en/international/article/2024/03/06/russia-adds-chess-legend-kasparov-to-terrorists-and-extremists-list_6591705_4.html", "language": "en", "comments": [], "page_rating_contents": 0, "permanent": false, "page_rating": 0}, {"tags": [], "page_rating_votes": 0, "page_rating_visits": 0, "vote": 0, "user": null, "bookmarked": false, "thumbnail": "https://img.lemde.fr/2024/03/06/451/0/5415/2707/644/322/60/0/8b4bfdb_2024-03-06t150959z-259018197-rc2fg6ao240x-rtrmadp-3-usa-election-haley.JPG", "dead": false, "source": "https://www.lemonde.fr/en/rss/une.xml", "source_obj__id": 189, "album": "", "date_published": "2024-03-06T15:12:32+00:00", "artist": null, "age": null, "title": "Nikki Haley suspends her campaign leaving Trump as only Republican candidate", "description": "The former South Carolina governor and ambassador to the UN did not endorse her rival in her post-Super Tuesday speech.", "link": "https://www.lemonde.fr/en/united-states/article/2024/03/06/nikki-haley-suspends-her-campaign-leaving-trump-as-only-republican-candidate_6591638_133.html", "language": "en", "comments": [], "page_rating_contents": 0, "permanent": false, "page_rating": 0}, {"tags": [], "page_rating_votes": 0, "page_rating_visits": 0, "vote": 0, "user": null, "bookmarked": false, "thumbnail": "https://img.lemde.fr/2024/03/06/254/0/7675/3837/644/322/60/0/18a8a41_5829234-01-06.jpg", "dead": false, "source": "https://www.lemonde.fr/en/rss/une.xml", "source_obj__id": 189, "album": "", "date_published": "2024-03-06T14:29:15+00:00", "artist": null, "age": null, "title": "Head of France's national cinema agency to be tried for sexual assault in June", "description": "Dominique Boutonnat, 54, was accused of sexually assaulting his godson in 2020. Despite this accusation, Boutonnat had been reappointed as the head of France's powerful National Centre of Cinema (CNC) in 2022.", "link": "https://www.lemonde.fr/en/france/article/2024/03/06/head-of-france-s-state-cinema-institution-to-be-tried-for-sexual-assault-in-june_6591407_7.html", "language": "en", "comments": [], "page_rating_contents": 0, "permanent": false, "page_rating": 0}, {"tags": [], "page_rating_votes": 0, "page_rating_visits": 0, "vote": 0, "user": null, "bookmarked": false, "thumbnail": "https://img.lemde.fr/2024/03/04/1008/0/4032/2016/644/322/60/0/9c56075_5813973-01-06.jpg", "dead": false, "source": "https://www.lemonde.fr/en/rss/une.xml", "source_obj__id": 189, "album": "", "date_published": "2024-03-06T13:44:29+00:00", "artist": null, "age": null, "title": "UN: 2023 was deadliest year for migrants in a decade", "description": "With nearly 8,600 deaths, a 20% increase on 2022 figures, 2023 was the deadliest year for migrants since records began to be kept by the UN's International Organization for Migration in 2014.", "link": "https://www.lemonde.fr/en/international/article/2024/03/06/un-2023-was-deadliest-year-on-record-for-migrants_6591274_4.html", "language": "en", "comments": [], "page_rating_contents": 0, "permanent": false, "page_rating": 0}, {"tags": [], "page_rating_votes": 0, "page_rating_visits": 0, "vote": 0, "user": null, "bookmarked": false, "thumbnail": "https://img.lemde.fr/2022/06/16/605/0/5650/2825/644/322/60/0/80e8801_1655355632429-lgeai-vo-moldavie-15juin2022-8.jpg", "dead": false, "source": "https://www.lemonde.fr/en/rss/une.xml", "source_obj__id": 189, "album": "", "date_published": "2024-03-06T13:25:48+00:00", "artist": null, "age": null, "title": "France and Moldova set to sign a defense cooperation pact", "description": "French President Emmanuel Macron and Moldovan leader Maia Sandu will sign a defense cooperation agreement in Paris on Thursday.", "link": "https://www.lemonde.fr/en/international/article/2024/03/06/france-and-moldova-set-to-sign-a-defense-cooperation-pact_6591241_4.html", "language": "en", "comments": [], "page_rating_contents": 0, "permanent": false, "page_rating": 0}, {"tags": [], "page_rating_votes": 0, "page_rating_visits": 0, "vote": 0, "user": null, "bookmarked": false, "thumbnail": "https://img.lemde.fr/2024/03/02/350/0/6338/3169/644/322/60/0/058e6e3_2024-03-02t223245z-54627167-up1ek321qmj9f-rtrmadp-3-soccer-spain-val-mad-report.JPG", "dead": false, "source": "https://www.lemonde.fr/en/rss/une.xml", "source_obj__id": 189, "album": "", "date_published": "2024-03-06T12:15:18+00:00", "artist": null, "age": null, "title": "Spain prosecutors seek jail for Real Madrid coach Ancelotti over alleged failure to declare earnings", "description": "The prosecutors are calling for Carlo Ancelotti to be jailed for four years and nine months, saying he failed to declare more than \u20ac1 million in earnings to the tax office.", "link": "https://www.lemonde.fr/en/football/article/2024/03/06/spain-prosecutors-seek-jail-for-real-madrid-coach-ancelotti-over-alleged-failure-to-declare-earnings_6591142_130.html", "language": "en", "comments": [], "page_rating_contents": 0, "permanent": false, "page_rating": 0}, {"tags": [], "page_rating_votes": 0, "page_rating_visits": 0, "vote": 0, "user": null, "bookmarked": false, "thumbnail": "https://img.lemde.fr/2024/03/05/346/0/4152/2076/644/322/60/0/91601a4_1709651071846-000-34kf38l.jpg", "dead": false, "source": "https://www.lemonde.fr/en/rss/une.xml", "source_obj__id": 189, "album": "", "date_published": "2024-03-06T11:56:30+00:00", "artist": null, "age": null, "title": "At Roman Polanski's defamation trial, defense blames '#MeToo and its alternative accountability'", "description": "The filmmaker was sued for defamation after calling actress Charlotte Lewis, who accused him of rape, a liar. His lawyers pleaded for acquittal in the name of the right to defend an 'accused person thrown to the wolves.'", "link": "https://www.lemonde.fr/en/france/article/2024/03/06/at-roman-polanski-trial-defense-blames-metoo-and-its-alternative-accountability_6591043_7.html", "language": "en", "comments": [], "page_rating_contents": 0, "permanent": false, "page_rating": 0}, {"tags": [], "page_rating_votes": 0, "page_rating_visits": 0, "vote": 0, "user": null, "bookmarked": false, "thumbnail": "https://img.lemde.fr/2024/03/06/133/0/1600/800/644/322/60/0/cd00ee0_1709717445502-161567.jpg", "dead": false, "source": "https://www.lemonde.fr/en/rss/une.xml", "source_obj__id": 189, "album": "", "date_published": "2024-03-06T11:24:36+00:00", "artist": null, "age": null, "title": "Gaza: Israel's unjustifiable scorched-earth policy", "description": "Five months after Israel began its response to the massacre of civilians by Hamas militiamen, the narrow strip of Palestinian land has been rendered largely uninhabitable. It is pointless to invoke the two-state solution if this martyred territory remains a field of ruins.", "link": "https://www.lemonde.fr/en/opinion/article/2024/03/06/gaza-israel-s-unjustifiable-scorched-earth-policy_6590845_23.html", "language": "en", "comments": [], "page_rating_contents": 0, "permanent": false, "page_rating": 0}, {"tags": [], "page_rating_votes": 0, "page_rating_visits": 0, "vote": 0, "user": null, "bookmarked": false, "thumbnail": "https://img.lemde.fr/2024/02/28/437/0/3935/1967/644/322/60/0/9acd298_5765149-01-06.jpg", "dead": false, "source": "https://www.lemonde.fr/en/rss/une.xml", "source_obj__id": 189, "album": "", "date_published": "2024-03-06T11:24:32+00:00", "artist": null, "age": null, "title": "Yulia Navalnaya calls for election day protest against Vladimir Putin", "description": "The widow of the late Russian opposition leader called for protestors to form long queues in an attempt to overload voting stations on March 6.", "link": "https://www.lemonde.fr/en/russia/article/2024/03/06/yulia-navalnaya-calls-for-election-day-protest-against-putin_6590878_140.html", "language": "en", "comments": [], "page_rating_contents": 0, "permanent": false, "page_rating": 0}, {"tags": [], "page_rating_votes": 0, "page_rating_visits": 0, "vote": 0, "user": null, "bookmarked": false, "thumbnail": "https://img.lemde.fr/2024/03/05/2137/0/3333/1666/644/322/60/0/111a896_1709679297487-ad019-lemaire-dsc08598.jpg", "dead": false, "source": "https://www.lemonde.fr/en/rss/une.xml", "source_obj__id": 189, "album": "", "date_published": "2024-03-06T10:49:51+00:00", "artist": null, "age": null, "title": "French finance minister: 'Reducing state spending by \u20ac10 billion is a first step'", "description": "In an interview with Le Monde, Bruno Le Maire details the steps the French government will take to reduce public spending and simplify administrative procedures.", "link": "https://www.lemonde.fr/en/france/article/2024/03/06/french-finance-minister-reducing-state-spending-by-10-billion-is-a-first-step_6590745_7.html", "language": "en", "comments": [], "page_rating_contents": 0, "permanent": false, "page_rating": 0}, {"tags": [], "page_rating_votes": 0, "page_rating_visits": 0, "vote": 0, "user": null, "bookmarked": false, "thumbnail": "https://img.lemde.fr/2024/02/26/123/0/6041/3020/644/322/60/0/59afc44_29cb656160cf49868f8973b38e277c8a-0-26723b03761a45c09530e1f51d83b856.jpg", "dead": false, "source": "https://www.lemonde.fr/en/rss/une.xml", "source_obj__id": 189, "album": "", "date_published": "2024-03-06T10:14:00+00:00", "artist": null, "age": null, "title": "'The debate over sending troops to Ukraine reveals profound differences in allies' approach to warfare'", "description": "The stalemate in the Ukrainian conflict and President Macron's call for a 'strategic surge' in dealing with Russia is forcing Westerners, united in their goal of defeating Moscow, to confront their cultural differences over the role each should play, writes Le Monde columnist Sylvie Kauffmann.", "link": "https://www.lemonde.fr/en/opinion/article/2024/03/06/the-debate-over-sending-troops-to-ukraine-reveals-profound-differences-in-allies-approach-to-warfare_6590613_23.html", "language": "en", "comments": [], "page_rating_contents": 0, "permanent": false, "page_rating": 0}, {"tags": [], "page_rating_votes": 0, "page_rating_visits": 0, "vote": 0, "user": null, "bookmarked": false, "thumbnail": "https://img.lemde.fr/2024/03/06/470/0/5639/2819/644/322/60/0/a894141_b903a156b5ec489db40c0f8ffba1b967-0-2ffc8ebb85934b4788c142dee3104f2c.jpg", "dead": false, "source": "https://www.lemonde.fr/en/rss/une.xml", "source_obj__id": 189, "album": "", "date_published": "2024-03-06T09:28:15+00:00", "artist": null, "age": null, "title": "Super Tuesday: In North Carolina, voters confirm Trump's grip on the GOP", "description": "The former president clinched a predictable victory in the state on Tuesday. But the vote was more notable for the nomination of Mark Robinson, a candidate known for his anti-LGBTQ and antisemitic rhetoric, in the gubernatorial race.", "link": "https://www.lemonde.fr/en/international/article/2024/03/06/super-tuesday-in-north-carolina-voters-confirm-trump-s-grip-on-the-gop_6590480_4.html", "language": "en", "comments": [], "page_rating_contents": 0, "permanent": false, "page_rating": 0}, {"tags": [], "page_rating_votes": 0, "page_rating_visits": 0, "vote": 0, "user": null, "bookmarked": false, "thumbnail": "https://img.lemde.fr/2024/03/06/422/0/5063/2531/644/322/60/0/90e77a6_5826553-01-06.jpg", "dead": false, "source": "https://www.lemonde.fr/en/rss/une.xml", "source_obj__id": 189, "album": "", "date_published": "2024-03-06T08:55:13+00:00", "artist": null, "age": null, "title": "Biden and Trump head for another face-off, after a surprise-less Super Tuesday", "description": "The former president triumphed, confirming his stranglehold on the Republican Party and crushing his rival, Nikki Haley, who won only the state of Vermont.", "link": "https://www.lemonde.fr/en/international/article/2024/03/06/biden-and-trump-head-for-another-face-off-after-a-surprise-less-super-tuesday_6590381_4.html", "language": "en", "comments": [], "page_rating_contents": 0, "permanent": false, "page_rating": 0}, {"tags": [], "page_rating_votes": 0, "page_rating_visits": 0, "vote": 0, "user": null, "bookmarked": false, "thumbnail": "https://img.lemde.fr/2024/03/05/325/0/4735/2367/644/322/60/0/665ac58_33e866c331be447da966cf3cbb38db28-0-a0dcc3d5dd1e4fa6809b56a063b95ac1.jpg", "dead": false, "source": "https://www.lemonde.fr/en/rss/une.xml", "source_obj__id": 189, "album": "", "date_published": "2024-03-06T04:00:17+00:00", "artist": null, "age": null, "title": "Terrorism remains the key challenge at the Paris 2024 Games", "description": "Speaking before the Senate, French Interior Minister G\u00e9rald Darmanin disclosed that one million security investigations will be carried out between now and the start of the Olympics, among other initiatives.", "link": "https://www.lemonde.fr/en/france/article/2024/03/06/terrorism-remains-the-key-challenge-at-the-paris-2024-games_6589983_7.html", "language": "en", "comments": [], "page_rating_contents": 0, "permanent": false, "page_rating": 0}, {"tags": [], "page_rating_votes": 0, "page_rating_visits": 0, "vote": 0, "user": null, "bookmarked": false, "thumbnail": "https://img.lemde.fr/2024/03/03/443/0/2953/1476/644/322/60/0/ddea893_1709496265353-2024-02-19-heg-ukraine-0051.JPG", "dead": false, "source": "https://www.lemonde.fr/en/rss/une.xml", "source_obj__id": 189, "album": "", "date_published": "2024-03-06T03:00:37+00:00", "artist": null, "age": null, "title": "Kharkiv is targeted by both Russian missiles and misinformation", "description": "Just a few kilometers from the Russian border, Ukraine's second-largest city has been relentlessly targeted by enemy missiles and drones. According to its mayor, a 'second phase' of the war has also begun via Telegram channels.", "link": "https://www.lemonde.fr/en/international/article/2024/03/06/kharkiv-is-targeted-by-both-russian-missiles-and-misinformation_6589816_4.html", "language": "en", "comments": [], "page_rating_contents": 0, "permanent": false, "page_rating": 0}, {"tags": [], "page_rating_votes": 0, "page_rating_visits": 0, "vote": 0, "user": null, "bookmarked": false, "thumbnail": "https://img.lemde.fr/2024/03/04/0/0/4000/2000/644/322/60/0/4b872c5_1709592267519-000-34kn9hz.jpg", "dead": false, "source": "https://www.lemonde.fr/en/rss/une.xml", "source_obj__id": 189, "album": "", "date_published": "2024-03-06T03:00:17+00:00", "artist": null, "age": null, "title": "Senegal: Opposition leader Ousmane Sonko, first to be released under partial amnesty?", "description": "The government's bill is scheduled for review and voting by MPs by Wednesday. However, the text, intended to alleviate political tensions stemming from the postponement of the presidential election, is already facing criticism.", "link": "https://www.lemonde.fr/en/le-monde-africa/article/2024/03/06/senegal-opposition-leader-ousmane-sonko-first-to-be-released-under-partial-amnesty_6589815_124.html", "language": "en", "comments": [], "page_rating_contents": 0, "permanent": false, "page_rating": 0}, {"tags": [], "page_rating_votes": 0, "page_rating_visits": 0, "vote": 0, "user": null, "bookmarked": false, "thumbnail": "https://img.lemde.fr/2024/03/06/434/0/5216/2608/644/322/60/0/b9448dd_1709691302696-3ad00ae-432a46eec05c4479bf0b2f3ca14ce7fc-1-809c211af0a245cea4e44e7fc77239f0.jpg", "dead": false, "source": "https://www.lemonde.fr/en/rss/une.xml", "source_obj__id": 189, "album": "", "date_published": "2024-03-06T02:07:06+00:00", "artist": null, "age": null, "title": "Biden and Trump secure Super Tuesday victories, moving closer to a November rematch", "description": "Trump's longshot challenger, former UN ambassador Nikki Haley, has so far failed to provide a significant obstacle in the former's president path to the nomination, losing every state in the Super Tuesday election.", "link": "https://www.lemonde.fr/en/international/article/2024/03/06/biden-and-trump-secure-super-tuesday-victories-move-closer-to-a-november-rematch_6589716_4.html", "language": "en", "comments": [], "page_rating_contents": 0, "permanent": false, "page_rating": 0}, {"tags": [], "page_rating_votes": 0, "page_rating_visits": 0, "vote": 0, "user": null, "bookmarked": false, "thumbnail": "https://img.lemde.fr/2024/03/05/533/0/6398/3199/644/322/60/0/ff1a5df_1709629255937-174531.jpg", "dead": false, "source": "https://www.lemonde.fr/en/rss/une.xml", "source_obj__id": 189, "album": "", "date_published": "2024-03-06T00:30:20+00:00", "artist": null, "age": null, "title": "Haiti: State of emergency declared in the capital plagued by gang violence, 'Everyone is afraid.'", "description": "The government has declared a 72-hour state of emergency in the city of Port-au-Prince, which has been gripped by a surge in violence since February 29. Heavily armed gangs aiming to overthrow Prime Minister Ariel Henry are behind the escalation.", "link": "https://www.lemonde.fr/en/international/article/2024/03/06/haiti-state-of-emergency-declared-in-the-capital-plagued-by-gang-violence-everyone-is-afraid_6589584_4.html", "language": "en", "comments": [], "page_rating_contents": 0, "permanent": false, "page_rating": 0}]