[{"tags": [], "page_rating_votes": 0, "page_rating_visits": 0, "vote": 0, "user": null, "bookmarked": false, "thumbnail": "https://external-preview.redd.it/cWo3MGJoZHZxc21jMRhnscA9PEqVJdgEKcD0hSRsBBOQ3Rt1CMBTKA8iC9GP.png?width=640&crop=smart&auto=webp&s=0cb610fe81af2403dd639dce083472a571e8bf68", "dead": false, "source": "https://www.reddit.com/r/3Dprinting/.rss", "source_obj__id": 3, "album": "", "date_published": "2024-03-06T23:15:44+00:00", "artist": null, "age": null, "title": "Had to try it too.", "description": "<table> <tr><td> <a href=\"https://www.reddit.com/r/3Dprinting/comments/1b8eipm/had_to_try_it_too/\"> <img alt=\"Had to try it too. \" src=\"https://external-preview.redd.it/cWo3MGJoZHZxc21jMRhnscA9PEqVJdgEKcD0hSRsBBOQ3Rt1CMBTKA8iC9GP.png?width=640&amp;crop=smart&amp;auto=webp&amp;s=0cb610fe81af2403dd639dce083472a571e8bf68\" title=\"Had to try it too. \" /> </a> </td><td> <!-- SC_OFF --><div class=\"md\"><p>Flexible PLA. Generic PLA settings. P1P. </p> </div><!-- SC_ON --> &#32; submitted by &#32; <a href=\"https://www.reddit.com/user/Zestyclose-Sun7421\"> /u/Zestyclose-Sun7421 </a> <br /> <span><a href=\"https://v.redd.it/d3dmfekvqsmc1\">[link]</a></span> &#32; <span><a href=\"https://www.reddit.com/r/3Dprinting/comments/1b8eipm/had_to_try_it_too/\">[comments]</a></span> </td></tr></table>", "link": "https://www.reddit.com/r/3Dprinting/comments/1b8eipm/had_to_try_it_too", "language": null, "comments": [], "page_rating_contents": 0, "permanent": false, "page_rating": 0}, {"tags": [], "page_rating_votes": 0, "page_rating_visits": 0, "vote": 0, "user": null, "bookmarked": false, "thumbnail": "https://b.thumbs.redditmedia.com/r7c8404snCODAgHkqdltcQu9B8QSHYi-6c3hw0c4QOo.jpg", "dead": false, "source": "https://www.reddit.com/r/3Dprinting/.rss", "source_obj__id": 3, "album": "", "date_published": "2024-03-06T21:32:05+00:00", "artist": null, "age": null, "title": "multi material \"stained glass\"", "description": "<table> <tr><td> <a href=\"https://www.reddit.com/r/3Dprinting/comments/1b8bwdf/multi_material_stained_glass/\"> <img alt=\"multi material &quot;stained glass&quot;\" src=\"https://b.thumbs.redditmedia.com/r7c8404snCODAgHkqdltcQu9B8QSHYi-6c3hw0c4QOo.jpg\" title=\"multi material &quot;stained glass&quot;\" /> </a> </td><td> &#32; submitted by &#32; <a href=\"https://www.reddit.com/user/calebkraft\"> /u/calebkraft </a> <br /> <span><a href=\"https://www.reddit.com/gallery/1b8bwdf\">[link]</a></span> &#32; <span><a href=\"https://www.reddit.com/r/3Dprinting/comments/1b8bwdf/multi_material_stained_glass/\">[comments]</a></span> </td></tr></table>", "link": "https://www.reddit.com/r/3Dprinting/comments/1b8bwdf/multi_material_stained_glass", "language": null, "comments": [], "page_rating_contents": 0, "permanent": false, "page_rating": 0}, {"tags": [], "page_rating_votes": 0, "page_rating_visits": 0, "vote": 0, "user": null, "bookmarked": false, "thumbnail": null, "dead": false, "source": "https://www.reddit.com/r/3Dprinting/.rss", "source_obj__id": 3, "album": "", "date_published": "2024-03-06T21:29:17+00:00", "artist": null, "age": null, "title": "UPDATE: Ender 3 v2 found in trash... It WORKS! (So far)", "description": "<!-- SC_OFF --><div class=\"md\"><p>Update, for those who were interested (and perhaps a question or two). As some of you may remember, I posted in this subReddit about 2 months ago about an Ender 3 v2 I found in the trash.</p> <p><a href=\"https://www.reddit.com/r/3Dprinting/comments/191itjf/ender3_found_in_trash_never_used_a_3d_printer/?utm_source=share&amp;utm_medium=web2x&amp;context=3\">https://www.reddit.com/r/3Dprinting/comments/191itjf/ender3_found_in_trash_never_used_a_3d_printer/?utm_source=share&amp;utm_medium=web2x&amp;context=3</a></p> <p>I knew nothing about 3D printers, never owned one, but had an interest to learn. I watched lots of YouTube videos about the parts and pieces of an Ender 3 v2. I compared them to what I had, and slowly began tinkering. The display screen and spool holder was missing, and the X-axis tensioner was broken off. But the big thing I discovered was that the hotend bracket was bent to the point where the rollers wouldn't tighten on the rail.", "link": "https://www.reddit.com/r/3Dprinting/comments/1b8btog/update_ender_3_v2_found_in_trash_it_works_so_far", "language": null, "comments": [], "page_rating_contents": 0, "permanent": false, "page_rating": 0}, {"tags": [], "page_rating_votes": 0, "page_rating_visits": 0, "vote": 0, "user": null, "bookmarked": false, "thumbnail": "https://external-preview.redd.it/aWo0ODRnbGYwc21jMdy_HO-VPtxO01VVUL6eu1kK8dnrHCXJhrwIyyQexCbj.png?width=640&crop=smart&auto=webp&s=39267ba0ed979f67b3d86161d034713ce9505249", "dead": false, "source": "https://www.reddit.com/r/3Dprinting/.rss", "source_obj__id": 3, "album": "", "date_published": "2024-03-06T20:47:21+00:00", "artist": null, "age": null, "title": "Starting on a Big Star Trek DS9 build", "description": "<table> <tr><td> <a href=\"https://www.reddit.com/r/3Dprinting/comments/1b8arlo/starting_on_a_big_star_trek_ds9_build/\"> <img alt=\"Starting on a Big Star Trek DS9 build\" src=\"https://external-preview.redd.it/aWo0ODRnbGYwc21jMdy_HO-VPtxO01VVUL6eu1kK8dnrHCXJhrwIyyQexCbj.png?width=640&amp;crop=smart&amp;auto=webp&amp;s=39267ba0ed979f67b3d86161d034713ce9505249\" title=\"Starting on a Big Star Trek DS9 build\" /> </a> </td><td> <!-- SC_OFF --><div class=\"md\"><p>Here is my first large print on the neptune 4 max I just got this week. I'm planning a huge Deep Space Nine model large enough I can dock other starships on. Here is a cat for scale.</p> </div><!-- SC_ON --> &#32; submitted by &#32; <a href=\"https://www.reddit.com/user/RandGco138\"> /u/RandGco138 </a> <br /> <span><a href=\"https://v.redd.it/zsv9qmag0smc1\">[link]</a></span> &#32; <span><a href=\"https://www.reddit.com/r/3Dprinting/comments/1b8arlo/starting_on_a_big_star_trek_ds9_build/\">[comments]</a></span> </td></tr></table>", "link": "https://www.reddit.com/r/3Dprinting/comments/1b8arlo/starting_on_a_big_star_trek_ds9_build", "language": null, "comments": [], "page_rating_contents": 0, "permanent": false, "page_rating": 0}, {"tags": [], "page_rating_votes": 0, "page_rating_visits": 0, "vote": 0, "user": null, "bookmarked": false, "thumbnail": "https://b.thumbs.redditmedia.com/Cf0rerKpbRqe5ENr-yXN9GM8WfmNhnSqShrciArI-6M.jpg", "dead": false, "source": "https://www.reddit.com/r/3Dprinting/.rss", "source_obj__id": 3, "album": "", "date_published": "2024-03-06T20:05:15+00:00", "artist": null, "age": null, "title": "I made an eczema scratching star since the actual one doesn\u2019t ship to the us. It\u2019s on printables for free.", "description": "<table> <tr><td> <a href=\"https://www.reddit.com/r/3Dprinting/comments/1b89p5b/i_made_an_eczema_scratching_star_since_the_actual/\"> <img alt=\"I made an eczema scratching star since the actual one doesn\u2019t ship to the us. It\u2019s on printables for free.\" src=\"https://b.thumbs.redditmedia.com/Cf0rerKpbRqe5ENr-yXN9GM8WfmNhnSqShrciArI-6M.jpg\" title=\"I made an eczema scratching star since the actual one doesn\u2019t ship to the us. It\u2019s on printables for free.\" /> </a> </td><td> <!-- SC_OFF --><div class=\"md\"><p>You can even hollow it out with lightning supports and put freezing gel inside. You may need a syringe but they\u2019re easy enough to get on Amazon. Link in comments.</p> </div><!-- SC_ON --> &#32; submitted by &#32; <a href=\"https://www.reddit.com/user/PearlEye_Official\"> /u/PearlEye_Official </a> <br /> <span><a href=\"https://www.reddit.com/gallery/1b89p5b\">[link]</a></span> &#32; <span><a href=\"https://www.reddit.com/r/3Dprinting/comments/1b89p5b/i_made_an_eczema_scratching_star_sin", "link": "https://www.reddit.com/r/3Dprinting/comments/1b89p5b/i_made_an_eczema_scratching_star_since_the_actual", "language": null, "comments": [], "page_rating_contents": 0, "permanent": false, "page_rating": 0}, {"tags": [], "page_rating_votes": 0, "page_rating_visits": 0, "vote": 0, "user": null, "bookmarked": false, "thumbnail": "https://b.thumbs.redditmedia.com/2H5yN6B72w_pIBO2vd2PgbI5AOu4eXrA3uKDPW4gnFE.jpg", "dead": false, "source": "https://www.reddit.com/r/3Dprinting/.rss", "source_obj__id": 3, "album": "", "date_published": "2024-03-06T18:46:59+00:00", "artist": null, "age": null, "title": "My latest 3d printed helmet!", "description": "<table> <tr><td> <a href=\"https://www.reddit.com/r/3Dprinting/comments/1b87o4e/my_latest_3d_printed_helmet/\"> <img alt=\"My latest 3d printed helmet!\" src=\"https://b.thumbs.redditmedia.com/2H5yN6B72w_pIBO2vd2PgbI5AOu4eXrA3uKDPW4gnFE.jpg\" title=\"My latest 3d printed helmet!\" /> </a> </td><td> <!-- SC_OFF --><div class=\"md\"><p>My latest project is this marine armor helmet from fallout 4. This is actually version 2, I remodeled it from scratch to include a bunch more detail and QOL features for cosplaying. Like recessed cavities inside the dome for battery packs, and a fan. Hope you guys dig :)</p> </div><!-- SC_ON --> &#32; submitted by &#32; <a href=\"https://www.reddit.com/user/babookluke\"> /u/babookluke </a> <br /> <span><a href=\"https://www.reddit.com/gallery/1b87o4e\">[link]</a></span> &#32; <span><a href=\"https://www.reddit.com/r/3Dprinting/comments/1b87o4e/my_latest_3d_printed_helmet/\">[comments]</a></span> </td></tr></table>", "link": "https://www.reddit.com/r/3Dprinting/comments/1b87o4e/my_latest_3d_printed_helmet", "language": null, "comments": [], "page_rating_contents": 0, "permanent": false, "page_rating": 0}, {"tags": [], "page_rating_votes": 0, "page_rating_visits": 0, "vote": 0, "user": null, "bookmarked": false, "thumbnail": "https://preview.redd.it/bdf7xw2a3rmc1.jpeg?width=640&crop=smart&auto=webp&s=734bf3fb65029a97ed6ad3ebe36ba5401ba555a3", "dead": false, "source": "https://www.reddit.com/r/3Dprinting/.rss", "source_obj__id": 3, "album": "", "date_published": "2024-03-06T17:41:28+00:00", "artist": null, "age": null, "title": "My friend 3d printed and colored for me", "description": "<table> <tr><td> <a href=\"https://www.reddit.com/r/3Dprinting/comments/1b85xyi/my_friend_3d_printed_and_colored_for_me/\"> <img alt=\"My friend 3d printed and colored for me\" src=\"https://preview.redd.it/bdf7xw2a3rmc1.jpeg?width=640&amp;crop=smart&amp;auto=webp&amp;s=734bf3fb65029a97ed6ad3ebe36ba5401ba555a3\" title=\"My friend 3d printed and colored for me\" /> </a> </td><td> <!-- SC_OFF --><div class=\"md\"><p>Cyborg Ninja from Metal Gear Solid (1998) Playstation 1</p> </div><!-- SC_ON --> &#32; submitted by &#32; <a href=\"https://www.reddit.com/user/SolidusSnakeus\"> /u/SolidusSnakeus </a> <br /> <span><a href=\"https://i.redd.it/bdf7xw2a3rmc1.jpeg\">[link]</a></span> &#32; <span><a href=\"https://www.reddit.com/r/3Dprinting/comments/1b85xyi/my_friend_3d_printed_and_colored_for_me/\">[comments]</a></span> </td></tr></table>", "link": "https://www.reddit.com/r/3Dprinting/comments/1b85xyi/my_friend_3d_printed_and_colored_for_me", "language": null, "comments": [], "page_rating_contents": 0, "permanent": false, "page_rating": 0}, {"tags": [], "page_rating_votes": 0, "page_rating_visits": 0, "vote": 0, "user": null, "bookmarked": false, "thumbnail": "https://preview.redd.it/6gz9h7iwyqmc1.jpeg?width=640&crop=smart&auto=webp&s=e460fe6f427706a9ce7cd2dc00ff2aa83af461c9", "dead": false, "source": "https://www.reddit.com/r/3Dprinting/.rss", "source_obj__id": 3, "album": "", "date_published": "2024-03-06T17:17:05+00:00", "artist": null, "age": null, "title": "Ninja Turtles 3D printed using a Saturn 2 and Sunlu standard resin. Painted with Vallejo and FolkArt paints.", "description": "<table> <tr><td> <a href=\"https://www.reddit.com/r/3Dprinting/comments/1b85al5/ninja_turtles_3d_printed_using_a_saturn_2_and/\"> <img alt=\"Ninja Turtles 3D printed using a Saturn 2 and Sunlu standard resin. Painted with Vallejo and FolkArt paints.\" src=\"https://preview.redd.it/6gz9h7iwyqmc1.jpeg?width=640&amp;crop=smart&amp;auto=webp&amp;s=e460fe6f427706a9ce7cd2dc00ff2aa83af461c9\" title=\"Ninja Turtles 3D printed using a Saturn 2 and Sunlu standard resin. Painted with Vallejo and FolkArt paints.\" /> </a> </td><td> &#32; submitted by &#32; <a href=\"https://www.reddit.com/user/swole_dork\"> /u/swole_dork </a> <br /> <span><a href=\"https://i.redd.it/6gz9h7iwyqmc1.jpeg\">[link]</a></span> &#32; <span><a href=\"https://www.reddit.com/r/3Dprinting/comments/1b85al5/ninja_turtles_3d_printed_using_a_saturn_2_and/\">[comments]</a></span> </td></tr></table>", "link": "https://www.reddit.com/r/3Dprinting/comments/1b85al5/ninja_turtles_3d_printed_using_a_saturn_2_and", "language": null, "comments": [], "page_rating_contents": 0, "permanent": false, "page_rating": 0}, {"tags": [], "page_rating_votes": 0, "page_rating_visits": 0, "vote": 0, "user": null, "bookmarked": false, "thumbnail": "https://preview.redd.it/2plk3bk7sqmc1.jpeg?width=640&crop=smart&auto=webp&s=5d6ad89abc2bbcda6560ac77a185131489aea577", "dead": false, "source": "https://www.reddit.com/r/3Dprinting/.rss", "source_obj__id": 3, "album": "", "date_published": "2024-03-06T16:39:37+00:00", "artist": null, "age": null, "title": "How to achieve this kind of finish with PLA?", "description": "<table> <tr><td> <a href=\"https://www.reddit.com/r/3Dprinting/comments/1b84aw8/how_to_achieve_this_kind_of_finish_with_pla/\"> <img alt=\"How to achieve this kind of finish with PLA?\" src=\"https://preview.redd.it/2plk3bk7sqmc1.jpeg?width=640&amp;crop=smart&amp;auto=webp&amp;s=5d6ad89abc2bbcda6560ac77a185131489aea577\" title=\"How to achieve this kind of finish with PLA?\" /> </a> </td><td> &#32; submitted by &#32; <a href=\"https://www.reddit.com/user/rtyui57\"> /u/rtyui57 </a> <br /> <span><a href=\"https://i.redd.it/2plk3bk7sqmc1.jpeg\">[link]</a></span> &#32; <span><a href=\"https://www.reddit.com/r/3Dprinting/comments/1b84aw8/how_to_achieve_this_kind_of_finish_with_pla/\">[comments]</a></span> </td></tr></table>", "link": "https://www.reddit.com/r/3Dprinting/comments/1b84aw8/how_to_achieve_this_kind_of_finish_with_pla", "language": null, "comments": [], "page_rating_contents": 0, "permanent": false, "page_rating": 0}, {"tags": [], "page_rating_votes": 0, "page_rating_visits": 0, "vote": 0, "user": null, "bookmarked": false, "thumbnail": "https://b.thumbs.redditmedia.com/D4nVZLAIOcOz3wyODg6IYTZ7f5U-iJSo6yWyM79F1sE.jpg", "dead": false, "source": "https://www.reddit.com/r/3Dprinting/.rss", "source_obj__id": 3, "album": "", "date_published": "2024-03-06T16:11:14+00:00", "artist": null, "age": null, "title": "Added a few more pokemon to the collection. ! Thinking about doing all 151 originals\u2026", "description": "<table> <tr><td> <a href=\"https://www.reddit.com/r/3Dprinting/comments/1b83kxr/added_a_few_more_pokemon_to_the_collection/\"> <img alt=\"Added a few more pokemon to the collection. ! Thinking about doing all 151 originals\u2026\" src=\"https://b.thumbs.redditmedia.com/D4nVZLAIOcOz3wyODg6IYTZ7f5U-iJSo6yWyM79F1sE.jpg\" title=\"Added a few more pokemon to the collection. ! Thinking about doing all 151 originals\u2026\" /> </a> </td><td> <!-- SC_OFF --><div class=\"md\"><p>So thankful for all the 3d modelers out there providing there art for free!!!</p> </div><!-- SC_ON --> &#32; submitted by &#32; <a href=\"https://www.reddit.com/user/Beneficial-Air-4437\"> /u/Beneficial-Air-4437 </a> <br /> <span><a href=\"https://www.reddit.com/gallery/1b83kxr\">[link]</a></span> &#32; <span><a href=\"https://www.reddit.com/r/3Dprinting/comments/1b83kxr/added_a_few_more_pokemon_to_the_collection/\">[comments]</a></span> </td></tr></table>", "link": "https://www.reddit.com/r/3Dprinting/comments/1b83kxr/added_a_few_more_pokemon_to_the_collection", "language": null, "comments": [], "page_rating_contents": 0, "permanent": false, "page_rating": 0}, {"tags": [], "page_rating_votes": 0, "page_rating_visits": 0, "vote": 0, "user": null, "bookmarked": false, "thumbnail": "https://b.thumbs.redditmedia.com/lhyw_o0i8fKndV8JbKh7PqF4wYR0szxphEje37LIcEQ.jpg", "dead": false, "source": "https://www.reddit.com/r/3Dprinting/.rss", "source_obj__id": 3, "album": "", "date_published": "2024-03-06T15:52:44+00:00", "artist": null, "age": null, "title": "Dr Doom Mask -A1 Mini", "description": "<table> <tr><td> <a href=\"https://www.reddit.com/r/3Dprinting/comments/1b833jq/dr_doom_mask_a1_mini/\"> <img alt=\"Dr Doom Mask -A1 Mini\" src=\"https://b.thumbs.redditmedia.com/lhyw_o0i8fKndV8JbKh7PqF4wYR0szxphEje37LIcEQ.jpg\" title=\"Dr Doom Mask -A1 Mini\" /> </a> </td><td> <!-- SC_OFF --><div class=\"md\"><p>.08, 17 hours. Hatchbox bronze PLA. A1 Mini is awesome!</p> </div><!-- SC_ON --> &#32; submitted by &#32; <a href=\"https://www.reddit.com/user/bcubedlabs\"> /u/bcubedlabs </a> <br /> <span><a href=\"https://www.reddit.com/gallery/1b833jq\">[link]</a></span> &#32; <span><a href=\"https://www.reddit.com/r/3Dprinting/comments/1b833jq/dr_doom_mask_a1_mini/\">[comments]</a></span> </td></tr></table>", "link": "https://www.reddit.com/r/3Dprinting/comments/1b833jq/dr_doom_mask_a1_mini", "language": null, "comments": [], "page_rating_contents": 0, "permanent": false, "page_rating": 0}, {"tags": [], "page_rating_votes": 0, "page_rating_visits": 0, "vote": 0, "user": null, "bookmarked": false, "thumbnail": null, "dead": false, "source": "https://www.reddit.com/r/3Dprinting/.rss", "source_obj__id": 3, "album": "", "date_published": "2024-03-06T15:45:06+00:00", "artist": null, "age": null, "title": "Creality Saga Continues", "description": "<!-- SC_OFF --><div class=\"md\"><p>Continuing the story on <a href=\"https://www.reddit.com/r/3Dprinting/comments/1b1tzd7/dont_buy_creality_printers_from_creality/?utm_source=share&amp;utm_medium=web3x&amp;utm_name=web3xcss&amp;utm_term=1&amp;utm_content=share_button\">https://www.reddit.com/r/3Dprinting/comments/1b1tzd7/dont_buy_creality_printers_from_creality</a></p> <p>Creality still haven't send me a mainboard because... well... they don't have it and are still producing it for a week!! Anyway, sorry for the rant, but I feel I need to warn others to be very careful with creality. </p> <p>&#x200b;</p> <p>The printers are good when they work but Its a chinese company that don't give a damn about their customers.</p> <p>&#x200b;</p> <p>Don't buy directly from creality! Buy from amazon or a store that you can replace it easely!</p> </div><!-- SC_ON --> &#32; submitted by &#32; <a href=\"https://www.reddit.com/user/Apprehensive_Bar6609\"> /u/Apprehensive_Bar6609 </a> <br /> <span><", "link": "https://www.reddit.com/r/3Dprinting/comments/1b82woj/creality_saga_continues", "language": null, "comments": [], "page_rating_contents": 0, "permanent": false, "page_rating": 0}, {"tags": [], "page_rating_votes": 0, "page_rating_visits": 0, "vote": 0, "user": null, "bookmarked": false, "thumbnail": "https://external-preview.redd.it/Mjg4NWJ3YTBmcW1jMQTIxI0zDvAu4rJXinpAfkMW1QVVzO7J9J7TAhiJU7o-.png?width=640&crop=smart&auto=webp&s=e4cc2a7bdb7c8fded944cf9c91cf869738ff172d", "dead": false, "source": "https://www.reddit.com/r/3Dprinting/.rss", "source_obj__id": 3, "album": "", "date_published": "2024-03-06T15:25:15+00:00", "artist": null, "age": null, "title": "I made an overcomplicated Business Card", "description": "<table> <tr><td> <a href=\"https://www.reddit.com/r/3Dprinting/comments/1b82fcc/i_made_an_overcomplicated_business_card/\"> <img alt=\"I made an overcomplicated Business Card\" src=\"https://external-preview.redd.it/Mjg4NWJ3YTBmcW1jMQTIxI0zDvAu4rJXinpAfkMW1QVVzO7J9J7TAhiJU7o-.png?width=640&amp;crop=smart&amp;auto=webp&amp;s=e4cc2a7bdb7c8fded944cf9c91cf869738ff172d\" title=\"I made an overcomplicated Business Card\" /> </a> </td><td> &#32; submitted by &#32; <a href=\"https://www.reddit.com/user/agepbiz\"> /u/agepbiz </a> <br /> <span><a href=\"https://v.redd.it/gv80wrn1eqmc1\">[link]</a></span> &#32; <span><a href=\"https://www.reddit.com/r/3Dprinting/comments/1b82fcc/i_made_an_overcomplicated_business_card/\">[comments]</a></span> </td></tr></table>", "link": "https://www.reddit.com/r/3Dprinting/comments/1b82fcc/i_made_an_overcomplicated_business_card", "language": null, "comments": [], "page_rating_contents": 0, "permanent": false, "page_rating": 0}, {"tags": [], "page_rating_votes": 0, "page_rating_visits": 0, "vote": 0, "user": null, "bookmarked": false, "thumbnail": "https://preview.redd.it/3qg8iea6aqmc1.jpeg?width=640&crop=smart&auto=webp&s=cb605ef95406c7a15214a60b42285016f115cef0", "dead": false, "source": "https://www.reddit.com/r/3Dprinting/.rss", "source_obj__id": 3, "album": "", "date_published": "2024-03-06T14:58:34+00:00", "artist": null, "age": null, "title": "Made a Diglett fidget using modifiers!", "description": "<table> <tr><td> <a href=\"https://www.reddit.com/r/3Dprinting/comments/1b81rk2/made_a_diglett_fidget_using_modifiers/\"> <img alt=\"Made a Diglett fidget using modifiers!\" src=\"https://preview.redd.it/3qg8iea6aqmc1.jpeg?width=640&amp;crop=smart&amp;auto=webp&amp;s=cb605ef95406c7a15214a60b42285016f115cef0\" title=\"Made a Diglett fidget using modifiers!\" /> </a> </td><td> &#32; submitted by &#32; <a href=\"https://www.reddit.com/user/madebyaadil\"> /u/madebyaadil </a> <br /> <span><a href=\"https://i.redd.it/3qg8iea6aqmc1.jpeg\">[link]</a></span> &#32; <span><a href=\"https://www.reddit.com/r/3Dprinting/comments/1b81rk2/made_a_diglett_fidget_using_modifiers/\">[comments]</a></span> </td></tr></table>", "link": "https://www.reddit.com/r/3Dprinting/comments/1b81rk2/made_a_diglett_fidget_using_modifiers", "language": null, "comments": [], "page_rating_contents": 0, "permanent": false, "page_rating": 0}, {"tags": [], "page_rating_votes": 0, "page_rating_visits": 0, "vote": 0, "user": null, "bookmarked": false, "thumbnail": "https://preview.redd.it/5r7echo0vpmc1.jpeg?width=640&crop=smart&auto=webp&s=7f47731c0eb61070a40ff2fc8dd9568bb2ab81d0", "dead": false, "source": "https://www.reddit.com/r/3Dprinting/.rss", "source_obj__id": 3, "album": "", "date_published": "2024-03-06T13:33:12+00:00", "artist": null, "age": null, "title": "Cute planter switch fidget toy I made", "description": "<table> <tr><td> <a href=\"https://www.reddit.com/r/3Dprinting/comments/1b7zskg/cute_planter_switch_fidget_toy_i_made/\"> <img alt=\"Cute planter switch fidget toy I made\" src=\"https://preview.redd.it/5r7echo0vpmc1.jpeg?width=640&amp;crop=smart&amp;auto=webp&amp;s=7f47731c0eb61070a40ff2fc8dd9568bb2ab81d0\" title=\"Cute planter switch fidget toy I made\" /> </a> </td><td> <!-- SC_OFF --><div class=\"md\"><p>Hi, I just wanted to share this switch fidget toy I just made, it's completely free at this link: <a href=\"https://makerworld.com/en/models/212931\">https://makerworld.com/en/models/212931</a></p> </div><!-- SC_ON --> &#32; submitted by &#32; <a href=\"https://www.reddit.com/user/Creative_rooster00\"> /u/Creative_rooster00 </a> <br /> <span><a href=\"https://i.redd.it/5r7echo0vpmc1.jpeg\">[link]</a></span> &#32; <span><a href=\"https://www.reddit.com/r/3Dprinting/comments/1b7zskg/cute_planter_switch_fidget_toy_i_made/\">[comments]</a></span> </td></tr></table>", "link": "https://www.reddit.com/r/3Dprinting/comments/1b7zskg/cute_planter_switch_fidget_toy_i_made", "language": null, "comments": [], "page_rating_contents": 0, "permanent": false, "page_rating": 0}, {"tags": [], "page_rating_votes": 0, "page_rating_visits": 0, "vote": 0, "user": null, "bookmarked": false, "thumbnail": "https://preview.redd.it/7c45yjcfupmc1.jpeg?width=640&crop=smart&auto=webp&s=dbdccb722da4b2ab9207a46b833d5c006be8aed4", "dead": false, "source": "https://www.reddit.com/r/3Dprinting/.rss", "source_obj__id": 3, "album": "", "date_published": "2024-03-06T13:30:47+00:00", "artist": null, "age": null, "title": "For those who don't believe that wet filament is a thing, I present the following", "description": "<table> <tr><td> <a href=\"https://www.reddit.com/r/3Dprinting/comments/1b7zqo3/for_those_who_dont_believe_that_wet_filament_is_a/\"> <img alt=\"For those who don't believe that wet filament is a thing, I present the following\" src=\"https://preview.redd.it/7c45yjcfupmc1.jpeg?width=640&amp;crop=smart&amp;auto=webp&amp;s=dbdccb722da4b2ab9207a46b833d5c006be8aed4\" title=\"For those who don't believe that wet filament is a thing, I present the following\" /> </a> </td><td> &#32; submitted by &#32; <a href=\"https://www.reddit.com/user/Look_0ver_There\"> /u/Look_0ver_There </a> <br /> <span><a href=\"https://i.redd.it/7c45yjcfupmc1.jpeg\">[link]</a></span> &#32; <span><a href=\"https://www.reddit.com/r/3Dprinting/comments/1b7zqo3/for_those_who_dont_believe_that_wet_filament_is_a/\">[comments]</a></span> </td></tr></table>", "link": "https://www.reddit.com/r/3Dprinting/comments/1b7zqo3/for_those_who_dont_believe_that_wet_filament_is_a", "language": null, "comments": [], "page_rating_contents": 0, "permanent": false, "page_rating": 0}, {"tags": [], "page_rating_votes": 0, "page_rating_visits": 0, "vote": 0, "user": null, "bookmarked": false, "thumbnail": null, "dead": false, "source": "https://www.reddit.com/r/3Dprinting/.rss", "source_obj__id": 3, "album": "", "date_published": "2024-03-06T13:15:21+00:00", "artist": null, "age": null, "title": "Why are Lulzbot printers so utterly expensive?", "description": "<!-- SC_OFF --><div class=\"md\"><p>Ive been looking for a 3D Printer for a friend, pretty quickly resulted to Elegoos Neptune series, or Crealitys Ender series. Those usually cost like 200-500 with proper sizes and specifications, all good.</p> <p>Then the friend mentioned Lulzbot, so I checked them out. They have 9 printers in total, the cheapest costs 1.2K, and the newest 8K? What for?</p> <p>Their specifications are completely basic, sometimes even worse with 0.5mm nozzle instead of 0.4, a rather slow move speed, etc.</p> <p>Why do these things cost multiple thousands? </p> </div><!-- SC_ON --> &#32; submitted by &#32; <a href=\"https://www.reddit.com/user/TrackLabs\"> /u/TrackLabs </a> <br /> <span><a href=\"https://www.reddit.com/r/3Dprinting/comments/1b7zey0/why_are_lulzbot_printers_so_utterly_expensive/\">[link]</a></span> &#32; <span><a href=\"https://www.reddit.com/r/3Dprinting/comments/1b7zey0/why_are_lulzbot_printers_so_utterly_expensive/\">[comments]</a></span>", "link": "https://www.reddit.com/r/3Dprinting/comments/1b7zey0/why_are_lulzbot_printers_so_utterly_expensive", "language": null, "comments": [], "page_rating_contents": 0, "permanent": false, "page_rating": 0}, {"tags": [], "page_rating_votes": 0, "page_rating_visits": 0, "vote": 0, "user": null, "bookmarked": false, "thumbnail": "https://preview.redd.it/dvzo9qunqpmc1.png?width=640&crop=smart&auto=webp&s=2bf756b8709b81a014130e5f1ab32a6506688e4a", "dead": false, "source": "https://www.reddit.com/r/3Dprinting/.rss", "source_obj__id": 3, "album": "", "date_published": "2024-03-06T13:08:49+00:00", "artist": null, "age": null, "title": "What funny things to print for bathroom?", "description": "<table> <tr><td> <a href=\"https://www.reddit.com/r/3Dprinting/comments/1b7z9vx/what_funny_things_to_print_for_bathroom/\"> <img alt=\"What funny things to print for bathroom?\" src=\"https://preview.redd.it/dvzo9qunqpmc1.png?width=640&amp;crop=smart&amp;auto=webp&amp;s=2bf756b8709b81a014130e5f1ab32a6506688e4a\" title=\"What funny things to print for bathroom?\" /> </a> </td><td> <!-- SC_OFF --><div class=\"md\"><p>I have been printing funny stuff and putting it in my mom's bathroom on the empty shelf. I've run out of funny .stl files. Anyone have anything good? My latest bathroom print</p> </div><!-- SC_ON --> &#32; submitted by &#32; <a href=\"https://www.reddit.com/user/FlyingStudio22\"> /u/FlyingStudio22 </a> <br /> <span><a href=\"https://i.redd.it/dvzo9qunqpmc1.png\">[link]</a></span> &#32; <span><a href=\"https://www.reddit.com/r/3Dprinting/comments/1b7z9vx/what_funny_things_to_print_for_bathroom/\">[comments]</a></span> </td></tr></table>", "link": "https://www.reddit.com/r/3Dprinting/comments/1b7z9vx/what_funny_things_to_print_for_bathroom", "language": null, "comments": [], "page_rating_contents": 0, "permanent": false, "page_rating": 0}, {"tags": [], "page_rating_votes": 0, "page_rating_visits": 0, "vote": 0, "user": null, "bookmarked": false, "thumbnail": "https://preview.redd.it/dtfjqylswomc1.jpeg?width=640&crop=smart&auto=webp&s=9b6b7dcc36bd667129f0143af78c1d2579239eca", "dead": false, "source": "https://www.reddit.com/r/3Dprinting/.rss", "source_obj__id": 3, "album": "", "date_published": "2024-03-06T10:21:22+00:00", "artist": null, "age": null, "title": "I am having the best time with my Creality Ender V3 KE", "description": "<table> <tr><td> <a href=\"https://www.reddit.com/r/3Dprinting/comments/1b7wd7k/i_am_having_the_best_time_with_my_creality_ender/\"> <img alt=\"I am having the best time with my Creality Ender V3 KE\" src=\"https://preview.redd.it/dtfjqylswomc1.jpeg?width=640&amp;crop=smart&amp;auto=webp&amp;s=9b6b7dcc36bd667129f0143af78c1d2579239eca\" title=\"I am having the best time with my Creality Ender V3 KE\" /> </a> </td><td> &#32; submitted by &#32; <a href=\"https://www.reddit.com/user/C_Wiseman\"> /u/C_Wiseman </a> <br /> <span><a href=\"https://i.redd.it/dtfjqylswomc1.jpeg\">[link]</a></span> &#32; <span><a href=\"https://www.reddit.com/r/3Dprinting/comments/1b7wd7k/i_am_having_the_best_time_with_my_creality_ender/\">[comments]</a></span> </td></tr></table>", "link": "https://www.reddit.com/r/3Dprinting/comments/1b7wd7k/i_am_having_the_best_time_with_my_creality_ender", "language": null, "comments": [], "page_rating_contents": 0, "permanent": false, "page_rating": 0}, {"tags": [], "page_rating_votes": 0, "page_rating_visits": 0, "vote": 0, "user": null, "bookmarked": false, "thumbnail": "https://b.thumbs.redditmedia.com/i_-1o3sCC8C77AJXs7LQw8i-MAVhY_wlmzSnqWjfeHo.jpg", "dead": false, "source": "https://www.reddit.com/r/3Dprinting/.rss", "source_obj__id": 3, "album": "", "date_published": "2024-03-06T09:59:48+00:00", "artist": null, "age": null, "title": "I printed a reason to buy a new hotend", "description": "<table> <tr><td> <a href=\"https://www.reddit.com/r/3Dprinting/comments/1b7w129/i_printed_a_reason_to_buy_a_new_hotend/\"> <img alt=\"I printed a reason to buy a new hotend\" src=\"https://b.thumbs.redditmedia.com/i_-1o3sCC8C77AJXs7LQw8i-MAVhY_wlmzSnqWjfeHo.jpg\" title=\"I printed a reason to buy a new hotend\" /> </a> </td><td> &#32; submitted by &#32; <a href=\"https://www.reddit.com/user/Feisty_Republic2358\"> /u/Feisty_Republic2358 </a> <br /> <span><a href=\"https://www.reddit.com/gallery/1b7w129\">[link]</a></span> &#32; <span><a href=\"https://www.reddit.com/r/3Dprinting/comments/1b7w129/i_printed_a_reason_to_buy_a_new_hotend/\">[comments]</a></span> </td></tr></table>", "link": "https://www.reddit.com/r/3Dprinting/comments/1b7w129/i_printed_a_reason_to_buy_a_new_hotend", "language": null, "comments": [], "page_rating_contents": 0, "permanent": false, "page_rating": 0}, {"tags": [], "page_rating_votes": 0, "page_rating_visits": 0, "vote": 0, "user": null, "bookmarked": false, "thumbnail": "https://b.thumbs.redditmedia.com/mWxj1MgRvnR0j4cYQFBzlE38vKa8XSW1F179Sbqg2Ws.jpg", "dead": false, "source": "https://www.reddit.com/r/3Dprinting/.rss", "source_obj__id": 3, "album": "", "date_published": "2024-03-06T09:55:54+00:00", "artist": null, "age": null, "title": "How can I improve this? It looks lumpy", "description": "<table> <tr><td> <a href=\"https://www.reddit.com/r/3Dprinting/comments/1b7vz3s/how_can_i_improve_this_it_looks_lumpy/\"> <img alt=\"How can I improve this? It looks lumpy\" src=\"https://b.thumbs.redditmedia.com/mWxj1MgRvnR0j4cYQFBzlE38vKa8XSW1F179Sbqg2Ws.jpg\" title=\"How can I improve this? It looks lumpy\" /> </a> </td><td> &#32; submitted by &#32; <a href=\"https://www.reddit.com/user/TheBestTomatoKing\"> /u/TheBestTomatoKing </a> <br /> <span><a href=\"https://www.reddit.com/gallery/1b7vz3s\">[link]</a></span> &#32; <span><a href=\"https://www.reddit.com/r/3Dprinting/comments/1b7vz3s/how_can_i_improve_this_it_looks_lumpy/\">[comments]</a></span> </td></tr></table>", "link": "https://www.reddit.com/r/3Dprinting/comments/1b7vz3s/how_can_i_improve_this_it_looks_lumpy", "language": null, "comments": [], "page_rating_contents": 0, "permanent": false, "page_rating": 0}, {"tags": [], "page_rating_votes": 0, "page_rating_visits": 0, "vote": 0, "user": null, "bookmarked": false, "thumbnail": "https://b.thumbs.redditmedia.com/6BjimKVQIyhspaQWMMbYy_YX99obCpEZXHV2DTl6HQU.jpg", "dead": false, "source": "https://www.reddit.com/r/3Dprinting/.rss", "source_obj__id": 3, "album": "", "date_published": "2024-03-06T08:31:03+00:00", "artist": null, "age": null, "title": "Bird Lamp. I created this bird lamp for school and it came out very nice. I made the stick out of wood but you can also print it. I will link the files (free) for if anyone wants to recreate it:) I used the components of a cheap lamp.", "description": "<table> <tr><td> <a href=\"https://www.reddit.com/r/3Dprinting/comments/1b7urlm/bird_lamp_i_created_this_bird_lamp_for_school_and/\"> <img alt=\"Bird Lamp. I created this bird lamp for school and it came out very nice. I made the stick out of wood but you can also print it. I will link the files (free) for if anyone wants to recreate it:) I used the components of a cheap lamp.\" src=\"https://b.thumbs.redditmedia.com/6BjimKVQIyhspaQWMMbYy_YX99obCpEZXHV2DTl6HQU.jpg\" title=\"Bird Lamp. I created this bird lamp for school and it came out very nice. I made the stick out of wood but you can also print it. I will link the files (free) for if anyone wants to recreate it:) I used the components of a cheap lamp.\" /> </a> </td><td> &#32; submitted by &#32; <a href=\"https://www.reddit.com/user/MatthijsK3\"> /u/MatthijsK3 </a> <br /> <span><a href=\"https://makerworld.com/en/models/227965\">[link]</a></span> &#32; <span><a href=\"https://www.reddit.com/r/3Dprinting/comments/1b7urlm/bird_lamp_i_cre", "link": "https://www.reddit.com/r/3Dprinting/comments/1b7urlm/bird_lamp_i_created_this_bird_lamp_for_school_and", "language": null, "comments": [], "page_rating_contents": 0, "permanent": false, "page_rating": 0}, {"tags": [], "page_rating_votes": 0, "page_rating_visits": 0, "vote": 0, "user": null, "bookmarked": false, "thumbnail": "https://external-preview.redd.it/ZzFiZ256dW4xb21jMTNoWBOnTpPMIbk2tKmaGVAl9hzteKSH4Ax2Hv2u8Yq6.png?width=140&height=78&crop=140:78,smart&format=jpg&v=enabled&lthumb=true&s=751fe42158e1de9fd83804912a95c3b702f80abf", "dead": false, "source": "https://www.reddit.com/r/3Dprinting/.rss", "source_obj__id": 3, "album": "", "date_published": "2024-03-06T07:27:44+00:00", "artist": null, "age": null, "title": "3D Printing Hidden Images Into Desserts", "description": "<table> <tr><td> <a href=\"https://www.reddit.com/r/3Dprinting/comments/1b7ttnj/3d_printing_hidden_images_into_desserts/\"> <img alt=\"3D Printing Hidden Images Into Desserts\" src=\"https://external-preview.redd.it/ZzFiZ256dW4xb21jMTNoWBOnTpPMIbk2tKmaGVAl9hzteKSH4Ax2Hv2u8Yq6.png?width=140&amp;height=78&amp;crop=140:78,smart&amp;format=jpg&amp;v=enabled&amp;lthumb=true&amp;s=751fe42158e1de9fd83804912a95c3b702f80abf\" title=\"3D Printing Hidden Images Into Desserts\" /> </a> </td><td> &#32; submitted by &#32; <a href=\"https://www.reddit.com/user/3DPrintingBootcamp\"> /u/3DPrintingBootcamp </a> <br /> <span><a href=\"https://v.redd.it/vcygneim1omc1\">[link]</a></span> &#32; <span><a href=\"https://www.reddit.com/r/3Dprinting/comments/1b7ttnj/3d_printing_hidden_images_into_desserts/\">[comments]</a></span> </td></tr></table>", "link": "https://www.reddit.com/r/3Dprinting/comments/1b7ttnj/3d_printing_hidden_images_into_desserts", "language": null, "comments": [], "page_rating_contents": 0, "permanent": false, "page_rating": 0}, {"tags": [], "page_rating_votes": 0, "page_rating_visits": 0, "vote": 0, "user": null, "bookmarked": false, "thumbnail": "https://b.thumbs.redditmedia.com/BFH6_2q3N47BpLWgr5qvQ-h8LFvLbaOMfiBnU97WGZg.jpg", "dead": false, "source": "https://www.reddit.com/r/3Dprinting/.rss", "source_obj__id": 3, "album": "", "date_published": "2024-03-06T06:54:31+00:00", "artist": null, "age": null, "title": "Why?", "description": "<table> <tr><td> <a href=\"https://www.reddit.com/r/3Dprinting/comments/1b7tay1/why/\"> <img alt=\"Why?\" src=\"https://b.thumbs.redditmedia.com/BFH6_2q3N47BpLWgr5qvQ-h8LFvLbaOMfiBnU97WGZg.jpg\" title=\"Why?\" /> </a> </td><td> <!-- SC_OFF --><div class=\"md\"><p>I just bought a new filament and this happens, why? 190<em>C pla 60</em>C bedheating</p> </div><!-- SC_ON --> &#32; submitted by &#32; <a href=\"https://www.reddit.com/user/Low-Faithlessness230\"> /u/Low-Faithlessness230 </a> <br /> <span><a href=\"https://www.reddit.com/gallery/1b7tay1\">[link]</a></span> &#32; <span><a href=\"https://www.reddit.com/r/3Dprinting/comments/1b7tay1/why/\">[comments]</a></span> </td></tr></table>", "link": "https://www.reddit.com/r/3Dprinting/comments/1b7tay1/why", "language": null, "comments": [], "page_rating_contents": 0, "permanent": false, "page_rating": 0}, {"tags": [], "page_rating_votes": 0, "page_rating_visits": 0, "vote": 0, "user": null, "bookmarked": false, "thumbnail": "https://external-preview.redd.it/dnMwbnJzZHhxbm1jMTGXNOZeUz8DrUK8LivcRv943UWUVaFOpvRWXu3KXbC7.png?width=640&crop=smart&auto=webp&s=2fe9d839096bb51213fe5be5c6c9163970b7c86d", "dead": false, "source": "https://www.reddit.com/r/3Dprinting/.rss", "source_obj__id": 3, "album": "", "date_published": "2024-03-06T06:26:43+00:00", "artist": null, "age": null, "title": "Voroff - A New Auto Ejection 3D Printer", "description": "<table> <tr><td> <a href=\"https://www.reddit.com/r/3Dprinting/comments/1b7suku/voroff_a_new_auto_ejection_3d_printer/\"> <img alt=\"Voroff - A New Auto Ejection 3D Printer\" src=\"https://external-preview.redd.it/dnMwbnJzZHhxbm1jMTGXNOZeUz8DrUK8LivcRv943UWUVaFOpvRWXu3KXbC7.png?width=640&amp;crop=smart&amp;auto=webp&amp;s=2fe9d839096bb51213fe5be5c6c9163970b7c86d\" title=\"Voroff - A New Auto Ejection 3D Printer\" /> </a> </td><td> &#32; submitted by &#32; <a href=\"https://www.reddit.com/user/AllTheGreenArrows\"> /u/AllTheGreenArrows </a> <br /> <span><a href=\"https://v.redd.it/k3paf5spqnmc1\">[link]</a></span> &#32; <span><a href=\"https://www.reddit.com/r/3Dprinting/comments/1b7suku/voroff_a_new_auto_ejection_3d_printer/\">[comments]</a></span> </td></tr></table>", "link": "https://www.reddit.com/r/3Dprinting/comments/1b7suku/voroff_a_new_auto_ejection_3d_printer", "language": null, "comments": [], "page_rating_contents": 0, "permanent": false, "page_rating": 0}, {"tags": [], "page_rating_votes": 0, "page_rating_visits": 0, "vote": 0, "user": null, "bookmarked": false, "thumbnail": "https://external-preview.redd.it/Znk5eHZsbGtxbm1jMf2M_PX3sPY7bzBUjCjEOWZx1BmIjHEQn2lysfOoKPUr.png?width=640&crop=smart&auto=webp&s=4930cb2e7df736892b2b9d1e61749bddb60e5c41", "dead": false, "source": "https://www.reddit.com/r/3Dprinting/.rss", "source_obj__id": 3, "album": "", "date_published": "2024-03-06T06:24:45+00:00", "artist": null, "age": null, "title": "Next Project?", "description": "<table> <tr><td> <a href=\"https://www.reddit.com/r/3Dprinting/comments/1b7ste7/next_project/\"> <img alt=\"Next Project? \" src=\"https://external-preview.redd.it/Znk5eHZsbGtxbm1jMf2M_PX3sPY7bzBUjCjEOWZx1BmIjHEQn2lysfOoKPUr.png?width=640&amp;crop=smart&amp;auto=webp&amp;s=4930cb2e7df736892b2b9d1e61749bddb60e5c41\" title=\"Next Project? \" /> </a> </td><td> &#32; submitted by &#32; <a href=\"https://www.reddit.com/user/TwitchinPlays\"> /u/TwitchinPlays </a> <br /> <span><a href=\"https://v.redd.it/2qrbhlokqnmc1\">[link]</a></span> &#32; <span><a href=\"https://www.reddit.com/r/3Dprinting/comments/1b7ste7/next_project/\">[comments]</a></span> </td></tr></table>", "link": "https://www.reddit.com/r/3Dprinting/comments/1b7ste7/next_project", "language": null, "comments": [], "page_rating_contents": 0, "permanent": false, "page_rating": 0}, {"tags": [], "page_rating_votes": 0, "page_rating_visits": 0, "vote": 0, "user": null, "bookmarked": false, "thumbnail": "https://b.thumbs.redditmedia.com/BSeEhq06blWbcHItICBQjyhzaIUjNCb243KjeTBRQeo.jpg", "dead": false, "source": "https://www.reddit.com/r/3Dprinting/.rss", "source_obj__id": 3, "album": "", "date_published": "2024-03-06T05:35:10+00:00", "artist": null, "age": null, "title": "I made a night light for my soon-to-be-born baby. Not perfect but happy with the result :)", "description": "<table> <tr><td> <a href=\"https://www.reddit.com/r/3Dprinting/comments/1b7rxh1/i_made_a_night_light_for_my_soontobeborn_baby_not/\"> <img alt=\"I made a night light for my soon-to-be-born baby. Not perfect but happy with the result :)\" src=\"https://b.thumbs.redditmedia.com/BSeEhq06blWbcHItICBQjyhzaIUjNCb243KjeTBRQeo.jpg\" title=\"I made a night light for my soon-to-be-born baby. Not perfect but happy with the result :)\" /> </a> </td><td> &#32; submitted by &#32; <a href=\"https://www.reddit.com/user/H3ct0rrr\"> /u/H3ct0rrr </a> <br /> <span><a href=\"https://www.reddit.com/gallery/1b7rxh1\">[link]</a></span> &#32; <span><a href=\"https://www.reddit.com/r/3Dprinting/comments/1b7rxh1/i_made_a_night_light_for_my_soontobeborn_baby_not/\">[comments]</a></span> </td></tr></table>", "link": "https://www.reddit.com/r/3Dprinting/comments/1b7rxh1/i_made_a_night_light_for_my_soontobeborn_baby_not", "language": null, "comments": [], "page_rating_contents": 0, "permanent": false, "page_rating": 0}, {"tags": [], "page_rating_votes": 0, "page_rating_visits": 0, "vote": 0, "user": null, "bookmarked": false, "thumbnail": "https://b.thumbs.redditmedia.com/MLOOR-C6x6jPmSIO-t8eLQWdPS6RyNBs-2-kzaZVHtk.jpg", "dead": false, "source": "https://www.reddit.com/r/3Dprinting/.rss", "source_obj__id": 3, "album": "", "date_published": "2024-03-06T03:46:28+00:00", "artist": null, "age": null, "title": "My first print that I designed myself, a fingerboard spot with all my favorite things. Feedback is more than welcome", "description": "<table> <tr><td> <a href=\"https://www.reddit.com/r/3Dprinting/comments/1b7puje/my_first_print_that_i_designed_myself_a/\"> <img alt=\"My first print that I designed myself, a fingerboard spot with all my favorite things. Feedback is more than welcome\" src=\"https://b.thumbs.redditmedia.com/MLOOR-C6x6jPmSIO-t8eLQWdPS6RyNBs-2-kzaZVHtk.jpg\" title=\"My first print that I designed myself, a fingerboard spot with all my favorite things. Feedback is more than welcome\" /> </a> </td><td> &#32; submitted by &#32; <a href=\"https://www.reddit.com/user/Playful-Fennel6145\"> /u/Playful-Fennel6145 </a> <br /> <span><a href=\"https://www.reddit.com/gallery/1b7puje\">[link]</a></span> &#32; <span><a href=\"https://www.reddit.com/r/3Dprinting/comments/1b7puje/my_first_print_that_i_designed_myself_a/\">[comments]</a></span> </td></tr></table>", "link": "https://www.reddit.com/r/3Dprinting/comments/1b7puje/my_first_print_that_i_designed_myself_a", "language": null, "comments": [], "page_rating_contents": 0, "permanent": false, "page_rating": 0}, {"tags": [], "page_rating_votes": 0, "page_rating_visits": 0, "vote": 0, "user": null, "bookmarked": false, "thumbnail": "https://b.thumbs.redditmedia.com/iSS8gXj_lTnCSZWYTbMBMxKW3kF_WDXaI_kkFwAiqjk.jpg", "dead": false, "source": "https://www.reddit.com/r/3Dprinting/.rss", "source_obj__id": 3, "album": "", "date_published": "2024-03-06T03:42:18+00:00", "artist": null, "age": null, "title": "I 3D printed enclosures for electric components, but they don't withstand the forces of their usecase. What is the best way to print such a part?", "description": "<table> <tr><td> <a href=\"https://www.reddit.com/r/3Dprinting/comments/1b7pril/i_3d_printed_enclosures_for_electric_components/\"> <img alt=\"I 3D printed enclosures for electric components, but they don't withstand the forces of their usecase. What is the best way to print such a part?\" src=\"https://b.thumbs.redditmedia.com/iSS8gXj_lTnCSZWYTbMBMxKW3kF_WDXaI_kkFwAiqjk.jpg\" title=\"I 3D printed enclosures for electric components, but they don't withstand the forces of their usecase. What is the best way to print such a part?\" /> </a> </td><td> <!-- SC_OFF --><div class=\"md\"><p>I am building juggling sticks with LEDs and designed and 3D printed a cylindrical enclosure for the electric parts in the end of the sticks. Printed with Elegoo Saturn 2, Sunlu ABS like Resin and a wall thickness of 2mm. Problem is: they shatter into pieces after a couple of hours because you drop the stick and when it's a critical hit, the 3D print can't withstand the impact. I once tried using pvc pipe in", "link": "https://www.reddit.com/r/3Dprinting/comments/1b7pril/i_3d_printed_enclosures_for_electric_components", "language": null, "comments": [], "page_rating_contents": 0, "permanent": false, "page_rating": 0}, {"tags": [], "page_rating_votes": 0, "page_rating_visits": 0, "vote": 0, "user": null, "bookmarked": false, "thumbnail": "https://preview.redd.it/wk2w3m8gsmmc1.jpeg?width=640&crop=smart&auto=webp&s=ff8d7aa2c00af42b5ffa1c96e1248f93c73046e5", "dead": false, "source": "https://www.reddit.com/r/3Dprinting/.rss", "source_obj__id": 3, "album": "", "date_published": "2024-03-06T03:14:06+00:00", "artist": null, "age": null, "title": "Has anyone else noticed that PTFE is triboluminescent?", "description": "<table> <tr><td> <a href=\"https://www.reddit.com/r/3Dprinting/comments/1b7p6k0/has_anyone_else_noticed_that_ptfe_is/\"> <img alt=\"Has anyone else noticed that PTFE is triboluminescent?\" src=\"https://preview.redd.it/wk2w3m8gsmmc1.jpeg?width=640&amp;crop=smart&amp;auto=webp&amp;s=ff8d7aa2c00af42b5ffa1c96e1248f93c73046e5\" title=\"Has anyone else noticed that PTFE is triboluminescent?\" /> </a> </td><td> &#32; submitted by &#32; <a href=\"https://www.reddit.com/user/RelevantMetaUsername\"> /u/RelevantMetaUsername </a> <br /> <span><a href=\"https://i.redd.it/wk2w3m8gsmmc1.jpeg\">[link]</a></span> &#32; <span><a href=\"https://www.reddit.com/r/3Dprinting/comments/1b7p6k0/has_anyone_else_noticed_that_ptfe_is/\">[comments]</a></span> </td></tr></table>", "link": "https://www.reddit.com/r/3Dprinting/comments/1b7p6k0/has_anyone_else_noticed_that_ptfe_is", "language": null, "comments": [], "page_rating_contents": 0, "permanent": false, "page_rating": 0}, {"tags": [], "page_rating_votes": 0, "page_rating_visits": 0, "vote": 0, "user": null, "bookmarked": false, "thumbnail": "https://external-preview.redd.it/MDN2emc2OXpwbW1jMS9mqkviSvP1q2SqRo-iILkOZvtKCq5Qhh9b7X__ZHv_.png?width=640&crop=smart&auto=webp&s=f933afd1d76f49cb7f9eea67557c10e4a52decc1", "dead": false, "source": "https://www.reddit.com/r/3Dprinting/.rss", "source_obj__id": 3, "album": "", "date_published": "2024-03-06T02:59:53+00:00", "artist": null, "age": null, "title": "She bounces", "description": "<table> <tr><td> <a href=\"https://www.reddit.com/r/3Dprinting/comments/1b7ovjz/she_bounces/\"> <img alt=\"She bounces\" src=\"https://external-preview.redd.it/MDN2emc2OXpwbW1jMS9mqkviSvP1q2SqRo-iILkOZvtKCq5Qhh9b7X__ZHv_.png?width=640&amp;crop=smart&amp;auto=webp&amp;s=f933afd1d76f49cb7f9eea67557c10e4a52decc1\" title=\"She bounces\" /> </a> </td><td> <!-- SC_OFF --><div class=\"md\"><p>Printed on the P1S with super pla. Bounces with little effort too. </p> </div><!-- SC_ON --> &#32; submitted by &#32; <a href=\"https://www.reddit.com/user/GoodAsh\"> /u/GoodAsh </a> <br /> <span><a href=\"https://v.redd.it/wykxq6czpmmc1\">[link]</a></span> &#32; <span><a href=\"https://www.reddit.com/r/3Dprinting/comments/1b7ovjz/she_bounces/\">[comments]</a></span> </td></tr></table>", "link": "https://www.reddit.com/r/3Dprinting/comments/1b7ovjz/she_bounces", "language": null, "comments": [], "page_rating_contents": 0, "permanent": false, "page_rating": 0}, {"tags": [], "page_rating_votes": 0, "page_rating_visits": 0, "vote": 0, "user": null, "bookmarked": false, "thumbnail": "https://b.thumbs.redditmedia.com/ROC9_OuOvZmsPMyTaVmQQvc4NJUPwuKsgzBJrpxpIyk.jpg", "dead": false, "source": "https://www.reddit.com/r/3Dprinting/.rss", "source_obj__id": 3, "album": "", "date_published": "2024-03-06T02:28:00+00:00", "artist": null, "age": null, "title": "Print is fairly clean except for where supports were. 3 different filaments tried, same sliced file, same result on 3 balls.", "description": "<table> <tr><td> <a href=\"https://www.reddit.com/r/3Dprinting/comments/1b7o6r4/print_is_fairly_clean_except_for_where_supports/\"> <img alt=\"Print is fairly clean except for where supports were. 3 different filaments tried, same sliced file, same result on 3 balls.\" src=\"https://b.thumbs.redditmedia.com/ROC9_OuOvZmsPMyTaVmQQvc4NJUPwuKsgzBJrpxpIyk.jpg\" title=\"Print is fairly clean except for where supports were. 3 different filaments tried, same sliced file, same result on 3 balls.\" /> </a> </td><td> <!-- SC_OFF --><div class=\"md\"><p>Cr10s pro v2 150mm/s infill 100 mm/s walls 200/60 5% infill Fan 100%.</p> <p>The balls are cat toys so they actually like the rough bits to rub on but I'm just curious what would cause the supports to leave such a narsty surface.</p> </div><!-- SC_ON --> &#32; submitted by &#32; <a href=\"https://www.reddit.com/user/stinkytootz\"> /u/stinkytootz </a> <br /> <span><a href=\"https://www.reddit.com/gallery/1b7o6r4\">[link]</a></span> &#32; <span><a href=\"", "link": "https://www.reddit.com/r/3Dprinting/comments/1b7o6r4/print_is_fairly_clean_except_for_where_supports", "language": null, "comments": [], "page_rating_contents": 0, "permanent": false, "page_rating": 0}, {"tags": [], "page_rating_votes": 0, "page_rating_visits": 0, "vote": 0, "user": null, "bookmarked": false, "thumbnail": "https://b.thumbs.redditmedia.com/_jS8Etg6RICpUvBDj-SiLUG97sQA0hSwM7GNMJcjtDk.jpg", "dead": false, "source": "https://www.reddit.com/r/3Dprinting/.rss", "source_obj__id": 3, "album": "", "date_published": "2024-03-06T02:00:18+00:00", "artist": null, "age": null, "title": "Reminder with switches", "description": "<table> <tr><td> <a href=\"https://www.reddit.com/r/3Dprinting/comments/1b7nl4z/reminder_with_switches/\"> <img alt=\"Reminder with switches\" src=\"https://b.thumbs.redditmedia.com/_jS8Etg6RICpUvBDj-SiLUG97sQA0hSwM7GNMJcjtDk.jpg\" title=\"Reminder with switches\" /> </a> </td><td> <!-- SC_OFF --><div class=\"md\"><p>I just got done designing this <a href=\"https://makerworld.com/models/230187\">https://makerworld.com/models/230187</a></p> <p>Basically I'm using switches because the method with the sliders it kept reseting easily when someone moved it, a door opens, etc.</p> </div><!-- SC_ON --> &#32; submitted by &#32; <a href=\"https://www.reddit.com/user/crua9\"> /u/crua9 </a> <br /> <span><a href=\"https://www.reddit.com/gallery/1b7nl4z\">[link]</a></span> &#32; <span><a href=\"https://www.reddit.com/r/3Dprinting/comments/1b7nl4z/reminder_with_switches/\">[comments]</a></span> </td></tr></table>", "link": "https://www.reddit.com/r/3Dprinting/comments/1b7nl4z/reminder_with_switches", "language": null, "comments": [], "page_rating_contents": 0, "permanent": false, "page_rating": 0}, {"tags": [], "page_rating_votes": 0, "page_rating_visits": 0, "vote": 0, "user": null, "bookmarked": false, "thumbnail": "https://preview.redd.it/3asx4t1ybmmc1.jpeg?width=640&crop=smart&auto=webp&s=312398a7e12d568936db7e8382505a7dac35f55f", "dead": false, "source": "https://www.reddit.com/r/3Dprinting/.rss", "source_obj__id": 3, "album": "", "date_published": "2024-03-06T01:40:57+00:00", "artist": null, "age": null, "title": "Need to Find Yellow Paint", "description": "<table> <tr><td> <a href=\"https://www.reddit.com/r/3Dprinting/comments/1b7n6f5/need_to_find_yellow_paint/\"> <img alt=\"Need to Find Yellow Paint\" src=\"https://preview.redd.it/3asx4t1ybmmc1.jpeg?width=640&amp;crop=smart&amp;auto=webp&amp;s=312398a7e12d568936db7e8382505a7dac35f55f\" title=\"Need to Find Yellow Paint\" /> </a> </td><td> <!-- SC_OFF --><div class=\"md\"><p>I'm printing some military props and I need to find a spray can of flat yellow. Been to Lowes and it's all gloss. Only one can of flat and it was a much lighter yellow. I figured there's a chance someone has done this before and might have the perfect color. </p> </div><!-- SC_ON --> &#32; submitted by &#32; <a href=\"https://www.reddit.com/user/blboyd\"> /u/blboyd </a> <br /> <span><a href=\"https://i.redd.it/3asx4t1ybmmc1.jpeg\">[link]</a></span> &#32; <span><a href=\"https://www.reddit.com/r/3Dprinting/comments/1b7n6f5/need_to_find_yellow_paint/\">[comments]</a></span> </td></tr></table>", "link": "https://www.reddit.com/r/3Dprinting/comments/1b7n6f5/need_to_find_yellow_paint", "language": null, "comments": [], "page_rating_contents": 0, "permanent": false, "page_rating": 0}, {"tags": [], "page_rating_votes": 0, "page_rating_visits": 0, "vote": 0, "user": null, "bookmarked": false, "thumbnail": null, "dead": false, "source": "https://www.reddit.com/r/3Dprinting/.rss", "source_obj__id": 3, "album": "", "date_published": "2024-03-06T01:36:59+00:00", "artist": null, "age": null, "title": "I started casting epoxy and UV resin recently and I was wondering about using a 3D printer to help me create unique molds. Apparently I could print the mold of the mold and then pour silicone in? Is this ridiculous?", "description": "<!-- SC_OFF --><div class=\"md\"><p>I just really need a good excuse to get a 3D printer. Not really. They seem like they justify themselves! </p> </div><!-- SC_ON --> &#32; submitted by &#32; <a href=\"https://www.reddit.com/user/Mystery-Ess\"> /u/Mystery-Ess </a> <br /> <span><a href=\"https://www.reddit.com/r/3Dprinting/comments/1b7n3am/i_started_casting_epoxy_and_uv_resin_recently_and/\">[link]</a></span> &#32; <span><a href=\"https://www.reddit.com/r/3Dprinting/comments/1b7n3am/i_started_casting_epoxy_and_uv_resin_recently_and/\">[comments]</a></span>", "link": "https://www.reddit.com/r/3Dprinting/comments/1b7n3am/i_started_casting_epoxy_and_uv_resin_recently_and", "language": null, "comments": [], "page_rating_contents": 0, "permanent": false, "page_rating": 0}, {"tags": [], "page_rating_votes": 0, "page_rating_visits": 0, "vote": 0, "user": null, "bookmarked": false, "thumbnail": "https://preview.redd.it/rrb44c9cammc1.jpeg?width=640&crop=smart&auto=webp&s=fd2929a887443de1be27ee1d63a6fa8860ef5518", "dead": false, "source": "https://www.reddit.com/r/3Dprinting/.rss", "source_obj__id": 3, "album": "", "date_published": "2024-03-06T01:31:59+00:00", "artist": null, "age": null, "title": "Scored this for free today", "description": "<table> <tr><td> <a href=\"https://www.reddit.com/r/3Dprinting/comments/1b7mzcv/scored_this_for_free_today/\"> <img alt=\"Scored this for free today\" src=\"https://preview.redd.it/rrb44c9cammc1.jpeg?width=640&amp;crop=smart&amp;auto=webp&amp;s=fd2929a887443de1be27ee1d63a6fa8860ef5518\" title=\"Scored this for free today\" /> </a> </td><td> <!-- SC_OFF --><div class=\"md\"><p>Work was going to throw it away because they couldn\u2019t figure it out</p> </div><!-- SC_ON --> &#32; submitted by &#32; <a href=\"https://www.reddit.com/user/CamoDeathMetal\"> /u/CamoDeathMetal </a> <br /> <span><a href=\"https://i.redd.it/rrb44c9cammc1.jpeg\">[link]</a></span> &#32; <span><a href=\"https://www.reddit.com/r/3Dprinting/comments/1b7mzcv/scored_this_for_free_today/\">[comments]</a></span> </td></tr></table>", "link": "https://www.reddit.com/r/3Dprinting/comments/1b7mzcv/scored_this_for_free_today", "language": null, "comments": [], "page_rating_contents": 0, "permanent": false, "page_rating": 0}]