[{"tags": [], "page_rating_votes": 0, "page_rating_visits": 0, "vote": 0, "user": null, "bookmarked": false, "thumbnail": "https://i3.ytimg.com/vi/Ra6HWHrGhhE/hqdefault.jpg", "dead": false, "source": "https://www.youtube.com/feeds/videos.xml?channel_id=UCwSv086EAByBY-Z7y-QR_cQ", "source_obj__id": 376, "album": "", "date_published": "2024-03-06T19:39:32+00:00", "artist": "Uszi", "age": null, "title": "Wy\u015blemy \u017co\u0142nierzy na Litw\u0119, by walczy\u0107 z Rosjanami! Mocna deklaracja Andrzeja Dudy", "description": "\ud83d\udcfa Zapraszam do ogl\u0105dania\n\n\u2b07\ufe0fRozwi\u0144 opis\u2b07\ufe0f\n------------------------------------------------------------\n\ud83c\udfae Tatusiek - https://bit.ly/3CTyeOG\n------------------------------------------------------------\n\u2709\ufe0f Ludzie listy pisz\u0105 \n\ud83d\udd8a\ufe0f uszi@protonmail.com\n------------------------------------------------------------\n\ud83d\udc9d Apeluj\u0119 o kultur\u0119 w komentarzach\n------------------------------------------------------------\n\ud83d\udcb2 Donate/ Darowizna\nPLN / SMS / Blik: http://bit.ly/3bsXtJj\n-------------------------------------------------------------\n\u2705 \u0179r\u00f3d\u0142a:\n1. http://tinyurl.com/bdmutku2\n2. https://tinyurl.com/23aprsws\n3. https://tinyurl.com/3tpprktb\n4. https://tinyurl.com/52w2km2z\n5. https://tinyurl.com/2xjnntac\n6. https://tinyurl.com/48e5d5j5\n7. https://tinyurl.com/ye279vfm\n8. https://tinyurl.com/5y9c6bjm\n9. https://tinyurl.com/mx24er9k\n10. https://tinyurl.com/3xdvx9pf\n---------------------------------------------------------------\n\ud83c\udfb4 wykorzystano grafik\u0119 ze strony:\nfacebook.com / Kancelaria Prezydenta ", "link": "https://www.youtube.com/watch?v=Ra6HWHrGhhE", "language": null, "comments": [], "page_rating_contents": 0, "permanent": false, "page_rating": 0}]