[{"tags": [], "page_rating_votes": 0, "page_rating_visits": 0, "vote": 0, "user": null, "bookmarked": false, "thumbnail": null, "dead": false, "source": "https://brazilian.report/feed", "source_obj__id": 333, "album": "", "date_published": "2024-03-06T18:30:05+00:00", "artist": null, "age": null, "title": "Industrial production down 1.6 percent, but it\u2019s not all bad news", "description": "<p>Brazil&#8217;s industrial production fell 1.6 percent in January compared to the previous month, the national statistics institute IBGE reported today. The result was driven by a decline in four of the 25 segments surveyed: manufacturing of clothing and accessories, textile products, extractive industries, and food.&#160; These last two segments had grown in the previous months [&#8230;]</p>\n<p>The post <a href=\"https://brazilian.report/liveblog/politics-insider/2024/03/06/industrial-production-january/\">Industrial production down 1.6 percent, but it&#8217;s not all bad news</a> appeared first on <a href=\"https://brazilian.report\">The Brazilian Report</a>.</p>", "link": "https://brazilian.report/liveblog/politics-insider/2024/03/06/industrial-production-january", "language": "en-US", "comments": [], "page_rating_contents": 0, "permanent": false, "page_rating": 0}, {"tags": [], "page_rating_votes": 0, "page_rating_visits": 0, "vote": 0, "user": null, "bookmarked": false, "thumbnail": null, "dead": false, "source": "https://brazilian.report/feed", "source_obj__id": 333, "album": "", "date_published": "2024-03-06T18:18:43+00:00", "artist": null, "age": null, "title": "Lula smears Venezuelan opposition, compares it to Bolsonaro\u2019s putschism", "description": "<p>President Luiz In\u00e1cio Lula da Silva met with Spanish Prime Minister Pedro S\u00e1nchez on Wednesday and used the event to send several foreign policy messages.&#160; He told reporters that Venezuela \u201cknows\u201d it must hold \u201cdemocratic\u201d elections, which he hopes will convince the U.S. to end sanctions against the country. Lula added that he \u201chopes\u201d the [&#8230;]</p>\n<p>The post <a href=\"https://brazilian.report/liveblog/politics-insider/2024/03/06/lula-venezuela-opposition-bolsonaro/\">Lula smears Venezuelan opposition, compares it to Bolsonaro&#8217;s putschism</a> appeared first on <a href=\"https://brazilian.report\">The Brazilian Report</a>.</p>", "link": "https://brazilian.report/liveblog/politics-insider/2024/03/06/lula-venezuela-opposition-bolsonaro", "language": "en-US", "comments": [], "page_rating_contents": 0, "permanent": false, "page_rating": 0}, {"tags": [], "page_rating_votes": 0, "page_rating_visits": 0, "vote": 0, "user": null, "bookmarked": false, "thumbnail": null, "dead": false, "source": "https://brazilian.report/feed", "source_obj__id": 333, "album": "", "date_published": "2024-03-06T16:15:47+00:00", "artist": null, "age": null, "title": "Explaining Brazil #283: Why you should care about Brazil\u2019s Cerrado", "description": "<p>The Cerrado has a strategic significance beyond Brazil: no other biome has such a key role to play in furthering food security while simultaneously protecting such rich biodiversity</p>\n<p>The post <a href=\"https://brazilian.report/podcast/2024/03/06/cerrado-environment-deforestation/\">Explaining Brazil #283: Why you should care about Brazil&#8217;s Cerrado</a> appeared first on <a href=\"https://brazilian.report\">The Brazilian Report</a>.</p>", "link": "https://brazilian.report/podcast/2024/03/06/cerrado-environment-deforestation", "language": "en-US", "comments": [], "page_rating_contents": 0, "permanent": false, "page_rating": 0}, {"tags": [], "page_rating_votes": 0, "page_rating_visits": 0, "vote": 0, "user": null, "bookmarked": false, "thumbnail": null, "dead": false, "source": "https://brazilian.report/feed", "source_obj__id": 333, "album": "", "date_published": "2024-03-06T14:36:56+00:00", "artist": null, "age": null, "title": "Lula splits the baby on gig economy regulation bill", "description": "<p>The post <a href=\"https://brazilian.report/business/2024/03/06/lula-gig-economy-regulation-bill/\">Lula splits the baby on gig economy regulation bill</a> appeared first on <a href=\"https://brazilian.report\">The Brazilian Report</a>.</p>", "link": "https://brazilian.report/business/2024/03/06/lula-gig-economy-regulation-bill", "language": "en-US", "comments": [], "page_rating_contents": 0, "permanent": false, "page_rating": 0}, {"tags": [], "page_rating_votes": 0, "page_rating_visits": 0, "vote": 0, "user": null, "bookmarked": false, "thumbnail": null, "dead": false, "source": "https://brazilian.report/feed", "source_obj__id": 333, "album": "", "date_published": "2024-03-06T14:01:22+00:00", "artist": null, "age": null, "title": "Why is Brazil a top target for cyberattacks?", "description": "<p>While criminals from abroad are targeting companies with more and more sophisticated attacks, homegrown hackers mainly run financial scams against individuals</p>\n<p>The post <a href=\"https://brazilian.report/guide-to-brazil/2024/03/06/brazil-top-target-cyberattacks/\">Why is Brazil a top target for cyberattacks?</a> appeared first on <a href=\"https://brazilian.report\">The Brazilian Report</a>.</p>", "link": "https://brazilian.report/guide-to-brazil/2024/03/06/brazil-top-target-cyberattacks", "language": "en-US", "comments": [], "page_rating_contents": 0, "permanent": false, "page_rating": 0}]