[{"tags": [], "page_rating_votes": 0, "page_rating_visits": 0, "vote": 0, "user": null, "bookmarked": false, "thumbnail": "https://e3.365dm.com/23/11/70x70/skynews-muriel-mckay-1969-kidnap_6361329.jpg?20231115123405", "dead": false, "source": "https://feeds.skynews.com/feeds/rss/world.xml", "source_obj__id": 305, "album": "", "date_published": "2024-03-06T20:27:00+00:00", "artist": null, "age": null, "title": "Notorious killer tells police where he buried victim's body 55 years ago", "description": "A notorious killer has told British detectives where he buried his victim's remains 55 years ago, after they flew to his Caribbean home to interview him.", "link": "https://news.sky.com/story/muriel-mckay-death-notorious-killer-tells-police-where-he-buried-victims-body-55-years-ago-13088743", "language": "en-GB", "comments": [], "page_rating_contents": 0, "permanent": false, "page_rating": 0}, {"tags": [], "page_rating_votes": 0, "page_rating_visits": 0, "vote": 0, "user": null, "bookmarked": false, "thumbnail": "https://e3.365dm.com/24/03/70x70/skynews-volodymyr-zelenskyy_6481012.jpg?20240306211817", "dead": false, "source": "https://feeds.skynews.com/feeds/rss/world.xml", "source_obj__id": 305, "album": "", "date_published": "2024-03-06T19:57:00+00:00", "artist": null, "age": null, "title": "Zelenskyy witnesses deadly Russian missile strike as he visits Odesa with Greek PM", "description": "Volodymyr Zelenskyy witnessed a deadly Russian missile strike just a few hundred metres away as he visited Odesa in Ukraine.", "link": "https://news.sky.com/story/ukraine-president-zelenskyy-witnesses-deadly-russian-missile-strike-as-he-visits-odesa-with-greek-pm-13088721", "language": "en-GB", "comments": [], "page_rating_contents": 0, "permanent": false, "page_rating": 0}, {"tags": [], "page_rating_votes": 0, "page_rating_visits": 0, "vote": 0, "user": null, "bookmarked": false, "thumbnail": "https://e3.365dm.com/24/03/70x70/skynews-true-confidence-yemen_6480751.jpg?20240306173334", "dead": false, "source": "https://feeds.skynews.com/feeds/rss/world.xml", "source_obj__id": 305, "album": "", "date_published": "2024-03-06T17:17:00+00:00", "artist": null, "age": null, "title": "'At least two sailors killed' after suspected Houthi attack", "description": "At least two sailors have died after a suspected Houthi attack in the Gulf of Aden, according to the British Embassy in Yemen.", "link": "https://news.sky.com/story/at-least-two-sailors-killed-after-suspected-houthi-attack-13088615", "language": "en-GB", "comments": [], "page_rating_contents": 0, "permanent": false, "page_rating": 0}, {"tags": [], "page_rating_votes": 0, "page_rating_visits": 0, "vote": 0, "user": null, "bookmarked": false, "thumbnail": "https://e3.365dm.com/24/03/70x70/skynews-ukraine-kharkiv_6478611.jpg?20240304174950", "dead": false, "source": "https://feeds.skynews.com/feeds/rss/world.xml", "source_obj__id": 305, "album": "", "date_published": "2024-03-06T12:42:00+00:00", "artist": null, "age": null, "title": "German ambassador refuses to apologise for leaked call 'revealing British troops in Ukraine'", "description": "Germany's ambassador to the UK has said there is \"no need\" for his country to apologise after a recording leaked by Russia revealed the head of the air force discussing secret details about alleged British troops in Ukraine.", "link": "https://news.sky.com/story/german-ambassador-refuses-to-apologise-for-leaked-call-revealing-british-troops-in-ukraine-13088416", "language": "en-GB", "comments": [], "page_rating_contents": 0, "permanent": false, "page_rating": 0}, {"tags": [], "page_rating_votes": 0, "page_rating_visits": 0, "vote": 0, "user": null, "bookmarked": false, "thumbnail": "https://e3.365dm.com/24/03/70x70/skynews-carlo-ancelotti-real-madrid_6480432.jpg?20240306132503", "dead": false, "source": "https://feeds.skynews.com/feeds/rss/world.xml", "source_obj__id": 305, "album": "", "date_published": "2024-03-06T10:34:00+00:00", "artist": null, "age": null, "title": "Real Madrid boss Carlo Ancelotti facing nearly five years in prison on tax-fraud charges", "description": "Real Madrid football manager Carlo Ancelotti is facing nearly five years in prison after being accused of tax fraud in Spain.", "link": "https://news.sky.com/story/real-madrid-manager-carlo-ancelotti-facing-nearly-five-years-in-prison-on-tax-fraud-charges-13088328", "language": "en-GB", "comments": [], "page_rating_contents": 0, "permanent": false, "page_rating": 0}, {"tags": [], "page_rating_votes": 0, "page_rating_visits": 0, "vote": 0, "user": null, "bookmarked": false, "thumbnail": "https://e3.365dm.com/24/03/70x70/skynews-walking-generic_6480181.jpg?20240306103113", "dead": false, "source": "https://feeds.skynews.com/feeds/rss/world.xml", "source_obj__id": 305, "album": "", "date_published": "2024-03-06T10:06:00+00:00", "artist": null, "age": null, "title": "Number of steps a day it takes to cut risk of early death (and it's less than you think)", "description": "If you've failed in your quest of walking 10,000 steps a day - researchers have some good news for you.", "link": "https://news.sky.com/story/number-of-steps-a-day-it-takes-to-cut-risk-of-early-death-new-study-13088295", "language": "en-GB", "comments": [], "page_rating_contents": 0, "permanent": false, "page_rating": 0}, {"tags": [], "page_rating_votes": 0, "page_rating_visits": 0, "vote": 0, "user": null, "bookmarked": false, "thumbnail": "https://e3.365dm.com/24/02/70x70/skynews-yulia-navalnaya-alexei-navalny_6471963.jpg?20240228115406", "dead": false, "source": "https://feeds.skynews.com/feeds/rss/world.xml", "source_obj__id": 305, "album": "", "date_published": "2024-03-06T09:59:00+00:00", "artist": null, "age": null, "title": "Alexei Navalny's widow urges Russians to protest on election day", "description": "Yulia Navalnaya has suggested Russians should write Alexei Navalny's name on their voting ballots and urged them to protest at the upcoming elections.", "link": "https://news.sky.com/story/alexei-navalnys-widow-yulia-navalnaya-urges-russians-to-protest-on-election-day-13088290", "language": "en-GB", "comments": [], "page_rating_contents": 0, "permanent": false, "page_rating": 0}, {"tags": [], "page_rating_votes": 0, "page_rating_visits": 0, "vote": 0, "user": null, "bookmarked": false, "thumbnail": "https://e3.365dm.com/23/12/70x70/skynews-soldiers-troops-sas_6390408.jpg?20231211235710", "dead": false, "source": "https://feeds.skynews.com/feeds/rss/world.xml", "source_obj__id": 305, "album": "", "date_published": "2024-03-06T09:38:00+00:00", "artist": null, "age": null, "title": "Five SAS soldiers under investigation for alleged war crimes in Syria", "description": "Five SAS soldiers are being investigated for potential war crimes over the death of a suspected militant in Syria two years ago.", "link": "https://news.sky.com/story/five-sas-soldiers-under-investigation-for-alleged-war-crimes-in-syria-13088282", "language": "en-GB", "comments": [], "page_rating_contents": 0, "permanent": false, "page_rating": 0}, {"tags": [], "page_rating_votes": 0, "page_rating_visits": 0, "vote": 0, "user": null, "bookmarked": false, "thumbnail": "https://e3.365dm.com/24/03/70x70/skynews-stalin-russia_6480144.jpg?20240306094425", "dead": false, "source": "https://feeds.skynews.com/feeds/rss/world.xml", "source_obj__id": 305, "album": "", "date_published": "2024-03-06T09:23:00+00:00", "artist": null, "age": null, "title": "Who 'killed' Stalin? Russian communists ask for probe into 'Western involvement' in dictator's death", "description": "The Communists of Russia party has asked the security service to investigate whether Western intelligence services were involved in the death of Joseph Stalin.", "link": "https://news.sky.com/story/joseph-stalin-russian-communists-ask-fsb-to-investigate-wests-possible-involvement-in-death-of-soviet-leader-13088274", "language": "en-GB", "comments": [], "page_rating_contents": 0, "permanent": false, "page_rating": 0}, {"tags": [], "page_rating_votes": 0, "page_rating_visits": 0, "vote": 0, "user": null, "bookmarked": false, "thumbnail": "https://e3.365dm.com/24/03/70x70/skynews-david-cameron-budget_6480108.jpg?20240306085746", "dead": false, "source": "https://feeds.skynews.com/feeds/rss/world.xml", "source_obj__id": 305, "album": "", "date_published": "2024-03-06T08:16:00+00:00", "artist": null, "age": null, "title": "UK to warn Israel over Gaza aid as patience running 'thin', Cameron says", "description": "The UK's patience is running \"thin\" with Israel over aid entering Gaza, Lord David Cameron has said, as he is set to warn Israeli war cabinet member Benny Gantz over the matter today.", "link": "https://news.sky.com/story/uk-to-warn-israel-over-gaza-aid-as-patience-running-thin-lord-cameron-says-13088246", "language": "en-GB", "comments": [], "page_rating_contents": 0, "permanent": false, "page_rating": 0}, {"tags": [], "page_rating_votes": 0, "page_rating_visits": 0, "vote": 0, "user": null, "bookmarked": false, "thumbnail": "https://e3.365dm.com/24/03/70x70/skynews-super-tuesday-trump_6479998.jpg?20240306061300", "dead": false, "source": "https://feeds.skynews.com/feeds/rss/world.xml", "source_obj__id": 305, "album": "", "date_published": "2024-03-06T05:54:00+00:00", "artist": null, "age": null, "title": "We're on course for the oldest presidential race in US history - and one most people don't want", "description": "This was less Super Tuesday and more Predictable Tuesday.&#160;", "link": "https://news.sky.com/story/were-on-course-for-the-oldest-presidential-race-in-us-history-and-one-most-people-dont-want-13088203", "language": "en-GB", "comments": [], "page_rating_contents": 0, "permanent": false, "page_rating": 0}, {"tags": [], "page_rating_votes": 0, "page_rating_visits": 0, "vote": 0, "user": null, "bookmarked": false, "thumbnail": "https://e3.365dm.com/24/02/70x70/skynews-breaking-news-breaking_6449241.jpg?20240209070741", "dead": false, "source": "https://feeds.skynews.com/feeds/rss/world.xml", "source_obj__id": 305, "album": "", "date_published": "2024-03-06T03:42:00+00:00", "artist": null, "age": null, "title": "Biden-Trump rematch looks certain after pair dominate Super Tuesday votes", "description": "US President Joe Biden and his predecessor Donald Trump swept to victory in statewide nomination contests on Tuesday, setting up a historic rematch in November's election.", "link": "https://news.sky.com/story/biden-trump-rematch-looks-certain-after-pair-dominate-super-tuesday-votes-13088175", "language": "en-GB", "comments": [], "page_rating_contents": 0, "permanent": false, "page_rating": 0}]