[{"tags": [], "page_rating_votes": 0, "page_rating_visits": 0, "vote": 0, "user": null, "bookmarked": false, "thumbnail": null, "dead": false, "source": "https://www.polsatnews.pl/rss/swiat.xml", "source_obj__id": 257, "album": "", "date_published": "2024-03-06T20:38:00+00:00", "artist": null, "age": null, "title": "M\u0119\u017cczyzna z Niemiec mia\u0142 zaszczepi\u0107 si\u0119 217 razy. Lekarze nie dowierzaj\u0105", "description": "62-letni obywatel Niemiec mia\u0142 z powod\u00f3w prywatnych otrzyma\u0107 217 szczepionek przeciwko Covid-19 w przeci\u0105gu 29 miesi\u0119cy. Naukowcy postanowili zbada\u0107 ewentualne skutki uboczne lub oznaki zaka\u017cenia wirusem.", "link": "https://www.polsatnews.pl/wiadomosc/2024-03-06/mezczyzna-z-niemiec-mial-zaszczepic-sie-217-razy-lekarze-nie-dowierzaja", "language": "pl", "comments": [], "page_rating_contents": 0, "permanent": false, "page_rating": 0}, {"tags": [], "page_rating_votes": 0, "page_rating_visits": 0, "vote": 0, "user": null, "bookmarked": false, "thumbnail": null, "dead": false, "source": "https://www.polsatnews.pl/rss/swiat.xml", "source_obj__id": 257, "album": "", "date_published": "2024-03-06T15:27:00+00:00", "artist": null, "age": null, "title": "Donald Trump bez konkurencji. Nikki Haley wycofuje si\u0119 z wy\u015bcigu", "description": "Nikki Haley, jedyna pozosta\u0142a konkurentka Donalda Trumpa w rywalizacji o nominacj\u0119 Partii Republika\u0144skiej w wyborach prezydenckich w USA, w \u015brod\u0119 og\u0142osi\u0142a wycofanie si\u0119 z wy\u015bcigu. Zawieszenie swojej kampanii og\u0142osi\u0142a dzie\u0144 po serii przegranych prawybor\u00f3w.", "link": "https://www.polsatnews.pl/wiadomosc/2024-03-06/donald-trump-bez-konkurencji-nikki-haley-wycofuje-sie-z-wyscigu", "language": "pl", "comments": [], "page_rating_contents": 0, "permanent": false, "page_rating": 0}, {"tags": [], "page_rating_votes": 0, "page_rating_visits": 0, "vote": 0, "user": null, "bookmarked": false, "thumbnail": null, "dead": false, "source": "https://www.polsatnews.pl/rss/swiat.xml", "source_obj__id": 257, "album": "", "date_published": "2024-03-06T08:47:00+00:00", "artist": null, "age": null, "title": "Problemy zdrowotne papie\u017ca. Na audiencji generalnej nie przeczyta\u0142 katechezy", "description": "Na \u015brodowej audiencji generalnej papie\u017c Franciszek zrezygnowa\u0142 z czytania katechezy. Wyja\u015bni\u0142 wiernym zgromadzonym na placu \u015bw. Piotra, \u017ce nadal ma problemy ze zdrowiem. Lektur\u0119 powierzy\u0142 swojemu wsp\u00f3\u0142pracownikowi. To kolejna taka sytuacja w ostatnim czasie.", "link": "https://www.polsatnews.pl/wiadomosc/2024-03-06/problemy-zdrowotne-papieza-na-audiencji-generalnej-nie-przeczytal-katechezy", "language": "pl", "comments": [], "page_rating_contents": 0, "permanent": false, "page_rating": 0}, {"tags": [], "page_rating_votes": 0, "page_rating_visits": 0, "vote": 0, "user": null, "bookmarked": false, "thumbnail": null, "dead": false, "source": "https://www.polsatnews.pl/rss/swiat.xml", "source_obj__id": 257, "album": "", "date_published": "2024-03-06T07:45:00+00:00", "artist": null, "age": null, "title": "\u0141otwa z zakazem importu produkt\u00f3w rolnych z Rosji i Bia\u0142orusi. Opublikowano list\u0119", "description": "\u0141otewski rz\u0105d zatwierdzi\u0142 list\u0119 produkt\u00f3w, kt\u00f3re zostan\u0105 obj\u0119te embargiem. Chodzi o artyku\u0142u rolne i spo\u017cywcze pochodz\u0105ce z Rosji i Bia\u0142orusi, kt\u00f3rych zakup po\u015brednio finansuje agresj\u0119 Kremla i Mi\u0144ska. Polski premier Donald Tusk zapowiedzia\u0142, \u017ce zwr\u00f3ci si\u0119 do Komisji Europejskiej ws. wprowadzenia ca\u0142kowitego zakazu importu tych produkt\u00f3w przez ca\u0142\u0105 UE.", "link": "https://www.polsatnews.pl/wiadomosc/2024-03-06/lotwa-z-zakazem-importu-produktow-rolnych-z-rosji-i-bialorusi-opublikowano-liste", "language": "pl", "comments": [], "page_rating_contents": 0, "permanent": false, "page_rating": 0}, {"tags": [], "page_rating_votes": 0, "page_rating_visits": 0, "vote": 0, "user": null, "bookmarked": false, "thumbnail": null, "dead": false, "source": "https://www.polsatnews.pl/rss/swiat.xml", "source_obj__id": 257, "album": "", "date_published": "2024-03-06T06:22:00+00:00", "artist": null, "age": null, "title": "\"Superwtorek\" w USA. Joe Biden i Donald Trump zdominowali prawybory", "description": "- To by si\u0119 nigdy nie zdarzy\u0142o, gdybym ja by\u0142 prezydentem - przekonywa\u0142 Donald Trump, m\u00f3wi\u0105c o wybuchu konfliktu mi\u0119dzy Izraelem i Hamasem. By\u0142y prezydent obwini\u0142 te\u017c Joe Bidena o wojn\u0119 w Ukrainie. - To wszystko wina Bidena - stwierdzi\u0142 prezydent w czasie tzw. superwtorku, kt\u00f3ry przybli\u017cy\u0142 go to otrzymania nominacji republikan\u00f3w w nadchodz\u0105cych wyborach prezydenckich.", "link": "https://www.polsatnews.pl/wiadomosc/2024-03-06/superwtorek-w-usa-joe-biden-i-donald-trump-zdominowali-prawybory", "language": "pl", "comments": [], "page_rating_contents": 0, "permanent": false, "page_rating": 0}]