[{"tags": [], "page_rating_votes": 0, "page_rating_visits": 0, "vote": 0, "user": null, "bookmarked": false, "thumbnail": null, "dead": false, "source": "https://www.wirtualnemedia.pl/rss/wm_gospodarka.xml", "source_obj__id": 397, "album": "", "date_published": "2024-03-06T05:13:24.490274+00:00", "artist": null, "age": null, "title": "Jedna trzecia kancelarii S\u0142awomira Mentzena na sprzeda\u017c. Podano ceny akcji", "description": "Kancelaria prawna S\u0142awomira Mentzena zaczyna sprzeda\u017c swoich akcji przed debiutem gie\u0142dowym. Zapisy na kupno akcji potrwaj\u0105 do 28 marca. Sp\u00f3\u0142ka wycenia si\u0119 na ponad 30 mln z\u0142.", "link": "https://www.wirtualnemedia.pl/artykul/slawomir-mentzen-kancelaria-prawna-akcje-gielda-sprzedaz", "language": "pl", "comments": [], "page_rating_contents": 0, "permanent": false, "page_rating": 0}]