[{"tags": [], "page_rating_votes": 0, "page_rating_visits": 0, "vote": 0, "user": null, "bookmarked": false, "thumbnail": "https://static01.nyt.com/images/2024/02/22/multimedia/22senegal-1-glfh/22senegal-1-glfh-mediumSquareAt3X.jpg", "dead": false, "source": "https://rss.nytimes.com/services/xml/rss/nyt/World.xml", "source_obj__id": 227, "album": "", "date_published": "2024-03-06T23:40:08+00:00", "artist": null, "age": null, "title": "Macky Sall Sets Senegal Election date", "description": "President Macky Sall previously postponed the election without setting a date. On Wednesday, he also fired the prime minister, his party\u2019s candidate for president.", "link": "https://www.nytimes.com/2024/03/06/world/africa/senegal-election-macky-sall.html", "language": "en-us", "comments": [], "page_rating_contents": 0, "permanent": false, "page_rating": 0}, {"tags": [], "page_rating_votes": 0, "page_rating_visits": 0, "vote": 0, "user": null, "bookmarked": false, "thumbnail": "https://static01.nyt.com/images/2024/03/06/multimedia/06egypt-imf-01-zljg/06egypt-imf-01-zljg-mediumSquareAt3X.jpg", "dead": false, "source": "https://rss.nytimes.com/services/xml/rss/nyt/World.xml", "source_obj__id": 227, "album": "", "date_published": "2024-03-06T23:17:48+00:00", "artist": null, "age": null, "title": "I.M.F. Agrees to Much Larger Rescue Package for Egypt", "description": "The International Monetary Fund will provide $8 billion to Egypt, which is going through its worst economic crisis in decades.", "link": "https://www.nytimes.com/2024/03/06/world/middleeast/egypt-imf-package-economy.html", "language": "en-us", "comments": [], "page_rating_contents": 0, "permanent": false, "page_rating": 0}, {"tags": [], "page_rating_votes": 0, "page_rating_visits": 0, "vote": 0, "user": null, "bookmarked": false, "thumbnail": null, "dead": false, "source": "https://rss.nytimes.com/services/xml/rss/nyt/World.xml", "source_obj__id": 227, "album": "", "date_published": "2024-03-06T21:28:00+00:00", "artist": null, "age": null, "title": "Josette Molland\u2019s Testimony: Scenes of Life in Nazi Camps", "description": "In her 80s, she created a series of paintings depicting the horrors she endured in forced-labor camps during World War II.", "link": "https://www.nytimes.com/2024/03/06/world/europe/josette-mollands-paintings.html", "language": "en-us", "comments": [], "page_rating_contents": 0, "permanent": false, "page_rating": 0}, {"tags": [], "page_rating_votes": 0, "page_rating_visits": 0, "vote": 0, "user": null, "bookmarked": false, "thumbnail": null, "dead": false, "source": "https://rss.nytimes.com/services/xml/rss/nyt/World.xml", "source_obj__id": 227, "album": "", "date_published": "2024-03-06T21:26:39+00:00", "artist": null, "age": null, "title": "Josette Molland, Who Told of Life in Nazi Camps Through Art, Dies at 100", "description": "She endured horrors as a captured member of the French Resistance and \u2014 to ensure that her story, too, would survive \u2014 depicted them years later in a series of stark paintings.", "link": "https://www.nytimes.com/2024/03/06/world/europe/josette-molland-dead.html", "language": "en-us", "comments": [], "page_rating_contents": 0, "permanent": false, "page_rating": 0}, {"tags": [], "page_rating_votes": 0, "page_rating_visits": 0, "vote": 0, "user": null, "bookmarked": false, "thumbnail": "https://static01.nyt.com/images/2024/03/06/multimedia/06dc-hostages-lfvk/06dc-hostages-lfvk-mediumSquareAt3X.jpg", "dead": false, "source": "https://rss.nytimes.com/services/xml/rss/nyt/World.xml", "source_obj__id": 227, "album": "", "date_published": "2024-03-06T21:14:31+00:00", "artist": null, "age": null, "title": "Israel-Hamas Talks Over Hostage Releases and a Cease-Fire Stall", "description": "Officials say Hamas has continued to press Israel for a commitment to a permanent cease-fire after a multistage release of all hostages, but Israel has refused.", "link": "https://www.nytimes.com/2024/03/06/us/politics/israel-hamas-hostages.html", "language": "en-us", "comments": [], "page_rating_contents": 0, "permanent": false, "page_rating": 0}, {"tags": [], "page_rating_votes": 0, "page_rating_visits": 0, "vote": 0, "user": null, "bookmarked": false, "thumbnail": "https://static01.nyt.com/images/2024/03/06/multimedia/06ambriefing-asia-haley-fmvl/06ambriefing-asia-haley-fmvl-mediumSquareAt3X.jpg", "dead": false, "source": "https://rss.nytimes.com/services/xml/rss/nyt/World.xml", "source_obj__id": 227, "album": "", "date_published": "2024-03-06T21:05:48+00:00", "artist": null, "age": null, "title": "Thursday Briefing: Haley Drops Out", "description": "Also, Israel-Hamas talks stall before Ramadan.", "link": "https://www.nytimes.com/2024/03/06/world/asia/haley-trump-hostage-gaza-asia.html", "language": "en-us", "comments": [], "page_rating_contents": 0, "permanent": false, "page_rating": 0}, {"tags": [], "page_rating_votes": 0, "page_rating_visits": 0, "vote": 0, "user": null, "bookmarked": false, "thumbnail": "https://static01.nyt.com/images/2024/03/06/multimedia/06mideast-crisis-Houthi-EXPLAINER-mvkq/06mideast-crisis-Houthi-EXPLAINER-mvkq-mediumSquareAt3X.jpg", "dead": false, "source": "https://rss.nytimes.com/services/xml/rss/nyt/World.xml", "source_obj__id": 227, "album": "", "date_published": "2024-03-06T18:40:10+00:00", "artist": null, "age": null, "title": "Who are the Houthis?", "description": "", "link": "https://www.nytimes.com/live/2024/03/06/world/israel-hamas-war-gaza-news/who-are-the-houthis", "language": "en-us", "comments": [], "page_rating_contents": 0, "permanent": false, "page_rating": 0}, {"tags": [], "page_rating_votes": 0, "page_rating_visits": 0, "vote": 0, "user": null, "bookmarked": false, "thumbnail": "https://static01.nyt.com/images/2024/03/06/multimedia/06ukraine-odesa-zelensky-pbkc/06ukraine-odesa-zelensky-pbkc-mediumSquareAt3X.jpg", "dead": false, "source": "https://rss.nytimes.com/services/xml/rss/nyt/World.xml", "source_obj__id": 227, "album": "", "date_published": "2024-03-06T17:08:30+00:00", "artist": null, "age": null, "title": "Zelensky and Greek Leader Were in Odesa as Russia Attacked", "description": "Neither was hurt and it was unclear whether the Russian Army was targeting them.", "link": "https://www.nytimes.com/2024/03/06/world/europe/zelensky-mitsotakis-odesa-russian-attack.html", "language": "en-us", "comments": [], "page_rating_contents": 0, "permanent": false, "page_rating": 0}, {"tags": [], "page_rating_votes": 0, "page_rating_visits": 0, "vote": 0, "user": null, "bookmarked": false, "thumbnail": "https://static01.nyt.com/images/2024/03/06/multimedia/06navalny-gravesite-01-wlgc/06navalny-gravesite-01-wlgc-mediumSquareAt3X.jpg", "dead": false, "source": "https://rss.nytimes.com/services/xml/rss/nyt/World.xml", "source_obj__id": 227, "album": "", "date_published": "2024-03-06T17:04:54+00:00", "artist": null, "age": null, "title": "Navalny\u2019s Grave Is Covered in Flowers as Russian Grapple With His legacy", "description": "The loss of the optimism in the face of oppression espoused by Aleksei Navalny, Russia\u2019s most prominent opposition leader, has hit many Russians hard. Now, as one mourner said, \u201cI don\u2019t have any vision of the future.\u201d", "link": "https://www.nytimes.com/2024/03/06/world/europe/navalny-grave-russia.html", "language": "en-us", "comments": [], "page_rating_contents": 0, "permanent": false, "page_rating": 0}, {"tags": [], "page_rating_votes": 0, "page_rating_visits": 0, "vote": 0, "user": null, "bookmarked": false, "thumbnail": "https://static01.nyt.com/images/2024/03/05/world/middleeast/gaza-ceasefire-hoping/gaza-ceasefire-hoping-mediumSquareAt3X.jpg", "dead": false, "source": "https://rss.nytimes.com/services/xml/rss/nyt/World.xml", "source_obj__id": 227, "album": "", "date_published": "2024-03-06T16:41:19+00:00", "artist": null, "age": null, "title": "In Gaza, Truce Talks Evoke Tangle of Emotions", "description": "\u201cIt\u2019s a form of psychological torture,\u201d said one man in Rafah. \u201cIt\u2019s unbearable. We\u2019re told one day that the war is ending and then the opposite the next day.\u201d", "link": "https://www.nytimes.com/2024/03/06/world/middleeast/israel-hamas-gaza-talks-emotion.html", "language": "en-us", "comments": [], "page_rating_contents": 0, "permanent": false, "page_rating": 0}, {"tags": [], "page_rating_votes": 0, "page_rating_visits": 0, "vote": 0, "user": null, "bookmarked": false, "thumbnail": "https://static01.nyt.com/images/2024/03/06/multimedia/06xp-malaysiaflight-4-zgjk/06xp-malaysiaflight-4-zgjk-mediumSquareAt3X.jpg", "dead": false, "source": "https://rss.nytimes.com/services/xml/rss/nyt/World.xml", "source_obj__id": 227, "album": "", "date_published": "2024-03-06T15:44:57+00:00", "artist": null, "age": null, "title": "What Happened to MH370? What We Know About the Malaysia Airlines Flight.", "description": "The disappearance of the Malaysia Airlines flight has remained one the greatest aviation mysteries of all time. A new search may begin soon.", "link": "https://www.nytimes.com/2024/03/06/world/asia/malaysia-airlines-missing-flight-mh370.html", "language": "en-us", "comments": [], "page_rating_contents": 0, "permanent": false, "page_rating": 0}, {"tags": [], "page_rating_votes": 0, "page_rating_visits": 0, "vote": 0, "user": null, "bookmarked": false, "thumbnail": "https://static01.nyt.com/images/2023/06/16/multimedia/06mideast-crisis-jerusalem-mosque/06mideast-crisis-jerusalem-mosque-mediumSquareAt3X.jpg", "dead": false, "source": "https://rss.nytimes.com/services/xml/rss/nyt/World.xml", "source_obj__id": 227, "album": "", "date_published": "2024-03-06T12:13:08+00:00", "artist": null, "age": null, "title": "Israel Rejects New Restrictions to Aqsa Mosque During Ramadan", "description": "As the Muslim holy month of Ramadan approaches, the move may reduce tensions at the Aqsa Mosque compound, which has long been a flashpoint for unrest.", "link": "https://www.nytimes.com/2024/03/06/world/middleeast/israel-aqsa-mosque-ramadan.html", "language": "en-us", "comments": [], "page_rating_contents": 0, "permanent": false, "page_rating": 0}, {"tags": [], "page_rating_votes": 0, "page_rating_visits": 0, "vote": 0, "user": null, "bookmarked": false, "thumbnail": "https://static01.nyt.com/images/2024/03/06/multimedia/06mideast-crisis-gantz-cmhk/06mideast-crisis-gantz-cmhk-mediumSquareAt3X-v2.jpg", "dead": false, "source": "https://rss.nytimes.com/services/xml/rss/nyt/World.xml", "source_obj__id": 227, "album": "", "date_published": "2024-03-06T10:49:50+00:00", "artist": null, "age": null, "title": "Israeli War Cabinet Member to Meet With UK Foreign Secretary", "description": "David Cameron, the British foreign secretary, had strong words for Israel, saying he intended to convey to Benny Gantz that the country must do more to increase the amount of aid reaching Gaza.", "link": "https://www.nytimes.com/2024/03/06/world/middleeast/israel-uk-gantz-cameron-meeting.html", "language": "en-us", "comments": [], "page_rating_contents": 0, "permanent": false, "page_rating": 0}, {"tags": [], "page_rating_votes": 0, "page_rating_visits": 0, "vote": 0, "user": null, "bookmarked": false, "thumbnail": "https://static01.nyt.com/images/2024/03/06/multimedia/06ambriefing-europe-nl-polls-promo/06ambriefing-europe-nl-polls-mwpl-mediumSquareAt3X.jpg", "dead": false, "source": "https://rss.nytimes.com/services/xml/rss/nyt/World.xml", "source_obj__id": 227, "album": "", "date_published": "2024-03-06T05:50:51+00:00", "artist": null, "age": null, "title": "Wednesday Briefing", "description": "A big day in American politics.", "link": "https://www.nytimes.com/2024/03/06/briefing/super-tuesday-trump-biden.html", "language": "en-us", "comments": [], "page_rating_contents": 0, "permanent": false, "page_rating": 0}, {"tags": [], "page_rating_votes": 0, "page_rating_visits": 0, "vote": 0, "user": null, "bookmarked": false, "thumbnail": "https://static01.nyt.com/images/2024/03/05/multimedia/05ICC-Russia-02-vzjg/05ICC-Russia-02-vzjg-mediumSquareAt3X.jpg", "dead": false, "source": "https://rss.nytimes.com/services/xml/rss/nyt/World.xml", "source_obj__id": 227, "album": "", "date_published": "2024-03-06T01:42:03+00:00", "artist": null, "age": null, "title": "ICC Issues Arrest Warrants for 2 Russian Officers in Ukraine", "description": "Arrest warrants were issued by the International Criminal Court for two military officials, a general and an admiral, both accused of targeting civilians and destroying crucial energy infrastructure.", "link": "https://www.nytimes.com/2024/03/05/world/europe/international-court-russia-ukraine.html", "language": "en-us", "comments": [], "page_rating_contents": 0, "permanent": false, "page_rating": 0}, {"tags": [], "page_rating_votes": 0, "page_rating_visits": 0, "vote": 0, "user": null, "bookmarked": false, "thumbnail": "https://static01.nyt.com/images/2024/03/05/multimedia/05venezuela-election-01-jkvh/05venezuela-election-01-jkvh-mediumSquareAt3X.jpg", "dead": false, "source": "https://rss.nytimes.com/services/xml/rss/nyt/World.xml", "source_obj__id": 227, "album": "", "date_published": "2024-03-06T00:29:23+00:00", "artist": null, "age": null, "title": "Venezuela Sets Presidential Election Date, With Opposition Candidate Still Banned", "description": "The decision to hold a vote on July 28 is a partial fulfillment of a commitment to the United States, but with the top opposition figure barred, many wondered how free and fair the balloting would be.", "link": "https://www.nytimes.com/2024/03/05/world/americas/venezuela-maduro-election-date.html", "language": "en-us", "comments": [], "page_rating_contents": 0, "permanent": false, "page_rating": 0}, {"tags": [], "page_rating_votes": 0, "page_rating_visits": 0, "vote": 0, "user": null, "bookmarked": false, "thumbnail": "https://static01.nyt.com/images/2024/03/05/multimedia/05mideast-crisis-ledeall-03-hvqk/05mideast-crisis-ledeall-03-hvqk-mediumSquareAt3X.jpg", "dead": false, "source": "https://rss.nytimes.com/services/xml/rss/nyt/World.xml", "source_obj__id": 227, "album": "", "date_published": "2024-03-06T00:00:13+00:00", "artist": null, "age": null, "title": "Israel Sees Vindication in U.N.\u2019s Report, but Tensions Between Them Rise", "description": "A U.N. inquiry found support for Israel\u2019s allegations of sexual violence in the Hamas-led Oct. 7 attack, but they remain bitterly at odds over the war in the Gaza Strip.", "link": "https://www.nytimes.com/2024/03/05/world/middleeast/israel-gaza-un.html", "language": "en-us", "comments": [], "page_rating_contents": 0, "permanent": false, "page_rating": 0}]