[{"tags": [], "page_rating_votes": 0, "page_rating_visits": 0, "vote": 0, "user": null, "bookmarked": false, "thumbnail": "https://i2.ytimg.com/vi/UneKDwvS_Ew/hqdefault.jpg", "dead": false, "source": "https://www.youtube.com/feeds/videos.xml?channel_id=UC5T0tXJN5CrMZUEJuz4oovw", "source_obj__id": 235, "album": "", "date_published": "2024-03-06T16:01:20+00:00", "artist": "Nerdrotic", "age": null, "title": "Disney 'Quietly' CANCELED Projects | Sweet Baby Inc. EXPOSED - Nerdrotic Nooner 398 with Chris Gore", "description": "he Nerdrotic Nooner with Chris Gore from @FilmThreat \n\nProduced by  @XrayGirl_ from @pourchoices_   \n\nBecome a Nerdrotic Channel Member\nwww.youtube.com/c/sutrowatchtower/join\n\nStreamlab Donations: https://streamlabs.com/sutrowatchtower/tip\n\nNerdrotic Merch Store!\nhttps://mixedtees.com/nerdrotic\n\nFNT T-Shirt!\nhttps://mixedtees.com/nerdrotic/friday-night-tights\n\nSponsored by MetaPCs!\nhttps://www.metapcs.com/creator-nerdrotic/\n\nSponsored by GEEK GRIND!\nUse Promo Code \"Nerdrotic\" for 20% off:\nhttps://geekgrindcoffee.com/collections/nerdrotic-coffee", "link": "https://www.youtube.com/watch?v=UneKDwvS_Ew", "language": null, "comments": [], "page_rating_contents": 0, "permanent": false, "page_rating": 0}]