[{"tags": [], "page_rating_votes": 0, "page_rating_visits": 0, "vote": 0, "user": null, "bookmarked": false, "thumbnail": "https://i3.ytimg.com/vi/6QIQ4luO4wc/hqdefault.jpg", "dead": false, "source": "https://www.youtube.com/feeds/videos.xml?channel_id=UCCDGVMGoT8ql8JQLJt715jA", "source_obj__id": 408, "album": "", "date_published": "2024-03-06T21:14:15+00:00", "artist": "emzdanowicz", "age": null, "title": "Warszawskie demony. The Thaumaturge - Recenzja", "description": "The Thaumaturge przyci\u0105ga uwag\u0119 klimatem, opowie\u015bciam i Warszaw\u0105.\n\nSubskrybuj (klik: https://www.youtube.com/channel/UCCDGVMGoT8ql8JQLJt715jA?sub_confirmation=1), to pomaga w rozwoju kana\u0142u :) Mo\u017cesz te\u017c wspiera\u0107 mnie na https://buycoffee.to/emzdanowicz\n\n0:00 Thaumaturge\n0:52 Zarys fabu\u0142y\n2:08 Warszawa\n3:44 Misje poboczne\n4:45 \u015aledztwa\n6:01 Walka... za du\u017co walki?\n8:32 Czy warto?\n\nZobacz te\u017c:\n\n- Skull and Bones to pomy\u0142ka (https://youtu.be/xBik257hwHc)\n- Balatro - FANTASTYCZNY pokerowy indyk  (https://www.youtube.com/watch?v=XC7ZwC0g-Os)\n\nNa moim kanale znajdziesz recenzje gier wideo. Recenzje gier na PC, recenzje gier konsolowych. Publikuj\u0119 tu tak\u017ce wra\u017cenia z gier, czyli materia\u0142y nieco lu\u017aniejsze, kt\u00f3re recenzjami gier nie s\u0105. Niewa\u017cne, czy twoj\u0105 ulubion\u0105 platform\u0105 do gier jest PC, Xbox, Playstation czy co\u015b od Nintendo - wierz\u0119, \u017ce znajdziesz tu co\u015b dla siebie :)\n\n#thaumaturge #recenzja", "link": "https://www.youtube.com/watch?v=6QIQ4luO4wc", "language": null, "comments": [], "page_rating_contents": 0, "permanent": false, "page_rating": 0}]