[{"tags": [], "page_rating_votes": 0, "page_rating_visits": 0, "vote": 0, "user": null, "bookmarked": false, "thumbnail": "https://i1.ytimg.com/vi/tUYrCxHuRgU/hqdefault.jpg", "dead": false, "source": "https://www.youtube.com/feeds/videos.xml?channel_id=UCFLFc8Lpbwt4jPtY1_Ai5yA", "source_obj__id": 182, "album": "", "date_published": "2024-03-06T17:00:44+00:00", "artist": "LMG Clips", "age": null, "title": "Your Printer is Now a Subscription", "description": "HP launches an actual printing subscription with rented printers, a two-year commitment, and a pages per month cap.\n\nWatch the full WAN Show: https://www.youtube.com/watch?v=qs-sYNsqPYA&amp;t=10869s\n\n\n\u25ba GET MERCH: https://lttstore.com\n\u25ba GET EXCLUSIVE CONTENT ON FLOATPLANE: https://lmg.gg/lttfloatplane\n\u25ba SPONSORS, AFFILIATES, AND PARTNERS: https://lmg.gg/partners\n\u25ba OUR WAN PODCAST GEAR: https://lmg.gg/wanset\n \nFOLLOW US ON SOCIAL\n---------------------------------------------------  \nTwitter: https://twitter.com/linustech\nFacebook: http://www.facebook.com/LinusTech\nInstagram: https://www.instagram.com/linustech\nTikTok: https://www.tiktok.com/@linustech\nTikTok (LMG Clips): www.tiktok.com/@_lmgclips_\nTwitch: https://www.twitch.tv/linustech", "link": "https://www.youtube.com/watch?v=tUYrCxHuRgU", "language": null, "comments": [], "page_rating_contents": 0, "permanent": false, "page_rating": 0}, {"tags": [], "page_rating_votes": 0, "page_rating_visits": 0, "vote": 0, "user": null, "bookmarked": false, "thumbnail": "https://i2.ytimg.com/vi/mtBAu7rA6ew/hqdefault.jpg", "dead": false, "source": "https://www.youtube.com/feeds/videos.xml?channel_id=UCFLFc8Lpbwt4jPtY1_Ai5yA", "source_obj__id": 182, "album": "", "date_published": "2024-03-06T17:00:39+00:00", "artist": "LMG Clips", "age": null, "title": "Why Does the Vision Pro cost so much?", "description": "A research firm has released an estimated bill of materials for the Apple Vision Pro, giving a range for the cost of its component parts. \n\nWatch the full WAN Show: https://www.youtube.com/watch?v=qs-sYNsqPYA&amp;t=10869s\n\n\u25ba GET MERCH: https://lttstore.com\n\u25ba GET EXCLUSIVE CONTENT ON FLOATPLANE: https://lmg.gg/lttfloatplane\n\u25ba SPONSORS, AFFILIATES, AND PARTNERS: https://lmg.gg/partners\n\u25ba OUR WAN PODCAST GEAR: https://lmg.gg/wanset\n \nFOLLOW US ON SOCIAL\n---------------------------------------------------  \nTwitter: https://twitter.com/linustech\nFacebook: http://www.facebook.com/LinusTech\nInstagram: https://www.instagram.com/linustech\nTikTok: https://www.tiktok.com/@linustech\nTikTok (LMG Clips): www.tiktok.com/@_lmgclips_\nTwitch: https://www.twitch.tv/linustech", "link": "https://www.youtube.com/watch?v=mtBAu7rA6ew", "language": null, "comments": [], "page_rating_contents": 0, "permanent": false, "page_rating": 0}, {"tags": [], "page_rating_votes": 0, "page_rating_visits": 0, "vote": 0, "user": null, "bookmarked": false, "thumbnail": "https://i3.ytimg.com/vi/b9FfEAxpAMg/hqdefault.jpg", "dead": false, "source": "https://www.youtube.com/feeds/videos.xml?channel_id=UCFLFc8Lpbwt4jPtY1_Ai5yA", "source_obj__id": 182, "album": "", "date_published": "2024-03-06T17:00:27+00:00", "artist": "LMG Clips", "age": null, "title": "Reject Modernity, Embrace Repairable Laptops", "description": "iFixit teams up with Lenovo to create new highly repairable business laptops with mostly replaceable components. \n\nWatch the full WAN Show: https://www.youtube.com/watch?v=qs-sYNsqPYA&amp;t=10869s\n\n\u25ba GET MERCH: https://lttstore.com\n\u25ba GET EXCLUSIVE CONTENT ON FLOATPLANE: https://lmg.gg/lttfloatplane\n\u25ba SPONSORS, AFFILIATES, AND PARTNERS: https://lmg.gg/partners\n\u25ba OUR WAN PODCAST GEAR: https://lmg.gg/wanset\n \nFOLLOW US ON SOCIAL\n---------------------------------------------------  \nTwitter: https://twitter.com/linustech\nFacebook: http://www.facebook.com/LinusTech\nInstagram: https://www.instagram.com/linustech\nTikTok: https://www.tiktok.com/@linustech\nTikTok (LMG Clips): www.tiktok.com/@_lmgclips_\nTwitch: https://www.twitch.tv/linustech", "link": "https://www.youtube.com/watch?v=b9FfEAxpAMg", "language": null, "comments": [], "page_rating_contents": 0, "permanent": false, "page_rating": 0}]