[{"tags": [], "page_rating_votes": 0, "page_rating_visits": 0, "vote": 0, "user": null, "bookmarked": false, "thumbnail": "https://images.idgesg.net/images/idge/imported/imageapi/2022/12/01/17/salesforce-sign-100935102-small.jpg", "dead": false, "source": "http://www.infoworld.com/index.rss", "source_obj__id": 151, "album": "", "date_published": "2024-03-06T23:00:00+00:00", "artist": null, "age": null, "title": "Salesforce unveils low-code AI toolkit for CRM", "description": "<article>\n\t<section class=\"page\">\n<p>Salesforce has released <a href=\"https://www.salesforce.com/products/einstein-ai-builders/?d=cta-body-promo-8\" rel=\"nofollow\">Einstein 1 Studio</a>, a set of low-code development tools that allow Salesforce admins and developers to customize the Einstein Copilot conversational AI assistant for CRM and embed AI functionality into apps.</p><p>Einstein 1 Studio was unveiled March 6. The toolkit features Copilot Builder, for building custom AI actions to accomplish specific business tasks; Prompt Builder, for building custom prompts in the flow of work; and Model Builder, for building and managing AI models. Model Builder allows users to choose from <a href=\"https://www.infoworld.com/article/3709489/large-language-models-the-foundations-of-generative-ai.html\">large language models</a> (LLMs) managed by Salesforce or bring their own models.</p><p class=\"jumpTag\"><a href=\"/article/3714260/salesforce-unveils-low-code-ai-toolkit-for-crm.html#jump\"", "link": "https://www.infoworld.com/article/3714260/salesforce-unveils-low-code-ai-toolkit-for-crm.html#tk.rss_all", "language": "en-us", "comments": [], "page_rating_contents": 0, "permanent": false, "page_rating": 0}, {"tags": [], "page_rating_votes": 0, "page_rating_visits": 0, "vote": 0, "user": null, "bookmarked": false, "thumbnail": "https://images.idgesg.net/images/article/2023/01/shutterstock_1840085851-100936319-small.jpg", "dead": false, "source": "http://www.infoworld.com/index.rss", "source_obj__id": 151, "album": "", "date_published": "2024-03-06T10:00:00+00:00", "artist": null, "age": null, "title": "Java developers wanted, report says", "description": "<article>\n\t<section class=\"page\">\n<p>Most respondents to a recent survey on Java productivity said their companies plan to add Java developers this year, while a bit less than half plan to increase their Java tool budget.</p><p>These findings were included the <a href=\"https://www.jrebel.com/sites/default/files/pdfs/report-jrebel-2024-dev-productivity.pdf\" rel=\"nofollow\">2024 Java Productivity Report</a> from development tools provider Perforce Software, released March 5. Overall, the survey found that investments in Java tools and talent were on the rise. Sixty percent of respondents said their companies planned to add Java developers this year and only 13% said their companies did not (27% were unsure). Developer tool budgets look to be holding steady, with 42% planning to increase their Java tools budget.</p><p class=\"jumpTag\"><a href=\"/article/3713288/java-developers-wanted-report-says.html#jump\">To read this article in full, please click here</a></p></section></article>", "link": "https://www.infoworld.com/article/3713288/java-developers-wanted-report-says.html#tk.rss_all", "language": "en-us", "comments": [], "page_rating_contents": 0, "permanent": false, "page_rating": 0}, {"tags": [], "page_rating_votes": 0, "page_rating_visits": 0, "vote": 0, "user": null, "bookmarked": false, "thumbnail": "https://images.idgesg.net/images/article/2024/02/shutterstock_365534981-100961538-small.jpg", "dead": false, "source": "http://www.infoworld.com/index.rss", "source_obj__id": 151, "album": "", "date_published": "2024-03-06T10:00:00+00:00", "artist": null, "age": null, "title": "Understanding Java\u2019s new ScopedValue", "description": "<article>\n\t<section class=\"page\">\n<p>As reported on InfoWorld, <a href=\"https://www.infoworld.com/article/3708329/jdk-22-the-new-features-in-java-22.html\">Java 22 introduces several new thread-related features</a>.\u00a0One of the most important is the new <code>ScopedValue</code>\u00a0syntax for dealing with shared values in multithreaded contexts. Let's take a look.</p><h2 class=\"toc\">Structured concurrency and scoped values</h2>\n<p><code>ScopedValue</code> is a new way to achieve <code>ThreadLocal</code>-like behavior. Both elements address the need to create data that is safely shared within a single thread but <code>ScopedValue</code> aims for greater simplicity.\u00a0It is designed to work in tandem with <a href=\"https://www.infoworld.com/article/3678148/intro-to-virtual-threads-a-new-approach-to-java-concurrency.html\">VirtualThreads</a> and the new <a href=\"https://www.infoworld.com/article/3711361/get-started-with-javas-new-structured-concurrency-model.html\">StructuredTaskScope</a>,", "link": "https://www.infoworld.com/article/3713261/understanding-javas-new-scopedvalue.html#tk.rss_all", "language": "en-us", "comments": [], "page_rating_contents": 0, "permanent": false, "page_rating": 0}]