[{"tags": [], "page_rating_votes": 0, "page_rating_visits": 0, "vote": 0, "user": null, "bookmarked": false, "thumbnail": "https://i1.ytimg.com/vi/0gf_qvY9ldQ/hqdefault.jpg", "dead": false, "source": "https://www.youtube.com/feeds/videos.xml?channel_id=UCSiPjfAJBgbFlIUsxOWpK0w", "source_obj__id": 259, "album": "", "date_published": "2024-03-06T19:15:23+00:00", "artist": "PomplamooseMusic", "age": null, "title": "Where are my background vocals at?", "description": "", "link": "https://www.youtube.com/watch?v=0gf_qvY9ldQ", "language": null, "comments": [], "page_rating_contents": 0, "permanent": false, "page_rating": 0}]