[{"tags": [], "page_rating_votes": 0, "page_rating_visits": 0, "vote": 0, "user": null, "bookmarked": false, "thumbnail": "https://www.androidauthority.com/wp-content/uploads/2020/02/Spotify-vs-Tidal-vs-Google-Play-Music-500w-260h.jpg", "dead": false, "source": "https://www.androidauthority.com/feed", "source_obj__id": 18, "album": "", "date_published": "2024-03-06T22:06:35+00:00", "artist": null, "age": null, "title": "Your Tidal subscription is getting cheaper, but there\u2019s a catch", "description": "This sounds like a good news for fans of lossless audio, or does it?", "link": "https://www.androidauthority.com/tidal-subscription-new-price-3423113", "language": "en-US", "comments": [], "page_rating_contents": 0, "permanent": false, "page_rating": 0}, {"tags": [], "page_rating_votes": 0, "page_rating_visits": 0, "vote": 0, "user": null, "bookmarked": false, "thumbnail": "https://www.androidauthority.com/wp-content/uploads/2024/01/Oppo-Find-X7-Ultra-vs-iPhone-15-Pro-Max-vs-Galaxy-S23-Ultra.jpg", "dead": false, "source": "https://www.androidauthority.com/feed", "source_obj__id": 18, "album": "", "date_published": "2024-03-06T20:06:12+00:00", "artist": null, "age": null, "title": "Apple stumbles big in China: iPhone sales plummet by 24%", "description": "The most popular phone in the world might be losing its grip in China.", "link": "https://www.androidauthority.com/iphone-sales-decline-3423089", "language": "en-US", "comments": [], "page_rating_contents": 0, "permanent": false, "page_rating": 0}, {"tags": [], "page_rating_votes": 0, "page_rating_visits": 0, "vote": 0, "user": null, "bookmarked": false, "thumbnail": "https://www.androidauthority.com/wp-content/uploads/2021/03/Roku-Premiere-plugged-into-TV-2.jpg", "dead": false, "source": "https://www.androidauthority.com/feed", "source_obj__id": 18, "album": "", "date_published": "2024-03-06T18:45:03+00:00", "artist": null, "age": null, "title": "Roku angers users by disabling TVs and devices until they consent to new terms", "description": "If you can still use your Roku device, you've most likely already agreed to the new terms.", "link": "https://www.androidauthority.com/roku-disabled-devices-3423063", "language": "en-US", "comments": [], "page_rating_contents": 0, "permanent": false, "page_rating": 0}, {"tags": [], "page_rating_votes": 0, "page_rating_visits": 0, "vote": 0, "user": null, "bookmarked": false, "thumbnail": "https://www.androidauthority.com/wp-content/uploads/2024/02/Nothing-Phone-2a-with-Nothing-Phone-2-in-Hand.jpg", "dead": false, "source": "https://www.androidauthority.com/feed", "source_obj__id": 18, "album": "", "date_published": "2024-03-06T18:08:29+00:00", "artist": null, "age": null, "title": "Nothing Phone 2a vs Nothing Phone 2 hands-on: What\u2019s the difference and which should you buy?", "description": "A $250 saving seems like a steal, but there's more to consider.", "link": "https://www.androidauthority.com/nothing-phone-2a-vs-nothing-phone-2-3422688", "language": "en-US", "comments": [], "page_rating_contents": 0, "permanent": false, "page_rating": 0}, {"tags": [], "page_rating_votes": 0, "page_rating_visits": 0, "vote": 0, "user": null, "bookmarked": false, "thumbnail": "https://www.androidauthority.com/wp-content/uploads/2023/04/Google-One-logo-on-smartphone-Stock-photo-5.jpg", "dead": false, "source": "https://www.androidauthority.com/feed", "source_obj__id": 18, "album": "", "date_published": "2024-03-06T17:49:40+00:00", "artist": null, "age": null, "title": "Google One appears to be adding Fitbit Premium and Nest Aware as new perks", "description": "Google appears to be adding some new benefits to Google One.", "link": "https://www.androidauthority.com/google-one-new-perks-3423044", "language": "en-US", "comments": [], "page_rating_contents": 0, "permanent": false, "page_rating": 0}, {"tags": [], "page_rating_votes": 0, "page_rating_visits": 0, "vote": 0, "user": null, "bookmarked": false, "thumbnail": "https://www.androidauthority.com/wp-content/uploads/2024/03/SanDisk-1.5TB-Ultra-MicroSD-Card-Promo-Image.jpg", "dead": false, "source": "https://www.androidauthority.com/feed", "source_obj__id": 18, "album": "", "date_published": "2024-03-06T16:55:27+00:00", "artist": null, "age": null, "title": "Deal: The best microSD card for your phone is cheaper than ever", "description": "The SanDisk 1.5TB Ultra microSD card is at a record-low price of $109.99 right now.", "link": "https://www.androidauthority.com/sandisk-ultra-microsd-card-deal-3423033", "language": "en-US", "comments": [], "page_rating_contents": 0, "permanent": false, "page_rating": 0}, {"tags": [], "page_rating_votes": 0, "page_rating_visits": 0, "vote": 0, "user": null, "bookmarked": false, "thumbnail": "https://www.androidauthority.com/wp-content/uploads/2021/10/iPhone-13-Pro-apple-logo.jpg", "dead": false, "source": "https://www.androidauthority.com/feed", "source_obj__id": 18, "album": "", "date_published": "2024-03-06T16:22:45+00:00", "artist": null, "age": null, "title": "Here\u2019s what happens to your iPhone\u2019s alternative App Store when you leave the EU", "description": "You'll need to stay in the EU to keep access to your third-party app store.", "link": "https://www.androidauthority.com/iphone-alternative-app-store-eu-3423019", "language": "en-US", "comments": [], "page_rating_contents": 0, "permanent": false, "page_rating": 0}, {"tags": [], "page_rating_votes": 0, "page_rating_visits": 0, "vote": 0, "user": null, "bookmarked": false, "thumbnail": "https://www.androidauthority.com/wp-content/uploads/2021/09/Reddit-stock-photo.jpg", "dead": false, "source": "https://www.androidauthority.com/feed", "source_obj__id": 18, "album": "", "date_published": "2024-03-06T15:20:07+00:00", "artist": null, "age": null, "title": "Reddit will now use an AI model to fight harassment (APK teardown)", "description": "Reddit thinks an AI model can do a great job of detecting objectionable content.", "link": "https://www.androidauthority.com/reddit-ai-model-fight-harassment-apk-teardown-3422993", "language": "en-US", "comments": [], "page_rating_contents": 0, "permanent": false, "page_rating": 0}, {"tags": [], "page_rating_votes": 0, "page_rating_visits": 0, "vote": 0, "user": null, "bookmarked": false, "thumbnail": "https://www.androidauthority.com/wp-content/uploads/2024/03/Narwal-Freo-X-Ultra-PR-dog-hair-zoomed.jpg", "dead": false, "source": "https://www.androidauthority.com/feed", "source_obj__id": 18, "album": "", "date_published": "2024-03-06T15:01:30+00:00", "artist": null, "age": null, "title": "Narwal Freo X Ultra offers a next-gen clean: Buy now and save", "description": "Living up to the mantra: Exceptional Power. Minimal Maintenance.", "link": "https://www.androidauthority.com/narwal-freo-x-ultra-next-gen-clean-3422783", "language": "en-US", "comments": [], "page_rating_contents": 0, "permanent": false, "page_rating": 0}, {"tags": [], "page_rating_votes": 0, "page_rating_visits": 0, "vote": 0, "user": null, "bookmarked": false, "thumbnail": "https://www.androidauthority.com/wp-content/uploads/2024/02/Wallpaper-Wednesday-2024-03-06.jpg", "dead": false, "source": "https://www.androidauthority.com/feed", "source_obj__id": 18, "album": "", "date_published": "2024-03-06T14:30:08+00:00", "artist": null, "age": null, "title": "Wallpaper Wednesday: More great phone wallpapers for all to share (March 6)", "description": "Here is a weekly selection of Android wallpapers created by our readers and members of the Android Authority team!", "link": "https://www.androidauthority.com/wallpaper-wednesday-mar-06-2024-3421233", "language": "en-US", "comments": [], "page_rating_contents": 0, "permanent": false, "page_rating": 0}, {"tags": [], "page_rating_votes": 0, "page_rating_visits": 0, "vote": 0, "user": null, "bookmarked": false, "thumbnail": "https://www.androidauthority.com/wp-content/uploads/2024/02/Android-15-logo-on-smartphone-on-coffee-table-stock-photo-6.jpg", "dead": false, "source": "https://www.androidauthority.com/feed", "source_obj__id": 18, "album": "", "date_published": "2024-03-06T13:59:56+00:00", "artist": null, "age": null, "title": "Android 15 features: Everything you need to know", "description": "From UI changes to performance improvements, to privacy and security features, here's what you should know about Android 15.", "link": "https://www.androidauthority.com/android-15-features-3401939", "language": "en-US", "comments": [], "page_rating_contents": 0, "permanent": false, "page_rating": 0}, {"tags": [], "page_rating_votes": 0, "page_rating_visits": 0, "vote": 0, "user": null, "bookmarked": false, "thumbnail": "https://www.androidauthority.com/wp-content/uploads/2019/11/google-nest-wifi-review-next-to-box-2-500x260.jpg", "dead": false, "source": "https://www.androidauthority.com/feed", "source_obj__id": 18, "album": "", "date_published": "2024-03-06T13:54:31+00:00", "artist": null, "age": null, "title": "Upgrade your internet with 72% off the Google Nest Wifi system", "description": "The two-pack of the Google Nest Wifi mesh router system, which retailed for over $300, is down to just $83.60 today.", "link": "https://www.androidauthority.com/google-nest-wifi-deal-3422772", "language": "en-US", "comments": [], "page_rating_contents": 0, "permanent": false, "page_rating": 0}, {"tags": [], "page_rating_votes": 0, "page_rating_visits": 0, "vote": 0, "user": null, "bookmarked": false, "thumbnail": "https://www.androidauthority.com/wp-content/uploads/2024/03/Samsung-Galaxy-A55_4.jpeg", "dead": false, "source": "https://www.androidauthority.com/feed", "source_obj__id": 18, "album": "", "date_published": "2024-03-06T12:39:00+00:00", "artist": null, "age": null, "title": "Newest Galaxy A55 and Galaxy A35 leak leaves nothing to the imagination", "description": "The two phones look very similar to each other, but there are subtle differences if you look closely.", "link": "https://www.androidauthority.com/newest-galaxy-a55-galaxy-a35-leak-3422931", "language": "en-US", "comments": [], "page_rating_contents": 0, "permanent": false, "page_rating": 0}, {"tags": [], "page_rating_votes": 0, "page_rating_visits": 0, "vote": 0, "user": null, "bookmarked": false, "thumbnail": "https://www.androidauthority.com/wp-content/uploads/2022/11/Max.jpeg", "dead": false, "source": "https://www.androidauthority.com/feed", "source_obj__id": 18, "album": "", "date_published": "2024-03-06T11:40:31+00:00", "artist": null, "age": null, "title": "Yet another streaming service plans to crack down on password sharing this year", "description": "The parent company, Warner Bros. Discovery, sees it as a growth opportunity.", "link": "https://www.androidauthority.com/max-crackdown-password-sharing-new-transactional-ads-3422908", "language": "en-US", "comments": [], "page_rating_contents": 0, "permanent": false, "page_rating": 0}, {"tags": [], "page_rating_votes": 0, "page_rating_visits": 0, "vote": 0, "user": null, "bookmarked": false, "thumbnail": "https://www.androidauthority.com/wp-content/uploads/2023/10/Google-Pixel-8-back-standing-upright.jpg", "dead": false, "source": "https://www.androidauthority.com/feed", "source_obj__id": 18, "album": "", "date_published": "2024-03-06T11:24:18+00:00", "artist": null, "age": null, "title": "The Pixel\u2019s market share grew by a ridiculous 527% in this market", "description": "There's a razor-thin margin between Google and second-placed Sharp.", "link": "https://www.androidauthority.com/google-pixel-market-share-q4-2023-japan-3422875", "language": "en-US", "comments": [], "page_rating_contents": 0, "permanent": false, "page_rating": 0}, {"tags": [], "page_rating_votes": 0, "page_rating_visits": 0, "vote": 0, "user": null, "bookmarked": false, "thumbnail": "https://www.androidauthority.com/wp-content/uploads/2023/09/Samsung-Galaxy-Watch-6-Wear-OS-4-1-scaled.jpg", "dead": false, "source": "https://www.androidauthority.com/feed", "source_obj__id": 18, "album": "", "date_published": "2024-03-06T10:49:22+00:00", "artist": null, "age": null, "title": "Samsung users think this new Galaxy Watch 6 feature makes \u2018zero sense\u2019 and it\u2019s hard to disagree", "description": "Users are frustrated about Samsung prioritising futile features over real, usable upgrades.", "link": "https://www.androidauthority.com/samsung-galaxy-watch-6-march-2024-update-3422885", "language": "en-US", "comments": [], "page_rating_contents": 0, "permanent": false, "page_rating": 0}, {"tags": [], "page_rating_votes": 0, "page_rating_visits": 0, "vote": 0, "user": null, "bookmarked": false, "thumbnail": "https://www.androidauthority.com/wp-content/uploads/2023/06/anker-633-vs-622-magnetic-battery-flatlay-pixel-7-pro-1-scaled.jpg", "dead": false, "source": "https://www.androidauthority.com/feed", "source_obj__id": 18, "album": "", "date_published": "2024-03-06T10:41:48+00:00", "artist": null, "age": null, "title": "The latest Pixel Feature Drop update removes a key battery stat for Pixels", "description": "You no longer have easy access to battery cycle count data that is needed to estimate battery health, but it could be a bug.", "link": "https://www.androidauthority.com/march-2024-pixel-feature-drop-removes-battery-stat-3422865", "language": "en-US", "comments": [], "page_rating_contents": 0, "permanent": false, "page_rating": 0}, {"tags": [], "page_rating_votes": 0, "page_rating_visits": 0, "vote": 0, "user": null, "bookmarked": false, "thumbnail": "https://www.androidauthority.com/wp-content/uploads/2021/12/Spotify-stock-photo-3.jpg", "dead": false, "source": "https://www.androidauthority.com/feed", "source_obj__id": 18, "album": "", "date_published": "2024-03-06T10:05:52+00:00", "artist": null, "age": null, "title": "Can you change your Spotify username?", "description": "A brief overview of Spotify's auto-generated username system.", "link": "https://www.androidauthority.com/change-spotify-username-3090401", "language": "en-US", "comments": [], "page_rating_contents": 0, "permanent": false, "page_rating": 0}, {"tags": [], "page_rating_votes": 0, "page_rating_visits": 0, "vote": 0, "user": null, "bookmarked": false, "thumbnail": "https://www.androidauthority.com/wp-content/uploads/2024/03/Unihertz-Titan-3-back-and-front.jpg", "dead": false, "source": "https://www.androidauthority.com/feed", "source_obj__id": 18, "album": "", "date_published": "2024-03-06T09:47:32+00:00", "artist": null, "age": null, "title": "This phone has a 23,800mAh battery, but still charges faster than the Pixel 7a", "description": "The Unihertz Tank 3 also offers an IP68 rating, a flexible camera system, and microSD storage.", "link": "https://www.androidauthority.com/unihertz-tank-3-23800mah-battery-3422545", "language": "en-US", "comments": [], "page_rating_contents": 0, "permanent": false, "page_rating": 0}, {"tags": [], "page_rating_votes": 0, "page_rating_visits": 0, "vote": 0, "user": null, "bookmarked": false, "thumbnail": "https://www.androidauthority.com/wp-content/uploads/2024/02/oneplus-12-back-in-hand.jpg", "dead": false, "source": "https://www.androidauthority.com/feed", "source_obj__id": 18, "album": "", "date_published": "2024-03-06T09:21:23+00:00", "artist": null, "age": null, "title": "OnePlus 12 update alert: Better camera performance incoming", "description": "Users can now switch between different focal lengths, get better 2x portrait images, and more.", "link": "https://www.androidauthority.com/oneplus-12-oxygen-os-14-0-0-602-update-3422800", "language": "en-US", "comments": [], "page_rating_contents": 0, "permanent": false, "page_rating": 0}, {"tags": [], "page_rating_votes": 0, "page_rating_visits": 0, "vote": 0, "user": null, "bookmarked": false, "thumbnail": "https://www.androidauthority.com/wp-content/uploads/2024/02/Google-Play-Store-logo-on-smartphone-stock-photo-1.jpg", "dead": false, "source": "https://www.androidauthority.com/feed", "source_obj__id": 18, "album": "", "date_published": "2024-03-06T08:18:28+00:00", "artist": null, "age": null, "title": "Here\u2019s why the Play Store went down for some users yesterday", "description": "The Meta outage seemed to have contributed to Google's woes yesterday.", "link": "https://www.androidauthority.com/why-google-play-store-went-down-3422482", "language": "en-US", "comments": [], "page_rating_contents": 0, "permanent": false, "page_rating": 0}, {"tags": [], "page_rating_votes": 0, "page_rating_visits": 0, "vote": 0, "user": null, "bookmarked": false, "thumbnail": "https://www.androidauthority.com/wp-content/uploads/2024/01/Foldables-1.jpg", "dead": false, "source": "https://www.androidauthority.com/feed", "source_obj__id": 18, "album": "", "date_published": "2024-03-06T07:35:43+00:00", "artist": null, "age": null, "title": "Latest leak suggests a lot of great foldables could launch globally this year", "description": "Companies like Xiaomi and vivo are expected to launch their foldables globally, catching up to Samsung, OPPO, and OnePlus.", "link": "https://www.androidauthority.com/foldables-global-launch-samsung-oppo-oneplus-vivo-xiaomi-3422804", "language": "en-US", "comments": [], "page_rating_contents": 0, "permanent": false, "page_rating": 0}, {"tags": [], "page_rating_votes": 0, "page_rating_visits": 0, "vote": 0, "user": null, "bookmarked": false, "thumbnail": "https://www.androidauthority.com/wp-content/uploads/2022/05/Nintendo-Switch-Header-10.jpg", "dead": false, "source": "https://www.androidauthority.com/feed", "source_obj__id": 18, "album": "", "date_published": "2024-03-06T06:00:07+00:00", "artist": null, "age": null, "title": "Yuzu guide: The best Nintendo Switch emulator for Android", "description": "Yuzu on Android is best enjoyed on recent Android flagships with Snapdragon processors.", "link": "https://www.androidauthority.com/yuzu-emulator-android-3330620", "language": "en-US", "comments": [], "page_rating_contents": 0, "permanent": false, "page_rating": 0}, {"tags": [], "page_rating_votes": 0, "page_rating_visits": 0, "vote": 0, "user": null, "bookmarked": false, "thumbnail": "https://www.androidauthority.com/wp-content/uploads/2023/04/Verizon-logo-on-smartphone-with-a-colored-background-Stock-photo-9.jpg", "dead": false, "source": "https://www.androidauthority.com/feed", "source_obj__id": 18, "album": "", "date_published": "2024-03-06T05:18:30+00:00", "artist": null, "age": null, "title": "Verizon is giving a free Nintendo Switch to new home internet subscribers", "description": "In addition to the Switch, Verizon will also let you choose between a $200 Target gift card or a Samsung Chromebook.", "link": "https://www.androidauthority.com/verizon-free-nintendo-switch-deal-3422796", "language": "en-US", "comments": [], "page_rating_contents": 0, "permanent": false, "page_rating": 0}, {"tags": [], "page_rating_votes": 0, "page_rating_visits": 0, "vote": 0, "user": null, "bookmarked": false, "thumbnail": "https://www.androidauthority.com/wp-content/uploads/2022/05/Apple-App-Store-stock-photo-3.jpg", "dead": false, "source": "https://www.androidauthority.com/feed", "source_obj__id": 18, "album": "", "date_published": "2024-03-06T04:15:09+00:00", "artist": null, "age": null, "title": "Apple\u2019s ends App Store tyranny in Europe with the latest iOS 17.4 update", "description": "EU users can now download alternative app stores on their iPhones and iPads.", "link": "https://www.androidauthority.com/apple-ios-17-4-alternative-app-stores-3422790", "language": "en-US", "comments": [], "page_rating_contents": 0, "permanent": false, "page_rating": 0}]