[{"tags": [], "page_rating_votes": 0, "page_rating_visits": 0, "vote": 0, "user": null, "bookmarked": false, "thumbnail": "https://i4.ytimg.com/vi/wXcMhWEjkqE/hqdefault.jpg", "dead": false, "source": "https://www.youtube.com/feeds/videos.xml?channel_id=UCF9IOB2TExg3QIBupFtBDxg", "source_obj__id": 96, "album": "", "date_published": "2024-03-06T10:47:59+00:00", "artist": "Dr. John Campbell", "age": null, "title": "New and damning evidence", "description": "To be reported to the UK police. Read the full letter here, https://twitter.com/JimFergusonUK/status/1765289139677618585/photo/1", "link": "https://www.youtube.com/watch?v=wXcMhWEjkqE", "language": null, "comments": [], "page_rating_contents": 0, "permanent": false, "page_rating": 0}]