[{"vote": 10.0, "age": null, "description": "Protesting farmers have gathered at the heart of the European Union as leaders across the bloc hold a crucial meeting to discuss funding for Ukraine.", "permanent": false, "user": "rumpel", "page_rating_votes": 10, "album": "https://edition.cnn.com", "bookmarked": true, "thumbnail": "https://media.cnn.com/api/v1/images/stellar/prod/240201101652-01-brussels-farmer-protest-020124.jpg?c=16x9&q=w_800,c_fill", "title": "Protesting farmers hurl eggs and clog streets with tractors as EU summit begins | CNN", "link": "https://edition.cnn.com/2024/02/01/europe/farmers-protest-brussels-eu-summit-intl/index.html", "source": "", "page_rating_contents": 74, "dead": false, "language": "en", "comments": [], "artist": "https://edition.cnn.com", "date_published": "2024-02-01T11:26:53+00:00", "page_rating": 84, "tags": ["strike"], "page_rating_visits": 3}]