[{"vote": 0, "age": null, "description": "Dr. Lloyd Williams, an ophthalmologist with Duke University, has traveled\u00a0with the Himalayan Cataract Project for the past decade on a mission to cure blindness. He talks about his recent travels to South Sudan, a country with the highest rate of blindness in the world.", "permanent": false, "user": null, "page_rating_votes": 0, "album": "", "source_obj__id": 124, "bookmarked": false, "thumbnail": "https://media-cldnry.s-nbcnews.com/image/upload/t_fit_1500w/mpx/2704722219/2024_02/1706817676283_now_daily_b_blindness_cure_240201_1920x1080-hsfd4d.jpg", "title": "This eye surgeon is on a mission to cure blindness in South Sudan", "link": "https://www.nbcnews.com/now/video/this-eye-surgeon-is-on-a-mission-to-cure-blindness-in-south-sudan-203427397732", "source": "https://feeds.nbcnews.com/nbcnews/public/world", "page_rating_contents": 0, "dead": false, "language": "en-US", "comments": [], "artist": null, "date_published": "2024-02-01T20:01:35+00:00", "page_rating": 0, "tags": [], "page_rating_visits": 0}, {"vote": 0, "age": null, "description": "Ukraine's defense ministry and intelligence service published video that they said showed a maritime drone attack on a Russian warship off the Crimean coast. NBC News was unable to independently verify the date or location of the images.", "permanent": false, "user": null, "page_rating_votes": 0, "album": "", "source_obj__id": 124, "bookmarked": false, "thumbnail": "https://media-cldnry.s-nbcnews.com/image/upload/t_fit_1500w/mpx/2704722219/2024_02/ship_3_UKRAINE-C-jz0vf0.jpg", "title": "Video said to show Ukrainian attack on Russian warship off Crimea", "link": "https://www.nbcnews.com/video/video-said-to-show-ukrainian-attack-on-russian-warship-off-crimea-203405893721", "source": "https://feeds.nbcnews.com/nbcnews/public/world", "page_rating_contents": 0, "dead": false, "language": "en-US", "comments": [], "artist": null, "date_published": "2024-02-01T14:46:53+00:00", "page_rating": 0, "tags": [], "page_rating_visits": 0}, {"vote": 0, "age": null, "description": "Convoys with hundreds of angry farmers driving heavy-duty tractors created chaos outside the European Union\u2019s headquarters on Thursday, demanding leaders at an E.U. summit provide relief from rising prices and bureaucracy.", "permanent": false, "user": null, "page_rating_votes": 0, "album": "", "source_obj__id": 124, "bookmarked": false, "thumbnail": "https://media-cldnry.s-nbcnews.com/image/upload/t_fit_1500w/rockcms/2024-02/240201-eu-farmers-mb-0926-000d9b.jpg", "title": "Horns blaring and engines roaring, angry farmers take their protest to key E.U. summit", "link": "https://www.nbcnews.com/news/world/farmers-protest-eu-summit-tractors-rcna136703", "source": "https://feeds.nbcnews.com/nbcnews/public/world", "page_rating_contents": 0, "dead": false, "language": "en-US", "comments": [], "artist": null, "date_published": "2024-02-01T13:15:43+00:00", "page_rating": 0, "tags": [], "page_rating_visits": 0}, {"vote": 0, "age": null, "description": "Thousands of livestock are stranded off the coast of Australia after their ship was turned back by Red Sea turmoil, raising concerns among animal rights groups.", "permanent": false, "user": null, "page_rating_votes": 0, "album": "", "source_obj__id": 124, "bookmarked": false, "thumbnail": "https://media-cldnry.s-nbcnews.com/image/upload/t_fit_1500w/rockcms/2024-02/240201-sheep-aus-mb-1027-01d792.jpg", "title": "Thousands of sheep and cattle are stuck on a ship after Red Sea attacks forced a turnaround", "link": "https://www.nbcnews.com/news/world/australia-sheep-cattle-stranded-ship-red-sea-rcna136699", "source": "https://feeds.nbcnews.com/nbcnews/public/world", "page_rating_contents": 0, "dead": false, "language": "en-US", "comments": [], "artist": null, "date_published": "2024-02-01T12:52:56+00:00", "page_rating": 0, "tags": [], "page_rating_visits": 0}, {"vote": 0, "age": null, "description": "Seven-time Formula One champion Lewis Hamilton has been linked with a shock move from Mercedes to Ferrari next year, according to reports on Thursday.", "permanent": false, "user": null, "page_rating_votes": 0, "album": "", "source_obj__id": 124, "bookmarked": false, "thumbnail": "https://media-cldnry.s-nbcnews.com/image/upload/t_fit_1500w/rockcms/2024-02/240102-lewis-hamilton-mb-1209-65adb6.jpg", "title": "F1 great Lewis Hamilton set for shock move from Mercedes to Ferrari in 2025, reports say", "link": "https://www.nbcnews.com/news/world/lewis-hamilton-ferrari-f1-2025-rcna136714", "source": "https://feeds.nbcnews.com/nbcnews/public/world", "page_rating_contents": 0, "dead": false, "language": "en-US", "comments": [], "artist": null, "date_published": "2024-02-01T12:30:15+00:00", "page_rating": 0, "tags": [], "page_rating_visits": 0}, {"vote": 0, "age": null, "description": "Indian police cleared a suspected Chinese spy pigeon after eight months\u2019 detention and released it into the wild Tuesday, news agency Press Trust of India reported.", "permanent": false, "user": null, "page_rating_votes": 0, "album": "", "source_obj__id": 124, "bookmarked": false, "thumbnail": "https://media-cldnry.s-nbcnews.com/image/upload/t_fit_1500w/rockcms/2024-02/240201-india-pigeon-mb-1149-a06ec9.jpg", "title": "Indian police clear a suspected Chinese spy pigeon after 8 months in bird lockup", "link": "https://www.nbcnews.com/news/world/indian-police-clear-suspected-chinese-spy-pigeon-rcna136711", "source": "https://feeds.nbcnews.com/nbcnews/public/world", "page_rating_contents": 0, "dead": false, "language": "en-US", "comments": [], "artist": null, "date_published": "2024-02-01T11:56:01+00:00", "page_rating": 0, "tags": [], "page_rating_visits": 0}, {"vote": 0, "age": null, "description": "European farmers took their anger to the streets of Brussels before a E.U. summit, warning leaders not to ignore their concerns for better prices and less bureaucracy.", "permanent": false, "user": null, "page_rating_votes": 0, "album": "", "source_obj__id": 124, "bookmarked": false, "thumbnail": "https://media-cldnry.s-nbcnews.com/image/upload/t_fit_1500w/mpx/2704722219/2024_02/bruxe9106-09yjlt.jpg", "title": "European farmers surround European Parliament building to demand reforms", "link": "https://www.nbcnews.com/video/european-farmers-protest-at-european-parliament-building-203396165745", "source": "https://feeds.nbcnews.com/nbcnews/public/world", "page_rating_contents": 0, "dead": false, "language": "en-US", "comments": [], "artist": null, "date_published": "2024-02-01T11:19:48+00:00", "page_rating": 0, "tags": [], "page_rating_visits": 0}, {"vote": 0, "age": null, "description": "A 3-year-old boy got stuck inside a \u2018Hello Kitty\u2019 toy claw machine by climbing through the prize dispenser in a shopping mall in Australia. Local police had to smash the glass to rescue him.", "permanent": false, "user": null, "page_rating_votes": 0, "album": "", "source_obj__id": 124, "bookmarked": false, "thumbnail": "https://media-cldnry.s-nbcnews.com/image/upload/t_fit_1500w/mpx/2704722219/2024_02/claw_image-7dedwn.jpg", "title": "Watch: Australian boy is rescued after getting stuck inside a claw machine", "link": "https://www.nbcnews.com/video/watch-australian-boy-rescued-from-hello-kitty-claw-machine-203394629948", "source": "https://feeds.nbcnews.com/nbcnews/public/world", "page_rating_contents": 0, "dead": false, "language": "en-US", "comments": [], "artist": null, "date_published": "2024-02-01T10:58:14+00:00", "page_rating": 0, "tags": [], "page_rating_visits": 0}, {"vote": 0, "age": null, "description": "An Israeli-owned ship, MV Bahijah, with more than 12,000 sheep and 2,000 cows on board, is languishing in Australia after its journey was disrupted following attacks in the Red Sea by Yemen's Houthi militia.", "permanent": false, "user": null, "page_rating_votes": 0, "album": "", "source_obj__id": 124, "bookmarked": false, "thumbnail": "https://media-cldnry.s-nbcnews.com/image/upload/t_fit_1500w/mpx/2704722219/2024_02/ship_stuck_ALIA-3yd9fi.jpg", "title": "Thousands of sheep and cattle stranded after ship's Red Sea route canceled by security concerns", "link": "https://www.nbcnews.com/video/livestock-stranded-on-ship-disrupted-by-attacks-in-the-red-sea-by-houthi-militia-203397189745", "source": "https://feeds.nbcnews.com/nbcnews/public/world", "page_rating_contents": 0, "dead": false, "language": "en-US", "comments": [], "artist": null, "date_published": "2024-02-01T09:57:58+00:00", "page_rating": 0, "tags": [], "page_rating_visits": 0}, {"vote": 0, "age": null, "description": "Thailand\u2019s Constitutional Court ruled Wednesday that the progressive Move Forward party must cease advocating amending the law on royal defamation.", "permanent": false, "user": null, "page_rating_votes": 0, "album": "", "source_obj__id": 124, "bookmarked": false, "thumbnail": "https://media-cldnry.s-nbcnews.com/image/upload/t_fit_1500w/rockcms/2024-02/240131-Thailand-Pita-Limjaroenrat-ac-1057p-772539.jpg", "title": "Thai court rules election winners must stop trying to change royal insults law", "link": "https://www.nbcnews.com/news/world/thailand-move-forward-royal-insults-law-rcna136691", "source": "https://feeds.nbcnews.com/nbcnews/public/world", "page_rating_contents": 0, "dead": false, "language": "en-US", "comments": [], "artist": null, "date_published": "2024-02-01T04:05:44+00:00", "page_rating": 0, "tags": [], "page_rating_visits": 0}, {"vote": 0, "age": null, "description": "Former Pakistani Prime Minister Imran Khan was found guilty of corruption and sentenced to 14 years, his second conviction in as many days ahead of elections.", "permanent": false, "user": null, "page_rating_votes": 0, "album": "", "source_obj__id": 124, "bookmarked": false, "thumbnail": "https://media-cldnry.s-nbcnews.com/image/upload/t_fit_1500w/rockcms/2023-07/230713-imran-khan-mb-1134-30cc1d.jpg", "title": "Former Pakistan leader Imran Khan is jailed for 14 years a day after 10-year sentence", "link": "https://www.nbcnews.com/news/world/pakistan-former-leader-imran-khan-jailed-14-years-rcna136690", "source": "https://feeds.nbcnews.com/nbcnews/public/world", "page_rating_contents": 0, "dead": false, "language": "en-US", "comments": [], "artist": null, "date_published": "2024-02-01T03:56:16+00:00", "page_rating": 0, "tags": [], "page_rating_visits": 0}, {"vote": 0, "age": null, "description": "The Department of State has issued new travel advisories for both Jamaica and the Bahamas, urging Americans to \u201creconsider travel\u201d due to a recent rise in violent crimes, including armed robberies, sexual assault and homicides on the islands.", "permanent": false, "user": null, "page_rating_votes": 0, "album": "", "source_obj__id": 124, "bookmarked": false, "thumbnail": "https://media-cldnry.s-nbcnews.com/image/upload/t_fit_1500w/mpx/2704722219/2024_02/1706757200268_now_topstory_travel_warning_jamaica_bahamas_240131_1920x1080-ddyswy.jpg", "title": "Travel warnings issued for Jamaica and Bahamas amid growing violence", "link": "https://www.nbcnews.com/now/video/travel-warnings-issued-for-jamaica-and-bahamas-amid-growing-violence-203376197924", "source": "https://feeds.nbcnews.com/nbcnews/public/world", "page_rating_contents": 0, "dead": false, "language": "en-US", "comments": [], "artist": null, "date_published": "2024-02-01T03:13:38+00:00", "page_rating": 0, "tags": [], "page_rating_visits": 0}, {"vote": 0, "age": null, "description": "Three days after three U.S. soldiers were killed by a drone attack in Jordan, U.S. officials say a campaign of attacks could go on for weeks, including on targets outside Iran. The U.S. blaming an umbrella group of Iran-backed militias known as the Islamic Resistance in Iraq for the drone attack. Keir Simmons reports.", "permanent": false, "user": null, "page_rating_votes": 0, "album": "", "source_obj__id": 124, "bookmarked": false, "thumbnail": "https://media-cldnry.s-nbcnews.com/image/upload/t_fit_1500w/mpx/2704722219/2024_02/1706747218786_nn_ksi_us_response_to_deadly_strikes_240131_1920x1080-124k9v.jpg", "title": "U.S. plans 'campaign' of retaliatory strikes after killing of 3 soldiers, officials say", "link": "https://www.nbcnews.com/nightly-news/video/u-s-plans-campaign-of-retaliatory-strikes-after-killing-of-3-soldiers-officials-say-203363397876", "source": "https://feeds.nbcnews.com/nbcnews/public/world", "page_rating_contents": 0, "dead": false, "language": "en-US", "comments": [], "artist": null, "date_published": "2024-02-01T00:27:17+00:00", "page_rating": 0, "tags": [], "page_rating_visits": 0}, {"vote": 0, "age": null, "description": "FBI Director Christopher Wray told a House committee that hackers in China are focusing on American infrastructure and preparing to \"wreak havoc and cause real-world harm to American citizens and communities.\" He said the targets could include electrical grids, water treatment plants, gas pipelines and transportation systems. NBC's Ken Dilanian reports.", "permanent": false, "user": null, "page_rating_votes": 0, "album": "", "source_obj__id": 124, "bookmarked": false, "thumbnail": "https://media-cldnry.s-nbcnews.com/image/upload/t_fit_1500w/mpx/2704722219/2024_02/1706747179630_nn_kdi_wray_warns_congress_on_china_hacking_threat_240131_1920x1080-ehdva3.jpg", "title": "FBI Director Christopher Wray warns of alarming hacking threat from China", "link": "https://www.nbcnews.com/nightly-news/video/fbi-director-christopher-wray-warns-of-alarming-hacking-threat-from-china-203366469751", "source": "https://feeds.nbcnews.com/nbcnews/public/world", "page_rating_contents": 0, "dead": false, "language": "en-US", "comments": [], "artist": null, "date_published": "2024-02-01T00:26:36+00:00", "page_rating": 0, "tags": [], "page_rating_visits": 0}, {"vote": 0, "age": null, "description": "They are children of war, finally getting the help they desperately need -- some 50 children from Gaza with fractures, head injuries and some with cancer. We follow their journey out of Gaza, into Egypt and finally the United Arab Emirates. NBC's Hala Gorani reports.", "permanent": false, "user": null, "page_rating_votes": 0, "album": "", "source_obj__id": 124, "bookmarked": false, "thumbnail": "https://media-cldnry.s-nbcnews.com/image/upload/t_fit_1500w/mpx/2704722219/2024_02/1706746778326_nn_hgo_childrens_escape_from_gaza_240131_1920x1080-t08bbv.jpg", "title": "Inside harrowing journey out of Gaza for wounded children", "link": "https://www.nbcnews.com/nightly-news/video/inside-harrowing-journey-out-of-gaza-for-wounded-children-203366469685", "source": "https://feeds.nbcnews.com/nbcnews/public/world", "page_rating_contents": 0, "dead": false, "language": "en-US", "comments": [], "artist": null, "date_published": "2024-02-01T00:19:56+00:00", "page_rating": 0, "tags": [], "page_rating_visits": 0}]