[{"vote": 0, "age": null, "description": "To wrap up our IGN First coverage of Dragon's Dogma 2, Mitchell and Casey have an unscripted conversation going over everything they got to see and play during those 10 hours of playtime.\n\n#IGN #Gaming #DragonsDogma2", "permanent": false, "user": null, "page_rating_votes": 0, "album": "", "source_obj__id": 210, "bookmarked": false, "thumbnail": "https://i4.ytimg.com/vi/WESHN48K1P8/hqdefault.jpg", "title": "Dragon's Dogma 2: Everything We Know After 10 Hours of Play - IGN First", "link": "https://www.youtube.com/watch?v=WESHN48K1P8", "source": "https://www.youtube.com/feeds/videos.xml?channel_id=UCKy1dAqELo0zrOtPkf0eTMw", "page_rating_contents": 0, "dead": false, "language": null, "comments": [], "artist": "IGN", "date_published": "2024-02-01T22:00:29+00:00", "page_rating": 0, "tags": [], "page_rating_visits": 0}, {"vote": 0, "age": null, "description": "Jujutsu Kaisen Cursed Clash is a 2v2 action fighting game developed by Byking Inc. Take a look at the latest trailer to see all of the different cosmetics players can attain for a plethora of different fighters across the game. Jujutsu Kaisen Cursed Clash is launching on February 2 for PlayStation 4, PlayStation 5, Xbox One, Xbox Series S|X, Nintendo Switch, and PC.", "permanent": false, "user": null, "page_rating_votes": 0, "album": "", "source_obj__id": 210, "bookmarked": false, "thumbnail": "https://i4.ytimg.com/vi/SC4-eRTmmVQ/hqdefault.jpg", "title": "Jujutsu Kaisen Cursed Clash - Official Costumes Trailer", "link": "https://www.youtube.com/watch?v=SC4-eRTmmVQ", "source": "https://www.youtube.com/feeds/videos.xml?channel_id=UCKy1dAqELo0zrOtPkf0eTMw", "page_rating_contents": 0, "dead": false, "language": null, "comments": [], "artist": "IGN", "date_published": "2024-02-01T21:00:13+00:00", "page_rating": 0, "tags": [], "page_rating_visits": 0}, {"vote": 0, "age": null, "description": "Children of the Sun is a tactical third-person puzzle shooter developed by Ren\u00e9 Rother. Players will embark on a deadly road trip straight to vengeance as a young girl seeks payback from a Cult that ruined her whole life. Beat level after level by taking out multiple enemies with the use of a single bullet. Re-aim said bullet upon impact, take out armor, and guide the bullet around obstructions with style and speed. Children of the Sun is launching on PC at a later date.\n\n#ign", "permanent": false, "user": null, "page_rating_votes": 0, "album": "", "source_obj__id": 210, "bookmarked": false, "thumbnail": "https://i3.ytimg.com/vi/NX3b1V7De5Y/hqdefault.jpg", "title": "Children of the Sun - Official Reveal Trailer", "link": "https://www.youtube.com/watch?v=NX3b1V7De5Y", "source": "https://www.youtube.com/feeds/videos.xml?channel_id=UCKy1dAqELo0zrOtPkf0eTMw", "page_rating_contents": 0, "dead": false, "language": null, "comments": [], "artist": "IGN", "date_published": "2024-02-01T20:30:04+00:00", "page_rating": 0, "tags": [], "page_rating_visits": 0}, {"vote": 0, "age": null, "description": "Wanna learn how to get Anubis, one of Palworld's strongest Pals, pretty dang early? We've got the tips on how to breed Anubis right here!\n\nCreating an Anubis egg requires particular pals and conditions to pull off. We'll show you the locations, farming methods, and ways to speed up the process so you can get Anubis way earlier than you normally would. We hope you enjoy this Palworld Anubis breeding guide!\n\n#IGN #Gaming #Palworld", "permanent": false, "user": null, "page_rating_votes": 0, "album": "", "source_obj__id": 210, "bookmarked": false, "thumbnail": "https://i2.ytimg.com/vi/1VXJyKcnEAQ/hqdefault.jpg", "title": "Palworld - How to Breed Anubis Early", "link": "https://www.youtube.com/watch?v=1VXJyKcnEAQ", "source": "https://www.youtube.com/feeds/videos.xml?channel_id=UCKy1dAqELo0zrOtPkf0eTMw", "page_rating_contents": 0, "dead": false, "language": null, "comments": [], "artist": "IGN", "date_published": "2024-02-01T20:00:00+00:00", "page_rating": 0, "tags": [], "page_rating_visits": 0}, {"vote": 0, "age": null, "description": "Banishers: Ghosts of New Eden is a third-person action-adventure game by DON'T NOD. Players will embody the roles of Red and Antea as they protect the public from spirits that remain as opposed to passing on. Take a look at the latest trailer to get a full combat breakdown of the mechanics behind Red's gun-driven gameplay style and Antea's ethereal attacks and abilities. Banishers: Ghosts of New Eden is launching on February 13 for PlayStation 5, Xbox Series S|X, and PC.\n\n#IGN #Gaming #Banishers", "permanent": false, "user": null, "page_rating_votes": 0, "album": "", "source_obj__id": 210, "bookmarked": false, "thumbnail": "https://i3.ytimg.com/vi/2_v89N3el5c/hqdefault.jpg", "title": "Banishers: Ghosts of New Eden - Official Gameplay Breakdown Trailer", "link": "https://www.youtube.com/watch?v=2_v89N3el5c", "source": "https://www.youtube.com/feeds/videos.xml?channel_id=UCKy1dAqELo0zrOtPkf0eTMw", "page_rating_contents": 0, "dead": false, "language": null, "comments": [], "artist": "IGN", "date_published": "2024-02-01T19:00:03+00:00", "page_rating": 0, "tags": [], "page_rating_visits": 0}, {"vote": 0, "age": null, "description": "SPOILERS! This is the Suicide Squad: Kill the Justice League ending from the launch of the game. While there is planned seasonal content for Suicide Squad, this is how the story concludes from the base game.\n\n#IGN #Gaming", "permanent": false, "user": null, "page_rating_votes": 0, "album": "", "source_obj__id": 210, "bookmarked": false, "thumbnail": "https://i4.ytimg.com/vi/kR7hymDLbfE/hqdefault.jpg", "title": "Suicide Squad: Kill the Justice League Ending Cutscene (Spoilers!)", "link": "https://www.youtube.com/watch?v=kR7hymDLbfE", "source": "https://www.youtube.com/feeds/videos.xml?channel_id=UCKy1dAqELo0zrOtPkf0eTMw", "page_rating_contents": 0, "dead": false, "language": null, "comments": [], "artist": "IGN", "date_published": "2024-02-01T18:35:35+00:00", "page_rating": 0, "tags": [], "page_rating_visits": 0}, {"vote": 0, "age": null, "description": "Check out the trailer for Resident Evil 4: Gold Edition to see what's available in this edition of the survival horror game, including the base game, the Separate Ways story DLC, and an Extra DLC pack. The Mercenaries mode is also available as a free DLC. Resident Evil 4: Gold Edition will be available on PlayStation 5, PlayStation 4, Xbox Series X/S, and Steam on February 9, 2024.", "permanent": false, "user": null, "page_rating_votes": 0, "album": "", "source_obj__id": 210, "bookmarked": false, "thumbnail": "https://i2.ytimg.com/vi/-avtOIRmhQs/hqdefault.jpg", "title": "Resident Evil 4 Gold Edition - Official Launch Trailer", "link": "https://www.youtube.com/watch?v=-avtOIRmhQs", "source": "https://www.youtube.com/feeds/videos.xml?channel_id=UCKy1dAqELo0zrOtPkf0eTMw", "page_rating_contents": 0, "dead": false, "language": null, "comments": [], "artist": "IGN", "date_published": "2024-02-01T18:00:00+00:00", "page_rating": 0, "tags": [], "page_rating_visits": 0}, {"vote": 0, "age": null, "description": "Watch the trailer for Citadelum to see gameplay and some of the features of the upcoming strategy/city-building game, including the auto-battle system, interactions with and between gods, and more. Citadelum is set in Ancient Rome, with a mythical twist. It will be available on PC in 2024.\n\n#GameTrailers #Gaming #Citadelum", "permanent": false, "user": null, "page_rating_votes": 0, "album": "", "source_obj__id": 210, "bookmarked": false, "thumbnail": "https://i1.ytimg.com/vi/P1p8M-S0xRo/hqdefault.jpg", "title": "Citadelum - Official Reveal Trailer", "link": "https://www.youtube.com/watch?v=P1p8M-S0xRo", "source": "https://www.youtube.com/feeds/videos.xml?channel_id=UCKy1dAqELo0zrOtPkf0eTMw", "page_rating_contents": 0, "dead": false, "language": null, "comments": [], "artist": "IGN", "date_published": "2024-02-01T17:47:27+00:00", "page_rating": 0, "tags": [], "page_rating_visits": 0}, {"vote": 0, "age": null, "description": "Get a deeper look at combat and strategies you can use in battle, like exploiting enemies' weaknesses and more, in this latest trailer for the upcoming RPG remake, Persona 3 Reload. Persona 3 Reload will be available on Xbox Series X/S, Xbox One, Windows, Xbox Game Pass, Steam, PlayStation 5, and PlayStation 4 on February 2, 2024.\n\n#Persona #Persona3 #Gaming", "permanent": false, "user": null, "page_rating_votes": 0, "album": "", "source_obj__id": 210, "bookmarked": false, "thumbnail": "https://i4.ytimg.com/vi/_YkpEgLGP2g/hqdefault.jpg", "title": "Persona 3 Reload - Official Battle Strategy Trailer", "link": "https://www.youtube.com/watch?v=_YkpEgLGP2g", "source": "https://www.youtube.com/feeds/videos.xml?channel_id=UCKy1dAqELo0zrOtPkf0eTMw", "page_rating_contents": 0, "dead": false, "language": null, "comments": [], "artist": "IGN", "date_published": "2024-02-01T17:41:08+00:00", "page_rating": 0, "tags": [], "page_rating_visits": 0}, {"vote": 0, "age": null, "description": "Jujutsu Kaisen Cursed Clash is a 2v2 fighting game developed by Byking Inc. Players will fight to master the Jujutsu\u00a0of their favorite Sorcerers and Cursed Spirits. Select a main fighter and partner to implement unique combinations to complement a desired play style. Strengthen cursed techniques through exhilarating battles, defeat opponents, and harness the power of the Jujutsu. Jujutsu Kaisen Cursed Clash is launching on February 2 for PlayStation 4, PlayStation 5, Xbox One, Xbox Series S|X, Nintendo Switch, and PC.\n\n#IGN #Gaming #JujutsuKaisenCursedClash", "permanent": false, "user": null, "page_rating_votes": 0, "album": "", "source_obj__id": 210, "bookmarked": false, "thumbnail": "https://i1.ytimg.com/vi/pivoHJX0K2U/hqdefault.jpg", "title": "Jujutsu Kaisen Cursed Clash - Official Launch Trailer", "link": "https://www.youtube.com/watch?v=pivoHJX0K2U", "source": "https://www.youtube.com/feeds/videos.xml?channel_id=UCKy1dAqELo0zrOtPkf0eTMw", "page_rating_contents": 0, "dead": false, "language": null, "comments": [], "artist": "IGN", "date_published": "2024-02-01T17:00:43+00:00", "page_rating": 0, "tags": [], "page_rating_visits": 0}, {"vote": 0, "age": null, "description": "Check out this graphics comparison between Silent Hill 2, developed by Team Silent back in 2001 for the PS2, and the Silent Hill 2 Remake, by Bloober Team, in development for the PlayStation 5 and PC.\n\nHow do you think the SH2 Remake stacks up compared to the original? Let us know with your IGN comments below, SH2 Remake VS Original, which one do you prefer?\n\n#SilentHill2 #SilentHill2Remake #IGN", "permanent": false, "user": null, "page_rating_votes": 0, "album": "", "source_obj__id": 210, "bookmarked": false, "thumbnail": "https://i4.ytimg.com/vi/3mVLduRA03Y/hqdefault.jpg", "title": "Silent Hill 2: Original VS. Remake Graphics Comparison", "link": "https://www.youtube.com/watch?v=3mVLduRA03Y", "source": "https://www.youtube.com/feeds/videos.xml?channel_id=UCKy1dAqELo0zrOtPkf0eTMw", "page_rating_contents": 0, "dead": false, "language": null, "comments": [], "artist": "IGN", "date_published": "2024-02-01T16:46:16+00:00", "page_rating": 0, "tags": [], "page_rating_visits": 0}, {"vote": 0, "age": null, "description": "We take our first test drive with Children of the Sun, a just-announced shooter/puzzle game that blends Sniper Elite and Superhot into one revenge-fueled package. Previewed on PC by Jeremy Smith.", "permanent": false, "user": null, "page_rating_votes": 0, "album": "", "source_obj__id": 210, "bookmarked": false, "thumbnail": "https://i3.ytimg.com/vi/z1j5yXjnYXM/hqdefault.jpg", "title": "Children of the Sun Is Like Sniper Elite Meets Superhot", "link": "https://www.youtube.com/watch?v=z1j5yXjnYXM", "source": "https://www.youtube.com/feeds/videos.xml?channel_id=UCKy1dAqELo0zrOtPkf0eTMw", "page_rating_contents": 0, "dead": false, "language": null, "comments": [], "artist": "IGN", "date_published": "2024-02-01T16:00:42+00:00", "page_rating": 0, "tags": [], "page_rating_visits": 0}, {"vote": 0, "age": null, "description": "Check out a full WWE 2K24 Ambulance Match, showcasing the brand-new mode coming to the new WWE game. We face WWE 2K24 Kevin Owens against WWE 2K24 The Undertaker in what turns out to be an all-time classic.\n\nWWE 2K24 will be released on PlayStation 5 (PS5), Xbox Series X/S, PlayStation 4 (PS4), Xbox One, and PC via Steam on March 8, 2024. \n\n#WWE #Wrestling #Gaming", "permanent": false, "user": null, "page_rating_votes": 0, "album": "", "source_obj__id": 210, "bookmarked": false, "thumbnail": "https://i4.ytimg.com/vi/wdd7izNIyoo/hqdefault.jpg", "title": "WWE 2K24: Full Ambulance Match Gameplay", "link": "https://www.youtube.com/watch?v=wdd7izNIyoo", "source": "https://www.youtube.com/feeds/videos.xml?channel_id=UCKy1dAqELo0zrOtPkf0eTMw", "page_rating_contents": 0, "dead": false, "language": null, "comments": [], "artist": "IGN", "date_published": "2024-02-01T15:00:46+00:00", "page_rating": 0, "tags": [], "page_rating_visits": 0}, {"vote": 0, "age": null, "description": "Watch our IGN WWE 2K24 preview! From what I\u2019ve played so far, WWE 2K24 has added enough exciting gameplay-focused innovations that it's definitely worth your attention. Let me talk to ya\u2026\n\nCheck out the first hands-on preview for WWE 2K24 where we got to sample the new ambulance match, the updated Backstage Brawl and a bunch of new WWE 2K24 gameplay additions.\n\nWWE 2K24 will be released on PlayStation 5 (PS5), Xbox Series X/S, PlayStation 4 (PS4), Xbox One, and PC via Steam on March 8, 2024. \n\n#WWE #Wrestling #Gaming", "permanent": false, "user": null, "page_rating_votes": 0, "album": "", "source_obj__id": 210, "bookmarked": false, "thumbnail": "https://i4.ytimg.com/vi/KuNfCVX1Aw0/hqdefault.jpg", "title": "WWE 2K24: The First Preview", "link": "https://www.youtube.com/watch?v=KuNfCVX1Aw0", "source": "https://www.youtube.com/feeds/videos.xml?channel_id=UCKy1dAqELo0zrOtPkf0eTMw", "page_rating_contents": 0, "dead": false, "language": null, "comments": [], "artist": "IGN", "date_published": "2024-02-01T15:00:22+00:00", "page_rating": 0, "tags": [], "page_rating_visits": 0}, {"vote": 0, "age": null, "description": "Check out the WWE 2K24 Rhea Ripley full ring entrance! This video puts the spotlight on WWE Women's World Champion Rhea Ripley in WWE 2K24. Featuring The Eradicator carrying her women's world championship to the ring in the Smackdown arena.\n\nWWE 2K24 will be released on PlayStation 5 (PS5), Xbox Series X/S, PlayStation 4 (PS4), Xbox One, and PC via Steam on March 8, 2024. \n\n#WWE #Wrestling #Gaming", "permanent": false, "user": null, "page_rating_votes": 0, "album": "", "source_obj__id": 210, "bookmarked": false, "thumbnail": "https://i4.ytimg.com/vi/KYc7pOhwn1E/hqdefault.jpg", "title": "WWE 2K24: Rhea Ripley Full Ring Entrance", "link": "https://www.youtube.com/watch?v=KYc7pOhwn1E", "source": "https://www.youtube.com/feeds/videos.xml?channel_id=UCKy1dAqELo0zrOtPkf0eTMw", "page_rating_contents": 0, "dead": false, "language": null, "comments": [], "artist": "IGN", "date_published": "2024-02-01T15:00:14+00:00", "page_rating": 0, "tags": [], "page_rating_visits": 0}, {"vote": 0, "age": null, "description": "Get a deep dive into gameplay, turn-based combat, skills, how your otherworldly beings called salutors can help in battle, and more in this latest trailer for The Thaumaturge, an upcoming isometric RPG from 11 bit studios and Fool\u2019s Theory. The trailer showcases a quest where the protagonist Wiktor Szulski takes on the Russian Okhrana, explores the streets of 1905 Warsaw and helps a woman flee the country. We also get to see how to level up your thaumaturge skills, how your decisions may impact the story, a peek at public transportation, and more. \n\nThe Thaumaturge will be available on PC on February 20, 2024, followed by PlayStation 5 (PS5) and Xbox Series X/S versions at a later date.\n\n#TheThaumaturge #Gaming #IGN", "permanent": false, "user": null, "page_rating_votes": 0, "album": "", "source_obj__id": 210, "bookmarked": false, "thumbnail": "https://i4.ytimg.com/vi/3aD3sKYxGKE/hqdefault.jpg", "title": "The Thaumaturge - Official Quest Trailer", "link": "https://www.youtube.com/watch?v=3aD3sKYxGKE", "source": "https://www.youtube.com/feeds/videos.xml?channel_id=UCKy1dAqELo0zrOtPkf0eTMw", "page_rating_contents": 0, "dead": false, "language": null, "comments": [], "artist": "IGN", "date_published": "2024-02-01T15:00:07+00:00", "page_rating": 0, "tags": [], "page_rating_visits": 0}, {"vote": 0, "age": null, "description": "Watch the latest trailer for Street Fighter 6 to see what to expect with the \"Ed Arrives!\" Fighting Pass, featuring cosmetic items themed off of the psycho-powered boxer, Captain Commando to play in the game center, and Fighter Coins. Ed is coming to Street Fighter 6 in February 2024.\n\n#IGN #Gaming #StreetFighter6 #Ed", "permanent": false, "user": null, "page_rating_votes": 0, "album": "", "source_obj__id": 210, "bookmarked": false, "thumbnail": "https://i1.ytimg.com/vi/XZFQ9iGyrdE/hqdefault.jpg", "title": "Street Fighter 6 - Official 'Ed Arrives!' Fighting Pass Trailer", "link": "https://www.youtube.com/watch?v=XZFQ9iGyrdE", "source": "https://www.youtube.com/feeds/videos.xml?channel_id=UCKy1dAqELo0zrOtPkf0eTMw", "page_rating_contents": 100, "dead": false, "language": "en", "comments": [], "artist": "IGN", "date_published": "2024-02-01T14:44:49+00:00", "page_rating": 100, "tags": [], "page_rating_visits": 1}, {"vote": 0, "age": null, "description": "", "permanent": false, "user": null, "page_rating_votes": 0, "album": "", "source_obj__id": 210, "bookmarked": false, "thumbnail": "https://i4.ytimg.com/vi/7cAoXcSAspc/hqdefault.jpg", "title": "TOP 5 flying Pals to get in Palworld! #palworld #pals #fly #flying", "link": "https://www.youtube.com/watch?v=7cAoXcSAspc", "source": "https://www.youtube.com/feeds/videos.xml?channel_id=UCKy1dAqELo0zrOtPkf0eTMw", "page_rating_contents": 0, "dead": false, "language": null, "comments": [], "artist": "IGN", "date_published": "2024-02-01T03:30:42+00:00", "page_rating": 0, "tags": [], "page_rating_visits": 0}, {"vote": 0, "age": null, "description": "Today, PlayStation fans received some incredibly exciting details on some new upcoming games during the January 2024 State of Play. This show lasted around 40 minutes, and covered updates and news for Death Stranding 2: On the Beach, Dragon's Dogma 2, Silent Hill 2, Helldivers 2, Sonic x Shadow Generations, Until Dawn, Legendary Tales, Rise of the Ronin, Godzilla DLC for Dave The Diver, as well as the announcement of the latest from Kojima Productions, Physint, and more!\n\nIf you could not watch the showcase live, well you're in luck, this quick roundup video goes over all of the announcements from the January 2024 PlayStation State of Play.", "permanent": false, "user": null, "page_rating_votes": 0, "album": "", "source_obj__id": 210, "bookmarked": false, "thumbnail": "https://i1.ytimg.com/vi/phH269MzRqs/hqdefault.jpg", "title": "Everything Announced at PlayStation State of Play - Jan 2024", "link": "https://www.youtube.com/watch?v=phH269MzRqs", "source": "https://www.youtube.com/feeds/videos.xml?channel_id=UCKy1dAqELo0zrOtPkf0eTMw", "page_rating_contents": 0, "dead": false, "language": null, "comments": [], "artist": "IGN", "date_published": "2024-02-01T02:10:28+00:00", "page_rating": 0, "tags": [], "page_rating_visits": 0}, {"vote": 0, "age": null, "description": "Silent Hill: The Short Message features a young woman and tells a story about social media and how it can have devastating effects on the psyche. Created as a Silent Hill experiment by Konami to try different things per the PlayStation blog, they are using it to \"Polish our horror game expertise.\"", "permanent": false, "user": null, "page_rating_votes": 0, "album": "", "source_obj__id": 210, "bookmarked": false, "thumbnail": "https://i3.ytimg.com/vi/JgSlF6OmgKc/hqdefault.jpg", "title": "The First 26 Minutes of Silent Hill: The Short Message Gameplay", "link": "https://www.youtube.com/watch?v=JgSlF6OmgKc", "source": "https://www.youtube.com/feeds/videos.xml?channel_id=UCKy1dAqELo0zrOtPkf0eTMw", "page_rating_contents": 0, "dead": false, "language": null, "comments": [], "artist": "IGN", "date_published": "2024-02-01T02:02:22+00:00", "page_rating": 0, "tags": [], "page_rating_visits": 0}, {"vote": 0, "age": null, "description": "Granblue Fantasy: Relink reviewed by George Yang on PlayStation 5, also available on PlayStation 4 and PC.\n\n\"Granblue Fantasy: Relink bucks the RPG genre\u2019s usual trend of long and slow-paced stories, but the relative brevity of its campaign doesn\u2019t compromise on the quality of its storytelling. Its mobile game origins don\u2019t always translate over well, feeling a little thin in some aspects, but questing with friends in multiplayer is very exciting, even if the lack of crossplay is disappointing. However, Relink\u2019s fun action combat and interesting cast of characters are compelling enough to keep you playing long after you beat the final boss.\"", "permanent": false, "user": null, "page_rating_votes": 0, "album": "", "source_obj__id": 210, "bookmarked": false, "thumbnail": "https://i2.ytimg.com/vi/ur3HD5Qn1u4/hqdefault.jpg", "title": "Granblue Fantasy: Relink Review", "link": "https://www.youtube.com/watch?v=ur3HD5Qn1u4", "source": "https://www.youtube.com/feeds/videos.xml?channel_id=UCKy1dAqELo0zrOtPkf0eTMw", "page_rating_contents": 0, "dead": false, "language": null, "comments": [], "artist": "IGN", "date_published": "2024-02-01T01:59:54+00:00", "page_rating": 0, "tags": [], "page_rating_visits": 0}, {"vote": 0, "age": null, "description": "In today's Daily Fix:\nA new month means a new crop of games coming to PlayStation Plus. For February, there's the multiplayer-centric Foamstars, the soulslike RPG Steelrising, and the roller derby-inspired Rollerdrome. There's also some fun cosmetics for Fall Guys. In other news, a new update is out for Alan Wake 2, and it comes with an option to make the game less scary for all you babies out there. And finally, Warner Bros. Games is trying to make good on the early access promise for Suicide Squad: Kill the Justice League's Deluxe Edition. The game was launched, and then pulled after bugs were discovered that negatively affected the experience. Owners of the deluxe edition will be getting some in-game currency, so that's something.\n\n#IGN #Gaming #PS5", "permanent": false, "user": null, "page_rating_votes": 0, "album": "", "source_obj__id": 210, "bookmarked": false, "thumbnail": "https://i4.ytimg.com/vi/gYS6jjCYrvQ/hqdefault.jpg", "title": "PlayStation Plus Games for February 2024 Announced - IGN Daily Fix", "link": "https://www.youtube.com/watch?v=gYS6jjCYrvQ", "source": "https://www.youtube.com/feeds/videos.xml?channel_id=UCKy1dAqELo0zrOtPkf0eTMw", "page_rating_contents": 0, "dead": false, "language": null, "comments": [], "artist": "IGN", "date_published": "2024-02-01T00:30:30+00:00", "page_rating": 0, "tags": [], "page_rating_visits": 0}, {"vote": 0, "age": null, "description": "", "permanent": false, "user": null, "page_rating_votes": 0, "album": "", "source_obj__id": 210, "bookmarked": false, "thumbnail": "https://i3.ytimg.com/vi/V361MEg7jgQ/hqdefault.jpg", "title": "\u201cDeath Stranding 2 On The Beach\u201d comes out in 2025. This is only 40 secs of a crazy 10-min trailer!", "link": "https://www.youtube.com/watch?v=V361MEg7jgQ", "source": "https://www.youtube.com/feeds/videos.xml?channel_id=UCKy1dAqELo0zrOtPkf0eTMw", "page_rating_contents": 0, "dead": false, "language": null, "comments": [], "artist": "IGN", "date_published": "2024-02-01T00:12:59+00:00", "page_rating": 0, "tags": [], "page_rating_visits": 0}, {"vote": 0, "age": null, "description": "X-Men: First Class director Matthew Vaughn thinks Deadpool and Wolverine can save the MCU. Speaking on BroBible\u2019s Post-Credit podcast, he said, \u201c\u201cThe few snippets that I know about Deadpool vs. Wolverine \u2014 or Wolverine vs. Deadpool, I\u2019m sure that argument between Ryan and Hugh is happening as we speak \u2014 are unbelievable. That\u2019s going to be the jolt... the Marvel universe is about to have a jolt of them and it\u2019s going to bring that body back to life... I think Ryan Reynolds and Hugh Jackman are about to save the whole Marvel universe.\u201d With #Deadpool3 the only Marvel Cinematic Universe set to release this year on July 26th, here\u2019s hoping it\u2019ll be the redemption Marvel fans have been looking forward to after an abysmal 2023 full of MCU-related projects that were just shy of hitting the mark at the box office. In other news, Kurt Russell spoke with GQ about why he didn\u2019t take on the role of Snake in Kojima\u2019s Metal Gear Solid series - a role he was apparently offered for MGS3: Sn", "permanent": false, "user": null, "page_rating_votes": 0, "album": "", "source_obj__id": 210, "bookmarked": false, "thumbnail": "https://i1.ytimg.com/vi/tplHogM-JaI/hqdefault.jpg", "title": "X-Men: First Class Director Says Deadpool 3 Might \u2018Save the MCU\u2019 - IGN The Fix: Entertainment", "link": "https://www.youtube.com/watch?v=tplHogM-JaI", "source": "https://www.youtube.com/feeds/videos.xml?channel_id=UCKy1dAqELo0zrOtPkf0eTMw", "page_rating_contents": 0, "dead": false, "language": null, "comments": [], "artist": "IGN", "date_published": "2024-02-01T00:02:03+00:00", "page_rating": 0, "tags": [], "page_rating_visits": 0}, {"vote": 0, "age": null, "description": "Ghostbusters: Rise of the Ghost Lord is a VR action game developed by nDreams. The free Slimer Hunt update has arrived to the game bringing the return of Dan Aykroyd as he reprises his role as one of the original Ghostbusters Ray Stantz in Slimer Hunt. Slimer Hunt tasks players with dispatching the one and only Slimer as he wreaks havoc on the streets of San Francisco in a brand-new mission. The update is also fitted with the flight suits of the original Ghostbusters as an in-game cosmetic. Slimer Hunt in Ghostbusters: Rise of the Ghost Lord is available now for PlayStation VR2, Meta Quest 2, and Meta Quest 3.\n\n#ign #ghostbusters", "permanent": false, "user": null, "page_rating_votes": 0, "album": "", "source_obj__id": 210, "bookmarked": false, "thumbnail": "https://i3.ytimg.com/vi/VWrbPJxoAz0/hqdefault.jpg", "title": "Ghostbusters: Rise of the Ghost Lord - Official Slimer Hunt Trailer (ft. Dan Aykroyd)", "link": "https://www.youtube.com/watch?v=VWrbPJxoAz0", "source": "https://www.youtube.com/feeds/videos.xml?channel_id=UCKy1dAqELo0zrOtPkf0eTMw", "page_rating_contents": 0, "dead": false, "language": null, "comments": [], "artist": "IGN", "date_published": "2024-02-01T00:00:21+00:00", "page_rating": 0, "tags": [], "page_rating_visits": 0}, {"vote": 0, "age": null, "description": "Palworld\u2019s a survival game that keeps you invested thanks to a good pace of progression, but it\u2019s common for that progression to come to a screeching halt when you\u2019re confronted with a resource you\u2019ve never seen before and you have no idea how to get. If you\u2019re trying to figure out how to build certain structures to level up your base, or you want to put together your first firearm, this is the video for you.\n\n#IGN #Gaming #Palworld", "permanent": false, "user": null, "page_rating_votes": 0, "album": "", "source_obj__id": 210, "bookmarked": false, "thumbnail": "https://i4.ytimg.com/vi/7A06AklbBpg/hqdefault.jpg", "title": "Palworld: How to Find Resources | Pal Fluid, High Quality Pal Oil, Wheat Seeds", "link": "https://www.youtube.com/watch?v=7A06AklbBpg", "source": "https://www.youtube.com/feeds/videos.xml?channel_id=UCKy1dAqELo0zrOtPkf0eTMw", "page_rating_contents": 0, "dead": false, "language": null, "comments": [], "artist": "IGN", "date_published": "2024-02-01T00:00:03+00:00", "page_rating": 0, "tags": [], "page_rating_visits": 0}]