[{"vote": 0, "age": null, "description": "Today I'm comparing four different ways to anchor a fence or deck post. Cheers!\n\nNeed Answers or Advice for your DIY Project?\n\nBECOME A DIY MEMBER NOW! Click \ud83d\udc47\ud83c\udffc\nhttps://www.youtube.com/c/HomeRenoVisionDIY/membership\n\u25ba Get FULL access to me and my team for Q and A\u2019s in the DIY Crew Forum\n\u25ba Participate in LIVE streams for live consulting and Member support!\n\n\ud83d\udd28 PRODUCTS IN THIS VIDEO \ud83d\udd28\n\n\nShop Jeff\u2019s favorite tools and great products and help support our next project!\n\n\u25ba Shop Wayfair \ud83c\udde8\ud83c\udde6: http://www.jdoqocy.com/click-9148559-14525657\n\u25ba Shop Wayfair \ud83c\uddfa\ud83c\uddf8: http://www.jdoqocy.com/click-9148559-14524913\n\u25ba Shop Amazon \ud83c\udde8\ud83c\udde6: https://amzn.to/3g5Wdyq\n\u25ba Shop Amazon \ud83c\uddfa\ud83c\uddf8: https://www.amazon.com/shop/homerenovisiondiy\n\u25ba Shop Home Depot: https://homedepot.sjv.io/nBVOX\n\u25ba For up to date discounts visit our website:  \n https://homerenovisiondiy.com\n\nPower your handyman or home service business with Jobber\ud83d\udc47\ud83c\udffc\nFree 14-Day Trial + 20% off for 6 Months:  https://getjobber.com/homerenovisiondiy/\n\nSign up fo", "permanent": false, "user": null, "page_rating_votes": 0, "album": "", "source_obj__id": 356, "bookmarked": false, "thumbnail": "https://i2.ytimg.com/vi/AFpYCU6Nvrs/hqdefault.jpg", "title": "3 Ways to Set a Fence Post (+1 Bonus Method)", "link": "https://www.youtube.com/watch?v=AFpYCU6Nvrs", "source": "https://www.youtube.com/feeds/videos.xml?channel_id=UCnorhjQR4zJkT7AVNhu395Q", "page_rating_contents": 0, "dead": false, "language": null, "comments": [], "artist": "Home RenoVision DIY", "date_published": "2024-02-01T22:00:04+00:00", "page_rating": 0, "tags": [], "page_rating_visits": 0}]