[{"vote": 0, "age": null, "description": "Watch Cody \"American Nightmare\" Rhodes take on Seth \"Freakin\" Rollins in an ambulance match in the new WWE 2K24. The game is expected to release March 5, 2024 for current and past generation Xbox and PlayStation consoles, as well as PC.\n#WWE2K24", "permanent": false, "user": null, "page_rating_votes": 0, "album": "", "source_obj__id": 226, "bookmarked": false, "thumbnail": "https://i3.ytimg.com/vi/B5r4vpcIrwI/hqdefault.jpg", "title": "WWE 2K24 - Rhodes Vs Rollins Ambulance Match Gameplay", "link": "https://www.youtube.com/watch?v=B5r4vpcIrwI", "source": "https://www.youtube.com/feeds/videos.xml?channel_id=UCbu2SsF-Or3Rsn3NxqODImw", "page_rating_contents": 0, "dead": false, "language": null, "comments": [], "artist": "GameSpot", "date_published": "2024-02-01T15:00:08+00:00", "page_rating": 0, "tags": [], "page_rating_visits": 0}]