[{"vote": 0, "age": null, "description": "<p><a href=\"https://wydarzenia.interia.pl/zagranica/news-szarza-morskich-dronow-zatopily-rosyjski-statek-wart-miliony,nId,7305621\"><img align=\"left\" alt=\"Szar\u017ca morskich dron\u00f3w. Zatopi\u0142y rosyjski statek wart miliony\" src=\"https://i.iplsc.com/szarza-morskich-dronow-zatopily-rosyjski-statek-wart-miliony/000IIJN3ODU58NNB-C321.jpg\" /></a>\u017bo\u0142nierze specjalnej grupy Wywiadu Ministerstwa Obrony Ukrainy zniszczyli \u0142\u00f3d\u017a rakietow\u0105 Iwanowiec. Okr\u0119t nale\u017ca\u0142 do rosyjskiej Floty Czarnomorskiej. Zosta\u0142a zaatakowany dronami, w wyniku ostrza\u0142u i poniesionych strat zaton\u0105\u0142. Warto\u015b\u0107 zniszczonej \u0142odzi waha si\u0119 mi\u0119dzy 60 a 70 mln dolar\u00f3w. Z wst\u0119pnych informacji wynika, \u017ce misja odnalezienia wraku zako\u0144czy\u0142a si\u0119 niepowodzeniem. </p><br clear=\"all\" />", "permanent": false, "user": null, "page_rating_votes": 0, "album": "", "source_obj__id": 57, "bookmarked": false, "thumbnail": null, "title": "Szar\u017ca morskich dron\u00f3w. Zatopi\u0142y rosyjski statek wart miliony", "link": "https://wydarzenia.interia.pl/zagranica/news-szarza-morskich-dronow-zatopily-rosyjski-statek-wart-miliony,nId,7305621", "source": "https://wydarzenia.interia.pl/swiat/feed", "page_rating_contents": 0, "dead": false, "language": "pl", "comments": [], "artist": null, "date_published": "2024-02-01T13:00:43+00:00", "page_rating": 0, "tags": [], "page_rating_visits": 0}, {"vote": 0, "age": null, "description": "<p><a href=\"https://wydarzenia.interia.pl/raport-ukraina-rosja/news-dymisja-gen-walerija-zaluznego-na-dniach-nowe-doniesienia-me,nId,7305599\"><img align=\"left\" alt=\"Dymisja gen. Wa\u0142erija Za\u0142u\u017cnego &quot;na dniach&quot;. Nowe doniesienia medi\u00f3w\" src=\"https://i.iplsc.com/dymisja-gen-walerija-zaluznego-na-dniach-nowe-doniesienia-me/000IIJCFC8658ORT-C321.jpg\" /></a>Do ko\u0144ca tygodnia prezydent Ukrainy oficjalnie og\u0142osi dymisj\u0119 gen. Wa\u0142erija Za\u0142u\u017cnego - donosi CNN, powo\u0142uj\u0105c si\u0119 na anonimowe \u017ar\u00f3d\u0142a. Pierwsze pog\u0142oski o odwo\u0142aniu g\u0142\u00f3wnodowodz\u0105cego ukrai\u0144skiej armii wstrz\u0105sn\u0119\u0142y mediami w poniedzia\u0142ek, ale Wo\u0142odymyr Ze\u0142enski jeszcze nie wyda\u0142 dekretu w tej sprawie. Stanowisko na pewno straci\u0142 jednak inny wysoki urz\u0119dnik - szef jednego z departamentu S\u0142u\u017cby Bezpiecze\u0144stwa Ukrainy.</p><br clear=\"all\" />", "permanent": false, "user": null, "page_rating_votes": 0, "album": "", "source_obj__id": 57, "bookmarked": false, "thumbnail": null, "title": "Dymisja gen. Wa\u0142erija Za\u0142u\u017cnego \"na dniach\". Nowe doniesienia medi\u00f3w", "link": "https://wydarzenia.interia.pl/raport-ukraina-rosja/news-dymisja-gen-walerija-zaluznego-na-dniach-nowe-doniesienia-me,nId,7305599", "source": "https://wydarzenia.interia.pl/swiat/feed", "page_rating_contents": 0, "dead": false, "language": "pl", "comments": [], "artist": null, "date_published": "2024-02-01T12:43:44+00:00", "page_rating": 0, "tags": [], "page_rating_visits": 0}, {"vote": 0, "age": null, "description": "<p><a href=\"https://wydarzenia.interia.pl/zagranica/news-nieoczekiwany-zwrot-bliski-partner-opuszcza-putina,nId,7305614\"><img align=\"left\" alt=\"Nieoczekiwany zwrot. Bliski partner opuszcza Putina\" src=\"https://i.iplsc.com/nieoczekiwany-zwrot-bliski-partner-opuszcza-putina/000IIIMSHQA78HTN-C321.jpg\" /></a>Armenia przyst\u0105pi\u0142a w czwartek do Mi\u0119dzynarodowego Trybuna\u0142u Karnego. Oznacza to, \u017ce od teraz dotychczasowy bliski partner Rosji podlega jurysdykcji Trybuna\u0142u, kt\u00f3ry w marcu 2023 roku wyda\u0142 mi\u0119dzynarodowy nakaz aresztowania W\u0142adimira Putina. Je\u015bli rosyjski przyw\u00f3dca chce unikn\u0105\u0107 zatrzymania, powinien zrezygnowa\u0107 z podr\u00f3\u017cy do tego kraju.</p><br clear=\"all\" />", "permanent": false, "user": null, "page_rating_votes": 0, "album": "", "source_obj__id": 57, "bookmarked": false, "thumbnail": null, "title": "Nieoczekiwany zwrot. Bliski partner opuszcza Putina", "link": "https://wydarzenia.interia.pl/zagranica/news-nieoczekiwany-zwrot-bliski-partner-opuszcza-putina,nId,7305614", "source": "https://wydarzenia.interia.pl/swiat/feed", "page_rating_contents": 0, "dead": false, "language": "pl", "comments": [], "artist": null, "date_published": "2024-02-01T11:38:16+00:00", "page_rating": 0, "tags": [], "page_rating_visits": 0}, {"vote": 0, "age": null, "description": "<p><a href=\"https://wydarzenia.interia.pl/zagranica/news-ujawniono-majatek-orbana-pensja-rosnie-a-oszczednosci-topnie,nId,7305523\"><img align=\"left\" alt=\"Ujawniono maj\u0105tek Orbana. Pensja ro\u015bnie, a oszcz\u0119dno\u015bci topniej\u0105\" src=\"https://i.iplsc.com/ujawniono-majatek-orbana-pensja-rosnie-a-oszczednosci-topnie/000IIHX5S20SYJUK-C321.jpg\" /></a>Opublikowano o\u015bwiadczenie maj\u0105tkowe Viktora Orbana. Premier W\u0119gier wykaza\u0142, \u017ce w ci\u0105gu roku jego oszcz\u0119dno\u015bci znacznie zmala\u0142y. Mimo wy\u017cszej pensji Orban zadeklarowa\u0142, \u017ce w 2023 roku jego oszcz\u0119dno\u015bci wynios\u0142y 10 mln forint\u00f3w (113 tys. z\u0142), podczas gdy w 2022 roku by\u0142o to 14 mln forint\u00f3w (158 tyz. z\u0142). Oznacza to, \u017ce oszcz\u0119dno\u015bci premiera s\u0105 ni\u017csze od \u015brednich oszcz\u0119dno\u015bci gospodarstwa domowego na W\u0119grzech. </p><br clear=\"all\" />", "permanent": false, "user": null, "page_rating_votes": 0, "album": "", "source_obj__id": 57, "bookmarked": false, "thumbnail": null, "title": "Ujawniono maj\u0105tek Orbana. Pensja ro\u015bnie, a oszcz\u0119dno\u015bci topniej\u0105", "link": "https://wydarzenia.interia.pl/zagranica/news-ujawniono-majatek-orbana-pensja-rosnie-a-oszczednosci-topnie,nId,7305523", "source": "https://wydarzenia.interia.pl/swiat/feed", "page_rating_contents": 0, "dead": false, "language": "pl", "comments": [], "artist": null, "date_published": "2024-02-01T11:06:19+00:00", "page_rating": 0, "tags": [], "page_rating_visits": 0}, {"vote": 0, "age": null, "description": "<p><a href=\"https://wydarzenia.interia.pl/zagranica/news-nadzwyczajna-kontrola-w-wiezieniu-piracki-sprzet-w-celach,nId,7305439\"><img align=\"left\" alt=\"Nadzwyczajna kontrola w wi\u0119zieniu. Piracki sprz\u0119t w celach\" src=\"https://i.iplsc.com/nadzwyczajna-kontrola-w-wiezieniu-piracki-sprzet-w-celach/000IIGS7KUJ67K9I-C321.jpg\" /></a>We w\u0142oskim zak\u0142adzie karnym w Velletri niedaleko Rzymu s\u0142u\u017cba wi\u0119zienna odnalaz\u0142a nielegalne dekodery do ogl\u0105dania p\u0142atnych kana\u0142\u00f3w telewizyjnych. W\u015br\u00f3d przemycanych rzeczy - poza standardowymi telefonami czy niedozwolone substancje - by\u0142y tak\u017ce konsole PlayStation. Sprz\u0119t odnaleziono podczas nadzwyczajnej kontroli przeprowadzonej przez ponad 100 stra\u017cnik\u00f3w. \n</p><br clear=\"all\" />", "permanent": false, "user": null, "page_rating_votes": 0, "album": "", "source_obj__id": 57, "bookmarked": false, "thumbnail": null, "title": "Nadzwyczajna kontrola w wi\u0119zieniu. Piracki sprz\u0119t w celach", "link": "https://wydarzenia.interia.pl/zagranica/news-nadzwyczajna-kontrola-w-wiezieniu-piracki-sprzet-w-celach,nId,7305439", "source": "https://wydarzenia.interia.pl/swiat/feed", "page_rating_contents": 0, "dead": false, "language": "pl", "comments": [], "artist": null, "date_published": "2024-02-01T10:05:42+00:00", "page_rating": 0, "tags": [], "page_rating_visits": 0}, {"vote": 0, "age": null, "description": "<p><a href=\"https://wydarzenia.interia.pl/zagranica/news-inwazja-czy-kampanijna-histeria-republikanie-grzmia-biden-w-,nId,7305391\"><img align=\"left\" alt=\"Inwazja czy kampanijna histeria? Republikanie grzmi\u0105, Biden w tarapatach\" src=\"https://i.iplsc.com/inwazja-czy-kampanijna-histeria-republikanie-grzmia-biden-w/000IIHUUKVQ4B88G-C321.jpg\" /></a>Wszyscy, bez wzgl\u0119du na polityczne barwy, przyznaj\u0105: mamy powa\u017cny problem. I na tym jedno\u015b\u0107 si\u0119 ko\u0144czy. Republikanie twierdz\u0105, \u017ce demokraci, na czele z prezydentem, celowo prowadz\u0105 \u0142agodn\u0105 polityk\u0119 migracyjn\u0105. Demokraci, \u017ce republikanie tylko m\u00f3wi\u0105 o wsp\u00f3\u0142pracy w sprawie reformy systemu imigracyjnego, a w rzeczywisto\u015bci kryzys na granicy z Meksykiem wykorzystuj\u0105 w politycznej walce i nie chc\u0105 go rozwi\u0105za\u0107. Pr\u00f3b nielegalnego przekroczenia po\u0142udniowej granicy USA jeszcze nigdy nie by\u0142o tak wiele, jak ostatnio. </p><br clear=\"all\" />", "permanent": false, "user": null, "page_rating_votes": 0, "album": "", "source_obj__id": 57, "bookmarked": false, "thumbnail": null, "title": "Inwazja czy kampanijna histeria? Republikanie grzmi\u0105, Biden w tarapatach", "link": "https://wydarzenia.interia.pl/zagranica/news-inwazja-czy-kampanijna-histeria-republikanie-grzmia-biden-w-,nId,7305391", "source": "https://wydarzenia.interia.pl/swiat/feed", "page_rating_contents": 0, "dead": false, "language": "pl", "comments": [], "artist": null, "date_published": "2024-02-01T09:55:08+00:00", "page_rating": 0, "tags": [], "page_rating_visits": 0}]