[{"vote": 0, "age": null, "description": "It comes after a licensing rights row between the platform and the artists' record label, Universal.", "permanent": false, "user": null, "page_rating_votes": 0, "album": "", "source_obj__id": 27, "bookmarked": false, "thumbnail": "https://ichef.bbci.co.uk/ace/standard/240/cpsprodpb/C546/production/_132520505_2b2d3c5637ec689c3322ce2ae98cbd51e185b2ca1321_84_2700_15192700x1519.jpg", "title": "TikTok pulls Taylor Swift and The Weeknd's music", "link": "https://www.bbc.co.uk/news/technology-68166028", "source": "https://feeds.bbci.co.uk/news/technology/rss.xml", "page_rating_contents": 0, "dead": false, "language": "en-gb", "comments": [], "artist": null, "date_published": "2024-02-01T13:51:20+00:00", "page_rating": 0, "tags": [], "page_rating_visits": 0}, {"vote": 0, "age": null, "description": "The multi-billionaire says the electric car maker will move immediately to hold a shareholder vote on the matter.", "permanent": false, "user": null, "page_rating_votes": 0, "album": "", "source_obj__id": 27, "bookmarked": false, "thumbnail": "https://ichef.bbci.co.uk/ace/standard/240/cpsprodpb/E859/production/_132518495_gettyimages-1963454334.jpg", "title": "Musk moves to shift Tesla's legal home to Texas", "link": "https://www.bbc.co.uk/news/business-68163184", "source": "https://feeds.bbci.co.uk/news/technology/rss.xml", "page_rating_contents": 0, "dead": false, "language": "en-gb", "comments": [], "artist": null, "date_published": "2024-02-01T10:20:02+00:00", "page_rating": 0, "tags": [], "page_rating_visits": 0}, {"vote": 0, "age": null, "description": "Bosses from five of the largest social media firms were grilled about how they are protecting children.", "permanent": false, "user": null, "page_rating_votes": 0, "album": "", "source_obj__id": 27, "bookmarked": false, "thumbnail": "https://ichef.bbci.co.uk/ace/standard/240/cpsprodpb/C866/production/_132520315_zuckerberg-gettyimages-1968504702.jpg", "title": "Zuckerberg apologises to families in fiery Senate hearing", "link": "https://www.bbc.co.uk/news/technology-68161632", "source": "https://feeds.bbci.co.uk/news/technology/rss.xml", "page_rating_contents": 0, "dead": false, "language": "en-gb", "comments": [], "artist": null, "date_published": "2024-02-01T06:43:12+00:00", "page_rating": 0, "tags": [], "page_rating_visits": 0}, {"vote": 0, "age": null, "description": "The fiery hearing was about the protection of children from exploitation and abuse on social media platforms.", "permanent": false, "user": null, "page_rating_votes": 0, "album": "", "source_obj__id": 27, "bookmarked": false, "thumbnail": "https://ichef.bbci.co.uk/ace/standard/240/cpsprodpb/8E81/production/_132518463_p0h89t5z.jpg", "title": "Zuckerberg apologises as Senators grill tech CEOs", "link": "https://www.bbc.co.uk/news/world-us-canada-68137080", "source": "https://feeds.bbci.co.uk/news/technology/rss.xml", "page_rating_contents": 0, "dead": false, "language": "en-gb", "comments": [], "artist": null, "date_published": "2024-02-01T00:15:07+00:00", "page_rating": 0, "tags": [], "page_rating_visits": 0}, {"vote": 0, "age": null, "description": "Artificial intelligence is increasing being used to guide investments but risks remain.", "permanent": false, "user": null, "page_rating_votes": 0, "album": "", "source_obj__id": 27, "bookmarked": false, "thumbnail": "https://ichef.bbci.co.uk/ace/standard/240/cpsprodpb/DE44/production/_132500965_gettyimages-1917867951.jpg", "title": "Could AI 'trading bots' transform the world of investing?", "link": "https://www.bbc.co.uk/news/business-68092814", "source": "https://feeds.bbci.co.uk/news/technology/rss.xml", "page_rating_contents": 0, "dead": false, "language": "en-gb", "comments": [], "artist": null, "date_published": "2024-02-01T00:13:05+00:00", "page_rating": 0, "tags": [], "page_rating_visits": 0}, {"vote": 0, "age": null, "description": "Fans are shown swear words and racial slurs in dozens of songs even when explicit content is blocked.", "permanent": false, "user": null, "page_rating_votes": 0, "album": "", "source_obj__id": 27, "bookmarked": false, "thumbnail": "https://ichef.bbci.co.uk/ace/standard/240/cpsprodpb/11DD3/production/_132517137_rodrigo-index-getty.jpg", "title": "Spotify's filter fails to block explicit lyrics", "link": "https://www.bbc.co.uk/news/entertainment-arts-68126890", "source": "https://feeds.bbci.co.uk/news/technology/rss.xml", "page_rating_contents": 0, "dead": false, "language": "en-gb", "comments": [], "artist": null, "date_published": "2024-02-01T00:03:30+00:00", "page_rating": 0, "tags": [], "page_rating_visits": 0}]