[{"vote": 0, "age": null, "description": "<p>When I started painting my Tomb Kings of Khemri army I promised myself I would cut corners and use efficiencies to speed through the painting. One of those efficient ways of working is sub-assemblies. In today's post I want to talk about how you can save time painting with a little planning. </p>\n<p>The post <a href=\"https://taleofpainters.com/2024/02/showcase-tomb-kings-of-khemri-chariots-inc-painting-guide/\">Showcase: Tomb Kings of Khemri Chariots (inc. painting guide)</a> appeared first on <a href=\"https://taleofpainters.com\">Tale of Painters</a>.</p>", "permanent": false, "user": null, "page_rating_votes": 0, "album": "", "source_obj__id": 590, "bookmarked": false, "thumbnail": "https://taleofpainters.com/wp-content/uploads/2024/02/Lo-res-Chariots-Cinematic-TOP-Punchy-edit.jpg", "title": "Showcase: Tomb Kings of Khemri Chariots (inc. painting guide)", "link": "https://taleofpainters.com/2024/02/showcase-tomb-kings-of-khemri-chariots-inc-painting-guide", "source": "https://taleofpainters.com/feed", "page_rating_contents": 0, "dead": false, "language": "en-GB", "comments": [], "artist": null, "date_published": "2024-02-01T17:00:00+00:00", "page_rating": 0, "tags": [], "page_rating_visits": 0}]