[{"vote": 0, "age": null, "description": "", "permanent": false, "user": null, "page_rating_votes": 0, "album": "", "source_obj__id": 258, "bookmarked": false, "thumbnail": "https://i1.ytimg.com/vi/4aHU1_KZU0k/hqdefault.jpg", "title": "There\u2019s sure to be a #billionaire in the stands at the #superbowl. #businessinsider", "link": "https://www.youtube.com/watch?v=4aHU1_KZU0k", "source": "https://www.youtube.com/feeds/videos.xml?channel_id=UCcyq283he07B7_KUX07mmtA", "page_rating_contents": 0, "dead": false, "language": null, "comments": [], "artist": "Business Insider", "date_published": "2024-02-01T22:40:02+00:00", "page_rating": 0, "tags": [], "page_rating_visits": 0}, {"vote": 0, "age": null, "description": "------------------------------------------------------\n\nBusiness Insider tells you all you need to know about business, finance, tech, retail, and more.\n\nVisit our homepage for the top stories of the day: https://www.businessinsider.com\nBusiness Insider on Facebook: https://www.facebook.com/businessinsider Business Insider on Instagram: https://www.instagram.com/insiderbusiness Business Insider on Twitter: https://www.twitter.com/businessinsider \nBusiness Insider on Snapchat: https://www.snapchat.com/discover/Business_Insider/5319643143\nBusiness Insider on TikTok: https://www.tiktok.com/@businessinsider", "permanent": false, "user": null, "page_rating_votes": 0, "album": "", "source_obj__id": 258, "bookmarked": false, "thumbnail": "https://i2.ytimg.com/vi/128PEAg9caU/hqdefault.jpg", "title": "The #Netherlands could close hundreds of dairy farms to curb nitrogen emissions. #dairyfarm #cheese", "link": "https://www.youtube.com/watch?v=128PEAg9caU", "source": "https://www.youtube.com/feeds/videos.xml?channel_id=UCcyq283he07B7_KUX07mmtA", "page_rating_contents": 0, "dead": false, "language": null, "comments": [], "artist": "Business Insider", "date_published": "2024-02-01T21:00:00+00:00", "page_rating": 0, "tags": [], "page_rating_visits": 0}, {"vote": 0, "age": null, "description": "------------------------------------------------------\n\nBusiness Insider tells you all you need to know about business, finance, tech, retail, and more.\n\nVisit our homepage for the top stories of the day: https://www.businessinsider.com\nBusiness Insider on Facebook: https://www.facebook.com/businessinsider Business Insider on Instagram: https://www.instagram.com/insiderbusiness Business Insider on Twitter: https://www.twitter.com/businessinsider \nBusiness Insider on Snapchat: https://www.snapchat.com/discover/Business_Insider/5319643143\nBusiness Insider on TikTok: https://www.tiktok.com/@businessinsider", "permanent": false, "user": null, "page_rating_votes": 0, "album": "", "source_obj__id": 258, "bookmarked": false, "thumbnail": "https://i2.ytimg.com/vi/Q5HewFK_RnI/hqdefault.jpg", "title": "People have been captivated by #HotAirBalloons since the first #flight in 1783. #bucketlist", "link": "https://www.youtube.com/watch?v=Q5HewFK_RnI", "source": "https://www.youtube.com/feeds/videos.xml?channel_id=UCcyq283he07B7_KUX07mmtA", "page_rating_contents": 0, "dead": false, "language": null, "comments": [], "artist": "Business Insider", "date_published": "2024-02-01T19:00:12+00:00", "page_rating": 0, "tags": [], "page_rating_visits": 0}]