[{"vote": 0, "age": null, "description": "Gheorghi\u021b\u0103 Vlad issued a stark warning about the state of the nation's army, calling for immediate action.", "permanent": false, "user": null, "page_rating_votes": 0, "album": "", "source_obj__id": 454, "bookmarked": false, "thumbnail": null, "title": "We need to be ready for war with\u00a0Putin, Romania\u2019s top general says", "link": "https://www.politico.eu/article/we-need-to-be-ready-for-war-with-putin-says-romanias-top-general/?utm_source=RSS_Feed&utm_medium=RSS&utm_campaign=RSS_Syndication", "source": "https://www.politico.eu/feed", "page_rating_contents": 0, "dead": false, "language": "en-US", "comments": [], "artist": null, "date_published": "2024-02-01T18:22:46+00:00", "page_rating": 0, "tags": [], "page_rating_visits": 0}, {"vote": 0, "age": null, "description": "Von der Leyen, Rutte and De Croo chat with farm lobbies after EU summit.", "permanent": false, "user": null, "page_rating_votes": 0, "album": "", "source_obj__id": 454, "bookmarked": false, "thumbnail": null, "title": "Protesting farmers share table with EU leaders", "link": "https://www.politico.eu/article/protesting-farmers-sit-table-eu-leaders-von-der-leyen-de-croo-rutte/?utm_source=RSS_Feed&utm_medium=RSS&utm_campaign=RSS_Syndication", "source": "https://www.politico.eu/feed", "page_rating_contents": 0, "dead": false, "language": "en-US", "comments": [], "artist": null, "date_published": "2024-02-01T17:52:31+00:00", "page_rating": 0, "tags": [], "page_rating_visits": 0}, {"vote": 0, "age": null, "description": "PM S\u00e1nchez pulps his French rivals.", "permanent": false, "user": null, "page_rating_votes": 0, "album": "", "source_obj__id": 454, "bookmarked": false, "thumbnail": null, "title": "Spain to France: Our tomatoes are better than yours", "link": "https://www.politico.eu/article/spain-france-tomatoes-gabriel-attal-pedro-sanchez/?utm_source=RSS_Feed&utm_medium=RSS&utm_campaign=RSS_Syndication", "source": "https://www.politico.eu/feed", "page_rating_contents": 0, "dead": false, "language": "en-US", "comments": [], "artist": null, "date_published": "2024-02-01T17:37:05+00:00", "page_rating": 0, "tags": [], "page_rating_visits": 0}, {"vote": 0, "age": null, "description": "EU leaders on Thursday reached a deal to provide \u20ac50 billion in aid to Ukraine \u2014 with even the Hungarian prime minister on board.", "permanent": false, "user": null, "page_rating_votes": 0, "album": "", "source_obj__id": 454, "bookmarked": false, "thumbnail": null, "title": "How Giorgia Meloni and French hospitality got Orb\u00e1n to OK Ukraine aid", "link": "https://www.politico.eu/article/how-eu-leaders-pushed-hungary-orban-ukraine-aid-support-meloni-italy/?utm_source=RSS_Feed&utm_medium=RSS&utm_campaign=RSS_Syndication", "source": "https://www.politico.eu/feed", "page_rating_contents": 0, "dead": false, "language": "en-US", "comments": [], "artist": null, "date_published": "2024-02-01T17:08:36+00:00", "page_rating": 0, "tags": [], "page_rating_visits": 0}, {"vote": 0, "age": null, "description": "At a Wednesday meeting conservative MEPs questioned why the EU is offering new targets as farmers protest and elections loom.", "permanent": false, "user": null, "page_rating_votes": 0, "album": "", "source_obj__id": 454, "bookmarked": false, "thumbnail": null, "title": "Von der Leyen faces rebellion as her party seethes over 2040 climate goal", "link": "https://www.politico.eu/article/ursula-von-der-leyen-faces-rebellion-party-2040-climate-eu/?utm_source=RSS_Feed&utm_medium=RSS&utm_campaign=RSS_Syndication", "source": "https://www.politico.eu/feed", "page_rating_contents": 0, "dead": false, "language": "en-US", "comments": [], "artist": null, "date_published": "2024-02-01T16:08:19+00:00", "page_rating": 0, "tags": [], "page_rating_visits": 0}, {"vote": 0, "age": null, "description": "Riga's parliament wants \"to block any Russian efforts to legitimize its war crimes through the sports industry.\u201d", "permanent": false, "user": null, "page_rating_votes": 0, "album": "", "source_obj__id": 454, "bookmarked": false, "thumbnail": null, "title": "Latvia bans its sports teams from playing Russian or Belarusian squads", "link": "https://www.politico.eu/article/latvia-ban-sport-team-play-russian-belarusian-squad/?utm_source=RSS_Feed&utm_medium=RSS&utm_campaign=RSS_Syndication", "source": "https://www.politico.eu/feed", "page_rating_contents": 0, "dead": false, "language": "en-US", "comments": [], "artist": null, "date_published": "2024-02-01T14:40:09+00:00", "page_rating": 0, "tags": [], "page_rating_visits": 0}, {"vote": 0, "age": null, "description": "Europe fears a repeat of how U.S. tech giants gobbled up social media, cloud markets.", "permanent": false, "user": null, "page_rating_votes": 0, "album": "", "source_obj__id": 454, "bookmarked": false, "thumbnail": null, "title": "AI choice should not be \u2018American or American,\u2019 EU antitrust chief warns", "link": "https://www.politico.eu/article/ai-should-not-be-american-or-american-eu-antitrust-chief-warns/?utm_source=RSS_Feed&utm_medium=RSS&utm_campaign=RSS_Syndication", "source": "https://www.politico.eu/feed", "page_rating_contents": 0, "dead": false, "language": "en-US", "comments": [], "artist": null, "date_published": "2024-02-01T14:22:00+00:00", "page_rating": 0, "tags": [], "page_rating_visits": 0}, {"vote": 0, "age": null, "description": "A new top spot for EU bubble workers.", "permanent": false, "user": null, "page_rating_votes": 0, "album": "", "source_obj__id": 454, "bookmarked": false, "thumbnail": null, "title": "Restaurant\u202freview: To Meli Delicatessen", "link": "https://www.politico.eu/article/brussels-restaurant-review-to-meli-delicatessen/?utm_source=RSS_Feed&utm_medium=RSS&utm_campaign=RSS_Syndication", "source": "https://www.politico.eu/feed", "page_rating_contents": 0, "dead": false, "language": "en-US", "comments": [], "artist": null, "date_published": "2024-02-01T13:08:27+00:00", "page_rating": 0, "tags": [], "page_rating_visits": 0}, {"vote": 0, "age": null, "description": "Former US president's attorney argued his client 'suffered personal and reputational damage and distress' through the dossier's 2017 publication.", "permanent": false, "user": null, "page_rating_votes": 0, "album": "", "source_obj__id": 454, "bookmarked": false, "thumbnail": null, "title": "Donald Trump\u2019s Steele dossier lawsuit dismissed by London court", "link": "https://www.politico.eu/article/donald-trump-steele-dossier-lawsuit-dismissed-london-court/?utm_source=RSS_Feed&utm_medium=RSS&utm_campaign=RSS_Syndication", "source": "https://www.politico.eu/feed", "page_rating_contents": 0, "dead": false, "language": "en-US", "comments": [], "artist": null, "date_published": "2024-02-01T12:49:59+00:00", "page_rating": 0, "tags": [], "page_rating_visits": 0}, {"vote": 0, "age": null, "description": "Flemish farmers drink morning beers on Place du Luxembourg as food producers rage about green tape from Brussels.", "permanent": false, "user": null, "page_rating_votes": 0, "album": "", "source_obj__id": 454, "bookmarked": false, "thumbnail": null, "title": "Fires and a toppled statue: Farmers clash with police by EU Parliament", "link": "https://www.politico.eu/article/fires-water-cannon-toppled-statue-farmers-clash-police-eu-parliament/?utm_source=RSS_Feed&utm_medium=RSS&utm_campaign=RSS_Syndication", "source": "https://www.politico.eu/feed", "page_rating_contents": 0, "dead": false, "language": "en-US", "comments": [], "artist": null, "date_published": "2024-02-01T11:27:17+00:00", "page_rating": 0, "tags": [], "page_rating_visits": 0}, {"vote": 0, "age": null, "description": "Mike Freer said he feels 'lucky to be alive.'", "permanent": false, "user": null, "page_rating_votes": 0, "album": "", "source_obj__id": 454, "bookmarked": false, "thumbnail": null, "title": "UK minister quits politics over death threats for pro-Israel views", "link": "https://www.politico.eu/article/mike-freer-politics-pro-israel-united-kingdom/?utm_source=RSS_Feed&utm_medium=RSS&utm_campaign=RSS_Syndication", "source": "https://www.politico.eu/feed", "page_rating_contents": 0, "dead": false, "language": "en-US", "comments": [], "artist": null, "date_published": "2024-02-01T11:12:35+00:00", "page_rating": 0, "tags": [], "page_rating_visits": 0}, {"vote": 0, "age": null, "description": "The deal on Ukraine aid comes after a small group of leaders persuaded Hungary's PM to drop his veto on the funding package.", "permanent": false, "user": null, "page_rating_votes": 0, "album": "", "source_obj__id": 454, "bookmarked": false, "thumbnail": null, "title": "EU approves \u20ac50B Ukraine aid as Viktor Orb\u00e1n folds", "link": "https://www.politico.eu/article/ukraine-gets-eu-aid-as-orban-folds/?utm_source=RSS_Feed&utm_medium=RSS&utm_campaign=RSS_Syndication", "source": "https://www.politico.eu/feed", "page_rating_contents": 0, "dead": false, "language": "en-US", "comments": [], "artist": null, "date_published": "2024-02-01T10:42:25+00:00", "page_rating": 0, "tags": [], "page_rating_visits": 0}, {"vote": 0, "age": null, "description": "Tax rises and end of energy subsidies will affect inflation throughout the year.", "permanent": false, "user": null, "page_rating_votes": 0, "album": "", "source_obj__id": 454, "bookmarked": false, "thumbnail": null, "title": "Eurozone inflation dips in January as investors eye early rate cut", "link": "https://www.politico.eu/article/eurozone-inflation/?utm_source=RSS_Feed&utm_medium=RSS&utm_campaign=RSS_Syndication", "source": "https://www.politico.eu/feed", "page_rating_contents": 0, "dead": false, "language": "en-US", "comments": [], "artist": null, "date_published": "2024-02-01T10:27:09+00:00", "page_rating": 0, "tags": [], "page_rating_visits": 0}, {"vote": 0, "age": null, "description": "Episode Summary Executive Vice President Margrethe Vestager, the EU\u2019s top tech regulator, is busier than ever \u2014 contending with antitrust cases, internet regulations and, soon, artificial intelligence rules. And yet, her tenure is almost up. Unless she\u2019s chosen for a third term, Vestager will leave the European Commission later this year just as its most [\u2026]", "permanent": false, "user": null, "page_rating_votes": 0, "album": "", "source_obj__id": 454, "bookmarked": false, "thumbnail": null, "title": "One-on-one with the EU\u2019s chief tech regulator", "link": "https://www.politico.com/podcasts/tech?utm_source=RSS_Feed&utm_medium=RSS&utm_campaign=RSS_Syndication", "source": "https://www.politico.eu/feed", "page_rating_contents": 0, "dead": false, "language": "en-US", "comments": [], "artist": null, "date_published": "2024-02-01T10:11:32+00:00", "page_rating": 0, "tags": [], "page_rating_visits": 0}, {"vote": 0, "age": null, "description": "As Donald Trump\u2019s seemingly unstoppable campaign to win the Republican nomination gathers pace, most eyes in America and the world are moving to the more important contest \u2014 between him and Joe Biden.\u00a0 Trump\u2019s resurgence is causing jitters in the Biden camp. He has a small but consistent lead in national polls. Will Biden manage [\u2026]", "permanent": false, "user": null, "page_rating_votes": 0, "album": "", "source_obj__id": 454, "bookmarked": false, "thumbnail": null, "title": "Election 2024: Race for the White House", "link": "https://www.politico.eu/podcast/election-2024-race-for-the-white-house/?utm_source=RSS_Feed&utm_medium=RSS&utm_campaign=RSS_Syndication", "source": "https://www.politico.eu/feed", "page_rating_contents": 0, "dead": false, "language": "en-US", "comments": [], "artist": null, "date_published": "2024-02-01T05:00:00+00:00", "page_rating": 0, "tags": [], "page_rating_visits": 0}, {"vote": 0, "age": null, "description": "5G-connected technologies must be deployed at scale and at speed to improve lives, drive growth and compete with China and the U.S.", "permanent": false, "user": null, "page_rating_votes": 0, "album": "", "source_obj__id": 454, "bookmarked": false, "thumbnail": null, "title": "Connectivity can steer Europe back to competitiveness", "link": "https://www.politico.eu/sponsored-content/connectivity-can-steer-europe-back-to-competitiveness/?utm_source=RSS_Feed&utm_medium=RSS&utm_campaign=RSS_Syndication", "source": "https://www.politico.eu/feed", "page_rating_contents": 0, "dead": false, "language": "en-US", "comments": [], "artist": null, "date_published": "2024-02-01T04:00:00+00:00", "page_rating": 0, "tags": [], "page_rating_visits": 0}, {"vote": 0, "age": null, "description": "The climate activist has been charged with a public order offense.", "permanent": false, "user": null, "page_rating_votes": 0, "album": "", "source_obj__id": 454, "bookmarked": false, "thumbnail": null, "title": "Why Greta Thunberg is up in a London court", "link": "https://www.politico.eu/article/greta-thunberg-climate-activist-london-court/?utm_source=RSS_Feed&utm_medium=RSS&utm_campaign=RSS_Syndication", "source": "https://www.politico.eu/feed", "page_rating_contents": 0, "dead": false, "language": "en-US", "comments": [], "artist": null, "date_published": "2024-02-01T03:31:43+00:00", "page_rating": 0, "tags": [], "page_rating_visits": 0}, {"vote": 0, "age": null, "description": "Rachel Reeves' low key approach seems to be striking a chord with voters.", "permanent": false, "user": null, "page_rating_votes": 0, "album": "", "source_obj__id": 454, "bookmarked": false, "thumbnail": null, "title": "How Britain learned to love Keir Starmer\u2019s \u2018boring, snoring\u2019 right-hand woman", "link": "https://www.politico.eu/article/britain-learned-love-keir-starmer-boring-snoring-right-hand-woman-rachel-reeves-labour-shadow-chancellor/?utm_source=RSS_Feed&utm_medium=RSS&utm_campaign=RSS_Syndication", "source": "https://www.politico.eu/feed", "page_rating_contents": 0, "dead": false, "language": "en-US", "comments": [], "artist": null, "date_published": "2024-02-01T03:00:00+00:00", "page_rating": 0, "tags": [], "page_rating_visits": 0}, {"vote": 0, "age": null, "description": "It's time for EU leaders to strike a deal \u2014 with or without taciturn Hungarian leader \u2014 to send cash to Ukraine and a message to the world.", "permanent": false, "user": null, "page_rating_votes": 0, "album": "", "source_obj__id": 454, "bookmarked": false, "thumbnail": null, "title": "In shadow of Trump, Putin and Orb\u00e1n, EU struggles to get its act together on Ukraine", "link": "https://www.politico.eu/article/donald-trump-vladimir-putin-viktor-orban-european-union-act-together-ukraine/?utm_source=RSS_Feed&utm_medium=RSS&utm_campaign=RSS_Syndication", "source": "https://www.politico.eu/feed", "page_rating_contents": 0, "dead": false, "language": "en-US", "comments": [], "artist": null, "date_published": "2024-02-01T03:00:00+00:00", "page_rating": 0, "tags": [], "page_rating_visits": 0}, {"vote": 0, "age": null, "description": "Under the cover of war, Israel\u2019s far right and ultra-Orthodox leaders are looking to turn Israel from a liberal, largely secular democracy into something more religious, nationalist and intolerant.", "permanent": false, "user": null, "page_rating_votes": 0, "album": "", "source_obj__id": 454, "bookmarked": false, "thumbnail": null, "title": "Netanyahu\u2019s deal with the devil", "link": "https://www.politico.eu/article/israel-likud-party-benjamin-netanyahu-deal-devil-gaza-hamas-war/?utm_source=RSS_Feed&utm_medium=RSS&utm_campaign=RSS_Syndication", "source": "https://www.politico.eu/feed", "page_rating_contents": 0, "dead": false, "language": "en-US", "comments": [], "artist": null, "date_published": "2024-02-01T03:00:00+00:00", "page_rating": 0, "tags": [], "page_rating_visits": 0}, {"vote": 0, "age": null, "description": "Israel should explore alternative channels for aid distribution that will reach the people of Gaza rather than directly feeding Hamas.", "permanent": false, "user": null, "page_rating_votes": 0, "album": "", "source_obj__id": 454, "bookmarked": false, "thumbnail": null, "title": "The paradox of humanitarian aid to Gaza", "link": "https://www.politico.eu/article/paradox-humanitarian-aid-gaza-israel-hamas-war/?utm_source=RSS_Feed&utm_medium=RSS&utm_campaign=RSS_Syndication", "source": "https://www.politico.eu/feed", "page_rating_contents": 0, "dead": false, "language": "en-US", "comments": [], "artist": null, "date_published": "2024-02-01T03:00:00+00:00", "page_rating": 0, "tags": [], "page_rating_visits": 0}, {"vote": 0, "age": null, "description": "To get approval for its budget, EU leaders could ask the Hungarian leader to once again leave the room.", "permanent": false, "user": null, "page_rating_votes": 0, "album": "", "source_obj__id": 454, "bookmarked": false, "thumbnail": null, "title": "Toilet diplomacy: How many bathroom breaks can the EU force Viktor Orb\u00e1n to take?", "link": "https://www.politico.eu/article/toilet-diplomacy-bathroom-breaks-force-viktor-orban-hungary-council-eu-budget/?utm_source=RSS_Feed&utm_medium=RSS&utm_campaign=RSS_Syndication", "source": "https://www.politico.eu/feed", "page_rating_contents": 0, "dead": false, "language": "en-US", "comments": [], "artist": null, "date_published": "2024-02-01T03:00:00+00:00", "page_rating": 0, "tags": [], "page_rating_visits": 0}]