[{"vote": 0, "age": null, "description": "Nikki Haley calls conspiracy theories around Taylor Swift \"bizarre.\"", "permanent": false, "user": null, "page_rating_votes": 0, "album": "", "source_obj__id": 593, "bookmarked": false, "thumbnail": "https://static.politico.com/d6/f6/6520525e4cef98081472dee25bc2/chiefs-ravens-football-26552.jpg", "title": "Haley: Taylor Swift is \u2018the last thing I think we need to be worried about\u2019", "link": "https://www.politico.com/news/2024/02/01/nikki-haley-taylor-swift-00139196", "source": "https://rss.politico.com/politics-news.xml", "page_rating_contents": 0, "dead": false, "language": null, "comments": [], "artist": null, "date_published": "2024-02-01T18:32:38+00:00", "page_rating": 0, "tags": [], "page_rating_visits": 0}, {"vote": 0, "age": null, "description": "Most of the \u201cGaetz Eight\u201d saw their small-dollar fundraising increase \u2014 but the Florida ringleader was the clear winner.", "permanent": false, "user": null, "page_rating_votes": 0, "album": "", "source_obj__id": 593, "bookmarked": false, "thumbnail": "https://static.politico.com/ef/82/91b9d96544739ca4e70c1e05abcc/https-delivery-gettyimages.com/downloads/1746722706", "title": "Matt Gaetz deposed Kevin McCarthy and the donations came pouring in", "link": "https://www.politico.com/news/2024/02/01/matt-gaetz-donations-00139182", "source": "https://rss.politico.com/politics-news.xml", "page_rating_contents": 0, "dead": false, "language": null, "comments": [], "artist": null, "date_published": "2024-02-01T17:27:01+00:00", "page_rating": 0, "tags": [], "page_rating_visits": 0}, {"vote": 0, "age": null, "description": "\u201cThe TikTok comment in question was made in 2022 long before I ever had a TikTok account,\" the presidential hopeful posted on social media.", "permanent": false, "user": null, "page_rating_votes": 0, "album": "", "source_obj__id": 593, "bookmarked": false, "thumbnail": "https://static.politico.com/bb/30/495881a34326a03b6d5c0c96c9b8/election2024kennedy-81775.jpg", "title": "RFK Jr. blames young campaign staffer for TikTok thirst trap comment", "link": "https://www.politico.com/news/2024/02/01/rfk-jr-tiktok-thirst-trap-00139139", "source": "https://rss.politico.com/politics-news.xml", "page_rating_contents": 0, "dead": false, "language": null, "comments": [], "artist": null, "date_published": "2024-02-01T16:05:50+00:00", "page_rating": 0, "tags": [], "page_rating_visits": 0}, {"vote": 0, "age": null, "description": "", "permanent": false, "user": null, "page_rating_votes": 0, "album": "", "source_obj__id": 593, "bookmarked": false, "thumbnail": null, "title": "Trump continues to bash border deal", "link": "https://www.politico.com/video/2024/02/01/trump-continues-to-bash-border-deal-1206557", "source": "https://rss.politico.com/politics-news.xml", "page_rating_contents": 0, "dead": false, "language": null, "comments": [], "artist": null, "date_published": "2024-02-01T11:49:18+00:00", "page_rating": 0, "tags": [], "page_rating_visits": 0}, {"vote": 0, "age": null, "description": "Some of Phil Bredesen's relatives thought the endorsement from Taylor Swift was \u201ccooler than being governor,\u201d he told POLITICO.", "permanent": false, "user": null, "page_rating_votes": 0, "album": "", "source_obj__id": 593, "bookmarked": false, "thumbnail": "https://static.politico.com/96/ca/04ed50584548b6aa432558445cc0/20240131-taylor-swift-ap.jpg", "title": "What it's like to be endorsed by Taylor Swift", "link": "https://www.politico.com/news/2024/02/01/taylor-swift-endorsement-00139033", "source": "https://rss.politico.com/politics-news.xml", "page_rating_contents": 0, "dead": false, "language": null, "comments": [], "artist": null, "date_published": "2024-02-01T10:26:44+00:00", "page_rating": 0, "tags": [], "page_rating_visits": 0}]