[{"vote": 0, "age": null, "description": "What would happen if mosquitoes went extinct? And could this new mosquito eradicate disease? Some brilliant scientists have made all of this possible.\n\nSpecial thanks to Dr. Scott O'Neill and the World Mosquito Program for their help.\n\nWritten by: Mitchell Moffit \nEdited by: Luka \u0160arlija\n\nFOLLOW US!\nInstagram: https://instagram.com/asapscience\u200b\u200b\nFacebook: https://facebook.com/asapscience\u200b\u200b\nTwitter: https://twitter.com/asapscience\u200b\u200b\nTikTok: @AsapSCIENCE\n\nSources and Further Reading:\n\nhttps://www.worldmosquitoprogram.org/\n\nhttps://www.nature.com/articles/d41586-023-01266-9\n\nhttps://www.nature.com/articles/d41586-020-02492-1\n\nhttps://www.worldmosquitoprogram.org/en/news-stories/stories/dengue-cases-drop-20-year-low-aburra-valley-colombia\n\nhttps://www.nature.com/articles/466432a", "permanent": false, "user": null, "page_rating_votes": 0, "album": "", "source_obj__id": 246, "bookmarked": false, "thumbnail": "https://i1.ytimg.com/vi/LIYEhcOn0a4/hqdefault.jpg", "title": "This Mosquito Could Eradicate Human Disease", "link": "https://www.youtube.com/watch?v=LIYEhcOn0a4", "source": "https://www.youtube.com/feeds/videos.xml?channel_id=UCC552Sd-3nyi_tk2BudLUzA", "page_rating_contents": 0, "dead": false, "language": null, "comments": [], "artist": "AsapSCIENCE", "date_published": "2024-02-01T00:20:21+00:00", "page_rating": 0, "tags": [], "page_rating_visits": 0}]