[{"vote": 0, "age": null, "description": "<p>Nature Materials, Published online: 01 February 2024; <a href=\"https://www.nature.com/articles/s41563-023-01791-y\">doi:10.1038/s41563-023-01791-y</a></p>Intense light pulses can induce symmetry breaking, as for the generation of ferroelectricity in SrTiO3. Using ultrafast X-ray diffuse scattering at a free-electron laser, nonlinear phonon interactions that occur on such mid-IR excitation are observed, with a theory for the dynamics presented.", "permanent": false, "user": null, "page_rating_votes": 0, "album": "", "source_obj__id": 355, "bookmarked": false, "thumbnail": null, "title": "Quenched lattice fluctuations in optically driven SrTiO<sub>3</sub>", "link": "https://www.nature.com/articles/s41563-023-01791-y", "source": "https://www.nature.com/nmat/current_issue/rss/", "page_rating_contents": 0, "dead": false, "language": "en", "comments": [], "artist": null, "date_published": "2024-02-01T14:48:22.497831+00:00", "page_rating": 0, "tags": [], "page_rating_visits": 0}]