[{"vote": 0, "age": null, "description": "<img src=\"https://assetsio.reedpopcdn.com/crowdfundr-tabletop-nonstop-2024-promo-image-dice.png?width=1920&amp;height=1920&amp;fit=bounds&amp;quality=80&amp;format=jpg&amp;auto=webp\" /> <p>Another February means another opportunity to dive into the annual well of creativity surrounding tabletop RPG zines. What started with ZineQuest has expanded to include grassroots organisers, alternative crowdfunding platforms and the wayward support of Kickstarter - all collecting into 30 days of small, meaningful creations from outside the traditional publishing scene.</p><p>If you&rsquo;ve never taken part in a previous ZineQuest/Zine Month, prepare for a slew of crowdfunding projects hosted primarily on Kickstarter, Backerkit and relative newcomer Crowdfundr, all of which will campaign to create a full game, supplement, tool or other tabletop-related product formatted into a zine - that most classic expression of indie tabletop design. Most campaigns run for two weeks, at most and can ", "permanent": false, "user": null, "page_rating_votes": 0, "album": "", "source_obj__id": 570, "bookmarked": false, "thumbnail": "https://assetsio.reedpopcdn.com/crowdfundr-tabletop-nonstop-2024-promo-image-dice.png?width=1920&height=1920&fit=bounds&quality=80&format=jpg&auto=webp", "title": "February\u2019s month-long celebration of tabletop RPG zines returns - here\u2019s how you can join in", "link": "https://www.dicebreaker.com/categories/roleplaying-game/news/zine-quest-zine-month-2024-introduction-explainer?utm_source=feed&utm_medium=rss&utm_campaign=feed", "source": "https://www.dicebreaker.com/feed", "page_rating_contents": 0, "dead": false, "language": "en", "comments": [], "artist": null, "date_published": "2024-02-01T16:03:50+00:00", "page_rating": 0, "tags": [], "page_rating_visits": 0}, {"vote": 0, "age": null, "description": "<img src=\"https://assetsio.reedpopcdn.com/dungeons-and-dragons-2024-players-handbook-fighter-full-page-splash.png?width=1920&amp;height=1920&amp;fit=bounds&amp;quality=80&amp;format=jpg&amp;auto=webp\" /> <p>Dungeons &amp; Dragons&rsquo; design team still isn&rsquo;t ready to name a specific launch window for the 2024 trio of new sourcebooks. Head designer Jeremy Crawford addressed the reportedly incorrect release dates that leaked on social media back in December, claiming players won&rsquo;t see D&amp;D 2024 until summer at the earliest.</p><p>Crawford told Todd Kenreck in <a href=\"https://www.youtube.com/watch?v=ZmZvRkRsfvw&amp;ab_channel=Dungeons%26Dragons\">a recent YouTube video</a> that he left Wizards of the Coast&rsquo;s Pax Unplugged 2023 panel and immediately caught wind of May 2024 release date rumours. &ldquo;It was a huge surprise to me as the person who is the lead designer on the new Players Handbook,&rdquo; he said. The team is concurrently producing the Dungeo", "permanent": false, "user": null, "page_rating_votes": 0, "album": "", "source_obj__id": 570, "bookmarked": false, "thumbnail": "https://assetsio.reedpopcdn.com/dungeons-and-dragons-2024-players-handbook-fighter-full-page-splash.png?width=1920&height=1920&fit=bounds&quality=80&format=jpg&auto=webp", "title": "D&D head designer says 2024 books won\u2019t release before summer: \u201cwe will still be working on the books in May\u201d", "link": "https://www.dicebreaker.com/games/dungeons-and-dragons-5e/news/dungeons-and-dragons-2024-release-date-crawford-comment?utm_source=feed&utm_medium=rss&utm_campaign=feed", "source": "https://www.dicebreaker.com/feed", "page_rating_contents": 0, "dead": false, "language": "en", "comments": [], "artist": null, "date_published": "2024-02-01T10:41:33+00:00", "page_rating": 0, "tags": [], "page_rating_visits": 0}]