[{"vote": 0, "age": null, "description": "California\u2019s Legislative Black Caucus released a slate of reparations bills to implement ideas from the state\u2019s landmark task force on the issue.", "permanent": false, "user": null, "page_rating_votes": 0, "album": "", "source_obj__id": 118, "bookmarked": false, "thumbnail": "https://media-cldnry.s-nbcnews.com/image/upload/t_fit_1500w/rockcms/2024-02/240201-san-francisco-reparations-ew-614p-aa6aff.jpg", "title": "Black lawmakers in California share a reparations plan with few direct payments", "link": "https://www.nbcnews.com/news/nbcblk/black-lawmakers-california-share-reparations-plan-direct-payments-rcna136872", "source": "https://www.nbcnews.com/feed", "page_rating_contents": 0, "dead": false, "language": "en-US", "comments": [], "artist": null, "date_published": "2024-02-01T23:16:57+00:00", "page_rating": 0, "tags": [], "page_rating_visits": 0}, {"vote": 0, "age": null, "description": "Eagle Pass, Texas, has become a main stage for the national political drama over migrants crossing the border. It has residents angry and officials worried.", "permanent": false, "user": null, "page_rating_votes": 0, "album": "", "source_obj__id": 118, "bookmarked": false, "thumbnail": "https://media-cldnry.s-nbcnews.com/image/upload/t_fit_1500w/rockcms/2024-01/240132-eagle-theater-beg-1207p-4f9fb7.jpg", "title": "Border fight between the Biden administration and Texas frustrates locals", "link": "https://www.nbcnews.com/news/latino/border-standoff-biden-administration-texas-frustration-eagle-pass-rcna136567", "source": "https://www.nbcnews.com/feed", "page_rating_contents": 0, "dead": false, "language": "en-US", "comments": [], "artist": null, "date_published": "2024-02-01T23:15:13+00:00", "page_rating": 0, "tags": [], "page_rating_visits": 0}, {"vote": 0, "age": null, "description": "New York Gov. Kathy Hochul said Thursday that the reported migrants who were recorded on video assaulting two police officers over the weekend in Times Square should be deported.", "permanent": false, "user": null, "page_rating_votes": 0, "album": "", "source_obj__id": 118, "bookmarked": false, "thumbnail": "https://media-cldnry.s-nbcnews.com/image/upload/t_fit_1500w/rockcms/2024-02/240201-hochul-comments-beg-1340p-6bf8ab.jpg", "title": "N.Y. Gov. Hochul says reported migrants who attacked NYPD officers in Times Square should be deported", "link": "https://www.nbcnews.com/news/us-news/ny-gov-hochul-says-reported-migrants-attacked-nypd-officers-square-dep-rcna136800", "source": "https://www.nbcnews.com/feed", "page_rating_contents": 0, "dead": false, "language": "en-US", "comments": [], "artist": null, "date_published": "2024-02-01T23:02:04+00:00", "page_rating": 0, "tags": [], "page_rating_visits": 0}, {"vote": 0, "age": null, "description": "Brandon Fellows, who has called incarceration \u201cawesome and very fun,\u201d wants to push back his sentencing until the Supreme Court rules in a case that may impact one of his charges.", "permanent": false, "user": null, "page_rating_votes": 0, "album": "", "source_obj__id": 118, "bookmarked": false, "thumbnail": "https://media-cldnry.s-nbcnews.com/image/upload/t_fit_1500w/rockcms/2024-02/240201-Brandon-Fellows-January-6-capitol-riots-se-258p-7665d4.jpg", "title": "Jan. 6 rioter may be seeking to delay sentencing because he likes being locked up, prosecutors say", "link": "https://www.nbcnews.com/politics/justice-department/jan-6-rioter-may-seeking-delay-sentencing-likes-locked-prosecutors-say-rcna136839", "source": "https://www.nbcnews.com/feed", "page_rating_contents": 0, "dead": false, "language": "en-US", "comments": [], "artist": null, "date_published": "2024-02-01T22:30:03+00:00", "page_rating": 0, "tags": [], "page_rating_visits": 0}, {"vote": 0, "age": null, "description": "A controversy has ensued in Spain over an artwork created for Easter week in Seville, with some seeing the image of Jesus created by artist Salustiano Garc\u00eda as sexualized and offensive, which the artist disputes.", "permanent": false, "user": null, "page_rating_votes": 0, "album": "", "source_obj__id": 118, "bookmarked": false, "thumbnail": "https://media-cldnry.s-nbcnews.com/image/upload/t_fit_1500w/rockcms/2024-02/240201-Christ-Spanish-artist-Salustiano-Garcia-se-210p-1972fa.jpg", "title": "Controversy over 'sexualized' Jesus poster erupts in Spain and social media", "link": "https://www.nbcnews.com/news/latino/sexualized-jesus-controversy-spain-poster-christ-seville-easter-festiv-rcna136823", "source": "https://www.nbcnews.com/feed", "page_rating_contents": 0, "dead": false, "language": "en-US", "comments": [], "artist": null, "date_published": "2024-02-01T22:28:45+00:00", "page_rating": 0, "tags": [], "page_rating_visits": 0}, {"vote": 0, "age": null, "description": "Key Senate negotiators say they\u2019ve struck a tentative deal to enact tougher U.S. immigration and asylum laws, along with Ukraine and Israel aid.", "permanent": false, "user": null, "page_rating_votes": 0, "album": "", "source_obj__id": 118, "bookmarked": false, "thumbnail": "https://media-cldnry.s-nbcnews.com/image/upload/t_fit_1500w/rockcms/2024-01/240108-immigration-migrants-mexico-us-se-239p-ab58f2.jpg", "title": "Immigration negotiators say they have a deal as Senate eyes votes next week", "link": "https://www.nbcnews.com/politics/immigration/immigration-negotiators-say-deal-senate-eyes-votes-week-rcna132911", "source": "https://www.nbcnews.com/feed", "page_rating_contents": 0, "dead": false, "language": "en-US", "comments": [], "artist": null, "date_published": "2024-02-01T22:12:24+00:00", "page_rating": 0, "tags": [], "page_rating_visits": 0}, {"vote": 0, "age": null, "description": "An unruly JetBlue Airways passenger on Tuesday was restrained by multiple fliers and turned over to law enforcement upon landing in New York City from London, the airline said.", "permanent": false, "user": null, "page_rating_votes": 0, "album": "", "source_obj__id": 118, "bookmarked": false, "thumbnail": "https://media-cldnry.s-nbcnews.com/image/upload/t_fit_1500w/rockcms/2023-09/230925-jetblue-fort-lauderdale-ew-240p-2f8520.jpg", "title": "JetBlue: Unruly customer restrained by other passengers on flight from London to NYC", "link": "https://www.nbcnews.com/news/us-news/jetblue-unruly-customer-restrained-passengers-flight-london-nyc-rcna136851", "source": "https://www.nbcnews.com/feed", "page_rating_contents": 0, "dead": false, "language": "en-US", "comments": [], "artist": null, "date_published": "2024-02-01T21:38:27+00:00", "page_rating": 0, "tags": [], "page_rating_visits": 0}, {"vote": 0, "age": null, "description": "Doctors are increasingly calling for screening for lipoprotein(a), a kind of cholesterol that can lead to deadly heart attacks by middle age.", "permanent": false, "user": null, "page_rating_votes": 0, "album": "", "source_obj__id": 118, "bookmarked": false, "thumbnail": "https://media-cldnry.s-nbcnews.com/image/upload/t_fit_1500w/rockcms/2024-02/240201-blood-samples-se-344p-d1a4fd.jpg", "title": "A type of stealthy cholesterol is killing people, and most don't know they're at risk", "link": "https://www.nbcnews.com/health/health-news/millions-unaware-heart-attacks-strokes-cholesterol-prevention-rcna135654", "source": "https://www.nbcnews.com/feed", "page_rating_contents": 0, "dead": false, "language": "en-US", "comments": [], "artist": null, "date_published": "2024-02-01T21:18:07+00:00", "page_rating": 0, "tags": [], "page_rating_visits": 0}, {"vote": 0, "age": null, "description": "Defense Secretary Lloyd Austin apologized this week for not being more transparent about his prostate cancer diagnosis, acknowledging that the news had not only affected him but also shocked many others, \u201cespecially in the Black community.\u201d", "permanent": false, "user": null, "page_rating_votes": 0, "album": "", "source_obj__id": 118, "bookmarked": false, "thumbnail": "https://media-cldnry.s-nbcnews.com/image/upload/t_fit_1500w/rockcms/2024-02/2401201-lloyd-austin-se-350p-7d0206.jpg", "title": "Why are Black men at greater risk for prostate cancer?", "link": "https://www.nbcnews.com/health/health-news/are-black-men-greater-risk-prostate-cancer-rcna136796", "source": "https://www.nbcnews.com/feed", "page_rating_contents": 0, "dead": false, "language": "en-US", "comments": [], "artist": null, "date_published": "2024-02-01T21:11:11+00:00", "page_rating": 0, "tags": [], "page_rating_visits": 0}, {"vote": 0, "age": null, "description": "A group of female Pennsylvania voters who backed former President Donald Trump in 2020 and support abortion rights said in focus group interviews that they don\u2019t see their views on abortion as a barrier to voting for Trump again in 2024.", "permanent": false, "user": null, "page_rating_votes": 0, "album": "", "source_obj__id": 118, "bookmarked": false, "thumbnail": "https://media-cldnry.s-nbcnews.com/image/upload/t_fit_1500w/rockcms/2024-01/240131-female-trump-supporters-2-se-1243p-f764ca.jpg", "title": "These women support abortion rights. They're still voting Trump.", "link": "https://www.nbcnews.com/politics/2024-election/women-support-abortion-rights-trump-focus-group-rcna136546", "source": "https://www.nbcnews.com/feed", "page_rating_contents": 0, "dead": false, "language": "en-US", "comments": [], "artist": null, "date_published": "2024-02-01T21:00:41+00:00", "page_rating": 0, "tags": [], "page_rating_visits": 0}, {"vote": 0, "age": null, "description": "Police are searching for Marissa Carmichael, a missing North Carolina mother of five who made a distressed 911 call before vanishing, the Greensboro Police Department said.", "permanent": false, "user": null, "page_rating_votes": 0, "album": "", "source_obj__id": 118, "bookmarked": false, "thumbnail": "https://media-cldnry.s-nbcnews.com/image/upload/t_fit_1500w/rockcms/2024-02/240201-marissa-carmichael-template-mn-0930-8d1c2d.jpg", "title": "Missing North Carolina mother of 5 made distressed 911 call before vanishing", "link": "https://www.nbcnews.com/news/us-news/missing-north-carolina-mother-5-made-distressed-911-call-vanishing-rcna136726", "source": "https://www.nbcnews.com/feed", "page_rating_contents": 0, "dead": false, "language": "en-US", "comments": [], "artist": null, "date_published": "2024-02-01T20:40:35+00:00", "page_rating": 0, "tags": [], "page_rating_visits": 0}, {"vote": 0, "age": null, "description": "For nearly 50 years, no one knew what happened to Teree Becker.", "permanent": false, "user": null, "page_rating_votes": 0, "album": "", "source_obj__id": 118, "bookmarked": false, "thumbnail": "https://media-cldnry.s-nbcnews.com/image/upload/t_fit_1500w/rockcms/2024-02/240201-teree-becker-ew-205p-cb797b.jpg", "title": "50-year-old Colorado cold case solved after woman's killer identified by DNA technology", "link": "https://www.nbcnews.com/news/us-news/50-year-old-colorado-cold-case-solved-womans-killer-identified-dna-tec-rcna136805", "source": "https://www.nbcnews.com/feed", "page_rating_contents": 0, "dead": false, "language": "en-US", "comments": [], "artist": null, "date_published": "2024-02-01T20:12:02+00:00", "page_rating": 0, "tags": [], "page_rating_visits": 0}, {"vote": 0, "age": null, "description": "In Cuba, residents worry that new austerity measures will exacerbate an already dire economic situation on the island with high inflation and shortages in basic goods and medicine as Cuba's president said no one will be \"abandoned.\"", "permanent": false, "user": null, "page_rating_votes": 0, "album": "", "source_obj__id": 118, "bookmarked": false, "thumbnail": "https://media-cldnry.s-nbcnews.com/image/upload/t_fit_1500w/rockcms/2024-02/240201-cuba-gas-beg-0939a-c9f8ed.jpg", "title": "Cubans worry a new 500% hike in gasoline prices will make life more daunting", "link": "https://www.nbcnews.com/news/latino/anxious-cubans-brace-price-hikes-austerity-measures-rcna136627", "source": "https://www.nbcnews.com/feed", "page_rating_contents": 0, "dead": false, "language": "en-US", "comments": [], "artist": null, "date_published": "2024-02-01T19:13:19+00:00", "page_rating": 0, "tags": [], "page_rating_visits": 0}, {"vote": 0, "age": null, "description": "Vince McMahon Jr. is no longer managing World Wrestling Entertainment after a lawsuit alleged sexual assault. What's next for the WWE?", "permanent": false, "user": null, "page_rating_votes": 0, "album": "", "source_obj__id": 118, "bookmarked": false, "thumbnail": "https://media-cldnry.s-nbcnews.com/image/upload/t_fit_1500w/rockcms/2024-02/240201-vince-mcmahon-beg-1350p-79e472.jpg", "title": "With Vince McMahon down for the count, what\u2019s next for the WWE?", "link": "https://www.nbcnews.com/news/us-news/vince-mcmahon-wwe-nexflix-rcna136654", "source": "https://www.nbcnews.com/feed", "page_rating_contents": 0, "dead": false, "language": "en-US", "comments": [], "artist": null, "date_published": "2024-02-01T19:04:35+00:00", "page_rating": 0, "tags": [], "page_rating_visits": 0}, {"vote": 0, "age": null, "description": "CAPE CANAVERAL, Fla. \u2014 An asteroid as big as a skyscraper will pass within 1.7 million miles of Earth on Friday.", "permanent": false, "user": null, "page_rating_votes": 0, "album": "", "source_obj__id": 118, "bookmarked": false, "thumbnail": "https://media-cldnry.s-nbcnews.com/image/upload/t_fit_1500w/rockcms/2024-02/240201-Skyscraper-size-asteroid-se-1251p-c85bbc.jpg", "title": "Skyscraper-size asteroid will buzz Earth on Friday, safely passing within 1.7 million miles", "link": "https://www.nbcnews.com/science/science-news/skyscraper-size-asteroid-will-buzz-earth-friday-safely-passing-17-mill-rcna136802", "source": "https://www.nbcnews.com/feed", "page_rating_contents": 0, "dead": false, "language": "en-US", "comments": [], "artist": null, "date_published": "2024-02-01T18:52:16+00:00", "page_rating": 0, "tags": [], "page_rating_visits": 0}, {"vote": 0, "age": null, "description": "The Oregon Supreme Court said Thursday that 10 Republican state senators who staged a record-long walkout last year to stall bills on abortion, transgender health care and gun rights cannot run for reelection.", "permanent": false, "user": null, "page_rating_votes": 0, "album": "", "source_obj__id": 118, "bookmarked": false, "thumbnail": "https://media-cldnry.s-nbcnews.com/image/upload/t_fit_1500w/rockcms/2024-02/240201-oregon-republican-state-senate-leader-tim-knopp-se-129p-29072c.jpg", "title": "Oregon high court says GOP lawmakers who staged walkout can't run for re-election", "link": "https://www.nbcnews.com/nbc-out/out-politics-and-policy/oregon-high-court-says-gop-lawmakers-staged-walkout-cant-run-re-electi-rcna136811", "source": "https://www.nbcnews.com/feed", "page_rating_contents": 0, "dead": false, "language": "en-US", "comments": [], "artist": null, "date_published": "2024-02-01T18:50:03+00:00", "page_rating": 0, "tags": [], "page_rating_visits": 0}, {"vote": 0, "age": null, "description": "New online fundraising data show how Donald Trump turned his legal woes into campaign cash, while Nikki Haley used GOP debates Trump skipped to fuel her rise.", "permanent": false, "user": null, "page_rating_votes": 0, "album": "", "source_obj__id": 118, "bookmarked": false, "thumbnail": "https://media-cldnry.s-nbcnews.com/image/upload/t_fit_1500w/rockcms/2024-02/240201-donald-trump-se-1241p-8a97c3.jpg", "title": "A mug shot, debates and key deadlines: How Trump, Biden and Nikki Haley raise online money", "link": "https://www.nbcnews.com/politics/2024-election/mugshot-debates-key-deadlines-trump-biden-nikki-haley-raise-online-mon-rcna136799", "source": "https://www.nbcnews.com/feed", "page_rating_contents": 0, "dead": false, "language": "en-US", "comments": [], "artist": null, "date_published": "2024-02-01T18:45:08+00:00", "page_rating": 0, "tags": [], "page_rating_visits": 0}, {"vote": 0, "age": null, "description": "Justin Timberlake told a New York City audience he'd \"like to take this opportunity to apologize \u2014 to absolutely ... nobody,\u201d just days after Britney Spears said she was sorry about comments from her book.", "permanent": false, "user": null, "page_rating_votes": 0, "album": "", "source_obj__id": 118, "bookmarked": false, "thumbnail": "https://media-cldnry.s-nbcnews.com/image/upload/t_fit_1500w/rockcms/2024-02/240201-justin-timberlake-ew-1200p-068322.jpg", "title": "Justin Timberlake says he's sorry 'to absolutely ... nobody' days after Britney Spears apologized for book comments", "link": "https://www.nbcnews.com/pop-culture/pop-culture-news/justin-timberlake-says-sorry-absolutely-nobody-days-britney-spears-apo-rcna136776", "source": "https://www.nbcnews.com/feed", "page_rating_contents": 0, "dead": false, "language": "en-US", "comments": [], "artist": null, "date_published": "2024-02-01T18:21:01+00:00", "page_rating": 0, "tags": [], "page_rating_visits": 0}, {"vote": 0, "age": null, "description": "Black Americans say they find joy and fulfillment in spending time with family and friends, their faith and traveling, according to a Pew Research Center analysis published Thursday.", "permanent": false, "user": null, "page_rating_votes": 0, "album": "", "source_obj__id": 118, "bookmarked": false, "thumbnail": "https://media-cldnry.s-nbcnews.com/image/upload/t_fit_1500w/rockcms/2024-02/240201-black-joy-beg-1314p-47fb18.jpg", "title": "Friends, faith and travel drive Black joy \u2014 and so does a high income, poll says", "link": "https://www.nbcnews.com/news/nbcblk/friends-faith-travel-drive-black-joy-high-income-poll-says-rcna136583", "source": "https://www.nbcnews.com/feed", "page_rating_contents": 0, "dead": false, "language": "en-US", "comments": [], "artist": null, "date_published": "2024-02-01T18:18:48+00:00", "page_rating": 0, "tags": [], "page_rating_visits": 0}, {"vote": 0, "age": null, "description": "The highly addictive and dangerous supplement Neptune\u2019s Fix \u2014 also known as gas station heroin \u2014 may be contaminated with different types of synthetic pot, chemicals that have been linked to life-threatening effects such as seizures, brain swelling and hallucinations, the Centers for Disease Control and Prevention reported Thursday.", "permanent": false, "user": null, "page_rating_votes": 0, "album": "", "source_obj__id": 118, "bookmarked": false, "thumbnail": "https://media-cldnry.s-nbcnews.com/image/upload/t_fit_1500w/rockcms/2024-02/240201-neptunes-fix-se-1113a-266f43.jpg", "title": "CDC warns that Neptune\u2019s Fix \u2014 gas station heroin \u2014 may contain synthetic pot", "link": "https://www.nbcnews.com/health/health-news/cdc-warns-neptunes-fix-gas-station-heroin-may-contain-synthetic-pot-rcna136651", "source": "https://www.nbcnews.com/feed", "page_rating_contents": 0, "dead": false, "language": "en-US", "comments": [], "artist": null, "date_published": "2024-02-01T18:03:04+00:00", "page_rating": 0, "tags": [], "page_rating_visits": 0}, {"vote": 0, "age": null, "description": "Prosecutors rested their case after a week of intense testimony from more than 20 witnesses and text message and police video evidence.", "permanent": false, "user": null, "page_rating_votes": 0, "album": "", "source_obj__id": 118, "bookmarked": false, "thumbnail": "https://media-cldnry.s-nbcnews.com/image/upload/t_fit_1500w/rockcms/2024-01/240129-Jennifer-Crumbley-al-1114-2cec59.jpg", "title": "Prosecution rests case against school shooter's mother after attempting to portray her as neglectful", "link": "https://www.nbcnews.com/news/us-news/jennifer-crumbley-trial-prosecution-rests-case-attempting-portray-scho-rcna136013", "source": "https://www.nbcnews.com/feed", "page_rating_contents": 0, "dead": false, "language": "en-US", "comments": [], "artist": null, "date_published": "2024-02-01T18:02:11+00:00", "page_rating": 0, "tags": [], "page_rating_visits": 0}, {"vote": 0, "age": null, "description": "Iowa lawmakers declined to advance a bill that would have stripped gender identity from the state\u2019s civil rights law, a proposal that opponents said could have subjected LGBTQ Iowans to discrimination in education, housing and public spaces.", "permanent": false, "user": null, "page_rating_votes": 0, "album": "", "source_obj__id": 118, "bookmarked": false, "thumbnail": "https://media-cldnry.s-nbcnews.com/image/upload/t_fit_1500w/rockcms/2024-02/240201-iowa-House-Judiciary-ew-1241p-736a66.jpg", "title": "Iowa legislators reject move to strip gender identity from state's civil rights law", "link": "https://www.nbcnews.com/nbc-out/out-news/iowa-legislators-reject-move-strip-gender-identity-states-civil-rights-rcna136797", "source": "https://www.nbcnews.com/feed", "page_rating_contents": 0, "dead": false, "language": "en-US", "comments": [], "artist": null, "date_published": "2024-02-01T17:48:07+00:00", "page_rating": 0, "tags": [], "page_rating_visits": 0}, {"vote": 0, "age": null, "description": "The Nevada Republican presidential primary has long been fraught with conflict over the prospect of holding two contests in one week, two days apart, with different outcomes.", "permanent": false, "user": null, "page_rating_votes": 0, "album": "", "source_obj__id": 118, "bookmarked": false, "thumbnail": "https://media-cldnry.s-nbcnews.com/image/upload/t_fit_1500w/rockcms/2024-01/240118-haley-mb-1215-61ff38.jpg", "title": "Trump's absence on the Nevada primary ballot fuels a 'calamity' among voters", "link": "https://www.nbcnews.com/politics/2024-election/trumps-nevada-primary-ballot-caucus-nikki-haley-calamity-confusion-rcna136272", "source": "https://www.nbcnews.com/feed", "page_rating_contents": 0, "dead": false, "language": "en-US", "comments": [], "artist": null, "date_published": "2024-02-01T17:37:06+00:00", "page_rating": 0, "tags": [], "page_rating_visits": 0}, {"vote": 0, "age": null, "description": "Republican Rep. Ken Buck says he's a \"solid\" no on impeaching Homeland Security Secretary Alejandro Mayorkas, raising questions about whether the GOP has the votes.", "permanent": false, "user": null, "page_rating_votes": 0, "album": "", "source_obj__id": 118, "bookmarked": false, "thumbnail": "https://media-cldnry.s-nbcnews.com/image/upload/t_fit_1500w/rockcms/2024-01/240117-Alejandro-Mayorkas-al-1035-fa1bdd.jpg", "title": "Key Republican won't vote to impeach Secretary Alejandro Mayorkas, leaving outcome uncertain", "link": "https://www.nbcnews.com/politics/congress/house-republicans-face-tough-margins-impeaching-mayorkas-rcna136783", "source": "https://www.nbcnews.com/feed", "page_rating_contents": 0, "dead": false, "language": "en-US", "comments": [], "artist": null, "date_published": "2024-02-01T17:28:04+00:00", "page_rating": 0, "tags": [], "page_rating_visits": 0}, {"vote": 0, "age": null, "description": "Prosecutors want a life sentence for Joshua Adam Schulte, convicted of one of the most damaging leaks in CIA history, public disclosure of secret hacking tools.", "permanent": false, "user": null, "page_rating_votes": 0, "album": "", "source_obj__id": 118, "bookmarked": false, "thumbnail": "https://media-cldnry.s-nbcnews.com/image/upload/t_fit_1500w/rockcms/2022-07/220713-Joshua-Schulte-ew-518p-54e28f.jpg", "title": "Prosecutors want life sentence for ex-CIA hacker who leaked secrets to WikiLeaks", "link": "https://www.nbcnews.com/politics/national-security/prosecutors-want-life-sentence-ex-cia-hacker-leaked-secrets-wikileaks-rcna136775", "source": "https://www.nbcnews.com/feed", "page_rating_contents": 0, "dead": false, "language": "en-US", "comments": [], "artist": null, "date_published": "2024-02-01T17:23:54+00:00", "page_rating": 0, "tags": [], "page_rating_visits": 0}, {"vote": 0, "age": null, "description": "Stroke risk is higher for Black women than white women. New research finds that Black women who develop high blood pressure before 35 have triple the risk of stroke.", "permanent": false, "user": null, "page_rating_votes": 0, "album": "", "source_obj__id": 118, "bookmarked": false, "thumbnail": "https://media-cldnry.s-nbcnews.com/image/upload/t_fit_1500w/rockcms/2024-01/240131-stock-black-woman-blood-pressure-ew-1200p-0df009.jpg", "title": "Black women under 35 with high blood pressure may have triple the risk of stroke, study says", "link": "https://www.nbcnews.com/health/health-news/black-women-35-high-blood-pressure-may-triple-risk-stroke-study-says-rcna136566", "source": "https://www.nbcnews.com/feed", "page_rating_contents": 0, "dead": false, "language": "en-US", "comments": [], "artist": null, "date_published": "2024-02-01T17:21:58+00:00", "page_rating": 0, "tags": [], "page_rating_visits": 0}, {"vote": 0, "age": null, "description": "Ruby Bridges says she told a little lie en route to her TODAY appearance earlier this year.", "permanent": false, "user": null, "page_rating_votes": 0, "album": "", "source_obj__id": 118, "bookmarked": false, "thumbnail": "https://media-cldnry.s-nbcnews.com/image/upload/t_fit_1500w/rockcms/2024-01/ruby-bridges-black-history-te-240130-f0caa0.jpg", "title": "What's it like to live Black history? Ruby Bridges has some thoughts.", "link": "https://www.nbcnews.com/news/nbcblk/s-live-black-history-ruby-bridges-thoughts-rcna136754", "source": "https://www.nbcnews.com/feed", "page_rating_contents": 0, "dead": false, "language": "en-US", "comments": [], "artist": null, "date_published": "2024-02-01T16:37:56+00:00", "page_rating": 0, "tags": [], "page_rating_visits": 0}, {"vote": 0, "age": null, "description": "A California teenager allegedly behind a flurry of swatting incidents across the country targeting schools and FBI agents\u2019 homes was arrested in connection with a swatting attempt at a Florida mosque last year, court documents say.", "permanent": false, "user": null, "page_rating_votes": 0, "album": "", "source_obj__id": 118, "bookmarked": false, "thumbnail": "https://media-cldnry.s-nbcnews.com/image/upload/t_fit_1500w/rockcms/2024-01/240108-fbi-arizona-man-kh-ddd410.jpg", "title": "California teen who allegedly targeted FBI agents was arrested in swatting incident", "link": "https://www.nbcnews.com/politics/justice-department/california-teen-allegedly-targeted-fbi-agents-was-arrested-swatting-in-rcna136677", "source": "https://www.nbcnews.com/feed", "page_rating_contents": 0, "dead": false, "language": "en-US", "comments": [], "artist": null, "date_published": "2024-02-01T16:37:00+00:00", "page_rating": 0, "tags": [], "page_rating_visits": 0}, {"vote": 0, "age": null, "description": "In his first briefing since his health scare, Secretary of Defense Lloyd Austin apologized for the secrecy surrounding his hospitalization for prostate cancer treatment and pledged to be more transparent in the future.", "permanent": false, "user": null, "page_rating_votes": 0, "album": "", "source_obj__id": 118, "bookmarked": false, "thumbnail": "https://media-cldnry.s-nbcnews.com/image/upload/t_fit_1500w/mpx/2704722219/2024_02/1706802495117_now_brk_austin_apology_240201_1920x1080-y2skr5.jpg", "title": "'I did not handle this right': Austin apologizes for handling of hospitalization", "link": "https://www.nbcnews.com/now/video/defense-secretary-austin-apologizes-for-handling-of-his-health-scare-203413573517", "source": "https://www.nbcnews.com/feed", "page_rating_contents": 0, "dead": false, "language": "en-US", "comments": [], "artist": null, "date_published": "2024-02-01T15:48:33+00:00", "page_rating": 0, "tags": [], "page_rating_visits": 0}, {"vote": 0, "age": null, "description": "Defense Secretary Lloyd Austin apologized Thursday for not properly handling and communicating his cancer diagnosis to President Joe Biden, Pentagon staff and the general public.", "permanent": false, "user": null, "page_rating_votes": 0, "album": "", "source_obj__id": 118, "bookmarked": false, "thumbnail": "https://media-cldnry.s-nbcnews.com/image/upload/t_fit_1500w/rockcms/2024-02/240201-Lloyd-Austin-health-beg-1040a-76c326.jpg", "title": "Defense Secretary Lloyd Austin apologizes for handling of cancer diagnosis: 'I should have told the president'", "link": "https://www.nbcnews.com/politics/national-security/defense-sec-lloyd-austin-apologizes-says-didnt-properly-handle-communi-rcna136758", "source": "https://www.nbcnews.com/feed", "page_rating_contents": 0, "dead": false, "language": "en-US", "comments": [], "artist": null, "date_published": "2024-02-01T15:47:19+00:00", "page_rating": 0, "tags": [], "page_rating_visits": 0}, {"vote": 0, "age": null, "description": "President Joe Biden is expected to issue an executive order Thursday targeting Israeli settlers in the West Bank, a U.S. official confirms to NBC News.", "permanent": false, "user": null, "page_rating_votes": 0, "album": "", "source_obj__id": 118, "bookmarked": false, "thumbnail": "https://media-cldnry.s-nbcnews.com/image/upload/t_fit_1500w/rockcms/2023-10/231026-israel-palestinians-west-bank-settler-violence-mn-1045-b2b602.jpg", "title": "Biden to sanction Israeli settlers in the West Bank", "link": "https://www.nbcnews.com/politics/joe-biden/biden-sanction-israeli-settlers-west-bank-rcna136759", "source": "https://www.nbcnews.com/feed", "page_rating_contents": 0, "dead": false, "language": "en-US", "comments": [], "artist": null, "date_published": "2024-02-01T15:47:06+00:00", "page_rating": 0, "tags": [], "page_rating_visits": 0}, {"vote": 0, "age": null, "description": "Two Russian courts have meted out the first convictions in connection with what the government calls the \u201cinternational LGBT social movement\u201d and which was designated as extremist last year.", "permanent": false, "user": null, "page_rating_votes": 0, "album": "", "source_obj__id": 118, "bookmarked": false, "thumbnail": "https://media-cldnry.s-nbcnews.com/image/upload/t_fit_1500w/rockcms/2024-02/240201-russia-lgbtq-putin-homophobia-se-1030a-a6b4ab.jpg", "title": "Russia makes first convictions for 'LGBT extremism' following ban", "link": "https://www.nbcnews.com/nbc-out/out-news/russia-makes-first-convictions-lgbt-extremism-ban-rcna136753", "source": "https://www.nbcnews.com/feed", "page_rating_contents": 0, "dead": false, "language": "en-US", "comments": [], "artist": null, "date_published": "2024-02-01T15:37:25+00:00", "page_rating": 0, "tags": [], "page_rating_visits": 0}, {"vote": 0, "age": null, "description": "Capitol police said they are closing an investigation into a leaked video of people having sex inside a Senate hearing room after finding no evidence of a crime.", "permanent": false, "user": null, "page_rating_votes": 0, "album": "", "source_obj__id": 118, "bookmarked": false, "thumbnail": "https://media-cldnry.s-nbcnews.com/image/upload/t_fit_1500w/rockcms/2024-02/240201-capitol-dome-mn-1000-7ced29.jpg", "title": "Capitol police close probe into Senate sex tape after finding no evidence of crime", "link": "https://www.nbcnews.com/politics/congress/capitol-police-close-probe-senate-sex-tape-finding-no-evidence-crime-rcna136742", "source": "https://www.nbcnews.com/feed", "page_rating_contents": 0, "dead": false, "language": "en-US", "comments": [], "artist": null, "date_published": "2024-02-01T15:25:43+00:00", "page_rating": 0, "tags": [], "page_rating_visits": 0}, {"vote": 0, "age": null, "description": "Tom Cotton had asked Shou Zi Chew, who is Singaporean, multiple times about his residency, nationality and relationship with the Chinese Community Party.", "permanent": false, "user": null, "page_rating_votes": 0, "album": "", "source_obj__id": 118, "bookmarked": false, "thumbnail": "https://media-cldnry.s-nbcnews.com/image/upload/t_fit_1500w/rockcms/2024-02/240131-tom-cotton-Shou-Zi-Chew-2-up-split-3x2-ac-1123p-889318.jpg", "title": "Sen. Tom Cotton faces backlash for repeatedly asking TikTok\u2019s CEO about his citizenship", "link": "https://www.nbcnews.com/news/asian-america/tom-cotton-backlash-tiktok-ceo-shou-chew-rcna136673", "source": "https://www.nbcnews.com/feed", "page_rating_contents": 0, "dead": false, "language": "en-US", "comments": [], "artist": null, "date_published": "2024-02-01T15:00:47+00:00", "page_rating": 0, "tags": [], "page_rating_visits": 0}, {"vote": 0, "age": null, "description": "Superstar Kansas City Chiefs quarterback Patrick Mahomes has embraced comments about his \"dad bod\" after a shirtless photo of him went viral: \"I got kids!!!\"", "permanent": false, "user": null, "page_rating_votes": 0, "album": "", "source_obj__id": 118, "bookmarked": false, "thumbnail": "https://media-cldnry.s-nbcnews.com/image/upload/t_fit_1500w/rockcms/2024-01/patrick-mahomes-zz-240131-4bb41d.jpg", "title": "Patrick Mahomes jokes about his \u2018dad bod\u2019 in shirtless photo", "link": "https://www.nbcnews.com/news/sports/patrick-mahomes-jokes-dad-bod-shirtless-photo-rcna136734", "source": "https://www.nbcnews.com/feed", "page_rating_contents": 0, "dead": false, "language": "en-US", "comments": [], "artist": null, "date_published": "2024-02-01T14:48:42+00:00", "page_rating": 0, "tags": [], "page_rating_visits": 0}, {"vote": 0, "age": null, "description": "Disney has updated the language on its three streaming platforms to limit password sharing outside of a user's individual account.", "permanent": false, "user": null, "page_rating_votes": 0, "album": "", "source_obj__id": 118, "bookmarked": false, "thumbnail": "https://media-cldnry.s-nbcnews.com/image/upload/t_fit_1500w/rockcms/2024-02/hulu-jp-240201-1b9a5e.jpg", "title": "Disney's streaming services have begun cracking down on password sharing", "link": "https://www.nbcnews.com/business/business-news/disney-hulu-espn-plus-share-password-subscription-cost-rcna136729", "source": "https://www.nbcnews.com/feed", "page_rating_contents": 0, "dead": false, "language": "en-US", "comments": [], "artist": null, "date_published": "2024-02-01T14:43:47+00:00", "page_rating": 0, "tags": [], "page_rating_visits": 0}, {"vote": 0, "age": null, "description": "Watch live coverage as Defense Secretary Lloyd Austin holds a press briefing from the Pentagon.", "permanent": false, "user": null, "page_rating_votes": 0, "album": "", "source_obj__id": 118, "bookmarked": false, "thumbnail": "https://media-cldnry.s-nbcnews.com/image/upload/t_fit_1500w/mpx/2704722219/2024_02/1968506995-jh0eob.jpg", "title": "Defense Secretary Austin holds a press briefing at the Pentagon", "link": "https://www.nbcnews.com/video/watch-live-defense-secretary-lloyd-austin-holds-press-briefing-203407429802", "source": "https://www.nbcnews.com/feed", "page_rating_contents": 0, "dead": false, "language": "en-US", "comments": [], "artist": null, "date_published": "2024-02-01T14:42:03+00:00", "page_rating": 0, "tags": [], "page_rating_visits": 0}, {"vote": 0, "age": null, "description": "Beloved \"Sesame Street\" character Elmo is sharing a message of empathy and urging people to check in on their friends after his seemingly harmless \"How is everybody doing\" tweet turned into an online trauma dump.", "permanent": false, "user": null, "page_rating_votes": 0, "album": "", "source_obj__id": 118, "bookmarked": false, "thumbnail": "https://media-cldnry.s-nbcnews.com/image/upload/t_fit_1500w/rockcms/2024-02/240201-elmo-today-mb-1428-67d34e.jpg", "title": "Elmo says to check on your friends after wellness tweet turns into online feelings dump", "link": "https://www.nbcnews.com/pop-culture/pop-culture-news/-lot-feelings-s-okay-elmo-says-check-friends-huge-response-wellness-tw-rcna136722", "source": "https://www.nbcnews.com/feed", "page_rating_contents": 0, "dead": false, "language": "en-US", "comments": [], "artist": null, "date_published": "2024-02-01T13:59:52+00:00", "page_rating": 0, "tags": [], "page_rating_visits": 0}, {"vote": 0, "age": null, "description": "The West Coast was preparing for severe weather Thursday and into the weekend, with more than 22 million people under flood alerts, and both state and local officials already acting to limit damage and disruption from back-to-back Pacific storms.", "permanent": false, "user": null, "page_rating_votes": 0, "album": "", "source_obj__id": 118, "bookmarked": false, "thumbnail": "https://media-cldnry.s-nbcnews.com/image/upload/t_fit_1500w/rockcms/2024-02/240201-california-storms-mn-0830-11804d.jpg", "title": "California braces for heavy rain and flooding from back-to-back 'pineapple express' storms", "link": "https://www.nbcnews.com/news/weather/california-braces-heavy-rain-flooding-back-back-pineapple-express-stor-rcna136704", "source": "https://www.nbcnews.com/feed", "page_rating_contents": 0, "dead": false, "language": "en-US", "comments": [], "artist": null, "date_published": "2024-02-01T13:43:51+00:00", "page_rating": 0, "tags": [], "page_rating_visits": 0}, {"vote": 0, "age": null, "description": "\u201cSesame Street\u201d star Elmo and his dad Louie join TODAY to speak out on the importance of checking in on your friends and the wave of emotional venting that ensued online when Elmo simply asked the world, \u201chow\u2019s everybody doing?\u201d", "permanent": false, "user": null, "page_rating_votes": 0, "album": "", "source_obj__id": 118, "bookmarked": false, "thumbnail": "https://media-cldnry.s-nbcnews.com/image/upload/t_fit_1500w/mpx/2704722219/2024_02/tdy_pop_8a_elmo_240201_2-352arw.jpg", "title": "Elmo opens up to TODAY about tweet that sparked intense reaction", "link": "https://www.today.com/video/elmo-opens-up-about-viral-tweet-that-sparked-unexpected-reaction-203402309709", "source": "https://www.nbcnews.com/feed", "page_rating_contents": 0, "dead": false, "language": "en-US", "comments": [], "artist": null, "date_published": "2024-02-01T13:27:23+00:00", "page_rating": 0, "tags": [], "page_rating_visits": 0}, {"vote": 0, "age": null, "description": "A pink orchid has \u201cWheel of Fortune\u201d fans seeing red.", "permanent": false, "user": null, "page_rating_votes": 0, "album": "", "source_obj__id": 118, "bookmarked": false, "thumbnail": "https://media-cldnry.s-nbcnews.com/image/upload/t_fit_1500w/rockcms/2024-01/wheel-of-fortune-contestant-zz-240131-8a93fa.jpg", "title": "'Wheel of Fortune' fans are adamant contestant got 'screwed' in the bonus round", "link": "https://www.nbcnews.com/news/us-news/wheel-fortune-fans-are-adamant-contestant-got-screwed-bonus-rcna136716", "source": "https://www.nbcnews.com/feed", "page_rating_contents": 0, "dead": false, "language": "en-US", "comments": [], "artist": null, "date_published": "2024-02-01T13:04:42+00:00", "page_rating": 0, "tags": [], "page_rating_visits": 0}, {"vote": 0, "age": null, "description": "Taxpayers are facing higher costs to file their returns this year. Some will find relief from a new tool from the IRS called Direct File, but many won\u2019t.", "permanent": false, "user": null, "page_rating_votes": 0, "album": "", "source_obj__id": 118, "bookmarked": false, "thumbnail": "https://media-cldnry.s-nbcnews.com/image/upload/t_fit_1500w/rockcms/2024-01/240131-tax-inflation-2x1-lr-f33121.jpg", "title": "Higher tax filing costs could take a bite out of your refund", "link": "https://www.nbcnews.com/business/economy/higher-tax-filing-costs-take-bite-refund-rcna135161", "source": "https://www.nbcnews.com/feed", "page_rating_contents": 0, "dead": false, "language": "en-US", "comments": [], "artist": null, "date_published": "2024-02-01T13:00:00+00:00", "page_rating": 0, "tags": [], "page_rating_visits": 0}, {"vote": 0, "age": null, "description": "A judge in London threw out a lawsuit by Donald Trump that accused a former British spy of making \u201cshocking and scandalous claims\u201d that were false and harmed his reputation.", "permanent": false, "user": null, "page_rating_votes": 0, "album": "", "source_obj__id": 118, "bookmarked": false, "thumbnail": "https://media-cldnry.s-nbcnews.com/image/upload/t_fit_1500w/rockcms/2024-02/240201-donald-trump-al-0733-90c637.jpg", "title": "U.K. judge dismisses Trump's lawsuit over dossier containing 'shocking and scandalous claims'", "link": "https://www.nbcnews.com/politics/donald-trump/uk-judge-dismisses-trumps-lawsuit-dossier-containing-shocking-scandalo-rcna136719", "source": "https://www.nbcnews.com/feed", "page_rating_contents": 0, "dead": false, "language": "en-US", "comments": [], "artist": null, "date_published": "2024-02-01T12:46:08+00:00", "page_rating": 0, "tags": [], "page_rating_visits": 0}, {"vote": 0, "age": null, "description": "Prosecutors say a gun that a former Ohio sheriff\u2019s deputy said a man was waving at him when he fatally shot him in the back in 2020 was found in the man\u2019s kitchen with the safety on.", "permanent": false, "user": null, "page_rating_votes": 0, "album": "", "source_obj__id": 118, "bookmarked": false, "thumbnail": "https://media-cldnry.s-nbcnews.com/image/upload/t_fit_1500w/rockcms/2021-12/201207-casey-goodson-jm-1032-a75332.jpg", "title": "Black man was holding sandwiches and keys when an Ohio deputy fatally shot him, prosecutor says", "link": "https://www.nbcnews.com/news/us-news/black-man-was-holding-sandwiches-keys-ohio-deputy-fatally-shot-prosecu-rcna136712", "source": "https://www.nbcnews.com/feed", "page_rating_contents": 0, "dead": false, "language": "en-US", "comments": [], "artist": null, "date_published": "2024-02-01T12:38:58+00:00", "page_rating": 0, "tags": [], "page_rating_visits": 0}, {"vote": 0, "age": null, "description": "Travis Kelce is shaking off any hate surrounding his relationship with pop star Taylor Swift.", "permanent": false, "user": null, "page_rating_votes": 0, "album": "", "source_obj__id": 118, "bookmarked": false, "thumbnail": "https://media-cldnry.s-nbcnews.com/image/upload/t_fit_1500w/rockcms/2024-02/240201-travis-kelce-taylor-swift-al-0708-d6eed5.jpg", "title": "Travis Kelce gushes about Taylor Swift in new interview: 'Nothing but a wonderful year'", "link": "https://www.nbcnews.com/news/us-news/travis-kelce-gushes-taylor-swift-new-interview-nothing-wonderful-year-rcna136713", "source": "https://www.nbcnews.com/feed", "page_rating_contents": 0, "dead": false, "language": "en-US", "comments": [], "artist": null, "date_published": "2024-02-01T12:19:46+00:00", "page_rating": 0, "tags": [], "page_rating_visits": 0}, {"vote": 0, "age": null, "description": "Donald Trump's spent lots of cash on legal bills and Biden has a big war chest, according to recent FEC filings. Plus, Israel returns Palestinian bodies.", "permanent": false, "user": null, "page_rating_votes": 0, "album": "", "source_obj__id": 118, "bookmarked": false, "thumbnail": "https://media-cldnry.s-nbcnews.com/image/upload/t_fit_1500w/rockcms/2024-01/240131-pennsylvania-decapitation-mb-0813-1cea73.png", "title": "Justin Mohn\u2019s neighbors 'in shock' after alleged decapitation and border convoy en route to Texas: Morning Rundown", "link": "https://www.nbcnews.com/news/justin-mohn-decapitation-border-convoy-texas-morning-rundown-rcna136693", "source": "https://www.nbcnews.com/feed", "page_rating_contents": 0, "dead": false, "language": "en-US", "comments": [], "artist": null, "date_published": "2024-02-01T12:07:37+00:00", "page_rating": 0, "tags": [], "page_rating_visits": 0}, {"vote": 0, "age": null, "description": "A federal judge will soon rule on whether Georgia\u2019s electronic Dominion voting machines are vulnerable to hacking, which could shake up the 2024 election in the battleground state.", "permanent": false, "user": null, "page_rating_votes": 0, "album": "", "source_obj__id": 118, "bookmarked": false, "thumbnail": "https://media-cldnry.s-nbcnews.com/image/upload/t_fit_1500w/rockcms/2024-01/240131-georgia-voting-machine-se-214p-fcf800.jpg", "title": "Georgia's controversial electronic voting machines face their biggest test yet", "link": "https://www.nbcnews.com/politics/elections/georgia-dominion-voting-machines-trial-rcna136275", "source": "https://www.nbcnews.com/feed", "page_rating_contents": 0, "dead": false, "language": "en-US", "comments": [], "artist": null, "date_published": "2024-02-01T12:00:40+00:00", "page_rating": 0, "tags": [], "page_rating_visits": 0}, {"vote": 0, "age": null, "description": "Fort Monroe, where slaves were first brought to the U.S. colonies, served the Union in Confederate territory. Now a teacher uses it to bolster education of slavery.", "permanent": false, "user": null, "page_rating_votes": 0, "album": "", "source_obj__id": 118, "bookmarked": false, "thumbnail": "https://media-cldnry.s-nbcnews.com/image/upload/t_fit_1500w/rockcms/2024-01/240131-black-history-virginia-school-slavery-cs-d54630.jpg", "title": "Black students took a field trip to the birthplace of American slavery and walked away feeling empowered", "link": "https://www.nbcnews.com/news/nbcblk/black-students-empowered-ft-monroe-trip-slavery-birthplace-rcna134788", "source": "https://www.nbcnews.com/feed", "page_rating_contents": 0, "dead": false, "language": "en-US", "comments": [], "artist": null, "date_published": "2024-02-01T10:00:40+00:00", "page_rating": 0, "tags": [], "page_rating_visits": 0}, {"vote": 0, "age": null, "description": "The Los Angeles Police Department pledged better security after an under-construction high-rise luxury condominium tower near the home of the Lakers was plastered with graffiti.", "permanent": false, "user": null, "page_rating_votes": 0, "album": "", "source_obj__id": 118, "bookmarked": false, "thumbnail": "https://media-cldnry.s-nbcnews.com/image/upload/t_fit_1500w/rockcms/2024-02/240201-downtown-la-graffiti-rc-149A-39333f.jpg", "title": "Taggers vandalize around 30 floors of Los Angeles high-rise", "link": "https://www.nbcnews.com/news/us-news/taggers-vandalize-30-floors-los-angeles-high-rise-rcna136696", "source": "https://www.nbcnews.com/feed", "page_rating_contents": 0, "dead": false, "language": "en-US", "comments": [], "artist": null, "date_published": "2024-02-01T06:53:05+00:00", "page_rating": 0, "tags": [], "page_rating_visits": 0}, {"vote": 0, "age": null, "description": "Donald Trump faces a cash crunch as he tries to defend himself in court, lock down the GOP and turn to a general election vs. increasingly money-flush Joe Biden.", "permanent": false, "user": null, "page_rating_votes": 0, "album": "", "source_obj__id": 118, "bookmarked": false, "thumbnail": "https://media-cldnry.s-nbcnews.com/image/upload/t_fit_1500w/rockcms/2023-11/231120-biden-trump-mn-1220-ad5707.jpg", "title": "Takeaways from the 2024 cash dash: Legal cases drain Trump as clash with Biden looms", "link": "https://www.nbcnews.com/politics/2024-election/biden-beats-trump-takeaways-2024-campaign-money-rcna136497", "source": "https://www.nbcnews.com/feed", "page_rating_contents": 0, "dead": false, "language": "en-US", "comments": [], "artist": null, "date_published": "2024-02-01T05:27:33+00:00", "page_rating": 0, "tags": [], "page_rating_visits": 0}, {"vote": 0, "age": null, "description": "A man who attacked and beheaded a permitted statue put up by the Satanic Temple at Iowa\u2019s Capitol in December has been charged with a felony under the state\u2019s hate crime statutes, the prosecutor\u2019s office said this week.", "permanent": false, "user": null, "page_rating_votes": 0, "album": "", "source_obj__id": 118, "bookmarked": false, "thumbnail": "https://media-cldnry.s-nbcnews.com/image/upload/t_fit_1500w/rockcms/2024-02/240131-iowa-state-capitol-satanic-display-2023-ac-1040p-166248.jpg", "title": "Man who destroyed Satanic Temple altar in Iowa charged under hate crime law", "link": "https://www.nbcnews.com/news/us-news/man-destroyed-satanic-temple-altar-iowa-charged-hate-crime-law-rcna136688", "source": "https://www.nbcnews.com/feed", "page_rating_contents": 0, "dead": false, "language": "en-US", "comments": [], "artist": null, "date_published": "2024-02-01T04:49:47+00:00", "page_rating": 0, "tags": [], "page_rating_visits": 0}, {"vote": 0, "age": null, "description": "Three years after seizing power in a coup, Min Aung Hlaing of Myanmar is in his weakest position since deposing the government of Aung San Suu Kyi.", "permanent": false, "user": null, "page_rating_votes": 0, "album": "", "source_obj__id": 118, "bookmarked": false, "thumbnail": "https://media-cldnry.s-nbcnews.com/image/upload/t_fit_1500w/rockcms/2023-12/231201-myanmar-mb-1034-3db317.jpg", "title": "Three years after Myanmar coup, junta leader\u2019s hold on power is weaker than ever", "link": "https://www.nbcnews.com/news/world/myanmar-coup-three-years-junta-leader-rcna136694", "source": "https://www.nbcnews.com/feed", "page_rating_contents": 0, "dead": false, "language": "en-US", "comments": [], "artist": null, "date_published": "2024-02-01T04:36:45+00:00", "page_rating": 0, "tags": [], "page_rating_visits": 0}, {"vote": 0, "age": null, "description": "A U.S. district judge in California dismissed a lawsuit Wednesday that sought to force the Biden administration to do all it could to make Israel stop bombing Gaza.", "permanent": false, "user": null, "page_rating_votes": 0, "album": "", "source_obj__id": 118, "bookmarked": false, "thumbnail": "https://media-cldnry.s-nbcnews.com/image/upload/t_fit_1500w/rockcms/2024-02/240131-gaza-strip-smoke-ac-1107p-0b712a.jpg", "title": "Federal judge dismisses case seeking to force U.S. to pressure Israel to stop bombing Gaza", "link": "https://www.nbcnews.com/news/us-news/judge-dismisses-case-seeking-force-us-pressure-israel-stop-bombing-gaz-rcna136692", "source": "https://www.nbcnews.com/feed", "page_rating_contents": 0, "dead": false, "language": "en-US", "comments": [], "artist": null, "date_published": "2024-02-01T04:20:43+00:00", "page_rating": 0, "tags": [], "page_rating_visits": 0}, {"vote": 0, "age": null, "description": "A dozen people were injured Wednesday after a serious collapse at a hangar being built near an airport in Boise, Idaho, a fire official said.", "permanent": false, "user": null, "page_rating_votes": 0, "album": "", "source_obj__id": 118, "bookmarked": false, "thumbnail": "https://media-cldnry.s-nbcnews.com/image/upload/t_fit_1500w/rockcms/2024-02/240131-boise-idaho-building-collapse-UGC-ac-829p-dd0b4f.jpg", "title": "12 hurt when structure collapses in Boise, Idaho", "link": "https://www.nbcnews.com/news/us-news/12-hurt-building-collapses-boise-rcna136678", "source": "https://www.nbcnews.com/feed", "page_rating_contents": 0, "dead": false, "language": "en-US", "comments": [], "artist": null, "date_published": "2024-02-01T02:56:45+00:00", "page_rating": 0, "tags": [], "page_rating_visits": 0}, {"vote": 0, "age": null, "description": "The super PAC backing former U.N. Ambassador Nikki Haley entered the election year in January with just $3.5 million in cash.", "permanent": false, "user": null, "page_rating_votes": 0, "album": "", "source_obj__id": 118, "bookmarked": false, "thumbnail": "https://media-cldnry.s-nbcnews.com/image/upload/t_fit_1500w/rockcms/2024-01/240126-nikki-haley-mb-1205-b39537.jpg", "title": "Nikki Haley's super PAC spent big to fuel her rise. It started 2024 with little left.", "link": "https://www.nbcnews.com/politics/2024-election/nikki-haleys-super-pac-spent-big-fuel-rise-started-2024-little-left-rcna136499", "source": "https://www.nbcnews.com/feed", "page_rating_contents": 0, "dead": false, "language": "en-US", "comments": [], "artist": null, "date_published": "2024-02-01T02:14:03+00:00", "page_rating": 0, "tags": [], "page_rating_visits": 0}, {"vote": 0, "age": null, "description": "Alec Baldwin on Wednesday pleaded not guilty to an involuntary manslaughter charge in the 2021 accidental fatal shooting of cinematographer Halyna Hutchins on a New Mexico movie set.", "permanent": false, "user": null, "page_rating_votes": 0, "album": "", "source_obj__id": 118, "bookmarked": false, "thumbnail": "https://media-cldnry.s-nbcnews.com/image/upload/t_fit_1500w/rockcms/2022-01/220120-alec-baldwin-jm-0956-bd9409.jpg", "title": "Alec Baldwin pleads not guilty to manslaughter in deadly \u2018Rust\u2019 shooting", "link": "https://www.nbcnews.com/news/us-news/alec-baldwin-not-guilty-manslaughter-rust-shooting-rcna136671", "source": "https://www.nbcnews.com/feed", "page_rating_contents": 0, "dead": false, "language": "en-US", "comments": [], "artist": null, "date_published": "2024-02-01T01:07:59+00:00", "page_rating": 0, "tags": [], "page_rating_visits": 0}, {"vote": 0, "age": null, "description": "LEVITTOWN, Pa. \u2014 The man accused of killing his father and displaying his decapitated head in a macabre YouTube video has long been obsessed with conspiracy theories, say those who knew him.", "permanent": false, "user": null, "page_rating_votes": 0, "album": "", "source_obj__id": 118, "bookmarked": false, "thumbnail": "https://media-cldnry.s-nbcnews.com/image/upload/t_fit_1500w/rockcms/2024-01/240131-pa-middletown-township-police-WCAU-NBC10-snip-ac-425p-fcc2f7.jpg", "title": "Suspect in father\u2019s decapitation \u2018went off the rails\u2019 in college, those who knew him say", "link": "https://www.nbcnews.com/news/us-news/suspect-fathers-decapitation-went-rails-college-knew-say-rcna136647", "source": "https://www.nbcnews.com/feed", "page_rating_contents": 0, "dead": false, "language": "en-US", "comments": [], "artist": null, "date_published": "2024-02-01T01:04:41+00:00", "page_rating": 0, "tags": [], "page_rating_visits": 0}, {"vote": 0, "age": null, "description": "One man was killed and another, a man who served in the Trump administration, was critically injured Monday in Washington in an hours-long crime and carjacking spree.", "permanent": false, "user": null, "page_rating_votes": 0, "album": "", "source_obj__id": 118, "bookmarked": false, "thumbnail": "https://media-cldnry.s-nbcnews.com/image/upload/t_fit_1500w/rockcms/2024-01/240131-Metropolitan-Police-Department-Washington-se-541p-5f232b.jpg", "title": "Man who served in Trump administration wounded in deadly Washington D.C. carjacking spree", "link": "https://www.nbcnews.com/news/us-news/man-served-trump-administration-wounded-deadly-washington-dc-carjackin-rcna136664", "source": "https://www.nbcnews.com/feed", "page_rating_contents": 0, "dead": false, "language": "en-US", "comments": [], "artist": null, "date_published": "2024-02-01T00:37:15+00:00", "page_rating": 0, "tags": [], "page_rating_visits": 0}, {"vote": 0, "age": null, "description": "Democratic Sen. Bob Menendez has seen his campaign fundraising plummet and his legal fees skyrocket since he was indicted on bribery and conspiracy charges.", "permanent": false, "user": null, "page_rating_votes": 0, "album": "", "source_obj__id": 118, "bookmarked": false, "thumbnail": "https://media-cldnry.s-nbcnews.com/image/upload/t_fit_1500w/rockcms/2024-01/240102-bob-menendez-mjf-1700-8e31ed.jpg", "title": "Bob Menendez's fundraising drops and legal fees skyrocket amid indictments", "link": "https://www.nbcnews.com/politics/2024-election/bob-menendezs-fundraising-drops-legal-fees-skyrocket-indictments-rcna136669", "source": "https://www.nbcnews.com/feed", "page_rating_contents": 0, "dead": false, "language": "en-US", "comments": [], "artist": null, "date_published": "2024-02-01T00:32:40+00:00", "page_rating": 0, "tags": [], "page_rating_visits": 0}, {"vote": 0, "age": null, "description": "New data from Harvard and Stanford shows that, while elementary and middle school students have made some gains in math and reading since the pandemic, they remain significantly behind pre-pandemic levels of achievement. NBC's Blayne Alexander reports.", "permanent": false, "user": null, "page_rating_votes": 0, "album": "", "source_obj__id": 118, "bookmarked": false, "thumbnail": "https://media-cldnry.s-nbcnews.com/image/upload/t_fit_1500w/mpx/2704722219/2024_02/1706747089921_nn_bal_student_learning_gains_and_loss_240131_1920x1080-qffdiz.jpg", "title": "Student achievement scores have gone up but remain below pre-pandemic levels", "link": "https://www.nbcnews.com/nightly-news/video/student-achievement-scores-have-gone-up-but-remain-below-pre-pandemic-levels-203368005750", "source": "https://www.nbcnews.com/feed", "page_rating_contents": 0, "dead": false, "language": "en-US", "comments": [], "artist": null, "date_published": "2024-02-01T00:25:07+00:00", "page_rating": 0, "tags": [], "page_rating_visits": 0}, {"vote": 0, "age": null, "description": "Independent presidential hopeful Robert F. Kennedy spent more than he raised in the final quarter of last year.", "permanent": false, "user": null, "page_rating_votes": 0, "album": "", "source_obj__id": 118, "bookmarked": false, "thumbnail": "https://media-cldnry.s-nbcnews.com/image/upload/t_fit_1500w/rockcms/2024-01/240131-rfk-jr-mb-0829-283989.jpg", "title": "Kennedy Jr.'s presidential campaign spent more than it raised last quarter and left $5.4M in the bank", "link": "https://www.nbcnews.com/politics/2024-election/kennedy-jrs-presidential-campaign-spent-raised-last-quarter-left-54m-b-rcna136500", "source": "https://www.nbcnews.com/feed", "page_rating_contents": 0, "dead": false, "language": "en-US", "comments": [], "artist": null, "date_published": "2024-02-01T00:07:24+00:00", "page_rating": 0, "tags": [], "page_rating_visits": 0}]