[{"vote": 0, "age": null, "description": "<img class=\"type:primaryImage\" src=\"https://i.kinja-img.com/image/upload/c_fit,q_80,w_636/b523ed45abcb342e4f767783817afe3e.png\" /><p>Somehow, <a class=\"sc-1out364-0 dPMosf sc-145m8ut-0 lcFFec js_link\" href=\"https://x.com/GregoryMcFadden/status/1752789854432190650?s=20\" rel=\"noopener noreferrer\" target=\"_blank\">Lightning returned</a>. Apple\u2019s $3,500 <a class=\"sc-1out364-0 dPMosf sc-145m8ut-0 lcFFec js_link\" href=\"https://gizmodo.com/apple-vision-pro-pricing-release-date-specs-1851205316\">Vision Pro is going on sale</a> Friday, and unlike most other high-end VR headsets, it\u2019s sporting an external battery pack. Little did we know, but that external battery with its supposedly non-detachable wire is actually easily removable so long as you have a SIM card removal\u2026</p><p><a href=\"https://gizmodo.com/apple-vision-pro-fat-lightning-cable-1851216230\">Read more...</a></p>", "permanent": false, "user": null, "page_rating_votes": 0, "album": "", "source_obj__id": 68, "bookmarked": false, "thumbnail": "https://i.kinja-img.com/image/upload/c_fit,q_80,w_636/b523ed45abcb342e4f767783817afe3e.png", "title": "Apple Vision Pro Is Hiding a Little Secret: A Fat Lightning Cable", "link": "https://gizmodo.com/apple-vision-pro-fat-lightning-cable-1851216230", "source": "https://gizmodo.com/rss", "page_rating_contents": 0, "dead": false, "language": "en", "comments": [], "artist": null, "date_published": "2024-02-01T16:35:00+00:00", "page_rating": 0, "tags": [], "page_rating_visits": 0}]