[{"vote": 0, "age": null, "description": "She created scenarios with myriad paths for Dungeons & Dragons, levels for video games like Quake II, and art that invited novices to try role-playing games.", "permanent": false, "user": null, "page_rating_votes": 0, "album": "", "source_obj__id": 433, "bookmarked": false, "thumbnail": null, "title": "Jennell Jaquays, Who Unlocked Fantasy Dungeons for Gamers, Dies at 67", "link": "https://www.nytimes.com/2024/02/01/arts/jennell-jaquays-dead.html", "source": "https://rss.nytimes.com/services/xml/rss/nyt/HomePage.xml", "page_rating_contents": 0, "dead": false, "language": "en-us", "comments": [], "artist": null, "date_published": "2024-02-01T22:48:38+00:00", "page_rating": 0, "tags": [], "page_rating_visits": 0}, {"vote": 0, "age": null, "description": "The woman, Victoria Jacobs, provided support to a military contractor that has been called \u201cthe Blackwater of jihad.\u201d", "permanent": false, "user": null, "page_rating_votes": 0, "album": "", "source_obj__id": 433, "bookmarked": false, "thumbnail": "https://static01.nyt.com/images/2024/02/01/multimedia/01terror-verdict-whjg/01terror-verdict-whjg-mediumSquareAt3X.jpg", "title": "New York Woman Convicted of Using Crypto to Fund Terror Groups in Syria", "link": "https://www.nytimes.com/2024/02/01/nyregion/nyc-crypto-syria-terrorism.html", "source": "https://rss.nytimes.com/services/xml/rss/nyt/HomePage.xml", "page_rating_contents": 0, "dead": false, "language": "en-us", "comments": [], "artist": null, "date_published": "2024-02-01T22:44:17+00:00", "page_rating": 0, "tags": [], "page_rating_visits": 0}, {"vote": 0, "age": null, "description": "For any Democrat thinking about skipping Saturday\u2019s primary and participating instead in the Republican contest three weeks later, the message is very clear: Don\u2019t.", "permanent": false, "user": null, "page_rating_votes": 0, "album": "", "source_obj__id": 433, "bookmarked": false, "thumbnail": "https://static01.nyt.com/images/2024/02/01/multimedia/01pol-haley-democrats-topart-cftv/01pol-haley-democrats-topart-cftv-mediumSquareAt3X.jpg", "title": "Democrats Warn Their Voters Against Backing Haley in South Carolina", "link": "https://www.nytimes.com/2024/02/01/us/politics/haley-democrats-south-carolina.html", "source": "https://rss.nytimes.com/services/xml/rss/nyt/HomePage.xml", "page_rating_contents": 0, "dead": false, "language": "en-us", "comments": [], "artist": null, "date_published": "2024-02-01T22:25:44+00:00", "page_rating": 0, "tags": [], "page_rating_visits": 0}, {"vote": 0, "age": null, "description": "Just because teenagers don\u2019t call one another sluts anymore doesn\u2019t mean they\u2019re not just as good at being nasty to one another.", "permanent": false, "user": null, "page_rating_votes": 0, "album": "", "source_obj__id": 433, "bookmarked": false, "thumbnail": "https://static01.nyt.com/images/2024/02/01/multimedia/01bennett-vkbj/01bennett-vkbj-mediumSquareAt3X-v2.jpg", "title": "The \u2018Mean Girls\u2019 Movie Is Nicer. Teens Are Not.", "link": "https://www.nytimes.com/2024/02/01/opinion/mean-girls-movie-bullying.html", "source": "https://rss.nytimes.com/services/xml/rss/nyt/HomePage.xml", "page_rating_contents": 0, "dead": false, "language": "en-us", "comments": [], "artist": null, "date_published": "2024-02-01T21:54:26+00:00", "page_rating": 0, "tags": [], "page_rating_visits": 0}, {"vote": 0, "age": null, "description": "Should Trump be removed from the ballot for his role in the Capitol attack? Justices will hear arguments next week.", "permanent": false, "user": null, "page_rating_votes": 0, "album": "", "source_obj__id": 433, "bookmarked": false, "thumbnail": "https://static01.nyt.com/images/2024/02/01/multimedia/01trump-on-trial-nl-top-zkqw/01trump-on-trial-nl-top-zkqw-mediumSquareAt3X.jpg", "title": "Supreme Court to Mull Trump Ballot Questions", "link": "https://www.nytimes.com/2024/02/01/us/politics/trump-trials-supreme-court-colorado.html", "source": "https://rss.nytimes.com/services/xml/rss/nyt/HomePage.xml", "page_rating_contents": 0, "dead": false, "language": "en-us", "comments": [], "artist": null, "date_published": "2024-02-01T21:32:14+00:00", "page_rating": 0, "tags": [], "page_rating_visits": 0}, {"vote": 0, "age": null, "description": "Republicans have scuttled efforts to rewrite immigration laws repeatedly over the past two decades, despite powerful bipartisan coalitions behind the efforts.", "permanent": false, "user": null, "page_rating_votes": 0, "album": "", "source_obj__id": 433, "bookmarked": false, "thumbnail": "https://static01.nyt.com/images/2024/02/01/multimedia/01DC-HULSE-01-ckhv/01DC-HULSE-01-ckhv-mediumSquareAt3X.jpg", "title": "History of Failure on Border Policy Hangs Over Current Push in Congress", "link": "https://www.nytimes.com/2024/02/01/us/congress-border-immigration-history.html", "source": "https://rss.nytimes.com/services/xml/rss/nyt/HomePage.xml", "page_rating_contents": 0, "dead": false, "language": "en-us", "comments": [], "artist": null, "date_published": "2024-02-01T21:27:56+00:00", "page_rating": 0, "tags": [], "page_rating_visits": 0}, {"vote": 0, "age": null, "description": "Both doctors worked for NYU Langone in New York. In a legal filing on Thursday, one doctor said the decision not to rehire him was unfair after his colleague appeared to get his job back.", "permanent": false, "user": null, "page_rating_votes": 0, "album": "", "source_obj__id": 433, "bookmarked": false, "thumbnail": "https://static01.nyt.com/images/2024/01/31/multimedia/nyu-firings-jvcm/nyu-firings-jvcm-mediumSquareAt3X.jpg", "title": "NYU Removed 2 Doctors Over Israel-Hamas Posts. Then Their Fates Diverged.", "link": "https://www.nytimes.com/2024/02/01/nyregion/nyu-langone-israel-firing.html", "source": "https://rss.nytimes.com/services/xml/rss/nyt/HomePage.xml", "page_rating_contents": 0, "dead": false, "language": "en-us", "comments": [], "artist": null, "date_published": "2024-02-01T21:24:30+00:00", "page_rating": 0, "tags": [], "page_rating_visits": 0}, {"vote": 0, "age": null, "description": "President Biden has begun to accuse stores of overcharging shoppers, as food costs remain a burden for consumers and a political problem for the president.", "permanent": false, "user": null, "page_rating_votes": 0, "album": "", "source_obj__id": 433, "bookmarked": false, "thumbnail": "https://static01.nyt.com/images/2024/02/01/multimedia/01dc-biden-prices-bjtz/01dc-biden-prices-bjtz-mediumSquareAt3X.jpg", "title": "Biden Takes Aim at Grocery Chains Over Food Prices", "link": "https://www.nytimes.com/2024/02/01/us/politics/biden-food-prices.html", "source": "https://rss.nytimes.com/services/xml/rss/nyt/HomePage.xml", "page_rating_contents": 0, "dead": false, "language": "en-us", "comments": [], "artist": null, "date_published": "2024-02-01T20:51:00+00:00", "page_rating": 0, "tags": [], "page_rating_visits": 0}, {"vote": 0, "age": null, "description": "This week\u2019s atmospheric rivers may only be the beginning.", "permanent": false, "user": null, "page_rating_votes": 0, "album": "", "source_obj__id": 433, "bookmarked": false, "thumbnail": "https://static01.nyt.com/images/2024/02/02/multimedia/02nat-storm-misinfo-print-01/02nat-storm-misinfo-print-01-wvhk-mediumSquareAt3X.jpg", "title": "Coastal Cities Brace for Climate Change", "link": "https://www.nytimes.com/2024/02/01/climate/coastal-cities-brace-for-climate-change.html", "source": "https://rss.nytimes.com/services/xml/rss/nyt/HomePage.xml", "page_rating_contents": 0, "dead": false, "language": "en-us", "comments": [], "artist": null, "date_published": "2024-02-01T20:35:15+00:00", "page_rating": 0, "tags": [], "page_rating_visits": 0}, {"vote": 0, "age": null, "description": "Allen H. Weisselberg would admit to lying on the stand during the former president\u2019s civil fraud trial, according to people familiar with the talks.", "permanent": false, "user": null, "page_rating_votes": 0, "album": "", "source_obj__id": 433, "bookmarked": false, "thumbnail": "https://static01.nyt.com/images/2024/02/01/multimedia/01weisselberg-01-bwjc/01weisselberg-01-bwjc-mediumSquareAt3X.jpg", "title": "Trump\u2019s Former CFO, Allen Weisselberg, in Negotiations Over Perjury Plea", "link": "https://www.nytimes.com/2024/02/01/nyregion/weisselberg-perjury-trump-fraud.html", "source": "https://rss.nytimes.com/services/xml/rss/nyt/HomePage.xml", "page_rating_contents": 0, "dead": false, "language": "en-us", "comments": [], "artist": null, "date_published": "2024-02-01T20:26:40+00:00", "page_rating": 0, "tags": [], "page_rating_visits": 0}, {"vote": 0, "age": null, "description": "In its battles against the education establishment, conservatives are now targeting diversity, equity and inclusion programs, saying they are \u201cdoing more to divide us than to bring us together.\u201d", "permanent": false, "user": null, "page_rating_votes": 0, "album": "", "source_obj__id": 433, "bookmarked": false, "thumbnail": "https://static01.nyt.com/images/2024/02/02/multimedia/31nat-dei-czmp/31nat-dei-czmp-mediumSquareAt3X.jpg", "title": "Utah Bans D.E.I. Programs, Joining Other States", "link": "https://www.nytimes.com/2024/02/01/us/states-anti-dei-laws-utah.html", "source": "https://rss.nytimes.com/services/xml/rss/nyt/HomePage.xml", "page_rating_contents": 0, "dead": false, "language": "en-us", "comments": [], "artist": null, "date_published": "2024-02-01T19:42:38+00:00", "page_rating": 0, "tags": [], "page_rating_visits": 0}, {"vote": 0, "age": null, "description": "The call from two main farmers\u2019 unions came after President Emmanuel Macron\u2019s government announced new financial aid and plans to loosen regulations to end the nationwide protests.", "permanent": false, "user": null, "page_rating_votes": 0, "album": "", "source_obj__id": 433, "bookmarked": false, "thumbnail": "https://static01.nyt.com/images/2024/02/01/multimedia/01france-farmers--gktz/01france-farmers--gktz-mediumSquareAt3X.jpg", "title": "French Farmers Are Urged by Unions to End Roadblocks", "link": "https://www.nytimes.com/2024/02/01/world/europe/france-farmers-protest-macron.html", "source": "https://rss.nytimes.com/services/xml/rss/nyt/HomePage.xml", "page_rating_contents": 0, "dead": false, "language": "en-us", "comments": [], "artist": null, "date_published": "2024-02-01T19:39:42+00:00", "page_rating": 0, "tags": [], "page_rating_visits": 0}, {"vote": 0, "age": null, "description": "After Iran-aligned militants killed three American soldiers, Iran\u2019s leaders sensed a line was crossed, and are sending more conciliatory signals while awaiting President Biden\u2019s promised response.", "permanent": false, "user": null, "page_rating_votes": 0, "album": "", "source_obj__id": 433, "bookmarked": false, "thumbnail": "https://static01.nyt.com/images/2024/02/01/multimedia/01iran-mideast-gtcz/01iran-mideast-gtcz-mediumSquareAt3X.jpg", "title": "Iran Tries to Avoid War With U.S. After Stoking Mideast Conflicts", "link": "https://www.nytimes.com/2024/02/01/world/middleeast/iran-us-war.html", "source": "https://rss.nytimes.com/services/xml/rss/nyt/HomePage.xml", "page_rating_contents": 0, "dead": false, "language": "en-us", "comments": [], "artist": null, "date_published": "2024-02-01T19:35:38+00:00", "page_rating": 0, "tags": [], "page_rating_visits": 0}, {"vote": 0, "age": null, "description": "The Port Authority unveiled a revised design for a replacement of the much-reviled transit hub, which opened in 1950.", "permanent": false, "user": null, "page_rating_votes": 0, "album": "", "source_obj__id": 433, "bookmarked": false, "thumbnail": "https://static01.nyt.com/images/2024/02/01/multimedia/01port-authority-02-vjgq/01port-authority-02-vjgq-mediumSquareAt3X.jpg", "title": "A Look at the $10 Billion Design for a New Port Authority Bus Terminal", "link": "https://www.nytimes.com/2024/02/01/nyregion/port-authority-bus-terminal-replacement.html", "source": "https://rss.nytimes.com/services/xml/rss/nyt/HomePage.xml", "page_rating_contents": 0, "dead": false, "language": "en-us", "comments": [], "artist": null, "date_published": "2024-02-01T19:27:43+00:00", "page_rating": 0, "tags": [], "page_rating_visits": 0}, {"vote": 0, "age": null, "description": "\u201cI did not handle this right,\u201d Lloyd J. Austin III said after being widely criticized for failing to immediately disclose his absence to the White House.", "permanent": false, "user": null, "page_rating_votes": 0, "album": "", "source_obj__id": 433, "bookmarked": false, "thumbnail": "https://static01.nyt.com/images/2024/02/01/multimedia/01dc-austin-btkg/01dc-austin-btkg-mediumSquareAt3X.jpg", "title": "Defense Secretary Tries to Explain Why He Kept His Illness Secret", "link": "https://www.nytimes.com/2024/02/01/us/politics/defense-secretary-austin-cancer.html", "source": "https://rss.nytimes.com/services/xml/rss/nyt/HomePage.xml", "page_rating_contents": 0, "dead": false, "language": "en-us", "comments": [], "artist": null, "date_published": "2024-02-01T17:38:10+00:00", "page_rating": 0, "tags": [], "page_rating_visits": 0}, {"vote": 0, "age": null, "description": "Mayor Eric Adams unveiled a prototype of a new side-loading garbage truck that will be used to lift large trash containers in an effort to get bags off the streets.", "permanent": false, "user": null, "page_rating_votes": 0, "album": "", "source_obj__id": 433, "bookmarked": false, "thumbnail": "https://static01.nyt.com/images/2024/02/01/multimedia/01ny-garbage-truck-ptjf/01ny-garbage-truck-ptjf-mediumSquareAt3X.jpg", "title": "Look, No Hands: Meet New York City\u2019s Garbage Truck of the Future", "link": "https://www.nytimes.com/2024/02/01/nyregion/new-garbage-truck-sanitation-nyc.html", "source": "https://rss.nytimes.com/services/xml/rss/nyt/HomePage.xml", "page_rating_contents": 0, "dead": false, "language": "en-us", "comments": [], "artist": null, "date_published": "2024-02-01T17:23:19+00:00", "page_rating": 0, "tags": [], "page_rating_visits": 0}, {"vote": 0, "age": null, "description": "Some ambitious entrepreneurs in New York City are experimenting with diversified business models to connect with shoppers and bring in more money.", "permanent": false, "user": null, "page_rating_votes": 0, "album": "", "source_obj__id": 433, "bookmarked": false, "thumbnail": "https://static01.nyt.com/images/2024/01/29/multimedia/00small-retailers-czwv/00small-retailers-czwv-mediumSquareAt3X-v2.jpg", "title": "Squeezed by Soaring Rent, Small Shops Get Creative", "link": "https://www.nytimes.com/2024/02/01/business/retail-entrepreneurship-new-york.html", "source": "https://rss.nytimes.com/services/xml/rss/nyt/HomePage.xml", "page_rating_contents": 0, "dead": false, "language": "en-us", "comments": [], "artist": null, "date_published": "2024-02-01T17:20:31+00:00", "page_rating": 0, "tags": [], "page_rating_visits": 0}, {"vote": 0, "age": null, "description": "Nothing says MAGA like a peacock who parrots you.", "permanent": false, "user": null, "page_rating_votes": 0, "album": "", "source_obj__id": 433, "bookmarked": false, "thumbnail": null, "title": "Trump\u2019s Running Mate? It\u2019s Gotta Be Vivek Ramaswamy.", "link": "https://www.nytimes.com/2024/02/01/opinion/trump-vivek-ramaswamy-vice-president.html", "source": "https://rss.nytimes.com/services/xml/rss/nyt/HomePage.xml", "page_rating_contents": 0, "dead": false, "language": "en-us", "comments": [], "artist": null, "date_published": "2024-02-01T17:00:16+00:00", "page_rating": 0, "tags": [], "page_rating_visits": 0}, {"vote": 0, "age": null, "description": "Ahead of the final season of \u201cCurb Your Enthusiasm,\u201d the comic looked back at playing Susie Greene, a character whose voice was as loud as her outfits.", "permanent": false, "user": null, "page_rating_votes": 0, "album": "", "source_obj__id": 433, "bookmarked": false, "thumbnail": "https://static01.nyt.com/images/2024/02/11/multimedia/11curb-essman-03-zhcm/11curb-essman-03-zhcm-mediumSquareAt3X.jpg", "title": "Susie Essman Says Goodbye to \u2018Curb Your Enthusiasm\u2019", "link": "https://www.nytimes.com/2024/02/01/arts/television/susie-essman-curb-your-enthusiasm.html", "source": "https://rss.nytimes.com/services/xml/rss/nyt/HomePage.xml", "page_rating_contents": 0, "dead": false, "language": "en-us", "comments": [], "artist": null, "date_published": "2024-02-01T16:23:09+00:00", "page_rating": 0, "tags": [], "page_rating_visits": 0}, {"vote": 0, "age": null, "description": "For decades, the author of \u201cIn the Night Kitchen\u201d and \u201cThe Nutshell Library\u201d fortified himself with art and words.", "permanent": false, "user": null, "page_rating_votes": 0, "album": "", "source_obj__id": 433, "bookmarked": false, "thumbnail": "https://static01.nyt.com/images/2024/02/01/multimedia/01SENDAK-01-cmpv/01SENDAK-01-cmpv-mediumSquareAt3X.jpg", "title": "How Maurice Sendak Lived With His Own Wild Things", "link": "https://www.nytimes.com/2024/02/01/books/ten-little-rabbits-maurice-sendak.html", "source": "https://rss.nytimes.com/services/xml/rss/nyt/HomePage.xml", "page_rating_contents": 0, "dead": false, "language": "en-us", "comments": [], "artist": null, "date_published": "2024-02-01T15:24:09+00:00", "page_rating": 0, "tags": [], "page_rating_visits": 0}, {"vote": 0, "age": null, "description": "The music giant, home to stars like Taylor Swift and Drake, had threatened to withdraw licenses for its tracks to the social media juggernaut if they failed to come to a new agreement.", "permanent": false, "user": null, "page_rating_votes": 0, "album": "", "source_obj__id": 433, "bookmarked": false, "thumbnail": "https://static01.nyt.com/images/2024/02/01/multimedia/01tiktok-universal-wgmb/01tiktok-universal-wgmb-mediumSquareAt3X.jpg", "title": "Universal Music Group Pulls Songs From TikTok", "link": "https://www.nytimes.com/2024/02/01/arts/music/universal-group-tiktok-music.html", "source": "https://rss.nytimes.com/services/xml/rss/nyt/HomePage.xml", "page_rating_contents": 0, "dead": false, "language": "en-us", "comments": [], "artist": null, "date_published": "2024-02-01T14:12:55+00:00", "page_rating": 0, "tags": [], "page_rating_visits": 0}, {"vote": 0, "age": null, "description": "After a nearly two-year ban, a legal ruling brought bullfights back to La Plaza M\u00e9xico in Mexico City. But the fight continues after a federal judge again stopped the events.", "permanent": false, "user": null, "page_rating_votes": 0, "album": "", "source_obj__id": 433, "bookmarked": false, "thumbnail": "https://static01.nyt.com/images/2024/01/29/world/00mexico-bullfighting-topvideo/00mexico-bullfighting-topvideo-mediumSquareAt3X.jpg", "title": "Bullfighting Returns to Mexico City. A Fight Over Its Future Goes On.", "link": "https://www.nytimes.com/2024/02/01/world/americas/bullfighting-mexico.html", "source": "https://rss.nytimes.com/services/xml/rss/nyt/HomePage.xml", "page_rating_contents": 0, "dead": false, "language": "en-us", "comments": [], "artist": null, "date_published": "2024-02-01T14:00:10+00:00", "page_rating": 0, "tags": [], "page_rating_visits": 0}, {"vote": 0, "age": null, "description": "The Hungarian leader, Viktor Orban, had been the sole holdout to the 50-billion-euro plan aimed at keeping Ukraine\u2019s economy afloat during the war with Russia.", "permanent": false, "user": null, "page_rating_votes": 0, "album": "", "source_obj__id": 433, "bookmarked": false, "thumbnail": "https://static01.nyt.com/images/2024/02/01/multimedia/01eu-hungary-sub-01-vwgh/01eu-hungary-sub-01-vwgh-mediumSquareAt3X.jpg", "title": "EU Agrees to $54 Billion Fund for Ukraine", "link": "https://www.nytimes.com/2024/02/01/world/europe/eu-hungary-ukraine-fund.html", "source": "https://rss.nytimes.com/services/xml/rss/nyt/HomePage.xml", "page_rating_contents": 0, "dead": false, "language": "en-us", "comments": [], "artist": null, "date_published": "2024-02-01T13:51:48+00:00", "page_rating": 0, "tags": [], "page_rating_visits": 0}, {"vote": 0, "age": null, "description": "Tech leaders faced a grilling in the Senate, and one offered an apology. But skeptics fear little will change this time.", "permanent": false, "user": null, "page_rating_votes": 0, "album": "", "source_obj__id": 433, "bookmarked": false, "thumbnail": "https://static01.nyt.com/images/2024/02/01/multimedia/01db-newsletter-techceos-qjpv/01db-newsletter-techceos-qjpv-mediumSquareAt3X.jpg", "title": "Tech CEOs Got Grilled, but New Rules Are Still a Question", "link": "https://www.nytimes.com/2024/02/01/business/dealbook/big-tech-child-safety-senate.html", "source": "https://rss.nytimes.com/services/xml/rss/nyt/HomePage.xml", "page_rating_contents": 0, "dead": false, "language": "en-us", "comments": [], "artist": null, "date_published": "2024-02-01T13:31:53+00:00", "page_rating": 0, "tags": [], "page_rating_visits": 0}, {"vote": 0, "age": null, "description": "A Japanese macaque escaped from a wildlife park on Sunday. After five days of \u201cliving his best life,\u201d he was back home on Thursday.", "permanent": false, "user": null, "page_rating_votes": 0, "album": "", "source_obj__id": 433, "bookmarked": false, "thumbnail": null, "title": "Monkey Who Escaped in Scotland is Captured", "link": "https://www.nytimes.com/2024/02/01/world/europe/escaped-scottish-monkey-captured.html", "source": "https://rss.nytimes.com/services/xml/rss/nyt/HomePage.xml", "page_rating_contents": 0, "dead": false, "language": "en-us", "comments": [], "artist": null, "date_published": "2024-02-01T12:41:37+00:00", "page_rating": 0, "tags": [], "page_rating_visits": 0}, {"vote": 0, "age": null, "description": "To end the war in Gaza and free the remaining Israeli hostages, Prime Minister Benjamin Netanyahu may have to cut deals that analysts say could end his government \u2014 and potentially his career.", "permanent": false, "user": null, "page_rating_votes": 0, "album": "", "source_obj__id": 433, "bookmarked": false, "thumbnail": "https://static01.nyt.com/images/2024/02/01/multimedia/01Israel-Netanyahu-03-jbgp/01Israel-Netanyahu-03-jbgp-mediumSquareAt3X.jpg", "title": "Netanyahu\u2019s Bind: Compromise in Gaza or Power at Home", "link": "https://www.nytimes.com/2024/02/01/world/middleeast/netanyahu-israel-gaza-politics-war.html", "source": "https://rss.nytimes.com/services/xml/rss/nyt/HomePage.xml", "page_rating_contents": 0, "dead": false, "language": "en-us", "comments": [], "artist": null, "date_published": "2024-02-01T12:25:19+00:00", "page_rating": 0, "tags": [], "page_rating_visits": 0}, {"vote": 0, "age": null, "description": "Mexico\u2019s recent efforts offer a reminder: Stricter enforcement of immigration laws really does tend to reduce migration flows.", "permanent": false, "user": null, "page_rating_votes": 0, "album": "", "source_obj__id": 433, "bookmarked": false, "thumbnail": "https://static01.nyt.com/images/2024/02/01/multimedia/01themorning-lead-fwbt-promo/01themorning-lead-fwbt-mediumSquareAt3X-v3.jpg", "title": "Mexico\u2019s Immigration Crackdown", "link": "https://www.nytimes.com/2024/02/01/briefing/immigration.html", "source": "https://rss.nytimes.com/services/xml/rss/nyt/HomePage.xml", "page_rating_contents": 0, "dead": false, "language": "en-us", "comments": [], "artist": null, "date_published": "2024-02-01T11:57:33+00:00", "page_rating": 0, "tags": [], "page_rating_visits": 0}, {"vote": 0, "age": null, "description": "Plus, what the Fed decision means.", "permanent": false, "user": null, "page_rating_votes": 0, "album": "", "source_obj__id": 433, "bookmarked": false, "thumbnail": "https://static01.nyt.com/images/2024/02/01/world/01theheadlines-hungaryaid/01theheadlines-hungaryaid-mediumSquareAt3X.jpg", "title": "E.U. Reaches Ukraine Aid Deal, and Zuckerberg Apologizes", "link": "https://www.nytimes.com/2024/02/01/podcasts/hungary-ukraine-funding-facebook.html", "source": "https://rss.nytimes.com/services/xml/rss/nyt/HomePage.xml", "page_rating_contents": 0, "dead": false, "language": "en-us", "comments": [], "artist": null, "date_published": "2024-02-01T11:01:20+00:00", "page_rating": 0, "tags": [], "page_rating_visits": 0}, {"vote": 0, "age": null, "description": "A bipartisan deal appeared to be coming together on migration. Now it\u2019s falling apart.", "permanent": false, "user": null, "page_rating_votes": 0, "album": "", "source_obj__id": 433, "bookmarked": false, "thumbnail": "https://static01.nyt.com/images/2024/02/01/multimedia/01daily-immigration-qclk/01daily-immigration-qclk-mediumSquareAt3X.jpg", "title": "Secure the Border, Say Republicans. So Why Are They Killing a Plan to Do That?", "link": "https://www.nytimes.com/2024/02/01/podcasts/the-daily/republican-border.html", "source": "https://rss.nytimes.com/services/xml/rss/nyt/HomePage.xml", "page_rating_contents": 0, "dead": false, "language": "en-us", "comments": [], "artist": null, "date_published": "2024-02-01T11:00:09+00:00", "page_rating": 0, "tags": [], "page_rating_visits": 0}, {"vote": 0, "age": null, "description": "All of a sudden, the world is full of wide-leg jeans and pointy-toe boots. Stylists offer tips for how to wear it all.", "permanent": false, "user": null, "page_rating_votes": 0, "album": "", "source_obj__id": 433, "bookmarked": false, "thumbnail": "https://static01.nyt.com/images/2024/01/23/multimedia/00xp-millennialstyle-04-fqlw/00xp-millennialstyle-04-fqlw-mediumSquareAt3X.jpg", "title": "Millennials Don\u2019t Know What to Wear. Gen Z Has Thoughts.", "link": "https://www.nytimes.com/2024/02/01/style/millennial-style-gen-z-trends.html", "source": "https://rss.nytimes.com/services/xml/rss/nyt/HomePage.xml", "page_rating_contents": 0, "dead": false, "language": "en-us", "comments": [], "artist": null, "date_published": "2024-02-01T10:40:21+00:00", "page_rating": 0, "tags": [], "page_rating_visits": 0}, {"vote": 0, "age": null, "description": "The Kremlin is sending a chilly message to antiwar Russians abroad: A new law will allow their property back home to be seized, and other countries are being pressured to crack down on them.", "permanent": false, "user": null, "page_rating_votes": 0, "album": "", "source_obj__id": 433, "bookmarked": false, "thumbnail": "https://static01.nyt.com/images/2024/02/01/multimedia/01russia-exiles-01-kmpt/01russia-exiles-01-kmpt-mediumSquareAt3X.jpg", "title": "Russia\u2019s New Threats to Exiles: Seized Assets and Forced Returns", "link": "https://www.nytimes.com/2024/02/01/world/europe/russia-antiwar-exiles.html", "source": "https://rss.nytimes.com/services/xml/rss/nyt/HomePage.xml", "page_rating_contents": 0, "dead": false, "language": "en-us", "comments": [], "artist": null, "date_published": "2024-02-01T10:09:12+00:00", "page_rating": 0, "tags": [], "page_rating_visits": 0}, {"vote": 0, "age": null, "description": "The offers amount to a starting gun in the price talks between the federal government and the makers of 10 prescription drugs that have been selected for negotiations.", "permanent": false, "user": null, "page_rating_votes": 0, "album": "", "source_obj__id": 433, "bookmarked": false, "thumbnail": "https://static01.nyt.com/images/2024/02/01/multimedia/01dc-medicare-drugs-qfzl/01dc-medicare-drugs-qfzl-mediumSquareAt3X.jpg", "title": "U.S. Makes Initial Offers in Medicare Drug Price Negotiations", "link": "https://www.nytimes.com/2024/02/01/us/politics/medicare-drug-price-negotiations.html", "source": "https://rss.nytimes.com/services/xml/rss/nyt/HomePage.xml", "page_rating_contents": 0, "dead": false, "language": "en-us", "comments": [], "artist": null, "date_published": "2024-02-01T10:03:45+00:00", "page_rating": 0, "tags": [], "page_rating_visits": 0}, {"vote": 0, "age": null, "description": "Nikki Haley has run a lean operation, President Biden has a financial edge on Donald Trump, and Ron DeSantis spent $160 million before bowing out.", "permanent": false, "user": null, "page_rating_votes": 0, "album": "", "source_obj__id": 433, "bookmarked": false, "thumbnail": "https://static01.nyt.com/images/2024/02/01/multimedia/01pol-money-takeaways-1-ztcm/01pol-money-takeaways-1-ztcm-mediumSquareAt3X.jpg", "title": "Haley, Biden, Trump: 5 Takeaways From Campaign Finance Filings", "link": "https://www.nytimes.com/2024/02/01/us/campaign-finance-2024-takeaways.html", "source": "https://rss.nytimes.com/services/xml/rss/nyt/HomePage.xml", "page_rating_contents": 0, "dead": false, "language": "en-us", "comments": [], "artist": null, "date_published": "2024-02-01T10:03:43+00:00", "page_rating": 0, "tags": [], "page_rating_visits": 0}, {"vote": 0, "age": null, "description": "Meteorologists and climate scientists are increasingly having to combat misinformation cycles on social media.", "permanent": false, "user": null, "page_rating_votes": 0, "album": "", "source_obj__id": 433, "bookmarked": false, "thumbnail": "https://static01.nyt.com/images/2024/02/01/multimedia/01nat-storm-misinfo-01-cmpw/01nat-storm-misinfo-01-cmpw-mediumSquareAt3X.jpg", "title": "When the Storm Online Is Worse Than the One Outside", "link": "https://www.nytimes.com/2024/02/01/us/storm-misinformation-viral-social.html", "source": "https://rss.nytimes.com/services/xml/rss/nyt/HomePage.xml", "page_rating_contents": 0, "dead": false, "language": "en-us", "comments": [], "artist": null, "date_published": "2024-02-01T10:03:29+00:00", "page_rating": 0, "tags": [], "page_rating_visits": 0}, {"vote": 0, "age": null, "description": "Jennifer Crumbley\u2019s teenage son killed classmates with a gun she gave him. But she should not be tried for homicide.", "permanent": false, "user": null, "page_rating_votes": 0, "album": "", "source_obj__id": 433, "bookmarked": false, "thumbnail": "https://static01.nyt.com/images/2024/02/01/opinion/01stack-image/01stack-image-mediumSquareAt3X.jpg", "title": "How Can Jennifer Crumbley Be Guilty of Her Son\u2019s Rampage?", "link": "https://www.nytimes.com/2024/02/01/opinion/mother-homicide-court-crumbley.html", "source": "https://rss.nytimes.com/services/xml/rss/nyt/HomePage.xml", "page_rating_contents": 0, "dead": false, "language": "en-us", "comments": [], "artist": null, "date_published": "2024-02-01T10:03:27+00:00", "page_rating": 0, "tags": [], "page_rating_visits": 0}, {"vote": 0, "age": null, "description": "There are contrasting accounts of the first U.S. execution by nitrogen gas, but most witnesses agreed on one thing: It did not go as Alabama had promised.", "permanent": false, "user": null, "page_rating_votes": 0, "album": "", "source_obj__id": 433, "bookmarked": false, "thumbnail": "https://static01.nyt.com/images/2024/02/01/multimedia/01nat-execution-witnesses-01-pbvw/01nat-execution-witnesses-01-pbvw-mediumSquareAt3X.jpg", "title": "A Select Few Witnessed Alabama\u2019s Nitrogen Execution. This Is What They Saw.", "link": "https://www.nytimes.com/2024/02/01/us/alabama-nitrogen-execution-kenneth-smith-witnesses.html", "source": "https://rss.nytimes.com/services/xml/rss/nyt/HomePage.xml", "page_rating_contents": 0, "dead": false, "language": "en-us", "comments": [], "artist": null, "date_published": "2024-02-01T10:02:47+00:00", "page_rating": 0, "tags": [], "page_rating_visits": 0}, {"vote": 0, "age": null, "description": "For some companies, the new technology is an opportunity to enhance productivity and profit. Will their workers benefit as well?", "permanent": false, "user": null, "page_rating_votes": 0, "album": "", "source_obj__id": 433, "bookmarked": false, "thumbnail": "https://static01.nyt.com/images/2024/02/01/multimedia/01AI-impact-02-jckf/01AI-impact-02-jckf-mediumSquareAt3X.jpg", "title": "Generative A.I.\u2019s Biggest Impact Will Be in Banking and Tech, Report Says", "link": "https://www.nytimes.com/2024/02/01/business/ai-impact-jobs.html", "source": "https://rss.nytimes.com/services/xml/rss/nyt/HomePage.xml", "page_rating_contents": 0, "dead": false, "language": "en-us", "comments": [], "artist": null, "date_published": "2024-02-01T10:02:36+00:00", "page_rating": 0, "tags": [], "page_rating_visits": 0}, {"vote": 0, "age": null, "description": "An incumbent president focused on re-election in November versus a growing group of protesters, who couldn\u2019t care less about the contest.", "permanent": false, "user": null, "page_rating_votes": 0, "album": "", "source_obj__id": 433, "bookmarked": false, "thumbnail": "https://static01.nyt.com/images/2024/02/01/multimedia/01audio-run-up-biden-photo-hwzj/01audio-run-up-biden-photo-hwzj-mediumSquareAt3X-v2.png", "title": "Will Joe Biden\u2019s Gaza Problem Drown Out His 2024 Bid?: The Run-Up", "link": "https://www.nytimes.com/2024/02/01/podcasts/biden-israel-war-approval.html", "source": "https://rss.nytimes.com/services/xml/rss/nyt/HomePage.xml", "page_rating_contents": 0, "dead": false, "language": "en-us", "comments": [], "artist": null, "date_published": "2024-02-01T10:02:27+00:00", "page_rating": 0, "tags": [], "page_rating_visits": 0}, {"vote": 0, "age": null, "description": "The underlying dispute of the latest squabble between the Texas governor and the president is over what U.S. immigration policy should look like.", "permanent": false, "user": null, "page_rating_votes": 0, "album": "", "source_obj__id": 433, "bookmarked": false, "thumbnail": "https://static01.nyt.com/images/2024/01/31/opinion/31vladeck-art/31vladeck-art-mediumSquareAt3X-v2.jpg", "title": "U.S. v. Texas Is a Constitutional Crisis Stress Test, and We Are Failing", "link": "https://www.nytimes.com/2024/02/01/opinion/biden-abbott-border-supreme-court.html", "source": "https://rss.nytimes.com/services/xml/rss/nyt/HomePage.xml", "page_rating_contents": 0, "dead": false, "language": "en-us", "comments": [], "artist": null, "date_published": "2024-02-01T10:02:24+00:00", "page_rating": 0, "tags": [], "page_rating_visits": 0}, {"vote": 0, "age": null, "description": "We can learn from Holocaust survivors how to move forward after Oct. 7.", "permanent": false, "user": null, "page_rating_votes": 0, "album": "", "source_obj__id": 433, "bookmarked": false, "thumbnail": "https://static01.nyt.com/images/2024/02/01/opinion/01atzili/01atzili-mediumSquareAt3X-v3.jpg", "title": "Choosing Rebirth Over Revenge After My Release From Gaza", "link": "https://www.nytimes.com/2024/02/01/opinion/gaza-war-holocaust-shoah.html", "source": "https://rss.nytimes.com/services/xml/rss/nyt/HomePage.xml", "page_rating_contents": 0, "dead": false, "language": "en-us", "comments": [], "artist": null, "date_published": "2024-02-01T10:02:04+00:00", "page_rating": 0, "tags": [], "page_rating_visits": 0}, {"vote": 0, "age": null, "description": "Vague comments about possible future rate cuts were all that central bankers gave the markets. Patience will be difficult at this tricky moment, our columnist says.", "permanent": false, "user": null, "page_rating_votes": 0, "album": "", "source_obj__id": 433, "bookmarked": false, "thumbnail": "https://static01.nyt.com/images/2024/02/04/multimedia/01Strategies-Fed-blgt/01Strategies-Fed-blgt-mediumSquareAt3X.jpg", "title": "The Markets Want Rate Cuts but The Fed Is Taking Its Time", "link": "https://www.nytimes.com/2024/02/01/business/interest-rates-federal-reserve-stocks-bonds.html", "source": "https://rss.nytimes.com/services/xml/rss/nyt/HomePage.xml", "page_rating_contents": 0, "dead": false, "language": "en-us", "comments": [], "artist": null, "date_published": "2024-02-01T10:01:59+00:00", "page_rating": 0, "tags": [], "page_rating_visits": 0}, {"vote": 0, "age": null, "description": "Coleman Hughes wants a colorblind society. In his new book, he recounts how schools emphasized his racial identity \u2014 and other students\u2019 white privilege.", "permanent": false, "user": null, "page_rating_votes": 0, "album": "", "source_obj__id": 433, "bookmarked": false, "thumbnail": "https://static01.nyt.com/images/2024/01/31/multimedia/00nat-colemanhughes-01-gtwq/00nat-colemanhughes-01-gtwq-mediumSquareAt3X.jpg", "title": "The Young Black Conservative Who Grew Up With, and Rejects, D.E.I.", "link": "https://www.nytimes.com/2024/02/01/us/coleman-hughes-black-conservative-colorblind.html", "source": "https://rss.nytimes.com/services/xml/rss/nyt/HomePage.xml", "page_rating_contents": 0, "dead": false, "language": "en-us", "comments": [], "artist": null, "date_published": "2024-02-01T10:01:26+00:00", "page_rating": 0, "tags": [], "page_rating_visits": 0}, {"vote": 0, "age": null, "description": "Even as fewer teens are being prosecuted, the state is not providing enough intervention, rehabilitation and other help.", "permanent": false, "user": null, "page_rating_votes": 0, "album": "", "source_obj__id": 433, "bookmarked": false, "thumbnail": "https://static01.nyt.com/images/2024/01/19/multimedia/00maine-01-hwjg/00maine-01-hwjg-mediumSquareAt3X.jpg", "title": "Maine Juvenile Justice: The State\u2019s Youth Are In Crisis", "link": "https://www.nytimes.com/2024/02/01/us/maine-prison-juvenile-justice.html", "source": "https://rss.nytimes.com/services/xml/rss/nyt/HomePage.xml", "page_rating_contents": 0, "dead": false, "language": "en-us", "comments": [], "artist": null, "date_published": "2024-02-01T10:01:11+00:00", "page_rating": 0, "tags": [], "page_rating_visits": 0}, {"vote": 0, "age": null, "description": "Sarah Hernandez said her school board colleagues discriminated against her by failing to accommodate her disability. She hopes her victory, despite the small payout, leads to change.", "permanent": false, "user": null, "page_rating_votes": 0, "album": "", "source_obj__id": 433, "bookmarked": false, "thumbnail": "https://static01.nyt.com/images/2024/02/01/multimedia/01ct-disability--01-bgkf/01ct-disability--01-bgkf-mediumSquareAt3X.jpg", "title": "An Autistic School Board Member Sued for Discrimination. She Won $10.", "link": "https://www.nytimes.com/2024/02/01/nyregion/autism-discrimination-lawsuit.html", "source": "https://rss.nytimes.com/services/xml/rss/nyt/HomePage.xml", "page_rating_contents": 0, "dead": false, "language": "en-us", "comments": [], "artist": null, "date_published": "2024-02-01T08:00:13+00:00", "page_rating": 0, "tags": [], "page_rating_visits": 0}, {"vote": 0, "age": null, "description": "Mayor Eric Adams\u2019s control of the school system is up for renewal in June, and lawmakers are debating whether to return power to school boards as some other large cities have done.", "permanent": false, "user": null, "page_rating_votes": 0, "album": "", "source_obj__id": 433, "bookmarked": false, "thumbnail": "https://static01.nyt.com/images/2024/01/31/multimedia/31ny-mayoral-control1-jzpb/31ny-mayoral-control1-jzpb-mediumSquareAt3X.jpg", "title": "New York Will Debate Mayoral Control of the NYC Schools This June", "link": "https://www.nytimes.com/2024/02/01/nyregion/mayoral-control-schools-eric-adams.html", "source": "https://rss.nytimes.com/services/xml/rss/nyt/HomePage.xml", "page_rating_contents": 0, "dead": false, "language": "en-us", "comments": [], "artist": null, "date_published": "2024-02-01T08:00:13+00:00", "page_rating": 0, "tags": [], "page_rating_visits": 0}, {"vote": 0, "age": null, "description": "The Florida governor\u2019s well-stocked super PAC and campaign spent a stunning amount on a primary race he departed after just one contest.", "permanent": false, "user": null, "page_rating_votes": 0, "album": "", "source_obj__id": 433, "bookmarked": false, "thumbnail": "https://static01.nyt.com/images/2024/01/31/multimedia/31pol-desantis-money-topart-vcth/31pol-desantis-money-topart-vcth-mediumSquareAt3X.jpg", "title": "How Much Cash Did Ron DeSantis Burn Through Against Trump?", "link": "https://www.nytimes.com/2024/02/01/us/politics/ron-desantis-money-trump.html", "source": "https://rss.nytimes.com/services/xml/rss/nyt/HomePage.xml", "page_rating_contents": 0, "dead": false, "language": "en-us", "comments": [], "artist": null, "date_published": "2024-02-01T07:26:29+00:00", "page_rating": 0, "tags": [], "page_rating_visits": 0}, {"vote": 0, "age": null, "description": "The president\u2019s campaign had about $46 million in cash on hand at the end of the year, compared with $33 million for Mr. Trump.", "permanent": false, "user": null, "page_rating_votes": 0, "album": "", "source_obj__id": 433, "bookmarked": false, "thumbnail": "https://static01.nyt.com/images/2024/01/31/multimedia/31pol-biden-money-topart-ckgw/31pol-biden-money-topart-ckgw-mediumSquareAt3X.jpg", "title": "Biden Is Beating Trump in Money Wars, Though Not Overwhelmingly", "link": "https://www.nytimes.com/2024/02/01/us/politics/biden-fundraising-trump.html", "source": "https://rss.nytimes.com/services/xml/rss/nyt/HomePage.xml", "page_rating_contents": 0, "dead": false, "language": "en-us", "comments": [], "artist": null, "date_published": "2024-02-01T05:43:39+00:00", "page_rating": 0, "tags": [], "page_rating_visits": 0}, {"vote": 0, "age": null, "description": "Hungary and the other members of the European Union have long been at odds, but tensions are higher than ever.", "permanent": false, "user": null, "page_rating_votes": 0, "album": "", "source_obj__id": 433, "bookmarked": false, "thumbnail": "https://static01.nyt.com/images/2024/02/01/multimedia/01eu-hungary-explainer-1-kqwt/01eu-hungary-explainer-1-kqwt-mediumSquareAt3X.jpg", "title": "Hungary Is Blocking E.U. Money for Ukraine. Here\u2019s What You Need to Know.", "link": "https://www.nytimes.com/2024/02/01/world/europe/eu-ukraine-hungary.html", "source": "https://rss.nytimes.com/services/xml/rss/nyt/HomePage.xml", "page_rating_contents": 0, "dead": false, "language": "en-us", "comments": [], "artist": null, "date_published": "2024-02-01T05:01:13+00:00", "page_rating": 0, "tags": [], "page_rating_visits": 0}, {"vote": 0, "age": null, "description": "Don\u2019t be an election spoiler.", "permanent": false, "user": null, "page_rating_votes": 0, "album": "", "source_obj__id": 433, "bookmarked": false, "thumbnail": "https://static01.nyt.com/images/2024/02/01/multimedia/31collins-bvhf/31collins-bvhf-mediumSquareAt3X.jpg", "title": "Running for President Is Not a Hobby", "link": "https://www.nytimes.com/2024/01/31/opinion/biden-phillips-third-party-president-election.html", "source": "https://rss.nytimes.com/services/xml/rss/nyt/HomePage.xml", "page_rating_contents": 0, "dead": false, "language": "en-us", "comments": [], "artist": null, "date_published": "2024-02-01T00:03:34+00:00", "page_rating": 0, "tags": [], "page_rating_visits": 0}, {"vote": 0, "age": null, "description": "The sentencing judge called Ralph Joseph Celentano III\u2019s attack on the police officer amid the Capitol riot a \u201ctruly cowardly and despicable thing to do.\u201d", "permanent": false, "user": null, "page_rating_votes": 0, "album": "", "source_obj__id": 433, "bookmarked": false, "thumbnail": "https://static01.nyt.com/images/2024/01/31/multimedia/31ny-jan6-sentence-01-ktgj/31ny-jan6-sentence-01-ktgj-mediumSquareAt3X.jpg", "title": "Queens Man Who Pushed Officer Over Ledge on Jan. 6 Sentenced to 6 Years", "link": "https://www.nytimes.com/2024/01/31/nyregion/us-capitol-attack-sentence.html", "source": "https://rss.nytimes.com/services/xml/rss/nyt/HomePage.xml", "page_rating_contents": 0, "dead": false, "language": "en-us", "comments": [], "artist": null, "date_published": "2024-02-01T00:03:07+00:00", "page_rating": 0, "tags": [], "page_rating_visits": 0}, {"vote": 0, "age": null, "description": "Periods of backlash take shape after surges of Black progress. We have entered another such period.", "permanent": false, "user": null, "page_rating_votes": 0, "album": "", "source_obj__id": 433, "bookmarked": false, "thumbnail": "https://static01.nyt.com/images/2024/02/01/multimedia/31blow1-hvfq/31blow1-hvfq-mediumSquareAt3X.jpg", "title": "The Dawn of a New Era of Oppression", "link": "https://www.nytimes.com/2024/01/31/opinion/racist-backlash-history.html", "source": "https://rss.nytimes.com/services/xml/rss/nyt/HomePage.xml", "page_rating_contents": 0, "dead": false, "language": "en-us", "comments": [], "artist": null, "date_published": "2024-02-01T00:00:07+00:00", "page_rating": 0, "tags": [], "page_rating_visits": 0}]