[{"vote": 0, "age": null, "description": "<img src=\"https://ithardware.pl/artykuly/min/31413_1.jpg\" />            No\u015bniki danych zapisane fizycznie odchodz\u0105 do lamusa, a szczeg&oacute;lnie jest to zauwa\u017cane w przypadku gier, kt&oacute;re na PC rzadko kiedy s\u0105 wydawane na p\u0142ytach, a najcz\u0119\u015bciej w opakowaniu znajdziemy kod do pobrania tytu\u0142y na dan\u0105...\n            <p>Pe\u0142na wersja strony <a href=\"https://ithardware.pl/aktualnosci/europejscy_wydawcy_rezygnuja_ze_sprzedazy_gier_na_xboxa_w_pudelkach-31413.html\">https://ithardware.pl/aktualnosci/europejscy_wydawcy_rezygnuja_ze_sprzedazy_gier_na_xboxa_w_pudelkach-31413.html</a></p>", "permanent": false, "user": null, "page_rating_votes": 0, "album": "", "source_obj__id": 21, "bookmarked": false, "thumbnail": null, "title": "Europejscy wydawcy rezygnuj\u0105 ze sprzeda\u017cy gier na Xboxa w pude\u0142kach", "link": "https://ithardware.pl/aktualnosci/europejscy_wydawcy_rezygnuja_ze_sprzedazy_gier_na_xboxa_w_pudelkach-31413.html", "source": "https://ithardware.pl/feed", "page_rating_contents": 0, "dead": false, "language": "pl-PL", "comments": [], "artist": null, "date_published": "2024-02-01T21:49:47+00:00", "page_rating": 0, "tags": [], "page_rating_visits": 0}, {"vote": 0, "age": null, "description": "<img src=\"https://ithardware.pl/artykuly/min/31412_1.jpg\" />            PlayStation Portable to konsola, kt&oacute;ra w swoim czasie&nbsp;by\u0142a \u015bwietn\u0105 konsol\u0105 do grania. Sukcesu nie powt&oacute;rzy\u0142a ju\u017c PS Vita, ale to z tego powodu, \u017ce trafi\u0142a w okres popularyzacji&nbsp;smartfon&oacute;w, na kt&oacute;rych mo\u017cna...\n            <p>Pe\u0142na wersja strony <a href=\"https://ithardware.pl/aktualnosci/sony_ma_pracowac_nad_ps_vita_2_konsola_moze_byc_powiazana_z_playstation_6-31412.html\">https://ithardware.pl/aktualnosci/sony_ma_pracowac_nad_ps_vita_2_konsola_moze_byc_powiazana_z_playstation_6-31412.html</a></p>", "permanent": false, "user": null, "page_rating_votes": 0, "album": "", "source_obj__id": 21, "bookmarked": false, "thumbnail": null, "title": "Sony ma pracowa\u0107 nad PS Vita 2. Konsola mo\u017ce by\u0107 powi\u0105zana z PlayStation 6", "link": "https://ithardware.pl/aktualnosci/sony_ma_pracowac_nad_ps_vita_2_konsola_moze_byc_powiazana_z_playstation_6-31412.html", "source": "https://ithardware.pl/feed", "page_rating_contents": 0, "dead": false, "language": "pl-PL", "comments": [], "artist": null, "date_published": "2024-02-01T16:50:00+00:00", "page_rating": 0, "tags": [], "page_rating_visits": 0}, {"vote": 0, "age": null, "description": "<img src=\"https://ithardware.pl/artykuly/min/31411_1.jpg\" />            Remedy Entertainment udost\u0119pni\u0142o aktualizacj\u0119 do gry Alan Wake 2, kt&oacute;ra nie tylko usprawnia dzia\u0142anie produkcji, ale r&oacute;wnie\u017c&nbsp;przynosi istotn\u0105 nowo\u015b\u0107 dla graczy, kt&oacute;rzy nie lubi\u0105 si\u0119 ba\u0107. Tak, teraz jest mniej...\n            <p>Pe\u0142na wersja strony <a href=\"https://ithardware.pl/aktualnosci/alan_wake_2_bedzie_straszyl_mniej_gra_dostala_nowa_aktualizacje-31411.html\">https://ithardware.pl/aktualnosci/alan_wake_2_bedzie_straszyl_mniej_gra_dostala_nowa_aktualizacje-31411.html</a></p>", "permanent": false, "user": null, "page_rating_votes": 0, "album": "", "source_obj__id": 21, "bookmarked": false, "thumbnail": null, "title": "Alan Wake 2 b\u0119dzie straszy\u0142 mniej. Gra dosta\u0142a now\u0105 aktualizacj\u0119", "link": "https://ithardware.pl/aktualnosci/alan_wake_2_bedzie_straszyl_mniej_gra_dostala_nowa_aktualizacje-31411.html", "source": "https://ithardware.pl/feed", "page_rating_contents": 0, "dead": false, "language": "pl-PL", "comments": [], "artist": null, "date_published": "2024-02-01T16:30:00+00:00", "page_rating": 0, "tags": [], "page_rating_visits": 0}, {"vote": 0, "age": null, "description": "<img src=\"https://ithardware.pl/artykuly/min/31410_1.jpg\" />            Dwa miesi\u0105ce po wyborze W\u0119gier&nbsp;jako po\u017c\u0105danej lokalizacji swojego pierwszego w Europie zak\u0142adu produkuj\u0105cego samochody osobowe, firma Build Your Dreams (BYD) sfinalizowa\u0142a przedwst\u0119pn\u0105 umow\u0119 sprzeda\u017cy w\u0119gierskiego gruntu, na...\n            <p>Pe\u0142na wersja strony <a href=\"https://ithardware.pl/aktualnosci/chinczycy_przyspieszaja_byd_oglasza_zakup_ziemi_pod_europejska_fabryke_chinskich_elektrykow-31410.html\">https://ithardware.pl/aktualnosci/chinczycy_przyspieszaja_byd_oglasza_zakup_ziemi_pod_europejska_fabryke_chinskich_elektrykow-31410.html</a></p>", "permanent": false, "user": null, "page_rating_votes": 0, "album": "", "source_obj__id": 21, "bookmarked": false, "thumbnail": null, "title": "Chi\u0144czycy przyspieszaj\u0105. BYD og\u0142asza zakup ziemi pod europejsk\u0105 fabryk\u0119 chi\u0144skich elektryk\u00f3w", "link": "https://ithardware.pl/aktualnosci/chinczycy_przyspieszaja_byd_oglasza_zakup_ziemi_pod_europejska_fabryke_chinskich_elektrykow-31410.html", "source": "https://ithardware.pl/feed", "page_rating_contents": 0, "dead": false, "language": "pl-PL", "comments": [], "artist": null, "date_published": "2024-02-01T15:09:40+00:00", "page_rating": 0, "tags": [], "page_rating_visits": 0}, {"vote": 0, "age": null, "description": "<img src=\"https://ithardware.pl/artykuly/min/31409_1.jpg\" />            Do przedsprzeda\u017cy trafi\u0142 monitor LG&nbsp;UltraGear 27GS95QE, kt&oacute;rego wyposa\u017cono w wy\u015bwietlacz OLED. Z tej okazji firma przygotowa\u0142a specjalny rabat, a dodatkowo sprz\u0119t mo\u017cna wypr&oacute;bowa\u0107 na targach&nbsp;Intel Extreme Masters 2024 w...\n            <p>Pe\u0142na wersja strony <a href=\"https://ithardware.pl/aktualnosci/polska_premiera_monitora_lg_ultragear_oled_27gs95qe_na_start_specjalny_rabat-31409.html\">https://ithardware.pl/aktualnosci/polska_premiera_monitora_lg_ultragear_oled_27gs95qe_na_start_specjalny_rabat-31409.html</a></p>", "permanent": false, "user": null, "page_rating_votes": 0, "album": "", "source_obj__id": 21, "bookmarked": false, "thumbnail": null, "title": "Polska premiera monitora LG UltraGear OLED 27GS95QE. Na start specjalny rabat", "link": "https://ithardware.pl/aktualnosci/polska_premiera_monitora_lg_ultragear_oled_27gs95qe_na_start_specjalny_rabat-31409.html", "source": "https://ithardware.pl/feed", "page_rating_contents": 0, "dead": false, "language": "pl-PL", "comments": [], "artist": null, "date_published": "2024-02-01T14:00:00+00:00", "page_rating": 0, "tags": [], "page_rating_visits": 0}, {"vote": 0, "age": null, "description": "<img src=\"https://ithardware.pl/artykuly/min/31405_1.jpg\" />            Szum wok&oacute;\u0142 nadchodz\u0105cej architektury Zen 5 robi si\u0119 coraz g\u0142o\u015bniejszy. AMD wydaje si\u0119 nie przejmowa\u0107 tymi plotkami i potwierdza, \u017ce prace nad technologi\u0105 przebiegaj\u0105 zgodnie z planem.&nbsp;\n\nKonsumenckie procesory Zen 5\n\nAMD...\n            <p>Pe\u0142na wersja strony <a href=\"https://ithardware.pl/aktualnosci/amd_potwierdza_plany_stacjonarne_laptopowe_i_serwerowe_procesory_zen_5_w_drugiej_polowie_roku-31405.html\">https://ithardware.pl/aktualnosci/amd_potwierdza_plany_stacjonarne_laptopowe_i_serwerowe_procesory_zen_5_w_drugiej_polowie_roku-31405.html</a></p>", "permanent": false, "user": null, "page_rating_votes": 0, "album": "", "source_obj__id": 21, "bookmarked": false, "thumbnail": null, "title": "AMD potwierdza plany. Stacjonarne, laptopowe i serwerowe procesory Zen 5 w drugiej po\u0142owie roku", "link": "https://ithardware.pl/aktualnosci/amd_potwierdza_plany_stacjonarne_laptopowe_i_serwerowe_procesory_zen_5_w_drugiej_polowie_roku-31405.html", "source": "https://ithardware.pl/feed", "page_rating_contents": 0, "dead": false, "language": "pl-PL", "comments": [], "artist": null, "date_published": "2024-02-01T13:16:01+00:00", "page_rating": 0, "tags": [], "page_rating_visits": 0}, {"vote": 0, "age": null, "description": "<img src=\"https://ithardware.pl/artykuly/min/31408_1.jpg\" />            Zestawy ch\u0142odzenia procesor&oacute;w z wbudowanymi wy\u015bwietlaczami nie s\u0105 niczym nowym, jednak wi\u0119kszo\u015b\u0107 z nich to cz\u0119\u015b\u0107 konfiguracji ch\u0142odzenia ciecz\u0105 AIO. Lamptron ST060 to tradycyjny radiator, kt&oacute;ry posiada wy\u015bwietlacz Full HD o...\n            <p>Pe\u0142na wersja strony <a href=\"https://ithardware.pl/aktualnosci/lamptron_st060_radiator_cpu_z_wyswietlaczem_fullhd_ktory_moze_rowniez_sluzyc_jako_drugi_ekran-31408.html\">https://ithardware.pl/aktualnosci/lamptron_st060_radiator_cpu_z_wyswietlaczem_fullhd_ktory_moze_rowniez_sluzyc_jako_drugi_ekran-31408.html</a></p>", "permanent": false, "user": null, "page_rating_votes": 0, "album": "", "source_obj__id": 21, "bookmarked": false, "thumbnail": null, "title": "Lamptron ST060 - radiator CPU z wy\u015bwietlaczem FullHD, kt\u00f3ry mo\u017ce r\u00f3wnie\u017c s\u0142u\u017cy\u0107 jako drugi ekran", "link": "https://ithardware.pl/aktualnosci/lamptron_st060_radiator_cpu_z_wyswietlaczem_fullhd_ktory_moze_rowniez_sluzyc_jako_drugi_ekran-31408.html", "source": "https://ithardware.pl/feed", "page_rating_contents": 0, "dead": false, "language": "pl-PL", "comments": [], "artist": null, "date_published": "2024-02-01T13:08:10+00:00", "page_rating": 0, "tags": [], "page_rating_visits": 0}, {"vote": 0, "age": null, "description": "<img src=\"https://ithardware.pl/artykuly/min/31404_1.jpg\" />            Ju\u017c przedpremierowe przecieki sugerowa\u0142y, \u017ce nowe APU od AMD dobrze reaguj\u0105 na podkr\u0119canie pami\u0119ci RAM, a teraz pierwsze recenzje procesora Ryzen 7 8700G wykaza\u0142y korzy\u015bci graficzne wynikaj\u0105ce z manipulacji &bdquo;zegarem silnika iGPU i...\n            <p>Pe\u0142na wersja strony <a href=\"https://ithardware.pl/aktualnosci/szybsze_pamieci_ddr5_wyraznie_poprawia_wydajnosc_ai_ryzena_7_8700g-31404.html\">https://ithardware.pl/aktualnosci/szybsze_pamieci_ddr5_wyraznie_poprawia_wydajnosc_ai_ryzena_7_8700g-31404.html</a></p>", "permanent": false, "user": null, "page_rating_votes": 0, "album": "", "source_obj__id": 21, "bookmarked": false, "thumbnail": null, "title": "Szybsze pami\u0119ci DDR5 wyra\u017anie poprawi\u0105 wydajno\u015b\u0107 AI Ryzena 7 8700G", "link": "https://ithardware.pl/aktualnosci/szybsze_pamieci_ddr5_wyraznie_poprawia_wydajnosc_ai_ryzena_7_8700g-31404.html", "source": "https://ithardware.pl/feed", "page_rating_contents": 0, "dead": false, "language": "pl-PL", "comments": [], "artist": null, "date_published": "2024-02-01T12:40:02+00:00", "page_rating": 0, "tags": [], "page_rating_visits": 0}, {"vote": 0, "age": null, "description": "<img src=\"https://ithardware.pl/artykuly/min/31407_1.jpg\" />            Niedawno Google Pixel 8 i Pixel 8 Pro otrzyma\u0142y aktualizacj\u0119, w ramach kt&oacute;rej dodano nowe funkcje, w tym Circle to Search, kt&oacute;r\u0105 zaprezentowano na wydarzeniu Galaxy Unpacked firmy Samsung.\n\nTeraz w\u0142a\u015bciciele&nbsp;smartfon&oacute;w...\n            <p>Pe\u0142na wersja strony <a href=\"https://ithardware.pl/aktualnosci/samsung_chwalil_sie_nowa_funkcja_w_s24_inni_teraz_dostali_ja_teraz_za_darmo-31407.html\">https://ithardware.pl/aktualnosci/samsung_chwalil_sie_nowa_funkcja_w_s24_inni_teraz_dostali_ja_teraz_za_darmo-31407.html</a></p>", "permanent": false, "user": null, "page_rating_votes": 0, "album": "", "source_obj__id": 21, "bookmarked": false, "thumbnail": null, "title": "Samsung chwali\u0142 si\u0119 now\u0105 funkcj\u0105 w S24. Inni dostali j\u0105 teraz za darmo", "link": "https://ithardware.pl/aktualnosci/samsung_chwalil_sie_nowa_funkcja_w_s24_inni_teraz_dostali_ja_teraz_za_darmo-31407.html", "source": "https://ithardware.pl/feed", "page_rating_contents": 0, "dead": false, "language": "pl-PL", "comments": [], "artist": null, "date_published": "2024-02-01T11:12:50+00:00", "page_rating": 0, "tags": [], "page_rating_visits": 0}, {"vote": 0, "age": null, "description": "<img src=\"https://ithardware.pl/artykuly/min/31403_1.jpg\" />            Dyrektor generalny Spotify, Daniel Ek, ostro skrytykowa\u0142 ostatnie zmiany w zasadach Apple App Store w Europie i oskar\u017cy\u0142 firm\u0119 o zej\u015bcie do &bdquo;nowego dna&rdquo;. Gigant streamingowy okre\u015bli\u0142 nowe op\u0142aty Apple jako &bdquo;wymuszenie&rdquo; i...\n            <p>Pe\u0142na wersja strony <a href=\"https://ithardware.pl/aktualnosci/spotify_krytykuje_nowe_zasady_apple_app_store_w_ue_nazywa_je_wymuszeniami-31403.html\">https://ithardware.pl/aktualnosci/spotify_krytykuje_nowe_zasady_apple_app_store_w_ue_nazywa_je_wymuszeniami-31403.html</a></p>", "permanent": false, "user": null, "page_rating_votes": 0, "album": "", "source_obj__id": 21, "bookmarked": false, "thumbnail": null, "title": "Spotify krytykuje nowe zasady Apple App Store w UE, nazywa je \u201ewymuszeniami\u201d", "link": "https://ithardware.pl/aktualnosci/spotify_krytykuje_nowe_zasady_apple_app_store_w_ue_nazywa_je_wymuszeniami-31403.html", "source": "https://ithardware.pl/feed", "page_rating_contents": 0, "dead": false, "language": "pl-PL", "comments": [], "artist": null, "date_published": "2024-02-01T10:38:01+00:00", "page_rating": 0, "tags": [], "page_rating_visits": 0}, {"vote": 0, "age": null, "description": "<img src=\"https://ithardware.pl/artykuly/min/31406_1.jpg\" />            Chi\u0144scy producenci samochod&oacute;w znacznie poprawili jako\u015b\u0107 swoich produkt&oacute;w&nbsp;i szybko zdobywaj\u0105 europejski rynek. Nawet Elon Musk, szef Tesli, wyra\u017ca obawy, twierdz\u0105c, \u017ce wi\u0119kszo\u015b\u0107 obecnych gigant&oacute;w motoryzacyjnych mo\u017ce...\n            <p>Pe\u0142na wersja strony <a href=\"https://ithardware.pl/aktualnosci/elon_musk_chinskie_auta_to_zagrozenie_sa_zbyt_dobre-31406.html\">https://ithardware.pl/aktualnosci/elon_musk_chinskie_auta_to_zagrozenie_sa_zbyt_dobre-31406.html</a></p>", "permanent": false, "user": null, "page_rating_votes": 0, "album": "", "source_obj__id": 21, "bookmarked": false, "thumbnail": null, "title": "Elon Musk: Chi\u0144skie auta to zagro\u017cenie. S\u0105 zbyt... dobre", "link": "https://ithardware.pl/aktualnosci/elon_musk_chinskie_auta_to_zagrozenie_sa_zbyt_dobre-31406.html", "source": "https://ithardware.pl/feed", "page_rating_contents": 0, "dead": false, "language": "pl-PL", "comments": [], "artist": null, "date_published": "2024-02-01T10:30:10+00:00", "page_rating": 0, "tags": [], "page_rating_visits": 0}, {"vote": 0, "age": null, "description": "<img src=\"https://ithardware.pl/artykuly/min/31373_1.jpg\" />            Czy Ty te\u017c gubisz si\u0119 w nat\u0142oku wydawanych tytu\u0142&oacute;w? Szczeg&oacute;lnie teraz, gdy bran\u017ca prze\u017cywa rozkwit. Ubieg\u0142y rok by\u0142 prawdziw\u0105 gratk\u0105 dla wszystkich mi\u0142o\u015bnik&oacute;w gier: odrodzenie DnD na PC dzi\u0119ki Baldur&rsquo;s Gate 3, nowa...\n            <p>Pe\u0142na wersja strony <a href=\"https://ithardware.pl/artykuly/lubisz_gry_mobilne_koniecznie_sprawdz_hero_wars-31373.html\">https://ithardware.pl/artykuly/lubisz_gry_mobilne_koniecznie_sprawdz_hero_wars-31373.html</a></p>", "permanent": false, "user": null, "page_rating_votes": 0, "album": "", "source_obj__id": 21, "bookmarked": false, "thumbnail": null, "title": "Lubisz gry mobilne? Koniecznie sprawd\u017a Hero Wars!", "link": "https://ithardware.pl/artykuly/lubisz_gry_mobilne_koniecznie_sprawdz_hero_wars-31373.html", "source": "https://ithardware.pl/feed", "page_rating_contents": 0, "dead": false, "language": "pl-PL", "comments": [], "artist": null, "date_published": "2024-02-01T10:25:20+00:00", "page_rating": 0, "tags": [], "page_rating_visits": 0}, {"vote": 0, "age": null, "description": "<img src=\"https://ithardware.pl/artykuly/min/31402_1.jpg\" />            Osiem lat temu Wi-Fi Alliance zaprezentowa\u0142o nowy standard przeznaczony do obs\u0142ugi urz\u0105dze\u0144 o niskim poborze mocy i zasi\u0119gu znacznie wi\u0119kszym ni\u017c typowe Wi-Fi. Ostatnie testy wykaza\u0142y, \u017ce ten standard, cho\u0107 nie jest zbyt szybki, mo\u017ce zapewni\u0107...\n            <p>Pe\u0142na wersja strony <a href=\"https://ithardware.pl/aktualnosci/ten_standard_wi_fi_bije_rekord_zasiegu_3_km_stabilnego_polaczenia-31402.html\">https://ithardware.pl/aktualnosci/ten_standard_wi_fi_bije_rekord_zasiegu_3_km_stabilnego_polaczenia-31402.html</a></p>", "permanent": false, "user": null, "page_rating_votes": 0, "album": "", "source_obj__id": 21, "bookmarked": false, "thumbnail": null, "title": "Ten standard Wi-Fi bije rekord zasi\u0119gu. 3 km stabilnego po\u0142\u0105czenia", "link": "https://ithardware.pl/aktualnosci/ten_standard_wi_fi_bije_rekord_zasiegu_3_km_stabilnego_polaczenia-31402.html", "source": "https://ithardware.pl/feed", "page_rating_contents": 0, "dead": false, "language": "pl-PL", "comments": [], "artist": null, "date_published": "2024-02-01T09:24:01+00:00", "page_rating": 0, "tags": [], "page_rating_visits": 0}, {"vote": 0, "age": null, "description": "<img src=\"https://ithardware.pl/artykuly/min/31400_1.png\" />            AMD w\u0142a\u015bnie wprowadzi\u0142o do sprzeda\u017cy swoje nowe APU AMD Ryzen serii 8000G, kt&oacute;re stanowi\u0105 po\u0142\u0105czenie procesor&oacute;w Zen 4 oraz zintegrowanych kart graficznych RDNA 3. Dzi\u0119ki temu stanowi\u0107 mog\u0105 kusz\u0105c\u0105 opcj\u0119 dla os&oacute;b,...\n            <p>Pe\u0142na wersja strony <a href=\"https://ithardware.pl/aktualnosci/apu_amd_ryzen_8000g_wlasnie_debiutuja_na_rynku-31400.html\">https://ithardware.pl/aktualnosci/apu_amd_ryzen_8000g_wlasnie_debiutuja_na_rynku-31400.html</a></p>", "permanent": false, "user": null, "page_rating_votes": 0, "album": "", "source_obj__id": 21, "bookmarked": false, "thumbnail": null, "title": "APU AMD Ryzen 8000G w\u0142a\u015bnie debiutuj\u0105 na rynku. Znamy polskie ceny", "link": "https://ithardware.pl/aktualnosci/apu_amd_ryzen_8000g_wlasnie_debiutuja_na_rynku-31400.html", "source": "https://ithardware.pl/feed", "page_rating_contents": 0, "dead": false, "language": "pl-PL", "comments": [], "artist": null, "date_published": "2024-02-01T08:15:10+00:00", "page_rating": 0, "tags": [], "page_rating_visits": 0}, {"vote": 0, "age": null, "description": "<img src=\"https://ithardware.pl/artykuly/min/31401_1.jpg\" />            Silent Hill powraca i to szybciej, ni\u017c mo\u017cna si\u0119 by\u0142o spodziewa\u0107. Sony i Konami po\u0142\u0105czy\u0142y si\u0142y, aby stworzy\u0107 zupe\u0142nie nowy tytu\u0142 z serii, dost\u0119pny wy\u0142\u0105cznie na PlayStation 5. A co najlepsze, Silent Hill: The Short Message jest darmowe i...\n            <p>Pe\u0142na wersja strony <a href=\"https://ithardware.pl/aktualnosci/silent_hill_the_short_message_juz_dostepne_i_za_darmo_silent_hill_2_remake_na_nowym_zwiastunie-31401.html\">https://ithardware.pl/aktualnosci/silent_hill_the_short_message_juz_dostepne_i_za_darmo_silent_hill_2_remake_na_nowym_zwiastunie-31401.html</a></p>", "permanent": false, "user": null, "page_rating_votes": 0, "album": "", "source_obj__id": 21, "bookmarked": false, "thumbnail": null, "title": "Silent Hill: The Short Message ju\u017c dost\u0119pne i za darmo. Silent Hill 2 Remake na nowym zwiastunie", "link": "https://ithardware.pl/aktualnosci/silent_hill_the_short_message_juz_dostepne_i_za_darmo_silent_hill_2_remake_na_nowym_zwiastunie-31401.html", "source": "https://ithardware.pl/feed", "page_rating_contents": 0, "dead": false, "language": "pl-PL", "comments": [], "artist": null, "date_published": "2024-02-01T08:12:50+00:00", "page_rating": 0, "tags": [], "page_rating_visits": 0}, {"vote": 0, "age": null, "description": "<img src=\"https://ithardware.pl/artykuly/min/31399_1.jpg\" />            Zgodnie z oczekiwaniami, wczorajsze PlayStation State of Play przynios\u0142o kilka ciekawych zapowiedzi, ale co z naszego punktu widzenia najwa\u017cniejsze, pozwoli\u0142o r&oacute;wnie\u017c bli\u017cej przyjrze\u0107 si\u0119 kilku nadchodz\u0105cym na PlayStation grom. Jedn\u0105 z...\n            <p>Pe\u0142na wersja strony <a href=\"https://ithardware.pl/aktualnosci/death_stranding_2_on_the_beach_na_10_minutowym_materiale_jakie_to_jest_dziwne-31399.html\">https://ithardware.pl/aktualnosci/death_stranding_2_on_the_beach_na_10_minutowym_materiale_jakie_to_jest_dziwne-31399.html</a></p>", "permanent": false, "user": null, "page_rating_votes": 0, "album": "", "source_obj__id": 21, "bookmarked": false, "thumbnail": null, "title": "Death Stranding 2: On the Beach na 10-minutowym materiale. Jakie to jest... dziwne", "link": "https://ithardware.pl/aktualnosci/death_stranding_2_on_the_beach_na_10_minutowym_materiale_jakie_to_jest_dziwne-31399.html", "source": "https://ithardware.pl/feed", "page_rating_contents": 0, "dead": false, "language": "pl-PL", "comments": [], "artist": null, "date_published": "2024-02-01T06:56:55+00:00", "page_rating": 0, "tags": [], "page_rating_visits": 0}]