[{"vote": 0, "age": null, "description": "Na Twitterze u\u017cy\u0142 s\u0142\u00f3w: It is a completely new \u201cAction Espionage\u201d for the next-generation. \"For next-generation\" raczej jasno sugeruje, o co chodzi.\n\n#ps6 #kojima", "permanent": false, "user": null, "page_rating_votes": 0, "album": "", "source_obj__id": 550, "bookmarked": false, "thumbnail": "https://i3.ytimg.com/vi/vRgi01vza58/hqdefault.jpg", "title": "Kojima zapowiedzia\u0142 gr\u0119 na PS6 - filmowe Phisynt", "link": "https://www.youtube.com/watch?v=vRgi01vza58", "source": "https://www.youtube.com/feeds/videos.xml?channel_id=UCCDGVMGoT8ql8JQLJt715jA", "page_rating_contents": 0, "dead": false, "language": null, "comments": [], "artist": "emzdanowicz", "date_published": "2024-02-01T10:21:59+00:00", "page_rating": 0, "tags": [], "page_rating_visits": 0}]