[{"vote": 0, "age": null, "description": "Plus events, updates, and other PC gaming happenings to look out for this month.", "permanent": false, "user": null, "page_rating_votes": 0, "album": "", "source_obj__id": 30, "bookmarked": false, "thumbnail": "https://cdn.mos.cms.futurecdn.net/YJHB4vxAQHPVux9x3bRfFG.jpg", "title": "The PC game releases we're most excited about in February", "link": "https://www.pcgamer.com/february-2024-pc-game-release-dates", "source": "https://www.pcgamer.com/rss", "page_rating_contents": 0, "dead": false, "language": "en", "comments": [], "artist": null, "date_published": "2024-02-01T22:38:46+00:00", "page_rating": 0, "tags": [], "page_rating_visits": 0}, {"vote": 0, "age": null, "description": "The new Kojima game looks mad as a hatter? You don't say.", "permanent": false, "user": null, "page_rating_votes": 0, "album": "", "source_obj__id": 30, "bookmarked": false, "thumbnail": "https://cdn.mos.cms.futurecdn.net/68MSxpQoYW3b8jJkekjpB9.jpg", "title": "We thought Death Stranding was Peak Kojima, but Death Stranding 2 already looks like it's scaling new heights of his personal WTF mountain", "link": "https://www.pcgamer.com/we-thought-death-stranding-was-peak-kojima-but-death-stranding-2-already-looks-like-its-scaling-new-heights-of-his-personal-wtf-mountain", "source": "https://www.pcgamer.com/rss", "page_rating_contents": 0, "dead": false, "language": "en", "comments": [], "artist": null, "date_published": "2024-02-01T22:37:41+00:00", "page_rating": 0, "tags": [], "page_rating_visits": 0}, {"vote": 0, "age": null, "description": "The new game is a free-to-play search for a missing professor (and a whole lot more) that runs in a browser.", "permanent": false, "user": null, "page_rating_votes": 0, "album": "", "source_obj__id": 30, "bookmarked": false, "thumbnail": "https://cdn.mos.cms.futurecdn.net/uWtqyJ4TFpuenVy5SV4569.jpg", "title": "Inkle reveals a surprise collaboration with Google in The Forever Labyrinth, 'an art-filled quest through time and space'", "link": "https://www.pcgamer.com/inkle-reveals-a-surprise-collaboration-with-google-in-the-forever-labyrinth-an-art-filled-quest-through-time-and-space", "source": "https://www.pcgamer.com/rss", "page_rating_contents": 0, "dead": false, "language": "en", "comments": [], "artist": null, "date_published": "2024-02-01T22:35:28+00:00", "page_rating": 0, "tags": [], "page_rating_visits": 0}, {"vote": 0, "age": null, "description": "Douglas Morin, who took on the CEO role in 2021, will be replaced by Devolver co-founder and executive chairman Harry Miller.", "permanent": false, "user": null, "page_rating_votes": 0, "album": "", "source_obj__id": 30, "bookmarked": false, "thumbnail": "https://cdn.mos.cms.futurecdn.net/kwXE8qVpCYvKE3txWmZMyU.jpg", "title": "Devolver Digital's new CEO is its old CEO", "link": "https://www.pcgamer.com/devolver-digitals-new-ceo-is-its-old-ceo", "source": "https://www.pcgamer.com/rss", "page_rating_contents": 0, "dead": false, "language": "en", "comments": [], "artist": null, "date_published": "2024-02-01T20:42:48+00:00", "page_rating": 0, "tags": [], "page_rating_visits": 0}, {"vote": 0, "age": null, "description": "Tyler Colp joins Mollie and Lauren to talk all about the Steam Deck.", "permanent": false, "user": null, "page_rating_votes": 0, "album": "", "source_obj__id": 30, "bookmarked": false, "thumbnail": "https://cdn.mos.cms.futurecdn.net/UbFt9DdsVNLA2Hf4WhX9RA.jpg", "title": "PC Gamer Chat Log Episode 46: The Steam Deck squad is here", "link": "https://www.pcgamer.com/pc-gamer-chat-log-episode-46-the-steam-deck-squad-is-here", "source": "https://www.pcgamer.com/rss", "page_rating_contents": 0, "dead": false, "language": "en", "comments": [], "artist": null, "date_published": "2024-02-01T18:03:12+00:00", "page_rating": 0, "tags": [], "page_rating_visits": 0}, {"vote": 0, "age": null, "description": "Wildly impractical? Check. Fantastic to look at? Also check.", "permanent": false, "user": null, "page_rating_votes": 0, "album": "", "source_obj__id": 30, "bookmarked": false, "thumbnail": "https://cdn.mos.cms.futurecdn.net/QGzsfjLvMeW5VftmP9s9XQ.jpg", "title": "Passively cooling an RTX 3080 FE with 10 CPU coolers makes it look like a steampunk spaceship, and I'm a fan", "link": "https://www.pcgamer.com/passively-cooling-an-rtx-3080-fe-with-10-cpu-coolers-makes-it-look-like-a-steampunk-spaceship-and-im-a-fan", "source": "https://www.pcgamer.com/rss", "page_rating_contents": 0, "dead": false, "language": "en", "comments": [], "artist": null, "date_published": "2024-02-01T17:38:06+00:00", "page_rating": 0, "tags": [], "page_rating_visits": 0}, {"vote": 0, "age": null, "description": "\"I\u2019ll pay them what I can, which won\u2019t be very much money, that\u2019s for sure.\"", "permanent": false, "user": null, "page_rating_votes": 0, "album": "", "source_obj__id": 30, "bookmarked": false, "thumbnail": "https://cdn.mos.cms.futurecdn.net/JUEbBczAtU4bdKj2tZ6TtJ.jpg", "title": "Gary Bowser, charged with paying Nintendo a sum he'll never be able to afford, talks about his life after prison: 'The sentence was like a message to other people'", "link": "https://www.pcgamer.com/gary-bowser-charged-with-paying-nintendo-a-sum-hell-never-be-able-to-afford-talks-about-his-life-after-prison-the-sentence-was-like-a-message-to-other-people", "source": "https://www.pcgamer.com/rss", "page_rating_contents": 0, "dead": false, "language": "en", "comments": [], "artist": null, "date_published": "2024-02-01T17:28:51+00:00", "page_rating": 0, "tags": [], "page_rating_visits": 0}, {"vote": 0, "age": null, "description": "It's no surprise that a number of mobile developers are looking to take advantage of the popularity of Palworld.", "permanent": false, "user": null, "page_rating_votes": 0, "album": "", "source_obj__id": 30, "bookmarked": false, "thumbnail": "https://cdn.mos.cms.futurecdn.net/bNP4EUfLJbdaWgX7N2NvUQ.jpg", "title": "Fake Palworld mobile apps could lead to data leaks or fraud, Pocketpair warns: 'There is no Palworld application for phones'", "link": "https://www.pcgamer.com/fake-palworld-mobile-apps-could-lead-to-data-leaks-or-fraud-pocketpair-warns-there-is-no-palworld-application-for-phones", "source": "https://www.pcgamer.com/rss", "page_rating_contents": 0, "dead": false, "language": "en", "comments": [], "artist": null, "date_published": "2024-02-01T17:16:34+00:00", "page_rating": 0, "tags": [], "page_rating_visits": 0}, {"vote": 0, "age": null, "description": "But fewer Poffertjes.", "permanent": false, "user": null, "page_rating_votes": 0, "album": "", "source_obj__id": 30, "bookmarked": false, "thumbnail": "https://cdn.mos.cms.futurecdn.net/Wm5J7zVNWYiJyyAL7pv7wi.jpg", "title": "Palworld has now sold a staggering 19 million copies, an unstoppable rise that means it's got a bigger population than the Netherlands", "link": "https://www.pcgamer.com/palworld-has-now-sold-a-staggering-19-million-copies-an-unstoppable-rise-that-means-its-got-a-bigger-population-than-the-netherlands", "source": "https://www.pcgamer.com/rss", "page_rating_contents": 0, "dead": false, "language": "en", "comments": [], "artist": null, "date_published": "2024-02-01T17:15:30+00:00", "page_rating": 0, "tags": [], "page_rating_visits": 0}, {"vote": 0, "age": null, "description": "Less than Fntastic.", "permanent": false, "user": null, "page_rating_votes": 0, "album": "", "source_obj__id": 30, "bookmarked": false, "thumbnail": "https://cdn.mos.cms.futurecdn.net/3V4scHiYmCESXa27tbdm93.jpg", "title": "The Day Before was an even bigger disaster than you thought: devs reportedly made to pay fines for bad work, learned it was an MMO from the trailers, and no one's sure where the bosses are", "link": "https://www.pcgamer.com/the-day-before-was-an-even-bigger-disaster-than-you-thought-devs-reportedly-made-to-pay-fines-for-bad-work-learned-it-was-an-mmo-from-the-trailers-and-no-ones-sure-where-the-bosses-are", "source": "https://www.pcgamer.com/rss", "page_rating_contents": 0, "dead": false, "language": "en", "comments": [], "artist": null, "date_published": "2024-02-01T17:05:05+00:00", "page_rating": 0, "tags": [], "page_rating_visits": 0}, {"vote": 0, "age": null, "description": "I think this \"going fast\" thing is really going to catch on.", "permanent": false, "user": null, "page_rating_votes": 0, "album": "", "source_obj__id": 30, "bookmarked": false, "thumbnail": "https://cdn.mos.cms.futurecdn.net/sL8TmmtbDUyPJfBdhmGMJn.png", "title": "Penny's Big Breakaway makes me wish I'd spent more time playing platformers before Penny's Big Breakaway", "link": "https://www.pcgamer.com/pennys-big-breakaway-makes-me-wish-id-spent-more-time-playing-platformers-before-pennys-big-breakaway", "source": "https://www.pcgamer.com/rss", "page_rating_contents": 0, "dead": false, "language": "en", "comments": [], "artist": null, "date_published": "2024-02-01T17:00:32+00:00", "page_rating": 0, "tags": [], "page_rating_visits": 0}, {"vote": 0, "age": null, "description": "Children of the Sun is a mind-bending combo of action movie flash and backwoods madness.", "permanent": false, "user": null, "page_rating_votes": 0, "album": "", "source_obj__id": 30, "bookmarked": false, "thumbnail": "https://cdn.mos.cms.futurecdn.net/TE7Qg4CUyxfiJXk9coGwB8.png", "title": "Kill whole camps of cultists with a single bullet in this psychic and psychedelic puzzle shooter", "link": "https://www.pcgamer.com/kill-whole-camps-of-cultists-with-a-single-bullet-in-this-psychic-and-psychedelic-puzzle-shooter", "source": "https://www.pcgamer.com/rss", "page_rating_contents": 0, "dead": false, "language": "en", "comments": [], "artist": null, "date_published": "2024-02-01T16:17:44+00:00", "page_rating": 0, "tags": [], "page_rating_visits": 0}, {"vote": 0, "age": null, "description": "The background timer was \"the number one source of negative Steam reviews.\"", "permanent": false, "user": null, "page_rating_votes": 0, "album": "", "source_obj__id": 30, "bookmarked": false, "thumbnail": "https://cdn.mos.cms.futurecdn.net/JwwYhf8NS28SJnnWi5S9Nb.png", "title": "Dredge dev says a mechanic that killed NPCs without warning if you let them go hungry lasted for about 3 days after the game's launch before they patched it out, because 'people f*cking hated it'", "link": "https://www.pcgamer.com/dredge-dev-says-a-mechanic-that-killed-npcs-without-warning-if-you-let-them-go-hungry-lasted-for-about-3-days-after-the-games-launch-before-they-patched-it-out-because-people-fcking-hated-it", "source": "https://www.pcgamer.com/rss", "page_rating_contents": 0, "dead": false, "language": "en", "comments": [], "artist": null, "date_published": "2024-02-01T16:14:27+00:00", "page_rating": 0, "tags": [], "page_rating_visits": 0}, {"vote": 0, "age": null, "description": "\"One of the things [that's] easier to account for in an isometric game is just the variation in sizes.\"", "permanent": false, "user": null, "page_rating_votes": 0, "album": "", "source_obj__id": 30, "bookmarked": false, "thumbnail": "https://cdn.mos.cms.futurecdn.net/QAcx48xBe6WkmLxViySLyh.jpg", "title": "Avowed's game director says Obsidian's choice to limit players to just two races is partially down to its first-person camera", "link": "https://www.pcgamer.com/avoweds-game-director-says-obsidians-choice-to-limit-players-to-just-two-races-is-partially-down-to-its-first-person-camera", "source": "https://www.pcgamer.com/rss", "page_rating_contents": 0, "dead": false, "language": "en", "comments": [], "artist": null, "date_published": "2024-02-01T16:02:04+00:00", "page_rating": 0, "tags": [], "page_rating_visits": 0}, {"vote": 0, "age": null, "description": "Long range Wi-Fi looks like it might be on its way, with some impressive interference rejection to boot.", "permanent": false, "user": null, "page_rating_votes": 0, "album": "", "source_obj__id": 30, "bookmarked": false, "thumbnail": "https://cdn.mos.cms.futurecdn.net/qqwqAdHEHcL8v8gEUDfAU3.jpg", "title": "City-wide Wi-Fi networks spanning literal miles could soon be possible thanks to 'HaLow' devices", "link": "https://www.pcgamer.com/city-wide-wi-fi-networks-spanning-literal-miles-could-soon-be-possible-thanks-to-halow-devices", "source": "https://www.pcgamer.com/rss", "page_rating_contents": 0, "dead": false, "language": "en", "comments": [], "artist": null, "date_published": "2024-02-01T15:21:21+00:00", "page_rating": 0, "tags": [], "page_rating_visits": 0}, {"vote": 0, "age": null, "description": "And it's still live after the latest patch.", "permanent": false, "user": null, "page_rating_votes": 0, "album": "", "source_obj__id": 30, "bookmarked": false, "thumbnail": "https://cdn.mos.cms.futurecdn.net/8XutpaLHhuoXRehrgqkD4e.jpg", "title": "Palworld glitch lets you carry 9,999 of anything like a legally distinct Sisyphus hauling pal spheres up a mountain", "link": "https://www.pcgamer.com/palworld-glitch-lets-you-carry-9999-of-anything-like-a-legally-distinct-sisyphus-hauling-pal-spheres-up-a-mountain", "source": "https://www.pcgamer.com/rss", "page_rating_contents": 0, "dead": false, "language": "en", "comments": [], "artist": null, "date_published": "2024-02-01T15:10:41+00:00", "page_rating": 0, "tags": [], "page_rating_visits": 0}, {"vote": 0, "age": null, "description": "The 1980s computer produces surprisingly gorgeous ray-traced results, but be prepared to measure performance by hour rather than second.", "permanent": false, "user": null, "page_rating_votes": 0, "album": "", "source_obj__id": 30, "bookmarked": false, "thumbnail": "https://cdn.mos.cms.futurecdn.net/ZWcjPHrjfgScxVYU4AEwmA.jpg", "title": "Ray tracing made possible on 42-year-old ZX Spectrum: 'reasonably fast, if you consider 17 hours per frame to be reasonably fast'", "link": "https://www.pcgamer.com/ray-tracing-made-possible-on-42-year-old-zx-spectrum-reasonably-fast-if-you-consider-17-hours-per-frame-to-be-reasonably-fast", "source": "https://www.pcgamer.com/rss", "page_rating_contents": 0, "dead": false, "language": "en", "comments": [], "artist": null, "date_published": "2024-02-01T14:26:30+00:00", "page_rating": 0, "tags": [], "page_rating_visits": 0}, {"vote": 0, "age": null, "description": "Pocketpair's Pal patches are proceeding apace.", "permanent": false, "user": null, "page_rating_votes": 0, "album": "", "source_obj__id": 30, "bookmarked": false, "thumbnail": "https://cdn.mos.cms.futurecdn.net/32ryNLJYee7Wey9YxnB6Hk.jpg", "title": "Palworld update fixes save-bricking capture bug, permanently-nerfing respec juice, and Pals randomly levitating or dying to 'unexplained falling damage'", "link": "https://www.pcgamer.com/palworld-update-fixes-save-bricking-capture-bug-permanently-nerfing-respec-juice-and-pals-randomly-levitating-or-dying-to-unexplained-falling-damage", "source": "https://www.pcgamer.com/rss", "page_rating_contents": 0, "dead": false, "language": "en", "comments": [], "artist": null, "date_published": "2024-02-01T13:04:08+00:00", "page_rating": 0, "tags": [], "page_rating_visits": 0}, {"vote": 0, "age": null, "description": "\"I'm a movie guy.\"", "permanent": false, "user": null, "page_rating_votes": 0, "album": "", "source_obj__id": 30, "bookmarked": false, "thumbnail": "https://cdn.mos.cms.futurecdn.net/FdnB3rze2snAJCWXYgoJC6.jpg", "title": "Kurt Russell gives thoughtful and nuanced answer about why he wouldn't voice Snake in Metal Gear Solid 3, also seems to think the character is actually Snake Plissken", "link": "https://www.pcgamer.com/kurt-russell-gives-thoughtful-and-nuanced-answer-about-why-he-wouldnt-voice-snake-in-metal-gear-solid-3-also-seems-to-think-the-character-is-actually-snake-plissken", "source": "https://www.pcgamer.com/rss", "page_rating_contents": 0, "dead": false, "language": "en", "comments": [], "artist": null, "date_published": "2024-02-01T12:58:15+00:00", "page_rating": 0, "tags": [], "page_rating_visits": 0}, {"vote": 0, "age": null, "description": "\"Strike the Earth! Rock and stone!\"", "permanent": false, "user": null, "page_rating_votes": 0, "album": "", "source_obj__id": 30, "bookmarked": false, "thumbnail": "https://cdn.mos.cms.futurecdn.net/4CBhhumsEBLSHwfAizjd3b.jpg", "title": "Deep Rock Galactic and Dwarf Fortress call on their fans for a Steam revolution: a new dwarf tag to unite the games under one label", "link": "https://www.pcgamer.com/deep-rock-galactic-and-dwarf-fortress-call-on-their-fans-for-a-steam-revolution-a-new-dwarf-tag-to-unite-the-games-under-one-label", "source": "https://www.pcgamer.com/rss", "page_rating_contents": 0, "dead": false, "language": "en", "comments": [], "artist": null, "date_published": "2024-02-01T12:27:34+00:00", "page_rating": 0, "tags": [], "page_rating_visits": 0}, {"vote": 0, "age": null, "description": "The smollest boi, a mini-meese, a tiny rodent of insignificant heft.", "permanent": false, "user": null, "page_rating_votes": 0, "album": "", "source_obj__id": 30, "bookmarked": false, "thumbnail": "https://cdn.mos.cms.futurecdn.net/EcgfU2urRgstbzPvjutdBk.jpg", "title": "This 9.5g gaming mouse is so small I'd be worried about inhaling it, cable and all", "link": "https://www.pcgamer.com/this-95g-gaming-mouse-is-so-small-id-be-worried-about-inhaling-it-cable-and-all", "source": "https://www.pcgamer.com/rss", "page_rating_contents": 0, "dead": false, "language": "en", "comments": [], "artist": null, "date_published": "2024-02-01T12:12:25+00:00", "page_rating": 0, "tags": [], "page_rating_visits": 0}, {"vote": 0, "age": null, "description": "5th-level Banish Rumour (Abjuration). Casting time: 1 Action. Components: Verbal, Material (A single public statement).", "permanent": false, "user": null, "page_rating_votes": 0, "album": "", "source_obj__id": 30, "bookmarked": false, "thumbnail": "https://cdn.mos.cms.futurecdn.net/SMn4E3WafhRhniCFfa9dzG.png", "title": "Wizards of the Coast dispels rumours that Tencent wants to gobble up D&D like a tarrasque: 'To be clear: We are not looking to sell our D&D IP'", "link": "https://www.pcgamer.com/wizards-of-the-coast-dispels-rumours-that-tencent-wants-to-gobble-up-dandd-like-a-tarrasque-to-be-clear-we-are-not-looking-to-sell-our-dandd-ip", "source": "https://www.pcgamer.com/rss", "page_rating_contents": 0, "dead": false, "language": "en", "comments": [], "artist": null, "date_published": "2024-02-01T12:12:05+00:00", "page_rating": 0, "tags": [], "page_rating_visits": 0}, {"vote": 0, "age": null, "description": "\"What kind of neanderthal goes through life without a second monitor?!\"", "permanent": false, "user": null, "page_rating_votes": 0, "album": "", "source_obj__id": 30, "bookmarked": false, "thumbnail": "https://cdn.mos.cms.futurecdn.net/QB3LqHESPLbPLqNbHPHxXo.png", "title": "Redditor who posts 'I've got everything I need' alongside bare room with mattress and gaming PC ends up on CBS panel show: 'Come on, we've all dated that guy'", "link": "https://www.pcgamer.com/redditor-who-posts-ive-got-everything-i-need-alongside-bare-room-with-mattress-and-gaming-pc-ends-up-on-cbs-panel-show-come-on-weve-all-dated-that-guy", "source": "https://www.pcgamer.com/rss", "page_rating_contents": 0, "dead": false, "language": "en", "comments": [], "artist": null, "date_published": "2024-02-01T11:52:41+00:00", "page_rating": 0, "tags": [], "page_rating_visits": 0}, {"vote": 0, "age": null, "description": "If I can't play Guitar Hero as Barack Obama what's even the point?", "permanent": false, "user": null, "page_rating_votes": 0, "album": "", "source_obj__id": 30, "bookmarked": false, "thumbnail": "https://cdn.mos.cms.futurecdn.net/x8Zcwo2jBuiuQ3dvnRjpaS.jpg", "title": "Weird, niche mods make PC gaming great, and these ones prove it", "link": "https://www.pcgamer.com/weird-niche-mods-make-pc-gaming-great-and-these-ones-prove-it", "source": "https://www.pcgamer.com/rss", "page_rating_contents": 0, "dead": false, "language": "en", "comments": [], "artist": null, "date_published": "2024-02-01T11:12:00+00:00", "page_rating": 0, "tags": [], "page_rating_visits": 0}, {"vote": 0, "age": null, "description": "Plus: Pacific Drive, Against the Storm, GTA, Escape from Tarkov: Arena, United 1944, Solium Infernum, Total War: Warhammer III, top new GPUs tested, and much more!", "permanent": false, "user": null, "page_rating_votes": 0, "album": "", "source_obj__id": 30, "bookmarked": false, "thumbnail": "https://cdn.mos.cms.futurecdn.net/skeJPLXDMasjUWV7yBRu9d.jpg", "title": "PC Gamer magazine's new issue is on sale now: League of Legends", "link": "https://www.pcgamer.com/pc-gamer-magazines-new-issue-is-on-sale-now-league-of-legends", "source": "https://www.pcgamer.com/rss", "page_rating_contents": 0, "dead": false, "language": "en", "comments": [], "artist": null, "date_published": "2024-02-01T10:10:11+00:00", "page_rating": 0, "tags": [], "page_rating_visits": 0}, {"vote": 0, "age": null, "description": "Help with today's Wordle if you need it.", "permanent": false, "user": null, "page_rating_votes": 0, "album": "", "source_obj__id": 30, "bookmarked": false, "thumbnail": "https://cdn.mos.cms.futurecdn.net/eRKhm7pMEv9Hc4HNQCEoEK.jpg", "title": "Wordle today: Hint and answer #957 for Thursday, February 1", "link": "https://www.pcgamer.com/wordle-today-answer-957-february-1", "source": "https://www.pcgamer.com/rss", "page_rating_contents": 0, "dead": false, "language": "en", "comments": [], "artist": null, "date_published": "2024-02-01T04:04:07+00:00", "page_rating": 0, "tags": [], "page_rating_visits": 0}, {"vote": 0, "age": null, "description": "Exciting news for backpack sickos ahead.", "permanent": false, "user": null, "page_rating_votes": 0, "album": "", "source_obj__id": 30, "bookmarked": false, "thumbnail": "https://cdn.mos.cms.futurecdn.net/NBjZM4wsvZrZvAVCT8RwLB.jpg", "title": "Everything cool I noticed in the new Death Stranding 2 trailer after sinking 150 hours into the first Death Stranding", "link": "https://www.pcgamer.com/everything-cool-i-noticed-in-the-new-death-stranding-2-trailer-after-sinking-150-hours-into-the-first-death-stranding", "source": "https://www.pcgamer.com/rss", "page_rating_contents": 0, "dead": false, "language": "en", "comments": [], "artist": null, "date_published": "2024-02-01T01:49:06+00:00", "page_rating": 0, "tags": [], "page_rating_visits": 0}, {"vote": 0, "age": null, "description": "The studio confirmed that 12 developers have been let go, while the company president and CEO have taken pay cuts.", "permanent": false, "user": null, "page_rating_votes": 0, "album": "", "source_obj__id": 30, "bookmarked": false, "thumbnail": "https://cdn.mos.cms.futurecdn.net/eMA7ju4jatA9U2MxEogHNa.jpg", "title": "Wayfinder studio Airship Syndicate says layoffs are necessary to ensure it 'can continue to operate and deliver great experiences'", "link": "https://www.pcgamer.com/wayfinder-studio-airship-syndicate-says-layoffs-are-necessary-to-ensure-it-can-continue-to-operate-and-deliver-great-experiences", "source": "https://www.pcgamer.com/rss", "page_rating_contents": 0, "dead": false, "language": "en", "comments": [], "artist": null, "date_published": "2024-02-01T00:38:56+00:00", "page_rating": 0, "tags": [], "page_rating_visits": 0}, {"vote": 0, "age": null, "description": "Season 3's companion is much stronger than everyone thought.", "permanent": false, "user": null, "page_rating_votes": 0, "album": "", "source_obj__id": 30, "bookmarked": false, "thumbnail": "https://cdn.mos.cms.futurecdn.net/xzkfthBWG3nHneCxggRB8Y.jpg", "title": "Diablo 4's little robot spider is actually an apex predator who can solo bosses, and it's about to get even stronger", "link": "https://www.pcgamer.com/diablo-4s-little-robot-spider-is-actually-an-apex-predator-who-can-solo-bosses-and-its-about-to-get-even-stronger", "source": "https://www.pcgamer.com/rss", "page_rating_contents": 0, "dead": false, "language": "en", "comments": [], "artist": null, "date_published": "2024-02-01T00:24:58+00:00", "page_rating": 0, "tags": [], "page_rating_visits": 0}, {"vote": 0, "age": null, "description": "The ex-Twitch star isn't going exclusive elsewhere, will instead stream all over the place.", "permanent": false, "user": null, "page_rating_votes": 0, "album": "", "source_obj__id": 30, "bookmarked": false, "thumbnail": "https://cdn.mos.cms.futurecdn.net/iCSU7rC5V2phkdt6dm8vzG.png", "title": "Pokimane's main reason for leaving Twitch: 'So much manosphere, red pill bull****'", "link": "https://www.pcgamer.com/pokimane-leaving-twitch-podcast", "source": "https://www.pcgamer.com/rss", "page_rating_contents": 0, "dead": false, "language": "en", "comments": [], "artist": null, "date_published": "2024-02-01T00:09:02+00:00", "page_rating": 0, "tags": [], "page_rating_visits": 0}]