[{"vote": 0, "age": null, "description": "Ca\u0142y wywiad na kanale #jonathanroumie #wywiad #thechosen #thechosenpolska #wiara #modlitwa #relacjazbogiem #jezus #autentyczno\u015b\u0107 #spos\u00f3b #chrystus #b\u00f3g", "permanent": false, "user": null, "page_rating_votes": 0, "album": "", "source_obj__id": 223, "bookmarked": false, "thumbnail": "https://i3.ytimg.com/vi/bs4e3NBqCrE/hqdefault.jpg", "title": "Przepis na autentyczno\u015b\u0107 #shorts", "link": "https://www.youtube.com/watch?v=bs4e3NBqCrE", "source": "https://www.youtube.com/feeds/videos.xml?channel_id=UCj5Ug7sV0Id9g-NEfFa1psg", "page_rating_contents": 0, "dead": false, "language": null, "comments": [], "artist": "Tomasz Samo\u0142yk", "date_published": "2024-02-01T07:00:15+00:00", "page_rating": 0, "tags": [], "page_rating_visits": 0}]