[{"vote": 0, "age": null, "description": "<article>\n\t<section class=\"page\">\n<p>It\u2019s really important to remember that the new\u00a0<a href=\"https://www.computerworld.com/article/3712142/vision-pro-briefing-apples-new-billion-dollar-business.html\">Vision Pro</a>, unlike other mixed-reality headseta, isn\u2019t limited to entertainment and gaming. Compared to rivals, the device\u2019s killer app is actually productivity.</p><p>That is, after all, perhaps why Apple CEO Tim Cook told <em><a href=\"https://www.vanityfair.com/news/tim-cook-apple-vision-pro\" rel=\"nofollow noopener\" target=\"_blank\">Vanity Fair</a></em> he uses Vision Pro for productive tasks. With the first Vision Pro devices arriving on Friday, productivity apps are on the way, too. Apple says 600 apps designed specifically for the platform are already available, with millions more compatible.</p><p class=\"jumpTag\"><a href=\"/article/3712682/vision-pros-killer-feature-its-a-wearable-mac.html#jump\">To read this article in full, please click here</a></p></section></article>", "permanent": false, "user": null, "page_rating_votes": 0, "album": "", "source_obj__id": 70, "bookmarked": false, "thumbnail": "https://images.idgesg.net/images/idge/imported/imageapi/2023/06/22/13/22-100942492-small.jpg", "title": "Vision Pro\u2019s killer feature? It\u2019s a wearable Mac", "link": "https://www.computerworld.com/article/3712682/vision-pros-killer-feature-its-a-wearable-mac.html#tk.rss_all", "source": "https://www.computerworld.com/index.rss", "page_rating_contents": 0, "dead": false, "language": "en-us", "comments": [], "artist": null, "date_published": "2024-02-01T16:45:00+00:00", "page_rating": 0, "tags": [], "page_rating_visits": 0}, {"vote": 0, "age": null, "description": "<article>\n\t<section class=\"page\">\n<p>Over the past three decades,\u00a0<a href=\"https://www.thomsonreuters.com/en.html\" rel=\"nofollow\">Thomson Reuters</a> has relied on artificial intelligence (AI) to help its clients \u2014 and its own employees \u2014 sift through troves of digital documents to discover those most relevant to the issue at hand.</p><p>But when generative AI (genAI) <a href=\"https://www.computerworld.com/article/3710293/openais-chatgpt-turns-one-year-old-what-it-did-and-didnt-do.html\">burst onto the scene in late 2022</a>, the company was forced to rethink its AI strategy to stay ahead of competitors and address an insatiable client demand for industry-specific information.</p><p>Thomson Reuters in November\u00a0<a href=\"https://www.thomsonreuters.com/en/press-releases/2023/november/thomson-reuters-unveils-generative-ai-strategy-designed-to-transform-the-future-of-professionals.html\" rel=\"nofollow noopener\" target=\"_blank\">unveiled its genAI strategy</a>\u00a0and\u00a0<a href=\"https://www", "permanent": false, "user": null, "page_rating_votes": 0, "album": "", "source_obj__id": 70, "bookmarked": false, "thumbnail": "https://images.idgesg.net/images/article/2024/01/shutterstock_2281307641-100957381-small.jpg", "title": "Q&A: How Thomson Reuters used genAI to enable a citizen developer workforce", "link": "https://www.computerworld.com/article/3712565/qa-how-thomson-reuters-used-genai-to-enable-a-citizen-developer-workforce.html#tk.rss_all", "source": "https://www.computerworld.com/index.rss", "page_rating_contents": 0, "dead": false, "language": "en-us", "comments": [], "artist": null, "date_published": "2024-02-01T11:00:00+00:00", "page_rating": 0, "tags": [], "page_rating_visits": 0}, {"vote": 0, "age": null, "description": "<article>\n\t<section class=\"page\">\n<p>Raising supply chain concerns, the US Department of Defense has unveiled a new list of Chinese companies alleged to have ties to the country's military.</p><p>Notable entities on this list include Yangtze Memory Technologies Company (YMTC), a major memory chip manufacturer, Megvii, a facial recognition firm, Hesai Technology, a provider of LiDAR solutions, and tech company NetPosa.</p><p>This list represents the most recent escalation in the ongoing China-US trade tensions, characterized by a series of measures undertaken by both nations.</p><h2><strong>Concerns of bans in the future</strong></h2>\n<p>While inclusion on the list does not lead to immediate bans, it can significantly impact the reputations of these companies and serves as a clear warning to US entities and businesses regarding the potential risks associated with engaging in transactions or partnerships with them.</p><p class=\"jumpTag\"><a href=\"/article/3712681/latest-us-alert", "permanent": false, "user": null, "page_rating_votes": 0, "album": "", "source_obj__id": 70, "bookmarked": false, "thumbnail": "https://images.idgesg.net/images/article/2020/06/chess-board-with-rolls-of-international-currency_us_china_india_japan_europe_uk-british_by-nuthawut-somsuk_gettyimages-944886610-2-100849710-small.jpg", "title": "Latest US alert on Chinese companies sparks supply chain concerns", "link": "https://www.computerworld.com/article/3712681/latest-us-alert-on-chinese-companies-sparks-supply-chain-concerns.html#tk.rss_all", "source": "https://www.computerworld.com/index.rss", "page_rating_contents": 0, "dead": false, "language": "en-us", "comments": [], "artist": null, "date_published": "2024-02-01T08:55:00+00:00", "page_rating": 0, "tags": [], "page_rating_visits": 0}]