[{"vote": 0, "age": null, "description": "Sprawa dotyczy kradzie\u017cy.", "permanent": false, "user": null, "page_rating_votes": 0, "album": "", "source_obj__id": 60, "bookmarked": false, "thumbnail": null, "title": "Szukaj\u0105 tej kobiety. Rozpoznajesz?", "link": "https://epoznan.pl/news-news-147502-szukaja_tej_kobiety_rozpoznajesz?rss=1", "source": "https://epoznan.pl/rss", "page_rating_contents": 0, "dead": false, "language": null, "comments": [], "artist": null, "date_published": "2024-02-01T21:30:00+00:00", "page_rating": 0, "tags": [], "page_rating_visits": 0}, {"vote": 0, "age": null, "description": "Drzewa maj\u0105 zagra\u017ca\u0107 poci\u0105gom.", "permanent": false, "user": null, "page_rating_votes": 0, "album": "", "source_obj__id": 60, "bookmarked": false, "thumbnail": null, "title": "Miasto nie zgodzi\u0142o si\u0119 na wyci\u0119cie 650 drzew w centrum Poznania", "link": "https://epoznan.pl/news-news-147501-miasto_nie_zgodzilo_sie_na_wyciecie_650_drzew_w_centrum_poznania?rss=1", "source": "https://epoznan.pl/rss", "page_rating_contents": 0, "dead": false, "language": null, "comments": [], "artist": null, "date_published": "2024-02-01T21:22:00+00:00", "page_rating": 0, "tags": [], "page_rating_visits": 0}, {"vote": 0, "age": null, "description": "Do zdarzenia dosz\u0142o w czwartek rano.", "permanent": false, "user": null, "page_rating_votes": 0, "album": "", "source_obj__id": 60, "bookmarked": false, "thumbnail": null, "title": "W \u015bmiertelnym wypadku na S5 zgin\u0105\u0142 dziennikarz", "link": "https://epoznan.pl/news-news-147500-w_smiertelnym_wypadku_na_s5_zginal_dziennikarz?rss=1", "source": "https://epoznan.pl/rss", "page_rating_contents": 0, "dead": false, "language": null, "comments": [], "artist": null, "date_published": "2024-02-01T21:15:00+00:00", "page_rating": 0, "tags": [], "page_rating_visits": 0}, {"vote": 0, "age": null, "description": "Og\u0142oszono konkurs dla student\u00f3w.", "permanent": false, "user": null, "page_rating_votes": 0, "album": "", "source_obj__id": 60, "bookmarked": false, "thumbnail": null, "title": "W Poznaniu powstanie nowy park. &quot;Jeste\u015bmy zdeterminowani, \u017ceby ten pomys\u0142 zrealizowa\u0107&quot;", "link": "https://epoznan.pl/news-news-147495-w_poznaniu_powstanie_nowy_park_jestesmy_zdeterminowani_zeby_ten_pomysl_zrealizowac?rss=1", "source": "https://epoznan.pl/rss", "page_rating_contents": 0, "dead": false, "language": null, "comments": [], "artist": null, "date_published": "2024-02-01T21:00:00+00:00", "page_rating": 0, "tags": [], "page_rating_visits": 0}, {"vote": 0, "age": null, "description": "Jest oficjalna zgodna na budow\u0119.", "permanent": false, "user": null, "page_rating_votes": 0, "album": "", "source_obj__id": 60, "bookmarked": false, "thumbnail": null, "title": "Ogromny hotel nad Malt\u0105 mo\u017ce zosta\u0107 otwarty w 2026 roku", "link": "https://epoznan.pl/news-news-147499-ogromny_hotel_nad_malta_moze_zostac_otwarty_w_2026_roku?rss=1", "source": "https://epoznan.pl/rss", "page_rating_contents": 0, "dead": false, "language": null, "comments": [], "artist": null, "date_published": "2024-02-01T20:45:00+00:00", "page_rating": 0, "tags": [], "page_rating_visits": 0}, {"vote": 0, "age": null, "description": "Ju\u017c wpadli.", "permanent": false, "user": null, "page_rating_votes": 0, "album": "", "source_obj__id": 60, "bookmarked": false, "thumbnail": null, "title": "Ukradli ponad 200 sztuk zdrapek na stacji paliw w centrum miasta. Nie mieli szcz\u0119\u015bcia", "link": "https://epoznan.pl/news-news-147497-ukradli_ponad_200_sztuk_zdrapek_na_stacji_paliw_w_centrum_miasta_nie_mieli_szczescia?rss=1", "source": "https://epoznan.pl/rss", "page_rating_contents": 0, "dead": false, "language": null, "comments": [], "artist": null, "date_published": "2024-02-01T20:30:00+00:00", "page_rating": 0, "tags": [], "page_rating_visits": 0}, {"vote": 0, "age": null, "description": "Ruch jest wstrzymany.", "permanent": false, "user": null, "page_rating_votes": 0, "album": "", "source_obj__id": 60, "bookmarked": false, "thumbnail": null, "title": "Potr\u0105cenie przez tramwaj na Franowie", "link": "https://epoznan.pl/news-news-147498-potracenie_przez_tramwaj_na_franowie?rss=1", "source": "https://epoznan.pl/rss", "page_rating_contents": 0, "dead": false, "language": null, "comments": [], "artist": null, "date_published": "2024-02-01T20:15:00+00:00", "page_rating": 0, "tags": [], "page_rating_visits": 0}, {"vote": 0, "age": null, "description": "K\u0142adka pieszo-rowerowa w Owi\u0144skach zosta\u0142a nagrodzona w presti\u017cowym konkursie na &quot;Najlepiej zagospodarowan\u0105 przestrze\u0144 publiczn\u0105 w Wielkopolsce&quot;.", "permanent": false, "user": null, "page_rating_votes": 0, "album": "", "source_obj__id": 60, "bookmarked": false, "thumbnail": null, "title": "Du\u017ca i popularna inwestycja pod Poznaniem z presti\u017cow\u0105 nagrod\u0105. &quot;Nowoczesny i innowacyjny obiekt&quot;", "link": "https://epoznan.pl/news-news-147496-duza_i_popularna_inwestycja_pod_poznaniem_z_prestizowa_nagroda_nowoczesny_i_innowacyjny_obiekt?rss=1", "source": "https://epoznan.pl/rss", "page_rating_contents": 0, "dead": false, "language": null, "comments": [], "artist": null, "date_published": "2024-02-01T20:00:00+00:00", "page_rating": 0, "tags": [], "page_rating_visits": 0}, {"vote": 0, "age": null, "description": "Ulice Walentego Stefa\u0144skiego i Eugeniusza Kwiatkowskiego na \u015awierczewie zostan\u0105 przebudowane.", "permanent": false, "user": null, "page_rating_votes": 0, "album": "", "source_obj__id": 60, "bookmarked": false, "thumbnail": null, "title": "Rozpoczyna si\u0119 kolejna inwestycja - na po\u0142udniu Poznania. Dwie ulice b\u0119d\u0105 wy\u0142\u0105czone z ruchu!", "link": "https://epoznan.pl/news-news-147494-rozpoczyna_sie_kolejna_inwestycja_na_poludniu_poznania_dwie_ulice_beda_wylaczone_z_ruchu?rss=1", "source": "https://epoznan.pl/rss", "page_rating_contents": 0, "dead": false, "language": null, "comments": [], "artist": null, "date_published": "2024-02-01T19:30:00+00:00", "page_rating": 0, "tags": [], "page_rating_visits": 0}, {"vote": 0, "age": null, "description": "M\u00f3wi, \u017ce dla \u017cartu.", "permanent": false, "user": null, "page_rating_votes": 0, "album": "", "source_obj__id": 60, "bookmarked": false, "thumbnail": null, "title": "Chwile grozy w sklepie. 17-latek celowa\u0142 do kasjera z broni \u017c\u0105daj\u0105c pieni\u0119dzy", "link": "https://epoznan.pl/news-news-147493-chwile_grozy_w_sklepie_17_latek_celowal_do_kasjera_z_broni_zadajac_pieniedzy?rss=1", "source": "https://epoznan.pl/rss", "page_rating_contents": 0, "dead": false, "language": null, "comments": [], "artist": null, "date_published": "2024-02-01T19:00:00+00:00", "page_rating": 0, "tags": [], "page_rating_visits": 0}, {"vote": 0, "age": null, "description": "Od 1 lutego funkcj\u0119 dyrektora Caritas Archidiecezji Pozna\u0144skiej pe\u0142ni\u0107 b\u0119dzie ks. Karol Maciejak.", "permanent": false, "user": null, "page_rating_votes": 0, "album": "", "source_obj__id": 60, "bookmarked": false, "thumbnail": null, "title": "Abp G\u0105decki wprowadza zmiany w Caritas. Jest nowy dyrektor", "link": "https://epoznan.pl/news-news-147492-abp_gadecki_wprowadza_zmiany_w_caritas_jest_nowy_dyrektor?rss=1", "source": "https://epoznan.pl/rss", "page_rating_contents": 0, "dead": false, "language": null, "comments": [], "artist": null, "date_published": "2024-02-01T18:30:00+00:00", "page_rating": 0, "tags": [], "page_rating_visits": 0}, {"vote": 0, "age": null, "description": "Uczniowie maj\u0105 nowe miejsce, gdzie mog\u0105 uprawia\u0107 sport.", "permanent": false, "user": null, "page_rating_votes": 0, "album": "", "source_obj__id": 60, "bookmarked": false, "thumbnail": null, "title": "Woda nie b\u0119dzie ju\u017c zalewa\u0142a szkolnego dziedzi\u0144ca. Znale\u017ali na to spos\u00f3b", "link": "https://epoznan.pl/news-news-147491-woda_nie_bedzie_juz_zalewala_szkolnego_dziedzinca_znalezli_na_to_sposob?rss=1", "source": "https://epoznan.pl/rss", "page_rating_contents": 0, "dead": false, "language": null, "comments": [], "artist": null, "date_published": "2024-02-01T18:00:00+00:00", "page_rating": 0, "tags": [], "page_rating_visits": 0}, {"vote": 0, "age": null, "description": "W Gnie\u017anie.", "permanent": false, "user": null, "page_rating_votes": 0, "album": "", "source_obj__id": 60, "bookmarked": false, "thumbnail": null, "title": "Oderwa\u0142 si\u0119 fragment balkonu i spad\u0142 na id\u0105c\u0105 chodnikiem kobiet\u0119", "link": "https://epoznan.pl/news-news-147490-oderwal_sie_fragment_balkonu_i_spadl_na_idaca_chodnikiem_kobiete?rss=1", "source": "https://epoznan.pl/rss", "page_rating_contents": 0, "dead": false, "language": null, "comments": [], "artist": null, "date_published": "2024-02-01T17:30:00+00:00", "page_rating": 0, "tags": [], "page_rating_visits": 0}, {"vote": 0, "age": null, "description": "43-letni mieszkaniec powiatu pozna\u0144skiego mo\u017ce trafi\u0107 do wi\u0119zienia na 5 lat.", "permanent": false, "user": null, "page_rating_votes": 0, "album": "", "source_obj__id": 60, "bookmarked": false, "thumbnail": null, "title": "30 tys. z\u0142 strat. M\u0119\u017cczyzna wszed\u0142 na dach Mercedesa i zacz\u0105\u0142 po nim skaka\u0107", "link": "https://epoznan.pl/news-news-147488-30_tys_zl_strat_mezczyzna_wszedl_na_dach_mercedesa_i_zaczal_po_nim_skakac?rss=1", "source": "https://epoznan.pl/rss", "page_rating_contents": 0, "dead": false, "language": null, "comments": [], "artist": null, "date_published": "2024-02-01T16:45:00+00:00", "page_rating": 0, "tags": [], "page_rating_visits": 0}, {"vote": 0, "age": null, "description": "Jest ju\u017c pod opiek\u0105 ratownik\u00f3w.", "permanent": false, "user": null, "page_rating_votes": 0, "album": "", "source_obj__id": 60, "bookmarked": false, "thumbnail": null, "title": "Dzia\u0142ania s\u0142u\u017cb u zbiegu G\u0142ogowskiej i \u015aniadeckich. &quot;Nieprzytomny m\u0119\u017cczyzna w samochodzie&quot;", "link": "https://epoznan.pl/news-news-147489-dzialania_sluzb_u_zbiegu_glogowskiej_i_sniadeckich_nieprzytomny_mezczyzna_w_samochodzie?rss=1", "source": "https://epoznan.pl/rss", "page_rating_contents": 0, "dead": false, "language": null, "comments": [], "artist": null, "date_published": "2024-02-01T16:15:00+00:00", "page_rating": 0, "tags": [], "page_rating_visits": 0}, {"vote": 0, "age": null, "description": "P\u00f3\u017aniej wyruszy do portu w Gdyni.", "permanent": false, "user": null, "page_rating_votes": 0, "album": "", "source_obj__id": 60, "bookmarked": false, "thumbnail": null, "title": "W Poznaniu stan\u0105\u0142 ogromny kontener. Do pi\u0105tku ma by\u0107 wype\u0142niony po brzegi", "link": "https://epoznan.pl/news-news-147487-w_poznaniu_stanal_ogromny_kontener_do_piatku_ma_byc_wypelniony_po_brzegi?rss=1", "source": "https://epoznan.pl/rss", "page_rating_contents": 0, "dead": false, "language": null, "comments": [], "artist": null, "date_published": "2024-02-01T16:00:00+00:00", "page_rating": 0, "tags": [], "page_rating_visits": 0}, {"vote": 0, "age": null, "description": "", "permanent": false, "user": null, "page_rating_votes": 0, "album": "", "source_obj__id": 60, "bookmarked": false, "thumbnail": null, "title": "Akcja policji w podpozna\u0144skiej szkole. Zatrzymano nastolatka z narkotykami", "link": "https://epoznan.pl/news-news-147486-akcja_policji_w_podpoznanskiej_szkole_zatrzymano_nastolatka_z_narkotykami?rss=1", "source": "https://epoznan.pl/rss", "page_rating_contents": 0, "dead": false, "language": null, "comments": [], "artist": null, "date_published": "2024-02-01T15:30:00+00:00", "page_rating": 0, "tags": [], "page_rating_visits": 0}, {"vote": 0, "age": null, "description": "Od lipca 2023 r. miejska infolinia - Biuro Pozna\u0144 Kontakt - wspiera POSUM w prowadzeniu rejestracji pacjent\u00f3w do poradni specjalistycznych.", "permanent": false, "user": null, "page_rating_votes": 0, "album": "", "source_obj__id": 60, "bookmarked": false, "thumbnail": null, "title": "Podsumowuj\u0105 p\u00f3\u0142roczn\u0105 wsp\u00f3\u0142prac\u0119. &quot;\u015aredni czas oczekiwania pacjenta na rozmow\u0119 wynosi 40 sekund&quot;", "link": "https://epoznan.pl/news-news-147485-podsumowuja_polroczna_wspolprace_sredni_czas_oczekiwania_pacjenta_na_rozmowe_wynosi_40_sekund?rss=1", "source": "https://epoznan.pl/rss", "page_rating_contents": 0, "dead": false, "language": null, "comments": [], "artist": null, "date_published": "2024-02-01T15:00:00+00:00", "page_rating": 0, "tags": [], "page_rating_visits": 0}, {"vote": 0, "age": null, "description": "Chodzi o wiadukt Narutowicza.", "permanent": false, "user": null, "page_rating_votes": 0, "album": "", "source_obj__id": 60, "bookmarked": false, "thumbnail": null, "title": "B\u0119dzie zw\u0119\u017cenie pod jednym z pozna\u0144skich wiadukt\u00f3w. Ruch wahad\u0142owy do ko\u0144ca maja!", "link": "https://epoznan.pl/news-news-147484-bedzie_zwezenie_pod_jednym_z_poznanskich_wiaduktow_ruch_wahadlowy_do_konca_maja?rss=1", "source": "https://epoznan.pl/rss", "page_rating_contents": 0, "dead": false, "language": null, "comments": [], "artist": null, "date_published": "2024-02-01T14:30:00+00:00", "page_rating": 0, "tags": [], "page_rating_visits": 0}, {"vote": 0, "age": null, "description": "Do zdarzenia dosz\u0142o na osiedlu Przyja\u017ani.", "permanent": false, "user": null, "page_rating_votes": 0, "album": "", "source_obj__id": 60, "bookmarked": false, "thumbnail": null, "title": "Zuchwa\u0142a kradzie\u017c w Poznaniu. Szuka go policja", "link": "https://epoznan.pl/news-news-147478-zuchwala_kradziez_w_poznaniu_szuka_go_policja?rss=1", "source": "https://epoznan.pl/rss", "page_rating_contents": 0, "dead": false, "language": null, "comments": [], "artist": null, "date_published": "2024-02-01T13:55:00+00:00", "page_rating": 0, "tags": [], "page_rating_visits": 0}, {"vote": 0, "age": null, "description": "Rolnicy chc\u0105 pojawi\u0107 si\u0119 w przysz\u0142ym tygodniu przed Urz\u0119dem Wojew\u00f3dzkim.", "permanent": false, "user": null, "page_rating_votes": 0, "album": "", "source_obj__id": 60, "bookmarked": false, "thumbnail": null, "title": "Rolnicy zapowiadaj\u0105 wielki protest w Poznaniu: nawet 1000 ci\u0105gnik\u00f3w ma wjecha\u0107 do miasta", "link": "https://epoznan.pl/news-news-147482-rolnicy_zapowiadaja_wielki_protest_w_poznaniu_nawet_1000_ciagnikow_ma_wjechac_do_miasta?rss=1", "source": "https://epoznan.pl/rss", "page_rating_contents": 0, "dead": false, "language": null, "comments": [], "artist": null, "date_published": "2024-02-01T13:47:00+00:00", "page_rating": 0, "tags": [], "page_rating_visits": 0}, {"vote": 0, "age": null, "description": "Regularne kursy zacz\u0119\u0142y si\u0119 na PST 1 lutego 1997 roku.", "permanent": false, "user": null, "page_rating_votes": 0, "album": "", "source_obj__id": 60, "bookmarked": false, "thumbnail": null, "title": "Trasa PST wozi poznaniak\u00f3w od 27 lat!", "link": "https://epoznan.pl/news-news-147480-trasa_pst_wozi_poznaniakow_od_27_lat?rss=1", "source": "https://epoznan.pl/rss", "page_rating_contents": 0, "dead": false, "language": null, "comments": [], "artist": null, "date_published": "2024-02-01T13:40:00+00:00", "page_rating": 0, "tags": [], "page_rating_visits": 0}, {"vote": 0, "age": null, "description": "Co odkryli?", "permanent": false, "user": null, "page_rating_votes": 0, "album": "", "source_obj__id": 60, "bookmarked": false, "thumbnail": null, "title": "Policja sprawdzi\u0142a, jak wygl\u0105da sytuacja CH Posnania. W galerii pojawiali si\u0119 nieumundurowani funkcjonariusze", "link": "https://epoznan.pl/news-news-147479-policja_sprawdzila_jak_wyglada_sytuacja_ch_posnania_w_galerii_pojawiali_sie_nieumundurowani_funkcjonariusze?rss=1", "source": "https://epoznan.pl/rss", "page_rating_contents": 0, "dead": false, "language": null, "comments": [], "artist": null, "date_published": "2024-02-01T13:20:00+00:00", "page_rating": 0, "tags": [], "page_rating_visits": 0}, {"vote": 0, "age": null, "description": "Za budow\u0119 odpowiada\u0142a firma Panattoni.", "permanent": false, "user": null, "page_rating_votes": 0, "album": "", "source_obj__id": 60, "bookmarked": false, "thumbnail": null, "title": "W Wielkopolsce uko\u0144czono nowoczesn\u0105 fabryk\u0119 Samsunga. Ma zwi\u0119kszy\u0107 wydajno\u015b\u0107 produkcji", "link": "https://epoznan.pl/news-news-147477-w_wielkopolsce_ukonczono_nowoczesna_fabryke_samsunga_ma_zwiekszyc_wydajnosc_produkcji?rss=1", "source": "https://epoznan.pl/rss", "page_rating_contents": 0, "dead": false, "language": null, "comments": [], "artist": null, "date_published": "2024-02-01T13:10:00+00:00", "page_rating": 0, "tags": [], "page_rating_visits": 0}, {"vote": 0, "age": null, "description": "", "permanent": false, "user": null, "page_rating_votes": 0, "album": "", "source_obj__id": 60, "bookmarked": false, "thumbnail": null, "title": "Kury s\u0105siada wbiega\u0142y na jego posesj\u0119. S\u0105siedzki konflikt zako\u0144czony wyrokiem s\u0105du", "link": "https://epoznan.pl/news-news-147474-kury_sasiada_wbiegaly_na_jego_posesje_sasiedzki_konflikt_zakonczony_wyrokiem_sadu?rss=1", "source": "https://epoznan.pl/rss", "page_rating_contents": 0, "dead": false, "language": null, "comments": [], "artist": null, "date_published": "2024-02-01T12:45:00+00:00", "page_rating": 0, "tags": [], "page_rating_visits": 0}, {"vote": 0, "age": null, "description": "W marcu odb\u0119dzie si\u0119 kurs prawa jazdy kategorii D i kwalifikacji wst\u0119pnej.", "permanent": false, "user": null, "page_rating_votes": 0, "album": "", "source_obj__id": 60, "bookmarked": false, "thumbnail": null, "title": "MPK Pozna\u0144 wci\u0105\u017c szuka pracownik\u00f3w. Nie tylko kierowc\u00f3w autobus\u00f3w", "link": "https://epoznan.pl/news-news-147472-mpk_poznan_wciaz_szuka_pracownikow_nie_tylko_kierowcow_autobusow?rss=1", "source": "https://epoznan.pl/rss", "page_rating_contents": 0, "dead": false, "language": null, "comments": [], "artist": null, "date_published": "2024-02-01T12:05:00+00:00", "page_rating": 0, "tags": [], "page_rating_visits": 0}, {"vote": 0, "age": null, "description": "Do zdarzenia dosz\u0142o oko\u0142o 11.35 pod Ko\u015bcianem.", "permanent": false, "user": null, "page_rating_votes": 0, "album": "", "source_obj__id": 60, "bookmarked": false, "thumbnail": null, "title": "Trasa S5 zablokowana po tragicznym wypadku. Kierowca jecha\u0142 pod pr\u0105d!", "link": "https://epoznan.pl/news-news-147475-trasa_s5_zablokowana_po_tragicznym_wypadku_kierowca_jechal_pod_prad?rss=1", "source": "https://epoznan.pl/rss", "page_rating_contents": 0, "dead": false, "language": null, "comments": [], "artist": null, "date_published": "2024-02-01T11:34:00+00:00", "page_rating": 0, "tags": [], "page_rating_visits": 0}, {"vote": 0, "age": null, "description": "", "permanent": false, "user": null, "page_rating_votes": 0, "album": "", "source_obj__id": 60, "bookmarked": false, "thumbnail": null, "title": "Stary Rynek jednego dnia bez trykaj\u0105cych si\u0119 kozio\u0142k\u00f3w. Przez... brak pr\u0105du", "link": "https://epoznan.pl/news-news-147469-stary_rynek_jednego_dnia_bez_trykajacych_sie_koziolkow_przez_brak_pradu?rss=1", "source": "https://epoznan.pl/rss", "page_rating_contents": 0, "dead": false, "language": null, "comments": [], "artist": null, "date_published": "2024-02-01T11:31:00+00:00", "page_rating": 0, "tags": [], "page_rating_visits": 0}, {"vote": 0, "age": null, "description": "Wchodz\u0105 w \u017cycie ju\u017c w czwartek, ale obecnie to okres przej\u015bciowy.", "permanent": false, "user": null, "page_rating_votes": 0, "album": "", "source_obj__id": 60, "bookmarked": false, "thumbnail": null, "title": "Korzystasz z hulajnogi lub roweru na minuty? Spore zmiany dla u\u017cytkownik\u00f3w w centrum miasta!", "link": "https://epoznan.pl/news-news-147470-korzystasz_z_hulajnogi_lub_roweru_na_minuty_spore_zmiany_dla_uzytkownikow_w_centrum_miasta?rss=1", "source": "https://epoznan.pl/rss", "page_rating_contents": 0, "dead": false, "language": null, "comments": [], "artist": null, "date_published": "2024-02-01T11:00:00+00:00", "page_rating": 0, "tags": [], "page_rating_visits": 0}, {"vote": 0, "age": null, "description": "O sprawie poinformowa\u0142 nas Czytelnik.", "permanent": false, "user": null, "page_rating_votes": 0, "album": "", "source_obj__id": 60, "bookmarked": false, "thumbnail": null, "title": "Policjanci na jeziorze Malta\u0144skim. Trwaj\u0105 poszukiwania cz\u0142owieka", "link": "https://epoznan.pl/news-news-147473-policjanci_na_jeziorze_maltanskim_trwaja_poszukiwania_czlowieka?rss=1", "source": "https://epoznan.pl/rss", "page_rating_contents": 0, "dead": false, "language": null, "comments": [], "artist": null, "date_published": "2024-02-01T10:38:00+00:00", "page_rating": 0, "tags": [], "page_rating_visits": 0}, {"vote": 0, "age": null, "description": "To Jaros\u0142aw Maciejewski.", "permanent": false, "user": null, "page_rating_votes": 0, "album": "", "source_obj__id": 60, "bookmarked": false, "thumbnail": null, "title": "Jest drugi wicewojewoda! Kto nim zosta\u0142?", "link": "https://epoznan.pl/news-news-147471-jest_drugi_wicewojewoda_kto_nim_zostal?rss=1", "source": "https://epoznan.pl/rss", "page_rating_contents": 0, "dead": false, "language": null, "comments": [], "artist": null, "date_published": "2024-02-01T10:30:00+00:00", "page_rating": 0, "tags": [], "page_rating_visits": 0}, {"vote": 0, "age": null, "description": "Kto konkretnie?", "permanent": false, "user": null, "page_rating_votes": 0, "album": "", "source_obj__id": 60, "bookmarked": false, "thumbnail": null, "title": "Rozpoczyna si\u0119 kwalifikacja wojskowa w regionie. Wezwanie dostanie ponad 20 tysi\u0119cy os\u00f3b", "link": "https://epoznan.pl/news-news-147467-rozpoczyna_sie_kwalifikacja_wojskowa_w_regionie_wezwanie_dostanie_ponad_20_tysiecy_osob?rss=1", "source": "https://epoznan.pl/rss", "page_rating_contents": 0, "dead": false, "language": null, "comments": [], "artist": null, "date_published": "2024-02-01T10:00:00+00:00", "page_rating": 0, "tags": [], "page_rating_visits": 0}, {"vote": 0, "age": null, "description": "Niebezpiecznie w powiecie ostrowskim.", "permanent": false, "user": null, "page_rating_votes": 0, "album": "", "source_obj__id": 60, "bookmarked": false, "thumbnail": null, "title": "M\u0119\u017cczyzna poparzony w wyniku wybuchu w domu. Z okien wylecia\u0142y szyby", "link": "https://epoznan.pl/news-news-147468-mezczyzna_poparzony_w_wyniku_wybuchu_w_domu_z_okien_wylecialy_szyby?rss=1", "source": "https://epoznan.pl/rss", "page_rating_contents": 0, "dead": false, "language": null, "comments": [], "artist": null, "date_published": "2024-02-01T09:22:00+00:00", "page_rating": 0, "tags": [], "page_rating_visits": 0}, {"vote": 0, "age": null, "description": "Kiedy ma powsta\u0107?", "permanent": false, "user": null, "page_rating_votes": 0, "album": "", "source_obj__id": 60, "bookmarked": false, "thumbnail": null, "title": "Jest przetarg na wybudowanie nowej pozna\u0144skiej p\u0142ywalni!", "link": "https://epoznan.pl/news-news-147466-jest_przetarg_na_wybudowanie_nowej_poznanskiej_plywalni?rss=1", "source": "https://epoznan.pl/rss", "page_rating_contents": 0, "dead": false, "language": null, "comments": [], "artist": null, "date_published": "2024-02-01T09:05:00+00:00", "page_rating": 0, "tags": [], "page_rating_visits": 0}, {"vote": 0, "age": null, "description": "Co zrobi\u0142?", "permanent": false, "user": null, "page_rating_votes": 0, "album": "", "source_obj__id": 60, "bookmarked": false, "thumbnail": null, "title": "30 punkt\u00f3w karnych i 3000 z\u0142otych mandatu dla 25-latka z audi", "link": "https://epoznan.pl/news-news-147465-30_punktow_karnych_i_3000_zlotych_mandatu_dla_25_latka_z_audi?rss=1", "source": "https://epoznan.pl/rss", "page_rating_contents": 0, "dead": false, "language": null, "comments": [], "artist": null, "date_published": "2024-02-01T08:20:00+00:00", "page_rating": 0, "tags": [], "page_rating_visits": 0}, {"vote": 0, "age": null, "description": "Chodzi o 800+.", "permanent": false, "user": null, "page_rating_votes": 0, "album": "", "source_obj__id": 60, "bookmarked": false, "thumbnail": null, "title": "Od czwartku mo\u017cna sk\u0142ada\u0107 wnioski o \u015bwiadczenie na dziecko. Jak to zrobi\u0107?", "link": "https://epoznan.pl/news-news-147464-od_czwartku_mozna_skladac_wnioski_o_swiadczenie_na_dziecko_jak_to_zrobic?rss=1", "source": "https://epoznan.pl/rss", "page_rating_contents": 0, "dead": false, "language": null, "comments": [], "artist": null, "date_published": "2024-02-01T07:45:00+00:00", "page_rating": 0, "tags": [], "page_rating_visits": 0}, {"vote": 0, "age": null, "description": "Powsta\u0142 przy ulicy Norwida.", "permanent": false, "user": null, "page_rating_votes": 0, "album": "", "source_obj__id": 60, "bookmarked": false, "thumbnail": null, "title": "Na Je\u017cycach powsta\u0142 nowy skwer. Mo\u017cna z niego podziwia\u0107 poci\u0105gi i tramwaje!", "link": "https://epoznan.pl/news-news-147463-na_jezycach_powstal_nowy_skwer_mozna_z_niego_podziwiac_pociagi_i_tramwaje?rss=1", "source": "https://epoznan.pl/rss", "page_rating_contents": 0, "dead": false, "language": null, "comments": [], "artist": null, "date_published": "2024-02-01T07:10:00+00:00", "page_rating": 0, "tags": [], "page_rating_visits": 0}, {"vote": 0, "age": null, "description": "Czytelnik skar\u017cy si\u0119, \u017ce rondo jest zapuszczone.", "permanent": false, "user": null, "page_rating_votes": 0, "album": "", "source_obj__id": 60, "bookmarked": false, "thumbnail": null, "title": "Rondo Kaponiera w brudzie i \u015bmieciach? &quot;Chwasty, lepi\u0105ce schody, od miesi\u0119cy nieruszone windy&quot;", "link": "https://epoznan.pl/news-news-147462-rondo_kaponiera_w_brudzie_i_smieciach_chwasty_lepiace_schody_od_miesiecy_nieruszone_windy?rss=1", "source": "https://epoznan.pl/rss", "page_rating_contents": 0, "dead": false, "language": null, "comments": [], "artist": null, "date_published": "2024-02-01T06:35:00+00:00", "page_rating": 0, "tags": [], "page_rating_visits": 0}]