[{"vote": 0, "age": null, "description": "Rada nadzorcza Orlenu odwo\u0142a\u0142a ze stanowiska prezesa koncernu Daniela Obajtka. Przestanie pe\u0142ni\u0107 funkcj\u0119 5 lutego - dzie\u0144 przed nadzwyczajnym walnym zgromadzeniem koncernu. Akcje koncernu na warszawskiej gie\u0142dzie zyska\u0142y po publikacji komunikatu o prawie 4 procent.", "permanent": false, "user": null, "page_rating_votes": 0, "album": "", "source_obj__id": 451, "bookmarked": false, "thumbnail": null, "title": "Prezes Orlenu Daniel Obajtek odwo\u0142any ze stanowiska. \"To jest sprawa honorowa\"", "link": "https://energia.rp.pl/energetyka-zawodowa/art39772561-prezes-orlenu-daniel-obajtek-odwolany-ze-stanowiska-to-jest-sprawa-honorowa", "source": "https://energia.rp.pl/rss/4351-energetyka", "page_rating_contents": 0, "dead": false, "language": "pl-PL", "comments": [], "artist": null, "date_published": "2024-02-01T09:55:00+00:00", "page_rating": 0, "tags": [], "page_rating_visits": 0}, {"vote": 0, "age": null, "description": "Wraz z pocz\u0105tkiem lutego firmy z bran\u017c, kt\u00f3re szczeg\u00f3lnie odczu\u0142y wzrost cen energii, mog\u0105 wnioskowa\u0107 o pomoc z rz\u0105dowego programu wsparcia.", "permanent": false, "user": null, "page_rating_votes": 0, "album": "", "source_obj__id": 451, "bookmarked": false, "thumbnail": null, "title": "Rusza kolejna runda pomocy dla bran\u017cy energoch\u0142onnej. Do wzi\u0119cia miliard z\u0142otych", "link": "https://energia.rp.pl/transformacja-energetyczna/art39772701-rusza-kolejna-runda-pomocy-dla-branzy-energochlonnej-do-wziecia-miliard-zlotych", "source": "https://energia.rp.pl/rss/4351-energetyka", "page_rating_contents": 0, "dead": false, "language": "pl-PL", "comments": [], "artist": null, "date_published": "2024-02-01T09:51:48+00:00", "page_rating": 0, "tags": [], "page_rating_visits": 0}, {"vote": 0, "age": null, "description": "Na wszystkie mo\u017cliwo\u015bci trzeba by\u0107 przygotowanym - powiedzia\u0142 prezes Orlenu Daniel Obajtek w Radiu Zet na pytanie czy nie obawia si\u0119 zatrzymania przez ABW. Prezes Orlenu powiedzia\u0142, \u017ce dzi\u015b na posiedzeniu rady nadzorczej ma zapa\u015b\u0107 decyzja o jego przysz\u0142o\u015bci. - To jest sprawa honorowa - doda\u0142.", "permanent": false, "user": null, "page_rating_votes": 0, "album": "", "source_obj__id": 451, "bookmarked": false, "thumbnail": null, "title": "Daniel Obajtek sam dzi\u015b odejdzie? Prezes Orlenu o swojej przysz\u0142o\u015bci", "link": "https://energia.rp.pl/energetyka-zawodowa/art39771911-daniel-obajtek-sam-dzis-odejdzie-prezes-orlenu-o-swojej-przyszlosci", "source": "https://energia.rp.pl/rss/4351-energetyka", "page_rating_contents": 0, "dead": false, "language": "pl-PL", "comments": [], "artist": null, "date_published": "2024-02-01T07:08:00+00:00", "page_rating": 0, "tags": [], "page_rating_visits": 0}]