[{"vote": 0, "age": null, "description": "Back in April, we were joined on the podcast by Chris Riley, the Executive Director of the new nonprofit Data Transfer Initiative that aimed to promote data portability and empower users to transfer their data from one service to another. Today, the Initiative has released its first annual report (pdf link), and Chris is back [&#8230;]", "permanent": false, "user": null, "page_rating_votes": 0, "album": "", "source_obj__id": 318, "bookmarked": false, "thumbnail": null, "title": "Techdirt Podcast Episode 378: The Data Transfer Initiative After One Year", "link": "https://www.techdirt.com/2024/02/01/techdirt-podcast-episode-378-the-data-transfer-initiative-after-one-year", "source": "https://www.techdirt.com/feed/", "page_rating_contents": 0, "dead": false, "language": "en-US", "comments": [], "artist": null, "date_published": "2024-02-01T21:30:00+00:00", "page_rating": 0, "tags": [], "page_rating_visits": 0}, {"vote": 0, "age": null, "description": "So as you probably know, yesterday, the Senate held one of its semi-regular \u201clet\u2019s call tech CEOs to Congress and make ourselves look out of touch and foolish\u201d hearings. This time the focus of the discussion was on \u201cchildren\u2019s safety,\u201d but there was little to no discussion on what it actually takes to protect children [&#8230;]", "permanent": false, "user": null, "page_rating_votes": 0, "album": "", "source_obj__id": 318, "bookmarked": false, "thumbnail": null, "title": "ExTwitter CEO Yaccarino Says They Support Censorial KOSA Law And Wants To \u2018Make Sure It Accelerates\u2019", "link": "https://www.techdirt.com/2024/02/01/extwitter-ceo-yaccarino-says-they-support-censorial-kosa-law-and-wants-to-make-sure-it-accelerates", "source": "https://www.techdirt.com/feed/", "page_rating_contents": 0, "dead": false, "language": "en-US", "comments": [], "artist": null, "date_published": "2024-02-01T20:17:36+00:00", "page_rating": 0, "tags": [], "page_rating_visits": 0}, {"vote": 0, "age": null, "description": "US Private Vaults has an interesting business model. It offered something akin to end-to-end-encryption for physical goods. Unlike banks and their safety deposit boxes, US Private Vaults did not collect or retain information about its customers. Nor did it retain master keys that would allow it to access stored goods. This lack of master keys [&#8230;]", "permanent": false, "user": null, "page_rating_votes": 0, "album": "", "source_obj__id": 318, "bookmarked": false, "thumbnail": null, "title": "Appeals Court Says FBI Violated The Fourth Amendment During Its Raid Of US Private Vaults", "link": "https://www.techdirt.com/2024/02/01/appeals-court-says-fbi-violated-the-fourth-amendment-during-its-raid-of-us-private-vaults", "source": "https://www.techdirt.com/feed/", "page_rating_contents": 0, "dead": false, "language": "en-US", "comments": [], "artist": null, "date_published": "2024-02-01T18:54:37+00:00", "page_rating": 0, "tags": [], "page_rating_visits": 0}, {"vote": 0, "age": null, "description": "Dive into Godot \u2013 a rising star in the game engine world. You\u2019ll learn to create platformers, RPGs, strategy games, FPS games, and more as you master this free and open-source engine with easily expandable systems. Plus, you\u2019ll also explore techniques for game design and game asset creation \u2013 giving you the ultimate techniques to [&#8230;]", "permanent": false, "user": null, "page_rating_votes": 0, "album": "", "source_obj__id": 318, "bookmarked": false, "thumbnail": null, "title": "Daily Deal: The 2024 Complete Godot Stack Development Bundle", "link": "https://www.techdirt.com/2024/02/01/daily-deal-the-2024-complete-godot-stack-development-bundle-2", "source": "https://www.techdirt.com/feed/", "page_rating_contents": 0, "dead": false, "language": "en-US", "comments": [], "artist": null, "date_published": "2024-02-01T18:49:37+00:00", "page_rating": 0, "tags": [], "page_rating_visits": 0}, {"vote": 0, "age": null, "description": "Back in December, we wrote about Appin. We were not writing about the reports (of which there have been many) that the organization that started as a sort of cybersecurity training school, but morphed into a kind of \u201chack-for-hire\u201d scheme was involved in all sorts of nefarious activity. Rather we wrote about their (ab)use of [&#8230;]", "permanent": false, "user": null, "page_rating_votes": 0, "album": "", "source_obj__id": 318, "bookmarked": false, "thumbnail": null, "title": "Sorry Appin, We\u2019re Not Taking Down Our Article About Your Attempts To Silence Reporters", "link": "https://www.techdirt.com/2024/02/01/sorry-appin-were-not-taking-down-our-article-about-your-attempts-to-silence-reporters", "source": "https://www.techdirt.com/feed/", "page_rating_contents": 0, "dead": false, "language": "en-US", "comments": [], "artist": null, "date_published": "2024-02-01T17:30:00+00:00", "page_rating": 0, "tags": [], "page_rating_visits": 0}, {"vote": 0, "age": null, "description": "When last we checked in with right wing propaganda mill One America News (OAN), the conspiratorial gibberish farm was busy trying to pretend (with the help of numerous Republican AGs) that DirecTV\u2019s decision to boot the network from its cable lineup was part of&#160;a vast, diabolical cabal&#160;to censor conservatives (it wasn&#8217;t, the channel simply isn&#8217;t [&#8230;]", "permanent": false, "user": null, "page_rating_votes": 0, "album": "", "source_obj__id": 318, "bookmarked": false, "thumbnail": null, "title": "Smartmatic Claims OAN Violated Privacy Laws By Giving Employee Passwords To Trump Campaign", "link": "https://www.techdirt.com/2024/02/01/smartmatic-claims-oan-violated-privacy-laws-by-giving-employee-passwords-to-trump-campaign", "source": "https://www.techdirt.com/feed/", "page_rating_contents": 0, "dead": false, "language": "en-US", "comments": [], "artist": null, "date_published": "2024-02-01T13:29:17+00:00", "page_rating": 0, "tags": [], "page_rating_visits": 0}, {"vote": 0, "age": null, "description": "Here we go again. In the long and vaunted history of DRM in software, and especially in video games, there is one general truism: DRM tends to effect only legitimate buyers while so-called &#8220;pirates&#8221; route around it completely. There are all kinds of anecdotal stories as to the annoyances at best, and game-crippling outcomes at [&#8230;]", "permanent": false, "user": null, "page_rating_votes": 0, "album": "", "source_obj__id": 318, "bookmarked": false, "thumbnail": null, "title": "Capcom Appears To Break Monster Hunter For The Steam Deck After DRM Swap", "link": "https://www.techdirt.com/2024/01/31/capcom-appears-to-break-monster-hunter-for-the-steam-deck-after-drm-swap", "source": "https://www.techdirt.com/feed/", "page_rating_contents": 0, "dead": false, "language": "en-US", "comments": [], "artist": null, "date_published": "2024-02-01T04:01:37+00:00", "page_rating": 0, "tags": [], "page_rating_visits": 0}]