[{"vote": 0, "age": null, "description": "<img align=\"right\" hspace=\"5\" src=\"https://ocdn.eu/pulscms-transforms/1/-qhktkuTURBXy82NGY0ZmYwMS0zOWZmLTQ2MzktYjNmZi05NzVhYjMzOTMwYWUuanBlZ5GTBc0BHcyg\" />Co by by\u0142o, gdyby\u015b m\u00f3g\u0142 wyobrazi\u0107 sobie film i zobaczy\u0107 go na ekranie w ci\u0105gu kilku sekund? To w\u0142a\u015bnie umo\u017cliwia nowy generator z tekstu na wideo o nazwie Lumiere, opracowany przez zesp\u00f3\u0142 badaczy AI z Google Research.", "permanent": false, "user": null, "page_rating_votes": 0, "album": "", "source_obj__id": 110, "bookmarked": false, "thumbnail": null, "title": "Lumiere od Google'a: sztuczna inteligencja zrewolucjonizuje kino?", "link": "https://forsal.pl/lifestyle/technologie/artykuly/9413005,lumiere-od-googlea-sztuczna-inteligencja-zrewolucjonizuje-kino.html", "source": "https://forsal.pl/.feed", "page_rating_contents": 0, "dead": false, "language": "pl", "comments": [], "artist": "Forsal.pl", "date_published": "2024-02-01T20:29:05+00:00", "page_rating": 0, "tags": [], "page_rating_visits": 0}, {"vote": 0, "age": null, "description": "<img align=\"right\" hspace=\"5\" src=\"https://ocdn.eu/pulscms-transforms/1/KCYktkuTURBXy8zYjBmMDAyOS04N2ZiLTQ5Y2EtOTJkMC1lOGNlYzdlYTNlMWYuanBlZ5GTBc0BHcyg\" />Niemieckie ministerstwo gospodarki planuje do pocz\u0105tku marca wyw\u0142aszczy\u0107 rosyjski koncern Rosnieft z rafinerii ropy naftowej PCK Schwedt i sprzeda\u0107 udzia\u0142y Polakom \u2013 napisa\u0142 w czwartek niemiecki portal Business Insider (BI).", "permanent": false, "user": null, "page_rating_votes": 0, "album": "", "source_obj__id": 110, "bookmarked": false, "thumbnail": null, "title": "Niemcy planuj\u0105 wyw\u0142aszczy\u0107 Rosjan z rafinerii w Schwedt.  Udzia\u0142y trafi\u0105 do Polski?", "link": "https://forsal.pl/biznes/energetyka/artykuly/9422816,niemcy-planuja-wywlaszczyc-rosjan-z-rafinerii-w-schwedt-udzialy-traf.html", "source": "https://forsal.pl/.feed", "page_rating_contents": 0, "dead": false, "language": "pl", "comments": [], "artist": "Forsal.pl", "date_published": "2024-02-01T20:07:38+00:00", "page_rating": 0, "tags": [], "page_rating_visits": 0}, {"vote": 0, "age": null, "description": "<img align=\"right\" hspace=\"5\" src=\"https://ocdn.eu/pulscms-transforms/1/0IOktkuTURBXy83YzgyMmY4ZC05NDVmLTQ5MWYtYTJiYy02YWIxYTQxMjkyNTcuanBlZ5GTBc0BHcyg\" />Czym s\u0105 baterie p\u00f3\u0142przewodnikowe i czym r\u00f3\u017cni\u0105 si\u0119 od tych stosowanych dzi\u015b w samochodach? Dlaczego wielu ekspert\u00f3w uwa\u017ca je za prze\u0142om w motoryzacji i rozwoju elektromobilno\u015bci?", "permanent": false, "user": null, "page_rating_votes": 0, "album": "", "source_obj__id": 110, "bookmarked": false, "thumbnail": null, "title": "Automotive: baterie przysz\u0142o\u015bci (powoli) nadchodz\u0105", "link": "https://forsal.pl/motoforsal/artykuly/9415230,automotive-baterie-przyszlosci-powoli-nadchodza.html", "source": "https://forsal.pl/.feed", "page_rating_contents": 0, "dead": false, "language": "pl", "comments": [], "artist": "Forsal.pl", "date_published": "2024-02-01T18:30:00+00:00", "page_rating": 0, "tags": [], "page_rating_visits": 0}, {"vote": 0, "age": null, "description": "<img align=\"right\" hspace=\"5\" src=\"https://ocdn.eu/pulscms-transforms/1/FHTktkuTURBXy9mNDA4MjNkNy1hODM2LTQ2N2UtOTNhYy1hZGQyMDI3YzZlYTguanBlZ5GTBc0BHcyg\" />Minister rolnictwa Czes\u0142awa Siekierski oceni\u0142 w czwartek, \u017ce Komisja Europejska &quot;budzi si\u0119 &quot;i zaczyna dostrzega\u0107 problemy rolnik\u00f3w zwi\u0105zane m.in. z nap\u0142ywem produkt\u00f3w z Ukrainy.", "permanent": false, "user": null, "page_rating_votes": 0, "album": "", "source_obj__id": 110, "bookmarked": false, "thumbnail": null, "title": "Minister rolnictwa: Komisja Europejska zaczyna dostrzega\u0107 problemy rolnik\u00f3w", "link": "https://forsal.pl/biznes/rolnictwo/artykuly/9422718,minister-rolnictwa-komisja-europejska-zaczyna-dostrzegac-problemy-rol.html", "source": "https://forsal.pl/.feed", "page_rating_contents": 0, "dead": false, "language": "pl", "comments": [], "artist": "Forsal.pl", "date_published": "2024-02-01T18:01:21+00:00", "page_rating": 0, "tags": [], "page_rating_visits": 0}, {"vote": 0, "age": null, "description": "<img align=\"right\" hspace=\"5\" src=\"https://ocdn.eu/pulscms-transforms/1/vUdktkuTURBXy8yNzNkNTU3Mi0yNTJlLTQwMWYtOGJmOS0xOTkzZGM5MGI1NjcuanBlZ5GTBc0BHcyg\" />42 proc. Polak\u00f3w odczuwa zdenerwowanie na my\u015bl o sytuacji w Polsce. Najbardziej zadowoleni s\u0105 wyborcy KO (37 proc.), najmniej \u2013 Konfederacji (5 proc.). Wyborcy Lewicy najcz\u0119\u015bciej czuj\u0105 za\u017cenowanie (52 proc.) \u2013 wynika z sonda\u017cu CBOS &quot;Co teraz czuj\u0105 Polacy?&quot;.", "permanent": false, "user": null, "page_rating_votes": 0, "album": "", "source_obj__id": 110, "bookmarked": false, "thumbnail": null, "title": "Co czuj\u0105 Polacy na my\u015bl o sytuacji w Polsce? Przewa\u017caj\u0105 negatywne emocje [SONDA\u017b]", "link": "https://forsal.pl/artykuly/9422711,co-czuja-polacy-na-mysl-o-sytuacji-w-polsce-przewazaja-negatywne-emoc.html", "source": "https://forsal.pl/.feed", "page_rating_contents": 0, "dead": false, "language": "pl", "comments": [], "artist": "Forsal.pl", "date_published": "2024-02-01T17:40:27+00:00", "page_rating": 0, "tags": [], "page_rating_visits": 0}, {"vote": 0, "age": null, "description": "<img align=\"right\" hspace=\"5\" src=\"https://ocdn.eu/pulscms-transforms/1/_5UktkuTURBXy9hODMxNmJiYi1hMmYyLTQzNTEtOWYzOS02N2EyZTUwMDU1MzguanBlZ5GTBc0BHcyg\" />Mo\u017ce si\u0119 zdarzy\u0107, \u017ce podwy\u017cki wynagrodze\u0144 nauczycieli nie b\u0119d\u0105, jak zak\u0142adali\u015bmy, od marca, lecz dopiero od kwietnia z wyr\u00f3wnaniem od stycznia \u2013 poinformowa\u0142a w czwartek po spotkaniu ze zwi\u0105zkami zawodowymi minister edukacji Barbara Nowacka. Kolejne rozmowy 8 lutego.", "permanent": false, "user": null, "page_rating_votes": 0, "album": "", "source_obj__id": 110, "bookmarked": false, "thumbnail": null, "title": "Podwy\u017cki dla nauczycieli dopiero od kwietnia? Mog\u0105 by\u0107 nawet p\u00f3\u017aniej", "link": "https://forsal.pl/lifestyle/edukacja/artykuly/9422703,podwyzki-dla-nauczycieli-dopiero-od-kwietnia-moga-byc-nawet-pozniej.html", "source": "https://forsal.pl/.feed", "page_rating_contents": 0, "dead": false, "language": "pl", "comments": [], "artist": "Forsal.pl", "date_published": "2024-02-01T17:03:30+00:00", "page_rating": 0, "tags": [], "page_rating_visits": 0}, {"vote": 0, "age": null, "description": "<img align=\"right\" hspace=\"5\" src=\"https://ocdn.eu/pulscms-transforms/1/57XktkuTURBXy8wMzEyZTI5Zi01NGFmLTRlODMtYmU3Yy0wNGFjNjcwODdiOWMuanBlZ5GTBc0BHcyg\" />Mimo sankcji na\u0142o\u017conych na Rosj\u0119 po ataku na Ukrain\u0119 ameryka\u0144ska rafineria zaimportowa\u0142a 10 tys. bary\u0142ek rosyjskiej ropy. Umo\u017cliwi\u0142a to luka w zakresie mieszania surowca w terminalach magazynowych na Bahamach.", "permanent": false, "user": null, "page_rating_votes": 0, "album": "", "source_obj__id": 110, "bookmarked": false, "thumbnail": null, "title": "Mimo sankcji rosyjska ropa naftowa trafia do USA", "link": "https://forsal.pl/swiat/usa/artykuly/9420436,mimo-sankcji-rosyjska-ropa-naftowa-trafia-do-usa.html", "source": "https://forsal.pl/.feed", "page_rating_contents": 0, "dead": false, "language": "pl", "comments": [], "artist": "Forsal.pl", "date_published": "2024-02-01T17:00:00+00:00", "page_rating": 0, "tags": [], "page_rating_visits": 0}, {"vote": 0, "age": null, "description": "<img align=\"right\" hspace=\"5\" src=\"https://ocdn.eu/pulscms-transforms/1/hCiktkuTURBXy8yOTE1ZTZjOC01OTc2LTRkNjEtOGE4Ni1kYWJkZWM0Njc3NDIuanBlZ5GTBc0BHcyg\" />W czwartek po godz. 17 ceny ropy naftowej Brent na gie\u0142dzie w Londynie wzros\u0142y o 0,73 proc., do 81,14 dol. za bary\u0142k\u0119. Notowania ropy WTI na gie\u0142dzie w Nowym Jorku r\u00f3wnie\u017c sz\u0142y w g\u00f3r\u0119 - o 0,98 proc., do 76,59 dol. za bary\u0142k\u0119.", "permanent": false, "user": null, "page_rating_votes": 0, "album": "", "source_obj__id": 110, "bookmarked": false, "thumbnail": null, "title": "Notowania ropy w g\u00f3r\u0119. Zar\u00f3wno Brent, jak i WTI", "link": "https://forsal.pl/gospodarka/aktualnosci/artykuly/9422697,notowania-ropy-w-gore-zarowno-brent-jak-i-wti.html", "source": "https://forsal.pl/.feed", "page_rating_contents": 0, "dead": false, "language": "pl", "comments": [], "artist": "Forsal.pl", "date_published": "2024-02-01T16:35:18+00:00", "page_rating": 0, "tags": [], "page_rating_visits": 0}, {"vote": 0, "age": null, "description": "<img align=\"right\" hspace=\"5\" src=\"https://ocdn.eu/pulscms-transforms/1/f4JktkuTURBXy81YTlkNWYyOC1mOTgzLTRlYjYtYjAyMS03NDRiMTU0MTdlZmMuanBlZ5GTBc0BHcyg\" />Pomimo czwartkowego kompromisu w sprawie pomocy finansowej dla Ukrainy, Unia Europejska jest coraz bardziej poirytowana polityk\u0105 premiera W\u0119gier Viktora Orbana \u2013 oceni\u0142a w rozmowie z PAP Ilona Gizi\u0144ska, analityczka ds. W\u0119gier z warszawskiego O\u015brodka Studi\u00f3w Wschodnich (OSW).", "permanent": false, "user": null, "page_rating_votes": 0, "album": "", "source_obj__id": 110, "bookmarked": false, "thumbnail": null, "title": "UE coraz bardziej poirytowana polityk\u0105 W\u0119gier? Ale kompromis jest", "link": "https://forsal.pl/artykuly/9422689,ue-coraz-bardziej-poirytowana-polityka-wegier-ale-kompromis-jest.html", "source": "https://forsal.pl/.feed", "page_rating_contents": 0, "dead": false, "language": "pl", "comments": [], "artist": "Forsal.pl", "date_published": "2024-02-01T16:13:27+00:00", "page_rating": 0, "tags": [], "page_rating_visits": 0}, {"vote": 0, "age": null, "description": "<img align=\"right\" hspace=\"5\" src=\"https://ocdn.eu/pulscms-transforms/1/d2bktkuTURBXy9iZmU5OTlkOC1lZmI3LTRiMTQtOWMxMC02MDBmMjJiZWVjODMuanBlZ5GTBc0BHcyg\" />Niemiecka gospodarka zmierza w kierunku recesji, a to stawia Europ\u0119 \u015arodkow\u0105 w obliczu powa\u017cnych zagro\u017ce\u0144. Region jest silnie uzale\u017cniony od niemieckiego eksportu, a w szczeg\u00f3lno\u015bci od sektora motoryzacyjnego. Je\u015bli gospodarka niemiecka za\u0142amie si\u0119, to b\u0119dzie to oznacza\u0142o powa\u017cne problemy dla kraj\u00f3w Europy \u015arodkowej.", "permanent": false, "user": null, "page_rating_votes": 0, "album": "", "source_obj__id": 110, "bookmarked": false, "thumbnail": null, "title": "Niemiecki kryzys stawia Europ\u0119 \u015arodkow\u0105 pod \u015bcian\u0105", "link": "https://forsal.pl/swiat/unia-europejska/artykuly/9415092,niemiecki-kryzys-stawia-europe-srodkowa-pod-sciana.html", "source": "https://forsal.pl/.feed", "page_rating_contents": 0, "dead": false, "language": "pl", "comments": [], "artist": "Forsal.pl", "date_published": "2024-02-01T15:14:36+00:00", "page_rating": 0, "tags": [], "page_rating_visits": 0}, {"vote": 0, "age": null, "description": "<img align=\"right\" hspace=\"5\" src=\"https://ocdn.eu/pulscms-transforms/1/V4yktkuTURBXy81YjE1N2E1NC0zY2JmLTQ4ZTUtYmYzMi04ZDNlMmMyMWI1NDUuanBlZ5GTBc0BHcyg\" />undefined", "permanent": false, "user": null, "page_rating_votes": 0, "album": "", "source_obj__id": 110, "bookmarked": false, "thumbnail": null, "title": "PMI dla przemys\u0142u USA w g\u00f3r\u0119 do 50,7 pkt.", "link": "https://forsal.pl/swiat/usa/artykuly/9422384,pmi-dla-przemyslu-usa-w-gore-do-507-pkt.html", "source": "https://forsal.pl/.feed", "page_rating_contents": 0, "dead": false, "language": "pl", "comments": [], "artist": "Forsal.pl", "date_published": "2024-02-01T15:11:58+00:00", "page_rating": 0, "tags": [], "page_rating_visits": 0}, {"vote": 0, "age": null, "description": "<img align=\"right\" hspace=\"5\" src=\"https://ocdn.eu/pulscms-transforms/1/0CpktkuTURBXy8xMTk3N2JiOS02ZWEwLTRlN2UtOTAxMi0zNmZhZTJiOTQyZTUuanBlZ5GTBc0BHcyg\" />Rz\u0105d Danii i nasz sektor komercyjny got\u00f3w jest wspiera\u0107 Polsk\u0119 w rozwoju energetyki odnawialnej - wskaza\u0142 w czwartek w Senacie du\u0144ski minister ds. klimatu, energii i zaopatrzenia Lars Aagaard.", "permanent": false, "user": null, "page_rating_votes": 0, "album": "", "source_obj__id": 110, "bookmarked": false, "thumbnail": null, "title": "Dania chce wspiera\u0107 Polsk\u0119 w rozwoju energetyki odnawialnej", "link": "https://forsal.pl/biznes/ekologia/artykuly/9422306,dania-chce-wspierac-polske-w-rozwoju-energetyki-odnawialnej.html", "source": "https://forsal.pl/.feed", "page_rating_contents": 0, "dead": false, "language": "pl", "comments": [], "artist": "Forsal.pl", "date_published": "2024-02-01T14:56:24+00:00", "page_rating": 0, "tags": [], "page_rating_visits": 0}, {"vote": 0, "age": null, "description": "<img align=\"right\" hspace=\"5\" src=\"https://ocdn.eu/pulscms-transforms/1/SARktkuTURBXy8yZDZlMjY3My1lNjBmLTRiYWMtYWU4MC04ZTExOTY4NmM2ZTQuanBlZ5GTBc0BHcyg\" />W Polsce dost\u0119pna jest medyczna marihuana, wi\u0119c mo\u017cna dyskutowa\u0107, czy karanie za posiadanie marihuany faktycznie ma sens \u2013 powiedzia\u0142 w rozmowie z PAP prof. Piotr Ga\u0142ecki, krajowy konsultant w dziedzinie psychiatrii.", "permanent": false, "user": null, "page_rating_votes": 0, "album": "", "source_obj__id": 110, "bookmarked": false, "thumbnail": null, "title": "Ekspert: Czy karanie za posiadanie marihuany faktycznie ma sens?", "link": "https://forsal.pl/lifestyle/aktualnosci/artykuly/9422226,ekspert-czy-karanie-za-posiadanie-marihuany-faktycznie-ma-sens.html", "source": "https://forsal.pl/.feed", "page_rating_contents": 0, "dead": false, "language": "pl", "comments": [], "artist": "Forsal.pl", "date_published": "2024-02-01T14:42:22+00:00", "page_rating": 0, "tags": [], "page_rating_visits": 0}, {"vote": 0, "age": null, "description": "<img align=\"right\" hspace=\"5\" src=\"https://ocdn.eu/pulscms-transforms/1/sRPktkuTURBXy80ZTlmNDRjOS05M2Q5LTRkYzgtYmY4Yy1hN2FiZjJlZTAyNDcuanBlZ5GTBc0BHcyg\" />undefined", "permanent": false, "user": null, "page_rating_votes": 0, "album": "", "source_obj__id": 110, "bookmarked": false, "thumbnail": null, "title": "Budimex planuje dalsz\u0105 dywersyfikacj\u0119 i start dzia\u0142alno\u015bci na \u0141otwie w 2024 r.", "link": "https://forsal.pl/finanse/gielda/artykuly/9422196,budimex-planuje-dalsza-dywersyfikacje-i-start-dzialalnosci-na-lotwie-w.html", "source": "https://forsal.pl/.feed", "page_rating_contents": 0, "dead": false, "language": "pl", "comments": [], "artist": "Forsal.pl", "date_published": "2024-02-01T14:40:38+00:00", "page_rating": 0, "tags": [], "page_rating_visits": 0}, {"vote": 0, "age": null, "description": "<img align=\"right\" hspace=\"5\" src=\"https://ocdn.eu/pulscms-transforms/1/oYVktkuTURBXy8yMDI4MDJhYy02MGFjLTQyMDYtYTlhMC0yODQ2MjI0NTNiM2YuanBlZ5GTBc0BHcyg\" />undefined", "permanent": false, "user": null, "page_rating_votes": 0, "album": "", "source_obj__id": 110, "bookmarked": false, "thumbnail": null, "title": "OT Logistics mia\u0142o wst\u0119pnie ok. 160 mln z\u0142 zysku netto w 2023 r.", "link": "https://forsal.pl/finanse/gielda/artykuly/9422164,ot-logistics-mialo-wstepnie-ok-160-mln-zl-zysku-netto-w-2023-r.html", "source": "https://forsal.pl/.feed", "page_rating_contents": 0, "dead": false, "language": "pl", "comments": [], "artist": "Forsal.pl", "date_published": "2024-02-01T14:34:50+00:00", "page_rating": 0, "tags": [], "page_rating_visits": 0}, {"vote": 0, "age": null, "description": "<img align=\"right\" hspace=\"5\" src=\"https://ocdn.eu/pulscms-transforms/1/cQZktkuTURBXy9kNDdjOWMxNS00ZDI3LTQ4ZjYtYTg1Yy1jYTRlYmZhM2Q5MDUuanBlZ5GTBc0BHcyg\" />undefined", "permanent": false, "user": null, "page_rating_votes": 0, "album": "", "source_obj__id": 110, "bookmarked": false, "thumbnail": null, "title": "Kernel: Post\u0119powanie ws. wykluczenia sp\u00f3\u0142ki z GPW powinno zako\u0144czy\u0107 si\u0119 w lutym 2024 r.", "link": "https://forsal.pl/finanse/gielda/artykuly/9422145,kernel-postepowanie-ws-wykluczenia-spolki-z-gpw-powinno-zakonczyc-si.html", "source": "https://forsal.pl/.feed", "page_rating_contents": 0, "dead": false, "language": "pl", "comments": [], "artist": "Forsal.pl", "date_published": "2024-02-01T14:32:04+00:00", "page_rating": 0, "tags": [], "page_rating_visits": 0}, {"vote": 0, "age": null, "description": "<img align=\"right\" hspace=\"5\" src=\"https://ocdn.eu/pulscms-transforms/1/Ew1ktktTURBXy80ZjkwYzIxMS1jMTk4LTQwZTQtYmJmNi1iNjMzZWY5OGFlMTMucG5nkZMFzQEdzKA\" />Chi\u0144skie w\u0142adze przestrzeg\u0142y Ukrain\u0119, \u017ce uznanie przez Kij\u00f3w kilkunastu chi\u0144skich firm za &quot;mi\u0119dzynarodowych sponsor\u00f3w wojny&quot; mo\u017ce mie\u0107 negatywny wp\u0142yw na stosunki mi\u0119dzy pa\u0144stwami \u2013 informuje w czwartek agencja Reutera, powo\u0142uj\u0105c si\u0119 na dwa ukrai\u0144skie \u017ar\u00f3d\u0142a wysokiego szczebla.", "permanent": false, "user": null, "page_rating_votes": 0, "album": "", "source_obj__id": 110, "bookmarked": false, "thumbnail": null, "title": "Chiny ostrzegaj\u0105 Ukrain\u0119. \"Nasze firmy to nie sponsorzy wojny\"", "link": "https://forsal.pl/swiat/chiny/artykuly/9422133,chiny-ostrzegaja-ukraine-nasze-firmy-to-nie-sponsorzy-wojny.html", "source": "https://forsal.pl/.feed", "page_rating_contents": 0, "dead": false, "language": "pl", "comments": [], "artist": "Forsal.pl", "date_published": "2024-02-01T14:29:03+00:00", "page_rating": 0, "tags": [], "page_rating_visits": 0}, {"vote": 0, "age": null, "description": "<img align=\"right\" hspace=\"5\" src=\"https://ocdn.eu/pulscms-transforms/1/1-JktkuTURBXy9iNjIxZTY5ZS0xMjNjLTRmYmMtOWM3NS04ZDMyYTQyYzBhYzMuanBlZ5GTBc0BHcyg\" />Euro jest od czwartku jedyn\u0105 walut\u0105 oficjalnie akceptowan\u0105 w Kosowie. W okresie przej\u015bciowym w kraju b\u0119dzie mo\u017cna jednak nadal p\u0142aci\u0107 dinarami serbskimi, powszechnie u\u017cywanymi w rejonach zamieszkiwanych przez Serb\u00f3w.", "permanent": false, "user": null, "page_rating_votes": 0, "album": "", "source_obj__id": 110, "bookmarked": false, "thumbnail": null, "title": "Euro oficjalnie jedyn\u0105 walut\u0105 akceptowan\u0105 w Kosowie", "link": "https://forsal.pl/finanse/waluty/artykuly/9421986,euro-oficjalnie-jedyna-waluta-akceptowana-w-kosowie.html", "source": "https://forsal.pl/.feed", "page_rating_contents": 0, "dead": false, "language": "pl", "comments": [], "artist": "Forsal.pl", "date_published": "2024-02-01T14:04:33+00:00", "page_rating": 0, "tags": [], "page_rating_visits": 0}, {"vote": 0, "age": null, "description": "<img align=\"right\" hspace=\"5\" src=\"https://ocdn.eu/pulscms-transforms/1/ZdZktkuTURBXy9lM2NjNTc3Ni01ZTBmLTQxZTEtYTJlNS0zN2Q4NjNkY2E5YjguanBlZ5GTBc0BHcyg\" />Pomimo trudnej sytuacji gospodarczej Polacy ch\u0119tniej odwiedzali centra handlowe - w 2023 r. odwiedzalno\u015b\u0107 galerii handlowych wzros\u0142a o 4,6 proc. wobec roku 2022, do 10,8 os\u00f3b miesi\u0119cznie na metr kwadratowy - wynika z badania przeprowadzonego na zlecenie Polskiej Rady Centr\u00f3w Handlowych.", "permanent": false, "user": null, "page_rating_votes": 0, "album": "", "source_obj__id": 110, "bookmarked": false, "thumbnail": null, "title": "Polacy ch\u0119tniej odwiedzali centra handlowe w 2023 r.? Inflacja nie przeszkodzi\u0142a", "link": "https://forsal.pl/biznes/handel/artykuly/9421984,polacy-chetniej-odwiedzali-centra-handlowe-w-2023-r-inflacja-nie-prz.html", "source": "https://forsal.pl/.feed", "page_rating_contents": 0, "dead": false, "language": "pl", "comments": [], "artist": "Forsal.pl", "date_published": "2024-02-01T14:00:29+00:00", "page_rating": 0, "tags": [], "page_rating_visits": 0}, {"vote": 0, "age": null, "description": "<img align=\"right\" hspace=\"5\" src=\"https://ocdn.eu/pulscms-transforms/1/NiQktkuTURBXy83ZjYzNjIxYS04MmZmLTRiY2QtYmQ1NS00NzMwZTMzZDExMzMuanBlZ5GTBc0BHcyg\" />W Ministerstwie Spraw Wewn\u0119trznych i Administracji ruszaj\u0105 prace nad stworzeniem kompleksowej, odpowiedzialnej i bezpiecznej strategii migracyjnej Polski na lata 2025-2030. Proces wdra\u017cania strategii zako\u0144czy si\u0119 przed obj\u0119ciem przez Polsk\u0119 prezydencji w Radzie Unii Europejskiej - przekaza\u0142o w czwartek MSWiA.", "permanent": false, "user": null, "page_rating_votes": 0, "album": "", "source_obj__id": 110, "bookmarked": false, "thumbnail": null, "title": "Jaka b\u0119dzie strategia migracyjna Polski na lata 2025-2030? MSWiA: Ruszaj\u0105 prace nad jej stworzeniem", "link": "https://forsal.pl/gospodarka/polityka/artykuly/9421933,jaka-bedzie-strategia-migracyjna-polski-na-lata-2025-2030-mswia-ruszaja-prace-nad-jej-stworzeniem.html", "source": "https://forsal.pl/.feed", "page_rating_contents": 0, "dead": false, "language": "pl", "comments": [], "artist": "Forsal.pl", "date_published": "2024-02-01T13:56:09+00:00", "page_rating": 0, "tags": [], "page_rating_visits": 0}, {"vote": 0, "age": null, "description": "<img align=\"right\" hspace=\"5\" src=\"https://ocdn.eu/pulscms-transforms/1/uUdktktTURBXy9hYzVjOWJhOC04MTMwLTRhMmUtOWU4YS1kOTQ1NDdhZmM5ODkucG5nkZMFzQEdzKA\" />Pos\u0142anka Marlena Mal\u0105g zapowiedzia\u0142a, \u017ce PiS b\u0119dzie popiera\u0107 projekt zwi\u0119kszenia renty socjalnej do kwoty minimalnego wynagrodzenia. &quot;Polityka spo\u0142eczna jest w DNA Prawa i Sprawiedliwo\u015bci&quot; - doda\u0142a.", "permanent": false, "user": null, "page_rating_votes": 0, "album": "", "source_obj__id": 110, "bookmarked": false, "thumbnail": null, "title": "PiS poprze zwi\u0119kszenie renty socjalnej do kwoty minimalnego wynagrodzenia", "link": "https://forsal.pl/finanse/finanse-osobiste/artykuly/9421918,pis-poprze-zwiekszenie-renty-socjalnej-do-kwoty-minimalnego-wynagrodze.html", "source": "https://forsal.pl/.feed", "page_rating_contents": 0, "dead": false, "language": "pl", "comments": [], "artist": "Forsal.pl", "date_published": "2024-02-01T13:52:46+00:00", "page_rating": 0, "tags": [], "page_rating_visits": 0}, {"vote": 0, "age": null, "description": "<img align=\"right\" hspace=\"5\" src=\"https://ocdn.eu/pulscms-transforms/1/UWoktkuTURBXy8zOGFkM2IxZi05NjMzLTQ3MGItODc1OC04MDgzZmRjNzQwYzQuanBlZ5GTBc0BHcyg\" />Sko\u0144czy\u0142a si\u0119 era Daniela Obajtka, cho\u0107 to dopiero pocz\u0105tek jego problem\u00f3w. Teraz czas na audyty, prac\u0119 \u015bledczych oraz kontroler\u00f3w NIK-u - m\u00f3wili w czwartek Agnieszka Pomaska i Micha\u0142 Szczerba (KO) komentuj\u0105c decyzj\u0119 rady nadzorczej Orlenu o odwo\u0142aniu Daniela Obajtka z zarz\u0105du sp\u00f3\u0142ki.", "permanent": false, "user": null, "page_rating_votes": 0, "album": "", "source_obj__id": 110, "bookmarked": false, "thumbnail": null, "title": "KO: Sko\u0144czy\u0142a si\u0119 era Daniela Obajtka, ale to dopiero pocz\u0105tek jego problem\u00f3w", "link": "https://forsal.pl/gospodarka/polityka/artykuly/9421868,ko-skonczyla-sie-era-daniela-obajtka-ale-to-dopiero-poczatek-jego-problemow.html", "source": "https://forsal.pl/.feed", "page_rating_contents": 0, "dead": false, "language": "pl", "comments": [], "artist": "Forsal.pl", "date_published": "2024-02-01T13:45:47+00:00", "page_rating": 0, "tags": [], "page_rating_visits": 0}, {"vote": 0, "age": null, "description": "<img align=\"right\" hspace=\"5\" src=\"https://ocdn.eu/pulscms-transforms/1/82sktkuTURBXy85MGFiYWQ2Zi1iYmE5LTQ4MTYtOWQxOS1kODdlMDNkYjFjMjUuanBlZ5GTBc0BHcyg\" />Wsparcie dla Ukrainy ostatecznie dotyczy tak\u017ce naszego w\u0142asnego, europejskiego bezpiecze\u0144stwa \u2013 powiedzia\u0142a przewodnicz\u0105ca PE Roberta Metsola na odbywaj\u0105cym si\u0119 w czwartek nadzwyczajnym szczycie UE. &quot;Jeste\u015bmy to winni narodowi ukrai\u0144skiemu. Jeste\u015bmy to tak\u017ce winni Europejczykom&quot; - zaznaczy\u0142a.", "permanent": false, "user": null, "page_rating_votes": 0, "album": "", "source_obj__id": 110, "bookmarked": false, "thumbnail": null, "title": "Bezpiecze\u0144stwo Ukrainy - bezpiecze\u0144stwem Europy: Roberta Metsola", "link": "https://forsal.pl/swiat/unia-europejska/artykuly/9421834,bezpieczenstwo-ukrainy-bezpieczenstwem-europy-roberta-metsola.html", "source": "https://forsal.pl/.feed", "page_rating_contents": 0, "dead": false, "language": "pl", "comments": [], "artist": "Forsal.pl", "date_published": "2024-02-01T13:39:32+00:00", "page_rating": 0, "tags": [], "page_rating_visits": 0}, {"vote": 0, "age": null, "description": "<img align=\"right\" hspace=\"5\" src=\"https://ocdn.eu/pulscms-transforms/1/6i_ktkuTURBXy9iZDU2ZTRiNy0wMDhjLTRmODYtOGY1ZC1jNGJmZjkyMjNmOWMuanBlZ5GTBc0BHcyg\" />Ruch kontenerowc\u00f3w na Morzu Czerwonym zmniejszy\u0142 si\u0119 o 30 proc. w stosunku do listopada ubieg\u0142ego roku - poinformowa\u0142 szef wydzia\u0142u Bliskiego Wschodu i Azji Centralnej Mi\u0119dzynarodowego Funduszu Walutowego (MFW), Jihad Azour, dodaj\u0105c, \u017ce liczba przewoz\u00f3w spad\u0142a szczeg\u00f3lnie od pocz\u0105tku stycznia.", "permanent": false, "user": null, "page_rating_votes": 0, "album": "", "source_obj__id": 110, "bookmarked": false, "thumbnail": null, "title": "MFW: Ruch kontenerowc\u00f3w na Morzu Czerwonym spada o jedn\u0105 trzeci\u0105", "link": "https://forsal.pl/swiat/bezpieczenstwo/artykuly/9421745,mfw-ruch-kontenerowcow-na-morzu-czerwonym-spada-o-jedna-trzecia.html", "source": "https://forsal.pl/.feed", "page_rating_contents": 0, "dead": false, "language": "pl", "comments": [], "artist": "Forsal.pl", "date_published": "2024-02-01T13:24:26+00:00", "page_rating": 0, "tags": [], "page_rating_visits": 0}, {"vote": 0, "age": null, "description": "<img align=\"right\" hspace=\"5\" src=\"https://ocdn.eu/pulscms-transforms/1/zJjktkuTURBXy81MGZlOTM5Ni0wYzRmLTRkMDUtYWU2Zi1lY2UzZDk5ZmU4ZGQuanBlZ5GTBc0BHcyg\" />Papie\u017c Franciszek i sekretarz generalny NATO Jens Stoltenberg s\u0105 w\u015br\u00f3d os\u00f3b nominowanych do tegorocznej Pokojowej Nagrody Nobla - wynika z deklaracji wnioskodawc\u00f3w. W \u015brod\u0119 min\u0105\u0142 termin zg\u0142aszania kandydatur.", "permanent": false, "user": null, "page_rating_votes": 0, "album": "", "source_obj__id": 110, "bookmarked": false, "thumbnail": null, "title": "Nominowani do Pokojowej Nagrody Nobla. Na li\u015bcie papie\u017c Franciszek i Jens Stoltenberg", "link": "https://forsal.pl/swiat/aktualnosci/artykuly/9421739,papiez-franciszek-i-jens-stoltenberg-wsrod-nominowanych-do-pokojowej-nagrody-nobla.html", "source": "https://forsal.pl/.feed", "page_rating_contents": 0, "dead": false, "language": "pl", "comments": [], "artist": "Forsal.pl", "date_published": "2024-02-01T13:17:30+00:00", "page_rating": 0, "tags": [], "page_rating_visits": 0}, {"vote": 0, "age": null, "description": "<img align=\"right\" hspace=\"5\" src=\"https://ocdn.eu/pulscms-transforms/1/xegktkuTURBXy9hMWQ5M2UyOC0xZmEwLTRmYjEtYjAwMS02MDRjODU3YzAzYWEuanBlZ5GTBc0BHcyg\" />Kontynuacja wsparcia finansowego Unii Europejskiej dla Ukrainy wzmocni nasz\u0105 stabilno\u015b\u0107 finansow\u0105 i jest nie mniej istotne od pomocy wojskowej; bardzo wa\u017cne, \u017ce pakiet pomocowy zosta\u0142 uchwalony przez wszystkich przyw\u00f3dc\u00f3w unijnych \u2013 o\u015bwiadczy\u0142 w czwartek prezydent Ukrainy Wo\u0142odymyr Ze\u0142enski.", "permanent": false, "user": null, "page_rating_votes": 0, "album": "", "source_obj__id": 110, "bookmarked": false, "thumbnail": null, "title": "Ze\u0142enski: Wsparcie finansowe od UE jest nie mniej istotne od pomocy wojskowej", "link": "https://forsal.pl/swiat/ukraina/artykuly/9421735,zelenski-wsparcie-finansowe-od-ue-jest-nie-mniej-istotne-od-pomocy-wojskowej.html", "source": "https://forsal.pl/.feed", "page_rating_contents": 0, "dead": false, "language": "pl", "comments": [], "artist": "Forsal.pl", "date_published": "2024-02-01T13:11:20+00:00", "page_rating": 0, "tags": [], "page_rating_visits": 0}, {"vote": 0, "age": null, "description": "<img align=\"right\" hspace=\"5\" src=\"https://ocdn.eu/pulscms-transforms/1/abwktkuTURBXy83NDcyNThkOC05NTJhLTRkMDYtOWI0My0wNTc5MDJmZmRlZWEuanBlZ5GTBc0BHcyg\" />Poparcie w wyborach prezydenckim dla Rafa\u0142a Trzaskowskiego deklaruje 25,8 proc. badanych, Mateusz Morawiecki mo\u017ce liczy\u0107 na 24,9 proc. g\u0142os\u00f3w, a Szymon Ho\u0142ownia na 24,6 proc. - wynika z sonda\u017cu IBRIS dla Onetu. Portal podaje, \u017ce Trzaskowski straci\u0142 8,8 proc., a Ho\u0142ownia zyska\u0142 12,9 proc.", "permanent": false, "user": null, "page_rating_votes": 0, "album": "", "source_obj__id": 110, "bookmarked": false, "thumbnail": null, "title": "Kto mo\u017ce zosta\u0107 nowym prezydentem Polski? [SONDA\u017b]", "link": "https://forsal.pl/gospodarka/polityka/artykuly/9421672,kto-moze-zostac-nowym-prezydentem-polski-sondaz.html", "source": "https://forsal.pl/.feed", "page_rating_contents": 0, "dead": false, "language": "pl", "comments": [], "artist": "Forsal.pl", "date_published": "2024-02-01T12:59:16+00:00", "page_rating": 0, "tags": [], "page_rating_visits": 0}, {"vote": 0, "age": null, "description": "<img align=\"right\" hspace=\"5\" src=\"https://ocdn.eu/pulscms-transforms/1/7tIktkuTURBXy81OTE2OGEyNy00ZDc3LTRjODUtODY2Mi0xYWRhMmVlNTJhZWUuanBlZ5GTBc0BHcyg\" />Lider Polski 2050 Szymon Ho\u0142ownia zapowiedzia\u0142 w czwartek, \u017ce jego formacja zaproponuje rozwi\u0105zanie ustawowe, kt\u00f3re odpartyjni zarz\u0105dy sp\u00f3\u0142ek. Wed\u0142ug marsza\u0142ka Sejmu &quot;czas na konkursy i profesjonalne zarz\u0105dzanie naszym maj\u0105tkiem&quot;.", "permanent": false, "user": null, "page_rating_votes": 0, "album": "", "source_obj__id": 110, "bookmarked": false, "thumbnail": null, "title": "Ho\u0142ownia: T\u0142uste koty pakuj\u0105 kuwety; czas na konkursy i profesjonalne zarz\u0105dzanie maj\u0105tkiem", "link": "https://forsal.pl/gospodarka/prawo/artykuly/9421648,holownia-tluste-koty-pakuja-kuwety-czas-na-konkursy-i-profesjonalne-zarzadzanie-majatkiem.html", "source": "https://forsal.pl/.feed", "page_rating_contents": 0, "dead": false, "language": "pl", "comments": [], "artist": "Forsal.pl", "date_published": "2024-02-01T12:55:14+00:00", "page_rating": 0, "tags": [], "page_rating_visits": 0}, {"vote": 0, "age": null, "description": "<img align=\"right\" hspace=\"5\" src=\"https://ocdn.eu/pulscms-transforms/1/jsEktkuTURBXy8zODczMWE2NS0zYzc1LTQxMjUtOGY1Yi0wNTZhZTA4ZDU5MDAuanBlZ5GTBc0BHcyg\" />Od 2 do 14 lutego Krajowa Administracja Skarbowa b\u0119dzie zasila\u0107 system Tw\u00f3j e-PIT danymi z deklaracji podatkowych od pracodawc\u00f3w. Umo\u017cliwi to wygenerowanie wst\u0119pnie wype\u0142nionych deklaracji PIT, kt\u00f3re b\u0119d\u0105 dost\u0119pne od 15 lutego \u2013 poda\u0142o Ministerstwo Finans\u00f3w w informacji przes\u0142anej w czwartek PAP.", "permanent": false, "user": null, "page_rating_votes": 0, "album": "", "source_obj__id": 110, "bookmarked": false, "thumbnail": null, "title": "Tw\u00f3j e-PIT. Ministerstwo Finans\u00f3w informuje o wa\u017cnym terminie", "link": "https://forsal.pl/finanse/aktualnosci/artykuly/9421486,twoj-e-pit-ministerstwo-finansow-informuje-o-waznym-terminie.html", "source": "https://forsal.pl/.feed", "page_rating_contents": 0, "dead": false, "language": "pl", "comments": [], "artist": "Forsal.pl", "date_published": "2024-02-01T12:28:21+00:00", "page_rating": 0, "tags": [], "page_rating_visits": 0}, {"vote": 0, "age": null, "description": "<img align=\"right\" hspace=\"5\" src=\"https://ocdn.eu/pulscms-transforms/1/OB9ktkuTURBXy81YTE1NzhkNC0yMTczLTQ0NDEtOTFmZC0wMGFiMzY5ZGMxODguanBlZ5GTBc0BHcyg\" />Wicepremier, szef MON W\u0142adys\u0142aw Kosiniak-Kamysz i wicepremier, minister obrony Danii Troels Lund Poulsen podpisali w czwartek porozumienie o wsp\u00f3\u0142pracy mi\u0119dzy resortami w dziedzinie bezpiecze\u0144stwa i obrony. Kosiniak-Kamysz przekaza\u0142, \u017ce rozmawia\u0142 z Poulsenem m.in. o zacie\u015bnianiu naszej wsp\u00f3\u0142pracy.", "permanent": false, "user": null, "page_rating_votes": 0, "album": "", "source_obj__id": 110, "bookmarked": false, "thumbnail": null, "title": "Wsp\u00f3\u0142praca w dziedzinie bezpiecze\u0144stwa i obrony. Szefowie MON Polski i Danii podpisali porozumienie", "link": "https://forsal.pl/swiat/bezpieczenstwo/artykuly/9421396,wspolpraca-w-dziedzinie-bezpieczenstwa-i-obrony-szefowie-mon-polski-i-danii-podpisali-porozumienie.html", "source": "https://forsal.pl/.feed", "page_rating_contents": 0, "dead": false, "language": "pl", "comments": [], "artist": "Forsal.pl", "date_published": "2024-02-01T12:13:07+00:00", "page_rating": 0, "tags": [], "page_rating_visits": 0}, {"vote": 0, "age": null, "description": "<img align=\"right\" hspace=\"5\" src=\"https://ocdn.eu/pulscms-transforms/1/2rxktkuTURBXy82MmU0MWQ1Yy02MWYxLTQ0ZDktOTk0OC00ZmM4MjdiNzllMGEuanBlZ5GTBc0BHcyg\" />Wiceszefowa ameryka\u0144skiej dyplomacji Victoria Nuland oznajmi\u0142a w \u015brod\u0119 wieczorem w Kijowie, \u017ce pierwsza partia precyzyjnie naprowadzanych bomb Ground-Launched Small Diameter Bomb (GLSDB), przekazywanych Ukrainie przez USA, znajduje si\u0119 ju\u017c w drodze na front wojny z Rosj\u0105.", "permanent": false, "user": null, "page_rating_votes": 0, "album": "", "source_obj__id": 110, "bookmarked": false, "thumbnail": null, "title": "Wiceszefowa dyplomacji USA: W\u0142adimira Putina czekaj\u0105 \"niespodzianki\"", "link": "https://forsal.pl/swiat/usa/artykuly/9421272,wiceszefowa-dyplomacji-usa-wladimira-putina-czekaja-niespodzianki.html", "source": "https://forsal.pl/.feed", "page_rating_contents": 0, "dead": false, "language": "pl", "comments": [], "artist": "Forsal.pl", "date_published": "2024-02-01T11:52:16+00:00", "page_rating": 0, "tags": [], "page_rating_visits": 0}, {"vote": 0, "age": null, "description": "<img align=\"right\" hspace=\"5\" src=\"https://ocdn.eu/pulscms-transforms/1/62dktkuTURBXy9kZmZkMGFmNS1kOWU2LTQ2YTMtOGIzMy0wZWUzZDIwNTYxYTIuanBlZ5GTBc0BHcyg\" />Przed styczniowym Wielkim Fina\u0142em WO\u015aP mBank zach\u0119ca\u0142 swoich klient\u00f3w do \u201eklikania w serduszko\u201d i zbierania w ten spos\u00f3b pieni\u0119dzy, kt\u00f3re instytucja finansowa zadeklarowa\u0142a przekaza\u0107 fundacji dowodzonej przez Jurka Owsiaka. Tu\u017c po tym, jak umilk\u0142y ostatnie echa 32 Fina\u0142u mBank og\u0142osi\u0142, \u017ce ju\u017c wkr\u00f3tce podwy\u017cszy niekt\u00f3re op\u0142aty i prowizje. Sprawd\u017a, jakie i kiedy zmiany zostan\u0105 wprowadzone.", "permanent": false, "user": null, "page_rating_votes": 0, "album": "", "source_obj__id": 110, "bookmarked": false, "thumbnail": null, "title": "Podwy\u017cki op\u0142at w mBanku. Czy wieloletni klienci s\u0105 gotowi je zaakceptowa\u0107?", "link": "https://forsal.pl/biznes/bankowosc/artykuly/9421001,podwyzki-oplat-w-mbanku-czy-wieloletni-klienci-sa-gotowi-je-zaakcepto.html", "source": "https://forsal.pl/.feed", "page_rating_contents": 0, "dead": false, "language": "pl", "comments": [], "artist": "Forsal.pl", "date_published": "2024-02-01T11:45:00+00:00", "page_rating": 0, "tags": [], "page_rating_visits": 0}, {"vote": 0, "age": null, "description": "<img align=\"right\" hspace=\"5\" src=\"https://ocdn.eu/pulscms-transforms/1/NmWktkuTURBXy9jMDRkYzI4MC03OTU0LTQyYTUtOTRhNC01ZmQ5MzY5MDRiNjIuanBlZ5GTBc0BHcyg\" />Ustawa bud\u017cetowa nied\u0142ugo wejdzie w \u017cycie; chc\u0119 wyrazi\u0107 satysfakcj\u0119, \u017ce rz\u0105d b\u0119dzie m\u00f3g\u0142 realizowa\u0107 zobowi\u0105zania, kt\u00f3re podj\u0105\u0142 i wpisa\u0142 do ustawy - powiedzia\u0142 w czwartek prezydent Andrzej Duda. \u201eTo, co tu i teraz zosta\u0142o zabezpieczone. To bardzo dobrze\u201d \u2013 doda\u0142.", "permanent": false, "user": null, "page_rating_votes": 0, "album": "", "source_obj__id": 110, "bookmarked": false, "thumbnail": null, "title": "Ustawa bud\u017cetowa. Jest o\u015bwiadczenie Andrzeja Dudy", "link": "https://forsal.pl/finanse/aktualnosci/artykuly/9421059,ustawa-budzetowa-jest-oswiadczenie-andrzeja-dudy.html", "source": "https://forsal.pl/.feed", "page_rating_contents": 0, "dead": false, "language": "pl", "comments": [], "artist": "Forsal.pl", "date_published": "2024-02-01T11:17:02+00:00", "page_rating": 0, "tags": [], "page_rating_visits": 0}, {"vote": 0, "age": null, "description": "<img align=\"right\" hspace=\"5\" src=\"https://ocdn.eu/pulscms-transforms/1/ACGktkuTURBXy8wNzU5ZmE3Mi03NjM0LTRhMzMtOTk1NC02ZmMwYWI2OTUzYjEuanBlZ5GTBc0BHcyg\" />Dobry czwartek. Viktora Orbana da\u0142o si\u0119 \u201eprzekona\u0107\u201d, Daniela Obajtka da\u0142o si\u0119 odwo\u0142a\u0107. Jedziemy dalej - napisa\u0142 premier Donald Tusk odnosz\u0105c sie do wydarze\u0144 w Brukseli i w kraju.", "permanent": false, "user": null, "page_rating_votes": 0, "album": "", "source_obj__id": 110, "bookmarked": false, "thumbnail": null, "title": "Tusk: Orbana da\u0142o si\u0119 \"przekona\u0107\", Obajtka da\u0142o si\u0119 odwo\u0142a\u0107; dobry czwartek", "link": "https://forsal.pl/gospodarka/polityka/artykuly/9421012,tusk-orbana-dalo-sie-przekonac-obajtka-dalo-sie-odwolac-dobry-czwartek.html", "source": "https://forsal.pl/.feed", "page_rating_contents": 0, "dead": false, "language": "pl", "comments": [], "artist": "Forsal.pl", "date_published": "2024-02-01T11:08:52+00:00", "page_rating": 0, "tags": [], "page_rating_visits": 0}, {"vote": 0, "age": null, "description": "<img align=\"right\" hspace=\"5\" src=\"https://ocdn.eu/pulscms-transforms/1/4DSktkuTURBXy83OGZhZDFmMS01OThlLTQ0MTMtOTczYi0xZDFlMDlmNmI3NzAuanBlZ5GTBc0BHcyg\" />W 2023 roku synergie z przeprowadzonych przez Orlen przej\u0119\u0107 i fuzji wynios\u0142y ok. 1,5 mld z\u0142 - poinformowa\u0142 w czwartek na konferencji prasowej prezes koncernu Daniel Obajtek.", "permanent": false, "user": null, "page_rating_votes": 0, "album": "", "source_obj__id": 110, "bookmarked": false, "thumbnail": null, "title": "Prezes Orlenu: Synergie z fuzji w 2023 r. na poziomie 1,5 mld z\u0142", "link": "https://forsal.pl/biznes/aktualnosci/artykuly/9422009,prezes-orlenu-synergie-z-fuzji-w-2023-r-na-poziomie-15-mld-zl.html", "source": "https://forsal.pl/.feed", "page_rating_contents": 0, "dead": false, "language": "pl", "comments": [], "artist": "Forsal.pl", "date_published": "2024-02-01T11:07:55+00:00", "page_rating": 0, "tags": [], "page_rating_visits": 0}, {"vote": 0, "age": null, "description": "<img align=\"right\" hspace=\"5\" src=\"https://ocdn.eu/pulscms-transforms/1/yxlktkuTURBXy9iMDQ0MjZhYy1mZjUwLTQ2NTgtODFhNi05YTRhY2ZiZjY1MjEuanBlZ5GTBc0BHcyg\" />W czwartek wydam postanowienie o zwo\u0142aniu Rady Gabinetowej na 13 lutego na godz. 13 - poinformowa\u0142 prezydent Andrzej Duda. Przekaza\u0142, \u017ce tematem rozm\u00f3w b\u0119dzie realizacja inwestycji takich jak Centralny Port Komunikacyjny, kwestia energetyki j\u0105drowej oraz modernizacja polskiej armii.", "permanent": false, "user": null, "page_rating_votes": 0, "album": "", "source_obj__id": 110, "bookmarked": false, "thumbnail": null, "title": "Prezydent: Wydam postanowienie o zwo\u0142aniu Rady Gabinetowej", "link": "https://forsal.pl/gospodarka/polityka/artykuly/9420936,prezydent-wydam-postanowienie-o-zwolaniu-rady-gabinetowej.html", "source": "https://forsal.pl/.feed", "page_rating_contents": 0, "dead": false, "language": "pl", "comments": [], "artist": "Forsal.pl", "date_published": "2024-02-01T10:56:51+00:00", "page_rating": 0, "tags": [], "page_rating_visits": 0}, {"vote": 0, "age": null, "description": "<img align=\"right\" hspace=\"5\" src=\"https://ocdn.eu/pulscms-transforms/1/Km2ktkuTURBXy85Mjg4NTBjNi0xMzhkLTQ0YzQtYjgwNS1hNDNjYzg4NzA5NzQuanBlZ5GTBc0BHcyg\" />Mamy porozumienie na szczycie UE. Wszystkich 27 przyw\u00f3dc\u00f3w zgodzi\u0142o si\u0119 na pakiet wsparcia dla Ukrainy w wysoko\u015bci 50 miliard\u00f3w euro w ramach bud\u017cetu UE - poinformowa\u0142 na platformie X szef Rady Europejskiej Charles Michel w czwartek.", "permanent": false, "user": null, "page_rating_votes": 0, "album": "", "source_obj__id": 110, "bookmarked": false, "thumbnail": null, "title": "Pakiet wsparcia dla Ukrainy. Szef RE: Mamy porozumienie na szczycie UE", "link": "https://forsal.pl/swiat/unia-europejska/artykuly/9420872,pakiet-wsparcia-dla-ukrainy-szef-re-mamy-porozumienie-na-szczycie-ue.html", "source": "https://forsal.pl/.feed", "page_rating_contents": 0, "dead": false, "language": "pl", "comments": [], "artist": "Forsal.pl", "date_published": "2024-02-01T10:46:13+00:00", "page_rating": 0, "tags": [], "page_rating_visits": 0}, {"vote": 0, "age": null, "description": "<img align=\"right\" hspace=\"5\" src=\"https://ocdn.eu/pulscms-transforms/1/dk1ktkuTURBXy84ZDM4M2FkNC02OTczLTQ3MjUtYmI5MC00NDk1NjlhNGRiMTguanBlZ5GTBc0BHcyg\" />undefined", "permanent": false, "user": null, "page_rating_votes": 0, "album": "", "source_obj__id": 110, "bookmarked": false, "thumbnail": null, "title": "Akcjonariusze One More Level zdecyduj\u0105 28 II o buy-backu do 8,85 proc. akcji za max. 0,5 mln z\u0142", "link": "https://forsal.pl/finanse/gielda/artykuly/9420846,akcjonariusze-one-more-level-zdecyduja-28-ii-o-buy-backu-do-885-proc.html", "source": "https://forsal.pl/.feed", "page_rating_contents": 0, "dead": false, "language": "pl", "comments": [], "artist": "Forsal.pl", "date_published": "2024-02-01T10:41:57+00:00", "page_rating": 0, "tags": [], "page_rating_visits": 0}, {"vote": 0, "age": null, "description": "<img align=\"right\" hspace=\"5\" src=\"https://ocdn.eu/pulscms-transforms/1/GRYktktTURBXy80NDllNDA2My1mMzI5LTQ3MzYtODI5YS0zNTc2YTVlMGEyOWYucG5nkZMFzQEdzKA\" />undefined", "permanent": false, "user": null, "page_rating_votes": 0, "album": "", "source_obj__id": 110, "bookmarked": false, "thumbnail": null, "title": "Inflacja HICP w strefie euro. Ile wynios\u0142a w styczniu?", "link": "https://forsal.pl/gospodarka/inflacja/artykuly/9420826,inflacja-hicp-w-strefie-euro-ile-wyniosla-w-styczniu.html", "source": "https://forsal.pl/.feed", "page_rating_contents": 0, "dead": false, "language": "pl", "comments": [], "artist": "Forsal.pl", "date_published": "2024-02-01T10:38:49+00:00", "page_rating": 0, "tags": [], "page_rating_visits": 0}, {"vote": 0, "age": null, "description": "<img align=\"right\" hspace=\"5\" src=\"https://ocdn.eu/pulscms-transforms/1/oV6ktkuTURBXy9mYzg1ZjYwNi0xY2MyLTRiY2ItOTY4MS0wZWNmYWQyNzI0OTAuanBlZ5GTBc0BHcyg\" />undefined", "permanent": false, "user": null, "page_rating_votes": 0, "album": "", "source_obj__id": 110, "bookmarked": false, "thumbnail": null, "title": "Arctic Paper: Rottneros mia\u0142o 48 mln z\u0142 zysku netto, 100 mln z\u0142 EBITDA w 2023 r.", "link": "https://forsal.pl/finanse/gielda/artykuly/9420809,arctic-paper-rottneros-mialo-48-mln-zl-zysku-netto-100-mln-zl-ebitda.html", "source": "https://forsal.pl/.feed", "page_rating_contents": 0, "dead": false, "language": "pl", "comments": [], "artist": "Forsal.pl", "date_published": "2024-02-01T10:36:09+00:00", "page_rating": 0, "tags": [], "page_rating_visits": 0}, {"vote": 0, "age": null, "description": "<img align=\"right\" hspace=\"5\" src=\"https://ocdn.eu/pulscms-transforms/1/H_HktkuTURBXy8zNGY0NjIxMi03OWVlLTQ0MDQtODFkZi1hODBlZjhiYjQ0ZDAuanBlZ5GTBc0BHcyg\" />undefined", "permanent": false, "user": null, "page_rating_votes": 0, "album": "", "source_obj__id": 110, "bookmarked": false, "thumbnail": null, "title": "Mex Polska ma now\u0105 umow\u0119 z Grup\u0105 \u017bywiec, spodziewa si\u0119 17,3 mln z\u0142 w ci\u0105gu 5 lat", "link": "https://forsal.pl/artykuly/9420785,mex-polska-ma-nowa-umowe-z-grupa-zywiec-spodziewa-sie-173-mln-zl-w-c.html", "source": "https://forsal.pl/.feed", "page_rating_contents": 0, "dead": false, "language": "pl", "comments": [], "artist": "Forsal.pl", "date_published": "2024-02-01T10:32:30+00:00", "page_rating": 0, "tags": [], "page_rating_visits": 0}, {"vote": 0, "age": null, "description": "<img align=\"right\" hspace=\"5\" src=\"https://ocdn.eu/pulscms-transforms/1/4VpktkuTURBXy8wNWMzNjI4Yi0xNmRhLTRmZDEtYTViNi1kNTk3YjlmM2E1MTIuanBlZ5GTBc0BHcyg\" />Andrzej Duda wyda w czwartek o godz. 11.30 o\u015bwiadczenie \u2013 poinformowa\u0142a Kancelaria Prezydenta RP. Gdzie mo\u017cna obejrze\u0107 transmisj\u0119?", "permanent": false, "user": null, "page_rating_votes": 0, "album": "", "source_obj__id": 110, "bookmarked": false, "thumbnail": null, "title": "O\u015bwiadczenie prezydenta Andrzeja Dudy. Gdzie mo\u017cna obejrze\u0107 transmisj\u0119?", "link": "https://forsal.pl/gospodarka/polityka/artykuly/9420559,oswiadczenie-prezydenta-andrzeja-dudy-gdzie-mozna-obejrzec-transmisje.html", "source": "https://forsal.pl/.feed", "page_rating_contents": 0, "dead": false, "language": "pl", "comments": [], "artist": "Forsal.pl", "date_published": "2024-02-01T10:31:49+00:00", "page_rating": 0, "tags": [], "page_rating_visits": 0}, {"vote": 0, "age": null, "description": "<img align=\"right\" hspace=\"5\" src=\"https://ocdn.eu/pulscms-transforms/1/4lbktkuTURBXy84NDZmN2I4Zi01NzI3LTQxOWUtYmIzOC01ZTNhZDRiNzA1YjYuanBlZ5GTBc0BHcyg\" />undefined", "permanent": false, "user": null, "page_rating_votes": 0, "album": "", "source_obj__id": 110, "bookmarked": false, "thumbnail": null, "title": "ING BSK chce rekomendowa\u0107 przeznaczenie 75 proc. zysku i 1 mld z\u0142 z kapita\u0142u rez. na dywidend\u0119", "link": "https://forsal.pl/finanse/gielda/artykuly/9420738,ing-bsk-chce-rekomendowac-przeznaczenie-75-proc-zysku-i-1-mld-zl-z-ka.html", "source": "https://forsal.pl/.feed", "page_rating_contents": 0, "dead": false, "language": "pl", "comments": [], "artist": "Forsal.pl", "date_published": "2024-02-01T10:27:49+00:00", "page_rating": 0, "tags": [], "page_rating_visits": 0}, {"vote": 0, "age": null, "description": "<img align=\"right\" hspace=\"5\" src=\"https://ocdn.eu/pulscms-transforms/1/q3RktkuTURBXy80ODhkNjY3NS1iZDAyLTQxZjEtOWUyYy1kODU2YzQxODhiYzIuanBlZ5GTBc0BHcyg\" />undefined", "permanent": false, "user": null, "page_rating_votes": 0, "album": "", "source_obj__id": 110, "bookmarked": false, "thumbnail": null, "title": "Stopa bezrobocia w Polsce i strefie euro. Eurostat poda\u0142 najnowsze dane", "link": "https://forsal.pl/praca/artykuly/9420733,stopa-bezrobocia-w-polsce-i-strefie-euro-eurostat-podal-najnowsze-dane.html", "source": "https://forsal.pl/.feed", "page_rating_contents": 0, "dead": false, "language": "pl", "comments": [], "artist": "Forsal.pl", "date_published": "2024-02-01T10:27:18+00:00", "page_rating": 0, "tags": [], "page_rating_visits": 0}, {"vote": 0, "age": null, "description": "<img align=\"right\" hspace=\"5\" src=\"https://ocdn.eu/pulscms-transforms/1/aUiktkuTURBXy83YWZlMGExZC05YjIwLTQ3ZjctYjU5NS1lMzliNGJiNDg4MDAuanBlZ5GTBc0BHcyg\" />undefined", "permanent": false, "user": null, "page_rating_votes": 0, "album": "", "source_obj__id": 110, "bookmarked": false, "thumbnail": null, "title": "ING BSK mia\u0142 wst\u0119pnie 1,27 mld z\u0142 zysku netto w IV kw. 2023 r. ROE za ub.r. wynios\u0142o 33,9 proc.", "link": "https://forsal.pl/finanse/gielda/artykuly/9420706,ing-bsk-mial-wstepnie-127-mld-zl-zysku-netto-w-iv-kw-2023-r-roe-za.html", "source": "https://forsal.pl/.feed", "page_rating_contents": 0, "dead": false, "language": "pl", "comments": [], "artist": "Forsal.pl", "date_published": "2024-02-01T10:23:18+00:00", "page_rating": 0, "tags": [], "page_rating_visits": 0}, {"vote": 0, "age": null, "description": "<img align=\"right\" hspace=\"5\" src=\"https://ocdn.eu/pulscms-transforms/1/gbGktkuTURBXy9hOTgzY2NhZi0yNGI5LTRjOTktODlkOC05ODI2ZWMxODNjN2MuanBlZ5GTBc0BHcyg\" />undefined", "permanent": false, "user": null, "page_rating_votes": 0, "album": "", "source_obj__id": 110, "bookmarked": false, "thumbnail": null, "title": "RN Orlenu odwo\u0142a\u0142a Daniela Obajtka z funkcji prezesa zarz\u0105du", "link": "https://forsal.pl/biznes/aktualnosci/artykuly/9420575,rn-orlenu-odwolala-daniela-obajtka-z-funkcji-prezesa-zarzadu.html", "source": "https://forsal.pl/.feed", "page_rating_contents": 0, "dead": false, "language": "pl", "comments": [], "artist": "Forsal.pl", "date_published": "2024-02-01T10:01:37+00:00", "page_rating": 0, "tags": [], "page_rating_visits": 0}, {"vote": 0, "age": null, "description": "<img align=\"right\" hspace=\"5\" src=\"https://ocdn.eu/pulscms-transforms/1/tiRktkuTURBXy8zNzRmYjE2Yy0wZjMxLTQ5NzQtODZjMS1jYmFhNTY3ZmU3ZDQuanBlZ5GTBc0BHcyg\" />Polskie firmy notuj\u0105 nisk\u0105 warto\u015b\u0107 nowych zam\u00f3wie\u0144, mierz\u0105 si\u0119 te\u017c ze s\u0142abym popytem zagranicznym \u2013 oceni\u0142 w czwartek analityk Polskiego Instytutu Ekonomicznego Dawid Su\u0142kowski w komentarzu do danych o wska\u017aniku PMI.", "permanent": false, "user": null, "page_rating_votes": 0, "album": "", "source_obj__id": 110, "bookmarked": false, "thumbnail": null, "title": "\"Polskie przedsi\u0119biorstwa mierz\u0105 si\u0119 ze s\u0142abym popytem zagranicznym\"", "link": "https://forsal.pl/biznes/aktualnosci/artykuly/9420532,polskie-przedsiebiorstwa-mierza-sie-ze-slabym-popytem-zagranicznym.html", "source": "https://forsal.pl/.feed", "page_rating_contents": 0, "dead": false, "language": "pl", "comments": [], "artist": "Forsal.pl", "date_published": "2024-02-01T09:39:26+00:00", "page_rating": 0, "tags": [], "page_rating_visits": 0}, {"vote": 0, "age": null, "description": "<img align=\"right\" hspace=\"5\" src=\"https://ocdn.eu/pulscms-transforms/1/3QYktkuTURBXy9lNjE1ZGFlZC02OTg5LTQzNzItOTg5OS1jZWEzOWVhODg4OWYuanBlZ5GTBc0BHcyg\" />Minionej doby badania potwierdzi\u0142y 429 zaka\u017ce\u0144 koronawirusem, w tym 106 ponownych. Z powodu COVID-19 zmar\u0142o 8 pacjent\u00f3w \u2013 poinformowano w czwartek na stronach rz\u0105dowych. Wykonano ponad 3,9 tys. test\u00f3w w kierunku SARS-CoV-2.", "permanent": false, "user": null, "page_rating_votes": 0, "album": "", "source_obj__id": 110, "bookmarked": false, "thumbnail": null, "title": "Koronawirus w Polsce - statystyki z 1.02.2024", "link": "https://forsal.pl/artykuly/1458115,koronawirus-w-polsce-statystyki-z-1022024.html", "source": "https://forsal.pl/.feed", "page_rating_contents": 0, "dead": false, "language": "pl", "comments": [], "artist": "Forsal.pl", "date_published": "2024-02-01T09:38:40+00:00", "page_rating": 0, "tags": [], "page_rating_visits": 0}, {"vote": 0, "age": null, "description": "<img align=\"right\" hspace=\"5\" src=\"https://ocdn.eu/pulscms-transforms/1/DBGktkuTURBXy8yODMxM2Y3Yy0xYjE0LTQwODUtYjE2OC04OGZmM2U4OTlkOTYuanBlZ5GTBc0BHcyg\" />Dzi\u015b potrzebne nam jest poczucie zjednoczenia w sprawie Ukrainy; stanowisko premiera W\u0119gier Viktora Orbana jest zagro\u017ceniem dla naszego bezpiecze\u0144stwa - powiedzia\u0142 premier Donald Tusk w Brukseli, przed rozpocz\u0119ciem Rady Europejskiej.", "permanent": false, "user": null, "page_rating_votes": 0, "album": "", "source_obj__id": 110, "bookmarked": false, "thumbnail": null, "title": "Tusk: Stanowisko Viktora Orbana jest zagro\u017ceniem dla naszego bezpiecze\u0144stwa", "link": "https://forsal.pl/gospodarka/polityka/artykuly/9420523,tusk-stanowisko-viktora-orbana-jest-zagrozeniem-dla-naszego-bezpieczenstwa.html", "source": "https://forsal.pl/.feed", "page_rating_contents": 0, "dead": false, "language": "pl", "comments": [], "artist": "Forsal.pl", "date_published": "2024-02-01T09:32:15+00:00", "page_rating": 0, "tags": [], "page_rating_visits": 0}, {"vote": 0, "age": null, "description": "<img align=\"right\" hspace=\"5\" src=\"https://ocdn.eu/pulscms-transforms/1/1ADktkuTURBXy9hZGM5MmMwNy02MmRlLTQzODktYTU1NC0zYWQzZTIzOWVjNDMuanBlZ5GTBc0BHcyg\" />undefined", "permanent": false, "user": null, "page_rating_votes": 0, "album": "", "source_obj__id": 110, "bookmarked": false, "thumbnail": null, "title": "Wska\u017anik PMI dla przemys\u0142u strefy euro wzr\u00f3s\u0142 w styczniu", "link": "https://forsal.pl/biznes/przemysl/artykuly/9420513,wskaznik-pmi-dla-przemyslu-strefy-euro-wzrosl-w-styczniu.html", "source": "https://forsal.pl/.feed", "page_rating_contents": 0, "dead": false, "language": "pl", "comments": [], "artist": "Forsal.pl", "date_published": "2024-02-01T09:23:27+00:00", "page_rating": 0, "tags": [], "page_rating_visits": 0}, {"vote": 0, "age": null, "description": "<img align=\"right\" hspace=\"5\" src=\"https://ocdn.eu/pulscms-transforms/1/4BbktkuTURBXy81NGEwMjlkOC04NzI0LTQ2ZWQtYjQ5Ni05NDY4MThjODNlMWUuanBlZ5GTBc0BHcyg\" />undefined", "permanent": false, "user": null, "page_rating_votes": 0, "album": "", "source_obj__id": 110, "bookmarked": false, "thumbnail": null, "title": "Wska\u017anik PMI dla przemys\u0142u Niemiec wzr\u00f3s\u0142 w styczniu", "link": "https://forsal.pl/biznes/przemysl/artykuly/9420508,wskaznik-pmi-dla-przemyslu-niemiec-wzrosl-w-styczniu.html", "source": "https://forsal.pl/.feed", "page_rating_contents": 0, "dead": false, "language": "pl", "comments": [], "artist": "Forsal.pl", "date_published": "2024-02-01T09:19:01+00:00", "page_rating": 0, "tags": [], "page_rating_visits": 0}, {"vote": 0, "age": null, "description": "<img align=\"right\" hspace=\"5\" src=\"https://ocdn.eu/pulscms-transforms/1/MhlktkuTURBXy81NjhiMmNjMi0xNThlLTQwYWMtYWVhZi04MjA2OThhOTBmZWYuanBlZ5GTBc0BHcyg\" />W Brukseli przed Parlamentem Europejskim trwa w czwartek rano du\u017cy protest rolnik\u00f3w. Do miasta wjecha\u0142o ponad 1000 ci\u0105gnik\u00f3w belgijskich, kt\u00f3re zablokowa\u0142y Plac Luksemburski przed europarlamentem i drogi dojazdowe. O godz. 10 w pobliskim budynku Rady Europejskiej ma rozpocz\u0105\u0107 si\u0119 unijny szczyt.", "permanent": false, "user": null, "page_rating_votes": 0, "album": "", "source_obj__id": 110, "bookmarked": false, "thumbnail": null, "title": "Protest rolnik\u00f3w przed PE w Brukseli. \"To nie jest Europa, kt\u00f3rej chcemy\"", "link": "https://forsal.pl/swiat/aktualnosci/artykuly/9420458,protest-rolnikow-przed-pe-w-brukseli-to-nie-jest-europa-ktorej-chcemy.html", "source": "https://forsal.pl/.feed", "page_rating_contents": 0, "dead": false, "language": "pl", "comments": [], "artist": "Forsal.pl", "date_published": "2024-02-01T08:48:03+00:00", "page_rating": 0, "tags": [], "page_rating_visits": 0}, {"vote": 0, "age": null, "description": "<img align=\"right\" hspace=\"5\" src=\"https://ocdn.eu/pulscms-transforms/1/ML8ktkuTURBXy82MWRhYTIxZi1jNTFkLTQyYWItOWU0MC02ZTU1ZTY2NGIwMGMuanBlZ5GTBc0BHcyg\" />undefined", "permanent": false, "user": null, "page_rating_votes": 0, "album": "", "source_obj__id": 110, "bookmarked": false, "thumbnail": null, "title": "MRiT: Mariusz Filipek zosta\u0142 pe\u0142nomocnikiem ds. deregulacji i dialogu gospodarczego", "link": "https://forsal.pl/gospodarka/aktualnosci/artykuly/9420442,mariusz-filipek-zostal-pelnomocnikiem-ds-deregulacji-i-dialogu-gospodarczego.html", "source": "https://forsal.pl/.feed", "page_rating_contents": 0, "dead": false, "language": "pl", "comments": [], "artist": "Forsal.pl", "date_published": "2024-02-01T08:37:44+00:00", "page_rating": 0, "tags": [], "page_rating_visits": 0}, {"vote": 0, "age": null, "description": "<img align=\"right\" hspace=\"5\" src=\"https://ocdn.eu/pulscms-transforms/1/MHmktkuTURBXy8xMWVlYTJkOS0xYWMyLTRlYTYtOTBjYy01MTAxZTQ2NDlmZDMuanBlZ5GTBc0BHcyg\" />undefined", "permanent": false, "user": null, "page_rating_votes": 0, "album": "", "source_obj__id": 110, "bookmarked": false, "thumbnail": null, "title": "Wska\u017anik PMI dla Polski spad\u0142 m: m w styczniu. Oczekiwania ws. produkcji s\u0105 najsilniejsze od lutego 2022 r.", "link": "https://forsal.pl/gospodarka/aktualnosci/artykuly/9420416,wskaznik-pmi-dla-polski-spadl-m-m-w-styczniu-oczekiwania-ws-produkcji-sa-najsilniejsze-od-lutego-2022-r.html", "source": "https://forsal.pl/.feed", "page_rating_contents": 0, "dead": false, "language": "pl", "comments": [], "artist": "Forsal.pl", "date_published": "2024-02-01T08:25:11+00:00", "page_rating": 0, "tags": [], "page_rating_visits": 0}, {"vote": 0, "age": null, "description": "<img align=\"right\" hspace=\"5\" src=\"https://ocdn.eu/pulscms-transforms/1/DizktkuTURBXy8yMWM1NmYyOS01Y2U0LTRmODQtODgzYi0wZDMzYjhiNGQyZmQuanBlZ5GTBc0BHcyg\" />Odda\u0142em si\u0119 do dyspozycji rady nadzorczej - poinformowa\u0142 w czwartek w radiu ZET prezes Orlenu Daniel Obajtek. To jest sprawa honorowa i dzi\u015b b\u0119d\u0105 podj\u0119te decyzje - podkre\u015bli\u0142. Rada zbierze si\u0119 1 lutego br.", "permanent": false, "user": null, "page_rating_votes": 0, "album": "", "source_obj__id": 110, "bookmarked": false, "thumbnail": null, "title": "Obajtek: Odda\u0142em si\u0119 do dyspozycji rady nadzorczej Orlenu", "link": "https://forsal.pl/biznes/aktualnosci/artykuly/9420369,obajtek-oddalem-sie-do-dyspozycji-rady-nadzorczej-orlenu.html", "source": "https://forsal.pl/.feed", "page_rating_contents": 0, "dead": false, "language": "pl", "comments": [], "artist": "Forsal.pl", "date_published": "2024-02-01T08:07:30+00:00", "page_rating": 0, "tags": [], "page_rating_visits": 0}, {"vote": 0, "age": null, "description": "<img align=\"right\" hspace=\"5\" src=\"https://ocdn.eu/pulscms-transforms/1/yAJktkuTURBXy9jZThjMGMyOS1lNjE3LTQyNDYtYjlmNy0wOTMyYWU0MjBlNGIuanBlZ5GTBc0BHcyg\" />Prezydent RP Andrzej Duda wyda w czwartek o godz. 11.30 o\u015bwiadczenie - powiadomi\u0142a Kancelaria Prezydenta RP.", "permanent": false, "user": null, "page_rating_votes": 0, "album": "", "source_obj__id": 110, "bookmarked": false, "thumbnail": null, "title": "KPRP: Prezydent Andrzej Duda wyda w czwartek o\u015bwiadczenie", "link": "https://forsal.pl/gospodarka/polityka/artykuly/9420359,kprp-prezydent-andrzej-duda-wyda-w-czwartek-oswiadczenie.html", "source": "https://forsal.pl/.feed", "page_rating_contents": 0, "dead": false, "language": "pl", "comments": [], "artist": "Forsal.pl", "date_published": "2024-02-01T08:03:30+00:00", "page_rating": 0, "tags": [], "page_rating_visits": 0}, {"vote": 0, "age": null, "description": "<img align=\"right\" hspace=\"5\" src=\"https://ocdn.eu/pulscms-transforms/1/8qWktkuTURBXy9kMTNlNjBlYi02YTU3LTQ3ODYtOWEwMS1lMjU5MDE1Yzc1YTcuanBlZ5GTBc0BHcyg\" />W\u0142adze Rosji poprzez \u015brodki finansowe kierowane na rzecz separatyst\u00f3w z Katalonii przeszkadza\u0142y w budowie planowanego w tym regionie gazoci\u0105gu MidCat, kt\u00f3ry mia\u0142 po\u0142\u0105czy\u0107 Hiszpani\u0119 z Francj\u0105 - wynika ze \u015bledztwa hiszpa\u0144skiego wymiaru sprawiedliwo\u015bci, na kt\u00f3re powo\u0142uje si\u0119 w \u015brod\u0119 dziennik \u201cVozpopuli\u201d.", "permanent": false, "user": null, "page_rating_votes": 0, "album": "", "source_obj__id": 110, "bookmarked": false, "thumbnail": null, "title": "Rosja, katalo\u0144scy separaty\u015bci i gazoci\u0105g. Jak Kreml zablokowa\u0142 alternatywne \u017ar\u00f3d\u0142a gazu dla Niemiec?", "link": "https://forsal.pl/swiat/unia-europejska/artykuly/9420357,rosja-katalonscy-separatysci-i-gazociag-jak-kreml-zablokowal-alterna.html", "source": "https://forsal.pl/.feed", "page_rating_contents": 0, "dead": false, "language": "pl", "comments": [], "artist": "Forsal.pl", "date_published": "2024-02-01T08:03:23+00:00", "page_rating": 0, "tags": [], "page_rating_visits": 0}, {"vote": 0, "age": null, "description": "<img align=\"right\" hspace=\"5\" src=\"https://ocdn.eu/pulscms-transforms/1/-JJktkuTURBXy81ODg3NmJkNC1hZjBkLTQwMjYtOWQ0Ny0xZjNjMDI4ZmE3MjQuanBlZ5GTBc0BHcyg\" />Wypowiedzi W\u0142adimira Putina o tym, \u017ce Rosja d\u0105\u017cy do utworzenia na Ukrainie &quot;strefy zdemilitaryzowanej&quot; by\u0142y powt\u00f3rzeniem maksymalistycznych i rozmytych cel\u00f3w Rosji w wojnie; Putin pr\u00f3buje te\u017c wykorzysta\u0107 g\u0142osy na Zachodzie o wstrzymaniu pomocy dla Kijowa - ocenia Instytut Studi\u00f3w nad Wojn\u0105 (ISW).", "permanent": false, "user": null, "page_rating_votes": 0, "album": "", "source_obj__id": 110, "bookmarked": false, "thumbnail": null, "title": "Co dalej planuje W\u0142adimir Putin? Pr\u00f3buje \"wykorzysta\u0107 g\u0142osy na Zachodzie\"", "link": "https://forsal.pl/swiat/rosja/artykuly/9420348,co-dalej-planuje-wladimir-putin-probuje-wykorzystac-glosy-na-zachodzie.html", "source": "https://forsal.pl/.feed", "page_rating_contents": 0, "dead": false, "language": "pl", "comments": [], "artist": "Forsal.pl", "date_published": "2024-02-01T07:53:13+00:00", "page_rating": 0, "tags": [], "page_rating_visits": 0}, {"vote": 0, "age": null, "description": "<img align=\"right\" hspace=\"5\" src=\"https://ocdn.eu/pulscms-transforms/1/AauktkuTURBXy81YTc3ZjE3NS1lN2Q3LTQyNDUtOTQyYS1mMTA5NjQyZjc2OGUuanBlZ5GTBc0BHcyg\" />Strajk ostrzegawczy pracownik\u00f3w ochrony na jedenastu niemieckich lotniskach rozpocz\u0105\u0142 si\u0119 w nocy ze \u015brody na czwartek, kr\u00f3tko przed p\u00f3\u0142noc\u0105. Z powodu strajku, kt\u00f3ry potrwa ca\u0142\u0105 dob\u0119, nie odb\u0119dzie si\u0119 prawie tysi\u0105c lot\u00f3w \u2013 poinformowa\u0142a w \u015brod\u0119 wieczorem dpa.", "permanent": false, "user": null, "page_rating_votes": 0, "album": "", "source_obj__id": 110, "bookmarked": false, "thumbnail": null, "title": "Strajk na niemieckich lotniskach. Kt\u00f3re porty lotnicze nie przyjmuj\u0105 dzi\u015b pasa\u017cer\u00f3w?", "link": "https://forsal.pl/transport/lotnictwo/artykuly/9420340,strajk-na-niemieckich-lotniskach-ktore-porty-lotnicze-nie-przyjmuja-d.html", "source": "https://forsal.pl/.feed", "page_rating_contents": 0, "dead": false, "language": "pl", "comments": [], "artist": "Forsal.pl", "date_published": "2024-02-01T07:48:38+00:00", "page_rating": 0, "tags": [], "page_rating_visits": 0}, {"vote": 0, "age": null, "description": "<img align=\"right\" hspace=\"5\" src=\"https://ocdn.eu/pulscms-transforms/1/gH1ktkuTURBXy8yZTlhYzExMS0wNDU2LTQ0YmEtOTdjOS01YmQ2M2NhZDVkM2MuanBlZ5GTBc0BHcyg\" />Pe\u0142nomocnik Rady Ministr\u00f3w ds. odbudowy Ukrainy Pawe\u0142 Kowal zapowiedzia\u0142, \u017ce 50 miliard\u00f3w euro pomocy dla Ukrainy, o przeznaczeniu kt\u00f3rych prawdopodobnie zapadnie decyzja w Brukseli, w du\u017cym stopniu b\u0119d\u0105 przeznaczone na utrzymanie bie\u017c\u0105cego funkcjonowania kraju.", "permanent": false, "user": null, "page_rating_votes": 0, "album": "", "source_obj__id": 110, "bookmarked": false, "thumbnail": null, "title": "Kowal: 50 mld euro dla Ukrainy na utrzymanie bie\u017c\u0105cego funkcjonowania kraju", "link": "https://forsal.pl/finanse/aktualnosci/artykuly/9420337,kowal-50-mld-euro-dla-ukrainy-na-utrzymanie-biezacego-funkcjonowania-kraju.html", "source": "https://forsal.pl/.feed", "page_rating_contents": 0, "dead": false, "language": "pl", "comments": [], "artist": "Forsal.pl", "date_published": "2024-02-01T07:43:29+00:00", "page_rating": 0, "tags": [], "page_rating_visits": 0}, {"vote": 0, "age": null, "description": "<img align=\"right\" hspace=\"5\" src=\"https://ocdn.eu/pulscms-transforms/1/2wqktkuTURBXy8zZmY4OWY3Yy01NWIwLTQxYWUtODdjMS0wNGRkMDJkNjU1YjUuanBlZ5GTBc0BHcyg\" />Odpowiedzi\u0105 USA na zab\u00f3jczy atak na \u017co\u0142nierzy USA w Jordanii b\u0119dzie kilkutygodniow\u0105 kampani\u0105 i b\u0119dzie polega\u0107 zar\u00f3wno na atakach militarnych, jak i cybernetycznych - poda\u0142a w \u015brod\u0119 telewizja NBC News. Doniesienia zdaje si\u0119 potwierdza\u0107 Bia\u0142y Dom, kt\u00f3ry zapowiedzia\u0142, \u017ce pierwsze uderzenie nie b\u0119dzie ostatnim.", "permanent": false, "user": null, "page_rating_votes": 0, "album": "", "source_obj__id": 110, "bookmarked": false, "thumbnail": null, "title": "USA zapowiedzia\u0142y odwet za \u015bmier\u0107 swoich \u017co\u0142nierzy w Jordanii. Kampania uderzy w boj\u00f3wki wpierane przez Iran", "link": "https://forsal.pl/swiat/usa/artykuly/9420329,usa-zapowiedzialy-odwet-za-smierc-swoich-zolnierzy-w-jordanii-kampani.html", "source": "https://forsal.pl/.feed", "page_rating_contents": 0, "dead": false, "language": "pl", "comments": [], "artist": "Forsal.pl", "date_published": "2024-02-01T07:37:51+00:00", "page_rating": 0, "tags": [], "page_rating_visits": 0}, {"vote": 0, "age": null, "description": "<img align=\"right\" hspace=\"5\" src=\"https://ocdn.eu/pulscms-transforms/1/h_bktkuTURBXy9mYjc0NTA3Ni1iOTcwLTRkZjEtOWEzNS0xN2M5YTdkMzc5ODAuanBlZ5GTBc0BHcyg\" />Nie mia\u0142em w\u0105tpliwo\u015bci, \u017ce na koniec drogi musi by\u0107 akceptacja bud\u017cetu, niepodpisanie bud\u017cetu by\u0142oby nierozs\u0105dne - powiedzia\u0142 wicepremier, szef MON W\u0142adys\u0142aw Kosiniak-Kamysz, pytany o decyzj\u0119 prezydenta Andrzeja Dudy ws. ustawy bud\u017cetowej.", "permanent": false, "user": null, "page_rating_votes": 0, "album": "", "source_obj__id": 110, "bookmarked": false, "thumbnail": null, "title": "Kosiniak-Kamysz o decyzji prezydenta ws bud\u017cetu: Niepodpisanie tego by\u0142oby nierozs\u0105dne", "link": "https://forsal.pl/gospodarka/polityka/artykuly/9420324,kosiniak-kamysz-o-decyzji-prezydenta-ws-budzetu-niepodpisanie-tego-byloby-nierozsadne.html", "source": "https://forsal.pl/.feed", "page_rating_contents": 0, "dead": false, "language": "pl", "comments": [], "artist": "Forsal.pl", "date_published": "2024-02-01T07:32:55+00:00", "page_rating": 0, "tags": [], "page_rating_visits": 0}, {"vote": 0, "age": null, "description": "<img align=\"right\" hspace=\"5\" src=\"https://ocdn.eu/pulscms-transforms/1/7rxktkuTURBXy81NmEwMjM5Yy1mMTVjLTQ3MTUtOTdjMy01Yjk3OGE3YTc3NmIuanBlZ5GTBc0BHcyg\" />\u015arodowa sesja na Wall Street zako\u0144czy\u0142a si\u0119 mocnymi spadkami g\u0142\u00f3wnych indeks\u00f3w. Inwestorzy negatywnie zareagowali na s\u0142owa prezesa Fed Jerome'a Powella, \u017ce Rezerwa Federalna nie obni\u017cy st\u00f3p proc. w marcu, co zak\u0142ada\u0142a do tej pory wi\u0119kszo\u015b\u0107 analityk\u00f3w.", "permanent": false, "user": null, "page_rating_votes": 0, "album": "", "source_obj__id": 110, "bookmarked": false, "thumbnail": null, "title": "Fed nie obni\u017cy st\u00f3p w marcu. Wall Street zareagowa\u0142a spadkami", "link": "https://forsal.pl/finanse/gielda/artykuly/9420316,fed-nie-obnizy-stop-w-marcu-wall-street-zareagowala-spadkami.html", "source": "https://forsal.pl/.feed", "page_rating_contents": 0, "dead": false, "language": "pl", "comments": [], "artist": "Forsal.pl", "date_published": "2024-02-01T07:23:14+00:00", "page_rating": 0, "tags": [], "page_rating_visits": 0}, {"vote": 0, "age": null, "description": "<img align=\"right\" hspace=\"5\" src=\"https://ocdn.eu/pulscms-transforms/1/BpHktkuTURBXy8xYjAxMWQyMC1jOTgyLTQ0M2MtOTI3My1jZTIxZmZhMzc2YmIuanBlZ5GTBc0BHcyg\" />Na naszych oczach dochodz\u0105 do doros\u0142o\u015bci tzw. Zetki. Pokolenie, dla kt\u00f3rego posiadanie \u017cyciowego partnera, dziecka, nie jest ju\u017c wyznacznikiem doros\u0142o\u015bci, sukcesu \u017cyciowego \u2013 powiedzia\u0142 w rozmowie z PAP prof. Piotr Szukalski z Uniwersytetu \u0141\u00f3dzkiego, t\u0142umacz\u0105c zmniejszaj\u0105c\u0105 si\u0119 liczb\u0119 urodze\u0144.", "permanent": false, "user": null, "page_rating_votes": 0, "album": "", "source_obj__id": 110, "bookmarked": false, "thumbnail": null, "title": "Dlaczego zmniejsza si\u0119 liczba urodze\u0144 w Polsce? Ekspert: Dla pokolenia Z dzieci nie s\u0105 wyznacznikiem sukcesu", "link": "https://forsal.pl/gospodarka/demografia/artykuly/9420236,dlaczego-zmniejsza-sie-liczba-urodzen-w-polsce-ekspert-dla-pokolenia-z-dzieci-nie-sa-wyznacznikiem-sukcesu.html", "source": "https://forsal.pl/.feed", "page_rating_contents": 0, "dead": false, "language": "pl", "comments": [], "artist": "Forsal.pl", "date_published": "2024-02-01T06:24:07+00:00", "page_rating": 0, "tags": [], "page_rating_visits": 0}, {"vote": 0, "age": null, "description": "<img align=\"right\" hspace=\"5\" src=\"https://ocdn.eu/pulscms-transforms/1/b6OktkuTURBXy82MWIzNmEzMy0xMDhjLTQzMzQtOGIwNy1hMWZmY2FjYTA1ZWMuanBlZ5GTBc0BHcyg\" />Starbucks, najwi\u0119ksza na \u015bwiecie sie\u0107 kawiarni, obni\u017cy\u0142a swoje roczne prognozy sprzeda\u017cy i nie spe\u0142ni\u0142a oczekiwa\u0144 rynkowych. Firma zosta\u0142a dotkni\u0119ta strajkami personelu i spadkiem liczby okazjonalnych odwiedzaj\u0105cych w USA.", "permanent": false, "user": null, "page_rating_votes": 0, "album": "", "source_obj__id": 110, "bookmarked": false, "thumbnail": null, "title": "Starbucks: bojkoty i s\u0142abn\u0105ca gospodarka daj\u0105 si\u0119 we znaki", "link": "https://forsal.pl/biznes/aktualnosci/artykuly/9419413,starbucks-bojkoty-i-slabnaca-gospodarka-daja-sie-we-znaki.html", "source": "https://forsal.pl/.feed", "page_rating_contents": 0, "dead": false, "language": "pl", "comments": [], "artist": "Forsal.pl", "date_published": "2024-02-01T05:40:26+00:00", "page_rating": 0, "tags": [], "page_rating_visits": 0}, {"vote": 0, "age": null, "description": "<img align=\"right\" hspace=\"5\" src=\"https://ocdn.eu/pulscms-transforms/1/MKYktktTURBXy83ZGU3NmViNy1hNmUzLTQ1MGUtYWViMi03Nzk3YTIzMDJhMjEucG5nkZMFzQEdzKA\" />Ju\u017c nied\u0142ugo sztuczna inteligencja mo\u017ce dor\u00f3wna\u0107 ludzkiej kreatywno\u015bci. Takie wnioski p\u0142yn\u0105 z najnowszych bada\u0144 przeprowadzonych przez Uniwersytet Montany.", "permanent": false, "user": null, "page_rating_votes": 0, "album": "", "source_obj__id": 110, "bookmarked": false, "thumbnail": null, "title": "Sztuczna inteligencja goni ludzk\u0105 kreatywno\u015b\u0107", "link": "https://forsal.pl/lifestyle/technologie/artykuly/9412850,sztuczna-inteligencja-goni-ludzka-kreatywnosc.html", "source": "https://forsal.pl/.feed", "page_rating_contents": 0, "dead": false, "language": "pl", "comments": [], "artist": "Forsal.pl", "date_published": "2024-02-01T05:39:13+00:00", "page_rating": 0, "tags": [], "page_rating_visits": 0}, {"vote": 0, "age": null, "description": "<img align=\"right\" hspace=\"5\" src=\"https://ocdn.eu/pulscms-transforms/1/vftktkuTURBXy9iYjBhOGQwMy0yYWVkLTRkYzktYTgwOS0zMmRhZTA0NGY0MzMuanBlZ5GTBc0BHcyg\" />W 2023 r. w najwi\u0119kszych miastach wystrzeli\u0142a sprzeda\u017c nowych mieszka\u0144. Eksperci portalu RynekPierwotny.pl zbadali, jakie kupowane by\u0142y najch\u0119tniej i czy w ubieg\u0142ym roku zmieni\u0142y si\u0119 preferencje nabywc\u00f3w.", "permanent": false, "user": null, "page_rating_votes": 0, "album": "", "source_obj__id": 110, "bookmarked": false, "thumbnail": null, "title": "Gdzie wystrzeli\u0142a sprzeda\u017c nowych mieszka\u0144? Oto lista miast", "link": "https://forsal.pl/nieruchomosci/mieszkania/artykuly/9418910,gdzie-wystrzelila-sprzedaz-nowych-mieszkan-oto-lista-miast.html", "source": "https://forsal.pl/.feed", "page_rating_contents": 0, "dead": false, "language": "pl", "comments": [], "artist": "Forsal.pl", "date_published": "2024-02-01T05:38:43+00:00", "page_rating": 0, "tags": [], "page_rating_visits": 0}, {"vote": 0, "age": null, "description": "<img align=\"right\" hspace=\"5\" src=\"https://ocdn.eu/pulscms-transforms/1/9mMktkuTURBXy8wM2NlY2VkYi1lZGYzLTQzYTItYTU3Yi1lNzgyYWIzOTJjNmUuanBlZ5GTBc0BHcyg\" />Obecna produkcja jedzenia niszczy wi\u0119cej warto\u015bci, ni\u017c tworzy, z powodu koszt\u00f3w medycznych i \u015brodowiskowych, twierdz\u0105 badacze. Ich zdaniem, przej\u015bcie na zr\u00f3wnowa\u017cone systemy \u017cywno\u015bciowe mog\u0142oby przynie\u015b\u0107 korzy\u015bci w wysoko\u015bci 10 bilion\u00f3w dolar\u00f3w rocznie.", "permanent": false, "user": null, "page_rating_votes": 0, "album": "", "source_obj__id": 110, "bookmarked": false, "thumbnail": null, "title": "A mo\u017ce zr\u00f3wnowa\u017cony system \u017cywno\u015bciowy? Ludzko\u015b\u0107 powinna przesta\u0107 je\u015b\u0107 na kredyt", "link": "https://forsal.pl/biznes/ekologia/artykuly/9414357,a-moze-zrownowazony-system-zywnosciowy-ludzkosc-powinna-przestac-jesc.html", "source": "https://forsal.pl/.feed", "page_rating_contents": 0, "dead": false, "language": "pl", "comments": [], "artist": "Forsal.pl", "date_published": "2024-02-01T05:34:07+00:00", "page_rating": 0, "tags": [], "page_rating_visits": 0}, {"vote": 0, "age": null, "description": "<img align=\"right\" hspace=\"5\" src=\"https://ocdn.eu/pulscms-transforms/1/Nu8ktkuTURBXy9jZDIxNTY1Ny0yOGJkLTQ0ZmYtYTNkYS1lNWUyNzMzNjNlYTQuanBlZ5GTBc0BHcyg\" />W pierwszych tygodniach tego roku prac\u0119 w firmach technologicznych straci\u0142o prawie 25 tys. os\u00f3b. Zdaniem ekspert\u00f3w to nie koniec ci\u0119\u0107. Jakie s\u0105 ich powody?", "permanent": false, "user": null, "page_rating_votes": 0, "album": "", "source_obj__id": 110, "bookmarked": false, "thumbnail": null, "title": "Firmy technologiczne zwalniaj\u0105 na pot\u0119g\u0119. Pow\u00f3d? Inwestorzy to lubi\u0105", "link": "https://forsal.pl/lifestyle/technologie/artykuly/9418711,firmy-technologiczne-zwalniaja-na-potege-powod-inwestorzy-to-lubia.html", "source": "https://forsal.pl/.feed", "page_rating_contents": 0, "dead": false, "language": "pl", "comments": [], "artist": "Forsal.pl", "date_published": "2024-02-01T05:30:00+00:00", "page_rating": 0, "tags": [], "page_rating_visits": 0}, {"vote": 0, "age": null, "description": "<img align=\"right\" hspace=\"5\" src=\"https://ocdn.eu/pulscms-transforms/1/POvktktTURBXy8zOWEzNjcyZi00ZDRjLTRlYzMtYTg0NC0yZWNjMmMxZGI0YzYucG5nkZMFzQEdzKA\" />G\u0142\u00f3wny Urz\u0105d Statystyczny pochwali\u0142 si\u0119 najnowszymi szacunkami dotycz\u0105cymi demografii Polski. Dane nie napawaj\u0105 optymizmem. W 2023 roku urodzi\u0142o si\u0119 nas o 11 proc. mniej, a przyrost naturalny wyni\u00f3s\u0142 -137 tys. To tak, jakby w ci\u0105gu roku znikn\u0119\u0142a ca\u0142a populacja Rybnika czy Zielonej G\u00f3ry. Co dzieje si\u0119 z naszym spo\u0142ecze\u0144stwem?", "permanent": false, "user": null, "page_rating_votes": 0, "album": "", "source_obj__id": 110, "bookmarked": false, "thumbnail": null, "title": "GUS opublikowa\u0142 dane demograficzne za 2023 rok. Nie jest \u017ale. Jest tragicznie", "link": "https://forsal.pl/gospodarka/demografia/artykuly/9419396,gus-opublikowal-dane-demograficzne-za-2023-rok-nie-jest-zle-jest-tra.html", "source": "https://forsal.pl/.feed", "page_rating_contents": 0, "dead": false, "language": "pl", "comments": [], "artist": "Forsal.pl", "date_published": "2024-02-01T05:05:53+00:00", "page_rating": 0, "tags": [], "page_rating_visits": 0}, {"vote": 0, "age": null, "description": "<img align=\"right\" hspace=\"5\" src=\"https://ocdn.eu/pulscms-transforms/1/iVWktkuTURBXy82NzkyZDUzMi05NTMzLTRmZTYtYTM0Ny0zMTI5YmZlODA1ZWMuanBlZ5GTBc0BHcyg\" />W obliczu rosn\u0105cych wyzwa\u0144 zwi\u0105zanych z bezpiecze\u0144stwem drogowym, Unia Europejska dokonuje istotnych zmian w przepisach dotycz\u0105cych prawa jazdy. Po intensywnych debatach i odrzuceniu pierwotnej propozycji skierowanej wy\u0142\u0105cznie do senior\u00f3w, UE kieruje si\u0119 ku nowemu podej\u015bciu, kt\u00f3re zak\u0142ada wprowadzenie obowi\u0105zkowych bada\u0144 lekarskich dla wszystkich kierowc\u00f3w, niezale\u017cnie od wieku.", "permanent": false, "user": null, "page_rating_votes": 0, "album": "", "source_obj__id": 110, "bookmarked": false, "thumbnail": null, "title": "Du\u017ce zmiany w prawie jazdy. Taki plan ma Unia Europejska", "link": "https://forsal.pl/swiat/unia-europejska/artykuly/9416524,duze-zmiany-w-prawie-jazdy-taki-plan-ma-unia-europejska.html", "source": "https://forsal.pl/.feed", "page_rating_contents": 0, "dead": false, "language": "pl", "comments": [], "artist": "Forsal.pl", "date_published": "2024-02-01T05:01:00+00:00", "page_rating": 0, "tags": [], "page_rating_visits": 0}, {"vote": 0, "age": null, "description": "<img align=\"right\" hspace=\"5\" src=\"https://ocdn.eu/pulscms-transforms/1/ACQktkuTURBXy83NjllZmY3My0zYjZkLTQxNDctYWIzNC0zNjU4ZWYzYTI4MmEuanBlZ5GTBc0BHcyg\" />Personalna rewolucja w najwi\u0119kszych, notowanych na warszawskiej gie\u0142dzie, sp\u00f3\u0142kach kontrolowanych przez pa\u0144stwo \u2013 polegaj\u0105ca na odwo\u0142aniu ludzi nominowanych przez rz\u0105d Zjednoczonej Prawicy i powo\u0142anie os\u00f3b, do kt\u00f3rych zaufanie ma koalicja \u201e15 pa\u017adziernika\u201d \u2013 zacz\u0119\u0142a si\u0119 od energetyki.", "permanent": false, "user": null, "page_rating_votes": 0, "album": "", "source_obj__id": 110, "bookmarked": false, "thumbnail": null, "title": "Kadrowe zmiany (na lepsze) w pa\u0144stwowych sp\u00f3\u0142kach [OPINIA]", "link": "https://forsal.pl/gospodarka/polityka/artykuly/9420100,daniel-obajtek-prezes-orlen-do-kiedy-scenariusze.html", "source": "https://forsal.pl/.feed", "page_rating_contents": 0, "dead": false, "language": "pl", "comments": [], "artist": "Forsal.pl", "date_published": "2024-02-01T05:00:00+00:00", "page_rating": 0, "tags": [], "page_rating_visits": 0}, {"vote": 0, "age": null, "description": "<img align=\"right\" hspace=\"5\" src=\"https://ocdn.eu/pulscms-transforms/1/Z7uktkuTURBXy80M2YyMWYwYS0xNzVlLTQxM2QtOTcxZS1jMThmMDhhYjI2MjQuanBlZ5GTBc0BHcyg\" />\u201eZosta\u0142am wykorzystana seksualnie na Facebooku\u201d \u2013 dziecko, kt\u00f3re wypowiada te s\u0142owa w filmie, ma twarz schowan\u0105 w cieniu. Materia\u0142 sk\u0142ada si\u0119 z samych tego typu wyzna\u0144. W sali przes\u0142ucha\u0144 siedz\u0105 rodzice, trzymaj\u0105 w r\u0119kach zdj\u0119cia swoich dzieci, kt\u00f3re dozna\u0142y krzywdy w internecie. Opr\u00f3cz nich w pomieszczeniu jest tak\u017ce Mark Zuckerberg i inni liderzy big tech\u00f3w. W pewnym momencie senator Josh Hawley wzywa za\u0142o\u017cyciela Facebooka, \u017ceby osobi\u015bcie przeprosi\u0142 bliskich ofiar. Zuckeberg odwraca si\u0119 do nich i wyra\u017ca ubolewanie.", "permanent": false, "user": null, "page_rating_votes": 0, "album": "", "source_obj__id": 110, "bookmarked": false, "thumbnail": null, "title": "\u201ePanie Zuckerberg, ma pan krew na r\u0119kach\u201d. Przyw\u00f3dcy big tech\u00f3w przes\u0142uchiwani przez Senat USA", "link": "https://forsal.pl/biznes/aktualnosci/artykuly/9420187,panie-zuckerberg-ma-pan-krew-na-rekach-przywodcy-big-techow-przesl.html", "source": "https://forsal.pl/.feed", "page_rating_contents": 0, "dead": false, "language": "pl", "comments": [], "artist": "Forsal.pl", "date_published": "2024-02-01T05:00:00+00:00", "page_rating": 0, "tags": [], "page_rating_visits": 0}]