[{"vote": 0, "age": null, "description": "For nearly two years, police have been tracking down the culprit behind a wave of hoax threats. A digital trail took them to the door of a 17-year-old in California.", "permanent": false, "user": null, "page_rating_votes": 0, "album": "", "source_obj__id": 384, "bookmarked": false, "thumbnail": "https://media.wired.com/photos/65baef8447aa8f479c6b08c7/master/pass/013124-security-torswats-swatting-arrest-digital.jpg", "title": "YouTube, Discord, and 'Lord of the Rings' Led Police to a Teen Accused of a US Swatting Spree", "link": "https://www.wired.com/story/alan-filion-torswats-swatting-arrest", "source": "https://www.wired.com/feed", "page_rating_contents": 0, "dead": false, "language": "en-US", "comments": [], "artist": null, "date_published": "2024-02-01T01:28:52+00:00", "page_rating": 0, "tags": [], "page_rating_visits": 0}, {"vote": 0, "age": null, "description": "X CEO Linda Yaccarino told US senators she\u2019s hiring more trust and safety staffers. She didn\u2019t mention that Elon Musk fired most people policing content on the platform when he acquired it in 2022.", "permanent": false, "user": null, "page_rating_votes": 0, "album": "", "source_obj__id": 384, "bookmarked": false, "thumbnail": "https://media.wired.com/photos/65ba69a955400f5cd5ae8951/master/pass/senatehearing-childexploitation-Biz-GettyImages-1967787718.jpg", "title": "Linda Yaccarino Says X Needs More Moderators After All", "link": "https://www.wired.com/story/linda-yaccarino-says-x-needs-more-moderators", "source": "https://www.wired.com/feed", "page_rating_contents": 0, "dead": false, "language": "en-US", "comments": [], "artist": null, "date_published": "2024-02-01T01:25:16+00:00", "page_rating": 0, "tags": [], "page_rating_visits": 0}]