[{"vote": 0, "age": null, "description": "Official Megamind vs. The Doom Syndicate Movie Trailer 2024 | Subscribe \u27a4 https://abo.yt/ki | Movie Trailer | Peacock: 1 Mar 2024 | More https://KinoCheck.com/movie/900/megamind-2-the-doom-syndicate?utm_source=youtube&amp;utm_medium=description\nFollow-up to the 2010 movie, where Megamind goes from being a supervillain and the scourge of Metro City to a superhero who\u2019s learning on the job. He\u2019ll be bringing the audience along for the ride, as Megamind\u2019s trusty brainbots will be recording everything, making him the world\u2019s first superhero influencer.\n\nMegamind vs. The Doom Syndicate rent/buy \u27a4 https://amzo.in/movie/900/megamind-2-the-doom-syndicate\nMost popular movies right now \u27a4 https://amzo.in/bestsellermovies\nMost wanted movies of all time \u27a4 https://amzo.in/wishlistmovies\n\nMegamind vs. The Doom Syndicate (2024) is the new animation movie.\n\nNote | #Megamind2 #Trailer courtesy of Universal Pictures. | All Rights Reserved. | https://amzo.in are affiliate-links. That add no addi", "permanent": false, "user": null, "page_rating_votes": 0, "album": "", "source_obj__id": 225, "bookmarked": false, "thumbnail": "https://i3.ytimg.com/vi/BoIiiuvl2vI/hqdefault.jpg", "title": "MEGAMIND 2: The Doom Syndicate Trailer (2024)", "link": "https://www.youtube.com/watch?v=BoIiiuvl2vI", "source": "https://www.youtube.com/feeds/videos.xml?channel_id=UCLRlryMfL8ffxzrtqv0_k_w", "page_rating_contents": 0, "dead": false, "language": null, "comments": [], "artist": "KinoCheck.com", "date_published": "2024-02-01T18:38:58+00:00", "page_rating": 0, "tags": [], "page_rating_visits": 0}, {"vote": 0, "age": null, "description": "Official Star Chaser Movie Trailer 2024 | Subscribe \u27a4 https://abo.yt/ki | Movie Trailer | Digital: 2024 | More https://KinoCheck.com/movie/8f7/star-chaser-2024?utm_source=youtube&amp;utm_medium=description\nEscaping the destruction of her home world, 19-year-old Ajwan embarks on an interplanetary journey to deal with the fall-out, while a nefarious organization slowly acquires power across the galaxy.\n\nStar Chaser rent/buy \u27a4 https://amzo.in/movie/8f7/star-chaser-2024\nMost popular movies right now \u27a4 https://amzo.in/bestsellermovies\nMost wanted movies of all time \u27a4 https://amzo.in/wishlistmovies\n\nStar Chaser (2024) is the new animation movie.\n\nNote | #StarChaser #Trailer courtesy of Barajoun Entertainment FZ - L.L.C. | All Rights Reserved. | https://amzo.in are affiliate-links. That add no additional cost to you, but will support our work through a small commission. | #KinoCheck\u00ae", "permanent": false, "user": null, "page_rating_votes": 0, "album": "", "source_obj__id": 225, "bookmarked": false, "thumbnail": "https://i2.ytimg.com/vi/Q-ebTaJvgPU/hqdefault.jpg", "title": "STAR CHASER Trailer (2024)", "link": "https://www.youtube.com/watch?v=Q-ebTaJvgPU", "source": "https://www.youtube.com/feeds/videos.xml?channel_id=UCLRlryMfL8ffxzrtqv0_k_w", "page_rating_contents": 0, "dead": false, "language": null, "comments": [], "artist": "KinoCheck.com", "date_published": "2024-02-01T17:08:21+00:00", "page_rating": 0, "tags": [], "page_rating_visits": 0}, {"vote": 0, "age": null, "description": "Official One Life Movie Trailer 2024 | Subscribe \u27a4 https://abo.yt/ki | Anthony Hopkins Movie Trailer | Cinema: 15 Mar 2024 | More https://KinoCheck.com/movie/nf7/one-life-2024?utm_source=youtube&amp;utm_medium=description\nBritish stockbroker Nicholas Winton visits Czechoslovakia in the 1930s and forms plans to assist in the rescue of Jewish children before the onset of World War II, in an operation that came to be known as the Kindertransport.\n\nOne Life rent/buy \u27a4 https://amzo.in/movie/nf7/one-life-2024\nMost popular movies right now \u27a4 https://amzo.in/bestsellermovies\nMost wanted movies of all time \u27a4 https://amzo.in/wishlistmovies\n\nOne Life (2024) is the new drama by James Hawes, starring Anthony Hopkins, Johnny Flynn and Helena Bonham Carter. The script was written by Lucinda Coxon & Nick Drake..\n\nNote | #OneLife #Trailer courtesy of SquareOne Entertainment. | All Rights Reserved. | https://amzo.in are affiliate-links. That add no additional cost to you, but will support our ", "permanent": false, "user": null, "page_rating_votes": 0, "album": "", "source_obj__id": 225, "bookmarked": false, "thumbnail": "https://i2.ytimg.com/vi/in3jrdRX-FA/hqdefault.jpg", "title": "ONE LIFE Trailer (2024) Anthony Hopkins", "link": "https://www.youtube.com/watch?v=in3jrdRX-FA", "source": "https://www.youtube.com/feeds/videos.xml?channel_id=UCLRlryMfL8ffxzrtqv0_k_w", "page_rating_contents": 0, "dead": false, "language": null, "comments": [], "artist": "KinoCheck.com", "date_published": "2024-02-01T16:05:46+00:00", "page_rating": 0, "tags": [], "page_rating_visits": 0}]