[{"vote": 0, "age": null, "description": "<p><img alt=\"four women arrested\" src=\"https://fotos.perfil.com/2024/02/01/trim/540/304/four-women-arrested-1748627.jpeg\" /></p>Argentine federal police arrested and detained four women singing the national anthem on the curb in front of Congress Plaza. Following backlash from officials and political parties on social media, all were released this morning. <a href=\"https://www.batimes.com.ar/news/argentina/four-women-arrested-for-protesting-in-front-of-congress-are-released.phtml\">Leer m\u00e1s</a>", "permanent": false, "user": null, "page_rating_votes": 0, "album": "", "source_obj__id": 523, "bookmarked": false, "thumbnail": "https://fotos.perfil.com/2024/02/01/trim/540/304/four-women-arrested-1748627.jpeg", "title": "Four women arrested for peaceful protest outside Congress released after outcry", "link": "https://www.batimes.com.ar/news/argentina/four-women-arrested-for-protesting-in-front-of-congress-are-released.phtml", "source": "https://www.batimes.com.ar/feed", "page_rating_contents": 0, "dead": false, "language": "en", "comments": [], "artist": null, "date_published": "2024-02-01T22:01:46+00:00", "page_rating": 0, "tags": [], "page_rating_visits": 0}, {"vote": 0, "age": null, "description": "<p><img alt=\"Argentina falls on annual corruption index\" src=\"https://fotos.perfil.com/2024/02/01/trim/540/304/argentina-falls-on-annual-corruption-index-1748577.jpeg\" /></p>The country scored 37 out of 100 total points and ranked 98th out of 180 surveyed countries <a href=\"https://www.batimes.com.ar/news/argentina/argentina-falls-on-annual-corruption-index.phtml\">Leer m\u00e1s</a>", "permanent": false, "user": null, "page_rating_votes": 0, "album": "", "source_obj__id": 523, "bookmarked": false, "thumbnail": "https://fotos.perfil.com/2024/02/01/trim/540/304/argentina-falls-on-annual-corruption-index-1748577.jpeg", "title": "Argentina falls on annual corruption index", "link": "https://www.batimes.com.ar/news/argentina/argentina-falls-on-annual-corruption-index.phtml", "source": "https://www.batimes.com.ar/feed", "page_rating_contents": 0, "dead": false, "language": "en", "comments": [], "artist": null, "date_published": "2024-02-01T20:28:32+00:00", "page_rating": 0, "tags": [], "page_rating_visits": 0}, {"vote": 0, "age": null, "description": "<p><img alt=\"fires, los alerces national park\" src=\"https://fotos.perfil.com/2024/01/27/trim/540/304/fires-los-alerces-national-park-1745468.jpg\" /></p>Firefighters still suppressing flames ravaging Patagonian national park; Chubut Province Governor Ignacio Torres alleges blaze was started by RAM Mapuche indigenous group. <a href=\"https://www.batimes.com.ar/news/argentina/fire-in-argentine-park-burns-2000-hectares-amid-heat-alert.phtml\">Leer m\u00e1s</a>", "permanent": false, "user": null, "page_rating_votes": 0, "album": "", "source_obj__id": 523, "bookmarked": false, "thumbnail": "https://fotos.perfil.com/2024/01/27/trim/540/304/fires-los-alerces-national-park-1745468.jpg", "title": "Los Alerces National Park: Fire burns 2,300 hectares amid heat alert", "link": "https://www.batimes.com.ar/news/argentina/fire-in-argentine-park-burns-2000-hectares-amid-heat-alert.phtml", "source": "https://www.batimes.com.ar/feed", "page_rating_contents": 0, "dead": false, "language": "en", "comments": [], "artist": null, "date_published": "2024-02-01T18:45:00+00:00", "page_rating": 0, "tags": [], "page_rating_visits": 0}, {"vote": 0, "age": null, "description": "<p><img alt=\"River Plate youngster Franco Mastontuano\" src=\"https://fotos.perfil.com/2024/02/01/trim/540/304/river-plate-youngster-franco-mastontuano-1748251.jpg\" /></p>River's pre-season was dominated by the Claudio Echeverri saga, but another few gems \u2013 Franco Mastontuano, Agust\u00edn Ruberto and Ian Subiabre \u2013 seem to have rolled off the famous Millo assembly line. <a href=\"https://www.batimes.com.ar/news/sports/rivers-youth-production-line-keeps-churning-out-quality.phtml\">Leer m\u00e1s</a>", "permanent": false, "user": null, "page_rating_votes": 0, "album": "", "source_obj__id": 523, "bookmarked": false, "thumbnail": "https://fotos.perfil.com/2024/02/01/trim/540/304/river-plate-youngster-franco-mastontuano-1748251.jpg", "title": "River\u2019s youth production line keeps churning out quality", "link": "https://www.batimes.com.ar/news/sports/rivers-youth-production-line-keeps-churning-out-quality.phtml", "source": "https://www.batimes.com.ar/feed", "page_rating_contents": 0, "dead": false, "language": "en", "comments": [], "artist": null, "date_published": "2024-02-01T15:43:35+00:00", "page_rating": 0, "tags": [], "page_rating_visits": 0}, {"vote": 0, "age": null, "description": "<p><img alt=\"omnibus protesters\" src=\"https://fotos.perfil.com/2024/02/01/trim/540/304/omnibus-protesters-1748235.jpg\" /></p>President Milei\u2019s government had to make serious concessions and remove several points from the original text of its sweeping mega-reform bill, which is now slashed down to 386 articles from the original 664. <a href=\"https://www.batimes.com.ar/news/argentina/omnibus-law-whats-in-and-whats-out-as-bill-goes-to-congress.phtml\">Leer m\u00e1s</a>", "permanent": false, "user": null, "page_rating_votes": 0, "album": "", "source_obj__id": 523, "bookmarked": false, "thumbnail": "https://fotos.perfil.com/2024/02/01/trim/540/304/omnibus-protesters-1748235.jpg", "title": "Omnibus Law: What\u2019s in and what\u2019s out as bill goes to Congress?", "link": "https://www.batimes.com.ar/news/argentina/omnibus-law-whats-in-and-whats-out-as-bill-goes-to-congress.phtml", "source": "https://www.batimes.com.ar/feed", "page_rating_contents": 0, "dead": false, "language": "en", "comments": [], "artist": null, "date_published": "2024-02-01T15:08:31+00:00", "page_rating": 0, "tags": [], "page_rating_visits": 0}, {"vote": 0, "age": null, "description": "<p><img alt=\"Demonstration Omnibus bill Congress\" src=\"https://fotos.perfil.com/2024/02/01/trim/540/304/demonstration-omnibus-bill-congress-1748007.jpg\" /></p>Lawmakers are prepared for a marathon session, with an initial 35 hours of debate planned over several days, and 200 speeches.\n <a href=\"https://www.batimes.com.ar/news/argentina/lawmakers-debate-president-mileis-mega-reform-package.phtml\">Leer m\u00e1s</a>", "permanent": false, "user": null, "page_rating_votes": 0, "album": "", "source_obj__id": 523, "bookmarked": false, "thumbnail": "https://fotos.perfil.com/2024/02/01/trim/540/304/demonstration-omnibus-bill-congress-1748007.jpg", "title": "Lawmakers debate President Milei's mega reform package", "link": "https://www.batimes.com.ar/news/argentina/lawmakers-debate-president-mileis-mega-reform-package.phtml", "source": "https://www.batimes.com.ar/feed", "page_rating_contents": 0, "dead": false, "language": "en", "comments": [], "artist": null, "date_published": "2024-02-01T03:39:56+00:00", "page_rating": 0, "tags": [], "page_rating_visits": 0}]