[{"vote": 0, "age": null, "description": "Taken from JRE #2096 w/Josh Dubin and Sheldon Johnson:\nhttps://open.spotify.com/episode/3nsOv2Bl6OVvTcjUrJ1GUa?si=e025da7c8faf49d8", "permanent": false, "user": null, "page_rating_votes": 0, "album": "", "source_obj__id": 217, "bookmarked": false, "thumbnail": "https://i1.ytimg.com/vi/4qrwmwfkWKo/hqdefault.jpg", "title": "Sentenced to 50 Years Sheldon Johnson Decided to Turn His Life Around", "link": "https://www.youtube.com/watch?v=4qrwmwfkWKo", "source": "https://www.youtube.com/feeds/videos.xml?channel_id=UCzQUP1qoWDoEbmsQxvdjxgQ", "page_rating_contents": 0, "dead": false, "language": null, "comments": [], "artist": "PowerfulJRE", "date_published": "2024-02-01T18:17:23+00:00", "page_rating": 0, "tags": [], "page_rating_visits": 0}]