[{"vote": 0, "age": null, "description": "As the sun sets on the first year after devastating earthquakes hit the southeast, T\u00fcrkiye's narrative is one of resilience, unity and unwavering determination. While the road...", "permanent": false, "user": null, "page_rating_votes": 0, "album": "", "source_obj__id": 556, "bookmarked": false, "thumbnail": "https://idsb.tmgrup.com.tr/ly/uploads/images/2024/02/01/312922.jpg", "title": "T\u00fcrkiye's resilience one year after devastating earthquakes", "link": "https://www.dailysabah.com/turkiye/turkiyes-resilience-one-year-after-devastating-earthquakes/news", "source": "https://www.dailysabah.com/rssFeed/10", "page_rating_contents": 0, "dead": false, "language": "en-US", "comments": [], "artist": null, "date_published": "2024-02-01T12:17:00+00:00", "page_rating": 0, "tags": [], "page_rating_visits": 0}, {"vote": 0, "age": null, "description": "In a nationwide crackdown dubbed 'Cage,' T\u00fcrkiye successfully dismantled 420 criminal organizations in 2023, the Interior Ministry reported.\n\nBetween Jan. 1 and Dec. 31, security f...", "permanent": false, "user": null, "page_rating_votes": 0, "album": "", "source_obj__id": 556, "bookmarked": false, "thumbnail": "https://idsb.tmgrup.com.tr/ly/uploads/images/2024/02/01/312875.jpg", "title": "T\u00fcrkiye's 'Cage' ops break up 420 organized crime rings in 2023", "link": "https://www.dailysabah.com/turkiye/investigations/turkiyes-cage-ops-break-up-420-organized-crime-rings-in-2023", "source": "https://www.dailysabah.com/rssFeed/10", "page_rating_contents": 0, "dead": false, "language": "en-US", "comments": [], "artist": null, "date_published": "2024-02-01T11:22:00+00:00", "page_rating": 0, "tags": [], "page_rating_visits": 0}]