[{"vote": 0, "age": null, "description": "", "permanent": false, "user": null, "page_rating_votes": 0, "album": "", "source_obj__id": 250, "bookmarked": false, "thumbnail": "https://i2.ytimg.com/vi/M4PG_Qvg9MI/hqdefault.jpg", "title": "Go Download \"FACTS\" Now", "link": "https://www.youtube.com/watch?v=M4PG_Qvg9MI", "source": "https://www.youtube.com/feeds/videos.xml?channel_id=UCnQC_G5Xsjhp9fEJKuIcrSw", "page_rating_contents": 0, "dead": false, "language": null, "comments": [], "artist": "Ben Shapiro", "date_published": "2024-02-01T22:30:01+00:00", "page_rating": 0, "tags": [], "page_rating_visits": 0}, {"vote": 0, "age": null, "description": "Tax Network USA - Seize control of your financial future! Call 1(800)245-6000 or visit http://www.TNUSA.com/Shapiro \n\nThe battle for the number one spot on Billboard's Hot 100 chart is continuing to unfold, and Megan Thee Stallion has released 5+ versions of the same song in order to compete with us. This is what the music industry does. Download \"FACTS\" on iTunes now: https://apple.co/3SkUfgE\n\n1\ufe0f\u20e3 Click here to join the member-exclusive portion of my show: https://get.dailywireplus.com/member-block/ben-shapiro\n\n2\ufe0f\u20e3 Become a DailyWire+ member to gain access to movies, shows, documentaries, and more: https://bit.ly/3lfVtwK \n\n3\ufe0f\u20e3 Watch the full episode here: Ep.1896 - https://youtu.be/VOkkGuOqQVY\n\n\ud83d\udc55 Get your Ben Shapiro merch here: https://bit.ly/3TAu2cw\n\n#BenShapiro #TheBenShapiroShow #News #Politics #DailyWire", "permanent": false, "user": null, "page_rating_votes": 0, "album": "", "source_obj__id": 250, "bookmarked": false, "thumbnail": "https://i3.ytimg.com/vi/fmcBITgWvcA/hqdefault.jpg", "title": "How the Music Industry REALLY Controls the Charts", "link": "https://www.youtube.com/watch?v=fmcBITgWvcA", "source": "https://www.youtube.com/feeds/videos.xml?channel_id=UCnQC_G5Xsjhp9fEJKuIcrSw", "page_rating_contents": 0, "dead": false, "language": null, "comments": [], "artist": "Ben Shapiro", "date_published": "2024-02-01T22:00:30+00:00", "page_rating": 0, "tags": [], "page_rating_visits": 0}, {"vote": 0, "age": null, "description": "", "permanent": false, "user": null, "page_rating_votes": 0, "album": "", "source_obj__id": 250, "bookmarked": false, "thumbnail": "https://i1.ytimg.com/vi/4Y_BJdliFhM/hqdefault.jpg", "title": "Listeners React to \"FACTS\"", "link": "https://www.youtube.com/watch?v=4Y_BJdliFhM", "source": "https://www.youtube.com/feeds/videos.xml?channel_id=UCnQC_G5Xsjhp9fEJKuIcrSw", "page_rating_contents": 0, "dead": false, "language": null, "comments": [], "artist": "Ben Shapiro", "date_published": "2024-02-01T20:00:02+00:00", "page_rating": 0, "tags": [], "page_rating_visits": 0}, {"vote": 0, "age": null, "description": "", "permanent": false, "user": null, "page_rating_votes": 0, "album": "", "source_obj__id": 250, "bookmarked": false, "thumbnail": "https://i2.ytimg.com/vi/ir-j-Nree9w/hqdefault.jpg", "title": "You Shock Me, Sir!", "link": "https://www.youtube.com/watch?v=ir-j-Nree9w", "source": "https://www.youtube.com/feeds/videos.xml?channel_id=UCnQC_G5Xsjhp9fEJKuIcrSw", "page_rating_contents": 0, "dead": false, "language": null, "comments": [], "artist": "Ben Shapiro", "date_published": "2024-02-01T02:00:17+00:00", "page_rating": 0, "tags": [], "page_rating_visits": 0}, {"vote": 0, "age": null, "description": "", "permanent": false, "user": null, "page_rating_votes": 0, "album": "", "source_obj__id": 250, "bookmarked": false, "thumbnail": "https://i3.ytimg.com/vi/BkK5-zKXSRU/hqdefault.jpg", "title": "Elmo Unleashes Emotional Hell", "link": "https://www.youtube.com/watch?v=BkK5-zKXSRU", "source": "https://www.youtube.com/feeds/videos.xml?channel_id=UCnQC_G5Xsjhp9fEJKuIcrSw", "page_rating_contents": 0, "dead": false, "language": null, "comments": [], "artist": "Ben Shapiro", "date_published": "2024-02-01T00:30:04+00:00", "page_rating": 0, "tags": [], "page_rating_visits": 0}, {"vote": 0, "age": null, "description": "Balance of Nature - Start your journey to better health! For a limited time, get 35% off your first order as a preferred customer + a FREE Fiber & Spice. Use promo code SEARCH\u2019 at checkout: https://www.balanceofnature.com/\n\nJordan Peterson and I reflect on the power of learning socially versus learning alone and how imperative it is that we as a society go back to learning in this manner. Watch the full conversation here: https://youtu.be/iRREGG6hLVU?si=8TVt7V2hd5xdhP1Z\n\n1\ufe0f\u20e3 Click here to join the member-exclusive portion of my show: https://get.dailywireplus.com/member-block/ben-shapiro\n\n2\ufe0f\u20e3 Become a DailyWire+ member to gain access to movies, shows, documentaries, and more: https://bit.ly/3lfVtwK \n\n\ud83d\udc55 Get your Ben Shapiro merch here: https://bit.ly/3TAu2cw\n\n#BenShapiro #TheBenShapiroShow #News #Politics #DailyWire", "permanent": false, "user": null, "page_rating_votes": 0, "album": "", "source_obj__id": 250, "bookmarked": false, "thumbnail": "https://i1.ytimg.com/vi/0K3CEy3IJCc/hqdefault.jpg", "title": "We MUST Go Back to This | With @JordanBPeterson", "link": "https://www.youtube.com/watch?v=0K3CEy3IJCc", "source": "https://www.youtube.com/feeds/videos.xml?channel_id=UCnQC_G5Xsjhp9fEJKuIcrSw", "page_rating_contents": 0, "dead": false, "language": null, "comments": [], "artist": "Ben Shapiro", "date_published": "2024-02-01T00:00:00+00:00", "page_rating": 0, "tags": [], "page_rating_visits": 0}]