[{"vote": 0, "age": null, "description": "Egypt&#8217;s central bank hiked key interest rates by 2% on Thursday, aiming to curb rising inflation despite signs of an economic slowdown. The Central Bank of Egypt&#8217;s (CBE) Monetary Policy Committee (MPC) raised the overnight deposit rate, overnight lending rate, and the rate of the main operation by 200 basis points to 21.25%, 22.25%, and [&#8230;]", "permanent": false, "user": null, "page_rating_votes": 0, "album": "", "source_obj__id": 586, "bookmarked": false, "thumbnail": null, "title": "Egypt\u2019s central bank raises interest rates by 2% to tame inflation", "link": "https://www.dailynewsegypt.com/2024/02/01/egypts-central-bank-raises-interest-rates-by-2-to-tame-inflation", "source": "https://www.dailynewsegypt.com/feed", "page_rating_contents": 0, "dead": false, "language": "en-US", "comments": [], "artist": null, "date_published": "2024-02-01T19:43:22+00:00", "page_rating": 0, "tags": [], "page_rating_visits": 0}, {"vote": 0, "age": null, "description": "Wrinkles haunt stars, Botox is only solution", "permanent": false, "user": null, "page_rating_votes": 0, "album": "", "source_obj__id": 586, "bookmarked": false, "thumbnail": null, "title": "Plastic Surgery: A Celebrity Obsession or Necessity?", "link": "https://www.dailynewsegypt.com/2024/02/01/plastic-surgery-a-celebrity-obsession-or-necessity", "source": "https://www.dailynewsegypt.com/feed", "page_rating_contents": 0, "dead": false, "language": "en-US", "comments": [], "artist": null, "date_published": "2024-02-01T13:27:47+00:00", "page_rating": 0, "tags": [], "page_rating_visits": 0}, {"vote": 0, "age": null, "description": "Egypt\u2019s real estate developer Cred has announced the launching of its latest and largest projects to date, Ever New Cairo.&#160; In partnership with the New Urban Community Authority, the project is located in New Cairo spanning over 128.5 feddans of land with total investments of EGP 30bn.&#160; Ever New Cairo is part of the expansion [&#8230;]", "permanent": false, "user": null, "page_rating_votes": 0, "album": "", "source_obj__id": 586, "bookmarked": false, "thumbnail": null, "title": "Cred unveils Ever New Cairo its EGP 30bn new project", "link": "https://www.dailynewsegypt.com/2024/02/01/cred-unveils-ever-new-cairo-its-egp-30bn-new-project", "source": "https://www.dailynewsegypt.com/feed", "page_rating_contents": 0, "dead": false, "language": "en-US", "comments": [], "artist": null, "date_published": "2024-02-01T13:20:15+00:00", "page_rating": 0, "tags": [], "page_rating_visits": 0}, {"vote": 0, "age": null, "description": "The Cleopatra Hospitals group intends to invest EGP 2bn over the next 18 months as part of its profit expectations strategy before interest, taxes, and depreciation over the next two years. The focus will primarily be on completing the first and second phases of the Sky Hospital project in East Cairo, expanding the Cleopatra October [&#8230;]", "permanent": false, "user": null, "page_rating_votes": 0, "album": "", "source_obj__id": 586, "bookmarked": false, "thumbnail": null, "title": "Cleopatra Hospitals plans to invest EGP 2bn over next 18 months", "link": "https://www.dailynewsegypt.com/2024/02/01/cleopatra-hospitals-plans-to-invest-egp-2bn-over-next-18-months", "source": "https://www.dailynewsegypt.com/feed", "page_rating_contents": 0, "dead": false, "language": "en-US", "comments": [], "artist": null, "date_published": "2024-02-01T13:16:14+00:00", "page_rating": 0, "tags": [], "page_rating_visits": 0}, {"vote": 0, "age": null, "description": "Nevine El-Kabbaj, Minister of Social Solidarity, awarded 10 inspiring women with EGP 20,000 each during the third season of the \u201cNew Woman\u201d initiative, sponsored by Victory Link and Nasser Bank. The ceremony was attended by Enjy El-Sabban, CEO of Victory Link and co-founder of the initiative; writer and novelist Ahmed Murad, also a co-founder; Lamis [&#8230;]", "permanent": false, "user": null, "page_rating_votes": 0, "album": "", "source_obj__id": 586, "bookmarked": false, "thumbnail": null, "title": "Minister of Social Solidarity honors 10 women with \u2018New Woman\u2019 awards", "link": "https://www.dailynewsegypt.com/2024/02/01/minister-of-social-solidarity-honors-10-women-with-new-woman-awards", "source": "https://www.dailynewsegypt.com/feed", "page_rating_contents": 0, "dead": false, "language": "en-US", "comments": [], "artist": null, "date_published": "2024-02-01T13:14:08+00:00", "page_rating": 0, "tags": [], "page_rating_visits": 0}, {"vote": 0, "age": null, "description": "Egypt&#8217;s manufacturing and extractive industries saw a slight decline in November 2023, according to data released by the Central Agency for Public Mobilization and Statistics (CAPMAS). The agency has updated its methodology for calculating the index, now using the 2012/2013 base year and aligning with the Industrial Activity Manual (ISIC Rev.4) classification system. The overall [&#8230;]", "permanent": false, "user": null, "page_rating_votes": 0, "album": "", "source_obj__id": 586, "bookmarked": false, "thumbnail": null, "title": "Egypt\u2019s manufacturing and extractive index inched down 0.55% in November 2023", "link": "https://www.dailynewsegypt.com/2024/02/01/egypts-manufacturing-and-extractive-index-inched-down-0-55-in-november-2023", "source": "https://www.dailynewsegypt.com/feed", "page_rating_contents": 0, "dead": false, "language": "en-US", "comments": [], "artist": null, "date_published": "2024-02-01T13:09:34+00:00", "page_rating": 0, "tags": [], "page_rating_visits": 0}, {"vote": 0, "age": null, "description": "Foreign Minister Sameh Shoukry met on Wednesday with Ambassador David Satterfield, the US Special Envoy for Humanitarian Affairs in the Middle East. Ahmed Abu Zeid, the spokesperson of the Ministry of Foreign Affairs, said that the meeting focused on the deteriorating humanitarian situation in the Gaza Strip, the severe suffering of the Palestinians, and the [&#8230;]", "permanent": false, "user": null, "page_rating_votes": 0, "album": "", "source_obj__id": 586, "bookmarked": false, "thumbnail": null, "title": "Shoukry urges US, donor countries to resume UNRWA funding for Gaza relief", "link": "https://www.dailynewsegypt.com/2024/02/01/shoukry-urges-us-donor-countries-to-resume-unrwa-funding-for-gaza-relief", "source": "https://www.dailynewsegypt.com/feed", "page_rating_contents": 0, "dead": false, "language": "en-US", "comments": [], "artist": null, "date_published": "2024-02-01T13:06:08+00:00", "page_rating": 0, "tags": [], "page_rating_visits": 0}, {"vote": 0, "age": null, "description": "The European Bank for Reconstruction and Development (EBRD) has approved a senior unsecured loan of up to $5m (\u20ac4.6m) to Tanmeyah Microenterprise Services under the Financial Intermediaries Framework (FIF). The loan has a tenor of 3 years, including a 1-year grace period for principal repayment. The loan will help Tanmeyah to increase its lending to [&#8230;]", "permanent": false, "user": null, "page_rating_votes": 0, "album": "", "source_obj__id": 586, "bookmarked": false, "thumbnail": null, "title": "EBRD grants $5m loan to Egypt\u2019s Tanmeyah Microenterprise Services", "link": "https://www.dailynewsegypt.com/2024/02/01/ebrd-grants-5m-loan-to-egypts-tanmeyah-microenterprise-services", "source": "https://www.dailynewsegypt.com/feed", "page_rating_contents": 0, "dead": false, "language": "en-US", "comments": [], "artist": null, "date_published": "2024-02-01T13:02:40+00:00", "page_rating": 0, "tags": [], "page_rating_visits": 0}, {"vote": 0, "age": null, "description": "Mohamed Maait, Minister of Finance and Chairperson of the General Authority for Comprehensive Health Insurance, expressed Egypt\u2019s interest in strengthening cooperation with international partners. He said that this would boost development efforts in various fields, especially human development, such as health and education. He said that this would help achieve the desired goals in education [&#8230;]", "permanent": false, "user": null, "page_rating_votes": 0, "album": "", "source_obj__id": 586, "bookmarked": false, "thumbnail": null, "title": "Minister of Finance meets with JICA vice president to discuss cooperation programme", "link": "https://www.dailynewsegypt.com/2024/02/01/minister-of-finance-meets-with-jica-vice-president-to-discuss-cooperation-programme", "source": "https://www.dailynewsegypt.com/feed", "page_rating_contents": 0, "dead": false, "language": "en-US", "comments": [], "artist": null, "date_published": "2024-02-01T09:16:23+00:00", "page_rating": 0, "tags": [], "page_rating_visits": 0}, {"vote": 0, "age": null, "description": "The Ministry of International Cooperation said that the cooperation portfolio between Egypt and Italy amounted to about \u20ac82m in various development sectors and that the debt swap programme was one of the main pillars of cooperation between the two sides. It said that three components of the programme worth $350m had been implemented. Rania Al-Mashat, [&#8230;]", "permanent": false, "user": null, "page_rating_votes": 0, "album": "", "source_obj__id": 586, "bookmarked": false, "thumbnail": null, "title": "Egypt, Italy carry out three components of debt swap programme worth $350m", "link": "https://www.dailynewsegypt.com/2024/02/01/egypt-italy-carry-out-three-components-of-debt-swap-programme-worth-350m", "source": "https://www.dailynewsegypt.com/feed", "page_rating_contents": 0, "dead": false, "language": "en-US", "comments": [], "artist": null, "date_published": "2024-02-01T09:14:21+00:00", "page_rating": 0, "tags": [], "page_rating_visits": 0}]