[{"vote": 0, "age": null, "description": "Vive Ultimate Trackers now work on PC, though this support is currently in beta.", "permanent": false, "user": null, "page_rating_votes": 0, "album": "", "source_obj__id": 576, "bookmarked": false, "thumbnail": "https://www.uploadvr.com/content/images/2024/02/Vive-Ultimate-Tracker.png", "title": "Vive Ultimate Trackers Now Have Beta Support For PC VR", "link": "https://www.uploadvr.com/vive-ultimate-trackers-pc-support", "source": "https://www.uploadvr.com/rss", "page_rating_contents": 0, "dead": false, "language": null, "comments": [], "artist": null, "date_published": "2024-02-01T23:17:44+00:00", "page_rating": 0, "tags": [], "page_rating_visits": 0}, {"vote": 0, "age": null, "description": "BREAKING: Meta's AR/VR division achieved its highest quarterly revenue ever following Quest 3's launch, more than $1 billion for the first time.", "permanent": false, "user": null, "page_rating_votes": 0, "album": "", "source_obj__id": 576, "bookmarked": false, "thumbnail": "https://www.uploadvr.com/content/images/2024/02/Mark-Zuckerberg-smiling-with-Quest-3.png", "title": "Quest 3 Launch Drove Highest Ever Meta Reality Labs Quarterly Revenue, Over $1 Billion", "link": "https://www.uploadvr.com/meta-quest-3-launch-record-revenue-1-billion", "source": "https://www.uploadvr.com/rss", "page_rating_contents": 0, "dead": false, "language": null, "comments": [], "artist": null, "date_published": "2024-02-01T22:14:44+00:00", "page_rating": 0, "tags": [], "page_rating_visits": 0}, {"vote": 0, "age": null, "description": "Project Demigod enters full release today on Quest and PC VR. We spoke with the developer to learn more. \n\nOur full interview:", "permanent": false, "user": null, "page_rating_votes": 0, "album": "", "source_obj__id": 576, "bookmarked": false, "thumbnail": "https://www.uploadvr.com/content/images/2024/01/ProjectDemigod_Keyart_1920x1080--1-.png", "title": "How Project Demigod Went From Early Access VR Superhero Sim To Full Release", "link": "https://www.uploadvr.com/project-demigod-vr-superhero-sim-interview", "source": "https://www.uploadvr.com/rss", "page_rating_contents": 0, "dead": false, "language": null, "comments": [], "artist": null, "date_published": "2024-02-01T21:00:24+00:00", "page_rating": 0, "tags": [], "page_rating_visits": 0}, {"vote": 0, "age": null, "description": "The Quest v62 update adds support for easily viewing iPhone spatial videos, improves Quest 3's microphone quality, and much more.\n\nSee the full changes here:", "permanent": false, "user": null, "page_rating_votes": 0, "album": "", "source_obj__id": 576, "bookmarked": false, "thumbnail": "https://www.uploadvr.com/content/images/2024/02/Quest-iPhone-Spatial-Video-support.png", "title": "Quest v62 Adds iPhone Spatial Video Support, Improves Quest 3 Microphone, &amp; Much More", "link": "https://www.uploadvr.com/meta-quest-v62-update", "source": "https://www.uploadvr.com/rss", "page_rating_contents": 0, "dead": false, "language": null, "comments": [], "artist": null, "date_published": "2024-02-01T18:05:17+00:00", "page_rating": 0, "tags": [], "page_rating_visits": 0}, {"vote": 0, "age": null, "description": "Walkabout Mini Golf Pocket Edition is now in open testing on iPhones.", "permanent": false, "user": null, "page_rating_votes": 0, "album": "", "source_obj__id": 576, "bookmarked": false, "thumbnail": "https://www.uploadvr.com/content/images/2024/02/image0.png", "title": "Walkabout Mini Golf: Pocket Edition iPhone - Beta Details And More From Mighty Coconut", "link": "https://www.uploadvr.com/walkabout-mini-golf-pocket-edition-arrives-on-iphone-in-open-beta", "source": "https://www.uploadvr.com/rss", "page_rating_contents": 0, "dead": false, "language": null, "comments": [], "artist": null, "date_published": "2024-02-01T18:00:20+00:00", "page_rating": 0, "tags": [], "page_rating_visits": 0}, {"vote": 0, "age": null, "description": "Stranger Things VR has a new release date this month on Quest, three months after a previous delay.", "permanent": false, "user": null, "page_rating_votes": 0, "album": "", "source_obj__id": 576, "bookmarked": false, "thumbnail": "https://www.uploadvr.com/content/images/2024/02/424753835_1361594211228009_2712766319198294867_n.png", "title": "Stranger Things VR Visits The Upside Down On February 22", "link": "https://www.uploadvr.com/stranger-things-vr-quest-release-date", "source": "https://www.uploadvr.com/rss", "page_rating_contents": 0, "dead": false, "language": null, "comments": [], "artist": null, "date_published": "2024-02-01T17:03:37+00:00", "page_rating": 0, "tags": [], "page_rating_visits": 0}, {"vote": 0, "age": null, "description": "The Meta Quest+ games for February are now live \u2013 here's what's you can download.", "permanent": false, "user": null, "page_rating_votes": 0, "album": "", "source_obj__id": 576, "bookmarked": false, "thumbnail": "https://www.uploadvr.com/content/images/2024/02/Meta-Quest-Plus-subscription.png", "title": "Here Are The Meta Quest+ Monthly Subscription Games For February 2024", "link": "https://www.uploadvr.com/meta-quest-plus-february-2024", "source": "https://www.uploadvr.com/rss", "page_rating_contents": 0, "dead": false, "language": null, "comments": [], "artist": null, "date_published": "2024-02-01T15:58:09+00:00", "page_rating": 0, "tags": [], "page_rating_visits": 0}, {"vote": 0, "age": null, "description": "Tim Cook has finally been publicly seen wearing Apple Vision Pro, for a Vanity Fair piece describing his first demo with an early prototype.", "permanent": false, "user": null, "page_rating_votes": 0, "album": "", "source_obj__id": 576, "bookmarked": false, "thumbnail": "https://www.uploadvr.com/content/images/2024/02/Tim-Cook-Vanity-Fair-cover-169.png", "title": "Tim Cook Finally Seen Wearing Apple Vision Pro, And Details His First Prototype Demo", "link": "https://www.uploadvr.com/tim-cook-wearing-apple-vision-pro-vanity-fair", "source": "https://www.uploadvr.com/rss", "page_rating_contents": 0, "dead": false, "language": null, "comments": [], "artist": null, "date_published": "2024-02-01T15:36:37+00:00", "page_rating": 0, "tags": [], "page_rating_visits": 0}, {"vote": 0, "age": null, "description": "Synth Riders was rebuilt &quot;from the ground up&quot; for Apple Vision Pro, and it joins the increasing list of launch games.", "permanent": false, "user": null, "page_rating_votes": 0, "album": "", "source_obj__id": 576, "bookmarked": false, "thumbnail": "https://www.uploadvr.com/content/images/2024/02/Synth-Riders---AVP-MR-Key-Art---Dark---Landscape.png", "title": "Synth Riders Rebuilt &#x27;From The Ground Up&#x27; For Apple Vision Pro", "link": "https://www.uploadvr.com/synth-riders-apple-vision-pro", "source": "https://www.uploadvr.com/rss", "page_rating_contents": 0, "dead": false, "language": null, "comments": [], "artist": null, "date_published": "2024-02-01T14:00:14+00:00", "page_rating": 0, "tags": [], "page_rating_visits": 0}, {"vote": 0, "age": null, "description": "Sony's Mocopi body tracking system for VRChat now works on PC.\n\nHere's how:", "permanent": false, "user": null, "page_rating_votes": 0, "album": "", "source_obj__id": 576, "bookmarked": false, "thumbnail": "https://www.uploadvr.com/content/images/2024/02/Sony-Mocopi-1.png", "title": "Sony&#x27;s Mocopi Body Tracking System For VRChat Now Works On PC", "link": "https://www.uploadvr.com/sonys-mocopi-for-vrchat-now-works-on-pc", "source": "https://www.uploadvr.com/rss", "page_rating_contents": 0, "dead": false, "language": null, "comments": [], "artist": null, "date_published": "2024-02-01T11:00:00+00:00", "page_rating": 0, "tags": [], "page_rating_visits": 0}]