[{"vote": 0, "age": null, "description": "Meta continues to profit by selling ads to scammers who are trying to fleece its users.", "permanent": false, "user": null, "page_rating_votes": 0, "album": "", "source_obj__id": 519, "bookmarked": false, "thumbnail": "https://www.404media.co/content/images/2024/02/billads2.png", "title": "Fake Bill Ackman and Jim Cramer Instagram Ads are Trying to Take My Money", "link": "https://www.404media.co/fake-bill-ackman-and-jim-cramer-instagram-ads-are-trying-to-take-my-money", "source": "https://www.404media.co/rss", "page_rating_contents": 0, "dead": false, "language": null, "comments": [], "artist": null, "date_published": "2024-02-01T15:17:40+00:00", "page_rating": 0, "tags": [], "page_rating_visits": 0}, {"vote": 0, "age": null, "description": "This week we have a banger episode on AI and what the future holds in a potential overcorrection of the space. Then we talk about how an Iranian linked drug trafficker hired a Hells Angel member to perform a hit on U.S. soil. Yep.", "permanent": false, "user": null, "page_rating_votes": 0, "album": "", "source_obj__id": 519, "bookmarked": false, "thumbnail": "https://www.404media.co/content/images/2024/02/404-media-pocast-week-23.png", "title": "Podcast: This is It. The Deepfake Reckoning", "link": "https://www.404media.co/404-media-podcast-week-23-this-is-it-the-deepfake-reckoning", "source": "https://www.404media.co/rss", "page_rating_contents": 80, "dead": false, "language": "en", "comments": [], "artist": null, "date_published": "2024-02-01T14:00:50+00:00", "page_rating": 80, "tags": [], "page_rating_visits": 1}]