[{"vote": 0, "age": null, "description": "", "permanent": false, "user": null, "page_rating_votes": 0, "album": "", "source_obj__id": 580, "bookmarked": false, "thumbnail": "https://static.deon.pl/storage/image/core_files/2022/5/5/e3980fc8af8171d373468b37af91e40f/jpg/deon/rss-thumbnail/Depositphotos_13359211_XL.jpg", "title": "B\u00f3g nie wymaga ofiary dla swojego majestatu", "link": "https://deon.pl/wiara/komentarze-do-ewangelii/bog-nie-wymaga-ofiary-dla-swojego-majestatu-,2729042", "source": "https://deon.pl/rss", "page_rating_contents": 0, "dead": false, "language": "pl", "comments": [], "artist": null, "date_published": "2024-02-01T23:04:00+00:00", "page_rating": 0, "tags": [], "page_rating_visits": 0}, {"vote": 0, "age": null, "description": "", "permanent": false, "user": null, "page_rating_votes": 0, "album": "", "source_obj__id": 580, "bookmarked": false, "thumbnail": "https://static.deon.pl/storage/image/core_files/2024/2/1/3088e5c3fc8e5e7f293246f84d887c60/jpg/deon/rss-thumbnail/epa11115241.jpg", "title": "Papie\u017c: W edukacji religia jest niezb\u0119dna. Pomaga budowa\u0107 lepszy \u015bwiat", "link": "https://deon.pl/kosciol/papiez-w-edukacji-religia-jest-niezbedna-pomaga-budowac-lepszy-swiat,2731916", "source": "https://deon.pl/rss", "page_rating_contents": 0, "dead": false, "language": "pl", "comments": [], "artist": null, "date_published": "2024-02-01T15:38:12+00:00", "page_rating": 0, "tags": [], "page_rating_visits": 0}, {"vote": 0, "age": null, "description": "", "permanent": false, "user": null, "page_rating_votes": 0, "album": "", "source_obj__id": 580, "bookmarked": false, "thumbnail": "https://static.deon.pl/storage/image/core_files/2024/2/1/d1572f587bed1421a83c8f22226d59c8/jpg/deon/rss-thumbnail/Depositphotos_2478792_XL.jpg", "title": "Polscy naukowcy odkryli w G\u00f3rach \u015awi\u0119tokrzyskich niezwyk\u0142\u0105 ryb\u0119 sprzed 365 mln lat", "link": "https://deon.pl/swiat/polscy-naukowcy-odkryli-w-gorach-swietokrzyskich-niezwykla-rybe-sprzed-365-mln-lat,2731898", "source": "https://deon.pl/rss", "page_rating_contents": 0, "dead": false, "language": "pl", "comments": [], "artist": null, "date_published": "2024-02-01T15:30:31+00:00", "page_rating": 0, "tags": [], "page_rating_visits": 0}, {"vote": 0, "age": null, "description": "", "permanent": false, "user": null, "page_rating_votes": 0, "album": "", "source_obj__id": 580, "bookmarked": false, "thumbnail": "https://static.deon.pl/storage/image/core_files/2024/2/1/dc6cd6e59aeecd74b9de8f861e7fb0a7/jpg/deon/rss-thumbnail/Depositphotos_656313590_XL.jpg", "title": "Watykan: Nowy sekretarz Sekretariatu ds. Gospodarki", "link": "https://deon.pl/kosciol/watykan-nowy-sekretarz-sekretariatu-ds-gospodarki,2731880", "source": "https://deon.pl/rss", "page_rating_contents": 0, "dead": false, "language": "pl", "comments": [], "artist": null, "date_published": "2024-02-01T14:55:33+00:00", "page_rating": 0, "tags": [], "page_rating_visits": 0}, {"vote": 0, "age": null, "description": "", "permanent": false, "user": null, "page_rating_votes": 0, "album": "", "source_obj__id": 580, "bookmarked": false, "thumbnail": "https://static.deon.pl/storage/image/core_files/2024/2/1/55cecbf40246ad3eca9d57ed59e43f1a/jpg/deon/rss-thumbnail/Depositphotos_214800022_XL.jpg", "title": "S. Maria Kasprzak: \u017byjemy w kulturze jednoraz\u00f3wek", "link": "https://deon.pl/kosciol/s-maria-kasprzak-zyjemy-w-kulturze-jednorazowek,2731688", "source": "https://deon.pl/rss", "page_rating_contents": 0, "dead": false, "language": "pl", "comments": [], "artist": null, "date_published": "2024-02-01T14:00:47+00:00", "page_rating": 0, "tags": [], "page_rating_visits": 0}, {"vote": 0, "age": null, "description": "", "permanent": false, "user": null, "page_rating_votes": 0, "album": "", "source_obj__id": 580, "bookmarked": false, "thumbnail": "https://static.deon.pl/storage/image/core_files/2024/2/1/3787ad3c379e2b112791fc9521c2472f/jpg/deon/rss-thumbnail/Depositphotos_372329674_XL.jpg", "title": "Indie: Oczyszczono z zarzut\u00f3w podejrzanego o szpiegostwo chi\u0144skiego go\u0142\u0119bia", "link": "https://deon.pl/swiat/indie-oczyszczono-z-zarzutow-podejrzanego-o-szpiegostwo-chinskiego-golebia,2731856", "source": "https://deon.pl/rss", "page_rating_contents": 0, "dead": false, "language": "pl", "comments": [], "artist": null, "date_published": "2024-02-01T13:57:39+00:00", "page_rating": 0, "tags": [], "page_rating_visits": 0}, {"vote": 0, "age": null, "description": "", "permanent": false, "user": null, "page_rating_votes": 0, "album": "", "source_obj__id": 580, "bookmarked": false, "thumbnail": "https://static.deon.pl/storage/image/core_files/2024/2/1/10b979bbb1f9e01ddc0047e495f34c65/jpg/deon/rss-thumbnail/24131150.jpg", "title": "By\u0142y proboszcz z Kostrzyna stan\u0105\u0142 przed s\u0105dem. Jest oskar\u017cony o molestowanie 13-latka", "link": "https://deon.pl/kosciol/byly-proboszcz-z-kostrzyna-stanal-przed-sadem-jest-oskarzony-o-molestowanie-13-latka,2731676", "source": "https://deon.pl/rss", "page_rating_contents": 0, "dead": false, "language": "pl", "comments": [], "artist": null, "date_published": "2024-02-01T13:12:30+00:00", "page_rating": 0, "tags": [], "page_rating_visits": 0}, {"vote": 0, "age": null, "description": "", "permanent": false, "user": null, "page_rating_votes": 0, "album": "", "source_obj__id": 580, "bookmarked": false, "thumbnail": "https://static.deon.pl/storage/image/core_files/2024/2/1/383dfbb378b6b15ed010c33db342b7c9/jpg/deon/rss-thumbnail/epa11115787.jpg", "title": "[PILNE] Papie\u017c Franciszek nominowany do Pokojowej Nagrody Nobla", "link": "https://deon.pl/swiat/pilne-papiez-franciszek-nominowany-do-pokojowej-nagrody-nobla,2731664", "source": "https://deon.pl/rss", "page_rating_contents": 0, "dead": false, "language": "pl", "comments": [], "artist": null, "date_published": "2024-02-01T12:49:46+00:00", "page_rating": 0, "tags": [], "page_rating_visits": 0}, {"vote": 0, "age": null, "description": "", "permanent": false, "user": null, "page_rating_votes": 0, "album": "", "source_obj__id": 580, "bookmarked": false, "thumbnail": "https://static.deon.pl/storage/image/core_files/2024/2/1/8f487ec48a33355e426ae40d1720a6de/jpeg/deon/rss-thumbnail/O.%20Tomasz%20Maniura%20OMI%20i%20o.%20Tomasz%20Nowak%20OP%20na%20Festiwalu%20\u017bycia%20w%20Kokotku.jpeg", "title": "Lednica i Festiwal \u017bycia \u0142\u0105cz\u0105 si\u0142y! Znamy wsp\u00f3lne plany obu spotka\u0144", "link": "https://deon.pl/kosciol/lednica-i-festiwal-zycia-lacza-sily-znamy-wspolne-plany-obu-spotkan,2731601", "source": "https://deon.pl/rss", "page_rating_contents": 0, "dead": false, "language": "pl", "comments": [], "artist": null, "date_published": "2024-02-01T12:04:21+00:00", "page_rating": 0, "tags": [], "page_rating_visits": 0}, {"vote": 0, "age": null, "description": "", "permanent": false, "user": null, "page_rating_votes": 0, "album": "", "source_obj__id": 580, "bookmarked": false, "thumbnail": "https://static.deon.pl/storage/image/core_files/2024/2/1/712da32eb212a0bfed71c70d59b2a750/jpg/deon/rss-thumbnail/24201032_20240201113032.jpg", "title": "Katoliccy lekarze w li\u015bcie do Tuska: Udost\u0119pnianie nastolatkom pigu\u0142ki \"dzie\u0144 po\" jest nieodpowiedzialne", "link": "https://deon.pl/kosciol/katoliccy-lekarze-w-liscie-do-tuska-udostepnianie-nastolatkom-pigulki-dzien-po-jest-nieodpowiedzialne,2731571", "source": "https://deon.pl/rss", "page_rating_contents": 0, "dead": false, "language": "pl", "comments": [], "artist": null, "date_published": "2024-02-01T11:26:55+00:00", "page_rating": 0, "tags": [], "page_rating_visits": 0}, {"vote": 0, "age": null, "description": "", "permanent": false, "user": null, "page_rating_votes": 0, "album": "", "source_obj__id": 580, "bookmarked": false, "thumbnail": "https://static.deon.pl/storage/image/core_files/2024/2/1/fa54d252db9d041003f3f0534e16e9ab/jpg/deon/rss-thumbnail/Depositphotos_565749984_XL.jpg", "title": "Wieczorna modlitwa, kt\u00f3ra pomo\u017ce ci zapanowa\u0107 nad niepokojem", "link": "https://deon.pl/wiara/wieczorna-modlitwa-ktora-pomoze-ci-zapanowac-nad-niepokojem,2731376", "source": "https://deon.pl/rss", "page_rating_contents": 0, "dead": false, "language": "pl", "comments": [], "artist": null, "date_published": "2024-02-01T11:04:09+00:00", "page_rating": 0, "tags": [], "page_rating_visits": 0}, {"vote": 0, "age": null, "description": "", "permanent": false, "user": null, "page_rating_votes": 0, "album": "", "source_obj__id": 580, "bookmarked": false, "thumbnail": "https://static.deon.pl/storage/image/core_files/2024/2/1/a2ae1088973297e7c88a4effeda1f07a/jpg/deon/rss-thumbnail/epa11115786.jpg", "title": "Papieskie or\u0119dzie na Wielki Post: Zagubiona ludzko\u015b\u0107 potrzebuje nawr\u00f3cenia i b\u0142ysku nowej nadziei", "link": "https://deon.pl/kosciol/papieskie-oredzie-na-wielki-post-zagubiona-ludzkosc-potrzebuje-nawrocenia-i-blysku-nowej-nadziei,2731346", "source": "https://deon.pl/rss", "page_rating_contents": 0, "dead": false, "language": "pl", "comments": [], "artist": null, "date_published": "2024-02-01T10:46:46+00:00", "page_rating": 0, "tags": [], "page_rating_visits": 0}, {"vote": 0, "age": null, "description": "", "permanent": false, "user": null, "page_rating_votes": 0, "album": "", "source_obj__id": 580, "bookmarked": false, "thumbnail": "https://static.deon.pl/storage/image/core_files/2024/2/1/36e6a421b8526fa4471b0051a5d8c78a/jpg/deon/rss-thumbnail/Depositphotos_360908964_XL.jpg", "title": "Biskupi spotkali si\u0119 z To\u015bk\u0105 Szewczyk. \"Chcemy s\u0142ucha\u0107 siebie nawzajem\"", "link": "https://deon.pl/kosciol/biskupi-spotkali-sie-z-toska-szewczyk-chcemy-sluchac-siebie-nawzajem-,2731124", "source": "https://deon.pl/rss", "page_rating_contents": 0, "dead": false, "language": "pl", "comments": [], "artist": null, "date_published": "2024-02-01T10:32:14+00:00", "page_rating": 0, "tags": [], "page_rating_visits": 0}, {"vote": 0, "age": null, "description": "", "permanent": false, "user": null, "page_rating_votes": 0, "album": "", "source_obj__id": 580, "bookmarked": false, "thumbnail": "https://static.deon.pl/storage/image/core_files/2024/2/1/9f5fc9838bbfa11cf28e8a9c919350d5/jpg/deon/rss-thumbnail/epa11112567.jpg", "title": "Powstanie niepodleg\u0142e pa\u0144stwo palesty\u0144skie? USA czyni\u0105 krok w tym kierunku", "link": "https://deon.pl/swiat/powstanie-niepodlegle-panstwo-palestynskie-usa-czynia-krok-w-tym-kierunku,2731319", "source": "https://deon.pl/rss", "page_rating_contents": 0, "dead": false, "language": "pl", "comments": [], "artist": null, "date_published": "2024-02-01T10:20:57+00:00", "page_rating": 0, "tags": [], "page_rating_visits": 0}]