[{"vote": 0, "age": null, "description": "Tracy Chapman will reportedly perform her hit song &#8220;Fast Car&#8221; alongside country star Luke Combs at the 2024 Grammy Awards, making it her first public performance in years. The 33-year-old country singer&#8217;s cover of Chapman&#8217;s song blew up the charts in 2023, giving Combs a spot at the top of the music charts and the ...", "permanent": false, "user": null, "page_rating_votes": 0, "album": "", "source_obj__id": 52, "bookmarked": false, "thumbnail": null, "title": "Tracy Chapman To Perform \u2018Fast Car\u2019 With Luke Combs At Grammys: Report", "link": "https://www.dailywire.com/news/tracy-chapman-to-perform-fast-car-with-luke-combs-at-grammys-report", "source": "https://www.dailywire.com/feeds/rss.xml", "page_rating_contents": 0, "dead": false, "language": "en-us", "comments": [], "artist": null, "date_published": "2024-02-01T17:35:04+00:00", "page_rating": 0, "tags": [], "page_rating_visits": 0}, {"vote": 0, "age": null, "description": "Rep. Marjorie Taylor Greene (R-GA) announced on Thursday a bid to force a vote on censuring Rep. Ilhan Omar (D-MN), a member of the leftist &#8220;Squad,&#8221; for remarks concerning her native Somalia. Greene accused Omar, a Somali refugee who became a U.S. citizen, of acting as a &#8220;foreign agent&#8221; and making &#8220;treasonous statements&#8221; in a ...", "permanent": false, "user": null, "page_rating_votes": 0, "album": "", "source_obj__id": 52, "bookmarked": false, "thumbnail": null, "title": "MTG Aims To Force Vote On Censuring Ilhan Omar For Remarks On Somalia", "link": "https://www.dailywire.com/news/mtg-aims-to-force-vote-on-censuring-ilhan-omar-for-remarks-on-somalia", "source": "https://www.dailywire.com/feeds/rss.xml", "page_rating_contents": 0, "dead": false, "language": "en-us", "comments": [], "artist": null, "date_published": "2024-02-01T17:00:27+00:00", "page_rating": 0, "tags": [], "page_rating_visits": 0}, {"vote": 0, "age": null, "description": "The Oregon Supreme Court has upheld a decision from Democrat Secretary of State LaVonne Griffin-Valade that 10 Republican state senators cannot run for re-election after they participated in legislative walkouts over radical Democrat-backed bills on abortion, transgenderism, and guns. Those banned from running for re-election included Senate Minority Leader Tim Knopp, who sued Griffin-Valade over ...", "permanent": false, "user": null, "page_rating_votes": 0, "album": "", "source_obj__id": 52, "bookmarked": false, "thumbnail": null, "title": "Court Upholds Decision To Block 10 Republicans From Running For Re-Election After Abortion Protest", "link": "https://www.dailywire.com/news/court-upholds-decision-to-block-10-republicans-from-running-for-re-election-after-abortion-protest", "source": "https://www.dailywire.com/feeds/rss.xml", "page_rating_contents": 0, "dead": false, "language": "en-us", "comments": [], "artist": null, "date_published": "2024-02-01T16:33:29+00:00", "page_rating": 0, "tags": [], "page_rating_visits": 0}, {"vote": 0, "age": null, "description": "Justin Timberlake reportedly appeared to take a shot at his ex-Britney Spears when he told an audience he would be apologizing to &#8220;absolutely f***ing nobody&#8221; \u2014 after Spears appeared to issue a mea-culpa to Timberlake days earlier. During the 43-year-old singer&#8217;s one-night-only show in New York, just before performing his hit song &#8220;Cry Me A ...", "permanent": false, "user": null, "page_rating_votes": 0, "album": "", "source_obj__id": 52, "bookmarked": false, "thumbnail": null, "title": "Justin Timberlake Appears To Take Shot At Britney Spears With Message About Apologizing To \u2018Absolutely F***ing Nobody\u2019: Report", "link": "https://www.dailywire.com/news/justin-timberlake-appears-to-take-shot-at-britney-spears-with-message-about-apologizing-to-absolutely-fing-nobody-report", "source": "https://www.dailywire.com/feeds/rss.xml", "page_rating_contents": 0, "dead": false, "language": "en-us", "comments": [], "artist": null, "date_published": "2024-02-01T16:13:05+00:00", "page_rating": 0, "tags": [], "page_rating_visits": 0}, {"vote": 0, "age": null, "description": "Parents near Boston are becoming increasingly frustrated with the local teachers union, which has been on strike for nearly two weeks, keeping kids out of classrooms. Public school teachers in Newton, just west of Boston, have been on an illegal strike for 1o days as of Thursday. The union, the Newton Teachers Association, is under ...", "permanent": false, "user": null, "page_rating_votes": 0, "album": "", "source_obj__id": 52, "bookmarked": false, "thumbnail": null, "title": "Parent Frustration Mounting Over Boston Area Teachers\u2019 Nearly Two-Week Illegal Strike", "link": "https://www.dailywire.com/news/parent-frustration-mounting-over-boston-area-teachers-nearly-two-week-illegal-strike", "source": "https://www.dailywire.com/feeds/rss.xml", "page_rating_contents": 0, "dead": false, "language": "en-us", "comments": [], "artist": null, "date_published": "2024-02-01T15:54:21+00:00", "page_rating": 0, "tags": [], "page_rating_visits": 0}, {"vote": 0, "age": null, "description": "TV\u2019s crankiest character is kvetching for the last time. Larry David\u2019s \u201cCurb Your Enthusiasm\u201d kicks off its 12th and final season on Feb. 4, ending a remarkable run that changed TV comedy for the better. Or, rather, the show\u2019s lack of change gave us hope in the Age of Woke. David\u2019s ability to spoof his ...", "permanent": false, "user": null, "page_rating_votes": 0, "album": "", "source_obj__id": 52, "bookmarked": false, "thumbnail": null, "title": "The Final Season Of \u2018Curb\u2019 Has Arrived. Not That There\u2019s Anything Wrong With That.", "link": "https://www.dailywire.com/news/the-final-season-of-curb-has-arrived-not-that-theres-anything-wrong-with-that", "source": "https://www.dailywire.com/feeds/rss.xml", "page_rating_contents": 0, "dead": false, "language": "en-us", "comments": [], "artist": null, "date_published": "2024-02-01T15:52:09+00:00", "page_rating": 0, "tags": [], "page_rating_visits": 0}, {"vote": 0, "age": null, "description": "Rep. Greg Steube (R-FL) announced a new House bill on Thursday that would bar trans-identifying men from competing in Olympic or amateur sports. &#8220;Today, I introduced the Protection of Women in Olympic and Amateur Sports Act to prohibit any governing body recognized by @TeamUSA from allowing biological men to participate in ANY athletic event intended ...", "permanent": false, "user": null, "page_rating_votes": 0, "album": "", "source_obj__id": 52, "bookmarked": false, "thumbnail": null, "title": "House Bill Aims To Keep Trans-Identifying Men Off U.S. Women\u2019s Olympic Teams", "link": "https://www.dailywire.com/news/house-bill-aims-to-keep-trans-identifying-men-off-u-s-womens-olympic-teams", "source": "https://www.dailywire.com/feeds/rss.xml", "page_rating_contents": 0, "dead": false, "language": "en-us", "comments": [], "artist": null, "date_published": "2024-02-01T15:37:47+00:00", "page_rating": 0, "tags": [], "page_rating_visits": 0}, {"vote": 0, "age": null, "description": "The only Denny&#8217;s diner in Oakland, California, has shut down after 54 years due to rising crime, the company said this week. The location at 601 Hegenberg Road in Oakland is now closed permanently, the company said in a memo shared with news outlets. &#8220;Closing a restaurant location is never an easy decision or one ...", "permanent": false, "user": null, "page_rating_votes": 0, "album": "", "source_obj__id": 52, "bookmarked": false, "thumbnail": null, "title": "Denny\u2019s Closes Only Oakland Location After More Than 54 Years Over Crime", "link": "https://www.dailywire.com/news/dennys-closes-only-oakland-location-after-more-than-54-years-over-crime", "source": "https://www.dailywire.com/feeds/rss.xml", "page_rating_contents": 0, "dead": false, "language": "en-us", "comments": [], "artist": null, "date_published": "2024-02-01T15:29:19+00:00", "page_rating": 0, "tags": [], "page_rating_visits": 0}, {"vote": 0, "age": null, "description": "President Joe Biden delivered a brief address at the annual National Prayer Breakfast on Thursday, saying Americans must stop viewing each other as \u201cenemies.\u201d Biden, who has focused much of his re-election campaign on labeling his chief political rival Donald Trump and his supporters as a threat to the country, spoke of the importance of ...", "permanent": false, "user": null, "page_rating_votes": 0, "album": "", "source_obj__id": 52, "bookmarked": false, "thumbnail": null, "title": "Biden Says Americans \u2018Must Not Be Enemies\u2019 During Remarks At National Prayer Breakfast", "link": "https://www.dailywire.com/news/biden-says-americans-must-not-be-enemies-during-remarks-at-national-prayer-breakfast", "source": "https://www.dailywire.com/feeds/rss.xml", "page_rating_contents": 0, "dead": false, "language": "en-us", "comments": [], "artist": null, "date_published": "2024-02-01T15:22:37+00:00", "page_rating": 0, "tags": [], "page_rating_visits": 0}, {"vote": 0, "age": null, "description": "&#8220;Squad&#8221; member Rep. Ayanna Pressley (D-MA) accused Walgreens of racism after the company closed a pharmacy in her district. Walgreens closed a store in Chicago in January 2023 and three more in March 2023; two of them in Texas and one in Florida. Last summer, the company acknowledged it would close 150 stores across the ...", "permanent": false, "user": null, "page_rating_votes": 0, "album": "", "source_obj__id": 52, "bookmarked": false, "thumbnail": null, "title": "Squad\u2019s Pressley Accuses Walgreens Of Racism After It Closes Store In Her District", "link": "https://www.dailywire.com/news/squads-pressley-accuses-walgreens-of-racism-after-it-closes-store-in-her-district", "source": "https://www.dailywire.com/feeds/rss.xml", "page_rating_contents": 0, "dead": false, "language": "en-us", "comments": [], "artist": null, "date_published": "2024-02-01T15:17:23+00:00", "page_rating": 0, "tags": [], "page_rating_visits": 0}, {"vote": 0, "age": null, "description": "Sen. Ted Cruz (R-TX) is pressing a taxpayer-funded television service over the existence of a \u201cdiversity\u201d fund that appears to discriminate against white filmmakers and violate the Civil Rights Act, according to a letter obtained by The Daily Wire.\u00a0 On Thursday, Cruz questioned the Independent Television Service (ITVS), a congressionally chartered production service funded by ...", "permanent": false, "user": null, "page_rating_votes": 0, "album": "", "source_obj__id": 52, "bookmarked": false, "thumbnail": null, "title": "Cruz Questions Taxpayer-Funded Television Service Over \u2018Diversity\u2019 Fund That Excludes White People", "link": "https://www.dailywire.com/news/cruz-questions-taxpayer-funded-television-service-over-diversity-fund-that-excludes-white-people", "source": "https://www.dailywire.com/feeds/rss.xml", "page_rating_contents": 0, "dead": false, "language": "en-us", "comments": [], "artist": null, "date_published": "2024-02-01T15:07:22+00:00", "page_rating": 0, "tags": [], "page_rating_visits": 0}, {"vote": 0, "age": null, "description": "MSNBC Political Analyst Molly Jong-Fast threw a swanky party, packed with liberal media figures, to celebrate writer E.\u00a0Jean Carroll being awarded a staggering $83 million judgment in her defamation case against former President Donald Trump. Carroll has already turned heads with her behavior, both before and immediately following the trial. Earlier this week, Carroll laughed ...", "permanent": false, "user": null, "page_rating_votes": 0, "album": "", "source_obj__id": 52, "bookmarked": false, "thumbnail": null, "title": "E. Jean Carroll Parties With Liberal Media Pals After Trump Ordered To Pay $83 Million", "link": "https://www.dailywire.com/news/e-jean-carroll-parties-with-liberal-media-pals-after-trump-ordered-to-pay-83-million", "source": "https://www.dailywire.com/feeds/rss.xml", "page_rating_contents": 0, "dead": false, "language": "en-us", "comments": [], "artist": null, "date_published": "2024-02-01T14:53:08+00:00", "page_rating": 0, "tags": [], "page_rating_visits": 0}, {"vote": 0, "age": null, "description": "House impeachment articles filed against Homeland Security Secretary Alejandro Mayorkas over his handling of the border crisis may be in jeopardy as at least one Republican says that he will oppose them, and others have yet to come to a decision. A &#8220;no&#8221; vote could derail the entire GOP effort to impeach the Biden administration ...", "permanent": false, "user": null, "page_rating_votes": 0, "album": "", "source_obj__id": 52, "bookmarked": false, "thumbnail": null, "title": "House Republican Says He Opposes Mayorkas Impeachment", "link": "https://www.dailywire.com/news/house-republican-says-he-opposes-mayorkas-impeachment", "source": "https://www.dailywire.com/feeds/rss.xml", "page_rating_contents": 0, "dead": false, "language": "en-us", "comments": [], "artist": null, "date_published": "2024-02-01T14:37:18+00:00", "page_rating": 0, "tags": [], "page_rating_visits": 0}, {"vote": 0, "age": null, "description": "Florida Republican Governor Ron DeSantis announced on Thursday that he is sending members of the Florida National Guard (FLNG) and Florida State Guard (FSG) to Texas to help Governor Greg Abbott (R) stop the &#8220;invasion&#8221; of illegal aliens flooding into his state that has unfolded during the Biden administration. The announcement comes after federal agents ...", "permanent": false, "user": null, "page_rating_votes": 0, "album": "", "source_obj__id": 52, "bookmarked": false, "thumbnail": null, "title": "DeSantis Sending Surge Of Troops To Texas Border To Stop \u2018Invasion\u2019", "link": "https://www.dailywire.com/news/desantis-sending-surge-of-troops-to-texas-border-to-stop-invasion", "source": "https://www.dailywire.com/feeds/rss.xml", "page_rating_contents": 0, "dead": false, "language": "en-us", "comments": [], "artist": null, "date_published": "2024-02-01T14:29:48+00:00", "page_rating": 0, "tags": [], "page_rating_visits": 0}, {"vote": 0, "age": null, "description": "President Joe Biden reached out to the family members of a fallen soldier, telling them during a phone call that he could relate to their loss because his son had spent a year in Iraq and had &#8220;died because of it.&#8221; Biden spoke with Oneida and Shawn Sanders, the parents of SPC Kennedy Sanders, and ...", "permanent": false, "user": null, "page_rating_votes": 0, "album": "", "source_obj__id": 52, "bookmarked": false, "thumbnail": null, "title": "Biden Calls Grieving Parents Of Fallen Soldier, Suggests His Son Died In Combat Too", "link": "https://www.dailywire.com/news/biden-calls-grieving-parents-of-fallen-soldier-suggests-his-son-died-in-combat-too", "source": "https://www.dailywire.com/feeds/rss.xml", "page_rating_contents": 0, "dead": false, "language": "en-us", "comments": [], "artist": null, "date_published": "2024-02-01T14:14:12+00:00", "page_rating": 0, "tags": [], "page_rating_visits": 0}, {"vote": 0, "age": null, "description": "Pop singer Kelly Clarkson recently discussed the conversation she had with her doctor which prompted her to lose weight. The 41-year-old made the revelation during a recent episode of her eponymous talk show while responding to guest Kevin James, who mentioned how great she was looking. \u201cWell, I was told I was pre-diabetic,\u201d Clarkson responded ...", "permanent": false, "user": null, "page_rating_votes": 0, "album": "", "source_obj__id": 52, "bookmarked": false, "thumbnail": null, "title": "Kelly Clarkson Reveals Health Diagnosis Which Prompted Her To Lose Weight", "link": "https://www.dailywire.com/news/kelly-clarkson-reveals-health-diagnosis-which-prompted-her-to-lose-weight", "source": "https://www.dailywire.com/feeds/rss.xml", "page_rating_contents": 0, "dead": false, "language": "en-us", "comments": [], "artist": null, "date_published": "2024-02-01T14:07:10+00:00", "page_rating": 0, "tags": [], "page_rating_visits": 0}, {"vote": 0, "age": null, "description": "Comedian Larry David was scheduled to appear on Thursday morning&#8217;s broadcast of the &#8220;TODAY&#8221; show on NBC \u2014 but he crashed the set a bit early, shocking hosts when he burst onto the scene and physically assaulted another guest, the &#8220;Sesame Street&#8221; Muppet, Elmo. Elmo joined the show after an X post about emotional well-being ...", "permanent": false, "user": null, "page_rating_votes": 0, "album": "", "source_obj__id": 52, "bookmarked": false, "thumbnail": null, "title": "Larry David Shocks Hosts, Crashes \u2018TODAY\u2019 Set To Punch Elmo In The Face", "link": "https://www.dailywire.com/news/larry-david-shocks-hosts-crashes-today-set-to-punch-elmo-in-the-face", "source": "https://www.dailywire.com/feeds/rss.xml", "page_rating_contents": 0, "dead": false, "language": "en-us", "comments": [], "artist": null, "date_published": "2024-02-01T13:41:36+00:00", "page_rating": 0, "tags": [], "page_rating_visits": 0}, {"vote": 0, "age": null, "description": "The following is a transcript excerpt from Dr. Jordan Peterson\u2019s lecture on the Trial of Socrates. He discusses why Socrates decided against a defense, and how elevating your aim and creating an ideal leads to the process of continually recapitulating yourself. \u00a0 Start time: 00:00 Socrates\u2019 trial. He was tried by the Athenians for failing ...", "permanent": false, "user": null, "page_rating_votes": 0, "album": "", "source_obj__id": 52, "bookmarked": false, "thumbnail": null, "title": "Socrates And The Discipline Of Listening To Your Internal Voice", "link": "https://www.dailywire.com/news/socrates-and-the-discipline-of-listening-to-your-internal-voice", "source": "https://www.dailywire.com/feeds/rss.xml", "page_rating_contents": 0, "dead": false, "language": "en-us", "comments": [], "artist": null, "date_published": "2024-02-01T13:24:54+00:00", "page_rating": 0, "tags": [], "page_rating_visits": 0}, {"vote": 0, "age": null, "description": "Sunny Hostin claimed on Thursday that, in her opinion, it was impossible to say that the vast majority of Americans were not racists. Hostin made the comments to co-host Alyssa Farah Griffin during an exchange on ABC&#8217;s midday talk show &#8220;The View&#8221; \u2014 where she further claimed that during a recent trip to Florida, her ...", "permanent": false, "user": null, "page_rating_votes": 0, "album": "", "source_obj__id": 52, "bookmarked": false, "thumbnail": null, "title": "\u2018The View\u2019 Host: \u2018A Significant Portion\u2019 Of Americans Are Inherently Racist", "link": "https://www.dailywire.com/news/the-view-host-a-significant-portion-of-americans-are-inherently-racist", "source": "https://www.dailywire.com/feeds/rss.xml", "page_rating_contents": 0, "dead": false, "language": "en-us", "comments": [], "artist": null, "date_published": "2024-02-01T13:14:18+00:00", "page_rating": 0, "tags": [], "page_rating_visits": 0}, {"vote": 0, "age": null, "description": "Defense Secretary Lloyd Austin said his assistant requested a low-profile ambulance ride to a hospital on January 1 after Austin experienced complications from an earlier surgery. Austin apologized on Thursday for his role in a coverup earlier this year after he and his team failed to inform the White House and the American public that ...", "permanent": false, "user": null, "page_rating_votes": 0, "album": "", "source_obj__id": 52, "bookmarked": false, "thumbnail": null, "title": "Austin Denies Requesting \u2018Subtle\u2019 Ride To Hospital, Blames Aide: \u2018Should Come Out In The Review\u2019", "link": "https://www.dailywire.com/news/austin-denies-requesting-subtle-ride-to-hospital-blames-aide-should-come-out-in-the-review", "source": "https://www.dailywire.com/feeds/rss.xml", "page_rating_contents": 0, "dead": false, "language": "en-us", "comments": [], "artist": null, "date_published": "2024-02-01T13:06:33+00:00", "page_rating": 0, "tags": [], "page_rating_visits": 0}, {"vote": 0, "age": null, "description": "NBC News reporter Peter Alexander rebuked Defense Secretary Lloyd Austin during a tense briefing on Thursday, asking why he believed he should not be held to the same standard that anyone else in his command would be expected to meet. Alexander and others questioned Austin directly about his recent absence, his prostate cancer diagnosis that ...", "permanent": false, "user": null, "page_rating_votes": 0, "album": "", "source_obj__id": 52, "bookmarked": false, "thumbnail": null, "title": "Reporter Rebukes Defense Sec During Tense Briefing: \u2018Why Shouldn\u2019t That Same Standard Apply To You?\u2019", "link": "https://www.dailywire.com/news/reporter-rebukes-defense-sec-during-tense-briefing-why-shouldnt-that-same-standard-apply-to-you", "source": "https://www.dailywire.com/feeds/rss.xml", "page_rating_contents": 0, "dead": false, "language": "en-us", "comments": [], "artist": null, "date_published": "2024-02-01T12:40:22+00:00", "page_rating": 0, "tags": [], "page_rating_visits": 0}, {"vote": 0, "age": null, "description": "Candace Cameron Bure is weighing in on the debate raging in Hollywood over the use of artificial intelligence (AI) in the entertainment industry. The 47-year-old \u201cFull House\u201d actress said she has \u201cno intention\u201d of using the technology in any upcoming projects. &#8220;I&#8217;ll be keeping my eye on it for sure,&#8221; she told Fox News Digital ...", "permanent": false, "user": null, "page_rating_votes": 0, "album": "", "source_obj__id": 52, "bookmarked": false, "thumbnail": null, "title": "Candace Cameron Bure Calls AI \u2018A Little Frightening,\u2019 Says She Has \u2018No Intention\u2019 Of Using It", "link": "https://www.dailywire.com/news/candace-cameron-bure-calls-ai-a-little-frightening-says-she-has-no-intention-of-using-it", "source": "https://www.dailywire.com/feeds/rss.xml", "page_rating_contents": 0, "dead": false, "language": "en-us", "comments": [], "artist": null, "date_published": "2024-02-01T12:05:41+00:00", "page_rating": 0, "tags": [], "page_rating_visits": 0}, {"vote": 0, "age": null, "description": "Just months before the state could play a crucial role in the 2024 election, the Michigan Republican Party is in turmoil. Republicans in Michigan \u2014 a state the GOP nominee for president in 2024 will rely on for a much-needed boost to take down President Joe Biden \u2014 are divided on who exactly is running ...", "permanent": false, "user": null, "page_rating_votes": 0, "album": "", "source_obj__id": 52, "bookmarked": false, "thumbnail": null, "title": "Inside The GOP Civil War\u00a0In Michigan", "link": "https://www.dailywire.com/news/inside-the-gop-civil-war-in-michigan", "source": "https://www.dailywire.com/feeds/rss.xml", "page_rating_contents": 0, "dead": false, "language": "en-us", "comments": [], "artist": null, "date_published": "2024-02-01T11:55:15+00:00", "page_rating": 0, "tags": [], "page_rating_visits": 0}, {"vote": 0, "age": null, "description": "Sports commentator Colin Cowherd ripped into men who have expressed their frustration about the concentration the NFL has placed on Taylor Swift, referring to them as \u201cweird, lonely, [and] insecure,\u201d insinuating that the reason they have expressed their anger is because they don\u2019t get any sex. \u201cThere\u2019s a lot of really weird, lonely, insecure men ...", "permanent": false, "user": null, "page_rating_votes": 0, "album": "", "source_obj__id": 52, "bookmarked": false, "thumbnail": null, "title": "Colin Cowherd: Men Slamming NFL For Taylor Swift Obsession Are \u2018Weird, Lonely,\u2019 Not Getting Sex", "link": "https://www.dailywire.com/news/colin-cowherd-men-slamming-nfl-for-taylor-swift-obsession-are-weird-lonely-not-getting-sex", "source": "https://www.dailywire.com/feeds/rss.xml", "page_rating_contents": 0, "dead": false, "language": "en-us", "comments": [], "artist": null, "date_published": "2024-02-01T11:32:08+00:00", "page_rating": 0, "tags": [], "page_rating_visits": 0}, {"vote": 0, "age": null, "description": "Larry David swears it\u2019s not a joke this time; \u201cCurb Your Enthusiasm\u201d will be coming to an end. \u201cIt\u2019s time,\u201d the 76-year-old television series creator told Variety before the show\u2019s Season 12 premiere at the Directors Guild of America in Los Angeles. \u201cTwelve seasons \u2013 that\u2019s a lot for a television show \u2013 over 24 ...", "permanent": false, "user": null, "page_rating_votes": 0, "album": "", "source_obj__id": 52, "bookmarked": false, "thumbnail": null, "title": "Larry David Insists He\u2019s \u2018Not Lying\u2019 Over \u2018Curb Your Enthusiasm\u2019 Ending", "link": "https://www.dailywire.com/news/larry-david-insists-hes-not-lying-over-curb-your-enthusiasm-ending", "source": "https://www.dailywire.com/feeds/rss.xml", "page_rating_contents": 0, "dead": false, "language": "en-us", "comments": [], "artist": null, "date_published": "2024-02-01T11:27:30+00:00", "page_rating": 0, "tags": [], "page_rating_visits": 0}, {"vote": 0, "age": null, "description": "The majority of voters support state laws banning sex change surgeries on children and trust parents more than teachers on issues of gender and sexuality, according to a poll exclusively shared with The Daily Wire.\u00a0 The poll, conducted by CRC Research for the 85 Fund, found that 67% of voters supported laws that prohibit minors ...", "permanent": false, "user": null, "page_rating_votes": 0, "album": "", "source_obj__id": 52, "bookmarked": false, "thumbnail": null, "title": "Majority Of Voters Support State Laws Protecting Children From Trans Procedures: Poll", "link": "https://www.dailywire.com/news/majority-of-voters-support-state-laws-protecting-children-from-trans-procedures-poll", "source": "https://www.dailywire.com/feeds/rss.xml", "page_rating_contents": 0, "dead": false, "language": "en-us", "comments": [], "artist": null, "date_published": "2024-02-01T10:48:34+00:00", "page_rating": 0, "tags": [], "page_rating_visits": 0}, {"vote": 0, "age": null, "description": "United States Capitol Police (USCP) said Thursday that they will not charge anyone in the case of a Democratic staffer allegedly filming himself having gay sex in the Hart Senate Office Building. Explicit leaked video obtained by The Daily Caller in December appears to show two men filming a pornographic video inside the Senate Judiciary ...", "permanent": false, "user": null, "page_rating_votes": 0, "album": "", "source_obj__id": 52, "bookmarked": false, "thumbnail": null, "title": "Capitol Police Say No Charges For Dem Staffer Who Allegedly Filmed Gay Sex In Senate Office Building", "link": "https://www.dailywire.com/news/capitol-police-say-no-charges-for-dem-staffer-who-allegedly-filmed-gay-sex-in-senate-office-building", "source": "https://www.dailywire.com/feeds/rss.xml", "page_rating_contents": 0, "dead": false, "language": "en-us", "comments": [], "artist": null, "date_published": "2024-02-01T10:39:13+00:00", "page_rating": 0, "tags": [], "page_rating_visits": 0}, {"vote": 0, "age": null, "description": "Attorneys for the 29-year-old man accused of killing four University of Idaho students in 2022 have asked for his trial to be held away from the county where the murders occurred. Attorney Anne Taylor filed a two-page petition this week arguing that a \u201cfair and impartial jury cannot be found\u201d in Latah County, Idaho, where ...", "permanent": false, "user": null, "page_rating_votes": 0, "album": "", "source_obj__id": 52, "bookmarked": false, "thumbnail": null, "title": "Accused Idaho Killer\u2019s Attorneys Request Change Of Venue", "link": "https://www.dailywire.com/news/accused-idaho-killers-attorneys-request-change-of-venue", "source": "https://www.dailywire.com/feeds/rss.xml", "page_rating_contents": 0, "dead": false, "language": "en-us", "comments": [], "artist": null, "date_published": "2024-02-01T10:34:48+00:00", "page_rating": 0, "tags": [], "page_rating_visits": 0}, {"vote": 0, "age": null, "description": "The NFL has made the entire 2023 &#8211; 2024 football season about Taylor Swift. Meanwhile, NFL fans \u2014 actual NFL fans \u2014 are and have been understandably upset about it. All these people want to do is watch some football, but they\u2019ve been promulgated all season with constant camera pans to Swift. Obviously, Travis Kelce ...", "permanent": false, "user": null, "page_rating_votes": 0, "album": "", "source_obj__id": 52, "bookmarked": false, "thumbnail": null, "title": "The NFL Is Using Taylor Swift", "link": "https://www.dailywire.com/news/the-nfl-is-using-taylor-swift", "source": "https://www.dailywire.com/feeds/rss.xml", "page_rating_contents": 0, "dead": false, "language": "en-us", "comments": [], "artist": null, "date_published": "2024-02-01T10:18:11+00:00", "page_rating": 0, "tags": [], "page_rating_visits": 0}, {"vote": 0, "age": null, "description": "Arkansas GOP Senator Tom Cotton slammed President Biden for his feckless response to attacks by Iranian-backed forces that have killed American troops, noting that Biden&#8217;s responses have been targeted in \u201calmost every case against empty buildings or warehouses in the middle of nowhere.\u201d Cotton appeared on Fox News with hosts Dana Perino and Bill Hemmer. ...", "permanent": false, "user": null, "page_rating_votes": 0, "album": "", "source_obj__id": 52, "bookmarked": false, "thumbnail": null, "title": "Cotton Rips Biden\u2019s \u2018Cowardly\u2019 Response To Attacks On U.S. Troops: \u2018Almost Every Case Against Empty Buildings Or Warehouses In The Middle Of Nowhere\u2019", "link": "https://www.dailywire.com/news/cotton-rips-bidens-feeble-response-to-attacks-on-u-s-troops-almost-every-case-against-empty-buildings-or-warehouses-in-the-middle-of-nowhere", "source": "https://www.dailywire.com/feeds/rss.xml", "page_rating_contents": 0, "dead": false, "language": "en-us", "comments": [], "artist": null, "date_published": "2024-02-01T08:27:43+00:00", "page_rating": 0, "tags": [], "page_rating_visits": 0}, {"vote": 0, "age": null, "description": "Governor Kathy Hochul (D-NY) weighed in on the shocking footage that showed multiple illegal immigrants pummeling two NYPD officers last weekend, suggesting that deportation is on the table. Five illegal immigrants were arrested on charges of assault of a police officer after video footage shared by the NYPD showed the officers attempting to arrest one ...", "permanent": false, "user": null, "page_rating_votes": 0, "album": "", "source_obj__id": 52, "bookmarked": false, "thumbnail": null, "title": "Kathy Hochul Addresses Footage Of Illegal Immigrants Attacking NYPD Officers, Says Deportation \u2018Should Be Looked At\u2019", "link": "https://www.dailywire.com/news/kathy-hochul-addresses-footage-of-illegal-immigrants-attacking-nypd-officers-says-deportation-should-be-looked-at", "source": "https://www.dailywire.com/feeds/rss.xml", "page_rating_contents": 0, "dead": false, "language": "en-us", "comments": [], "artist": null, "date_published": "2024-02-01T08:10:27+00:00", "page_rating": 0, "tags": [], "page_rating_visits": 0}, {"vote": 0, "age": null, "description": "U.S. forces blew up nearly a dozen terrorist suicide drones inside Yemen during the early morning hours on Thursday (Sanaa time), according to a statement from U.S. Central Command. The announcement came after CENTOM said separately that the USS Carney shot down an anti-ship ballistic missile that the Houthis fired late Wednesday night. Three subsequent ...", "permanent": false, "user": null, "page_rating_votes": 0, "album": "", "source_obj__id": 52, "bookmarked": false, "thumbnail": null, "title": "U.S. Blows Up 10 Terrorist Drones Inside Yemen", "link": "https://www.dailywire.com/news/u-s-blows-up-10-terrorist-drones-inside-yemen", "source": "https://www.dailywire.com/feeds/rss.xml", "page_rating_contents": 0, "dead": false, "language": "en-us", "comments": [], "artist": null, "date_published": "2024-02-01T00:10:19+00:00", "page_rating": 0, "tags": [], "page_rating_visits": 0}, {"vote": 0, "age": null, "description": "The European Union is set to launch a full naval mission to the Red Sea next month to stop Iranian-backed Houthi terrorists from launching attacks against cargo ships. EU foreign policy chief Josep Borrell said on Wednesday that the fleet, which will be comprised of assets from at least seven European nations, will head toward ...", "permanent": false, "user": null, "page_rating_votes": 0, "album": "", "source_obj__id": 52, "bookmarked": false, "thumbnail": null, "title": "European Union To Launch Full Naval Mission To Red Sea", "link": "https://www.dailywire.com/news/european-union-to-launch-full-naval-mission-to-red-sea", "source": "https://www.dailywire.com/feeds/rss.xml", "page_rating_contents": 0, "dead": false, "language": "en-us", "comments": [], "artist": null, "date_published": "2024-02-01T00:04:09+00:00", "page_rating": 0, "tags": [], "page_rating_visits": 0}]