[{"vote": 0, "age": null, "description": "PONTIAC, Mich. \u2014 Jennifer Crumbley said her teenage son, Ethan, was worried about his future and would get stressed out, but his mental health never alarmed her enough that she felt he needed to see a professional.", "permanent": false, "user": null, "page_rating_votes": 0, "album": "", "source_obj__id": 123, "bookmarked": false, "thumbnail": "https://media-cldnry.s-nbcnews.com/image/upload/t_fit_1500w/rockcms/2024-02/240201-Jennifer-Crumbley-ew-115p-bc1915.jpg", "title": "Jennifer Crumbley, mother of Michigan shooter, takes stand at involuntary manslaughter trial", "link": "https://www.nbcnews.com/news/us-news/jennifer-crumbley-mother-michigan-shooter-takes-stand-rcna136536", "source": "https://feeds.nbcnews.com/nbcnews/public/tech", "page_rating_contents": 0, "dead": false, "language": "en-US", "comments": [], "artist": null, "date_published": "2024-02-01T18:37:32+00:00", "page_rating": 0, "tags": [], "page_rating_visits": 0}, {"vote": 0, "age": null, "description": "A graphic video from a Pennsylvania man accused of killing his father that circulated for hours on YouTube has put a spotlight yet again on gaps in social media companies\u2019 ability to prevent horrific postings from spreading across the web.", "permanent": false, "user": null, "page_rating_votes": 0, "album": "", "source_obj__id": 123, "bookmarked": false, "thumbnail": "https://media-cldnry.s-nbcnews.com/image/upload/t_fit_1500w/rockcms/2024-02/240201-middleton-township-pennsylvania-beheading-ONE-TIME-USE-se-102p-9a061e.jpg", "title": "Video of beheaded dad stayed on YouTube for hours, raising questions about why it wasn\u2019t taken down sooner", "link": "https://www.nbcnews.com/tech/social-media/video-beheaded-dad-stayed-youtube-hours-raising-questions-wasnt-taken-rcna136798", "source": "https://feeds.nbcnews.com/nbcnews/public/tech", "page_rating_contents": 0, "dead": false, "language": "en-US", "comments": [], "artist": null, "date_published": "2024-02-01T18:16:32+00:00", "page_rating": 0, "tags": [], "page_rating_visits": 0}, {"vote": 0, "age": null, "description": "The Houthis have sparked alarm with drone attacks in the Red Sea, but their use of drone attacks is just the latest iteration of their larger drone strategy.", "permanent": false, "user": null, "page_rating_votes": 0, "album": "", "source_obj__id": 123, "bookmarked": false, "thumbnail": "https://media-cldnry.s-nbcnews.com/image/upload/t_fit_1500w/rockcms/2024-01/240124-houthi-drone-mn-1608-f38d60.jpg", "title": "How Yemen\u2019s Houthi rebels have leveraged cheap drones into military success for years", "link": "https://www.nbcnews.com/tech/security/yemens-houthi-rebels-used-cheap-drones-attacks-years-rcna135117", "source": "https://feeds.nbcnews.com/nbcnews/public/tech", "page_rating_contents": 0, "dead": false, "language": "en-US", "comments": [], "artist": null, "date_published": "2024-02-01T18:13:27+00:00", "page_rating": 0, "tags": [], "page_rating_visits": 0}, {"vote": 0, "age": null, "description": "Even before Universal Music Group removed its catalog from TikTok in the early hours of Thursday, artists with the label were on the platform sounding the alarm.", "permanent": false, "user": null, "page_rating_votes": 0, "album": "", "source_obj__id": 123, "bookmarked": false, "thumbnail": "https://media-cldnry.s-nbcnews.com/image/upload/t_fit_1500w/rockcms/2024-02/240201-tiktok-musicans-beg-1125a-2b8cf8.jpg", "title": "Artists worry Universal Music Group removing songs could foreshadow trouble", "link": "https://www.nbcnews.com/tech/internet/universal-music-group-tiktok-artists-concerns-rcna136767", "source": "https://feeds.nbcnews.com/nbcnews/public/tech", "page_rating_contents": 0, "dead": false, "language": "en-US", "comments": [], "artist": null, "date_published": "2024-02-01T16:35:16+00:00", "page_rating": 0, "tags": [], "page_rating_visits": 0}, {"vote": 0, "age": null, "description": "Larry David apologizes to Elmo after grabbing his face live on TODAY. \"I'm really sorry,\" he says.", "permanent": false, "user": null, "page_rating_votes": 0, "album": "", "source_obj__id": 123, "bookmarked": false, "thumbnail": "https://media-cldnry.s-nbcnews.com/image/upload/t_fit_1500w/mpx/2704722219/2024_02/tdy_pop_8a_larry_david_elmo_240201-gq26kd.jpg", "title": "Why Larry David is apologizing to Elmo", "link": "https://www.today.com/video/why-larry-david-is-apologizing-to-elmo-203404869753", "source": "https://feeds.nbcnews.com/nbcnews/public/tech", "page_rating_contents": 0, "dead": false, "language": "en-US", "comments": [], "artist": null, "date_published": "2024-02-01T14:31:17+00:00", "page_rating": 0, "tags": [], "page_rating_visits": 0}, {"vote": 0, "age": null, "description": "Sharon Winkler, whose son died by suicide as a result of cyberbullying on social media, attended the Senate Judiciary Committee hearing on child safety, but says enough hearings on social media harm have been held and it\u2019s now time for Congress to enact protective laws.", "permanent": false, "user": null, "page_rating_votes": 0, "album": "", "source_obj__id": 123, "bookmarked": false, "thumbnail": "https://media-cldnry.s-nbcnews.com/image/upload/t_fit_1500w/mpx/2704722219/2024_02/1706795394575_now_mnn_winkler_son_cyberbullying_240201_1920x1080-b71uy2.jpg", "title": "'Very disappointed': Victim's mom calls for action after social media hearing", "link": "https://www.nbcnews.com/now/video/mother-of-cyberbullying-victim-criticizes-lack-of-action-by-congress-203404357740", "source": "https://feeds.nbcnews.com/nbcnews/public/tech", "page_rating_contents": 0, "dead": false, "language": "en-US", "comments": [], "artist": null, "date_published": "2024-02-01T13:50:12+00:00", "page_rating": 0, "tags": [], "page_rating_visits": 0}, {"vote": 0, "age": null, "description": "FBI director Christopher Wray is sounding a new alarm about Chinese cyberattacks saying they pose a serious national security threat and are preparing to wreak havoc against U.S. electrical grids and other infrastructure.", "permanent": false, "user": null, "page_rating_votes": 0, "album": "", "source_obj__id": 123, "bookmarked": false, "thumbnail": "https://media-cldnry.s-nbcnews.com/image/upload/t_fit_1500w/mpx/2704722219/2024_02/1706790209686_tdy_news_7a_guth_china_hackers_240201_1920x1080-oqahp1.jpg", "title": "FBI director: US cannot \u2018sleep\u2019 on Chinese cyberattack danger", "link": "https://www.today.com/video/fbi-director-warns-chinese-hackers-pose-national-security-threat-203400261742", "source": "https://feeds.nbcnews.com/nbcnews/public/tech", "page_rating_contents": 0, "dead": false, "language": "en-US", "comments": [], "artist": null, "date_published": "2024-02-01T12:23:45+00:00", "page_rating": 0, "tags": [], "page_rating_visits": 0}, {"vote": 0, "age": null, "description": "CEOs from five of the biggest social media platforms converged on Capitol Hill for a hearing over online child safety where Meta\u2019s Mark Zuckerberg issued a rare apology to the parents who say their children were victimized. NBC\u2019s Kate Snow reports for TODAY.", "permanent": false, "user": null, "page_rating_votes": 0, "album": "", "source_obj__id": 123, "bookmarked": false, "thumbnail": "https://media-cldnry.s-nbcnews.com/image/upload/t_fit_1500w/mpx/2704722219/2024_02/1706789692862_tdy_news_7a_snow_social_media_240201_1920x1080-d01m35.jpg", "title": "Mark Zuckerberg apologizes to parents at Capitol Hill hearing", "link": "https://www.today.com/video/mark-zuckerberg-issues-apology-at-online-child-safety-hearing-203398725600", "source": "https://feeds.nbcnews.com/nbcnews/public/tech", "page_rating_contents": 0, "dead": false, "language": "en-US", "comments": [], "artist": null, "date_published": "2024-02-01T12:15:12+00:00", "page_rating": 0, "tags": [], "page_rating_visits": 0}, {"vote": 0, "age": null, "description": "Palestinians documented, buried and searched through bags of bodies in the hopes of finding missing loved ones after Israel handed over corpses in southern Gaza this week.", "permanent": false, "user": null, "page_rating_votes": 0, "album": "", "source_obj__id": 123, "bookmarked": false, "thumbnail": "https://media-cldnry.s-nbcnews.com/image/upload/t_fit_1500w/rockcms/2024-01/240131-gaza-bodies-mb-1316-83da2f.jpg", "title": "Israel returns dozens of Palestinians' bodies to Gaza, prompting a desperate graveside search", "link": "https://www.nbcnews.com/news/world/israel-returns-dozens-palestinians-bodies-gaza-rcna136520", "source": "https://feeds.nbcnews.com/nbcnews/public/tech", "page_rating_contents": 0, "dead": false, "language": "en-US", "comments": [], "artist": null, "date_published": "2024-02-01T11:24:34+00:00", "page_rating": 0, "tags": [], "page_rating_visits": 0}, {"vote": 0, "age": null, "description": "The leaders of the 27 European Union countries sealed a deal Thursday to provide Ukraine with a new 50-billion-euro ($54 billion) support package for its war-ravaged economy despite weeks of threats from Hungary to veto the move.", "permanent": false, "user": null, "page_rating_votes": 0, "album": "", "source_obj__id": 123, "bookmarked": false, "thumbnail": "https://media-cldnry.s-nbcnews.com/image/upload/t_fit_1500w/rockcms/2024-02/240201-viktor-orban-mb-1058-9b26d3.jpg", "title": "E.U. agrees on a new $54B aid package for Ukraine despite Hungary's veto threat", "link": "https://www.nbcnews.com/news/world/eu-agrees-new-aid-package-ukraine-orban-threat-rcna136706", "source": "https://feeds.nbcnews.com/nbcnews/public/tech", "page_rating_contents": 0, "dead": false, "language": "en-US", "comments": [], "artist": null, "date_published": "2024-02-01T11:18:50+00:00", "page_rating": 0, "tags": [], "page_rating_visits": 0}, {"vote": 0, "age": null, "description": "Former President Donald Trump\u2019s affiliated committees spent about $27 million on lawyers\u2019 bills and related legal fees in the last six months of 2023.", "permanent": false, "user": null, "page_rating_votes": 0, "album": "", "source_obj__id": 123, "bookmarked": false, "thumbnail": "https://media-cldnry.s-nbcnews.com/image/upload/t_fit_1500w/rockcms/2023-12/20231228-trump-sj-224p-96ab86.jpg", "title": "More than $27M in Trump campaign fundraising went to legal costs in the last six months of 2023", "link": "https://www.nbcnews.com/politics/2024-election/trump-campaign-paid-legal-fees-lawyers-millions-rcna136498", "source": "https://feeds.nbcnews.com/nbcnews/public/tech", "page_rating_contents": 0, "dead": false, "language": "en-US", "comments": [], "artist": null, "date_published": "2024-02-01T02:35:15+00:00", "page_rating": 0, "tags": [], "page_rating_visits": 0}, {"vote": 0, "age": null, "description": "Music from artists Drake, Rihanna and Taylor Swift may be removed from TikTok after Universal Music Group accused the app of \"intimidating\" and \"bullying\" them in contract negotiations.", "permanent": false, "user": null, "page_rating_votes": 0, "album": "", "source_obj__id": 123, "bookmarked": false, "thumbnail": "https://media-cldnry.s-nbcnews.com/image/upload/t_fit_1500w/mpx/2704722219/2024_02/1706748174322_now_hallie_swift_tiktok_240131_1920x1080-5v18ab.jpg", "title": "Universal Music Group threatens to pull songs from top artists on TikTok", "link": "https://www.nbcnews.com/now/video/universal-music-group-threatens-to-pull-songs-from-top-artists-on-tiktok-203371077515", "source": "https://feeds.nbcnews.com/nbcnews/public/tech", "page_rating_contents": 0, "dead": false, "language": "en-US", "comments": [], "artist": null, "date_published": "2024-02-01T00:43:17+00:00", "page_rating": 0, "tags": [], "page_rating_visits": 0}]