[{"vote": 0, "age": null, "description": "#FormerNetworkExec #CallMeChato \nThanks for watching my channel. Please subscribe, SHARE and touch yourselves.\n\nCall Me Chato T-shirt\nhttps://my-store-6121db.creator-spring.com/listing/ppc-cartoon-t-colour\n\nhttps://twitter.com/PaulChato\nhttp://www.paulchato.com", "permanent": false, "user": null, "page_rating_votes": 0, "album": "", "source_obj__id": 222, "bookmarked": false, "thumbnail": "https://i2.ytimg.com/vi/A5eTdq1DI9k/hqdefault.jpg", "title": "Disney movies WARNINGS.", "link": "https://www.youtube.com/watch?v=A5eTdq1DI9k", "source": "https://www.youtube.com/feeds/videos.xml?channel_id=UCL0QSFSUfW8cHua_rDpltTg", "page_rating_contents": 0, "dead": false, "language": null, "comments": [], "artist": "Call me Chato", "date_published": "2024-02-01T21:05:57+00:00", "page_rating": 0, "tags": [], "page_rating_visits": 0}, {"vote": 0, "age": null, "description": "#FormerNetworkExec #CallMeChato #disney \nWe know Disney hates Walt but now it looks like it hates all its classic original work, too.\nThanks for watching my channel. Please subscribe, SHARE and touch yourselves.\n\nCall Me Chato T-shirt\nhttps://my-store-6121db.creator-spring.com/listing/ppc-cartoon-t-colour\n\nhttps://twitter.com/PaulChato\nhttp://www.paulchato.com", "permanent": false, "user": null, "page_rating_votes": 0, "album": "", "source_obj__id": 222, "bookmarked": false, "thumbnail": "https://i2.ytimg.com/vi/58rGrqTFw04/hqdefault.jpg", "title": "Disney HATES its past!", "link": "https://www.youtube.com/watch?v=58rGrqTFw04", "source": "https://www.youtube.com/feeds/videos.xml?channel_id=UCL0QSFSUfW8cHua_rDpltTg", "page_rating_contents": 100, "dead": false, "language": "en", "comments": [], "artist": "Call me Chato", "date_published": "2024-02-01T14:00:06+00:00", "page_rating": 100, "tags": [], "page_rating_visits": 1}]