[{"vote": 0, "age": null, "description": "<p>Colombia&#8217;s President Gustavo Petro urged Israel&#8217;s Prime Minister Benjamin Netanyahu to end attacks on occupied territories in Palestine. In a letter, the Colombian president also urged Netanyahu to create an&#8230;</p>\n<p>The post <a href=\"https://colombiareports.com/colombia-urges-israel-to-cease-fire-in-gaza/\" rel=\"nofollow\">Colombia urges Israel to cease fire in Gaza</a> appeared first on <a href=\"https://colombiareports.com\" rel=\"nofollow\">Colombia News | Colombia Reports</a>.</p>", "permanent": false, "user": null, "page_rating_votes": 0, "album": "", "source_obj__id": 536, "bookmarked": false, "thumbnail": null, "title": "Colombia urges Israel to cease fire in Gaza", "link": "https://colombiareports.com/colombia-urges-israel-to-cease-fire-in-gaza", "source": "https://colombiareports.com/feed/", "page_rating_contents": 0, "dead": false, "language": "en", "comments": [], "artist": null, "date_published": "2024-02-01T15:54:37+00:00", "page_rating": 0, "tags": [], "page_rating_visits": 0}]