[{"source": "https://www.youtube.com/feeds/videos.xml?channel_id=UCLLO-H4NQXNa_DhUv-rqN9g", "title": "Nie wiedzieli\u015bmy, \u017ce ten film powstaje... | CD-Action YouTube Rewind 2023", "description": "Przenie\u015b si\u0119 za kulisy ekipy CD-Action i zanurz si\u0119 w niezwyk\u0142ym \u015bwiecie nieopublikowanych scen z ich materia\u0142\u00f3w publicystycznych! W tym fascynuj\u0105cym filmie odkryjemy nieznane strony tw\u00f3rczego procesu, zaskakuj\u0105ce reakcje ekipy na nieoczekiwane sytuacje oraz nieopublikowane momenty, kt\u00f3re mia\u0142y miejsce poza kamer\u0105. Zaskakuj\u0105ce, \u015bmieszne i emocjonuj\u0105ce chwile, kt\u00f3rych nikt si\u0119 nie spodziewa\u0142! Czy ekipa CD-Action jest gotowa na to, co zostanie odkryte?\n\n~Kacpi & Mati A.D. 2024\n\nKoniecznie zobacz nas w innych miejscach:\n\nStrona :: https://cdaction.pl/\nSklep :: https://sklep.cdaction.pl/\nInstagram :: https://instagram.com/cdaction\nFacebook :: http://fb.me/CDAction/\nTwitter :: https://twitter.com/cdaction\nDiscord CD-Action :: https://discord.gg/9Aqf3Cjcxx\nKontakt :: youtube@cdaction.pl", "link": "https://www.youtube.com/watch?v=40VKo9QVLG8", "date_published": "2024-01-01T21:22:38+00:00", "permanent": false, "bookmarked": false, "dead": false, "artist": "CD-Action - YouTube", "album": "CD-Action - YouTube", "user": null, "language": "pl", "thumbnail": "https://i1.ytimg.com/vi/40VKo9QVLG8/hqdefault.jpg", "age": null, "page_rating_contents": 0, "page_rating_votes": 0, "page_rating_visits": 0, "page_rating": 0, "tags": [], "comments": [], "vote": 0}]