[{"source": "https://www.rferl.org", "title": "Tajik, Uzbek Nationals Among Those Arrested After Suspected Cologne Terrorist Threat", "description": "Police in Germany on January 1 arrested another suspect in connection with a possible planned terrorist attack on Cologne Cathedral, saying it was a 41-year-old man with German and Turkish citizenship.", "link": "https://www.rferl.org/a/germany-cologne-tajikistan-suspects-attack-threat/32754484.html", "date_published": "2024-01-01T21:36:56+00:00", "permanent": false, "bookmarked": true, "dead": false, "artist": "https://www.rferl.org", "album": "https://www.rferl.org", "user": "rumpel", "language": "en", "thumbnail": "https://gdb.rferl.org/459BD905-E335-4B34-93BB-ED54A75CB4F1.jpg", "age": null, "page_rating_contents": 52, "page_rating_votes": 30, "page_rating_visits": 3, "page_rating": 82, "tags": ["germany", "christianophobia"], "comments": [], "vote": 30.0}]