[{"source": "https://www.cbc.ca/webfeed/rss/rss-canada", "title": "Why more Canadians are delaying parenthood by freezing their eggs", "description": "<img alt=\"Medical worker is freezing eggs\" height=\"349\" src=\"https://i.cbc.ca/1.7067535.1703286733!/fileImage/httpImage/image.jpg_gen/derivatives/16x9_620/egg-freezing.jpg\" title=\"A lab technician is freezing human eggs, a procedure which can help delay parenthood until people are ready to have a child. \" width=\"620\" /><p>Data shows egg freezing treatments in Canada have soared in the last decade. For some, freezing their eggs helps buy time before they can find a partner. For others, it keeps open the option to reconsider parenthood in the future.</p>", "link": "https://www.cbc.ca/news/canada/british-columbia/canadians-delaying-parenthood-egg-freezing-1.7067522?cmp=rss", "date_published": "2024-01-01T13:00:00+00:00", "permanent": false, "bookmarked": false, "dead": false, "artist": "CBC | Canada News", "album": "CBC | Canada News", "user": null, "language": "en", "thumbnail": "https://www.cbc.ca/rss/image/cbc_144.gif", "age": null, "page_rating_contents": 0, "page_rating_votes": 0, "page_rating_visits": 0, "page_rating": 0, "tags": [], "comments": [], "vote": 0}, {"source": "https://www.cbc.ca/webfeed/rss/rss-canada", "title": "A Glace Bay man knocked on a famous photographer's door. It led him to a whole new world", "description": "<img alt=\"A man (right) is seen sitting down with his gaze towards the floor. He wears a t-shirt and has curly hair. On his left, is another man sitting, but facing the opposite direction. This man has long hair and a moustache. The image has been defaced by scratches on the negative, which appear throughout the frame.\" height=\"349\" src=\"https://i.cbc.ca/1.7053409.1702055657!/fileImage/httpImage/image.jpg_gen/derivatives/16x9_620/brian-graham-and-robert-frank.jpg\" title=\"A self-portrait Brian Graham (left) took with Robert Frank that\u2019s included in his new book. Frank wasn\u2019t happy with it, so he later scratched the negative\" width=\"620\" /><p>Brian Graham\u2019s new book, Goin\u2019 Down the Road with Robert Frank, documents their 40-year-long friendship and unlikely working relationship, which began in Mabou, N.S., and continued in New York City after Frank sent Graham a postcard in the mail.</p>", "link": "https://www.cbc.ca/news/canada/nova-scotia/robert-frank-famous-photographer-brian-graham-friend-book-1.7049508?cmp=rss", "date_published": "2024-01-01T05:00:00+00:00", "permanent": false, "bookmarked": false, "dead": false, "artist": "CBC | Canada News", "album": "CBC | Canada News", "user": null, "language": "en", "thumbnail": "https://www.cbc.ca/rss/image/cbc_144.gif", "age": null, "page_rating_contents": 0, "page_rating_votes": 0, "page_rating_visits": 0, "page_rating": 0, "tags": [], "comments": [], "vote": 0}, {"source": "https://www.cbc.ca/webfeed/rss/rss-canada", "title": "Teen who died in Ottawa river was 'going to do good things,' ski coach says", "description": "<img alt=\"A split shot of a skier racing on a course at left, and a front-facing picture of that same skier without his visor on at the right.\" height=\"349\" src=\"https://i.cbc.ca/1.7071960.1704054296!/fileImage/httpImage/image.jpg_gen/derivatives/16x9_620/riley-cotter-skier-teen-rideau-river-drowning-tragedy-ice-ottawa.jpg\" title=\"Riley Cotter was one of two Ottawa teens who died after falling into the Rideau River on Dec. 27, 2023. The 17-year-old student at John McCrae Secondary School was a promising competitive skier, according to his coach.\" width=\"620\" /><p>Riley Cotter, the 17-year-old who died in the Rideau River in south Ottawa last week alongside another teen, is being remembered as a skilled, promising athlete whose passing has shaken members of the\u00a0competitive skiing community.</p>", "link": "https://www.cbc.ca/news/canada/ottawa/riley-cotter-teen-rideau-river-rememberance-friends-family-december-2023-1.7071861?cmp=rss", "date_published": "2024-01-01T04:00:00+00:00", "permanent": false, "bookmarked": false, "dead": false, "artist": "CBC | Canada News", "album": "CBC | Canada News", "user": null, "language": "en", "thumbnail": "https://www.cbc.ca/rss/image/cbc_144.gif", "age": null, "page_rating_contents": 0, "page_rating_votes": 0, "page_rating_visits": 0, "page_rating": 0, "tags": [], "comments": [], "vote": 0}]