[{"source": "https://www.youtube.com/feeds/videos.xml?channel_id=UCDVb4m_5QHhZElT47E1oODg", "title": "They Don\u2019t Care What You Think", "description": "Support my work on Subscribe Star: https://www.subscribestar.com/dave-cullen\nFollow me on Bitchute: https://www.bitchute.com/channel/hybM74uIHJKg/\n\nSources:  \n\nhttps://cosmicbook.news/doctor-who-christmas-special-ratings-ncuti-gatwa\n\nhttps://boundingintocomics.com/2023/12/29/new-doctor-who-companion-actress-millie-gibson-says-upcoming-episodes-will-attract-a-lot-of-gen-z-feature-many-controversial-elements/\n\nKEEP UP ON SOCIAL MEDIA:\nGab: https://gab.ai/DaveCullen\nSubscribe on Gab TV: https://tv.gab.com/channel/DaveCullen\nMinds.com: https://www.minds.com/davecullen\nSubscribe on Odysee: https://odysee.com/@TheDaveCullenShow:7", "link": "https://www.youtube.com/watch?v=FV_P_U27FJM", "date_published": "2024-01-01T16:30:08+00:00", "permanent": false, "bookmarked": false, "dead": false, "artist": "The Dave Cullen Show", "album": "The Dave Cullen Show", "user": null, "language": "en-US", "thumbnail": "https://i3.ytimg.com/vi/FV_P_U27FJM/hqdefault.jpg", "age": null, "page_rating_contents": 0, "page_rating_votes": 0, "page_rating_visits": 0, "page_rating": 0, "tags": [], "comments": [], "vote": 0}]