[{"source": "https://www.youtube.com/feeds/videos.xml?channel_id=UCtMVHI3AJD4Qk4hcbZnI9ZQ", "title": "Mickey Mouse Is Finally Free...", "description": "Hello guys and gals, it's me Mutahar again! This time we take a look at how after 90 years the original Mickey Mouse and Minnie Mouse are finally free from Disney's legal shackles. Public domain has stepped in and you can finally do whatever it is you want with these original designs. Thanks for watching!\nLike, Comment and Subscribe for more videos!\n\nCheck out the newest podcast episode: https://youtu.be/o_m7Zk7UONE", "link": "https://www.youtube.com/watch?v=O5SmgdRGwUs", "date_published": "2024-01-01T21:49:02+00:00", "permanent": false, "bookmarked": false, "dead": false, "artist": "SomeOrdinaryGamers", "album": "SomeOrdinaryGamers", "user": null, "language": "en-US", "thumbnail": "https://i4.ytimg.com/vi/O5SmgdRGwUs/hqdefault.jpg", "age": null, "page_rating_contents": 0, "page_rating_votes": 0, "page_rating_visits": 0, "page_rating": 0, "tags": [], "comments": [], "vote": 0}]