[{"source": "https://www.hackread.com/feed", "title": "Researchers Crack Tesla Autopilot with \u2018Elon Mode,\u2019 Access Critical Data", "description": "<p>By <a href=\"https://www.hackread.com/author/deeba/\" rel=\"nofollow\">Deeba Ahmed</a></p>\n<p>German cybersecurity researchers from Technische Universit\u00e4t Berlin employed a \u20ac600 (\u00a3520 - $660) tool to gain root access to the ARM64-based circuit board of Tesla's autopilot.</p>\n<p>This is a post from HackRead.com Read the original post: <a href=\"https://www.hackread.com/crack-tesla-autopilot-elon-mode-access-data/\" rel=\"nofollow\">Researchers Crack Tesla Autopilot with &#8216;Elon Mode,&#8217; Access Critical Data</a></p>", "link": "https://www.hackread.com/crack-tesla-autopilot-elon-mode-access-data", "date_published": "2024-01-01T16:39:46+00:00", "permanent": false, "bookmarked": false, "dead": false, "artist": "HackRead", "album": "HackRead", "user": null, "language": "en-US", "thumbnail": "https://www.hackread.com/wp-content/uploads/2023/08/cropped-HACKREAD-32x32.png", "age": null, "page_rating_contents": 0, "page_rating_votes": 0, "page_rating_visits": 0, "page_rating": 0, "tags": [], "comments": [], "vote": 0}]