[{"source": "https://www.youtube.com/feeds/videos.xml?channel_id=UCHu2KNu6TtJ0p4hpSW7Yv7Q", "title": "MAKE MOLDS with HOT GLUE?", "description": "This is a surprisingly useful #arthack for making terrain with Hot Glue! This short was made with @CapCutofficial  (spon)\n\ud83d\udc49CapCut for PC/Mac: https://www.capcut.com/tools/desktop-video-editor?utm_source=youtube&amp;utm_medium=social&amp;utm_campaign=jazzadec23\n\ud83d\udc49CapCut for Mobile: https://capcut-yt.onelink.me/W3Oy/v8cgkduv", "link": "https://www.youtube.com/watch?v=IiRihgGPqP0", "date_published": "2024-01-01T12:03:00+00:00", "permanent": false, "bookmarked": false, "dead": false, "artist": "Jazza", "album": "Jazza", "user": null, "language": "en-US", "thumbnail": "https://i2.ytimg.com/vi/IiRihgGPqP0/hqdefault.jpg", "age": null, "page_rating_contents": 0, "page_rating_votes": 0, "page_rating_visits": 0, "page_rating": 0, "tags": [], "comments": [], "vote": 0}]