[{"source": "https://www.youtube.com/feeds/videos.xml?channel_id=UCBa659QWEk1AI4Tg--mrJ2A", "title": "After ten years, it's time to stop making videos.", "description": "Find me here: \u2753 LATERAL, free weekly podcast: https://lateralcast.com/ https://youtube.com/lateralcast \ud83d\udcf0 WEEKLY NEWSLETTER https://www.tomscott.com/newsletter/ \ud83d\udfe5\u2795 TOM SCOTT PLUS: https://youtube.com/tomscottplus \ud83d\udc65 THE TECHNICAL DIFFICULTIES: https://youtube.com/techdif \ud83d\udfe5 MAIN SITE: https://www.tomscott.com/\n\n\nCREDITS\n\nProducer: Cambria Bailey-Jones\nDirector: Guy Larsen\nDoP: Jamie MacLeod | https://www.jamiemacleod.co.uk/\nStunt Coordinators: Dilwyn Sanderson-Jones; Scott Heffield \nDrone Team: Lec Park; Andrew Lawrence \nPilot: Will Banks \nRefueller & Ground Co-Ordinator: Gary Wise \nBTS: Bryn Williams | https://www.brynscamera.com/\nEditor / Colourist: Jamie MacLeod\nComposer: Ben Squires | https://www.benjaminsquires.co.uk/\nSound Mix: Dan Pugsley | https://www.cassinisound.com/\n\nA Penny4 Production | https://www.penny4.co.uk/\n\nSpecial thanks to Abi Hensby and the team at GB Helicopters | https://gbhelicopters.com/\n\n\"Lifted\" by Benjamin Squires is available on streaming platforms: https:/", "link": "https://www.youtube.com/watch?v=7DKv5H5Frt0", "date_published": "2024-01-01T16:00:06+00:00", "permanent": false, "bookmarked": false, "dead": false, "artist": "Tom Scott", "album": "Tom Scott", "user": null, "language": "en-US", "thumbnail": "https://i4.ytimg.com/vi/7DKv5H5Frt0/hqdefault.jpg", "age": null, "page_rating_contents": 0, "page_rating_votes": 0, "page_rating_visits": 0, "page_rating": 0, "tags": [], "comments": [], "vote": 0}]