[{"source": "https://www.youtube.com/feeds/videos.xml?channel_id=UCz1fTbwui7o5aDZ6W1dOLTQ", "title": "Unstoppable Nightwatch Ep. 3: Not Home", "description": "Nightwatch asks to have an extra therapist session out of the blue. She claims nothing's wrong, but not everything is what it seems.\n\nArt: Jeff Kraven\nWritten: Literature Devil\nVoiced By: Apaniva (Fiverr)\n\nCheck out my main channel: https://www.youtube.com/channel/UCz1fTbwui7o5aDZ6W1dOLTQ\n\n#voiceacting #comics #Storytelling #IndieComics #AudioDrama\n#GraphicNovel\n#comicbooks \n#Narration\n#DigitalArt\n#Art\n#Superheroes", "link": "https://www.youtube.com/watch?v=DBlgxwHLD-U", "date_published": "2024-01-01T20:00:07+00:00", "permanent": false, "bookmarked": false, "dead": false, "artist": "Literature Devil", "album": "Literature Devil", "user": null, "language": "en-US", "thumbnail": "https://i1.ytimg.com/vi/DBlgxwHLD-U/hqdefault.jpg", "age": null, "page_rating_contents": 0, "page_rating_votes": 0, "page_rating_visits": 0, "page_rating": 0, "tags": [], "comments": [], "vote": 0}]