[{"source": "https://www.themoscowtimes.com/rss/news", "title": "St. Petersburg Police Round Up Thousands of Migrant Workers in New Year's Raids \u2013 Reports", "description": "More than 600 of those detained had reportedly broken Russia\u2019s immigration laws, with over 100 people expected to be deported from the country.", "link": "https://www.themoscowtimes.com/2024/01/01/st-petersburg-police-round-up-thousands-of-migrant-workers-in-new-years-raids-reports-a83624", "date_published": "2024-01-01T15:38:00+00:00", "permanent": false, "bookmarked": false, "dead": false, "artist": "The Moscow Times", "album": "The Moscow Times", "user": null, "language": "en-us", "thumbnail": null, "age": null, "page_rating_contents": 0, "page_rating_votes": 0, "page_rating_visits": 0, "page_rating": 0, "tags": [], "comments": [], "vote": 0}, {"source": "https://www.themoscowtimes.com/rss/news", "title": "Putin Says Russia Will 'Intensify' Strikes on Ukraine After Belgorod Attack", "description": "\"I'm burning with rage myself. But do we need to attack civilians? No, we hit military targets, and we'll continue to do that,\" Putin said.", "link": "https://www.themoscowtimes.com/2024/01/01/putin-says-russia-will-intensify-strikes-on-ukraine-after-belgorod-attack-a83623", "date_published": "2024-01-01T13:06:14+00:00", "permanent": false, "bookmarked": false, "dead": false, "artist": "The Moscow Times", "album": "The Moscow Times", "user": null, "language": "en-us", "thumbnail": null, "age": null, "page_rating_contents": 0, "page_rating_votes": 0, "page_rating_visits": 0, "page_rating": 0, "tags": [], "comments": [], "vote": 0}, {"source": "https://www.themoscowtimes.com/rss/news", "title": "Far East Russia Issues Tsunami Warning After Earthquake Strikes Japan", "description": "Authorities in Vladivostok said they expect waves to reach 30 centimeters by Monday evening and urged fishing vessels to return to shore.", "link": "https://www.themoscowtimes.com/2024/01/01/far-east-russia-issues-tsunami-warning-after-earthquake-strikes-japan-a83622", "date_published": "2024-01-01T09:56:49+00:00", "permanent": false, "bookmarked": false, "dead": false, "artist": "The Moscow Times", "album": "The Moscow Times", "user": null, "language": "en-us", "thumbnail": null, "age": null, "page_rating_contents": 0, "page_rating_votes": 0, "page_rating_visits": 0, "page_rating": 0, "tags": [], "comments": [], "vote": 0}, {"source": "https://www.themoscowtimes.com/rss/news", "title": "Zelensky Vows to Wreak 'Wrath' Against Russia in 2024", "description": "\"Next year, the enemy will feel the wrath of domestic production,\" Ukraine's president said during his New Year's Eve address.", "link": "https://www.themoscowtimes.com/2024/01/01/zelensky-vows-to-wreak-wrath-against-russia-in-2024-a83621", "date_published": "2024-01-01T08:37:37+00:00", "permanent": false, "bookmarked": false, "dead": false, "artist": "The Moscow Times", "album": "The Moscow Times", "user": null, "language": "en-us", "thumbnail": null, "age": null, "page_rating_contents": 0, "page_rating_votes": 0, "page_rating_visits": 0, "page_rating": 0, "tags": [], "comments": [], "vote": 0}]