[{"source": "https://www.ft.com/world?format=rss", "title": "Iron ore/China: rusty metal shines in markets", "description": "Traders have reason to be optimistic despite property market woes in Asian country", "link": "https://www.ft.com/content/3d8a489e-3409-4748-a41a-46083a3051e0", "date_published": "2024-01-01T17:00:53+00:00", "permanent": false, "bookmarked": false, "dead": false, "artist": "Financial Times World", "album": "Financial Times World", "user": null, "language": "en-US", "thumbnail": null, "age": null, "page_rating_contents": 0, "page_rating_votes": 0, "page_rating_visits": 0, "page_rating": 0, "tags": [], "comments": [], "vote": 0}, {"source": "https://www.ft.com/world?format=rss", "title": "Israel pulls some troops from Gaza to manage forces", "description": "Withdrawal of 5 battalions first significant IDF reduction in besieged enclave since October 7", "link": "https://www.ft.com/content/76ac7fda-86ae-4cfd-b90b-6d8d0db12afb", "date_published": "2024-01-01T13:24:48+00:00", "permanent": false, "bookmarked": false, "dead": false, "artist": "Financial Times World", "album": "Financial Times World", "user": null, "language": "en-US", "thumbnail": null, "age": null, "page_rating_contents": 0, "page_rating_votes": 0, "page_rating_visits": 0, "page_rating": 0, "tags": [], "comments": [], "vote": 0}, {"source": "https://www.ft.com/world?format=rss", "title": "Small boat crossings to UK fall by a third in 2023", "description": "Border staff say arrivals were \u2018unusually low\u2019 due to high wind and \u2018confounding factors\u2019", "link": "https://www.ft.com/content/ebb7af60-02b8-4175-bd58-db6a1015df87", "date_published": "2024-01-01T12:51:44+00:00", "permanent": false, "bookmarked": false, "dead": false, "artist": "Financial Times World", "album": "Financial Times World", "user": null, "language": "en-US", "thumbnail": null, "age": null, "page_rating_contents": 0, "page_rating_votes": 0, "page_rating_visits": 0, "page_rating": 0, "tags": [], "comments": [], "vote": 0}, {"source": "https://www.ft.com/world?format=rss", "title": "Banks: investors should demand more ambition on profitability targets", "description": "The amount of regulatory capital required by banks weighs down their return on tangible equity", "link": "https://www.ft.com/content/d6634628-5e50-4ba5-9f22-13f3b005eda3", "date_published": "2024-01-01T10:30:53+00:00", "permanent": false, "bookmarked": false, "dead": false, "artist": "Financial Times World", "album": "Financial Times World", "user": null, "language": "en-US", "thumbnail": null, "age": null, "page_rating_contents": 0, "page_rating_votes": 0, "page_rating_visits": 0, "page_rating": 0, "tags": [], "comments": [], "vote": 0}, {"source": "https://www.ft.com/world?format=rss", "title": "Lighter regulation needed to attract \u2018captive\u2019 insurers to London", "description": "Calls by industry come ahead of promised UK government consultation on new regime", "link": "https://www.ft.com/content/6088854e-cbeb-4c40-ac57-8213c7453f6b", "date_published": "2024-01-01T09:32:51+00:00", "permanent": false, "bookmarked": false, "dead": false, "artist": "Financial Times World", "album": "Financial Times World", "user": null, "language": "en-US", "thumbnail": null, "age": null, "page_rating_contents": 0, "page_rating_votes": 0, "page_rating_visits": 0, "page_rating": 0, "tags": [], "comments": [], "vote": 0}]