[{"source": "https://ithardware.pl/feed", "title": "Honor X50 Pro oficjalnie. Smartfon z ex-flagowym procesorem na pok\u0142adzie", "description": "<img src=\"https://ithardware.pl/artykuly/min/30921_1.jpg\" />            Honor oficjalnie zaprezentowa\u0142 w pi\u0105tek smartfon Honor X50 Pro, kt&oacute;ry jak na razie zadebiutowa\u0142 na rynku chi\u0144skim. Telefon wyposa\u017cono m.in. w wy\u015bwietlacz OLED i niestety starszy ju\u017c procesor Qualcomma, kt&oacute;ry niegdy\u015b zaliczano do...\n            <p>Pe\u0142na wersja strony <a href=\"https://ithardware.pl/aktualnosci/honor_x50_pro_oficjalnie_smartfon_z_ex_flagowym_procesorem_na_pokladzie-30921.html\">https://ithardware.pl/aktualnosci/honor_x50_pro_oficjalnie_smartfon_z_ex_flagowym_procesorem_na_pokladzie-30921.html</a></p>", "link": "https://ithardware.pl/aktualnosci/honor_x50_pro_oficjalnie_smartfon_z_ex_flagowym_procesorem_na_pokladzie-30921.html", "date_published": "2024-01-01T22:14:00+00:00", "permanent": false, "bookmarked": false, "dead": false, "artist": "IT hardware PL", "album": "IT hardware PL", "user": null, "language": "pl-PL", "thumbnail": "https://ithardware.pl/img/ith_icon_144.png", "age": null, "page_rating_contents": 0, "page_rating_votes": 0, "page_rating_visits": 0, "page_rating": 0, "tags": [], "comments": [], "vote": 0}, {"source": "https://ithardware.pl/feed", "title": "Microsoft przygotowuje kontroler, kt\u00f3ry przypomina Joy-cony od Nintendo Switch", "description": "<img src=\"https://ithardware.pl/artykuly/min/30920_1.jpg\" />            Nintendo Switch posiada ciekawie przemy\u015blany kontroler, kt&oacute;ry idealnie wsp&oacute;\u0142gra z sam\u0105 konsol\u0105 i zale\u017cnie od danej potrzeby mo\u017ce stanowi\u0107 cz\u0119\u015b\u0107 sprz\u0119tu. Jak si\u0119 okazuje patent japo\u0144skiego producenta mo\u017ce wykorzysta\u0107...\n            <p>Pe\u0142na wersja strony <a href=\"https://ithardware.pl/aktualnosci/microsoft_przygotowuje_kontroler_ktory_przypomina_joy_cony_od_nintendo_switch-30920.html\">https://ithardware.pl/aktualnosci/microsoft_przygotowuje_kontroler_ktory_przypomina_joy_cony_od_nintendo_switch-30920.html</a></p>", "link": "https://ithardware.pl/aktualnosci/microsoft_przygotowuje_kontroler_ktory_przypomina_joy_cony_od_nintendo_switch-30920.html", "date_published": "2024-01-01T19:01:06+00:00", "permanent": false, "bookmarked": false, "dead": false, "artist": "IT hardware PL", "album": "IT hardware PL", "user": null, "language": "pl-PL", "thumbnail": "https://ithardware.pl/img/ith_icon_144.png", "age": null, "page_rating_contents": 0, "page_rating_votes": 0, "page_rating_visits": 0, "page_rating": 0, "tags": [], "comments": [], "vote": 0}, {"source": "https://ithardware.pl/feed", "title": "Poznali\u015bmy kolejne hity, kt\u00f3re Epic Games Store mo\u017ce rozda\u0107", "description": "<img src=\"https://ithardware.pl/artykuly/min/30919_1.jpg\" />            Marvel's Guardians of the Galaxy wbrew wcze\u015bniejszym spekulacjom nie by\u0142r rozdawany przez Epic Games Store w ostatni dzie\u0144 2023 roku. Nic straconego, bowiem w sieci udost\u0119pniono list\u0119 potencjalnych gier, kt&oacute;re b\u0119d\u0105 dost\u0119pne bezp\u0142atnie...\n            <p>Pe\u0142na wersja strony <a href=\"https://ithardware.pl/aktualnosci/poznalismy_kolejne_hity_ktore_epic_games_store_moze_rozdac-30919.html\">https://ithardware.pl/aktualnosci/poznalismy_kolejne_hity_ktore_epic_games_store_moze_rozdac-30919.html</a></p>", "link": "https://ithardware.pl/aktualnosci/poznalismy_kolejne_hity_ktore_epic_games_store_moze_rozdac-30919.html", "date_published": "2024-01-01T15:26:13+00:00", "permanent": false, "bookmarked": false, "dead": false, "artist": "IT hardware PL", "album": "IT hardware PL", "user": null, "language": "pl-PL", "thumbnail": "https://ithardware.pl/img/ith_icon_144.png", "age": null, "page_rating_contents": 0, "page_rating_votes": 0, "page_rating_visits": 0, "page_rating": 0, "tags": [], "comments": [], "vote": 0}]