[{"source": "https://japantoday.com/feed", "title": "Woman dies after being found beaten on street in Kitakyushu", "description": "A woman died Monday morning after she was found collapsed on a street in Kitakyushu on Sunday night.\nA passerby called 110 at around 9:55 p.m. Sunday and\u2026", "link": "https://japantoday.com/category/crime/woman-dies-after-being-found-beaten-on-street-in-kitakyushu", "date_published": "2024-01-01T21:01:56+00:00", "permanent": false, "bookmarked": false, "dead": false, "artist": "Japan Today", "album": "Japan Today", "user": null, "language": "en", "thumbnail": null, "age": null, "page_rating_contents": 0, "page_rating_votes": 0, "page_rating_visits": 0, "page_rating": 0, "tags": [], "comments": [], "vote": 0}, {"source": "https://japantoday.com/feed", "title": "Mayor says buses of migrants bound for NY are being dropped off at NJ train stations", "description": "A New Jersey mayor says buses of migrants bound for New York City have been stopping at the train station in his town and others in an apparent\u2026", "link": "https://japantoday.com/category/world/nj-mayor-says-buses-of-migrants-bound-for-ny-are-being-dropped-off-at-nj-train-stations", "date_published": "2024-01-01T21:00:42+00:00", "permanent": false, "bookmarked": false, "dead": false, "artist": "Japan Today", "album": "Japan Today", "user": null, "language": "en", "thumbnail": null, "age": null, "page_rating_contents": 0, "page_rating_votes": 0, "page_rating_visits": 0, "page_rating": 0, "tags": [], "comments": [], "vote": 0}, {"source": "https://japantoday.com/feed", "title": "Bangladesh court sentences Nobel laureate Yunus to 6 months in jail for violating labor laws", "description": "A labor court in Bangladesh\u2019s capital sentenced Monday Nobel Peace Prize winner Muhammad Yunus to six months in jail for violating the country\u2019s labor laws.\nYunus, who pioneered\u2026", "link": "https://japantoday.com/category/world/bangladesh-court-sentences-nobel-laureate-yunus-to-6-months-in-jail-for-violating-labor-laws", "date_published": "2024-01-01T21:00:36+00:00", "permanent": false, "bookmarked": false, "dead": false, "artist": "Japan Today", "album": "Japan Today", "user": null, "language": "en", "thumbnail": null, "age": null, "page_rating_contents": 0, "page_rating_votes": 0, "page_rating_visits": 0, "page_rating": 0, "tags": [], "comments": [], "vote": 0}, {"source": "https://japantoday.com/feed", "title": "3 killed, several wounded in separate shootings early on New Year's Day in Los Angeles area", "description": "A woman was killed and four people were wounded in a Los Angeles County shooting shortly after the arrival of the new year, police said.\nOfficers from the\u2026", "link": "https://japantoday.com/category/world/early-morning-shooting-kills-woman-and-wounds-4-others-in-los-angeles-county", "date_published": "2024-01-01T21:00:28+00:00", "permanent": false, "bookmarked": false, "dead": false, "artist": "Japan Today", "album": "Japan Today", "user": null, "language": "en", "thumbnail": null, "age": null, "page_rating_contents": 0, "page_rating_votes": 0, "page_rating_visits": 0, "page_rating": 0, "tags": [], "comments": [], "vote": 0}, {"source": "https://japantoday.com/feed", "title": "Russia launches record number of drones in Ukraine, as Putin says Moscow will intensify its attacks", "description": "Russia launched a record 90 Shahed-type drones across Ukraine during the early hours of the new year, and Russian President Vladimir Putin said his country would \u201cintensify\u201d its\u2026", "link": "https://japantoday.com/category/world/russia-launches-record-number-of-drones-across-ukraine-as-moscow-and-kyiv-continue-aerial-attacks", "date_published": "2024-01-01T21:00:16+00:00", "permanent": false, "bookmarked": false, "dead": false, "artist": "Japan Today", "album": "Japan Today", "user": null, "language": "en", "thumbnail": null, "age": null, "page_rating_contents": 0, "page_rating_votes": 0, "page_rating_visits": 0, "page_rating": 0, "tags": [], "comments": [], "vote": 0}, {"source": "https://japantoday.com/feed", "title": "Israel pulling thousands of troops from Gaza as combat focuses on enclave's main southern city", "description": "Thousands of Israeli soldiers are being shifted out of the Gaza Strip, the military said Monday, in the first significant drawdown of troops since the war began as\u2026", "link": "https://japantoday.com/category/world/israel-is-pulling-thousands-of-troops-from-gaza-as-combat-focuses-on-enclave%27s-main-southern-city", "date_published": "2024-01-01T21:00:01+00:00", "permanent": false, "bookmarked": false, "dead": false, "artist": "Japan Today", "album": "Japan Today", "user": null, "language": "en", "thumbnail": null, "age": null, "page_rating_contents": 0, "page_rating_votes": 0, "page_rating_visits": 0, "page_rating": 0, "tags": [], "comments": [], "vote": 0}, {"source": "https://japantoday.com/feed", "title": "Countdown begins on PSG star Kylian Mbapp\u00e9's future. Real Madrid and Liverpool possible destinations", "description": "As the New Year begins, so does the countdown on Kylian Mbapp\u00e9's future.\nIt promises to be a nervous start to 2024 for Paris Saint-Germain and its fans\u2026", "link": "https://japantoday.com/category/sports/countdown-begins-on-psg-star-kylian-mbappe%27s-future.-real-madrid-and-liverpool-possible-destinations", "date_published": "2024-01-01T20:59:42+00:00", "permanent": false, "bookmarked": false, "dead": false, "artist": "Japan Today", "album": "Japan Today", "user": null, "language": "en", "thumbnail": null, "age": null, "page_rating_contents": 0, "page_rating_votes": 0, "page_rating_visits": 0, "page_rating": 0, "tags": [], "comments": [], "vote": 0}, {"source": "https://japantoday.com/feed", "title": "Poland is into the United Cup quarterfinals; Norway beats Croatia but playoff chances uncertain", "description": "No. 1-ranked Iga Swiatek led Poland into the quarterfinals of the United Cup mixed teams tennis tournament on Monday, winning both her singles and doubles matches.\nSwiatek took\u2026", "link": "https://japantoday.com/category/sports/poland-is-into-the-united-cup-quarterfinals-norway-beats-croatia-but-playoff-chances-uncertain", "date_published": "2024-01-01T20:59:34+00:00", "permanent": false, "bookmarked": false, "dead": false, "artist": "Japan Today", "album": "Japan Today", "user": null, "language": "en", "thumbnail": null, "age": null, "page_rating_contents": 0, "page_rating_votes": 0, "page_rating_visits": 0, "page_rating": 0, "tags": [], "comments": [], "vote": 0}, {"source": "https://japantoday.com/feed", "title": "Japan call on Mitoma to help erase Asian Cup 'frustration'", "description": "Brighton winger Kaoru Mitoma was named in Japan's Asian Cup squad on Monday despite an ankle injury, as coach Hajime Moriyasu looks to erase the &quot;frustration&quot; of their\u2026", "link": "https://japantoday.com/category/sports/japan-call-on-mitoma-to-help-erase-asian-cup-%27frustration%27", "date_published": "2024-01-01T20:59:22+00:00", "permanent": false, "bookmarked": false, "dead": false, "artist": "Japan Today", "album": "Japan Today", "user": null, "language": "en", "thumbnail": null, "age": null, "page_rating_contents": 0, "page_rating_votes": 0, "page_rating_visits": 0, "page_rating": 0, "tags": [], "comments": [], "vote": 0}, {"source": "https://japantoday.com/feed", "title": "China's manufacturing activity slows in December in latest sign the economy is still struggling", "description": "A survey of factory managers in China shows that manufacturing contracted in December in the latest sign the world\u2019s No. 2 economy remains sluggish. \nThe official purchasing managers\u2026", "link": "https://japantoday.com/category/business/china%27s-manufacturing-activity-slows-in-december-in-latest-sign-the-economy-is-still-struggling", "date_published": "2024-01-01T20:58:39+00:00", "permanent": false, "bookmarked": false, "dead": false, "artist": "Japan Today", "album": "Japan Today", "user": null, "language": "en", "thumbnail": null, "age": null, "page_rating_contents": 0, "page_rating_votes": 0, "page_rating_visits": 0, "page_rating": 0, "tags": [], "comments": [], "vote": 0}, {"source": "https://japantoday.com/feed", "title": "Emperor's New Year greeting event canceled due to quake", "description": "The Japanese Imperial Household Agency has canceled a public New Year greeting event planned for Tuesday to be attended by Emperor Naruhito and his family members in the\u2026", "link": "https://japantoday.com/category/national/japan-emperor%27s-new-year-greeting-event-canceled-due-to-quake", "date_published": "2024-01-01T20:56:14+00:00", "permanent": false, "bookmarked": false, "dead": false, "artist": "Japan Today", "album": "Japan Today", "user": null, "language": "en", "thumbnail": null, "age": null, "page_rating_contents": 0, "page_rating_votes": 0, "page_rating_visits": 0, "page_rating": 0, "tags": [], "comments": [], "vote": 0}, {"source": "https://japantoday.com/feed", "title": "4 dead, others trapped in collapsed houses after M7.6 quake rocks central Japan", "description": "An earthquake with a preliminary magnitude of 7.6 rocked a wide area on the Sea of Japan coast Monday, killing at least four people and triggering tsunami and\u2026", "link": "https://japantoday.com/category/national/update6-m7.6-quake-rocks-central-japan-killing-4-triggering-tsunami", "date_published": "2024-01-01T20:55:57+00:00", "permanent": false, "bookmarked": false, "dead": false, "artist": "Japan Today", "album": "Japan Today", "user": null, "language": "en", "thumbnail": null, "age": null, "page_rating_contents": 0, "page_rating_votes": 0, "page_rating_visits": 0, "page_rating": 0, "tags": [], "comments": [], "vote": 0}, {"source": "https://japantoday.com/feed", "title": "Special delivery", "description": "A postal worker, left, in a uniform worn by Meiji-era mailmen delivers New Year's greeting cards in Tokyo on Monday.", "link": "https://japantoday.com/category/picture-of-the-day/special-delivery-4", "date_published": "2024-01-01T20:54:29+00:00", "permanent": false, "bookmarked": false, "dead": false, "artist": "Japan Today", "album": "Japan Today", "user": null, "language": "en", "thumbnail": null, "age": null, "page_rating_contents": 0, "page_rating_votes": 0, "page_rating_visits": 0, "page_rating": 0, "tags": [], "comments": [], "vote": 0}, {"source": "https://japantoday.com/feed", "title": "M7.4 quake strikes central Japan; tsunami warning issued", "description": "An earthquake with a preliminary magnitude of 7.4 hit north central Japan at 4:10 p.m. on Monday, public broadcaster NHK said.\nThe\u00a0Japan\u00a0Meteorological Agency issued a tsunami warning along\u2026", "link": "https://japantoday.com/category/national/magnitude-7.4-earthquake-strikes-japan-tsunami-warning-issued", "date_published": "2024-01-01T07:47:59+00:00", "permanent": false, "bookmarked": false, "dead": false, "artist": "Japan Today", "album": "Japan Today", "user": null, "language": "en", "thumbnail": null, "age": null, "page_rating_contents": 0, "page_rating_votes": 0, "page_rating_visits": 0, "page_rating": 0, "tags": [], "comments": [], "vote": 0}, {"source": "https://japantoday.com/feed", "title": "Crowds flock to shrines across Japan to celebrate New Year", "description": "Hundreds of thousands of people visited shrines across Japan to welcome the new year on Monday. It was the first time since 2019 that no COVID restrictions were\u2026", "link": "https://japantoday.com/category/national/Crowds-flock-to-shrines-across-Japan-to-celebrate-New-Year", "date_published": "2024-01-01T07:39:05+00:00", "permanent": false, "bookmarked": false, "dead": false, "artist": "Japan Today", "album": "Japan Today", "user": null, "language": "en", "thumbnail": null, "age": null, "page_rating_contents": 0, "page_rating_votes": 0, "page_rating_visits": 0, "page_rating": 0, "tags": [], "comments": [], "vote": 0}, {"source": "https://japantoday.com/feed", "title": "Kishida says Japan will play leading diplomatic role in 'tense' 2024", "description": "Japanese Prime Minister Fumio Kishida vowed Monday to put Japan at the forefront of global affairs in a &quot;tense&quot; 2024 that will see several important events, including the\u2026", "link": "https://japantoday.com/category/politics/pm-kishida-says-japan-to-play-leading-diplomatic-role-in-tense-2024", "date_published": "2024-01-01T07:37:00+00:00", "permanent": false, "bookmarked": false, "dead": false, "artist": "Japan Today", "album": "Japan Today", "user": null, "language": "en", "thumbnail": null, "age": null, "page_rating_contents": 0, "page_rating_votes": 0, "page_rating_visits": 0, "page_rating": 0, "tags": [], "comments": [], "vote": 0}, {"source": "https://japantoday.com/feed", "title": "Emperor hopes for compassion in 2024 amid wars, disasters", "description": "Emperor Naruhito in his New Year address released Monday expressed hope that people will continue to support each other with compassion in the coming year, while noting how\u2026", "link": "https://japantoday.com/category/national/japan-emperor-hopes-for-compassion-in-2024-amid-wars-disasters", "date_published": "2024-01-01T07:36:39+00:00", "permanent": false, "bookmarked": false, "dead": false, "artist": "Japan Today", "album": "Japan Today", "user": null, "language": "en", "thumbnail": null, "age": null, "page_rating_contents": 0, "page_rating_votes": 0, "page_rating_visits": 0, "page_rating": 0, "tags": [], "comments": [], "vote": 0}, {"source": "https://japantoday.com/feed", "title": "Heavy rains in Australia's east bring more pain to storm-hit residents", "description": "Heavy rains lashed parts of Australia's east on Monday, triggering flash flooding, inundating roads and bringing more pain for some residents reeling after the intense thunderstorms that hit\u2026", "link": "https://japantoday.com/category/world/heavy-rains-in-australia%27s-east-bring-more-pain-to-storm-hit-residents", "date_published": "2024-01-01T07:08:00+00:00", "permanent": false, "bookmarked": false, "dead": false, "artist": "Japan Today", "album": "Japan Today", "user": null, "language": "en", "thumbnail": null, "age": null, "page_rating_contents": 0, "page_rating_votes": 0, "page_rating_visits": 0, "page_rating": 0, "tags": [], "comments": [], "vote": 0}, {"source": "https://japantoday.com/feed", "title": "N Korean leader Kim says military should 'thoroughly annihilate' U.S., S Korea if provoked", "description": "North Korean leader Kim Jong Un said his military should \u201cthoroughly annihilate\u201d the United States and South Korea if provoked, state media reported Monday, after he vowed to\u2026", "link": "https://japantoday.com/category/world/north-korea%27s-kim-orders-military-to-%27thoroughly-annihilate%27-us-south-korea-if-provoked", "date_published": "2024-01-01T07:05:03+00:00", "permanent": false, "bookmarked": false, "dead": false, "artist": "Japan Today", "album": "Japan Today", "user": null, "language": "en", "thumbnail": null, "age": null, "page_rating_contents": 0, "page_rating_votes": 0, "page_rating_visits": 0, "page_rating": 0, "tags": [], "comments": [], "vote": 0}, {"source": "https://japantoday.com/feed", "title": "Naomi Osaka wins her opening match on return to elite tennis at Brisbane International", "description": "Naomi Osaka\u2019s first win at the elite level since becoming a mother didn\u2019t come easily. It did come on Day 1 of the year, though. So that was\u2026", "link": "https://japantoday.com/category/sports/naomi-osaka-wins-her-opening-match-on-return-to-elite-tennis-at-the-brisbane-international", "date_published": "2024-01-01T03:58:16+00:00", "permanent": false, "bookmarked": false, "dead": false, "artist": "Japan Today", "album": "Japan Today", "user": null, "language": "en", "thumbnail": null, "age": null, "page_rating_contents": 0, "page_rating_votes": 0, "page_rating_visits": 0, "page_rating": 0, "tags": [], "comments": [], "vote": 0}, {"source": "https://japantoday.com/feed", "title": "New Year's Eve sweeps across the globe, but wars cast a shadow on 2024", "description": "Revelers counted down to midnight on New Year's Eve across the globe Sunday as fireworks and festive lights offered a hopeful start to 2024 for some, even as\u2026", "link": "https://japantoday.com/category/world/New-Year%27s-Eve-sweeps-across-the-globe-but-wars-cast-a-shadow-on-2024", "date_published": "2024-01-01T01:50:04+00:00", "permanent": false, "bookmarked": false, "dead": false, "artist": "Japan Today", "album": "Japan Today", "user": null, "language": "en", "thumbnail": null, "age": null, "page_rating_contents": 0, "page_rating_votes": 0, "page_rating_visits": 0, "page_rating": 0, "tags": [], "comments": [], "vote": 0}]