[{"source": "https://brazilian.report/feed/", "title": "Scientists discover Amazonian fungi effective against Aedes aegypti mosquitoes", "description": "<p>The post <a href=\"https://brazilian.report/environment/2024/01/01/amazon-aedes-aegypti-mosquitoes/\">Scientists discover Amazonian fungi effective against Aedes aegypti mosquitoes</a> appeared first on <a href=\"https://brazilian.report\">The Brazilian Report</a>.</p>", "link": "https://brazilian.report/environment/2024/01/01/amazon-aedes-aegypti-mosquitoes", "date_published": "2024-01-01T22:43:15+00:00", "permanent": false, "bookmarked": false, "dead": false, "artist": "The Brazilian Report", "album": "The Brazilian Report", "user": null, "language": "en-US", "thumbnail": "https://brazilian.report/wp-content/uploads/2017/10/cropped-favicon-32x32.png", "age": null, "page_rating_contents": 0, "page_rating_votes": 0, "page_rating_visits": 0, "page_rating": 0, "tags": [], "comments": [], "vote": 0}]