[{"source": "https://thehill.com/news/feed", "title": "Harris: Rep. Johnson 'was a visionary, a pioneer, and a fighter'", "description": "Vice President Harris lauded Texas Democrat Eddie Bernice Johnson Monday, the first registered nurse elected to the House of Representatives, who died Sunday at age 88. \"Congresswoman Eddie Bernice Johnson was a visionary, a pioneer, and a fighter,\"\u00a0Harris wrote in a statement. Harris \u2014 the first woman, first Black person and first Indian-American elected to...", "link": "https://thehill.com/homenews/house/4384282-harris-rep-johnson-was-a-visionary-pioneer-fighter", "date_published": "2024-01-01T23:36:38+00:00", "permanent": false, "bookmarked": false, "dead": false, "artist": "The Hill", "album": "The Hill", "user": null, "language": "en-US", "thumbnail": "https://thehill.com/wp-content/uploads/sites/2/2023/03/cropped-favicon-512px-1.png?w=32", "age": null, "page_rating_contents": 0, "page_rating_votes": 0, "page_rating_visits": 0, "page_rating": 0, "tags": [], "comments": [], "vote": 0}, {"source": "https://thehill.com/news/feed", "title": "'Strongest' solar flare since 2017 detected: Here's what to know", "description": "NOAA's Space Weather Prediction Center shared an image of the solar flare, which peaked on New Year's Eve.", "link": "https://thehill.com/homenews/nexstar_media_wire/4384088-strongest-solar-flare-since-2017-detected-heres-what-to-know", "date_published": "2024-01-01T20:39:56+00:00", "permanent": false, "bookmarked": false, "dead": false, "artist": "The Hill", "album": "The Hill", "user": null, "language": "en-US", "thumbnail": "https://thehill.com/wp-content/uploads/sites/2/2023/03/cropped-favicon-512px-1.png?w=32", "age": null, "page_rating_contents": 0, "page_rating_votes": 0, "page_rating_visits": 0, "page_rating": 0, "tags": [], "comments": [], "vote": 0}, {"source": "https://thehill.com/news/feed", "title": "Powerball jackpot reaches $810 million to start 2024: What to know ahead of next drawing", "description": "A Powerball player (or players) could begin 2024 on a high note: the current jackpot has ballooned to an estimated $810 million ahead of Monday's drawing.", "link": "https://thehill.com/homenews/nexstar_media_wire/4383988-powerball-jackpot-reaches-810-million-to-start-2024-what-to-know-ahead-of-next-drawing", "date_published": "2024-01-01T16:50:47+00:00", "permanent": false, "bookmarked": false, "dead": false, "artist": "The Hill", "album": "The Hill", "user": null, "language": "en-US", "thumbnail": "https://thehill.com/wp-content/uploads/sites/2/2023/03/cropped-favicon-512px-1.png?w=32", "age": null, "page_rating_contents": 0, "page_rating_votes": 0, "page_rating_visits": 0, "page_rating": 0, "tags": [], "comments": [], "vote": 0}]