[{"source": "https://epoznan.pl/rss", "title": "Od dzi\u015b wa\u017cna zmiana dla w\u0142a\u015bcicieli samochod\u00f3w!", "description": "Wraz z nowym rokiem wesz\u0142o nowe prawo.", "link": "https://epoznan.pl/news-news-146515-od_dzis_wazna_zmiana_dla_wlascicieli_samochodow?rss=1", "date_published": "2024-01-01T17:00:00+00:00", "permanent": false, "bookmarked": false, "dead": false, "artist": "E Poznan", "album": "E Poznan", "user": null, "language": "pl-PL", "thumbnail": null, "age": null, "page_rating_contents": 0, "page_rating_votes": 0, "page_rating_visits": 0, "page_rating": 0, "tags": [], "comments": [], "vote": 0}, {"source": "https://epoznan.pl/rss", "title": "Baza LPR z Poznania od dzi\u015b pe\u0142ni dy\u017cur ca\u0142odobowy", "description": "1 stycznia 2024 roku w Lotniczym Pogotowiu Ratunkowym zosta\u0142 zrealizowany plan, kt\u00f3ry zak\u0142ada\u0142 funkcjonowanie sze\u015bciu ca\u0142odobowych baz HEMS.", "link": "https://epoznan.pl/news-news-146514-baza_lpr_z_poznania_od_dzis_pelni_dyzur_calodobowy?rss=1", "date_published": "2024-01-01T16:30:00+00:00", "permanent": false, "bookmarked": false, "dead": false, "artist": "E Poznan", "album": "E Poznan", "user": null, "language": "pl-PL", "thumbnail": null, "age": null, "page_rating_contents": 0, "page_rating_votes": 0, "page_rating_visits": 0, "page_rating": 0, "tags": [], "comments": [], "vote": 0}, {"source": "https://epoznan.pl/rss", "title": "Szukaj\u0105 tego m\u0119\u017cczyzny. Rozpoznajesz?", "description": "Sprawa dotyczy kradzie\u017cy.", "link": "https://epoznan.pl/news-news-146513-szukaja_tego_mezczyzny_rozpoznajesz?rss=1", "date_published": "2024-01-01T16:00:00+00:00", "permanent": false, "bookmarked": false, "dead": false, "artist": "E Poznan", "album": "E Poznan", "user": null, "language": "pl-PL", "thumbnail": null, "age": null, "page_rating_contents": 0, "page_rating_votes": 0, "page_rating_visits": 0, "page_rating": 0, "tags": [], "comments": [], "vote": 0}, {"source": "https://epoznan.pl/rss", "title": "Zamiast 500 plus jest 800 plus. Pierwsze przelewy s\u0105 ju\u017c na kontach", "description": "Od 1 stycznia 2024 roku kwota \u015bwiadczenia wychowawczego zostanie podniesiona z 500 z\u0142 do 800 z\u0142.", "link": "https://epoznan.pl/news-news-146512-zamiast_500_plus_jest_800_plus_pierwsze_przelewy_sa_juz_na_kontach?rss=1", "date_published": "2024-01-01T15:45:00+00:00", "permanent": false, "bookmarked": false, "dead": false, "artist": "E Poznan", "album": "E Poznan", "user": null, "language": "pl-PL", "thumbnail": null, "age": null, "page_rating_contents": 0, "page_rating_votes": 0, "page_rating_visits": 0, "page_rating": 0, "tags": [], "comments": [], "vote": 0}, {"source": "https://epoznan.pl/rss", "title": "Policjanci weszli do domu 74-latka. Podejrzenia si\u0119 sprawdzi\u0142y", "description": "Znaleziono nielegalny towar.", "link": "https://epoznan.pl/news-news-146511-policjanci_weszli_do_domu_74_latka_podejrzenia_sie_sprawdzily?rss=1", "date_published": "2024-01-01T15:30:00+00:00", "permanent": false, "bookmarked": false, "dead": false, "artist": "E Poznan", "album": "E Poznan", "user": null, "language": "pl-PL", "thumbnail": null, "age": null, "page_rating_contents": 0, "page_rating_votes": 0, "page_rating_visits": 0, "page_rating": 0, "tags": [], "comments": [], "vote": 0}, {"source": "https://epoznan.pl/rss", "title": "Wyj\u0105tkowe propozycje za jedyn\u0105 z\u0142ot\u00f3wk\u0119 w na obiektach POSiR. Niebawem ruszaj\u0105 zapisy!", "description": "Cz\u0119\u015b\u0107 oferty skierowana jest nie tylko do poznanianek i poznaniak\u00f3w 60+ , ale tak\u017ce do ich wnuk\u00f3w.", "link": "https://epoznan.pl/news-news-146510-wyjatkowe_propozycje_za_jedyna_zlotowke_w_na_obiektach_posir_niebawem_ruszaja_zapisy?rss=1", "date_published": "2024-01-01T15:15:00+00:00", "permanent": false, "bookmarked": false, "dead": false, "artist": "E Poznan", "album": "E Poznan", "user": null, "language": "pl-PL", "thumbnail": null, "age": null, "page_rating_contents": 0, "page_rating_votes": 0, "page_rating_visits": 0, "page_rating": 0, "tags": [], "comments": [], "vote": 0}, {"source": "https://epoznan.pl/rss", "title": "Wyj\u0105tkowe propozycje za z\u0142ot\u00f3wk\u0119 w na obiektach POSiR. Niebawem ruszaj\u0105 zapisy!", "description": "Cz\u0119\u015b\u0107 oferty skierowana jest nie tylko do poznanianek i poznaniak\u00f3w 60+ , ale tak\u017ce do ich wnuk\u00f3w.", "link": "https://epoznan.pl/news-news-146510-wyjatkowe_propozycje_za_zlotowke_w_na_obiektach_posir_niebawem_ruszaja_zapisy?rss=1", "date_published": "2024-01-01T15:15:00+00:00", "permanent": false, "bookmarked": false, "dead": false, "artist": "E Poznan", "album": "E Poznan", "user": null, "language": "pl-PL", "thumbnail": null, "age": null, "page_rating_contents": 0, "page_rating_votes": 0, "page_rating_visits": 0, "page_rating": 0, "tags": [], "comments": [], "vote": 0}, {"source": "https://epoznan.pl/rss", "title": "Pierwszy d\u0142ugi weekend w 2024 roku nie tak szybko. Kiedy dni wolne?", "description": "Je\u015bli uda si\u0119 wzi\u0105\u0107 kilka dodatkowych dni wolnych w tym roku, mo\u017cna zyska\u0107 sporo czasu na wypoczynek.", "link": "https://epoznan.pl/news-news-146509-pierwszy_dlugi_weekend_w_2024_roku_nie_tak_szybko_kiedy_dni_wolne?rss=1", "date_published": "2024-01-01T15:00:00+00:00", "permanent": false, "bookmarked": false, "dead": false, "artist": "E Poznan", "album": "E Poznan", "user": null, "language": "pl-PL", "thumbnail": null, "age": null, "page_rating_contents": 0, "page_rating_votes": 0, "page_rating_visits": 0, "page_rating": 0, "tags": [], "comments": [], "vote": 0}, {"source": "https://epoznan.pl/rss", "title": "Mieszka\u0144cy podpozna\u0144skiej gminy w poniedzia\u0142ek efektownie powitaj\u0105 Nowy Rok", "description": "To ju\u017c tradycja.", "link": "https://epoznan.pl/news-news-146507-mieszkancy_podpoznanskiej_gminy_w_poniedzialek_efektownie_powitaja_nowy_rok?rss=1", "date_published": "2024-01-01T14:30:00+00:00", "permanent": false, "bookmarked": false, "dead": false, "artist": "E Poznan", "album": "E Poznan", "user": null, "language": "pl-PL", "thumbnail": null, "age": null, "page_rating_contents": 0, "page_rating_votes": 0, "page_rating_visits": 0, "page_rating": 0, "tags": [], "comments": [], "vote": 0}, {"source": "https://epoznan.pl/rss", "title": "Zagin\u0105\u0142 20-latek!", "description": "Od nocy nie kontaktowa\u0142 si\u0119 z bliskimi.", "link": "https://epoznan.pl/news-news-146508-zaginal_20_latek?rss=1", "date_published": "2024-01-01T14:00:00+00:00", "permanent": false, "bookmarked": false, "dead": false, "artist": "E Poznan", "album": "E Poznan", "user": null, "language": "pl-PL", "thumbnail": null, "age": null, "page_rating_contents": 0, "page_rating_votes": 0, "page_rating_visits": 0, "page_rating": 0, "tags": [], "comments": [], "vote": 0}, {"source": "https://epoznan.pl/rss", "title": "Mo\u017ce by\u0107 g\u0142o\u015bno w Poznaniu i okolicach. R\u00f3wnie\u017c w nocy!", "description": "Centrum Szkolenia Wojsk L\u0105dowych w Poznaniu poinformowa\u0142o o zaplanowanych \u0107wiczeniach na poligonie w Biedrusku.", "link": "https://epoznan.pl/news-news-146506-moze_byc_glosno_w_poznaniu_i_okolicach_rowniez_w_nocy?rss=1", "date_published": "2024-01-01T13:30:00+00:00", "permanent": false, "bookmarked": false, "dead": false, "artist": "E Poznan", "album": "E Poznan", "user": null, "language": "pl-PL", "thumbnail": null, "age": null, "page_rating_contents": 0, "page_rating_votes": 0, "page_rating_visits": 0, "page_rating": 0, "tags": [], "comments": [], "vote": 0}, {"source": "https://epoznan.pl/rss", "title": "Przez miesi\u0105c mo\u017ce by\u0107 g\u0142o\u015bno w Poznaniu i okolicach. R\u00f3wnie\u017c w nocy!", "description": "Centrum Szkolenia Wojsk L\u0105dowych w Poznaniu poinformowa\u0142o o zaplanowanych \u0107wiczeniach na poligonie w Biedrusku.", "link": "https://epoznan.pl/news-news-146506-przez_miesiac_moze_byc_glosno_w_poznaniu_i_okolicach_rowniez_w_nocy?rss=1", "date_published": "2024-01-01T13:30:00+00:00", "permanent": false, "bookmarked": false, "dead": false, "artist": "E Poznan", "album": "E Poznan", "user": null, "language": "pl-PL", "thumbnail": null, "age": null, "page_rating_contents": 0, "page_rating_votes": 0, "page_rating_visits": 0, "page_rating": 0, "tags": [], "comments": [], "vote": 0}, {"source": "https://epoznan.pl/rss", "title": "Pracowita noc. W Sylwestra pozna\u0144skie pogotowie wyje\u017cd\u017ca\u0142o ponad 140 razy", "description": "Tradycyjnie w Sylwestrow\u0105 noc o wiele wi\u0119cej pracy maj\u0105 zespo\u0142y ratownictwa medycznego.", "link": "https://epoznan.pl/news-news-146505-pracowita_noc_w_sylwestra_poznanskie_pogotowie_wyjezdzalo_ponad_140_razy?rss=1", "date_published": "2024-01-01T13:00:00+00:00", "permanent": false, "bookmarked": false, "dead": false, "artist": "E Poznan", "album": "E Poznan", "user": null, "language": "pl-PL", "thumbnail": null, "age": null, "page_rating_contents": 0, "page_rating_votes": 0, "page_rating_visits": 0, "page_rating": 0, "tags": [], "comments": [], "vote": 0}, {"source": "https://epoznan.pl/rss", "title": "Niemowl\u0119 z p\u0119kni\u0119t\u0105 czaszk\u0105 trafi\u0142o do pozna\u0144skiego szpitala. Dzi\u015b przes\u0142uchiwani s\u0105 rodzice", "description": "Jest prokuratorskie \u015bledztwo.", "link": "https://epoznan.pl/news-news-146504-niemowle_z_peknieta_czaszka_trafilo_do_poznanskiego_szpitala_dzis_przesluchiwani_sa_rodzice?rss=1", "date_published": "2024-01-01T12:30:00+00:00", "permanent": false, "bookmarked": false, "dead": false, "artist": "E Poznan", "album": "E Poznan", "user": null, "language": "pl-PL", "thumbnail": null, "age": null, "page_rating_contents": 0, "page_rating_votes": 0, "page_rating_visits": 0, "page_rating": 0, "tags": [], "comments": [], "vote": 0}, {"source": "https://epoznan.pl/rss", "title": "Niemowl\u0119 z p\u0119kni\u0119t\u0105 czaszk\u0105 trafi\u0142o do pozna\u0144skiego szpitala. Jest prokuratorskie \u015bledztwo", "description": "Przes\u0142uchiwani s\u0105 rodzice dziewczynki.", "link": "https://epoznan.pl/news-news-146504-niemowle_z_peknieta_czaszka_trafilo_do_poznanskiego_szpitala_jest_prokuratorskie_sledztwo?rss=1", "date_published": "2024-01-01T12:30:00+00:00", "permanent": false, "bookmarked": false, "dead": false, "artist": "E Poznan", "album": "E Poznan", "user": null, "language": "pl-PL", "thumbnail": null, "age": null, "page_rating_contents": 0, "page_rating_votes": 0, "page_rating_visits": 0, "page_rating": 0, "tags": [], "comments": [], "vote": 0}, {"source": "https://epoznan.pl/rss", "title": "Sie\u0107 popularnych supermarket\u00f3w wycofuje dwa produkty. Mo\u017cna je przynosi\u0107 do sklep\u00f3w!", "description": "", "link": "https://epoznan.pl/news-news-146503-siec_popularnych_supermarketow_wycofuje_dwa_produkty_mozna_je_przynosic_do_sklepow?rss=1", "date_published": "2024-01-01T11:30:00+00:00", "permanent": false, "bookmarked": false, "dead": false, "artist": "E Poznan", "album": "E Poznan", "user": null, "language": "pl-PL", "thumbnail": null, "age": null, "page_rating_contents": 0, "page_rating_votes": 0, "page_rating_visits": 0, "page_rating": 0, "tags": [], "comments": [], "vote": 0}, {"source": "https://epoznan.pl/rss", "title": "Pierwsi poznaniacy urodzeni w 2024 roku!", "description": "Pierwsza urodzi\u0142a si\u0119 dziewczynka.", "link": "https://epoznan.pl/news-news-146502-pierwsi_poznaniacy_urodzeni_w_2024_roku?rss=1", "date_published": "2024-01-01T11:00:00+00:00", "permanent": false, "bookmarked": false, "dead": false, "artist": "E Poznan", "album": "E Poznan", "user": null, "language": "pl-PL", "thumbnail": null, "age": null, "page_rating_contents": 0, "page_rating_votes": 0, "page_rating_visits": 0, "page_rating": 0, "tags": [], "comments": [], "vote": 0}, {"source": "https://epoznan.pl/rss", "title": "M\u0119\u017cczyzna spad\u0142 z mostu Jordana", "description": "Zosta\u0142 podj\u0119ty z wody.", "link": "https://epoznan.pl/news-news-146501-mezczyzna_spadl_z_mostu_jordana?rss=1", "date_published": "2024-01-01T10:45:00+00:00", "permanent": false, "bookmarked": false, "dead": false, "artist": "E Poznan", "album": "E Poznan", "user": null, "language": "pl-PL", "thumbnail": null, "age": null, "page_rating_contents": 0, "page_rating_votes": 0, "page_rating_visits": 0, "page_rating": 0, "tags": [], "comments": [], "vote": 0}, {"source": "https://epoznan.pl/rss", "title": "Od dzi\u015b zmieni\u0142y si\u0119 nazwy przystank\u00f3w. Dwa z nich znalaz\u0142y si\u0119  innej strefie biletowej", "description": "10 przystank\u00f3w w transporcie organizowanym przez ZTM Pozna\u0144 od dzi\u015b b\u0119dzie mia\u0142o inne nazwy.", "link": "https://epoznan.pl/news-news-146500-od_dzis_zmienily_sie_nazwy_przystankow_dwa_z_nich_znalazly_sie_innej_strefie_biletowej?rss=1", "date_published": "2024-01-01T10:30:00+00:00", "permanent": false, "bookmarked": false, "dead": false, "artist": "E Poznan", "album": "E Poznan", "user": null, "language": "pl-PL", "thumbnail": null, "age": null, "page_rating_contents": 0, "page_rating_votes": 0, "page_rating_visits": 0, "page_rating": 0, "tags": [], "comments": [], "vote": 0}, {"source": "https://epoznan.pl/rss", "title": "Policjanci podsumowali sylwestrow\u0105 noc", "description": "Na razie nie ma informacji, by w Poznaniu i wojew\u00f3dztwie dosz\u0142o do powa\u017cnych zdarze\u0144.", "link": "https://epoznan.pl/news-news-146499-policjanci_podsumowali_sylwestrowa_noc?rss=1", "date_published": "2024-01-01T10:00:00+00:00", "permanent": false, "bookmarked": false, "dead": false, "artist": "E Poznan", "album": "E Poznan", "user": null, "language": "pl-PL", "thumbnail": null, "age": null, "page_rating_contents": 0, "page_rating_votes": 0, "page_rating_visits": 0, "page_rating": 0, "tags": [], "comments": [], "vote": 0}, {"source": "https://epoznan.pl/rss", "title": "Mieszka\u0144cy dw\u00f3ch wielkopolskich miejscowo\u015bci obudzili si\u0119 dzi\u015b w mie\u015bcie", "description": "Od Nowego Roku Polska b\u0119dzie mia\u0142a 1013 miast - o 34 wi\u0119cej ni\u017c do tej pory. W\u015br\u00f3d nich s\u0105 dwie wielkopolskie miejscowo\u015bci.", "link": "https://epoznan.pl/news-news-146498-mieszkancy_dwoch_wielkopolskich_miejscowosci_obudzili_sie_dzis_w_miescie?rss=1", "date_published": "2024-01-01T09:30:00+00:00", "permanent": false, "bookmarked": false, "dead": false, "artist": "E Poznan", "album": "E Poznan", "user": null, "language": "pl-PL", "thumbnail": null, "age": null, "page_rating_contents": 0, "page_rating_votes": 0, "page_rating_visits": 0, "page_rating": 0, "tags": [], "comments": [], "vote": 0}, {"source": "https://epoznan.pl/rss", "title": "Poznaniacy hucznie przywitali Nowy Rok. O p\u00f3\u0142nocy tysi\u0105ce fajerwerk\u00f3w roz\u015bwietli\u0142o niebo nad miastem.", "description": "O p\u00f3\u0142nocy w ka\u017cdej cz\u0119\u015bci miasta by\u0142o g\u0142o\u015bno. T\u0142umy pojawi\u0142y si\u0119 na Starym Rynku i placu Wolno\u015bci.", "link": "https://epoznan.pl/news-news-146496-poznaniacy_hucznie_przywitali_nowy_rok_o_polnocy_tysiace_fajerwerkow_rozswietlilo_niebo_nad_miastem?rss=1", "date_published": "2024-01-01T09:00:00+00:00", "permanent": false, "bookmarked": false, "dead": false, "artist": "E Poznan", "album": "E Poznan", "user": null, "language": "pl-PL", "thumbnail": null, "age": null, "page_rating_contents": 0, "page_rating_votes": 0, "page_rating_visits": 0, "page_rating": 0, "tags": [], "comments": [], "vote": 0}, {"source": "https://epoznan.pl/rss", "title": "Tlenek w\u0119gla zaatakowa\u0142 w Poznaniu. Trwa reanimacja", "description": "S\u0142u\u017cby interweniuj\u0105 przy ul. \u0141ukaszewicza.", "link": "https://epoznan.pl/news-news-146497-tlenek_wegla_zaatakowal_w_poznaniu_trwa_reanimacja?rss=1", "date_published": "2024-01-01T08:45:00+00:00", "permanent": false, "bookmarked": false, "dead": false, "artist": "E Poznan", "album": "E Poznan", "user": null, "language": "pl-PL", "thumbnail": null, "age": null, "page_rating_contents": 0, "page_rating_votes": 0, "page_rating_visits": 0, "page_rating": 0, "tags": [], "comments": [], "vote": 0}, {"source": "https://epoznan.pl/rss", "title": "Stra\u017cacy podsumowuj\u0105 sylwestrow\u0105 noc. Sporo zg\u0142osze\u0144", "description": "Na szcz\u0119\u015bcie nikomu nic powa\u017cnego si\u0119 nie sta\u0142o.", "link": "https://epoznan.pl/news-news-146495-strazacy_podsumowuja_sylwestrowa_noc_sporo_zgloszen?rss=1", "date_published": "2024-01-01T08:30:00+00:00", "permanent": false, "bookmarked": false, "dead": false, "artist": "E Poznan", "album": "E Poznan", "user": null, "language": "pl-PL", "thumbnail": null, "age": null, "page_rating_contents": 0, "page_rating_votes": 0, "page_rating_visits": 0, "page_rating": 0, "tags": [], "comments": [], "vote": 0}]