[{"source": "https://rss.nytimes.com/services/xml/rss/nyt/World.xml", "title": "Peter Magubane, 91, Who Fought Apartheid With His Camera, Is Dead", "description": "He documented the cruelties of white South African rule, and he was made to pay for it, enduring beatings and 586 consecutive days in solitary confinement.", "link": "https://www.nytimes.com/2024/01/01/world/africa/peter-magubane-dead.html", "date_published": "2024-01-01T23:40:01+00:00", "permanent": false, "bookmarked": false, "dead": false, "artist": "NY times", "album": "NY times", "user": null, "language": "en-US", "thumbnail": "https://static01.nyt.com/images/misc/NYT_logo_rss_250x40.png", "age": null, "page_rating_contents": 0, "page_rating_votes": 0, "page_rating_visits": 0, "page_rating": 0, "tags": [], "comments": [], "vote": 0}, {"source": "https://rss.nytimes.com/services/xml/rss/nyt/World.xml", "title": "Israel\u2019s Supreme Court Strikes Down Judiciary Law", "description": "The Supreme Court, by the narrowest of margins, rejected a law pushed by Netanyahu allies that limited its authority to review government decisions.", "link": "https://www.nytimes.com/2024/01/01/world/middleeast/israel-supreme-court-netanyahu.html", "date_published": "2024-01-01T22:08:54+00:00", "permanent": false, "bookmarked": false, "dead": false, "artist": "NY times", "album": "NY times", "user": null, "language": "en-US", "thumbnail": "https://static01.nyt.com/images/misc/NYT_logo_rss_250x40.png", "age": null, "page_rating_contents": 0, "page_rating_votes": 0, "page_rating_visits": 0, "page_rating": 0, "tags": [], "comments": [], "vote": 0}, {"source": "https://rss.nytimes.com/services/xml/rss/nyt/World.xml", "title": "Tuesday Briefing: Israel\u2019s Top Court Rejects Move to Limit It", "description": "Plus New Year\u2019s offerings to the sea in Brazil.", "link": "https://www.nytimes.com/2024/01/01/briefing/israel-judicial-overhaul-japan-earthquake-china-us.html", "date_published": "2024-01-01T20:41:37+00:00", "permanent": false, "bookmarked": false, "dead": false, "artist": "NY times", "album": "NY times", "user": null, "language": "en-US", "thumbnail": "https://static01.nyt.com/images/misc/NYT_logo_rss_250x40.png", "age": null, "page_rating_contents": 0, "page_rating_votes": 0, "page_rating_visits": 0, "page_rating": 0, "tags": [], "comments": [], "vote": 0}, {"source": "https://rss.nytimes.com/services/xml/rss/nyt/World.xml", "title": "Putin Vows to Keep Up Bombardment After a Russian City Is Hit", "description": "President Vladimir V. Putin of Russia says his country will continue targeting Ukrainian cities in retaliation for a deadly attack on the city of Belgorod on Saturday.", "link": "https://www.nytimes.com/2024/01/01/world/europe/ukraine-russia-putin-belgorod.html", "date_published": "2024-01-01T18:09:19+00:00", "permanent": false, "bookmarked": false, "dead": false, "artist": "NY times", "album": "NY times", "user": null, "language": "en-US", "thumbnail": "https://static01.nyt.com/images/misc/NYT_logo_rss_250x40.png", "age": null, "page_rating_contents": 0, "page_rating_votes": 0, "page_rating_visits": 0, "page_rating": 0, "tags": [], "comments": [], "vote": 0}, {"source": "https://rss.nytimes.com/services/xml/rss/nyt/World.xml", "title": "Pope Raises Concerns about Church in Nicaragua", "description": "Speaking at his traditional New Year\u2019s Day message, Francis highlighted the arrests and expulsion of clergy.", "link": "https://www.nytimes.com/2024/01/01/world/europe/nicaragua-pope-francis-church.html", "date_published": "2024-01-01T17:59:47+00:00", "permanent": false, "bookmarked": false, "dead": false, "artist": "NY times", "album": "NY times", "user": null, "language": "en-US", "thumbnail": "https://static01.nyt.com/images/misc/NYT_logo_rss_250x40.png", "age": null, "page_rating_contents": 0, "page_rating_votes": 0, "page_rating_visits": 0, "page_rating": 0, "tags": [], "comments": [], "vote": 0}, {"source": "https://rss.nytimes.com/services/xml/rss/nyt/World.xml", "title": "Israel Plans to Withdraw Some Troops From Gaza", "description": "Reservists from at least two brigades will be sent home this week, and another three brigades will return to Israel for training, the military said.", "link": "https://www.nytimes.com/2024/01/01/world/middleeast/israel-withdraw-troops-gaza.html", "date_published": "2024-01-01T13:44:22+00:00", "permanent": false, "bookmarked": false, "dead": false, "artist": "NY times", "album": "NY times", "user": null, "language": "en-US", "thumbnail": "https://static01.nyt.com/images/misc/NYT_logo_rss_250x40.png", "age": null, "page_rating_contents": 0, "page_rating_votes": 0, "page_rating_visits": 0, "page_rating": 0, "tags": [], "comments": [], "vote": 0}, {"source": "https://rss.nytimes.com/services/xml/rss/nyt/World.xml", "title": "Japan Earthquake: Tsunami Warnings Issued in Japan After Powerful Earthquake", "description": "Waves as high as five meters, or 16 feet, could hit the shores of the Noto region of Ishikawa Prefecture in central Japan, officials warned.", "link": "https://www.nytimes.com/live/2024/01/01/world/japan-quake-noto", "date_published": "2024-01-01T11:36:19+00:00", "permanent": false, "bookmarked": false, "dead": false, "artist": "NY times", "album": "NY times", "user": null, "language": "en-US", "thumbnail": "https://static01.nyt.com/images/misc/NYT_logo_rss_250x40.png", "age": null, "page_rating_contents": 0, "page_rating_votes": 0, "page_rating_visits": 0, "page_rating": 0, "tags": [], "comments": [], "vote": 0}, {"source": "https://rss.nytimes.com/services/xml/rss/nyt/World.xml", "title": "They Said \u2018I Do\u2019 in a Moscow Prison", "description": "She\u2019s 18. He\u2019s 23. He sent her a one-sentence letter through his prison\u2019s electronic mail system: \u201cWill you marry me?\u201d They wed in a small room in a Moscow jail.", "link": "https://www.nytimes.com/2024/01/01/world/europe/russia-prison-wedding-repression.html", "date_published": "2024-01-01T10:01:10+00:00", "permanent": false, "bookmarked": false, "dead": false, "artist": "NY times", "album": "NY times", "user": null, "language": "en-US", "thumbnail": "https://static01.nyt.com/images/misc/NYT_logo_rss_250x40.png", "age": null, "page_rating_contents": 0, "page_rating_votes": 0, "page_rating_visits": 0, "page_rating": 0, "tags": [], "comments": [], "vote": 0}, {"source": "https://rss.nytimes.com/services/xml/rss/nyt/World.xml", "title": "Monday Briefing", "description": "Friction between the U.S. and Israel.", "link": "https://www.nytimes.com/2024/01/01/briefing/israel-relationship-ukraine-denmark.html", "date_published": "2024-01-01T05:49:05+00:00", "permanent": false, "bookmarked": false, "dead": false, "artist": "NY times", "album": "NY times", "user": null, "language": "en-US", "thumbnail": "https://static01.nyt.com/images/misc/NYT_logo_rss_250x40.png", "age": null, "page_rating_contents": 0, "page_rating_votes": 0, "page_rating_visits": 0, "page_rating": 0, "tags": [], "comments": [], "vote": 0}, {"source": "https://rss.nytimes.com/services/xml/rss/nyt/World.xml", "title": "How to Start the New Year? Keep the Sea Goddess Happy.", "description": "Followers of Afro-Brazilian religions have been displaced by New Year\u2019s revelers. But they still find ways to make their offerings to the ocean.", "link": "https://www.nytimes.com/2024/01/01/world/americas/brazil-umbanda-religion-new-years.html", "date_published": "2024-01-01T05:01:27+00:00", "permanent": false, "bookmarked": false, "dead": false, "artist": "NY times", "album": "NY times", "user": null, "language": "en-US", "thumbnail": "https://static01.nyt.com/images/misc/NYT_logo_rss_250x40.png", "age": null, "page_rating_contents": 0, "page_rating_votes": 0, "page_rating_visits": 0, "page_rating": 0, "tags": [], "comments": [], "vote": 0}, {"source": "https://rss.nytimes.com/services/xml/rss/nyt/World.xml", "title": "Half of Gazans Are at Risk of Starving, U.N. Warns", "description": "More than 90 percent of Palestinians in the territory say they have regularly gone without food for a whole day, according to the United Nations.", "link": "https://www.nytimes.com/2024/01/01/world/middleeast/gaza-israel-hunger.html", "date_published": "2024-01-01T05:01:22+00:00", "permanent": false, "bookmarked": false, "dead": false, "artist": "NY times", "album": "NY times", "user": null, "language": "en-US", "thumbnail": "https://static01.nyt.com/images/misc/NYT_logo_rss_250x40.png", "age": null, "page_rating_contents": 0, "page_rating_votes": 0, "page_rating_visits": 0, "page_rating": 0, "tags": [], "comments": [], "vote": 0}]