[{"source": "https://www.rmf24.pl/feed", "title": "Kolejny europejski kraj zalegalizowa\u0142 ma\u0142\u017ce\u0144stwa jednop\u0142ciowe", "description": "<p><a href=\"https://www.rmf24.pl/fakty/swiat/news-kolejny-europejski-kraj-zalegalizowal-malzenstwa-jednoplciow,nId,7243120\"><img align=\"left\" alt=\"Kolejny europejski kraj zalegalizowa\u0142 ma\u0142\u017ce\u0144stwa jednop\u0142ciowe\" src=\"https://interia-s.pluscdn.pl/kolejny-europejski-kraj-zalegalizowal-malzenstwa-jednoplciow/000IBFNLTMND0T46-C307.jpg\" /></a>\u200bNadej\u015bcie nowego roku cz\u0119sto oznacza zmiany. Takowa zasz\u0142a r\u00f3wnie\u017c w Estonii - od 1 stycznia ma\u0142\u017ce\u0144stwa os\u00f3b tej samej p\u0142ci sta\u0142y si\u0119 w tym kraju legalne. Prawo wesz\u0142o w \u017cycie na mocy ustawy przyj\u0119tej przez esto\u0144ski parlament 20 czerwca 2023 roku.</p><br clear=\"all\" />", "link": "https://www.rmf24.pl/fakty/swiat/news-kolejny-europejski-kraj-zalegalizowal-malzenstwa-jednoplciow,nId,7243120", "date_published": "2024-01-01T20:31:51+00:00", "permanent": false, "bookmarked": false, "dead": false, "artist": "RMF24.pl", "album": "RMF24.pl", "user": null, "language": "pl", "thumbnail": "https://www.rmf24.pl/s/classic/Small-rmf24.pl.png", "age": null, "page_rating_contents": 0, "page_rating_votes": 0, "page_rating_visits": 0, "page_rating": 0, "tags": [], "comments": [], "vote": 0}, {"source": "https://www.rmf24.pl/feed", "title": "S\u0105d Najwy\u017cszy uchyli\u0142 kontrowersyjn\u0105 ustaw\u0119 Netanjahu", "description": "<p><a href=\"https://www.rmf24.pl/fakty/swiat/news-izrael-sad-najwyzszy-uchylil-kontrowersyjna-ustawe-netanjahu,nId,7243096\"><img align=\"left\" alt=\"S\u0105d Najwy\u017cszy uchyli\u0142 kontrowersyjn\u0105 ustaw\u0119 Netanjahu\" src=\"https://interia-s.pluscdn.pl/sad-najwyzszy-uchylil-kontrowersyjna-ustawe-netanjahu/000IBFBU34A2F0QQ-C307.jpg\" /></a>Kluczowa dla reformy s\u0105downictwa ustawa, kt\u00f3ra spowodowa\u0142a w Izraelu wielomiesi\u0119czne powszechne protesty, zosta\u0142a uchylona przez izraelski S\u0105d Najwy\u017cszy. Forsowane przez rz\u0105d Benjamina Netanjahu prawo odbiera\u0142o S\u0105dowi Najwy\u017cszemu mo\u017cliwo\u015b\u0107 uchylania decyzji rz\u0105du, je\u015bli zostan\u0105 uznane one za &quot;nieracjonalne&quot;.</p><br clear=\"all\" />", "link": "https://www.rmf24.pl/fakty/swiat/news-izrael-sad-najwyzszy-uchylil-kontrowersyjna-ustawe-netanjahu,nId,7243096", "date_published": "2024-01-01T18:43:35+00:00", "permanent": false, "bookmarked": false, "dead": false, "artist": "RMF24.pl", "album": "RMF24.pl", "user": null, "language": "pl", "thumbnail": "https://www.rmf24.pl/s/classic/Small-rmf24.pl.png", "age": null, "page_rating_contents": 0, "page_rating_votes": 0, "page_rating_visits": 0, "page_rating": 0, "tags": [], "comments": [], "vote": 0}, {"source": "https://www.rmf24.pl/feed", "title": "Wojna pr\u0119dko si\u0119 nie sko\u0144czy. A mo\u017ce to na r\u0119k\u0119 Ukrai\u0144com?", "description": "<p><a href=\"https://www.rmf24.pl/raporty/raport-wojna-z-rosja/news-wojna-predko-sie-nie-skonczy-a-moze-to-na-reke-ukraincom,nId,7243085\"><img align=\"left\" alt=\"Wojna pr\u0119dko si\u0119 nie sko\u0144czy. A mo\u017ce to na r\u0119k\u0119 Ukrai\u0144com?\" src=\"https://interia-s.pluscdn.pl/wojna-predko-sie-nie-skonczy-a-moze-to-na-reke-ukraincom/000IBF8K2OBHKD7U-C307.jpg\" /></a>Pe\u0142noskalowa wojna w Ukrainie trwa ju\u017c prawie dwa lata i ko\u0144ca nie wida\u0107. Jak przekonuj\u0105 brytyjskie \u017ar\u00f3d\u0142a wywiadowcze, obie strony nie s\u0105 w stanie dokona\u0107 istotnego prze\u0142omu na polu bitwy, dlatego nie spodziewajmy si\u0119 rozstrzygni\u0119\u0107 w 2024 roku. Rozwi\u0105zaniem mo\u017ce by\u0107 jednak przeci\u0105gni\u0119cie konfliktu do 2025 roku, ale i ten plan ma pewne wady.</p><br clear=\"all\" />", "link": "https://www.rmf24.pl/raporty/raport-wojna-z-rosja/news-wojna-predko-sie-nie-skonczy-a-moze-to-na-reke-ukraincom,nId,7243085", "date_published": "2024-01-01T18:25:00+00:00", "permanent": false, "bookmarked": false, "dead": false, "artist": "RMF24.pl", "album": "RMF24.pl", "user": null, "language": "pl", "thumbnail": "https://www.rmf24.pl/s/classic/Small-rmf24.pl.png", "age": null, "page_rating_contents": 0, "page_rating_votes": 0, "page_rating_visits": 0, "page_rating": 0, "tags": [], "comments": [], "vote": 0}, {"source": "https://www.rmf24.pl/feed", "title": "Skandaliczne s\u0142owa Pietrzaka. Reaguje Muzeum Auschwitz i minister sprawiedliwo\u015bci", "description": "<p><a href=\"https://www.rmf24.pl/fakty/polska/news-skandaliczne-slowa-jana-pietrzaka-reaguje-muzeum-auschwitz-i,nId,7243082\"><img align=\"left\" alt=\"Skandaliczne s\u0142owa Pietrzaka. Reaguje Muzeum Auschwitz i minister sprawiedliwo\u015bci\" src=\"https://interia-s.pluscdn.pl/skandaliczne-slowa-pietrzaka-reaguje-muzeum-auschwitz-i-mini/000IBF143MTC5RGX-C307.jpg\" /></a>&quot;Poprosi\u0142em Prokuratora Krajowego Dariusza Barskiego o zaj\u0119cie si\u0119 spraw\u0105 wypowiedzi Jana Pietrzaka na antenie Telewizji Republika oraz o wszcz\u0119cie \u015bledztwa&quot; - poinformowa\u0142 minister sprawiedliwo\u015bci Adam Bodnar. &quot;Mamy baraki dla imigrant\u00f3w: w Auschwitz, w Majdanku, w Treblince, w Stutthofie&quot; - m\u00f3wi\u0142 satyryk, zastrzegaj\u0105c jednocze\u015bnie, \u017ce to &quot;okrutny \u017cart&quot;. Muzeum Auschwitz uzna\u0142o jego wypowied\u017a za &quot;zatrwa\u017caj\u0105cy przejaw moralnego oraz intelektualnego zepsucia&quot;.</p><br clear=\"all\" />", "link": "https://www.rmf24.pl/fakty/polska/news-skandaliczne-slowa-jana-pietrzaka-reaguje-muzeum-auschwitz-i,nId,7243082", "date_published": "2024-01-01T17:23:00+00:00", "permanent": false, "bookmarked": false, "dead": false, "artist": "RMF24.pl", "album": "RMF24.pl", "user": null, "language": "pl", "thumbnail": "https://www.rmf24.pl/s/classic/Small-rmf24.pl.png", "age": null, "page_rating_contents": 0, "page_rating_votes": 0, "page_rating_visits": 0, "page_rating": 0, "tags": [], "comments": [], "vote": 0}, {"source": "https://www.rmf24.pl/feed", "title": "Pawe\u0142 Zalewski go\u015bciem Rozmowy o 7:00 w RMF FM i Radiu RMF24", "description": "<p><a href=\"https://www.rmf24.pl/tylko-w-rmf24/rozmowa-o-7/news-pawel-zalewski-gosciem-rozmowy-o-7-00-w-rmf-fm-i-radiu-rmf24,nId,7243076\"><img align=\"left\" alt=\"Pawe\u0142 Zalewski go\u015bciem Rozmowy o 7:00 w RMF FM i Radiu RMF24\" src=\"https://interia-s.pluscdn.pl/pawel-zalewski-gosciem-rozmowy-o-7-00-w-rmf-fm-i-radiu-rmf24/000IBEYU9D5JC4JD-C307.jpg\" /></a>Dlaczego rosyjska rakieta znalaz\u0142a si\u0119 nad Polsk\u0105 i przelecia\u0142a nad naszym terytorium 40 km? Sk\u0105d pewno\u015b\u0107, \u017ce opu\u015bci\u0142a nasze niebo? Czy wojsko i MON b\u0119d\u0105 zawsze nas informowa\u0107, kiedy dojdzie do takiego incydentu? Takie pytania padn\u0105 w Rozmowie o 7:00 w RMF FM i internetowym Radiu RMF24. </p><br clear=\"all\" />", "link": "https://www.rmf24.pl/tylko-w-rmf24/rozmowa-o-7/news-pawel-zalewski-gosciem-rozmowy-o-7-00-w-rmf-fm-i-radiu-rmf24,nId,7243076", "date_published": "2024-01-01T16:32:00+00:00", "permanent": false, "bookmarked": false, "dead": false, "artist": "RMF24.pl", "album": "RMF24.pl", "user": null, "language": "pl", "thumbnail": "https://www.rmf24.pl/s/classic/Small-rmf24.pl.png", "age": null, "page_rating_contents": 0, "page_rating_votes": 0, "page_rating_visits": 0, "page_rating": 0, "tags": [], "comments": [], "vote": 0}, {"source": "https://www.rmf24.pl/feed", "title": "Putin grozi Ukrai\u0144com. Zapowiedzia\u0142 nasilenie atak\u00f3w", "description": "<p><a href=\"https://www.rmf24.pl/raporty/raport-wojna-z-rosja/news-putin-grozi-ukraincom-zapowiedzial-nasilenie-atakow,nId,7243070\"><img align=\"left\" alt=\"Putin grozi Ukrai\u0144com. Zapowiedzia\u0142 nasilenie atak\u00f3w\" src=\"https://interia-s.pluscdn.pl/putin-grozi-ukraincom-zapowiedzial-nasilenie-atakow/000IBERE73XFEM2B-C307.jpg\" /></a>W sobot\u0119 si\u0142y ukrai\u0144skie ostrzela\u0142y przygraniczny Bie\u0142gorod; w ataku zgin\u0119\u0142o 20 os\u00f3b, a ponad 100 zosta\u0142o rannych. W poniedzia\u0142ek do sprawy odni\u00f3s\u0142 si\u0119 W\u0142adimir Putin. Prezydent Rosji nazwa\u0142 te wydarzenia &quot;aktem terroru&quot; i zapowiedzia\u0142 nasilenie atak\u00f3w na ukrai\u0144skie cele.</p><br clear=\"all\" />", "link": "https://www.rmf24.pl/raporty/raport-wojna-z-rosja/news-putin-grozi-ukraincom-zapowiedzial-nasilenie-atakow,nId,7243070", "date_published": "2024-01-01T15:55:00+00:00", "permanent": false, "bookmarked": false, "dead": false, "artist": "RMF24.pl", "album": "RMF24.pl", "user": null, "language": "pl", "thumbnail": "https://www.rmf24.pl/s/classic/Small-rmf24.pl.png", "age": null, "page_rating_contents": 0, "page_rating_votes": 0, "page_rating_visits": 0, "page_rating": 0, "tags": [], "comments": [], "vote": 0}, {"source": "https://www.rmf24.pl/feed", "title": "Prognoza pogody: Przed nami pochmurny i deszczowy tydzie\u0144", "description": "<p><a href=\"https://www.rmf24.pl/pogoda/news-prognoza-pogody-przed-nami-pochmurny-i-deszczowy-tydzien,nId,7243055\"><img align=\"left\" alt=\"Prognoza pogody: Przed nami pochmurny i deszczowy tydzie\u0144\" src=\"https://interia-s.pluscdn.pl/prognoza-pogody-przed-nami-pochmurny-i-deszczowy-tydzien/000IBEND27TML4SN-C307.jpg\" /></a>Pierwszy tydzie\u0144 2024 roku up\u0142ynie w Polsce pod znakiem chmur i deszczu oraz deszczu ze \u015bniegiem. Na zachodzie i po\u0142udniu b\u0119dzie do\u015b\u0107 ciep\u0142o \u2013 nawet do 10 stopni. W p\u00f3\u0142nocno-wschodniej cz\u0119\u015bci kraju b\u0119dzie ch\u0142odniej - termometry poka\u017c\u0105 nawet -9 stopni. </p><br clear=\"all\" />", "link": "https://www.rmf24.pl/pogoda/news-prognoza-pogody-przed-nami-pochmurny-i-deszczowy-tydzien,nId,7243055", "date_published": "2024-01-01T14:54:00+00:00", "permanent": false, "bookmarked": false, "dead": false, "artist": "RMF24.pl", "album": "RMF24.pl", "user": null, "language": "pl", "thumbnail": "https://www.rmf24.pl/s/classic/Small-rmf24.pl.png", "age": null, "page_rating_contents": 0, "page_rating_votes": 0, "page_rating_visits": 0, "page_rating": 0, "tags": [], "comments": [], "vote": 0}, {"source": "https://www.rmf24.pl/feed", "title": "Rosjanie zniszczyli muzeum dow\u00f3dcy UPA Romana Szuchewycza", "description": "<p><a href=\"https://www.rmf24.pl/raporty/raport-wojna-z-rosja/news-rosjanie-zniszczyli-muzeum-dowodcy-upa-romana-szuchewycza,nId,7243053\"><img align=\"left\" alt=\"Rosjanie zniszczyli muzeum dow\u00f3dcy UPA Romana Szuchewycza\" src=\"https://interia-s.pluscdn.pl/rosjanie-zniszczyli-muzeum-dowodcy-upa-romana-szuchewycza/000IBDWSIDESW63Y-C307.jpg\" /></a>Zn\u00f3w niespokojnie w Ukrainie. Rosjanie w noc sylwestrow\u0105 u\u017cyli rekordowej liczby dron\u00f3w szturmowych; nad Ukrain\u0119 nadlecia\u0142o 90 dron\u00f3w Shahed, 87 z nich uda\u0142o si\u0119 zestrzeli\u0107. Mer Lwowa Andrij Sadowy poinformowa\u0142, \u017ce doszcz\u0119tnie zniszczone zosta\u0142o muzeum Romana Szuchewycza we Lwowie.</p><br clear=\"all\" />", "link": "https://www.rmf24.pl/raporty/raport-wojna-z-rosja/news-rosjanie-zniszczyli-muzeum-dowodcy-upa-romana-szuchewycza,nId,7243053", "date_published": "2024-01-01T14:43:13+00:00", "permanent": false, "bookmarked": false, "dead": false, "artist": "RMF24.pl", "album": "RMF24.pl", "user": null, "language": "pl", "thumbnail": "https://www.rmf24.pl/s/classic/Small-rmf24.pl.png", "age": null, "page_rating_contents": 0, "page_rating_votes": 0, "page_rating_visits": 0, "page_rating": 0, "tags": [], "comments": [], "vote": 0}, {"source": "https://www.rmf24.pl/feed", "title": "Turniej Czterech Skoczni: Lanisek wygra\u0142 w Ga-Pa", "description": "<p><a href=\"https://www.rmf24.pl/raport-skoki-narciarskie-2023-2024/news-turniej-czterech-skoczni-lanisek-wygral-w-ga-pa,nId,7243049\"><img align=\"left\" alt=\"Turniej Czterech Skoczni: Lanisek wygra\u0142 w Ga-Pa\" src=\"https://interia-s.pluscdn.pl/turniej-czterech-skoczni-lanisek-wygral-w-ga-pa/000IBDV23A8APRQE-C307.jpg\" /></a>S\u0142oweniec Anze Lanisek wygra\u0142 konkurs skok\u00f3w w Garmisch-Partenkirchen, drugi w 72. edycji narciarskiego Turnieju Czterech Skoczni. Najlepszy z Polak\u00f3w - Aleksander Zniszczo\u0142 - zaj\u0105\u0142 21. miejsce. </p><br clear=\"all\" />", "link": "https://www.rmf24.pl/raport-skoki-narciarskie-2023-2024/news-turniej-czterech-skoczni-lanisek-wygral-w-ga-pa,nId,7243049", "date_published": "2024-01-01T14:11:08+00:00", "permanent": false, "bookmarked": false, "dead": false, "artist": "RMF24.pl", "album": "RMF24.pl", "user": null, "language": "pl", "thumbnail": "https://www.rmf24.pl/s/classic/Small-rmf24.pl.png", "age": null, "page_rating_contents": 0, "page_rating_votes": 0, "page_rating_visits": 0, "page_rating": 0, "tags": [], "comments": [], "vote": 0}, {"source": "https://www.rmf24.pl/feed", "title": "Turniej Czterech Skoczni: Trzech Polak\u00f3w w drugiej serii w Ga-Pa", "description": "<p><a href=\"https://www.rmf24.pl/raport-skoki-narciarskie-2023-2024/news-turniej-czterech-skoczni-trzech-polakow-w-drugiej-serii-w-ga,nId,7243049\"><img align=\"left\" alt=\"Turniej Czterech Skoczni: Trzech Polak\u00f3w w drugiej serii w Ga-Pa\" src=\"https://interia-s.pluscdn.pl/turniej-czterech-skoczni-trzech-polakow-w-drugiej-serii-w-ga/000IBDV23A8APRQE-C307.jpg\" /></a>Trzech polskich skoczk\u00f3w awansowa\u0142o do drugiej serii konkursu w Garmisch-Partenkirchen, drugiego w 72. edycji narciarskiego Turnieju Czterech Skoczni. To Piotr \u017by\u0142a, Kamil Stoch i Aleksander Zniszczo\u0142. Prowadzi Japo\u0144czyk Ryoyu Kobayashi.</p><br clear=\"all\" />", "link": "https://www.rmf24.pl/raport-skoki-narciarskie-2023-2024/news-turniej-czterech-skoczni-trzech-polakow-w-drugiej-serii-w-ga,nId,7243049", "date_published": "2024-01-01T14:11:08+00:00", "permanent": false, "bookmarked": false, "dead": false, "artist": "RMF24.pl", "album": "RMF24.pl", "user": null, "language": "pl", "thumbnail": "https://www.rmf24.pl/s/classic/Small-rmf24.pl.png", "age": null, "page_rating_contents": 0, "page_rating_votes": 0, "page_rating_visits": 0, "page_rating": 0, "tags": [], "comments": [], "vote": 0}, {"source": "https://www.rmf24.pl/feed", "title": "Tragedia na Pomorzu. W mieszkaniu znaleziono cia\u0142o m\u0119\u017cczyzny", "description": "<p><a href=\"https://www.rmf24.pl/regiony/trojmiasto/news-tragedia-na-pomorzu-w-mieszkaniu-znaleziono-cialo-mezczyzny,nId,7243026\"><img align=\"left\" alt=\"Tragedia na Pomorzu. W mieszkaniu znaleziono cia\u0142o m\u0119\u017cczyzny  \" src=\"https://interia-s.pluscdn.pl/tragedia-na-pomorzu-w-mieszkaniu-znaleziono-cialo-mezczyzny/000IBDKACCPHC71K-C307.jpg\" /></a>Policja pod nadzorem prokuratury wyja\u015bnia okoliczno\u015bci tragedii w Mi\u0142ocicach na Pomorzu. Nad ranem w jednym z mieszka\u0144 funkcjonariusze znale\u017ali cia\u0142o 30-letniego m\u0119\u017cczyzny z ranami zadanymi no\u017cem. Zatrzymana zosta\u0142a by\u0142a partnerka ofiary. </p><br clear=\"all\" />", "link": "https://www.rmf24.pl/regiony/trojmiasto/news-tragedia-na-pomorzu-w-mieszkaniu-znaleziono-cialo-mezczyzny,nId,7243026", "date_published": "2024-01-01T12:01:14+00:00", "permanent": false, "bookmarked": false, "dead": false, "artist": "RMF24.pl", "album": "RMF24.pl", "user": null, "language": "pl", "thumbnail": "https://www.rmf24.pl/s/classic/Small-rmf24.pl.png", "age": null, "page_rating_contents": 0, "page_rating_votes": 0, "page_rating_visits": 0, "page_rating": 0, "tags": [], "comments": [], "vote": 0}, {"source": "https://www.rmf24.pl/feed", "title": "Dwumiesi\u0119czna dziewczynka z p\u0119kni\u0119t\u0105 czaszk\u0105. Wszcz\u0119to \u015bledztwo", "description": "<p><a href=\"https://www.rmf24.pl/regiony/poznan/news-dwumiesieczna-dziewczynka-z-peknieta-czaszka-prokuratura-wsz,nId,7243025\"><img align=\"left\" alt=\"Dwumiesi\u0119czna dziewczynka z p\u0119kni\u0119t\u0105 czaszk\u0105. Wszcz\u0119to \u015bledztwo\" src=\"https://interia-s.pluscdn.pl/dwumiesieczna-dziewczynka-z-peknieta-czaszka-wszczeto-sledzt/000IBDJZ5QCGB73S-C307.jpg\" /></a>Prokuratura Rejonowa w K\u0119pnie wszcz\u0119\u0142a \u015bledztwo w celu ustalenia przyczyny obra\u017ce\u0144 powsta\u0142ych u dwumiesi\u0119cznej dziewczynki. Trwaj\u0105 przes\u0142uchania rodzic\u00f3w \u2013 poinformowa\u0142 rzecznik prasowy Prokuratury Okr\u0119gowej w Ostrowie Wlkp. Maciej Meler.</p><br clear=\"all\" />", "link": "https://www.rmf24.pl/regiony/poznan/news-dwumiesieczna-dziewczynka-z-peknieta-czaszka-prokuratura-wsz,nId,7243025", "date_published": "2024-01-01T11:57:01+00:00", "permanent": false, "bookmarked": false, "dead": false, "artist": "RMF24.pl", "album": "RMF24.pl", "user": null, "language": "pl", "thumbnail": "https://www.rmf24.pl/s/classic/Small-rmf24.pl.png", "age": null, "page_rating_contents": 0, "page_rating_votes": 0, "page_rating_visits": 0, "page_rating": 0, "tags": [], "comments": [], "vote": 0}, {"source": "https://www.rmf24.pl/feed", "title": "Brytyjczycy rozwa\u017caj\u0105 ataki powietrzne na Huti", "description": "<p><a href=\"https://www.rmf24.pl/fakty/swiat/news-brytyjczycy-rozwazaja-ataki-powietrzne-na-huti-w-tle-koszty-,nId,7243013\"><img align=\"left\" alt=\"Brytyjczycy rozwa\u017caj\u0105 ataki powietrzne na Huti\" src=\"https://interia-s.pluscdn.pl/brytyjczycy-rozwazaja-ataki-powietrzne-na-huti/000IBDGJQ21112A8-C307.jpg\" /></a>Wielka Brytania rozwa\u017ca ataki powietrzne na powi\u0105zanych z Iranem bojownik\u00f3w Huti \u2013 wynika z artyku\u0142u opublikowanego przez brytyjskiego ministra obrony Granta Shappsa na \u0142amach dziennika &quot;The Daily Telegraph&quot;. Brytyjczycy chc\u0105 w ten spos\u00f3b odpowiedzie\u0107 na ostatnie akty terroru wobec statk\u00f3w handlowych na Morzu Czerwonym. Konflikt w tym regionie mo\u017ce okaza\u0107 si\u0119 jednak bardzo kosztowny, zw\u0142aszcza dla Zachodu. </p><br clear=\"all\" />", "link": "https://www.rmf24.pl/fakty/swiat/news-brytyjczycy-rozwazaja-ataki-powietrzne-na-huti-w-tle-koszty-,nId,7243013", "date_published": "2024-01-01T11:26:00+00:00", "permanent": false, "bookmarked": false, "dead": false, "artist": "RMF24.pl", "album": "RMF24.pl", "user": null, "language": "pl", "thumbnail": "https://www.rmf24.pl/s/classic/Small-rmf24.pl.png", "age": null, "page_rating_contents": 0, "page_rating_votes": 0, "page_rating_visits": 0, "page_rating": 0, "tags": [], "comments": [], "vote": 0}, {"source": "https://www.rmf24.pl/feed", "title": "Po\u017car domu w G\u0142ownie. Zgin\u0119\u0142a 69-letnia kobieta", "description": "<p><a href=\"https://www.rmf24.pl/regiony/lodz/news-pozar-domu-w-glownie-zginela-69-letnia-kobieta,nId,7243007\"><img align=\"left\" alt=\"Po\u017car domu w G\u0142ownie. Zgin\u0119\u0142a 69-letnia kobieta\" src=\"https://interia-s.pluscdn.pl/pozar-domu-w-glownie-zginela-69-letnia-kobieta/000IBDBWE91F33A3-C307.jpg\" /></a>69-letnia kobieta zgin\u0119\u0142a w po\u017carze domu w G\u0142ownie w woj. \u0142\u00f3dzkim, kt\u00f3ry wybuch\u0142 w nocy z niedzieli na poniedzia\u0142ek. Z p\u0142on\u0105cego budynku ewakuowa\u0142a si\u0119 90-latka. Przyczyn\u0105 po\u017caru by\u0142a prawdopodobnie awaria elektrycznego urz\u0105dzenia grzewczego.</p><br clear=\"all\" />", "link": "https://www.rmf24.pl/regiony/lodz/news-pozar-domu-w-glownie-zginela-69-letnia-kobieta,nId,7243007", "date_published": "2024-01-01T10:31:00+00:00", "permanent": false, "bookmarked": false, "dead": false, "artist": "RMF24.pl", "album": "RMF24.pl", "user": null, "language": "pl", "thumbnail": "https://www.rmf24.pl/s/classic/Small-rmf24.pl.png", "age": null, "page_rating_contents": 0, "page_rating_votes": 0, "page_rating_visits": 0, "page_rating": 0, "tags": [], "comments": [], "vote": 0}, {"source": "https://www.rmf24.pl/feed", "title": "Gen. Pacek: Trzeci rok wojny b\u0119dzie rokiem prawdy dla obu stron", "description": "<p><a href=\"https://www.rmf24.pl/radio/news-gen-pacek-trzeci-rok-wojny-bedzie-rokiem-prawdy-dla-obu-stro,nId,7239855\"><img align=\"left\" alt=\"Gen. Pacek: Trzeci rok wojny b\u0119dzie rokiem prawdy dla obu stron\" src=\"https://interia-s.pluscdn.pl/gen-pacek-trzeci-rok-wojny-bedzie-rokiem-prawdy-dla-obu-stro/000IB5VUJ1IJ547N-C307.jpg\" /></a>&quot;Rosja zako\u0144czy\u0142a rok 2023 ze spor\u0105 przewag\u0105 nad Ukrain\u0105. Kij\u00f3w wci\u0105\u017c stoi przed du\u017cym wyzwaniem - je\u017celi nie ca\u0142kowitego pokonania przeciwnika, to przynajmniej zmuszenia go do przyst\u0105pienia do rozm\u00f3w pokojowych na warunkach Kijowa, a nie Moskwy&quot; - m\u00f3wi\u0142 na antenie internetowego Radia RMF24 gen. Bogus\u0142aw Pacek, podsumowuj\u0105c miniony rok na ukrai\u0144skim froncie.</p><br clear=\"all\" />", "link": "https://www.rmf24.pl/radio/news-gen-pacek-trzeci-rok-wojny-bedzie-rokiem-prawdy-dla-obu-stro,nId,7239855", "date_published": "2024-01-01T09:45:00+00:00", "permanent": false, "bookmarked": false, "dead": false, "artist": "RMF24.pl", "album": "RMF24.pl", "user": null, "language": "pl", "thumbnail": "https://www.rmf24.pl/s/classic/Small-rmf24.pl.png", "age": null, "page_rating_contents": 0, "page_rating_votes": 0, "page_rating_visits": 0, "page_rating": 0, "tags": [], "comments": [], "vote": 0}, {"source": "https://www.rmf24.pl/feed", "title": "Mikst zapewni\u0142 wygran\u0105 z Hiszpani\u0105. Polska w \u0107wier\u0107finale United Cup", "description": "<p><a href=\"https://www.rmf24.pl/raporty/raport-tenis-na-rmf24/najnowszefakty/news-mikst-zapewnil-wygrana-z-hiszpania-polska-w-cwiercfinale-uni,nId,7242996\"><img align=\"left\" alt=\"Mikst zapewni\u0142 wygran\u0105 z Hiszpani\u0105. Polska w \u0107wier\u0107finale United Cup\" src=\"https://interia-s.pluscdn.pl/mikst-zapewnil-wygrana-z-hiszpania-polska-w-cwiercfinale-uni/000IBD71HSMOKVOS-C307.jpg\" /></a>Polska wygra\u0142a z Hiszpani\u0105 2:1 w drugim meczu grupowym w Perth i awansowa\u0142a do \u0107wier\u0107fina\u0142u rozgrywanego w Australii tenisowego turnieju United Cup. Triumf zapewni\u0142 Bia\u0142o-Czerwonym zwyci\u0119stwo miksta Iga \u015awi\u0105tek - Hubert Hurkacz.</p><br clear=\"all\" />", "link": "https://www.rmf24.pl/raporty/raport-tenis-na-rmf24/najnowszefakty/news-mikst-zapewnil-wygrana-z-hiszpania-polska-w-cwiercfinale-uni,nId,7242996", "date_published": "2024-01-01T09:35:28+00:00", "permanent": false, "bookmarked": false, "dead": false, "artist": "RMF24.pl", "album": "RMF24.pl", "user": null, "language": "pl", "thumbnail": "https://www.rmf24.pl/s/classic/Small-rmf24.pl.png", "age": null, "page_rating_contents": 0, "page_rating_votes": 0, "page_rating_visits": 0, "page_rating": 0, "tags": [], "comments": [], "vote": 0}, {"source": "https://www.rmf24.pl/feed", "title": "ISW: Rosyjskie si\u0142y powietrznodesantowe ponosz\u0105 ci\u0119\u017ckie straty na Ukrainie [RELACJA]", "description": "<p><a href=\"https://www.rmf24.pl/raporty/raport-wojna-z-rosja/na-zywo/news-isw-rosyjskie-sily-powietrznodesantowe-ponosza-ciezkie-strat,nId,7242988\"><img align=\"left\" alt=\"ISW: Rosyjskie si\u0142y powietrznodesantowe ponosz\u0105 ci\u0119\u017ckie straty na Ukrainie [RELACJA]\" src=\"https://interia-s.pluscdn.pl/isw-rosyjskie-sily-powietrznodesantowe-ponosza-ciezkie-strat/000IBD4B9PU3V69S-C307.jpg\" /></a>Si\u0142y rosyjskie u\u017cy\u0142y w noc sylwestrow\u0105 rekordowej liczby dron\u00f3w szturmowych, a tak\u017ce atakowa\u0142y Ukrain\u0119 rakietami S-300, Ch-31P i Ch-59 \u2013 poinformowa\u0142y Si\u0142y Powietrzne Ukrainy. Nad Ukrain\u0119 nadlecia\u0142o 90 dron\u00f3w Shahed, zestrzelono 87 z nich. Prezydent Ukrainy Wo\u0142odymyr Ze\u0142enski w swoim or\u0119dziu noworocznym obieca\u0142 &quot;spustoszenie&quot; si\u0142 rosyjskich, kt\u00f3re najecha\u0142y jego kraj prawie dwa lata temu. Poniedzia\u0142ek jest 677. dniem rosyjskiej agresji na Ukrain\u0119. Najwa\u017cniejsze informacje zbieramy w naszej relacji z 1.1.2024 r.</p><br clear=\"all\" />", "link": "https://www.rmf24.pl/raporty/raport-wojna-z-rosja/na-zywo/news-isw-rosyjskie-sily-powietrznodesantowe-ponosza-ciezkie-strat,nId,7242988", "date_published": "2024-01-01T08:59:48+00:00", "permanent": false, "bookmarked": false, "dead": false, "artist": "RMF24.pl", "album": "RMF24.pl", "user": null, "language": "pl", "thumbnail": "https://www.rmf24.pl/s/classic/Small-rmf24.pl.png", "age": null, "page_rating_contents": 0, "page_rating_votes": 0, "page_rating_visits": 0, "page_rating": 0, "tags": [], "comments": [], "vote": 0}, {"source": "https://www.rmf24.pl/feed", "title": "Ministerstwo Edukacji i Nauki przesta\u0142o istnie\u0107. S\u0105 dwa nowe resorty", "description": "<p><a href=\"https://www.rmf24.pl/polityka/news-ministerstwo-edukacji-i-nauki-przestalo-istniec-sa-dwa-nowe-,nId,7242989\"><img align=\"left\" alt=\"Ministerstwo Edukacji i Nauki przesta\u0142o istnie\u0107. S\u0105 dwa nowe resorty \" src=\"https://interia-s.pluscdn.pl/ministerstwo-edukacji-i-nauki-przestalo-istniec-sa-dwa-nowe/000IBD46FMWMHH1P-C307.jpg\" /></a>Dzi\u015b Ministerstwo Edukacji i Nauki przesta\u0142o istnie\u0107. W jego miejsce utworzono dwa resorty: Ministerstwo Edukacji Narodowej i Ministerstwo Nauki i Szkolnictwa Wy\u017cszego.</p><br clear=\"all\" />", "link": "https://www.rmf24.pl/polityka/news-ministerstwo-edukacji-i-nauki-przestalo-istniec-sa-dwa-nowe-,nId,7242989", "date_published": "2024-01-01T08:59:00+00:00", "permanent": false, "bookmarked": false, "dead": false, "artist": "RMF24.pl", "album": "RMF24.pl", "user": null, "language": "pl", "thumbnail": "https://www.rmf24.pl/s/classic/Small-rmf24.pl.png", "age": null, "page_rating_contents": 0, "page_rating_votes": 0, "page_rating_visits": 0, "page_rating": 0, "tags": [], "comments": [], "vote": 0}, {"source": "https://www.rmf24.pl/feed", "title": "Iwona \u015aledzi\u0144ska-Katarasi\u0144ska nie \u017cyje. By\u0142a pos\u0142anka mia\u0142a 82 lata", "description": "<p><a href=\"https://www.rmf24.pl/polityka/news-iwona-sledzinska-katarasinska-nie-zyje-byla-poslanka-miala-8,nId,7242977\"><img align=\"left\" alt=\"Iwona \u015aledzi\u0144ska-Katarasi\u0144ska nie \u017cyje. By\u0142a pos\u0142anka mia\u0142a 82 lata\" src=\"https://interia-s.pluscdn.pl/iwona-sledzinska-katarasinska-nie-zyje-byla-poslanka-miala-8/000IBD2DOSYFA4RI-C307.jpg\" /></a>Zmar\u0142a Iwona \u015aledzi\u0144ska-Katarasi\u0144ska. By\u0142a pos\u0142anka Platformy Obywatelskiej mia\u0142a 82 lata. Informacj\u0119 o jej \u015bmierci poda\u0142a marsza\u0142ek Senatu Ma\u0142gorzata Kidawa-B\u0142o\u0144ska.</p><br clear=\"all\" />", "link": "https://www.rmf24.pl/polityka/news-iwona-sledzinska-katarasinska-nie-zyje-byla-poslanka-miala-8,nId,7242977", "date_published": "2024-01-01T08:27:00+00:00", "permanent": false, "bookmarked": false, "dead": false, "artist": "RMF24.pl", "album": "RMF24.pl", "user": null, "language": "pl", "thumbnail": "https://www.rmf24.pl/s/classic/Small-rmf24.pl.png", "age": null, "page_rating_contents": 0, "page_rating_votes": 0, "page_rating_visits": 0, "page_rating": 0, "tags": [], "comments": [], "vote": 0}, {"source": "https://www.rmf24.pl/feed", "title": "Po\u015bcig po ulicach Warszawy. Kierowca nie zatrzyma\u0142 si\u0119 do kontroli", "description": "<p><a href=\"https://www.rmf24.pl/regiony/warszawa/news-poscig-po-ulicach-warszawy-kierowca-nie-zatrzymal-sie-do-kon,nId,7242973\"><img align=\"left\" alt=\"Po\u015bcig po ulicach Warszawy. Kierowca nie zatrzyma\u0142 si\u0119 do kontroli \" src=\"https://interia-s.pluscdn.pl/poscig-po-ulicach-warszawy-kierowca-nie-zatrzymal-sie-do-kon/000IBD1M5SLJ0EYO-C307.jpg\" /></a>Po\u015bcig po ulicach Warszawy za kierowc\u0105, kt\u00f3ry nie zatrzyma\u0142 si\u0119 do kontroli. M\u0119\u017cczyzna mia\u0142 p\u00f3\u0142tora promila alkoholu w organizmie. </p><br clear=\"all\" />", "link": "https://www.rmf24.pl/regiony/warszawa/news-poscig-po-ulicach-warszawy-kierowca-nie-zatrzymal-sie-do-kon,nId,7242973", "date_published": "2024-01-01T08:13:00+00:00", "permanent": false, "bookmarked": false, "dead": false, "artist": "RMF24.pl", "album": "RMF24.pl", "user": null, "language": "pl", "thumbnail": "https://www.rmf24.pl/s/classic/Small-rmf24.pl.png", "age": null, "page_rating_contents": 0, "page_rating_votes": 0, "page_rating_visits": 0, "page_rating": 0, "tags": [], "comments": [], "vote": 0}, {"source": "https://www.rmf24.pl/feed", "title": "Silne trz\u0119sienie ziemi i tsunami w Japonii. S\u0105 zabici i ranni", "description": "<p><a href=\"https://www.rmf24.pl/fakty/swiat/news-silne-trzesienie-ziemi-i-tsunami-w-japonii-sa-zabici-i-ranni,nId,7242968\"><img align=\"left\" alt=\"Silne trz\u0119sienie ziemi i tsunami w Japonii. S\u0105 zabici i ranni\" src=\"https://interia-s.pluscdn.pl/silne-trzesienie-ziemi-i-tsunami-w-japonii-sa-zabici-i-ranni/000IBFKWFV4WBR0M-C307.jpg\" /></a>\u015arodkow\u0105 Japoni\u0119 nawiedzi\u0142o w poniedzia\u0142ek silne trz\u0119sienie ziemi o magnitudzie 7,5. S\u0142u\u017cby natychmiast wyda\u0142y ostrze\u017cenie przed tsunami dla p\u00f3\u0142nocno-zachodniego wybrze\u017ca. Cho\u0107 pierwotnie prognozowano wyst\u0105pienie fal o wysoko\u015bci 5 m, to ostatecznie tsunami mia\u0142o 1,2 m. W trz\u0119sieniu ziemi \u017cycie straci\u0142o co najmniej 5 os\u00f3b, a ponad 70 zosta\u0142o rannych.</p><br clear=\"all\" />", "link": "https://www.rmf24.pl/fakty/swiat/news-silne-trzesienie-ziemi-i-tsunami-w-japonii-sa-zabici-i-ranni,nId,7242968", "date_published": "2024-01-01T07:45:21+00:00", "permanent": false, "bookmarked": false, "dead": false, "artist": "RMF24.pl", "album": "RMF24.pl", "user": null, "language": "pl", "thumbnail": "https://www.rmf24.pl/s/classic/Small-rmf24.pl.png", "age": null, "page_rating_contents": 0, "page_rating_votes": 0, "page_rating_visits": 0, "page_rating": 0, "tags": [], "comments": [], "vote": 0}, {"source": "https://www.rmf24.pl/feed", "title": "Silne trz\u0119sienie ziemi i tsunami w Japonii. Trwa szacowanie strat", "description": "<p><a href=\"https://www.rmf24.pl/fakty/swiat/news-silne-trzesienie-ziemi-i-tsunami-w-japonii-trwa-szacowanie-s,nId,7242968\"><img align=\"left\" alt=\"Silne trz\u0119sienie ziemi i tsunami w Japonii. Trwa szacowanie strat\" src=\"https://interia-s.pluscdn.pl/silne-trzesienie-ziemi-i-tsunami-w-japonii-trwa-szacowanie-s/000IBD53T56HV1G9-C307.jpg\" /></a>\u015arodkow\u0105 Japoni\u0119 nawiedzi\u0142o w poniedzia\u0142ek silne trz\u0119sienie ziemi o magnitudzie 7,5. S\u0142u\u017cby natychmiast wyda\u0142y ostrze\u017cenie przed tsunami dla p\u00f3\u0142nocno-zachodniego wybrze\u017ca. Prognozowano wyst\u0105pienie fal o wysoko\u015bci dochodz\u0105cej do 5 metr\u00f3w. Takowych na szcz\u0119\u015bcie nie zaobserwowano - najwy\u017csza mia\u0142a wysoko\u015b\u0107 1,2 m.</p><br clear=\"all\" />", "link": "https://www.rmf24.pl/fakty/swiat/news-silne-trzesienie-ziemi-i-tsunami-w-japonii-trwa-szacowanie-s,nId,7242968", "date_published": "2024-01-01T07:45:21+00:00", "permanent": false, "bookmarked": false, "dead": false, "artist": "RMF24.pl", "album": "RMF24.pl", "user": null, "language": "pl", "thumbnail": "https://www.rmf24.pl/s/classic/Small-rmf24.pl.png", "age": null, "page_rating_contents": 0, "page_rating_votes": 0, "page_rating_visits": 0, "page_rating": 0, "tags": [], "comments": [], "vote": 0}, {"source": "https://www.rmf24.pl/feed", "title": "Silne trz\u0119sienie ziemi w Japonii. Ostrze\u017cenie przed tsunami: nawet 5-metrowe fale", "description": "<p><a href=\"https://www.rmf24.pl/fakty/swiat/news-silne-trzesienie-ziemi-w-japonii-ostrzezenie-przed-tsunami-n,nId,7242968\"><img align=\"left\" alt=\"Silne trz\u0119sienie ziemi w Japonii. Ostrze\u017cenie przed tsunami: nawet 5-metrowe fale\" src=\"https://interia-s.pluscdn.pl/silne-trzesienie-ziemi-w-japonii-ostrzezenie-przed-tsunami-n/000IBD0NMVIX89ME-C307.jpg\" /></a>Trz\u0119sienie ziemi o magnitudzie 7,6 nawiedzi\u0142o \u015brodkow\u0105 Japoni\u0119. Na p\u00f3\u0142nocno-zachodnim obszarze kraju wydano ostrze\u017cenie przed tsunami.</p><br clear=\"all\" />", "link": "https://www.rmf24.pl/fakty/swiat/news-silne-trzesienie-ziemi-w-japonii-ostrzezenie-przed-tsunami-n,nId,7242968", "date_published": "2024-01-01T07:45:21+00:00", "permanent": false, "bookmarked": false, "dead": false, "artist": "RMF24.pl", "album": "RMF24.pl", "user": null, "language": "pl", "thumbnail": "https://www.rmf24.pl/s/classic/Small-rmf24.pl.png", "age": null, "page_rating_contents": 0, "page_rating_votes": 0, "page_rating_visits": 0, "page_rating": 0, "tags": [], "comments": [], "vote": 0}, {"source": "https://www.rmf24.pl/feed", "title": "Taylor Swift pobi\u0142a rekord Elvisa Presleya!", "description": "<p><a href=\"https://www.rmf24.pl/kultura/news-taylor-swift-pobila-rekord-elvisa-presleya,nId,7242962\"><img align=\"left\" alt=\"Taylor Swift pobi\u0142a rekord Elvisa Presleya! \" src=\"https://interia-s.pluscdn.pl/taylor-swift-pobila-rekord-elvisa-presleya/000IBD00QKPU3XGF-C307.jpg\" /></a>Uda\u0142o si\u0119! Taylor Swift oficjalnie pobi\u0142a rekord Elvisa Presleya! Ostatnia p\u0142yta ameryka\u0144skiej piosenkarki &quot;1989 (Taylor's Version)&quot; a\u017c przez 68. tygodni znajdowa\u0142a si\u0119 na pierwszym miejscu listy Billboard 200. </p><br clear=\"all\" />", "link": "https://www.rmf24.pl/kultura/news-taylor-swift-pobila-rekord-elvisa-presleya,nId,7242962", "date_published": "2024-01-01T07:45:00+00:00", "permanent": false, "bookmarked": false, "dead": false, "artist": "RMF24.pl", "album": "RMF24.pl", "user": null, "language": "pl", "thumbnail": "https://www.rmf24.pl/s/classic/Small-rmf24.pl.png", "age": null, "page_rating_contents": 0, "page_rating_votes": 0, "page_rating_visits": 0, "page_rating": 0, "tags": [], "comments": [], "vote": 0}, {"source": "https://www.rmf24.pl/feed", "title": "Sylwester w Zakopanem. Blisko 100 interwencji policji", "description": "<p><a href=\"https://www.rmf24.pl/regiony/zakopane/news-sylwester-w-zakopanem-blisko-100-interwencji-policji,nId,7242956\"><img align=\"left\" alt=\"Sylwester w Zakopanem. Blisko 100 interwencji policji\" src=\"https://interia-s.pluscdn.pl/sylwester-w-zakopanem-blisko-100-interwencji-policji/000IBCYBSKJ0E226-C307.jpg\" /></a>Blisko sto razy interweniowali policjanci w sylwestrowa noc w Zakopanem i najbli\u017cszych miejscowo\u015bciach. Jak m\u00f3wi rzecznik tatrza\u0144skich policjant\u00f3w Roman Wieczorek, do najwi\u0119kszej liczby awantur dosz\u0142o oko\u0142o godz. 1, kiedy zako\u0144czy\u0142 si\u0119 koncert w centrum miasta. Uczestniczy\u0142o w nim ok. 45 tysi\u0119cy os\u00f3b. </p><br clear=\"all\" />", "link": "https://www.rmf24.pl/regiony/zakopane/news-sylwester-w-zakopanem-blisko-100-interwencji-policji,nId,7242956", "date_published": "2024-01-01T06:48:10+00:00", "permanent": false, "bookmarked": false, "dead": false, "artist": "RMF24.pl", "album": "RMF24.pl", "user": null, "language": "pl", "thumbnail": "https://www.rmf24.pl/s/classic/Small-rmf24.pl.png", "age": null, "page_rating_contents": 0, "page_rating_votes": 0, "page_rating_visits": 0, "page_rating": 0, "tags": [], "comments": [], "vote": 0}, {"source": "https://www.rmf24.pl/feed", "title": "Liczba polskich miast przekroczy\u0142a tysi\u0105c. Odwiedzili\u015bmy jedno z nich", "description": "<p><a href=\"https://www.rmf24.pl/regiony/news-liczba-polskich-miast-przekroczyla-tysiac-odwiedzilismy-jedn,nId,7241481\"><img align=\"left\" alt=\"Liczba polskich miast przekroczy\u0142a tysi\u0105c. Odwiedzili\u015bmy jedno z nich\" src=\"https://interia-s.pluscdn.pl/liczba-polskich-miast-przekroczyla-tysiac-odwiedzilismy-jedn/000IBAC7HTRFRKK7-C307.jpg\" /></a>Liczba miast w Polsce przekroczy\u0142a tysi\u0105c. Od dzi\u015b na mapie naszego kraju jest ich dok\u0142adnie 1013. Wraz z pocz\u0105tkiem 2024 r. prawa miejskie odzyska\u0142y 34 miejscowo\u015bci. W\u015br\u00f3d nich s\u0105 mi\u0119dzy innymi Kik\u00f3\u0142 w Kujawsko-Pomorskiem, Piszczac w Lubelskiem, Brody w Lubuskiem, Bogoria w \u015awi\u0119tokrzyskiem i Osieck niedaleko Otwocka na Mazowszu.</p><br clear=\"all\" />", "link": "https://www.rmf24.pl/regiony/news-liczba-polskich-miast-przekroczyla-tysiac-odwiedzilismy-jedn,nId,7241481", "date_published": "2024-01-01T06:00:37+00:00", "permanent": false, "bookmarked": false, "dead": false, "artist": "RMF24.pl", "album": "RMF24.pl", "user": null, "language": "pl", "thumbnail": "https://www.rmf24.pl/s/classic/Small-rmf24.pl.png", "age": null, "page_rating_contents": 0, "page_rating_votes": 0, "page_rating_visits": 0, "page_rating": 0, "tags": [], "comments": [], "vote": 0}, {"source": "https://www.rmf24.pl/feed", "title": "Niespokojna noc sylwestrowa w Ukrainie. Rosjanie zaatakowali dronami", "description": "<p><a href=\"https://www.rmf24.pl/raporty/raport-wojna-z-rosja/news-niespokojna-noc-sylwestrowa-w-ukrainie-rosjanie-zaatakowali-,nId,7242953\"><img align=\"left\" alt=\"Niespokojna noc sylwestrowa w Ukrainie. Rosjanie zaatakowali dronami\" src=\"https://interia-s.pluscdn.pl/niespokojna-noc-sylwestrowa-w-ukrainie-rosjanie-zaatakowali/000IBCWXDLVPVBVJ-C307.jpg\" /></a>W noc sylwestrow\u0105 Rosjanie zaatakowali po\u0142udniow\u0105 Ukrain\u0119 kilkudziesi\u0119cioma dronami kamikadze. Jak przekazano, Ukrai\u0144cy zniszczyli ponad 50 z nich. W Odessie zgin\u0119\u0142a jedna osoba, a trzy zosta\u0142y ranne.</p><br clear=\"all\" />", "link": "https://www.rmf24.pl/raporty/raport-wojna-z-rosja/news-niespokojna-noc-sylwestrowa-w-ukrainie-rosjanie-zaatakowali-,nId,7242953", "date_published": "2024-01-01T05:52:25+00:00", "permanent": false, "bookmarked": false, "dead": false, "artist": "RMF24.pl", "album": "RMF24.pl", "user": null, "language": "pl", "thumbnail": "https://www.rmf24.pl/s/classic/Small-rmf24.pl.png", "age": null, "page_rating_contents": 0, "page_rating_votes": 0, "page_rating_visits": 0, "page_rating": 0, "tags": [], "comments": [], "vote": 0}, {"source": "https://www.rmf24.pl/feed", "title": "Ograniczenie sprzeda\u017cy energetyk\u00f3w i akcje szczepie\u0144. Co przyniesie 2024 rok w ochronie zdrowia?", "description": "<p><a href=\"https://www.rmf24.pl/aktualnosci/news-ograniczenie-sprzedazy-energetykow-i-akcje-szczepien-co-przy,nId,7241415\"><img align=\"left\" alt=\"Ograniczenie sprzeda\u017cy energetyk\u00f3w i akcje szczepie\u0144. Co przyniesie 2024 rok w ochronie zdrowia?\" src=\"https://interia-s.pluscdn.pl/ograniczenie-sprzedazy-energetykow-i-akcje-szczepien-co-przy/000IB9I0SP6RCF48-C307.jpg\" /></a>Zapewnienie dost\u0119pu do szczepionek przeciwko koronawirusowi. Zakaz sprzeda\u017cy napoj\u00f3w energetycznych nieletnim. Poprawa sytuacji finansowej szpitali powiatowych. Te tematy mog\u0105 zdominowa\u0107 2024 rok w polskim systemie ochrony zdrowia. Tak przewiduje dziennikarz RMF FM Micha\u0142 Dobro\u0142owicz.</p><br clear=\"all\" />", "link": "https://www.rmf24.pl/aktualnosci/news-ograniczenie-sprzedazy-energetykow-i-akcje-szczepien-co-przy,nId,7241415", "date_published": "2024-01-01T05:50:00+00:00", "permanent": false, "bookmarked": false, "dead": false, "artist": "RMF24.pl", "album": "RMF24.pl", "user": null, "language": "pl", "thumbnail": "https://www.rmf24.pl/s/classic/Small-rmf24.pl.png", "age": null, "page_rating_contents": 0, "page_rating_votes": 0, "page_rating_visits": 0, "page_rating": 0, "tags": [], "comments": [], "vote": 0}, {"source": "https://www.rmf24.pl/feed", "title": "Intensywne opady \u015bniegu w pierwszy dzie\u0144 2024 roku [PROGNOZA POGODY]", "description": "<p><a href=\"https://www.rmf24.pl/pogoda/news-intensywne-opady-sniegu-w-pierwszy-dzien-2024-roku-prognoza-,nId,7242952\"><img align=\"left\" alt=\"Intensywne opady \u015bniegu w pierwszy dzie\u0144 2024 roku [PROGNOZA POGODY]  \" src=\"https://interia-s.pluscdn.pl/intensywne-opady-sniegu-w-pierwszy-dzien-2024-roku-prognoza/000IBCWSGG0M4PBC-C307.jpg\" /></a>&quot;Pierwszy dzie\u0144 nowego roku b\u0119dzie deszczowy. Spadnie te\u017c deszcz ze \u015bniegiem i \u015bnieg. Na termometrach b\u0119dzie od 0 do 8 st. C&quot; - przekaza\u0142a Agnieszka Prasek, synoptyk z Centralnego Biura Prognoz Instytutu Meteorologii i Gospodarki Wodnej. Dla cz\u0119\u015bci region\u00f3w wydano ostrze\u017cenia IMGW. </p><br clear=\"all\" />", "link": "https://www.rmf24.pl/pogoda/news-intensywne-opady-sniegu-w-pierwszy-dzien-2024-roku-prognoza-,nId,7242952", "date_published": "2024-01-01T05:46:00+00:00", "permanent": false, "bookmarked": false, "dead": false, "artist": "RMF24.pl", "album": "RMF24.pl", "user": null, "language": "pl", "thumbnail": "https://www.rmf24.pl/s/classic/Small-rmf24.pl.png", "age": null, "page_rating_contents": 0, "page_rating_votes": 0, "page_rating_visits": 0, "page_rating": 0, "tags": [], "comments": [], "vote": 0}, {"source": "https://www.rmf24.pl/feed", "title": "TCS. Ciekawa rywalizacja w Ga-Pa, jak zaprezentuj\u0105 si\u0119 Polacy?", "description": "<p><a href=\"https://www.rmf24.pl/raport-skoki-narciarskie-2023-2024/news-tcs-ciekawa-rywalizacja-w-ga-pa-jak-zaprezentuja-sie-polacy,nId,7242951\"><img align=\"left\" alt=\"TCS. Ciekawa rywalizacja w Ga-Pa, jak zaprezentuj\u0105 si\u0119 Polacy?\" src=\"https://interia-s.pluscdn.pl/tcs-ciekawa-rywalizacja-w-ga-pa-jak-zaprezentuja-sie-polacy/000IBCWFNVHQA9FB-C307.jpg\" /></a>Ciekawie zapowiada si\u0119 rywalizacja w Garmisch-Partenkirchen w noworocznym konkursie 72. Turnieju Czterech Skoczni. Faworyt\u00f3w jest kilku, w\u015br\u00f3d nich lider po zawodach w Oberstdorfie Niemiec Andreas Wellinger. W pierwszej serii wyst\u0105pi czterech Polak\u00f3w, ale wci\u0105\u017c nie zachwycaj\u0105 form\u0105.</p><br clear=\"all\" />", "link": "https://www.rmf24.pl/raport-skoki-narciarskie-2023-2024/news-tcs-ciekawa-rywalizacja-w-ga-pa-jak-zaprezentuja-sie-polacy,nId,7242951", "date_published": "2024-01-01T05:26:26+00:00", "permanent": false, "bookmarked": false, "dead": false, "artist": "RMF24.pl", "album": "RMF24.pl", "user": null, "language": "pl", "thumbnail": "https://www.rmf24.pl/s/classic/Small-rmf24.pl.png", "age": null, "page_rating_contents": 0, "page_rating_votes": 0, "page_rating_visits": 0, "page_rating": 0, "tags": [], "comments": [], "vote": 0}, {"source": "https://www.rmf24.pl/feed", "title": "Podatek od plastiku wchodzi w \u017cycie. Co to dla nas oznacza?", "description": "<p><a href=\"https://www.rmf24.pl/fakty/polska/news-podatek-od-plastiku-wchodzi-w-zycie-co-to-dla-nas-oznacza,nId,7238441\"><img align=\"left\" alt=\"Podatek od plastiku wchodzi w \u017cycie. Co to dla nas oznacza? \" src=\"https://interia-s.pluscdn.pl/podatek-od-plastiku-wchodzi-w-zycie-co-to-dla-nas-oznacza/000IB48V3FW9MCT3-C307.jpg\" /></a>Od dzi\u015b w Polsce obowi\u0105zuje podatek od plastiku. Now\u0105 danin\u0119 wprowadzono po to, aby ograniczy\u0107 zu\u017cycie tworzyw sztucznych, kt\u00f3re w coraz wi\u0119kszym stopniu zanieczyszczaj\u0105 \u015brodowisko. Za zakupy czy jedzenie na wynos mo\u017cemy jednak zap\u0142aci\u0107 wi\u0119cej \u2013 od 20 do 25 groszy za plastikowe opakowania. W\u0142a\u015bciciele biznes\u00f3w b\u0119d\u0105 z kolei musieli dba\u0107 o w\u0142a\u015bciwy recykling. Maria Andrzejewska, dyrektor UNEP/GRID-Warszawa, biura programu ONZ ds. \u015brodowiska, z kt\u00f3r\u0105 rozmawia\u0142 dziennikarz RMF FM Pawe\u0142 Balinowski, uwa\u017ca, \u017ce to ruch w dobr\u0105 stron\u0119.</p><br clear=\"all\" />", "link": "https://www.rmf24.pl/fakty/polska/news-podatek-od-plastiku-wchodzi-w-zycie-co-to-dla-nas-oznacza,nId,7238441", "date_published": "2024-01-01T05:09:00+00:00", "permanent": false, "bookmarked": false, "dead": false, "artist": "RMF24.pl", "album": "RMF24.pl", "user": null, "language": "pl", "thumbnail": "https://www.rmf24.pl/s/classic/Small-rmf24.pl.png", "age": null, "page_rating_contents": 0, "page_rating_votes": 0, "page_rating_visits": 0, "page_rating": 0, "tags": [], "comments": [], "vote": 0}, {"source": "https://www.rmf24.pl/feed", "title": "Jakie mamy noworoczne postanowienia? Wyniki sonda\u017cu RMF FM", "description": "<p><a href=\"https://www.rmf24.pl/fakty/polska/news-jakie-mamy-noworoczne-postanowienia-wyniki-sondazu-rmf-fm,nId,7241452\"><img align=\"left\" alt=\"Jakie mamy noworoczne postanowienia? Wyniki sonda\u017cu RMF FM \" src=\"https://interia-s.pluscdn.pl/jakie-mamy-noworoczne-postanowienia-wyniki-sondazu-rmf-fm/000IB9TS6MM8AR1S-C307.jpg\" /></a>\u0106wiczy\u0107, schudn\u0105\u0107, zadba\u0107 o finanse i zdrowy styl \u017cycia - to najcz\u0119stsze postanowienia noworoczne s\u0142uchaczy RMF FM. W nowym, 2024 roku 24 proc. uczestnik\u00f3w sonda\u017cu zrealizowanego przez Grup\u0119 RMF podejmie pr\u00f3b\u0119 realizacji postanowie\u0144. A\u017c 70 proc. os\u00f3b nie ma tego w planach.  </p><br clear=\"all\" />", "link": "https://www.rmf24.pl/fakty/polska/news-jakie-mamy-noworoczne-postanowienia-wyniki-sondazu-rmf-fm,nId,7241452", "date_published": "2024-01-01T05:07:00+00:00", "permanent": false, "bookmarked": false, "dead": false, "artist": "RMF24.pl", "album": "RMF24.pl", "user": null, "language": "pl", "thumbnail": "https://www.rmf24.pl/s/classic/Small-rmf24.pl.png", "age": null, "page_rating_contents": 0, "page_rating_votes": 0, "page_rating_visits": 0, "page_rating": 0, "tags": [], "comments": [], "vote": 0}, {"source": "https://www.rmf24.pl/feed", "title": "Atak rosyjskich dron\u00f3w na Lw\u00f3w", "description": "<p><a href=\"https://www.rmf24.pl/raporty/raport-wojna-z-rosja/news-atak-rosyjskich-dronow-na-lwow,nId,7242948\"><img align=\"left\" alt=\"Atak rosyjskich dron\u00f3w na Lw\u00f3w\" src=\"https://interia-s.pluscdn.pl/atak-rosyjskich-dronow-na-lwow/000IBCVDR49Y4N14-C307.jpg\" /></a>Ukrai\u0144skie systemy obrony powietrznej odpar\u0142y rosyjski atak dron\u00f3w na Lw\u00f3w \u2013 poinformowa\u0142 rano na Telegramie szef w\u0142adz obwodu lwowskiego Maksym Kozycki.</p><br clear=\"all\" />", "link": "https://www.rmf24.pl/raporty/raport-wojna-z-rosja/news-atak-rosyjskich-dronow-na-lwow,nId,7242948", "date_published": "2024-01-01T04:28:37+00:00", "permanent": false, "bookmarked": false, "dead": false, "artist": "RMF24.pl", "album": "RMF24.pl", "user": null, "language": "pl", "thumbnail": "https://www.rmf24.pl/s/classic/Small-rmf24.pl.png", "age": null, "page_rating_contents": 0, "page_rating_votes": 0, "page_rating_visits": 0, "page_rating": 0, "tags": [], "comments": [], "vote": 0}, {"source": "https://www.rmf24.pl/feed", "title": "W noworocznym or\u0119dziu Ze\u0142enski obieca\u0142 \"spustoszenie\" si\u0142 rosyjskich", "description": "<p><a href=\"https://www.rmf24.pl/raporty/raport-wojna-z-rosja/news-w-noworocznym-oredziu-zelenski-obiecal-spustoszenie-sil-rosy,nId,7241625\"><img align=\"left\" alt=\"W noworocznym or\u0119dziu Ze\u0142enski obieca\u0142 &quot;spustoszenie&quot; si\u0142 rosyjskich\" src=\"https://interia-s.pluscdn.pl/w-noworocznym-oredziu-zelenski-obiecal-spustoszenie-sil-rosy/000IBC8OGVY9C0YT-C307.jpg\" /></a>Prezydent Ukrainy Wo\u0142odymyr Ze\u0142enski w swoim or\u0119dziu noworocznym obieca\u0142 &quot;spustoszenie&quot; si\u0142 rosyjskich, kt\u00f3re najecha\u0142y jego kraj prawie dwa lata temu.</p><br clear=\"all\" />", "link": "https://www.rmf24.pl/raporty/raport-wojna-z-rosja/news-w-noworocznym-oredziu-zelenski-obiecal-spustoszenie-sil-rosy,nId,7241625", "date_published": "2024-01-01T00:05:13+00:00", "permanent": false, "bookmarked": false, "dead": false, "artist": "RMF24.pl", "album": "RMF24.pl", "user": null, "language": "pl", "thumbnail": "https://www.rmf24.pl/s/classic/Small-rmf24.pl.png", "age": null, "page_rating_contents": 0, "page_rating_votes": 0, "page_rating_visits": 0, "page_rating": 0, "tags": [], "comments": [], "vote": 0}]