[{"age": null, "album": "", "artist": null, "bookmarked": false, "comments": [], "date_published": "2024-05-10T19:55:00+00:00", "description": "<p><a href=\"https://www.rmf24.pl/regiony/wroclaw/news-policyjny-poscig-ulicami-jeleniej-gory-motocyklista-nie-zatr,nId,7502988\"><img align=\"left\" alt=\"Po\u015bcig ulicami Jeleniej G\u00f3ry. Motocyklista nie zatrzyma\u0142 si\u0119 do kontroli\" src=\"https://interia-s.pluscdn.pl/poscig-ulicami-jeleniej-gory-motocyklista-nie-zatrzymal-sie/000J3R7Y5NWMF7TG-C307.jpg\" /></a>Policyjny po\u015bcig po ulicach Jeleniej G\u00f3ry - dowiedzia\u0142o si\u0119 RMF FM. Mundurowi pr\u00f3bowali zatrzyma\u0107 do kontroli drogowej motocyklist\u0119, kt\u00f3rego pojazd nie mia\u0142 tablic rejestracyjnych.</p><br clear=\"all\" />", "language": "pl", "link": "https://www.rmf24.pl/regiony/wroclaw/news-policyjny-poscig-ulicami-jeleniej-gory-motocyklista-nie-zatr,nId,7502988", "manual_status_code": 0, "page_rating": 32, "page_rating_contents": 100, "page_rating_visits": 0, "page_rating_votes": 0, "permanent": false, "source": "https://www.rmf24.pl/feed", "source_obj__id": 268, "status_code": 0, "tags": [], "thumbnail": null, "title": "Po\u015bcig ulicami Jeleniej G\u00f3ry. Motocyklista nie zatrzyma\u0142 si\u0119 do kontroli", "user": null, "vote": 0}, {"age": null, "album": "", "artist": null, "bookmarked": false, "comments": [], "date_published": "2024-05-10T18:19:20+00:00", "description": "<p><a href=\"https://www.rmf24.pl/raporty/raport-izrael-w-stanie-wojny/news-izrael-rozszerza-operacje-czolgi-w-rafah,nId,7502955\"><img align=\"left\" alt=\"Izrael rozszerza operacj\u0119. Czo\u0142gi w Rafah\" src=\"https://interia-s.pluscdn.pl/izrael-rozszerza-operacje-czolgi-w-rafah/000J3QZPPU3V69TA-C307.jpg\" /></a>Gabinet wojenny Izraela zag\u0142osowa\u0142 za rozszerzeniem operacji w Rafah - informuje serwis Axios. Decyzja mo\u017ce jeszcze bardziej skomplikowa\u0107 ju\u017c trudne relacje mi\u0119dzy rz\u0105dem Benjamina Netanjahu i administracj\u0105 Joe Bidena.</p><br clear=\"all\" />", "language": "pl", "link": "https://www.rmf24.pl/raporty/raport-izrael-w-stanie-wojny/news-izrael-rozszerza-operacje-czolgi-w-rafah,nId,7502955", "manual_status_code": 0, "page_rating": 32, "page_rating_contents": 100, "page_rating_visits": 0, "page_rating_votes": 0, "permanent": false, "source": "https://www.rmf24.pl/feed", "source_obj__id": 268, "status_code": 0, "tags": [], "thumbnail": null, "title": "Izrael rozszerza operacj\u0119. Czo\u0142gi w Rafah", "user": null, "vote": 0}, {"age": null, "album": "", "artist": null, "bookmarked": false, "comments": [], "date_published": "2024-05-10T18:17:41+00:00", "description": "<p><a href=\"https://www.rmf24.pl/sport/pilka-nozna/news-kylian-mbappe-odchodzi-z-psg-merci,nId,7502968\"><img align=\"left\" alt=\"Kylian Mbappe odchodzi z PSG. &quot;Merci&quot;\" src=\"https://interia-s.pluscdn.pl/kylian-mbappe-odchodzi-z-psg-merci/000J3QZH0S2SW66D-C307.jpg\" /></a>&quot;Merci&quot; - napisa\u0142 w mediach spo\u0142eczno\u015bciowych Kylian Mbappe, oznajmiaj\u0105c, \u017ce po prawie siedmiu latach odchodzi z Paris Saint-Germain. Wiele wskazuje na to, \u017ce francuski gwiazdor latem do\u0142\u0105czy do Realu Madryt.</p><br clear=\"all\" />", "language": "pl", "link": "https://www.rmf24.pl/sport/pilka-nozna/news-kylian-mbappe-odchodzi-z-psg-merci,nId,7502968", "manual_status_code": 0, "page_rating": 32, "page_rating_contents": 100, "page_rating_visits": 0, "page_rating_votes": 0, "permanent": false, "source": "https://www.rmf24.pl/feed", "source_obj__id": 268, "status_code": 0, "tags": [], "thumbnail": null, "title": "Kylian Mbappe odchodzi z PSG. \"Merci\"", "user": null, "vote": 0}, {"age": null, "album": "", "artist": null, "bookmarked": false, "comments": [], "date_published": "2024-05-10T18:05:35+00:00", "description": "<p><a href=\"https://www.rmf24.pl/ciekawostki/news-potezna-burza-geomagnetyczna-tej-nocy-duza-szansa-na-obserwa,nId,7502965\"><img align=\"left\" alt=\"Pot\u0119\u017cna burza magnetyczna. Tej nocy du\u017ca szansa na obserwacj\u0119 zorzy\" src=\"https://interia-s.pluscdn.pl/potezna-burza-magnetyczna-tej-nocy-duza-szansa-na-obserwacje/000J3QXL9UKAPQJK-C307.jpg\" /></a>Dzisiejszej nocy b\u0119dzie du\u017ca szansa na obserwacj\u0119 zorzy polarnej. Ma to zwi\u0105zek z prognozowan\u0105 bardzo siln\u0105 burz\u0105 geomagnetyczn\u0105 \u2013 poinformowa\u0142a Helena Ciechowska z Centrum Bada\u0144 Kosmicznych PAN.</p><br clear=\"all\" />", "language": "pl", "link": "https://www.rmf24.pl/ciekawostki/news-potezna-burza-geomagnetyczna-tej-nocy-duza-szansa-na-obserwa,nId,7502965", "manual_status_code": 0, "page_rating": 32, "page_rating_contents": 100, "page_rating_visits": 0, "page_rating_votes": 0, "permanent": false, "source": "https://www.rmf24.pl/feed", "source_obj__id": 268, "status_code": 0, "tags": [], "thumbnail": null, "title": "Pot\u0119\u017cna burza magnetyczna. Tej nocy du\u017ca szansa na obserwacj\u0119 zorzy", "user": null, "vote": 0}, {"age": null, "album": "", "artist": null, "bookmarked": false, "comments": [], "date_published": "2024-05-10T18:05:35+00:00", "description": "<p><a href=\"https://www.rmf24.pl/ciekawostki/news-potezna-burza-magnetyczna-tej-nocy-duza-szansa-na-obserwacje,nId,7502965\"><img align=\"left\" alt=\"Pot\u0119\u017cna burza magnetyczna. Tej nocy du\u017ca szansa na obserwacj\u0119 zorzy \" src=\"https://interia-s.pluscdn.pl/potezna-burza-magnetyczna-tej-nocy-duza-szansa-na-obserwacje/000J3QXL9UKAPQJK-C307.jpg\" /></a>Dzisiejszej nocy b\u0119dzie du\u017ca szansa na obserwacj\u0119 zorzy polarnej. Jest to spowodowane tym, \u017ce prognozowana jest bardzo silna burza geomagnetyczna \u2013 poinformowa\u0142a Helena Ciechowska z Centrum Bada\u0144 Kosmicznych PAN.</p><br clear=\"all\" />", "language": "pl", "link": "https://www.rmf24.pl/ciekawostki/news-potezna-burza-magnetyczna-tej-nocy-duza-szansa-na-obserwacje,nId,7502965", "manual_status_code": 0, "page_rating": 32, "page_rating_contents": 100, "page_rating_visits": 0, "page_rating_votes": 0, "permanent": false, "source": "https://www.rmf24.pl/feed", "source_obj__id": 268, "status_code": 0, "tags": [], "thumbnail": null, "title": "Pot\u0119\u017cna burza magnetyczna. Tej nocy du\u017ca szansa na obserwacj\u0119 zorzy", "user": null, "vote": 0}, {"age": null, "album": "", "artist": null, "bookmarked": false, "comments": [], "date_published": "2024-05-10T17:15:14+00:00", "description": "<p><a href=\"https://www.rmf24.pl/fakty/swiat/news-aktywisci-z-domkow-na-drzewach-szturmowali-fabryke-tesli-pod,nId,7502924\"><img align=\"left\" alt=\"Aktywi\u015bci z domk\u00f3w na drzewach szturmowali fabryk\u0119 Tesli pod Berlinem\" src=\"https://interia-s.pluscdn.pl/aktywisci-z-domkow-na-drzewach-szturmowali-fabryke-tesli-pod/000J3QTNRI9TDBKV-C307.jpg\" /></a>Ponad tysi\u0105c zamaskowanych aktywist\u00f3w szturmowa\u0142o w pi\u0105tek fabryk\u0119 Tesli pod Berlinem. T\u0142um pr\u00f3bowa\u0142a powstrzymywa\u0107 policja. Niemieckie media donosz\u0105 o aresztowaniach. S\u0142u\u017cby u\u017cy\u0142y gazu i pa\u0142ek.</p><br clear=\"all\" />", "language": "pl", "link": "https://www.rmf24.pl/fakty/swiat/news-aktywisci-z-domkow-na-drzewach-szturmowali-fabryke-tesli-pod,nId,7502924", "manual_status_code": 0, "page_rating": 32, "page_rating_contents": 100, "page_rating_visits": 0, "page_rating_votes": 0, "permanent": false, "source": "https://www.rmf24.pl/feed", "source_obj__id": 268, "status_code": 0, "tags": [], "thumbnail": null, "title": "Aktywi\u015bci z domk\u00f3w na drzewach szturmowali fabryk\u0119 Tesli pod Berlinem", "user": null, "vote": 0}, {"age": null, "album": "", "artist": null, "bookmarked": false, "comments": [], "date_published": "2024-05-10T17:01:53+00:00", "description": "<p><a href=\"https://www.rmf24.pl/regiony/kielce/news-pozar-dps-u-w-kielcach-17-pensjonariuszy-trafilo-do-szpitali,nId,7502939\"><img align=\"left\" alt=\"Po\u017car DPS-u w Kielcach. 17 pensjonariuszy trafi\u0142o do szpitali\" src=\"https://interia-s.pluscdn.pl/pozar-dps-u-w-kielcach-17-pensjonariuszy-trafilo-do-szpitali/000J3QSHAVHUUQ6N-C307.jpg\" /></a>17 os\u00f3b trafi\u0142o do szpitali po po\u017carze, jaki w pi\u0105tek po po\u0142udniu wybuch\u0142 w domu pomocy spo\u0142ecznej w Kielcach. \u0141\u0105cznie z budynku ewakuowano 39 pensjonariuszy. Stra\u017cacy podkre\u015blaj\u0105, \u017ce w pocz\u0105tkowej fazie akcja ga\u015bnicza by\u0142a dramatyczna.</p><br clear=\"all\" />", "language": "pl", "link": "https://www.rmf24.pl/regiony/kielce/news-pozar-dps-u-w-kielcach-17-pensjonariuszy-trafilo-do-szpitali,nId,7502939", "manual_status_code": 0, "page_rating": 32, "page_rating_contents": 100, "page_rating_visits": 0, "page_rating_votes": 0, "permanent": false, "source": "https://www.rmf24.pl/feed", "source_obj__id": 268, "status_code": 0, "tags": [], "thumbnail": null, "title": "Po\u017car DPS-u w Kielcach. 17 pensjonariuszy trafi\u0142o do szpitali", "user": null, "vote": 0}, {"age": null, "album": "", "artist": null, "bookmarked": false, "comments": [], "date_published": "2024-05-10T17:01:53+00:00", "description": "<p><a href=\"https://www.rmf24.pl/regiony/kielce/news-pozar-dps-u-w-kielcach-z-placowki-ewakuowano-39-osob,nId,7502939\"><img align=\"left\" alt=\"Po\u017car DPS-u w Kielcach. Z plac\u00f3wki ewakuowano 39 os\u00f3b\" src=\"https://interia-s.pluscdn.pl/pozar-dps-u-w-kielcach-z-placowki-ewakuowano-39-osob/000J3QSHAVHUUQ6N-C307.jpg\" /></a>Po\u017car domu pomocy spo\u0142ecznej w Kielcach. Ogie\u0144 obj\u0105\u0142 elewacj\u0119 budynku i cz\u0119\u015bciowo dach. Z plac\u00f3wki ewakuowano 39 os\u00f3b.</p><br clear=\"all\" />", "language": "pl", "link": "https://www.rmf24.pl/regiony/kielce/news-pozar-dps-u-w-kielcach-z-placowki-ewakuowano-39-osob,nId,7502939", "manual_status_code": 0, "page_rating": 32, "page_rating_contents": 100, "page_rating_visits": 0, "page_rating_votes": 0, "permanent": false, "source": "https://www.rmf24.pl/feed", "source_obj__id": 268, "status_code": 0, "tags": [], "thumbnail": null, "title": "Po\u017car DPS-u w Kielcach. Z plac\u00f3wki ewakuowano 39 os\u00f3b", "user": null, "vote": 0}, {"age": null, "album": "", "artist": null, "bookmarked": false, "comments": [], "date_published": "2024-05-10T16:43:00+00:00", "description": "<p><a href=\"https://www.rmf24.pl/fakty/swiat/news-kluczowe-glosowanie-onz-ws-palestyny-przelomowa-decyzja-pols,nId,7502926\"><img align=\"left\" alt=\"Kluczowe g\u0142osowanie ONZ ws. Palestyny. Prze\u0142omowa decyzja Polski\" src=\"https://interia-s.pluscdn.pl/kluczowe-glosowanie-onz-ws-palestyny-przelomowa-decyzja-pols/000J3QQD45DEXK09-C307.jpg\" /></a>Zgromadzenie Og\u00f3lne popar\u0142o Palestyn\u0119 jako kandydata na pe\u0142noprawnego cz\u0142onka ONZ. Polska, zgodnie z wcze\u015bniejszymi informacjami korespondenta RMF FM Paw\u0142a \u017buchowskiego, zag\u0142osowa\u0142a za przyj\u0119ciem Palestyny do Organizacji Narod\u00f3w Zjednoczonych.</p><br clear=\"all\" />", "language": "pl", "link": "https://www.rmf24.pl/fakty/swiat/news-kluczowe-glosowanie-onz-ws-palestyny-przelomowa-decyzja-pols,nId,7502926", "manual_status_code": 0, "page_rating": 32, "page_rating_contents": 100, "page_rating_visits": 0, "page_rating_votes": 0, "permanent": false, "source": "https://www.rmf24.pl/feed", "source_obj__id": 268, "status_code": 0, "tags": [], "thumbnail": null, "title": "Kluczowe g\u0142osowanie ONZ ws. Palestyny. Prze\u0142omowa decyzja Polski", "user": null, "vote": 0}, {"age": null, "album": "", "artist": null, "bookmarked": false, "comments": [], "date_published": "2024-05-10T16:28:40+00:00", "description": "<p><a href=\"https://www.rmf24.pl/raporty/raport-eurowybory-2024/news-znamy-numery-list-w-wyborach-do-parlamentu-europejskiego,nId,7502923\"><img align=\"left\" alt=\"Znamy numery list w wyborach do Parlamentu Europejskiego\" src=\"https://interia-s.pluscdn.pl/znamy-numery-list-w-wyborach-do-parlamentu-europejskiego/000J3QQ9B4JFKIW0-C307.jpg\" /></a>1 dla Trzeciej Drogi, 2 dla Konfederacji, 3 dla Bezpartyjnych Samorz\u0105dowc\u00f3w - Normalna Polska w Normalnej Europie, 4 dla Polexitu, 5 dla KO, 6 dla Lewicy, 7 dla PiS. To numery list wyborczych wylosowane w siedzibie PKW dla og\u00f3lnopolskich komitet\u00f3w, kt\u00f3re wystawi\u0105 kandydat\u00f3w do PE we wszystkich 13 okr\u0119gach wyborczych.</p><br clear=\"all\" />", "language": "pl", "link": "https://www.rmf24.pl/raporty/raport-eurowybory-2024/news-znamy-numery-list-w-wyborach-do-parlamentu-europejskiego,nId,7502923", "manual_status_code": 0, "page_rating": 32, "page_rating_contents": 100, "page_rating_visits": 0, "page_rating_votes": 0, "permanent": false, "source": "https://www.rmf24.pl/feed", "source_obj__id": 268, "status_code": 0, "tags": [], "thumbnail": null, "title": "Znamy numery list w wyborach do Parlamentu Europejskiego", "user": null, "vote": 0}, {"age": null, "album": "", "artist": null, "bookmarked": false, "comments": [], "date_published": "2024-05-10T16:17:51+00:00", "description": "<p><a href=\"https://www.rmf24.pl/raporty/raport-protesty-rolnikow/news-wojciechowski-wdzieczny-za-protesty-rolnikow-pomogli-szybko-,nId,7502918\"><img align=\"left\" alt=\"Wojciechowski wdzi\u0119czny za protesty rolnik\u00f3w. &quot;Pomogli szybko zareagowa\u0107&quot;\" src=\"https://interia-s.pluscdn.pl/wojciechowski-wdzieczny-za-protesty-rolnikow-pomogli-szybko/000J3QOTU559UJ6A-C307.jpg\" /></a>Komisarz ds. rolnictwa Janusz Wojciechowski w wywiadzie dla portalu Euractiv przyzna\u0142, \u017ce &quot;w pewnych kwestiach&quot; mia\u0142 odmienne pogl\u0105dy od przewodnicz\u0105cej KE Ursuli von der Leyen. Odrzuci\u0142 te\u017c krytyk\u0119 premiera Donalda Tuska dotycz\u0105c\u0105 jego wsparcia dla Europejskiego Zielonego \u0141adu.</p><br clear=\"all\" />", "language": "pl", "link": "https://www.rmf24.pl/raporty/raport-protesty-rolnikow/news-wojciechowski-wdzieczny-za-protesty-rolnikow-pomogli-szybko-,nId,7502918", "manual_status_code": 0, "page_rating": 32, "page_rating_contents": 100, "page_rating_visits": 0, "page_rating_votes": 0, "permanent": false, "source": "https://www.rmf24.pl/feed", "source_obj__id": 268, "status_code": 0, "tags": [], "thumbnail": null, "title": "Wojciechowski wdzi\u0119czny za protesty rolnik\u00f3w. \"Pomogli szybko zareagowa\u0107\"", "user": null, "vote": 0}, {"age": null, "album": "", "artist": null, "bookmarked": false, "comments": [], "date_published": "2024-05-10T15:35:04+00:00", "description": "<p><a href=\"https://www.rmf24.pl/ekonomia/news-wakacje-kredytowe-2024-jest-decyzja-prezydenta,nId,7502755\"><img align=\"left\" alt=\"Prezydent podj\u0105\u0142 decyzj\u0119 ws. tegorocznych wakacji kredytowych\" src=\"https://interia-s.pluscdn.pl/prezydent-podjal-decyzje-ws-tegorocznych-wakacji-kredytowych/000J3QD0JRCCRSO1-C307.jpg\" /></a>Kancelaria Prezydenta poinformowa\u0142a, \u017ce prezydent Andrzej Duda skierowa\u0142 do Trybuna\u0142u Konstytucyjnego nowelizacj\u0119 ustawy o wsparciu kredytobiorc\u00f3w, kt\u00f3ra zak\u0142ada przed\u0142u\u017cenie wakacji kredytowych na 2024 rok. Do TK trafi\u0105 te\u017c nowele ustaw m.in. o rachunkowo\u015bci i o kredycie konsumenckim.</p><br clear=\"all\" />", "language": "pl", "link": "https://www.rmf24.pl/ekonomia/news-wakacje-kredytowe-2024-jest-decyzja-prezydenta,nId,7502755", "manual_status_code": 0, "page_rating": 32, "page_rating_contents": 100, "page_rating_visits": 0, "page_rating_votes": 0, "permanent": false, "source": "https://www.rmf24.pl/feed", "source_obj__id": 268, "status_code": 0, "tags": [], "thumbnail": null, "title": "Prezydent podj\u0105\u0142 decyzj\u0119 ws. tegorocznych wakacji kredytowych", "user": null, "vote": 0}, {"age": null, "album": "", "artist": null, "bookmarked": false, "comments": [], "date_published": "2024-05-10T15:14:00+00:00", "description": "<p><a href=\"https://www.rmf24.pl/polityka/news-lewica-zapewnia-ze-bedzie-pilnowala-dalszego-rozwoju-cpk,nId,7502735\"><img align=\"left\" alt=\"Lewica zapewnia, \u017ce b\u0119dzie pilnowa\u0142a dalszego rozwoju CPK\" src=\"https://interia-s.pluscdn.pl/lewica-zapewnia-ze-bedzie-pilnowala-dalszego-rozwoju-cpk/000J3Q71PU431YQS-C307.jpg\" /></a>&quot;My, jako Lewica b\u0119dziemy pilnowali dalszego rozwoju projektu&quot; - zadeklarowa\u0142 Robert Biedro\u0144, odnosz\u0105c si\u0119 do budowy Centralnego Portu Komunikacyjnego. Anna Maria \u017bukowska podkre\u015bli\u0142a z kolei, \u017ce CPK jest projektem infrastrukturalnym, transportowym, kt\u00f3ry zwi\u0119kszy szanse rozwojowe Polski.</p><br clear=\"all\" />", "language": "pl", "link": "https://www.rmf24.pl/polityka/news-lewica-zapewnia-ze-bedzie-pilnowala-dalszego-rozwoju-cpk,nId,7502735", "manual_status_code": 0, "page_rating": 32, "page_rating_contents": 100, "page_rating_visits": 0, "page_rating_votes": 0, "permanent": false, "source": "https://www.rmf24.pl/feed", "source_obj__id": 268, "status_code": 0, "tags": [], "thumbnail": null, "title": "Lewica zapewnia, \u017ce b\u0119dzie pilnowa\u0142a dalszego rozwoju CPK", "user": null, "vote": 0}, {"age": null, "album": "", "artist": null, "bookmarked": false, "comments": [], "date_published": "2024-05-10T14:37:44+00:00", "description": "<p><a href=\"https://www.rmf24.pl/regiony/zakopane/news-dwaj-pilkarze-z-brazylii-musza-opuscic-polske-grali-na-podha,nId,7502711\"><img align=\"left\" alt=\"\u200bDwaj pi\u0142karze z Brazylii musz\u0105 opu\u015bci\u0107 Polsk\u0119. Grali na Podhalu\" src=\"https://interia-s.pluscdn.pl/dwaj-pilkarze-z-brazylii-musza-opuscic-polske-grali-na-podha/000J3Q0TP84TTLMC-C307.jpg\" /></a>Funkcjonariusze Stra\u017cy Granicznej z Zakopanego sprawdzili, czy dwaj Brazylijczycy, pi\u0142karze jednego z podhala\u0144skich klub\u00f3w, przebywaj\u0105 na terenie Polski legalnie. M\u0119\u017cczy\u017ani zostali zatrzymani. Musz\u0105 wr\u00f3ci\u0107 do swego kraju.</p><br clear=\"all\" />", "language": "pl", "link": "https://www.rmf24.pl/regiony/zakopane/news-dwaj-pilkarze-z-brazylii-musza-opuscic-polske-grali-na-podha,nId,7502711", "manual_status_code": 0, "page_rating": 32, "page_rating_contents": 100, "page_rating_visits": 0, "page_rating_votes": 0, "permanent": false, "source": "https://www.rmf24.pl/feed", "source_obj__id": 268, "status_code": 0, "tags": [], "thumbnail": null, "title": "\u200bDwaj pi\u0142karze z Brazylii musz\u0105 opu\u015bci\u0107 Polsk\u0119. Grali na Podhalu", "user": null, "vote": 0}, {"age": null, "album": "", "artist": null, "bookmarked": false, "comments": [], "date_published": "2024-05-10T14:36:20+00:00", "description": "<p><a href=\"https://www.rmf24.pl/ekonomia/news-glapinski-inflacja-niestety-wzrosnie,nId,7502693\"><img align=\"left\" alt=\"Glapi\u0144ski: Inflacja niestety wzro\u015bnie\" src=\"https://interia-s.pluscdn.pl/glapinski-inflacja-niestety-wzrosnie/000J3Q149Y170F6J-C307.jpg\" /></a>Dzie\u0144 po og\u0142oszeniu przez NBP decyzji w sprawie st\u00f3p procentowych, g\u0142os zabra\u0142 prezes banku centralnego. Adam Glapi\u0144ski mia\u0142 kilka wa\u017cnych komunikat\u00f3w, og\u0142osi\u0142 te\u017c kilka prognoz.</p><br clear=\"all\" />", "language": "pl", "link": "https://www.rmf24.pl/ekonomia/news-glapinski-inflacja-niestety-wzrosnie,nId,7502693", "manual_status_code": 0, "page_rating": 32, "page_rating_contents": 100, "page_rating_visits": 0, "page_rating_votes": 0, "permanent": false, "source": "https://www.rmf24.pl/feed", "source_obj__id": 268, "status_code": 0, "tags": [], "thumbnail": null, "title": "Glapi\u0144ski: Inflacja niestety wzro\u015bnie", "user": null, "vote": 0}, {"age": null, "album": "", "artist": null, "bookmarked": false, "comments": [], "date_published": "2024-05-10T14:15:00+00:00", "description": "<p><a href=\"https://www.rmf24.pl/regiony/warszawa/news-prokuratura-przygotowala-zarzuty-wobec-szmydta-oskarzy-go-o-,nId,7502694\"><img align=\"left\" alt=\"Prokuratura przygotowa\u0142a zarzuty wobec Szmydta. Oskar\u017cy go o szpiegostwo\" src=\"https://interia-s.pluscdn.pl/prokuratura-przygotowala-zarzuty-wobec-szmydta-oskarzy-go-o/000J3PLCYNF4B8AN-C307.jpg\" /></a>Prokuratura Generalna przygotowa\u0142a zarzuty dla zbieg\u0142ego na Bia\u0142oru\u015b Tomasza Szmydta. Polski wymiar sprawiedliwo\u015bci oskar\u017cy go o szpiegostwo.</p><br clear=\"all\" />", "language": "pl", "link": "https://www.rmf24.pl/regiony/warszawa/news-prokuratura-przygotowala-zarzuty-wobec-szmydta-oskarzy-go-o-,nId,7502694", "manual_status_code": 0, "page_rating": 32, "page_rating_contents": 100, "page_rating_visits": 0, "page_rating_votes": 0, "permanent": false, "source": "https://www.rmf24.pl/feed", "source_obj__id": 268, "status_code": 0, "tags": [], "thumbnail": null, "title": "Prokuratura przygotowa\u0142a zarzuty wobec Szmydta. Oskar\u017cy go o szpiegostwo", "user": null, "vote": 0}, {"age": null, "album": "", "artist": null, "bookmarked": false, "comments": [], "date_published": "2024-05-10T13:58:10+00:00", "description": "<p><a href=\"https://www.rmf24.pl/fakty/swiat/news-polska-zaglosuje-dzis-za-czlonkostwem-palestyny-w-onz,nId,7502688\"><img align=\"left\" alt=\"\u200bPolska zag\u0142osuje dzi\u015b za cz\u0142onkostwem Palestyny w ONZ\" src=\"https://interia-s.pluscdn.pl/polska-zaglosuje-dzis-za-czlonkostwem-palestyny-w-onz/000J3PEDRKLBS2U4-C307.jpg\" /></a>Jak nieoficjalnie dowiedzia\u0142 si\u0119 korespondent RMF FM w USA Pawe\u0142 \u017buchowski, Polska zag\u0142osuje dzi\u015b za cz\u0142onkostwem Palestyny w Organizacji Nard\u00f3w Zjednoczonych</p><br clear=\"all\" />", "language": "pl", "link": "https://www.rmf24.pl/fakty/swiat/news-polska-zaglosuje-dzis-za-czlonkostwem-palestyny-w-onz,nId,7502688", "manual_status_code": 0, "page_rating": 32, "page_rating_contents": 100, "page_rating_visits": 0, "page_rating_votes": 0, "permanent": false, "source": "https://www.rmf24.pl/feed", "source_obj__id": 268, "status_code": 0, "tags": [], "thumbnail": null, "title": "\u200bPolska zag\u0142osuje dzi\u015b za cz\u0142onkostwem Palestyny w ONZ", "user": null, "vote": 0}, {"age": null, "album": "", "artist": null, "bookmarked": false, "comments": [], "date_published": "2024-05-10T13:54:00+00:00", "description": "<p><a href=\"https://www.rmf24.pl/polityka/news-rzad-wkrotce-zajmie-sie-komisja-ds-badania-wplywow-rosyjskic,nId,7502673\"><img align=\"left\" alt=\"Rz\u0105d wkr\u00f3tce zajmie si\u0119 komisj\u0105 ds. badania wp\u0142yw\u00f3w rosyjskich\" src=\"https://interia-s.pluscdn.pl/rzad-wkrotce-zajmie-sie-komisja-ds-badania-wplywow-rosyjskic/000J3PCSOSXBQSTP-C307.jpg\" /></a>\u200bTomasz Siemoniak poinformowa\u0142, \u017ce przyj\u0119cie projektu nowelizacji ustawy o Pa\u0144stwowej Komisji ds. Badania Wp\u0142yw\u00f3w Rosyjskich przez Rad\u0119 Ministr\u00f3w planowane jest na 21 maja. Doda\u0142, \u017ce projekt zostanie skierowany na najbli\u017csze posiedzenie Sejmu.</p><br clear=\"all\" />", "language": "pl", "link": "https://www.rmf24.pl/polityka/news-rzad-wkrotce-zajmie-sie-komisja-ds-badania-wplywow-rosyjskic,nId,7502673", "manual_status_code": 0, "page_rating": 32, "page_rating_contents": 100, "page_rating_visits": 0, "page_rating_votes": 0, "permanent": false, "source": "https://www.rmf24.pl/feed", "source_obj__id": 268, "status_code": 0, "tags": [], "thumbnail": null, "title": "Rz\u0105d wkr\u00f3tce zajmie si\u0119 komisj\u0105 ds. badania wp\u0142yw\u00f3w rosyjskich", "user": null, "vote": 0}, {"age": null, "album": "", "artist": null, "bookmarked": false, "comments": [], "date_published": "2024-05-10T13:51:15+00:00", "description": "<p><a href=\"https://www.rmf24.pl/raporty/raport-wojna-z-rosja/news-zaczelo-sie-rosjanie-ida-na-charkow,nId,7502403\"><img align=\"left\" alt=\"Zacz\u0119\u0142o si\u0119. Rosjanie id\u0105 na Chark\u00f3w\" src=\"https://interia-s.pluscdn.pl/zaczelo-sie-rosjanie-ida-na-charkow/000J3PECCT42XJX1-C307.jpg\" /></a>Rosjanie rozpocz\u0119li now\u0105 ofensyw\u0119 - informuje Kij\u00f3w. Celem jest drugie co do wielko\u015bci ukrai\u0144skie miasto, Chark\u00f3w. Obro\u0144cy odparli ataki, a w rejon najci\u0119\u017cszych walk wys\u0142ano rezerwy. Pojawiaj\u0105 si\u0119 doniesienia, \u017ce okupanci przesun\u0119li si\u0119 ju\u017c kilometr w g\u0142\u0105b obwodu charkowskiego. Obecnie na terenach przygranicznych trwaj\u0105 zaci\u0119te walki i wymiana ogniem artyleryjskim. Wo\u0142odymyr Ze\u0142enski uspokaja: b\u0119dziemy w stanie odeprze\u0107 Rosjan. Dodaje jednak - nadci\u0105gnie ich wi\u0119cej.</p><br clear=\"all\" />", "language": "pl", "link": "https://www.rmf24.pl/raporty/raport-wojna-z-rosja/news-zaczelo-sie-rosjanie-ida-na-charkow,nId,7502403", "manual_status_code": 0, "page_rating": 32, "page_rating_contents": 100, "page_rating_visits": 0, "page_rating_votes": 0, "permanent": false, "source": "https://www.rmf24.pl/feed", "source_obj__id": 268, "status_code": 0, "tags": [], "thumbnail": null, "title": "Zacz\u0119\u0142o si\u0119. Rosjanie id\u0105 na Chark\u00f3w", "user": null, "vote": 0}, {"age": null, "album": "", "artist": null, "bookmarked": false, "comments": [], "date_published": "2024-05-10T13:06:00+00:00", "description": "<p><a href=\"https://www.rmf24.pl/regiony/warszawa/news-donald-tusk-pojedzie-na-granice-polsko-bialoruska,nId,7502405\"><img align=\"left\" alt=\"Donald Tusk pojedzie na granic\u0119 polsko-bia\u0142orusk\u0105\" src=\"https://interia-s.pluscdn.pl/donald-tusk-pojedzie-na-granice-polsko-bialoruska/000J3O2C0RV51OF2-C307.jpg\" /></a>Donald Tusk po posiedzeniu Kolegium ds. S\u0142u\u017cb Specjalnych poinformowa\u0142, \u017ce w sobot\u0119 rano uda si\u0119 na granic\u0119 polsko-bia\u0142orusk\u0105. Szef polskiego rz\u0105du przekaza\u0142 r\u00f3wnie\u017c, \u017ce przedstawiciel prezydenta zadeklarowa\u0142 gotowo\u015b\u0107 wsp\u00f3\u0142pracy na rzecz wyja\u015bnienia kwestii wp\u0142yw\u00f3w wschodnich s\u0142u\u017cb w Polsce.</p><br clear=\"all\" />", "language": "pl", "link": "https://www.rmf24.pl/regiony/warszawa/news-donald-tusk-pojedzie-na-granice-polsko-bialoruska,nId,7502405", "manual_status_code": 0, "page_rating": 32, "page_rating_contents": 100, "page_rating_visits": 0, "page_rating_votes": 0, "permanent": false, "source": "https://www.rmf24.pl/feed", "source_obj__id": 268, "status_code": 0, "tags": [], "thumbnail": null, "title": "Donald Tusk pojedzie na granic\u0119 polsko-bia\u0142orusk\u0105", "user": null, "vote": 0}, {"age": null, "album": "", "artist": null, "bookmarked": false, "comments": [], "date_published": "2024-05-10T12:10:41+00:00", "description": "<p><a href=\"https://www.rmf24.pl/fakty/swiat/news-rosja-koszmarny-wypadek-w-petersburgu-rosnie-liczba-ofiar,nId,7502353\"><img align=\"left\" alt=\"Rosja: Koszmarny wypadek w Petersburgu, ro\u015bnie liczba ofiar\" src=\"https://interia-s.pluscdn.pl/rosja-koszmarny-wypadek-w-petersburgu-rosnie-liczba-ofiar/000J3NR6SLJVWXXX-C307.jpg\" /></a>Autobus przewo\u017c\u0105cy pasa\u017cer\u00f3w spad\u0142 z mostu i wpad\u0142 do rzeki Mojka w Petersburgu. Wcze\u015bniej staranowa\u0142 kilka pojazd\u00f3w na drodze i przerwa\u0142 barierki. Bilans ofiar ro\u015bnie.</p><br clear=\"all\" />", "language": "pl", "link": "https://www.rmf24.pl/fakty/swiat/news-rosja-koszmarny-wypadek-w-petersburgu-rosnie-liczba-ofiar,nId,7502353", "manual_status_code": 0, "page_rating": 32, "page_rating_contents": 100, "page_rating_visits": 0, "page_rating_votes": 0, "permanent": false, "source": "https://www.rmf24.pl/feed", "source_obj__id": 268, "status_code": 0, "tags": [], "thumbnail": null, "title": "Rosja: Koszmarny wypadek w Petersburgu, ro\u015bnie liczba ofiar", "user": null, "vote": 0}, {"age": null, "album": "", "artist": null, "bookmarked": false, "comments": [], "date_published": "2024-05-10T10:59:59+00:00", "description": "<p><a href=\"https://www.rmf24.pl/regiony/krakow/news-makabra-w-malopolsce-znaleziono-szczatki-dwoch-dziewczynek,nId,7502305\"><img align=\"left\" alt=\"Makabra w Ma\u0142opolsce. Znaleziono szcz\u0105tki dw\u00f3ch dziewczynek\" src=\"https://interia-s.pluscdn.pl/makabra-w-malopolsce-znaleziono-szczatki-dwoch-dziewczynek/000J3N5JTW2JKAON-C307.jpg\" /></a>Policjanci otrzymali informacj\u0119, \u017ce na terenie posesji w miejscowo\u015bci ko\u0142o D\u0105browy Tarnowskiej mog\u0142o doj\u015b\u0107 do tragedii. Za domem funkcjonariusze dokonali makabrycznego odkrycia: ognisko, a w nim ludzkie szcz\u0105tki. &quot;Najprawdopodobniej s\u0105 to szcz\u0105tki dwojga dzieci&quot; - przekaza\u0142a RMF FM rzecznik prasowy Komendy Wojew\u00f3dzkiej Policji w Krakowie, podinsp. Katarzyna Cis\u0142o.</p><br clear=\"all\" />", "language": "pl", "link": "https://www.rmf24.pl/regiony/krakow/news-makabra-w-malopolsce-znaleziono-szczatki-dwoch-dziewczynek,nId,7502305", "manual_status_code": 0, "page_rating": 32, "page_rating_contents": 100, "page_rating_visits": 0, "page_rating_votes": 0, "permanent": false, "source": "https://www.rmf24.pl/feed", "source_obj__id": 268, "status_code": 0, "tags": [], "thumbnail": null, "title": "Makabra w Ma\u0142opolsce. Znaleziono szcz\u0105tki dw\u00f3ch dziewczynek", "user": null, "vote": 0}, {"age": null, "album": "", "artist": null, "bookmarked": false, "comments": [], "date_published": "2024-05-10T10:18:15+00:00", "description": "<p><a href=\"https://www.rmf24.pl/regiony/slaskie/news-pozar-substancji-chemicznych-zamknijcie-okna-alert-rcb,nId,7502276\"><img align=\"left\" alt=\"&quot;Po\u017car substancji chemicznych, zamknijcie okna&quot;. Alert RCB\" src=\"https://interia-s.pluscdn.pl/pozar-substancji-chemicznych-zamknijcie-okna-alert-rcb/000J3N1XEWC13DM0-C307.jpg\" /></a>Rz\u0105dowe Centrum Bezpiecze\u0144stwa (RCB) wyda\u0142o alert w zwi\u0105zku z gigantycznym po\u017carem w Siemianowicach \u015al\u0105skich. RCB ostrzega, aby nie zbli\u017ca\u0107 si\u0119 do miejsca po\u017caru, w miar\u0119 mo\u017cliwo\u015bci pozosta\u0107 w domu oraz zamkn\u0105\u0107 okna.</p><br clear=\"all\" />", "language": "pl", "link": "https://www.rmf24.pl/regiony/slaskie/news-pozar-substancji-chemicznych-zamknijcie-okna-alert-rcb,nId,7502276", "manual_status_code": 0, "page_rating": 32, "page_rating_contents": 100, "page_rating_visits": 0, "page_rating_votes": 0, "permanent": false, "source": "https://www.rmf24.pl/feed", "source_obj__id": 268, "status_code": 0, "tags": [], "thumbnail": null, "title": "\"Po\u017car substancji chemicznych, zamknijcie okna\". Alert RCB", "user": null, "vote": 0}, {"age": null, "album": "", "artist": null, "bookmarked": false, "comments": [], "date_published": "2024-05-10T10:04:13+00:00", "description": "<p><a href=\"https://www.rmf24.pl/fakty/polska/news-bratowa-michala-rachonia-traci-prace-w-polskiej-ambasadzie-w,nId,7502259\"><img align=\"left\" alt=\"Bratowa Micha\u0142a Rachonia traci prac\u0119 w polskiej ambasadzie w USA\" src=\"https://interia-s.pluscdn.pl/bratowa-michala-rachonia-traci-prace-w-polskiej-ambasadzie-w/000J3MZXSRFU0II3-C307.jpg\" /></a>Katarzyna Racho\u0144 to kolejna osoba, kt\u00f3ra ma straci\u0107 prac\u0119 w polskiej plac\u00f3wce dyplomatycznej w Waszyngtonie \u2013 ustalili dziennikarze RMF FM. Jest ona \u017con\u0105 Nikodema Rachonia, attach\u00e9 prasowego naszej ambasady w USA i bratow\u0105 by\u0142ej gwiazdy Telewizji Polskiej czas\u00f3w Jacka Kurskiego.</p><br clear=\"all\" />", "language": "pl", "link": "https://www.rmf24.pl/fakty/polska/news-bratowa-michala-rachonia-traci-prace-w-polskiej-ambasadzie-w,nId,7502259", "manual_status_code": 0, "page_rating": 32, "page_rating_contents": 100, "page_rating_visits": 0, "page_rating_votes": 0, "permanent": false, "source": "https://www.rmf24.pl/feed", "source_obj__id": 268, "status_code": 0, "tags": [], "thumbnail": null, "title": "Bratowa Micha\u0142a Rachonia traci prac\u0119 w polskiej ambasadzie w USA", "user": null, "vote": 0}, {"age": null, "album": "", "artist": null, "bookmarked": false, "comments": [], "date_published": "2024-05-10T10:02:43+00:00", "description": "<p><a href=\"https://www.rmf24.pl/tylko-w-rmf24/rozmowa-w-poludnie/news-pomaska-o-zielonym-ladzie-zmiany-sa-konieczne-ale-musza-byc-,nId,7502159\"><img align=\"left\" alt=\"Pomaska o Zielonym \u0141adzie: Zmiany s\u0105 konieczne, ale musz\u0105 by\u0107 z korzy\u015bci\u0105 dla rolnik\u00f3w\" src=\"https://interia-s.pluscdn.pl/pomaska-o-zielonym-ladzie-zmiany-sa-konieczne-ale-musza-byc/000J3LP2U9PQO7VV-C307.jpg\" /></a>\u201eCel jest jasny (\u2026) zmiany s\u0105 konieczne, ale chodzi o to, \u017ceby by\u0142y z korzy\u015bci\u0105 dla rolnik\u00f3w, dla nas wszystkich\u201d \u2013 powiedzia\u0142a w Rozmowie w po\u0142udnie w Radiu RMF24 Agnieszka Pomaska \u2013 pos\u0142anka KO i wiceprzewodnicz\u0105ca sejmowa komisja ds. UE. Polityk m\u00f3wi\u0142a o Zielonym \u0141adzie w dniu, w kt\u00f3rym ulicami Warszawy przechodz\u0105 masowe protesty przeciwko jego wdro\u017ceniu. \u201eNa pewno mamy powa\u017cne zastrze\u017cenia do zielonego \u0142adu\u201d \u2013 t\u0142umaczy\u0142a Pomaska. </p><br clear=\"all\" />", "language": "pl", "link": "https://www.rmf24.pl/tylko-w-rmf24/rozmowa-w-poludnie/news-pomaska-o-zielonym-ladzie-zmiany-sa-konieczne-ale-musza-byc-,nId,7502159", "manual_status_code": 0, "page_rating": 32, "page_rating_contents": 100, "page_rating_visits": 0, "page_rating_votes": 0, "permanent": false, "source": "https://www.rmf24.pl/feed", "source_obj__id": 268, "status_code": 0, "tags": [], "thumbnail": null, "title": "Pomaska o Zielonym \u0141adzie: Zmiany s\u0105 konieczne, ale musz\u0105 by\u0107 z korzy\u015bci\u0105 dla rolnik\u00f3w", "user": null, "vote": 0}, {"age": null, "album": "", "artist": null, "bookmarked": false, "comments": [], "date_published": "2024-05-10T09:48:20+00:00", "description": "<p><a href=\"https://www.rmf24.pl/regiony/slaskie/news-wybuch-gazu-w-szczyrku-w-ktorym-zginelo-8-osob-jest-wyrok,nId,7502228\"><img align=\"left\" alt=\"Wybuch gazu w Szczyrku, w kt\u00f3rym zgin\u0119\u0142o 8 os\u00f3b. Jest wyrok \" src=\"https://interia-s.pluscdn.pl/wybuch-gazu-w-szczyrku-w-ktorym-zginelo-8-osob-jest-wyrok/000J3MHTAJUPYPQJ-C307.jpg\" /></a>Bielski s\u0105d okr\u0119gowy wymierzy\u0142 w pi\u0105tek kar\u0119 od 3 do 6 lat wi\u0119zienia wszystkim 6 oskar\u017conym w procesie ws. wybuchu gazu w Szczyrku w grudniu 2019 roku. Zgin\u0119\u0142o wtedy 8 os\u00f3b. Przyczyn\u0105 tragedii by\u0142o przewiercenie gazoci\u0105gu przebiegaj\u0105cego pod drog\u0105.</p><br clear=\"all\" />", "language": "pl", "link": "https://www.rmf24.pl/regiony/slaskie/news-wybuch-gazu-w-szczyrku-w-ktorym-zginelo-8-osob-jest-wyrok,nId,7502228", "manual_status_code": 0, "page_rating": 32, "page_rating_contents": 100, "page_rating_visits": 0, "page_rating_votes": 0, "permanent": false, "source": "https://www.rmf24.pl/feed", "source_obj__id": 268, "status_code": 0, "tags": [], "thumbnail": null, "title": "Wybuch gazu w Szczyrku, w kt\u00f3rym zgin\u0119\u0142o 8 os\u00f3b. Jest wyrok", "user": null, "vote": 0}, {"age": null, "album": "", "artist": null, "bookmarked": false, "comments": [], "date_published": "2024-05-10T09:35:16+00:00", "description": "<p><a href=\"https://www.rmf24.pl/regiony/szczecin/news-porod-przez-telefon-i-pierwszy-krzyk-dziecka-bedziesz-miec-d,nId,7502223\"><img align=\"left\" alt=\"Por\u00f3d przez telefon i pierwszy krzyk dziecka. B\u0119dziesz mie\u0107 dreszcze, s\u0142uchaj\u0105c tych nagra\u0144 \" src=\"https://interia-s.pluscdn.pl/porod-przez-telefon-i-pierwszy-krzyk-dziecka-bedziesz-miec-d/000J3MIAY5TNT8NN-C307.jpg\" /></a>Dwa telefony i dwa bezpieczne porody.  W odst\u0119pie zaledwie kilku dni, dyspozytorzy medyczni z Zachodniopomorskiego Urz\u0119du Wojew\u00f3dzkiego, pomogli w przyj\u015bciu na \u015bwiat dw\u00f3ch ch\u0142opc\u00f3w.</p><br clear=\"all\" />", "language": "pl", "link": "https://www.rmf24.pl/regiony/szczecin/news-porod-przez-telefon-i-pierwszy-krzyk-dziecka-bedziesz-miec-d,nId,7502223", "manual_status_code": 0, "page_rating": 32, "page_rating_contents": 100, "page_rating_visits": 0, "page_rating_votes": 0, "permanent": false, "source": "https://www.rmf24.pl/feed", "source_obj__id": 268, "status_code": 0, "tags": [], "thumbnail": null, "title": "Por\u00f3d przez telefon i pierwszy krzyk dziecka. B\u0119dziesz mie\u0107 dreszcze, s\u0142uchaj\u0105c tych nagra\u0144", "user": null, "vote": 0}, {"age": null, "album": "", "artist": null, "bookmarked": false, "comments": [], "date_published": "2024-05-10T09:20:54+00:00", "description": "<p><a href=\"https://www.rmf24.pl/ciekawostki/news-ninja-z-dachu-bezdomna-mieszala-za-szyldem-marketu,nId,7502197\"><img align=\"left\" alt=\"&quot;Ninja z dachu&quot;. Bezdomna miesza\u0142a za szyldem marketu\" src=\"https://interia-s.pluscdn.pl/ninja-z-dachu-bezdomna-mieszala-za-szyldem-marketu/000J3M1S9WUJ7B29-C307.jpg\" /></a>Bezdomna kobieta przez rok mieszka\u0142a w supermarkecie w Michgan w Stanach Zjednoczone. W pomieszczeniu pod dachem urz\u0105dzi\u0142a sobie przytulne gniazdko. Mia\u0142a tam nawet komputer i ekspres do kawy.</p><br clear=\"all\" />", "language": "pl", "link": "https://www.rmf24.pl/ciekawostki/news-ninja-z-dachu-bezdomna-mieszala-za-szyldem-marketu,nId,7502197", "manual_status_code": 0, "page_rating": 32, "page_rating_contents": 100, "page_rating_visits": 0, "page_rating_votes": 0, "permanent": false, "source": "https://www.rmf24.pl/feed", "source_obj__id": 268, "status_code": 0, "tags": [], "thumbnail": null, "title": "\"Ninja z dachu\". Bezdomna miesza\u0142a za szyldem marketu", "user": null, "vote": 0}, {"age": null, "album": "", "artist": null, "bookmarked": false, "comments": [], "date_published": "2024-05-10T08:14:20+00:00", "description": "<p><a href=\"https://www.rmf24.pl/regiony/slaskie/news-potezny-pozar-w-siemianowicach-slaskich-strazacy-przekazali-,nId,7502128\"><img align=\"left\" alt=\"Gigantyczny po\u017car w Siemianowicach \u015al\u0105skich [NAGRANIA]\" src=\"https://interia-s.pluscdn.pl/gigantyczny-pozar-w-siemianowicach-slaskich-nagrania/000J3MID5QCGCBL0-C307.jpg\" /></a>\u201ePo\u017car sk\u0142adowiska w Siemianowicach \u015al\u0105skich jest opanowany, nie rozprzestrzenia si\u0119 ju\u017c, stra\u017cacy sukcesywnie pomniejszaj\u0105 jego obszar\u201d \u2013 przekaza\u0142 komendant wojew\u00f3dzki PSP w Katowicach st. bryg. Wojciech Kruczek. Zaznaczy\u0142, \u017ce trudno przewidzie\u0107 jak d\u0142ugo jeszcze potrwa akcja ga\u015bnicza. &quot;Dane z monitoringu powietrza nie wskazuj\u0105 przekroczenia st\u0119\u017ce\u0144 niebezpiecznych substancji&quot; \u2013 zapewni\u0142 wojewoda \u015bl\u0105ski Marek W\u00f3jcik.</p><br clear=\"all\" />", "language": "pl", "link": "https://www.rmf24.pl/regiony/slaskie/news-potezny-pozar-w-siemianowicach-slaskich-strazacy-przekazali-,nId,7502128", "manual_status_code": 0, "page_rating": 32, "page_rating_contents": 100, "page_rating_visits": 0, "page_rating_votes": 0, "permanent": false, "source": "https://www.rmf24.pl/feed", "source_obj__id": 268, "status_code": 0, "tags": [], "thumbnail": null, "title": "Gigantyczny po\u017car w Siemianowicach \u015al\u0105skich [NAGRANIA]", "user": null, "vote": 0}, {"age": null, "album": "", "artist": null, "bookmarked": false, "comments": [], "date_published": "2024-05-10T08:14:20+00:00", "description": "<p><a href=\"https://www.rmf24.pl/regiony/slaskie/news-potezny-pozar-w-siemianowicach-slaskich-alert-rcb,nId,7502128\"><img align=\"left\" alt=\"Pot\u0119\u017cny po\u017car w Siemianowicach \u015al\u0105skich. Alert RCB\" src=\"https://interia-s.pluscdn.pl/potezny-pozar-w-siemianowicach-slaskich-alert-rcb/000J3MID5QCGCBL0-C307.jpg\" /></a>Gigantyczny po\u017car w Siemianowicach \u015al\u0105skich. Ogie\u0144 pojawi\u0142 si\u0119 na terenie sk\u0142adowiska odpad\u00f3w. Rz\u0105dowe Centrum Bezpiecze\u0144stwa (RCB) wyda\u0142o alert w zwi\u0105zku z po\u017carem w Siemianowicach \u015al\u0105skich. &quot;Uwaga! Po\u017car substancji chemicznych w Siemianowicach \u015al\u0105skich. Nie zbli\u017caj si\u0119 do miejsca po\u017caru. Je\u015bli mo\u017cesz, zosta\u0144 w domu i zamknij okna&quot; - czytamy w tre\u015bci komunikatu RCB.</p><br clear=\"all\" />", "language": "pl", "link": "https://www.rmf24.pl/regiony/slaskie/news-potezny-pozar-w-siemianowicach-slaskich-alert-rcb,nId,7502128", "manual_status_code": 0, "page_rating": 32, "page_rating_contents": 100, "page_rating_visits": 0, "page_rating_votes": 0, "permanent": false, "source": "https://www.rmf24.pl/feed", "source_obj__id": 268, "status_code": 0, "tags": [], "thumbnail": null, "title": "Pot\u0119\u017cny po\u017car w Siemianowicach \u015al\u0105skich. Alert RCB", "user": null, "vote": 0}, {"age": null, "album": "", "artist": null, "bookmarked": false, "comments": [], "date_published": "2024-05-10T08:14:20+00:00", "description": "<p><a href=\"https://www.rmf24.pl/regiony/slaskie/news-potezny-pozar-w-siemianowicach-slaskich-dwoch-strazakow-posz,nId,7502128\"><img align=\"left\" alt=\"Pot\u0119\u017cny po\u017car w Siemianowicach \u015al\u0105skich. Dw\u00f3ch stra\u017cak\u00f3w poszkodowanych \" src=\"https://interia-s.pluscdn.pl/potezny-pozar-w-siemianowicach-slaskich-dwoch-strazakow-posz/000J3MID5QCGCBL0-C307.jpg\" /></a>Podczas gaszenia po\u017caru sk\u0142adowiska odpad\u00f3w w Siemianowicach \u015al\u0105skich poszkodowanych zosta\u0142o dw\u00f3ch uczestnicz\u0105cych w tej akcji stra\u017cak\u00f3w - powiedzia\u0142 rzecznik tamtejszej Komendy Miejskiej PSP kpt. Sebastian Karpi\u0144ski. Trwa dogaszenie po\u017caru. Na razie trudno przewidzie\u0107, kiedy zako\u0144czy si\u0119 akcja. &quot;Dane z monitoringu powietrza nie wskazuj\u0105 przekroczenia st\u0119\u017ce\u0144 niebezpiecznych substancji&quot; \u2013 zapewni\u0142 wojewoda \u015bl\u0105ski Marek W\u00f3jcik.</p><br clear=\"all\" />", "language": "pl", "link": "https://www.rmf24.pl/regiony/slaskie/news-potezny-pozar-w-siemianowicach-slaskich-dwoch-strazakow-posz,nId,7502128", "manual_status_code": 0, "page_rating": 32, "page_rating_contents": 100, "page_rating_visits": 0, "page_rating_votes": 0, "permanent": false, "source": "https://www.rmf24.pl/feed", "source_obj__id": 268, "status_code": 0, "tags": [], "thumbnail": null, "title": "Pot\u0119\u017cny po\u017car w Siemianowicach \u015al\u0105skich. Dw\u00f3ch stra\u017cak\u00f3w poszkodowanych", "user": null, "vote": 0}, {"age": null, "album": "", "artist": null, "bookmarked": false, "comments": [], "date_published": "2024-05-10T08:14:20+00:00", "description": "<p><a href=\"https://www.rmf24.pl/regiony/slaskie/news-potezny-pozar-w-siemianowicach-slaskich-dym-widac-nawet-z-sa,nId,7502128\"><img align=\"left\" alt=\"Pot\u0119\u017cny po\u017car w Siemianowicach \u015al\u0105skich. Dym wida\u0107 nawet z samolotu\" src=\"https://interia-s.pluscdn.pl/potezny-pozar-w-siemianowicach-slaskich-dym-widac-nawet-z-sa/000J3LT030RSP7X1-C307.jpg\" /></a>Du\u017cy po\u017car w Siemianowicach \u015al\u0105skich. Ogie\u0144 pojawi\u0142 si\u0119 na terenie sk\u0142adowiska odpad\u00f3w.</p><br clear=\"all\" />", "language": "pl", "link": "https://www.rmf24.pl/regiony/slaskie/news-potezny-pozar-w-siemianowicach-slaskich-dym-widac-nawet-z-sa,nId,7502128", "manual_status_code": 0, "page_rating": 32, "page_rating_contents": 100, "page_rating_visits": 0, "page_rating_votes": 0, "permanent": false, "source": "https://www.rmf24.pl/feed", "source_obj__id": 268, "status_code": 0, "tags": [], "thumbnail": null, "title": "Pot\u0119\u017cny po\u017car w Siemianowicach \u015al\u0105skich. Dym wida\u0107 nawet z samolotu", "user": null, "vote": 0}, {"age": null, "album": "", "artist": null, "bookmarked": false, "comments": [], "date_published": "2024-05-10T08:08:03+00:00", "description": "<p><a href=\"https://www.rmf24.pl/tylko-w-rmf24/tomasz-skory/komentarze/news-trybunal-jako-aplikacja-zabezpieczajaca,nId,7502132\"><img align=\"left\" alt=\"BLOG SKOREGOTrybuna\u0142 jako aplikacja zabezpieczaj\u0105ca?\" src=\"https://interia-s.pluscdn.pl/blog-skoregotrybunal-jako-aplikacja-zabezpieczajaca/000J3KOIB9FFRKK5-C307.jpg\" /></a>Post\u0119py cyfryzacji ju\u017c nied\u0142ugo mog\u0105 doprowadzi\u0107 do znacznego uproszczenia dzia\u0142ania pa\u0144stwa. Powszechne stosowanie instalowanych w komputerach i telefonach aplikacji od dawna ju\u017c u\u0142atwia szybkie wykonywanie czynno\u015bci kiedy\u015b czasoch\u0142onnych, z\u0142o\u017conych i wymagaj\u0105cych wielu dzia\u0142a\u0144. Zdolny programista bez trudu zapewne stworzy niebawem np. aplikacj\u0119, kt\u00f3ra z powodzeniem wykona zadania Trybuna\u0142u Konstytucyjnego.</p><br clear=\"all\" />", "language": "pl", "link": "https://www.rmf24.pl/tylko-w-rmf24/tomasz-skory/komentarze/news-trybunal-jako-aplikacja-zabezpieczajaca,nId,7502132", "manual_status_code": 0, "page_rating": 32, "page_rating_contents": 100, "page_rating_visits": 0, "page_rating_votes": 0, "permanent": false, "source": "https://www.rmf24.pl/feed", "source_obj__id": 268, "status_code": 0, "tags": [], "thumbnail": null, "title": "Trybuna\u0142 jako aplikacja zabezpieczaj\u0105ca?", "user": null, "vote": 0}, {"age": null, "album": "", "artist": null, "bookmarked": false, "comments": [], "date_published": "2024-05-10T07:20:13+00:00", "description": "<p><a href=\"https://www.rmf24.pl/fakty/swiat/news-tomasz-szmydt-otrzyma-ochrone-od-alaksandra-lukaszenki,nId,7502088\"><img align=\"left\" alt=\"Tomasz Szmydt otrzyma ochron\u0119 od Alaksandra \u0141ukaszenki \" src=\"https://interia-s.pluscdn.pl/tomasz-szmydt-otrzyma-ochrone-od-alaksandra-lukaszenki/000J3K7IDKS9VNM9-C307.jpg\" /></a>Alaksandr \u0141ukaszenka skomentowa\u0142 spraw\u0119 zbieg\u0142ego na Bia\u0142oru\u015b Tomasza Szmydta. To &quot;normalny, patriotyczny Polak&quot; - m\u00f3wi\u0142. Tomasz Szmydt, by\u0142y s\u0119dzia Wojew\u00f3dzkiego S\u0105du Administracyjnego w Warszawie, poprosi\u0142 w poniedzia\u0142ek w Mi\u0144sku w\u0142adze Bia\u0142orusi o &quot;opiek\u0119 i ochron\u0119&quot;. </p><br clear=\"all\" />", "language": "pl", "link": "https://www.rmf24.pl/fakty/swiat/news-tomasz-szmydt-otrzyma-ochrone-od-alaksandra-lukaszenki,nId,7502088", "manual_status_code": 0, "page_rating": 32, "page_rating_contents": 100, "page_rating_visits": 0, "page_rating_votes": 0, "permanent": false, "source": "https://www.rmf24.pl/feed", "source_obj__id": 268, "status_code": 0, "tags": [], "thumbnail": null, "title": "Tomasz Szmydt otrzyma ochron\u0119 od Alaksandra \u0141ukaszenki", "user": null, "vote": 0}, {"age": null, "album": "", "artist": null, "bookmarked": false, "comments": [], "date_published": "2024-05-10T07:03:32+00:00", "description": "<p><a href=\"https://www.rmf24.pl/regiony/slaskie/news-narkotyki-o-wartosci-60-mln-kolejni-czlonkowie-torcidy-w-rek,nId,7502033\"><img align=\"left\" alt=\"Narkotyki o warto\u015bci 60 mln. Kolejni cz\u0142onkowie Torcidy w r\u0119kach policji \" src=\"https://interia-s.pluscdn.pl/narkotyki-o-wartosci-60-mln-kolejni-czlonkowie-torcidy-w-rek/000J3JTYYQTW2MXS-C307.jpg\" /></a>Policjanci z komendy wojew\u00f3dzkiej w Katowicach zatrzymali 15 kolejnych cz\u0142onk\u00f3w Torcidy \u2013 gangu powi\u0105zanego z pseudokibicami G\u00f3rnika Zabrze. Przedstawiono im kilkadziesi\u0105t zarzut\u00f3w, dotycz\u0105cych m.in. udzia\u0142u w zorganizowanej grupie przest\u0119pczej o charakterze zbrojnym, obrotu znacznymi ilo\u015bciami narkotyk\u00f3w oraz pobi\u0107. Siedmiu podejrzanych trafi\u0142o do aresztu. \n\n</p><br clear=\"all\" />", "language": "pl", "link": "https://www.rmf24.pl/regiony/slaskie/news-narkotyki-o-wartosci-60-mln-kolejni-czlonkowie-torcidy-w-rek,nId,7502033", "manual_status_code": 0, "page_rating": 32, "page_rating_contents": 100, "page_rating_visits": 0, "page_rating_votes": 0, "permanent": false, "source": "https://www.rmf24.pl/feed", "source_obj__id": 268, "status_code": 0, "tags": [], "thumbnail": null, "title": "Narkotyki o warto\u015bci 60 mln. Kolejni cz\u0142onkowie Torcidy w r\u0119kach policji", "user": null, "vote": 0}, {"age": null, "album": "", "artist": null, "bookmarked": false, "comments": [], "date_published": "2024-05-10T06:50:26+00:00", "description": "<p><a href=\"https://www.rmf24.pl/fakty/polska/news-premier-tusk-oglosi-zmiany-w-rzadzie-ogladaj-na-zywo-transmi,nId,7502055\"><img align=\"left\" alt=\"Premier Tusk og\u0142osi zmiany w rz\u0105dzie. Ogl\u0105daj na \u017cywo! [TRANSMISJA]\" src=\"https://interia-s.pluscdn.pl/premier-tusk-oglosi-zmiany-w-rzadzie-ogladaj-na-zywo-transmi/000J3JZEDU8IVX1E-C307.jpg\" /></a>Kilka minut po 9:00 rozpocznie si\u0119 konferencja prasowa, podczas kt\u00f3rej premier Donald Tusk og\u0142osi zmiany w sk\u0142adzie rz\u0105du. Poda nazwiska czterech nowych ministr\u00f3w - zast\u0105pi\u0105 oni tych, kt\u00f3rzy trafili na listy w wyborach do Parlamentu Europejskiego.</p><br clear=\"all\" />", "language": "pl", "link": "https://www.rmf24.pl/fakty/polska/news-premier-tusk-oglosi-zmiany-w-rzadzie-ogladaj-na-zywo-transmi,nId,7502055", "manual_status_code": 0, "page_rating": 32, "page_rating_contents": 100, "page_rating_visits": 0, "page_rating_votes": 0, "permanent": false, "source": "https://www.rmf24.pl/feed", "source_obj__id": 268, "status_code": 0, "tags": [], "thumbnail": null, "title": "Premier Tusk og\u0142osi zmiany w rz\u0105dzie. Ogl\u0105daj na \u017cywo! [TRANSMISJA]", "user": null, "vote": 0}, {"age": null, "album": "", "artist": null, "bookmarked": false, "comments": [], "date_published": "2024-05-10T06:50:26+00:00", "description": "<p><a href=\"https://www.rmf24.pl/fakty/polska/news-premier-tusk-oglosil-zmiany-w-rzadzie-sprawdz-kim-sa-nowi-mi,nId,7502055\"><img align=\"left\" alt=\"Premier Tusk og\u0142osi\u0142 zmiany w rz\u0105dzie. Sprawd\u017a, kim s\u0105 nowi ministrowie \" src=\"https://interia-s.pluscdn.pl/premier-tusk-oglosil-zmiany-w-rzadzie-sprawdz-kim-sa-nowi-mi/000J3KHE3IDBGDG6-C307.jpg\" /></a>Premier Donald Tusk og\u0142osi\u0142 zmiany w sk\u0142adzie rz\u0105du. Poda\u0142 nazwiska czterech nowych ministr\u00f3w - zast\u0105pi\u0105 oni tych, kt\u00f3rzy trafili na listy w wyborach do Parlamentu Europejskiego. &quot;Wykonali swoje zadanie&quot; - powiedzia\u0142 o tych, kt\u00f3rzy powalcz\u0105 o mandat europarlamentarzysty. Nowymi ministrami w gabinecie Tuska s\u0105: Tomasz Siemoniak, Hanna Wr\u00f3blewska, Jakub Jaworowski i Krzysztof Paszyk.</p><br clear=\"all\" />", "language": "pl", "link": "https://www.rmf24.pl/fakty/polska/news-premier-tusk-oglosil-zmiany-w-rzadzie-sprawdz-kim-sa-nowi-mi,nId,7502055", "manual_status_code": 0, "page_rating": 32, "page_rating_contents": 100, "page_rating_visits": 0, "page_rating_votes": 0, "permanent": false, "source": "https://www.rmf24.pl/feed", "source_obj__id": 268, "status_code": 0, "tags": [], "thumbnail": null, "title": "Premier Tusk og\u0142osi\u0142 zmiany w rz\u0105dzie. Sprawd\u017a, kim s\u0105 nowi ministrowie", "user": null, "vote": 0}, {"age": null, "album": "", "artist": null, "bookmarked": false, "comments": [], "date_published": "2024-05-10T06:21:40+00:00", "description": "<p><a href=\"https://www.rmf24.pl/raporty/raport-protesty-rolnikow/news-protest-rolnikow-w-stolicy-bedziemy-isc-dluga-droga-ale-to-d,nId,7502017\"><img align=\"left\" alt=\"Protest rolnik\u00f3w w stolicy. &quot;B\u0119dziemy i\u015b\u0107 d\u0142ug\u0105 drog\u0105, ale to droga do zwyci\u0119stwa&quot;\" src=\"https://interia-s.pluscdn.pl/protest-rolnikow-w-stolicy-bedziemy-isc-dluga-droga-ale-to-d/000J3NTU8FG0NAJS-C307.jpg\" /></a>&quot;Precz z Zielonym \u0141adem&quot; - pod takim has\u0142em odbywa si\u0119 dzi\u015b wielki protest rolnik\u00f3w w Warszawie. Uczestnicy demonstracji przeszli przed gmach Sejmu przy ul. Wiejskiej. &quot;Zebrali\u015bmy ponad 150 tys. podpis\u00f3w pod petycj\u0105 o referendum ws. Zielonego \u0141adu&quot; - powiedzia\u0142 szef NSZZ &quot;Solidarno\u015b\u0107&quot; Piotr Duda przed Sejmem.</p><br clear=\"all\" />", "language": "pl", "link": "https://www.rmf24.pl/raporty/raport-protesty-rolnikow/news-protest-rolnikow-w-stolicy-bedziemy-isc-dluga-droga-ale-to-d,nId,7502017", "manual_status_code": 0, "page_rating": 32, "page_rating_contents": 100, "page_rating_visits": 0, "page_rating_votes": 0, "permanent": false, "source": "https://www.rmf24.pl/feed", "source_obj__id": 268, "status_code": 0, "tags": [], "thumbnail": null, "title": "Protest rolnik\u00f3w w stolicy. \"B\u0119dziemy i\u015b\u0107 d\u0142ug\u0105 drog\u0105, ale to droga do zwyci\u0119stwa\"", "user": null, "vote": 0}, {"age": null, "album": "", "artist": null, "bookmarked": false, "comments": [], "date_published": "2024-05-10T06:21:40+00:00", "description": "<p><a href=\"https://www.rmf24.pl/raporty/raport-protesty-rolnikow/news-wielki-protest-rolnikow-w-stolicy-beda-utrudnienia,nId,7502017\"><img align=\"left\" alt=\"Wielki protest rolnik\u00f3w w stolicy. B\u0119d\u0105 utrudnienia \" src=\"https://interia-s.pluscdn.pl/wielki-protest-rolnikow-w-stolicy-beda-utrudnienia/000J3JNPEN6UQ6P1-C307.jpg\" /></a>&quot;Precz z Zielonym \u0141adem&quot; - pod takim has\u0142em odb\u0119dzie si\u0119 dzi\u015b wielki protest rolnik\u00f3w w Warszawie. Zwi\u0105zkowcy maj\u0105 przej\u015b\u0107 z placu Zamkowego przed Sejm. W trakcie demonstracji zamierzaj\u0105 m.in. zbiera\u0107 podpisy pod petycj\u0105 o referendum w sprawie Zielonego \u0141adu.</p><br clear=\"all\" />", "language": "pl", "link": "https://www.rmf24.pl/raporty/raport-protesty-rolnikow/news-wielki-protest-rolnikow-w-stolicy-beda-utrudnienia,nId,7502017", "manual_status_code": 0, "page_rating": 32, "page_rating_contents": 100, "page_rating_visits": 0, "page_rating_votes": 0, "permanent": false, "source": "https://www.rmf24.pl/feed", "source_obj__id": 268, "status_code": 0, "tags": [], "thumbnail": null, "title": "Wielki protest rolnik\u00f3w w stolicy. B\u0119d\u0105 utrudnienia", "user": null, "vote": 0}, {"age": null, "album": "", "artist": null, "bookmarked": false, "comments": [], "date_published": "2024-05-10T06:21:40+00:00", "description": "<p><a href=\"https://www.rmf24.pl/raporty/raport-protesty-rolnikow/news-wielki-protest-rolnikow-w-stolicy-jeden-wielki-klakson,nId,7502017\"><img align=\"left\" alt=\"Wielki protest rolnik\u00f3w w stolicy. &quot;Jeden wielki klakson&quot;\" src=\"https://interia-s.pluscdn.pl/wielki-protest-rolnikow-w-stolicy-jeden-wielki-klakson/000J3MZTLR4B867H-C307.jpg\" /></a>&quot;Precz z Zielonym \u0141adem&quot; - pod takim has\u0142em odbywa si\u0119 dzi\u015b wielki protest rolnik\u00f3w w Warszawie. Zwi\u0105zkowcy id\u0105 w kierunku przedstawicielstwa Komisji Europejskiej, a nast\u0119pnie pod Sejm. W trakcie demonstracji zamierzaj\u0105 m.in. zbiera\u0107 podpisy pod petycj\u0105 o referendum w sprawie Zielonego \u0141adu.</p><br clear=\"all\" />", "language": "pl", "link": "https://www.rmf24.pl/raporty/raport-protesty-rolnikow/news-wielki-protest-rolnikow-w-stolicy-jeden-wielki-klakson,nId,7502017", "manual_status_code": 0, "page_rating": 32, "page_rating_contents": 100, "page_rating_visits": 0, "page_rating_votes": 0, "permanent": false, "source": "https://www.rmf24.pl/feed", "source_obj__id": 268, "status_code": 0, "tags": [], "thumbnail": null, "title": "Wielki protest rolnik\u00f3w w stolicy. \"Jeden wielki klakson\"", "user": null, "vote": 0}, {"age": null, "album": "", "artist": null, "bookmarked": false, "comments": [], "date_published": "2024-05-10T06:21:40+00:00", "description": "<p><a href=\"https://www.rmf24.pl/raporty/raport-protesty-rolnikow/news-wielki-protest-rolnikow-w-stolicy-sa-utrudnienia,nId,7502017\"><img align=\"left\" alt=\"Wielki protest rolnik\u00f3w w stolicy. S\u0105 utrudnienia \" src=\"https://interia-s.pluscdn.pl/wielki-protest-rolnikow-w-stolicy-sa-utrudnienia/000J3MZTLR4B867H-C307.jpg\" /></a>&quot;Precz z Zielonym \u0141adem&quot; - pod takim has\u0142em odb\u0119dzie si\u0119 dzi\u015b wielki protest rolnik\u00f3w w Warszawie. Zwi\u0105zkowcy maj\u0105 przej\u015b\u0107 z placu Zamkowego przed Sejm. W trakcie demonstracji zamierzaj\u0105 m.in. zbiera\u0107 podpisy pod petycj\u0105 o referendum w sprawie Zielonego \u0141adu.</p><br clear=\"all\" />", "language": "pl", "link": "https://www.rmf24.pl/raporty/raport-protesty-rolnikow/news-wielki-protest-rolnikow-w-stolicy-sa-utrudnienia,nId,7502017", "manual_status_code": 0, "page_rating": 32, "page_rating_contents": 100, "page_rating_visits": 0, "page_rating_votes": 0, "permanent": false, "source": "https://www.rmf24.pl/feed", "source_obj__id": 268, "status_code": 0, "tags": [], "thumbnail": null, "title": "Wielki protest rolnik\u00f3w w stolicy. S\u0105 utrudnienia", "user": null, "vote": 0}, {"age": null, "album": "", "artist": null, "bookmarked": false, "comments": [], "date_published": "2024-05-10T06:08:44+00:00", "description": "<p><a href=\"https://www.rmf24.pl/regiony/slaskie/news-smiertelny-wypadek-w-kopalni-nie-zyje-42-letni-gornik,nId,7502029\"><img align=\"left\" alt=\"\u015amiertelny wypadek w kopalni. Nie \u017cyje 42-letni g\u00f3rnik\" src=\"https://interia-s.pluscdn.pl/smiertelny-wypadek-w-kopalni-nie-zyje-42-letni-gornik/000J3JR5KMGDG9WU-C307.jpg\" /></a>42-letni g\u00f3rnik zgin\u0105\u0142 w nocy w kopalni Borynia w Jastrz\u0119biu Zdroju. Do wypadku dosz\u0142o 10 minut po p\u00f3\u0142nocy, 950 metr\u00f3w pod ziemi\u0105.</p><br clear=\"all\" />", "language": "pl", "link": "https://www.rmf24.pl/regiony/slaskie/news-smiertelny-wypadek-w-kopalni-nie-zyje-42-letni-gornik,nId,7502029", "manual_status_code": 0, "page_rating": 32, "page_rating_contents": 100, "page_rating_visits": 0, "page_rating_votes": 0, "permanent": false, "source": "https://www.rmf24.pl/feed", "source_obj__id": 268, "status_code": 0, "tags": [], "thumbnail": null, "title": "\u015amiertelny wypadek w kopalni. Nie \u017cyje 42-letni g\u00f3rnik", "user": null, "vote": 0}, {"age": null, "album": "", "artist": null, "bookmarked": false, "comments": [], "date_published": "2024-05-10T05:45:00+00:00", "description": "<p><a href=\"https://www.rmf24.pl/tylko-w-rmf24/poranna-rozmowa/news-bozena-zelazowska-gosciem-porannej-rozmowy-w-rmf-fm,nId,7500236\"><img align=\"left\" alt=\"Bo\u017cena \u017belazowska go\u015bciem Porannej rozmowy w RMF FM\" src=\"https://interia-s.pluscdn.pl/bozena-zelazowska-gosciem-porannej-rozmowy-w-rmf-fm/000J3EIWOEWEBE36-C307.jpg\" /></a>\u200bGo\u015bciem Porannej rozmowy w RMF FM b\u0119dzie Bo\u017cena \u017belazowska, wiceminister kultury i dziedzictwa narodowego. Porozmawiamy z ni\u0105 m.in. o tym, dlaczego cz\u0119\u015b\u0107 kierownictwa resortu kultury postanowi\u0142o ubiega\u0107 si\u0119 o mandat do Parlamentu Europejskiego. Zapytamy r\u00f3wnie\u017c, czy pomnik smole\u0144ski zniknie z pl. Pi\u0142sudskiego w Warszawie.</p><br clear=\"all\" />", "language": "pl", "link": "https://www.rmf24.pl/tylko-w-rmf24/poranna-rozmowa/news-bozena-zelazowska-gosciem-porannej-rozmowy-w-rmf-fm,nId,7500236", "manual_status_code": 0, "page_rating": 32, "page_rating_contents": 100, "page_rating_visits": 0, "page_rating_votes": 0, "permanent": false, "source": "https://www.rmf24.pl/feed", "source_obj__id": 268, "status_code": 0, "tags": [], "thumbnail": null, "title": "Bo\u017cena \u017belazowska go\u015bciem Porannej rozmowy w RMF FM", "user": null, "vote": 0}, {"age": null, "album": "", "artist": null, "bookmarked": false, "comments": [], "date_published": "2024-05-10T05:45:00+00:00", "description": "<p><a href=\"https://www.rmf24.pl/tylko-w-rmf24/poranna-rozmowa/news-zelazowska-do-pe-nie-idzie-sie-tylko-po-pieniadze,nId,7500236\"><img align=\"left\" alt=\"\u017belazowska: Do PE nie idzie si\u0119 tylko po pieni\u0105dze\" src=\"https://interia-s.pluscdn.pl/zelazowska-do-pe-nie-idzie-sie-tylko-po-pieniadze/000J3EIWOEWEBE36-C307.jpg\" /></a>\u201eChc\u0119 pracowa\u0107 w ministerstwie, chc\u0119 pracowa\u0107 w kulturze, ale chc\u0119 r\u00f3wnie\u017c dba\u0107 o sprawy kultury w Parlamencie Europejskim (\u2026) my\u015bl\u0119, \u017ce da si\u0119 to \u015bwietnie po\u0142\u0105czy\u0107\u201d \u2013 m\u00f3wi\u0142a w Porannej rozmowie w RMF FM Bo\u017cena \u017belazowska, wiceminister kultury i dziedzictwa narodowego. Polityk by\u0142a pytana o kontrowersyjne odej\u015bcia ministr\u00f3w, kt\u00f3rzy stali si\u0119 kandydatami na europos\u0142\u00f3w. \u201eTam si\u0119 nie idzie tylko po pieni\u0105dze\u201d \u2013 zapewnia\u0142a \u017belazowska. Robert Mazurek pyta\u0142 swojego go\u015bcia m.in. r\u00f3wnie\u017c o obecny kszta\u0142t medi\u00f3w publicznych.</p><br clear=\"all\" />", "language": "pl", "link": "https://www.rmf24.pl/tylko-w-rmf24/poranna-rozmowa/news-zelazowska-do-pe-nie-idzie-sie-tylko-po-pieniadze,nId,7500236", "manual_status_code": 0, "page_rating": 32, "page_rating_contents": 100, "page_rating_visits": 0, "page_rating_votes": 0, "permanent": false, "source": "https://www.rmf24.pl/feed", "source_obj__id": 268, "status_code": 0, "tags": [], "thumbnail": null, "title": "\u017belazowska: Do PE nie idzie si\u0119 tylko po pieni\u0105dze", "user": null, "vote": 0}, {"age": null, "album": "", "artist": null, "bookmarked": false, "comments": [], "date_published": "2024-05-10T05:14:53+00:00", "description": "<p><a href=\"https://www.rmf24.pl/regiony/warszawa/news-w-warszawie-zatrzymano-ukrainca-poszukiwanego-czerwona-nota-,nId,7502004\"><img align=\"left\" alt=\"W Warszawie zatrzymano Ukrai\u0144ca poszukiwanego czerwon\u0105 not\u0105 Interpolu\" src=\"https://interia-s.pluscdn.pl/w-warszawie-zatrzymano-ukrainca-poszukiwanego-czerwona-nota/000J3JMD6C6VY60H-C307.jpg\" /></a>Policjanci z Woli zatrzymali obywatela Ukrainy poszukiwanego przez Interpol za pranie brudnych pieni\u0119dzy i za oszustwa. M\u0119\u017cczyzn\u0119 \u015bciga\u0142 wymiar sprawiedliwo\u015bci USA. Za te przest\u0119pstwa grozi tam do 30 lat wi\u0119zienia \u2013 poinformowa\u0142a policja.</p><br clear=\"all\" />", "language": "pl", "link": "https://www.rmf24.pl/regiony/warszawa/news-w-warszawie-zatrzymano-ukrainca-poszukiwanego-czerwona-nota-,nId,7502004", "manual_status_code": 0, "page_rating": 32, "page_rating_contents": 100, "page_rating_visits": 0, "page_rating_votes": 0, "permanent": false, "source": "https://www.rmf24.pl/feed", "source_obj__id": 268, "status_code": 0, "tags": [], "thumbnail": null, "title": "W Warszawie zatrzymano Ukrai\u0144ca poszukiwanego czerwon\u0105 not\u0105 Interpolu", "user": null, "vote": 0}, {"age": null, "album": "", "artist": null, "bookmarked": false, "comments": [], "date_published": "2024-05-10T05:00:00+00:00", "description": "<p><a href=\"https://www.rmf24.pl/tylko-w-rmf24/rozmowa-o-7/news-brudzinski-gdyby-nie-weto-prezydenta-byc-moze-nie-doszloby-d,nId,7500302\"><img align=\"left\" alt=\"Brudzi\u0144ski: Gdyby nie weto prezydenta, by\u0107 mo\u017ce nie dosz\u0142oby do sytuacji ze Szmydtem\" src=\"https://interia-s.pluscdn.pl/brudzinski-gdyby-nie-weto-prezydenta-byc-moze-nie-doszloby-d/000J3FYV1YRXGEMY-C307.jpg\" /></a>&quot;Ani Kierwi\u0144ski, ani Sienkiewicz to nie s\u0105 lokomotywy wyborcze&quot; - m\u00f3wi\u0142 Joachim Brudzi\u0144ski, zastanawiaj\u0105c si\u0119, dlaczego KO wystawi\u0142a ich na listach przed wyborami parlamentarnymi w pa\u017adzierniku 2023 roku. Ich start w wyborach do europarlamentu uzna\u0142 za &quot;pretekst dla Donalda Tuska, \u017ceby pozby\u0107 si\u0119 polityk\u00f3w&quot;. W Rozmowie o 7:00 w Radiu RMF24 nasz dziennikarz poruszy\u0142 te\u017c kwesti\u0119 ucieczki by\u0142ego ju\u017c s\u0119dziego Tomasza Szmydta na Bia\u0142oru\u015b. Polityk zaprzeczy\u0142, by zbieg wywodzi\u0142 si\u0119 ze \u015brodowiska PiS. Jego zdaniem by\u0142 przedstawicielem wymiaru...</p><br clear=\"all\" />", "language": "pl", "link": "https://www.rmf24.pl/tylko-w-rmf24/rozmowa-o-7/news-brudzinski-gdyby-nie-weto-prezydenta-byc-moze-nie-doszloby-d,nId,7500302", "manual_status_code": 0, "page_rating": 32, "page_rating_contents": 100, "page_rating_visits": 0, "page_rating_votes": 0, "permanent": false, "source": "https://www.rmf24.pl/feed", "source_obj__id": 268, "status_code": 0, "tags": [], "thumbnail": null, "title": "Brudzi\u0144ski: Gdyby nie weto prezydenta, by\u0107 mo\u017ce nie dosz\u0142oby do sytuacji ze Szmydtem", "user": null, "vote": 0}, {"age": null, "album": "", "artist": null, "bookmarked": false, "comments": [], "date_published": "2024-05-10T05:00:00+00:00", "description": "<p><a href=\"https://www.rmf24.pl/tylko-w-rmf24/rozmowa-o-7/news-brudzinski-o-starcie-ministrow-tuska-w-eurowyborach-pretekst,nId,7500302\"><img align=\"left\" alt=\"Brudzi\u0144ski o starcie ministr\u00f3w Tuska w eurowyborach: Pretekst, \u017ceby si\u0119 ich pozby\u0107\" src=\"https://interia-s.pluscdn.pl/brudzinski-o-starcie-ministrow-tuska-w-eurowyborach-pretekst/000J3FYV1YRXGEMY-C307.jpg\" /></a>&quot;Ani Kierwi\u0144ski, ani Sienkiewicz to nie s\u0105 lokomotywy wyborcze&quot; - m\u00f3wi\u0142 Joachim Brudzi\u0144ski, zastanawiaj\u0105c si\u0119, dlaczego KO wystawi\u0142a ich na listach przed wyborami parlamentarnymi. Ich start w wyborach do europarlamentu uzna\u0142 za &quot;pretekst dla Donalda Tuska, \u017ceby pozby\u0107 si\u0119 polityk\u00f3w\u201d. </p><br clear=\"all\" />", "language": "pl", "link": "https://www.rmf24.pl/tylko-w-rmf24/rozmowa-o-7/news-brudzinski-o-starcie-ministrow-tuska-w-eurowyborach-pretekst,nId,7500302", "manual_status_code": 0, "page_rating": 32, "page_rating_contents": 100, "page_rating_visits": 0, "page_rating_votes": 0, "permanent": false, "source": "https://www.rmf24.pl/feed", "source_obj__id": 268, "status_code": 0, "tags": [], "thumbnail": null, "title": "Brudzi\u0144ski o starcie ministr\u00f3w Tuska w eurowyborach: Pretekst, \u017ceby si\u0119 ich pozby\u0107", "user": null, "vote": 0}, {"age": null, "album": "", "artist": null, "bookmarked": false, "comments": [], "date_published": "2024-05-10T04:26:55+00:00", "description": "<p><a href=\"https://www.rmf24.pl/fakty/swiat/news-izrael-w-finale-eurowizji-protesty-i-niewygodne-pytanie-od-d,nId,7501987\"><img align=\"left\" alt=\"Izrael w finale Eurowizji. Protesty i niewygodne pytanie od dziennikarza z Polski \" src=\"https://interia-s.pluscdn.pl/izrael-w-finale-eurowizji-protesty-i-niewygodne-pytanie-od-d/000J3JJZ3B9C0014-C307.jpg\" /></a>Ponad 10 tysi\u0119cy os\u00f3b protestowa\u0142o na ulicach szwedzkiego Malmoe przeciwko udzia\u0142owi Izraela w konkursie piosenki Eurowizji. Dosz\u0142o do incydent\u00f3w. Cz\u0119\u015b\u0107 protestuj\u0105cych pr\u00f3bowa\u0142a wedrze\u0107 si\u0119 do wioski fan\u00f3w, ale zosta\u0142a powstrzymana przez policj\u0119. Kordon mundurowych odepchn\u0105\u0142 protestuj\u0105cych, funkcjonariusze u\u017cyli te\u017c gazu pieprzowego.</p><br clear=\"all\" />", "language": "pl", "link": "https://www.rmf24.pl/fakty/swiat/news-izrael-w-finale-eurowizji-protesty-i-niewygodne-pytanie-od-d,nId,7501987", "manual_status_code": 0, "page_rating": 32, "page_rating_contents": 100, "page_rating_visits": 0, "page_rating_votes": 0, "permanent": false, "source": "https://www.rmf24.pl/feed", "source_obj__id": 268, "status_code": 0, "tags": [], "thumbnail": null, "title": "Izrael w finale Eurowizji. Protesty i niewygodne pytanie od dziennikarza z Polski", "user": null, "vote": 0}, {"age": null, "album": "", "artist": null, "bookmarked": false, "comments": [], "date_published": "2024-05-10T04:18:54+00:00", "description": "<p><a href=\"https://www.rmf24.pl/fakty/swiat/news-polacy-okradani-w-rzymie-trzeba-byc-czujnym,nId,7501984\"><img align=\"left\" alt=\"Polacy okradani w Rzymie. Trzeba by\u0107 czujnym \" src=\"https://interia-s.pluscdn.pl/polacy-okradani-w-rzymie-trzeba-byc-czujnym/000J3JK1BF7Q4FQF-C307.jpg\" /></a>Coraz wi\u0119cej polskich turyst\u00f3w okradanych jest w Rzymie - tak\u0105 informacj\u0119 przekazuj\u0105 s\u0142u\u017cby konsularne. Jak podkre\u015blaj\u0105, cudzoziemcy powinni zachowa\u0107 szczeg\u00f3ln\u0105 czujno\u015b\u0107 w Wiecznym Mie\u015bcie. Prze\u017cywa ono od tygodni turystyczne obl\u0119\u017cenie, co wykorzystuj\u0105 kieszonkowcy i z\u0142odzieje samochod\u00f3w.</p><br clear=\"all\" />", "language": "pl", "link": "https://www.rmf24.pl/fakty/swiat/news-polacy-okradani-w-rzymie-trzeba-byc-czujnym,nId,7501984", "manual_status_code": 0, "page_rating": 32, "page_rating_contents": 100, "page_rating_visits": 0, "page_rating_votes": 0, "permanent": false, "source": "https://www.rmf24.pl/feed", "source_obj__id": 268, "status_code": 0, "tags": [], "thumbnail": null, "title": "Polacy okradani w Rzymie. Trzeba by\u0107 czujnym", "user": null, "vote": 0}, {"age": null, "album": "", "artist": null, "bookmarked": false, "comments": [], "date_published": "2024-05-10T03:06:00+00:00", "description": "<p><a href=\"https://www.rmf24.pl/raporty/raport-matura-2024/news-matura-2024-dzis-wos-i-jezyk-niemiecki,nId,7500169\"><img align=\"left\" alt=\"Matura 2024. Dzi\u015b WOS i j\u0119zyk niemiecki\" src=\"https://interia-s.pluscdn.pl/matura-2024-dzis-wos-i-jezyk-niemiecki/000J3G063CILHMPO-C307.jpg\" /></a>Wiedza o spo\u0142ecze\u0144stwie oraz j\u0119zyk niemiecki - egzaminy z tych przedmiot\u00f3w b\u0119d\u0105 zdawali dzi\u015b tegoroczni abiturienci. Przed nami czwarty dzie\u0144 matur.</p><br clear=\"all\" />", "language": "pl", "link": "https://www.rmf24.pl/raporty/raport-matura-2024/news-matura-2024-dzis-wos-i-jezyk-niemiecki,nId,7500169", "manual_status_code": 0, "page_rating": 32, "page_rating_contents": 100, "page_rating_visits": 0, "page_rating_votes": 0, "permanent": false, "source": "https://www.rmf24.pl/feed", "source_obj__id": 268, "status_code": 0, "tags": [], "thumbnail": null, "title": "Matura 2024. Dzi\u015b WOS i j\u0119zyk niemiecki", "user": null, "vote": 0}, {"age": null, "album": "", "artist": null, "bookmarked": false, "comments": [], "date_published": "2024-05-10T02:57:32+00:00", "description": "<p><a href=\"https://www.rmf24.pl/raporty/raport-wojna-z-rosja/na-zywo/news-atak-dronow-w-obwodzie-kaluskim-w-rosji-relacja,nId,7501980\"><img align=\"left\" alt=\"Atak dron\u00f3w w obwodzie ka\u0142uskim w Rosji [RELACJA]\" src=\"https://interia-s.pluscdn.pl/atak-dronow-w-obwodzie-kaluskim-w-rosji-relacja/000J3JICS0KVR5EN-C307.jpg\" /></a>Atak dron\u00f3w w obwodzie ka\u0142uskim na po\u0142udniowy zach\u00f3d od Moskwy. Niemcy zakupi\u0105 od Stan\u00f3w Zjednoczonych trzy systemy HIMARS dla Ukrainy - poinformowa\u0142 niemiecki minister obrony Boris Pistorius. Na terenie Ukrainy dzia\u0142aj\u0105 podziemne zak\u0142ady zbrojeniowe - poinformowa\u0142  &quot;El Mundo&quot;. Pi\u0105tek jest 807. dniem wojny Rosji przeciwko Ukrainie. Wydarzenia za nasz\u0105 wschodni\u0105 granic\u0105 \u015bledzimy dla was w raporcie dnia.</p><br clear=\"all\" />", "language": "pl", "link": "https://www.rmf24.pl/raporty/raport-wojna-z-rosja/na-zywo/news-atak-dronow-w-obwodzie-kaluskim-w-rosji-relacja,nId,7501980", "manual_status_code": 0, "page_rating": 32, "page_rating_contents": 100, "page_rating_visits": 0, "page_rating_votes": 0, "permanent": false, "source": "https://www.rmf24.pl/feed", "source_obj__id": 268, "status_code": 0, "tags": [], "thumbnail": null, "title": "Atak dron\u00f3w w obwodzie ka\u0142uskim w Rosji [RELACJA]", "user": null, "vote": 0}, {"age": null, "album": "", "artist": null, "bookmarked": false, "comments": [], "date_published": "2024-05-10T02:57:32+00:00", "description": "<p><a href=\"https://www.rmf24.pl/raporty/raport-wojna-z-rosja/na-zywo/news-atak-rakietowy-na-charkow-ranne-11-letnie-dziecko-relacja,nId,7501980\"><img align=\"left\" alt=\"Atak rakietowy na Chark\u00f3w, ranne 11-letnie dziecko [RELACJA]\" src=\"https://interia-s.pluscdn.pl/atak-rakietowy-na-charkow-ranne-11-letnie-dziecko-relacja/000J3LGPR8UMKY60-C307.jpg\" /></a>Dwie osoby zosta\u0142y ranne, w tym 11-letnie dziecko, w ataku rakietowym na Chark\u00f3w. Atak dron\u00f3w w obwodzie ka\u0142uskim na po\u0142udniowy zach\u00f3d od Moskwy. Niemcy zakupi\u0105 od Stan\u00f3w Zjednoczonych trzy systemy HIMARS dla Ukrainy - poinformowa\u0142 niemiecki minister obrony Boris Pistorius. Na terenie Ukrainy dzia\u0142aj\u0105 podziemne zak\u0142ady zbrojeniowe - poinformowa\u0142  &quot;El Mundo&quot;. Pi\u0105tek jest 807. dniem wojny Rosji przeciwko Ukrainie. Wydarzenia za nasz\u0105 wschodni\u0105 granic\u0105 \u015bledzimy dla was w raporcie dnia.</p><br clear=\"all\" />", "language": "pl", "link": "https://www.rmf24.pl/raporty/raport-wojna-z-rosja/na-zywo/news-atak-rakietowy-na-charkow-ranne-11-letnie-dziecko-relacja,nId,7501980", "manual_status_code": 0, "page_rating": 32, "page_rating_contents": 100, "page_rating_visits": 0, "page_rating_votes": 0, "permanent": false, "source": "https://www.rmf24.pl/feed", "source_obj__id": 268, "status_code": 0, "tags": [], "thumbnail": null, "title": "Atak rakietowy na Chark\u00f3w, ranne 11-letnie dziecko [RELACJA]", "user": null, "vote": 0}, {"age": null, "album": "", "artist": null, "bookmarked": false, "comments": [], "date_published": "2024-05-10T02:57:32+00:00", "description": "<p><a href=\"https://www.rmf24.pl/raporty/raport-wojna-z-rosja/na-zywo/news-kiedy-pierwsze-f-16-dla-ukrainy-kijow-zna-odpowiedz-relacja,nId,7501980\"><img align=\"left\" alt=\"Kiedy pierwsze F-16 dla Ukrainy? Kij\u00f3w zna odpowied\u017a [RELACJA]\" src=\"https://interia-s.pluscdn.pl/kiedy-pierwsze-f-16-dla-ukrainy-kijow-zna-odpowiedz-relacja/000J3NFARIAXUIX7-C307.jpg\" /></a>Dwie osoby zosta\u0142y ranne, w tym 11-letnie dziecko, w ataku rakietowym na Chark\u00f3w. Atak dron\u00f3w w obwodzie ka\u0142uskim na po\u0142udniowy zach\u00f3d od Moskwy. Czechy przekaza\u0142y Ukrainie pierwszy symulator lotu my\u015bliwcem F-16, na kt\u00f3rym b\u0119d\u0105 szkoleni piloci przygotowuj\u0105cy si\u0119 do obs\u0142ugi tych maszyn - poinformowa\u0142 dow\u00f3dca ukrai\u0144skich Si\u0142 Powietrznych, genera\u0142 Myko\u0142a O\u0142eszczuk. Pi\u0105tek jest 807. dniem wojny Rosji przeciwko Ukrainie. Wydarzenia za nasz\u0105 wschodni\u0105 granic\u0105 \u015bledzimy dla was w raporcie dnia.</p><br clear=\"all\" />", "language": "pl", "link": "https://www.rmf24.pl/raporty/raport-wojna-z-rosja/na-zywo/news-kiedy-pierwsze-f-16-dla-ukrainy-kijow-zna-odpowiedz-relacja,nId,7501980", "manual_status_code": 0, "page_rating": 32, "page_rating_contents": 100, "page_rating_visits": 0, "page_rating_votes": 0, "permanent": false, "source": "https://www.rmf24.pl/feed", "source_obj__id": 268, "status_code": 0, "tags": [], "thumbnail": null, "title": "Kiedy pierwsze F-16 dla Ukrainy? Kij\u00f3w zna odpowied\u017a [RELACJA]", "user": null, "vote": 0}, {"age": null, "album": "", "artist": null, "bookmarked": false, "comments": [], "date_published": "2024-05-10T02:57:32+00:00", "description": "<p><a href=\"https://www.rmf24.pl/raporty/raport-wojna-z-rosja/na-zywo/news-niemcy-kupia-od-usa-trzy-systemy-himars-dla-ukrainy-relacja,nId,7501980\"><img align=\"left\" alt=\"Niemcy kupi\u0105 od USA trzy systemy HIMARS dla Ukrainy [RELACJA]\" src=\"https://interia-s.pluscdn.pl/niemcy-kupia-od-usa-trzy-systemy-himars-dla-ukrainy-relacja/000J3JICS0KVR5EN-C307.jpg\" /></a>Niemcy zakupi\u0105 od Stan\u00f3w Zjednoczonych trzy systemy HIMARS dla Ukrainy - poinformowa\u0142 niemiecki minister obrony Boris Pistorius. Na terenie Ukrainy dzia\u0142aj\u0105 podziemne zak\u0142ady zbrojeniowe - poinformowa\u0142  &quot;El Mundo&quot;. Pi\u0105tek jest 807. dniem wojny Rosji przeciwko Ukrainie. Wydarzenia za nasz\u0105 wschodni\u0105 granic\u0105 \u015bledzimy dla was w raporcie dnia.</p><br clear=\"all\" />", "language": "pl", "link": "https://www.rmf24.pl/raporty/raport-wojna-z-rosja/na-zywo/news-niemcy-kupia-od-usa-trzy-systemy-himars-dla-ukrainy-relacja,nId,7501980", "manual_status_code": 0, "page_rating": 32, "page_rating_contents": 100, "page_rating_visits": 0, "page_rating_votes": 0, "permanent": false, "source": "https://www.rmf24.pl/feed", "source_obj__id": 268, "status_code": 0, "tags": [], "thumbnail": null, "title": "Niemcy kupi\u0105 od USA trzy systemy HIMARS dla Ukrainy [RELACJA]", "user": null, "vote": 0}, {"age": null, "album": "", "artist": null, "bookmarked": false, "comments": [], "date_published": "2024-05-10T01:25:20+00:00", "description": "<p><a href=\"https://www.rmf24.pl/raporty/raport-wojna-z-rosja/news-siec-podziemnych-fabryk-broni-w-ukrainie-chca-pracowac-dla-z,nId,7500662\"><img align=\"left\" alt=\"Sie\u0107 podziemnych fabryk broni w Ukrainie. Chc\u0105 pracowa\u0107 dla Zachodu\" src=\"https://interia-s.pluscdn.pl/siec-podziemnych-fabryk-broni-w-ukrainie-chca-pracowac-dla-z/000J3J1OERLNKUKA-C307.jpg\" /></a>\u200bNa terenie Ukrainy, walcz\u0105cej z rosyjsk\u0105 inwazj\u0105, dzia\u0142aj\u0105 podziemne zak\u0142ady zbrojeniowe - poinformowa\u0142 w czwartek hiszpa\u0144ski dziennik \u201cEl Mundo&quot; zaznaczaj\u0105c, \u017ce fabryki te mog\u0105 by\u0107 alternatyw\u0105 dla pogr\u0105\u017conego w niedoborach broni Zachodu.</p><br clear=\"all\" />", "language": "pl", "link": "https://www.rmf24.pl/raporty/raport-wojna-z-rosja/news-siec-podziemnych-fabryk-broni-w-ukrainie-chca-pracowac-dla-z,nId,7500662", "manual_status_code": 0, "page_rating": 32, "page_rating_contents": 100, "page_rating_visits": 0, "page_rating_votes": 0, "permanent": false, "source": "https://www.rmf24.pl/feed", "source_obj__id": 268, "status_code": 0, "tags": [], "thumbnail": null, "title": "Sie\u0107 podziemnych fabryk broni w Ukrainie. Chc\u0105 pracowa\u0107 dla Zachodu", "user": null, "vote": 0}]