[{"age": null, "album": "", "artist": null, "bookmarked": false, "comments": [], "date_published": "2024-05-10T16:59:00+00:00", "description": "In the most recent podcast with nuclear physicist James Walker, he and Dr. Peterson discuss the incredible technology shrinking nuclear reactors to the size of a semi truck.\n\nWatch the full episode here: https://youtu.be/Rndu2PYx0Sc\n\nDr. Peterson's extensive catalog is available now on DailyWire+: https://bit.ly/3KrWbS8\n\nEp.447\n\n\n// COURSES //\nDiscovering Personality: https://jordanbpeterson.com/personality\nSelf Authoring Suite: https://selfauthoring.com\nUnderstand Myself (personality test): https://understandmyself.com\n\n// BOOKS //\nBeyond Order: 12 More Rules for Life: https://jordanbpeterson.com/Beyond-Order\n12 Rules for Life: An Antidote to Chaos: https://jordanbpeterson.com/12-rules-for-life\nMaps of Meaning: The Architecture of Belief: https://jordanbpeterson.com/maps-of-meaning\n\n#JordanPeterson #JordanBPeterson #DrJordanPeterson #DrJordanBPeterson #DailyWirePlus", "language": null, "link": "https://www.youtube.com/watch?v=ONGhezxScmw", "manual_status_code": 0, "page_rating": 32, "page_rating_contents": 100, "page_rating_visits": 0, "page_rating_votes": 0, "permanent": false, "source": "https://www.youtube.com/feeds/videos.xml?channel_id=UCL_f53ZEJxp8TtlOkHwMV9Q", "source_obj__id": 167, "status_code": 0, "tags": [], "thumbnail": "https://i4.ytimg.com/vi/ONGhezxScmw/hqdefault.jpg", "title": "There Is a Nuclear Reactor in This Truck", "user": null, "vote": 0}]