[{"age": null, "album": "", "artist": null, "bookmarked": false, "comments": [], "date_published": "2024-05-10T17:00:00+00:00", "description": "This inexpensive gadget makes shaker bottles obsolete.", "language": "en-us", "link": "https://lifehacker.com/you-should-use-a-frother-to-mix-your-protein-powder-1850455135", "manual_status_code": 0, "page_rating": 32, "page_rating_contents": 100, "page_rating_visits": 0, "page_rating_votes": 0, "permanent": false, "source": "https://lifehacker.com/feed/rss", "source_obj__id": 442, "status_code": 0, "tags": [], "thumbnail": "https://lifehacker.com/imagery/articles/01HF2GXW2FDAV2P4STEPAPR8HS/hero-image.jpg", "title": "You Should Use a Frother to Mix Your Protein Powder", "user": null, "vote": 0}, {"age": null, "album": "", "artist": null, "bookmarked": false, "comments": [], "date_published": "2024-05-10T16:30:00+00:00", "description": "Movies in which the sex so good, it's worth getting murdered for.", "language": "en-us", "link": "https://lifehacker.com/entertainment/horniest-erotic-thrillers-ever-made", "manual_status_code": 0, "page_rating": 32, "page_rating_contents": 100, "page_rating_visits": 0, "page_rating_votes": 0, "permanent": false, "source": "https://lifehacker.com/feed/rss", "source_obj__id": 442, "status_code": 0, "tags": [], "thumbnail": "https://lifehacker.com/imagery/articles/01HXF23PZ347RWA8KEJHDPGP15/hero-image.jpg", "title": "30 of the Horniest Erotic Thrillers Ever Made", "user": null, "vote": 0}, {"age": null, "album": "", "artist": null, "bookmarked": false, "comments": [], "date_published": "2024-05-10T16:00:00+00:00", "description": "These products are saving me from turning to dust while I'm on Accutane.", "language": "en-us", "link": "https://lifehacker.com/health/my-favorite-products-for-combating-accutane-dryness", "manual_status_code": 0, "page_rating": 32, "page_rating_contents": 100, "page_rating_visits": 0, "page_rating_votes": 0, "permanent": false, "source": "https://lifehacker.com/feed/rss", "source_obj__id": 442, "status_code": 0, "tags": [], "thumbnail": "https://lifehacker.com/imagery/articles/01HXHHRR436TNSJQQPC86HBQEG/hero-image.png", "title": "My Favorite Products for Combating Accutane-Related Dryness", "user": null, "vote": 0}, {"age": null, "album": "", "artist": null, "bookmarked": false, "comments": [], "date_published": "2024-05-10T15:30:00+00:00", "description": "\"Please\" and \"thank you\" are just the start", "language": "en-us", "link": "https://lifehacker.com/family/manners-every-child-should-know-by-age-nine", "manual_status_code": 0, "page_rating": 32, "page_rating_contents": 100, "page_rating_visits": 0, "page_rating_votes": 0, "permanent": false, "source": "https://lifehacker.com/feed/rss", "source_obj__id": 442, "status_code": 0, "tags": [], "thumbnail": "https://lifehacker.com/imagery/articles/01HXHG9A15E71T405GXAM1FQ6E/hero-image.jpg", "title": "The Basic Etiquette Every Kid Should Know by Age 9", "user": null, "vote": 0}, {"age": null, "album": "", "artist": null, "bookmarked": false, "comments": [], "date_published": "2024-05-10T15:00:59+00:00", "description": "Is Google's time finally up?", "language": "en-us", "link": "https://lifehacker.com/tech/openai-could-announce-chatgpt-powered-search-engine-soon", "manual_status_code": 0, "page_rating": 32, "page_rating_contents": 100, "page_rating_visits": 0, "page_rating_votes": 0, "permanent": false, "source": "https://lifehacker.com/feed/rss", "source_obj__id": 442, "status_code": 0, "tags": [], "thumbnail": "https://lifehacker.com/imagery/articles/01HXHDW0K735HJCWQ4T4HHPT9D/hero-image.png", "title": "OpenAI Could Announce Its ChatGPT-Powered Search Engine on Monday", "user": null, "vote": 0}, {"age": null, "album": "", "artist": null, "bookmarked": false, "comments": [], "date_published": "2024-05-10T14:30:00+00:00", "description": "The sensor can read the color of just about any surface, like having a color-dropping tool in real life.", "language": "en-us", "link": "https://lifehacker.com/nix-color-sensor-sale", "manual_status_code": 0, "page_rating": 32, "page_rating_contents": 100, "page_rating_visits": 0, "page_rating_votes": 0, "permanent": false, "source": "https://lifehacker.com/feed/rss", "source_obj__id": 442, "status_code": 0, "tags": [], "thumbnail": "https://lifehacker.com/imagery/articles/01HF2GKFBHGJQ4REXRDJ272P4J/hero-image.png", "title": "This Nix Mini 2 Color Sensor Is on Sale for $60 Right Now", "user": null, "vote": 0}, {"age": null, "album": "", "artist": null, "bookmarked": false, "comments": [], "date_published": "2024-05-10T14:00:00+00:00", "description": "Oiling your grill might not be doing what you want it to. Here's how to lube up correctly.", "language": "en-us", "link": "https://lifehacker.com/how-to-keep-food-from-sticking-to-your-grill-1849162838", "manual_status_code": 0, "page_rating": 32, "page_rating_contents": 100, "page_rating_visits": 0, "page_rating_votes": 0, "permanent": false, "source": "https://lifehacker.com/feed/rss", "source_obj__id": 442, "status_code": 0, "tags": [], "thumbnail": "https://lifehacker.com/imagery/articles/01HF2HET898RX23CV5HBEY8RK7/hero-image.jpg", "title": "How to Keep Food From Sticking to Your Grill", "user": null, "vote": 0}, {"age": null, "album": "", "artist": null, "bookmarked": false, "comments": [], "date_published": "2024-05-10T13:30:00+00:00", "description": "Keep your camera recordings to yourself.", "language": "en-us", "link": "https://lifehacker.com/tech/how-to-set-up-a-home-security-camera-system-without-using-the-cloud", "manual_status_code": 0, "page_rating": 32, "page_rating_contents": 100, "page_rating_visits": 0, "page_rating_votes": 0, "permanent": false, "source": "https://lifehacker.com/feed/rss", "source_obj__id": 442, "status_code": 0, "tags": [], "thumbnail": "https://lifehacker.com/imagery/articles/01HXGQJMF5E5KHVTG2SC5Z2YWM/hero-image.jpg", "title": "How to Set Up a Home Security Camera System Without Using the Cloud", "user": null, "vote": 0}, {"age": null, "album": "", "artist": null, "bookmarked": false, "comments": [], "date_published": "2024-05-10T13:00:00+00:00", "description": "Apple's top-tier headphones are $100 off.", "language": "en-us", "link": "https://lifehacker.com/tech/my-favorite-amazon-deal-of-the-day-apple-airpods-max", "manual_status_code": 0, "page_rating": 32, "page_rating_contents": 100, "page_rating_visits": 0, "page_rating_votes": 0, "permanent": false, "source": "https://lifehacker.com/feed/rss", "source_obj__id": 442, "status_code": 0, "tags": [], "thumbnail": "https://lifehacker.com/imagery/articles/01HXFMF0Z9J5JKKTYVQ7Y6A6BQ/hero-image.png", "title": "My Favorite Amazon Deal of the Day: Apple AirPods Max", "user": null, "vote": 0}]