[{"age": null, "album": "", "artist": null, "bookmarked": false, "comments": [], "date_published": "2024-05-10T13:57:08+00:00", "description": "Take a tour of the Mortal Realms, learning about their history, notable locations, and unique qualities, from the fiery realm of Aqshy to the savage beauty of Ghur. All the action of Warhammer Age of Sigmar takes place across these strange and terrible lands.\n\nFollow for more Warhammer, more often:\n- Twitter: https://twitter.com/warhammer\n- Facebook: https://www.facebook.com/WarhammerOfficial/\n- Instagram: https://www.instagram.com/warhammerofficial/\n- Warhammer Community: https://www.warhammer-community.com/", "language": null, "link": "https://www.youtube.com/watch?v=3xOjYgIlg9A", "manual_status_code": 0, "page_rating": 32, "page_rating_contents": 100, "page_rating_visits": 0, "page_rating_votes": 0, "permanent": false, "source": "https://www.youtube.com/feeds/videos.xml?channel_id=UCwdh3MTrFq3sXlB4ct8B-Fg", "source_obj__id": 385, "status_code": 0, "tags": [], "thumbnail": "https://i4.ytimg.com/vi/3xOjYgIlg9A/hqdefault.jpg", "title": "Warhammer Age of Sigmar \u2013 Introduction to the Mortal Realms", "user": null, "vote": 0}]