[{"age": null, "album": "", "artist": null, "bookmarked": false, "comments": [], "date_published": "2024-05-10T15:58:00+00:00", "description": "<div class=\"bbWrapper\">Possibly the most ecologically-friendly Intriguing Organization yet.</div>", "language": null, "link": "https://www.enworld.org/threads/more-adventurer-corpses-but-not-their-loot.704137", "manual_status_code": 0, "page_rating": 32, "page_rating_contents": 100, "page_rating_visits": 0, "page_rating_votes": 0, "permanent": false, "source": "https://www.enworld.org/ewr-porta/index.rss", "source_obj__id": 426, "status_code": 0, "tags": [], "thumbnail": null, "title": "More Adventurer Corpses But Not Their Loot", "user": null, "vote": 0}, {"age": null, "album": "", "artist": null, "bookmarked": false, "comments": [], "date_published": "2024-05-10T07:01:00+00:00", "description": "<div class=\"bbWrapper\">Beholder may be the next killer in the multiplayer horror video game</div>", "language": null, "link": "https://www.enworld.org/threads/dungeons-dragons-monster-joining-dead-by-daylight.704131", "manual_status_code": 0, "page_rating": 32, "page_rating_contents": 100, "page_rating_visits": 0, "page_rating_votes": 0, "permanent": false, "source": "https://www.enworld.org/ewr-porta/index.rss", "source_obj__id": 426, "status_code": 0, "tags": [], "thumbnail": null, "title": "Dungeons & Dragons Monster Joining Dead by Daylight", "user": null, "vote": 0}, {"age": null, "album": "", "artist": null, "bookmarked": false, "comments": [], "date_published": "2024-05-10T06:50:00+00:00", "description": "<div class=\"bbWrapper\">Members will get early access, exclusive shows, and event ticket pre-sales</div>", "language": null, "link": "https://www.enworld.org/threads/critical-role-launches-subscription-streaming-and-member-service.704130", "manual_status_code": 0, "page_rating": 32, "page_rating_contents": 100, "page_rating_visits": 0, "page_rating_votes": 0, "permanent": false, "source": "https://www.enworld.org/ewr-porta/index.rss", "source_obj__id": 426, "status_code": 0, "tags": [], "thumbnail": null, "title": "Critical Role Launches Subscription Streaming and Member Service", "user": null, "vote": 0}, {"age": null, "album": "", "artist": null, "bookmarked": false, "comments": [], "date_published": "2024-05-10T06:26:00+00:00", "description": "<div class=\"bbWrapper\">\u201cEpic adventure campaign\u201d from 1980s updated for the current edition</div>", "language": null, "link": "https://www.enworld.org/threads/free-league-opens-pre-orders-for-dragonbane-path-of-glory.704129", "manual_status_code": 0, "page_rating": 32, "page_rating_contents": 100, "page_rating_visits": 0, "page_rating_votes": 0, "permanent": false, "source": "https://www.enworld.org/ewr-porta/index.rss", "source_obj__id": 426, "status_code": 0, "tags": [], "thumbnail": null, "title": "Free League Opens Pre-Orders for Dragonbane: Path of Glory", "user": null, "vote": 0}, {"age": null, "album": "", "artist": null, "bookmarked": false, "comments": [], "date_published": "2024-05-10T06:12:00+00:00", "description": "<div class=\"bbWrapper\">First issue of the official AGE System magazine is out now</div>", "language": null, "link": "https://www.enworld.org/threads/green-ronin-launches-engine-the-age-roleplaying-game-magazine.704128", "manual_status_code": 0, "page_rating": 32, "page_rating_contents": 100, "page_rating_visits": 0, "page_rating_votes": 0, "permanent": false, "source": "https://www.enworld.org/ewr-porta/index.rss", "source_obj__id": 426, "status_code": 0, "tags": [], "thumbnail": null, "title": "Green Ronin Launches Engine: The AGE Roleplaying Game Magazine", "user": null, "vote": 0}]