[{"age": null, "album": "", "artist": null, "bookmarked": false, "comments": [], "date_published": "2024-05-10T14:54:12+00:00", "description": "<p>How frosty pockets in valleys could help protect some trees against climate change.</p>\n<p>The post <a href=\"https://nautil.us/a-buffer-zone-for-trees-583899/\">A Buffer Zone for Trees</a> appeared first on <a href=\"https://nautil.us\">Nautilus</a>.</p>", "language": "en-US", "link": "https://nautil.us/a-buffer-zone-for-trees-583899", "manual_status_code": 0, "page_rating": 32, "page_rating_contents": 100, "page_rating_visits": 0, "page_rating_votes": 0, "permanent": false, "source": "https://nautil.us/feed", "source_obj__id": 232, "status_code": 0, "tags": [], "thumbnail": null, "title": "A Buffer Zone for Trees", "user": null, "vote": 0}]