[{"age": null, "album": "", "artist": null, "bookmarked": false, "comments": [], "date_published": "2024-05-10T17:05:10+00:00", "description": "Top Upcoming Movies 2024 Trailer Compilation | Subscribe \u27a4 https://abo.yt/ki | Movie Trailer | More https://KinoCheck.com\n\nIncluded in this compilation are\n00:00 Best Upcoming Movies 2024 (Trailers)\n00:03 Twisters\n03:00 Furiosa: A Mad Max Saga\n04:26 Latency\n06:45 Kingdom of the Planet of the Apes\n09:24 A Quiet Place: Day One\n11:45 Mufasa: The Lion King\n13:13 Deadpool & Wolverine\n15:44 Boneyard\n17:44 Lee\n18:46 Despicable Me 4\n21:22 The Exorcism\n23:39 The Moon\n25:18 Blink Twice\n27:53 The Watchers\n30:38 The Roundup: Punishment\n31:32 Prom Dates\n33:29 Firebrand\n35:49 School of Magical Animals 2\n\nMost popular movies right now \u27a4 https://amzo.in/bestsellermovies\nMost wanted movies of all time \u27a4 https://amzo.in/wishlistmovies\n\nNote | Courtesy of all Involved Publishers | All Rights Reserved. | https://amzo.in are affiliate-links. That add no additional cost to you, but will support our work through a small commission. | #KinoCheck\u00ae", "language": null, "link": "https://www.youtube.com/watch?v=uQZMz5G1T-Y", "manual_status_code": 0, "page_rating": 32, "page_rating_contents": 100, "page_rating_visits": 0, "page_rating_votes": 0, "permanent": false, "source": "https://www.youtube.com/feeds/videos.xml?channel_id=UCLRlryMfL8ffxzrtqv0_k_w", "source_obj__id": 173, "status_code": 0, "tags": [], "thumbnail": "https://i2.ytimg.com/vi/uQZMz5G1T-Y/hqdefault.jpg", "title": "NEW MOVIE TRAILERS 2024", "user": null, "vote": 0}, {"age": null, "album": "", "artist": null, "bookmarked": false, "comments": [], "date_published": "2024-05-10T15:06:04+00:00", "description": "Official Furiosa: A Mad Max Saga Movie Trailer 3 2024 | Subscribe \u27a4 https://abo.yt/ki | Anya Taylor-Joy Movie Trailer | Cinema: 24 May 2024 | More https://KinoCheck.com/movie/ig4/furiosa-a-mad-max-saga-2024?utm_source=youtube&amp;utm_medium=description\nAs the world falls, young Furiosa is snatched from the Green Place of Many Mothers into the hands of a great biker horde led by the warlord Dementus. Sweeping through the wasteland, they encounter the citadel presided over by Immortan Joe. The two tyrants wage war for dominance, and Furiosa must survive many trials as she puts together the means to find her way home.\n\nFuriosa: A Mad Max Saga rent/buy \u27a4 https://amzo.in/movie/ig4/furiosa-a-mad-max-saga-2024\nMost popular movies right now \u27a4 https://amzo.in/bestsellermovies\nMost wanted movies of all time \u27a4 https://amzo.in/wishlistmovies\n\nFuriosa: A Mad Max Saga (2024) is the new action movie by George Miller, starring Anya Taylor-Joy, Chris Hemsworth and Tom Burke. The script was written by ", "language": null, "link": "https://www.youtube.com/watch?v=LUkF60TzjQ8", "manual_status_code": 0, "page_rating": 32, "page_rating_contents": 100, "page_rating_visits": 0, "page_rating_votes": 0, "permanent": false, "source": "https://www.youtube.com/feeds/videos.xml?channel_id=UCLRlryMfL8ffxzrtqv0_k_w", "source_obj__id": 173, "status_code": 0, "tags": [], "thumbnail": "https://i1.ytimg.com/vi/LUkF60TzjQ8/hqdefault.jpg", "title": "FURIOSA: A Mad Max Saga Trailer 3 (2024)", "user": null, "vote": 0}, {"age": null, "album": "", "artist": null, "bookmarked": false, "comments": [], "date_published": "2024-05-10T13:06:22+00:00", "description": "Official Latency Movie Trailer 2024 | Subscribe \u27a4 https://abo.yt/ki | Sasha Luss Movie Trailer | Cinema: 14 Jun 2024 | More https://KinoCheck.com/movie/ter/latency?utm_source=youtube&amp;utm_medium=description\nA professional gamer called, Hana, suffers from acute agoraphobia. After receiving a new device she begins to wonder if the device is reading her mind or now actually controlling it.\n\nLatency rent/buy \u27a4 https://amzo.in/movie/ter/latency\nMost popular movies right now \u27a4 https://amzo.in/bestsellermovies\nMost wanted movies of all time \u27a4 https://amzo.in/wishlistmovies\n\nLatency (2024) is the new action movie starring Sasha Luss and Alexis Ren.\n\nNote | #Latency #Trailer courtesy of Lionsgate. | All Rights Reserved. | https://amzo.in are affiliate-links. That add no additional cost to you, but will support our work through a small commission. | #KinoCheck\u00ae", "language": null, "link": "https://www.youtube.com/watch?v=EPnspoWpYu8", "manual_status_code": 0, "page_rating": 32, "page_rating_contents": 100, "page_rating_visits": 0, "page_rating_votes": 0, "permanent": false, "source": "https://www.youtube.com/feeds/videos.xml?channel_id=UCLRlryMfL8ffxzrtqv0_k_w", "source_obj__id": 173, "status_code": 0, "tags": [], "thumbnail": "https://i2.ytimg.com/vi/EPnspoWpYu8/hqdefault.jpg", "title": "LATENCY Trailer (2024)", "user": null, "vote": 0}]