[{"age": null, "album": "", "artist": null, "bookmarked": false, "comments": [], "date_published": "2024-07-26T09:40:11+00:00", "description": "The use of artificial intelligence is exploding around the world, but the technology\u2019s language models are primarily trained in English, leaving many speakers of other languages behind.", "id": 933624, "language": "en-US", "link": "https://www.nytimes.com/2024/07/26/technology/ai-language-gap.html", "manual_status_code": 0, "page_rating": 27, "page_rating_contents": 86, "page_rating_visits": 0, "page_rating_votes": 0, "permanent": false, "source": "https://rss.nytimes.com/services/xml/rss/nyt/Technology.xml", "source_obj__id": 228, "status_code": 0, "tags": [], "thumbnail": "https://static01.nyt.com/images/2024/07/11/multimedia/00xp-ai-01-hkzp/00xp-ai-01-hkzp-mediumSquareAt3X.jpg", "title": "When A.I. Fails the Language Test, Who Is Left Out of the Conversation?", "user": null, "vote": 0}, {"age": null, "album": "", "artist": null, "bookmarked": false, "comments": [], "date_published": "2024-07-26T09:06:23+00:00", "description": "An episode unburdened by what has been.", "id": 933625, "language": "en-US", "link": "https://www.nytimes.com/2024/07/26/podcasts/kamala-harriss-bratty-coconut-memescape-what-does-1000-a-month-do-the-empire-crowdstrikes-back.html", "manual_status_code": 0, "page_rating": 27, "page_rating_contents": 86, "page_rating_visits": 0, "page_rating_votes": 0, "permanent": false, "source": "https://rss.nytimes.com/services/xml/rss/nyt/Technology.xml", "source_obj__id": 228, "status_code": 0, "tags": [], "thumbnail": "https://static01.nyt.com/images/2024/07/26/podcasts/26hardfork-full-episode-kamala-memes-photo/26hardfork-full-episode-kamala-memes-photo-mediumSquareAt3X.jpg", "title": "Kamala Harris\u2019s Bratty Coconut Memescape + What Does $1,000 a Month Do? + The Empire CrowdStrikes Back", "user": null, "vote": 0}]