[{"age": null, "album": "", "artist": null, "bookmarked": false, "comments": [], "date_published": "2024-07-26T23:09:29+00:00", "description": "Olimex Showcases Develoment Board Design Based on ESP32-P4 RISC-V SoC", "id": 938079, "language": "en-US", "link": "https://linuxgizmos.com/olimex-showcases-develoment-board-design-based-on-esp32-p4-risc-v-soc", "manual_status_code": 0, "page_rating": 30, "page_rating_contents": 95, "page_rating_visits": 0, "page_rating_votes": 0, "permanent": false, "source": "https://linuxgizmos.com/feed", "source_obj__id": 197, "status_code": 0, "tags": [], "thumbnail": null, "title": "Olimex Showcases Develoment Board Design Based on ESP32-P4 RISC-V SoC", "user": null, "vote": 0}, {"age": null, "album": "", "artist": null, "bookmarked": false, "comments": [], "date_published": "2024-07-26T22:42:09+00:00", "description": "BliKVM Plug-n-Play PCIe with CM4 Now Available at a Reduced Price", "id": 938080, "language": "en-US", "link": "https://linuxgizmos.com/blikvm-plug-n-play-pcie-with-cm4-now-available-at-a-reduced-price", "manual_status_code": 0, "page_rating": 30, "page_rating_contents": 95, "page_rating_visits": 0, "page_rating_votes": 0, "permanent": false, "source": "https://linuxgizmos.com/feed", "source_obj__id": 197, "status_code": 0, "tags": [], "thumbnail": null, "title": "BliKVM Plug-n-Play PCIe with CM4 Now Available at a Reduced Price", "user": null, "vote": 0}]