[{"age": null, "album": "", "artist": null, "bookmarked": false, "comments": [], "date_published": "2024-07-26T17:17:20+00:00", "description": "Thank you Incogni for sponsoring this video. Use code gameranx at https://incogni.com/gameranx to get an exclusive 60% off an annual Incogni plan.\n\nAnother PS5 Pro leak, Fallout London releases, video game voice actors go on strike, and more in a week chock full of gaming news.\n\n\n\n\n~~SOURCES~~\n\n\nXBOX RESPONDS TO PS5'S SUCCESS\nhttps://www.marketingweek.com/xboxs-marketing-boss-fight-funds/\n\nPS5 PRO GRAPHICS LEAK\nhttps://www.reddit.com/r/PS5/comments/1e8qhgf/rumor_suggests_that_the_ps5_pro_while_primarily/\nhttps://press-start.com.au/news/playstation/2024/07/23/no-mans-skys-ps5-pro-enhancements-have-seemingly-been-discovered/\n\nVoice actor strike\nhttps://www.washingtonpost.com/entertainment/video-games/2024/07/25/sag-aftra-video-game-strike/\n\nStalker 2 delayed once more\nhttps://x.com/stalker_thegame/status/1816435698007699568\n\n\nSoul Reaver 1&2 remastered?\nhttps://resetera.com/threads/legacy-of-kain-soul-reaver-i-ii-remastered-branding-seen-at-sdcc.937002/\u2026\n\nRise of the Ronin demo (PS5)\nht", "id": 936354, "language": null, "link": "https://www.youtube.com/watch?v=rXwRUaVZB6Q", "manual_status_code": 0, "page_rating": 27, "page_rating_contents": 86, "page_rating_visits": 0, "page_rating_votes": 0, "permanent": false, "source": "https://www.youtube.com/feeds/videos.xml?channel_id=UCNvzD7Z-g64bPXxGzaQaa4g", "source_obj__id": 128, "status_code": 0, "tags": [], "thumbnail": "https://i3.ytimg.com/vi/rXwRUaVZB6Q/hqdefault.jpg", "title": "XBOX RESPONDS TO PS5'S SUCCESS, HUGE GAME DELAYED & MORE", "user": null, "vote": 0}]