[{"age": null, "album": "", "artist": null, "bookmarked": false, "comments": [], "date_published": "2024-07-26T10:00:27+00:00", "description": "Learn more about artificial intelligence \u2192 https://ibm.biz/BdKfA8\n\nMeta strikes back with the launch of Llama 3.1! In Episode 13 of Mixture of Experts, host Tim Hwang is joined by Chris Hay, Shobhit Varshney, and Maryam Ashoori. Today, the experts analyze the business of AI in relation to the launch of Llama 3.1, including Llama 405B. Then, Mistral Large 2 sparks conversation about the open source wave. Finally, the experts talk GPT 4o-mini and the model price war. Are little models having their moment? Tune-in to find out.\n\nSubscribe for AI updates \u2192 https://ibm.biz/BdKfAg\n\n0:00 \u2014 Intro\n1:33 \u2014 Llama 3.1 and Mistral Large 2\n10:08 \u2014 Are Little Models Having a Moment?\n\nThe opinions expressed in this podcast are solely those of the participants and do not necessarily reflect the views of IBM or any other organization or entity.", "id": 934033, "language": null, "link": "https://www.youtube.com/watch?v=bQzPaRYC9BE", "manual_status_code": 0, "page_rating": 27, "page_rating_contents": 86, "page_rating_visits": 0, "page_rating_votes": 0, "permanent": false, "source": "https://www.youtube.com/feeds/videos.xml?channel_id=UCKWaEZ-_VweaEx1j62do_vQ", "source_obj__id": 432, "status_code": 0, "tags": [], "thumbnail": "https://i3.ytimg.com/vi/bQzPaRYC9BE/hqdefault.jpg", "title": "Meta's Llama 3.1, Mistral Large 2 and big interest in small models", "user": null, "vote": 0}]