[{"age": null, "album": "", "artist": null, "bookmarked": false, "comments": [], "date_published": "2024-07-26T10:00:52+00:00", "description": "<p><em>We can file this as a plug if we wish, Christine said. \"I'm basically writing it because&#8230; well, you can color me impressed by an Enterprise Linux distribution that listens to its users and is quick to action. That's a little old fashioned for the digital age, isn't it?\" We're filing it as an interesting trip down the rabbit hole that's Christine's mind.</em></p>\n<p>The post <a href=\"https://fossforce.com/2024/07/how-almalinux-came-to-be-fixing-bugs-ahead-of-a-content-creation-focused-open-source-event/\">How AlmaLinux Came to Be Fixing Bugs Ahead of a Content Creation-Focused Open-Source Event</a> appeared first on <a href=\"https://fossforce.com\">FOSS Force</a>.</p>", "id": 933758, "language": "en-US", "link": "https://fossforce.com/2024/07/how-almalinux-came-to-be-fixing-bugs-ahead-of-a-content-creation-focused-open-source-event/?utm_source=rss&utm_medium=rss&utm_campaign=how-almalinux-came-to-be-fixing-bugs-ahead-of-a-content-creation-focused-open-source-event", "manual_status_code": 0, "page_rating": 30, "page_rating_contents": 95, "page_rating_visits": 0, "page_rating_votes": 0, "permanent": false, "source": "https://fossforce.com/feed", "source_obj__id": 108, "status_code": 0, "tags": [], "thumbnail": null, "title": "How AlmaLinux Came to Be Fixing Bugs Ahead of a Content Creation-Focused Open-Source Event", "user": null, "vote": 0}]