[{"age": null, "album": "", "artist": null, "bookmarked": false, "comments": [], "date_published": "2024-07-26T18:31:35+00:00", "description": "The systems were affected by a hack on the NHS, which caused significant disruption.", "id": 937165, "language": "en-US", "link": "https://www.bbc.com/news/articles/c035y64vyvqo", "manual_status_code": 0, "page_rating": 26, "page_rating_contents": 82, "page_rating_visits": 0, "page_rating_votes": 0, "permanent": false, "source": "https://feeds.bbci.co.uk/news/technology/rss.xml", "source_obj__id": 28, "status_code": 0, "tags": [], "thumbnail": "https://ichef.bbci.co.uk/news/240/cpsprodpb/2260/live/9cecffa0-4b71-11ef-ae05-e119f3c190c4.jpg", "title": "Autumn date to fix blood transfusion services", "user": null, "vote": 0}, {"age": null, "album": "", "artist": null, "bookmarked": false, "comments": [], "date_published": "2024-07-26T09:39:00+00:00", "description": "It's estimated 8.5 million devices were disabled by a faulty update from the cyber-security firm.", "id": 933425, "language": "en-US", "link": "https://www.bbc.com/news/articles/crgm07zjj2go", "manual_status_code": 0, "page_rating": 26, "page_rating_contents": 82, "page_rating_visits": 0, "page_rating_votes": 0, "permanent": false, "source": "https://feeds.bbci.co.uk/news/technology/rss.xml", "source_obj__id": 28, "status_code": 0, "tags": [], "thumbnail": "https://ichef.bbci.co.uk/news/240/cpsprodpb/82a6/live/e0a80020-4b2e-11ef-8751-65f76fca0fc4.jpg", "title": "CrowdStrike boss says 97% of crashed systems fixed", "user": null, "vote": 0}, {"age": null, "album": "", "artist": null, "bookmarked": false, "comments": [], "date_published": "2024-07-26T04:01:18+00:00", "description": "The union has been in talks with big games studios, like Activision and Walt Disney, for 18 months.", "id": 932468, "language": "en-US", "link": "https://www.bbc.com/news/articles/c4ngy53qyq8o", "manual_status_code": 0, "page_rating": 26, "page_rating_contents": 82, "page_rating_visits": 0, "page_rating_votes": 0, "permanent": false, "source": "https://feeds.bbci.co.uk/news/technology/rss.xml", "source_obj__id": 28, "status_code": 0, "tags": [], "thumbnail": "https://ichef.bbci.co.uk/news/240/cpsprodpb/1825/live/85a9a7f0-4b06-11ef-929b-397ea8ee9ca4.jpg", "title": "Video game performers go on strike over AI", "user": null, "vote": 0}]