[{"age": null, "album": "", "artist": null, "bookmarked": false, "comments": [], "date_published": "2024-07-26T21:50:04+00:00", "description": "Ruth Negga and Peter Sarsgaard also star in this adaptation of the 1987 Scott Turow novel.", "id": 937799, "language": "en-US", "link": "https://www.newyorker.com/culture/on-television/jake-gyllenhaal-and-his-eyebrows-on-trial-in-presumed-innocent", "manual_status_code": 0, "page_rating": 27, "page_rating_contents": 86, "page_rating_visits": 0, "page_rating_votes": 0, "permanent": false, "source": "https://www.newyorker.com/feed/rss", "source_obj__id": 351, "status_code": 0, "tags": [], "thumbnail": "https://media.newyorker.com/photos/66a28dbb536f02d5d31fdcb1/master/pass/Cunningham-Presumed_Innocent_Photo_010803.jpg", "title": "Jake Gyllenhaal, and His Eyebrows, on Trial in \u201cPresumed Innocent\u201d", "user": null, "vote": 0}, {"age": null, "album": "", "artist": null, "bookmarked": false, "comments": [], "date_published": "2024-07-26T20:00:00+00:00", "description": "Cartoons worthy of medalling.", "id": 937180, "language": "en-US", "link": "https://www.newyorker.com/gallery/olympic-fun-and-games", "manual_status_code": 0, "page_rating": 27, "page_rating_contents": 86, "page_rating_visits": 0, "page_rating_votes": 0, "permanent": false, "source": "https://www.newyorker.com/feed/rss", "source_obj__id": 351, "status_code": 0, "tags": [], "thumbnail": "https://media.newyorker.com/cartoons/667f13dacd69d4c3dff76f65/master/pass/TCB-71014.jpg", "title": "Olympic Fun and Games", "user": null, "vote": 0}, {"age": null, "album": "", "artist": null, "bookmarked": false, "comments": [], "date_published": "2024-07-26T19:00:00+00:00", "description": "The New Yorker\u2019s sports writer on the unexpected venues of the Paris Games.", "id": 937181, "language": "en-US", "link": "https://www.newyorker.com/podcast/the-new-yorker-radio-hour/louisa-thomas-on-the-paris-olympics", "manual_status_code": 0, "page_rating": 27, "page_rating_contents": 86, "page_rating_visits": 0, "page_rating_votes": 0, "permanent": false, "source": "https://www.newyorker.com/feed/rss", "source_obj__id": 351, "status_code": 0, "tags": [], "thumbnail": "https://media.newyorker.com/photos/663cd3037d83171cd086b2ee/master/pass/Radio-Hour-Secondary-Segment.png", "title": "Louisa Thomas on the Paris Olympics", "user": null, "vote": 0}, {"age": null, "album": "", "artist": null, "bookmarked": false, "comments": [], "date_published": "2024-07-26T19:00:00+00:00", "description": "Jennifer Palmieri, a veteran of Hillary Clinton\u2019s campaign, explains what she learned working on the 2016 election, and how the race that Harris faces differs from those of other women who\u2019ve run for President.", "id": 937182, "language": "en-US", "link": "https://www.newyorker.com/podcast/the-new-yorker-radio-hour/what-kamala-harris-needs-to-win-the-presidency", "manual_status_code": 0, "page_rating": 27, "page_rating_contents": 86, "page_rating_visits": 0, "page_rating_votes": 0, "permanent": false, "source": "https://www.newyorker.com/feed/rss", "source_obj__id": 351, "status_code": 0, "tags": [], "thumbnail": "https://media.newyorker.com/photos/66a29c76af3c763dfda29053/master/pass/Radio_Hour_Kamala_Harris_FINAL_07_25_2024.jpg", "title": "What Kamala Harris Needs to Win the Presidency", "user": null, "vote": 0}, {"age": null, "album": "", "artist": null, "bookmarked": false, "comments": [], "date_published": "2024-07-26T18:00:00+00:00", "description": "A tasty torch.", "id": 936796, "language": "en-US", "link": "https://www.newyorker.com/cartoons/daily-cartoon/bonus-daily-cartoon-no-pain-no-gain", "manual_status_code": 0, "page_rating": 27, "page_rating_contents": 86, "page_rating_visits": 0, "page_rating_votes": 0, "permanent": false, "source": "https://www.newyorker.com/feed/rss", "source_obj__id": 351, "status_code": 0, "tags": [], "thumbnail": "https://media.newyorker.com/photos/66a3da5f0ef506fc256b34a0/master/pass/A60547.jpg", "title": "Bonus Daily Cartoon: No Pain, No Gain", "user": null, "vote": 0}, {"age": null, "album": "", "artist": null, "bookmarked": false, "comments": [], "date_published": "2024-07-26T10:00:00+00:00", "description": "Also: Missy Elliott\u2019s first solo headlining tour, a Claire Denis masterwork, Diamond Stingily\u2019s evolving art, and more.", "id": 933800, "language": "en-US", "link": "https://www.newyorker.com/culture/goings-on/broadways-sorbet-sutton-foster-in-once-upon-a-mattress", "manual_status_code": 0, "page_rating": 27, "page_rating_contents": 86, "page_rating_visits": 0, "page_rating_votes": 0, "permanent": false, "source": "https://www.newyorker.com/feed/rss", "source_obj__id": 351, "status_code": 0, "tags": [], "thumbnail": "https://media.newyorker.com/photos/669fe0c3a561178172340004/master/pass/Mattress0016.jpg", "title": "Broadway\u2019s Sorbet: Sutton Foster in \u201cOnce Upon a Mattress\u201d", "user": null, "vote": 0}, {"age": null, "album": "", "artist": null, "bookmarked": false, "comments": [], "date_published": "2024-07-26T10:00:00+00:00", "description": "Viewers of the new documentary \u201cI Am: Celine Dion\u201d know just how hard-won the pop superstar\u2019s rumored comeback at the Olympics would be.", "id": 933797, "language": "en-US", "link": "https://www.newyorker.com/culture/culture-desk/celine-dion-goes-on", "manual_status_code": 0, "page_rating": 27, "page_rating_contents": 86, "page_rating_visits": 0, "page_rating_votes": 0, "permanent": false, "source": "https://www.newyorker.com/feed/rss", "source_obj__id": 351, "status_code": 0, "tags": [], "thumbnail": "https://media.newyorker.com/photos/66a14936a4c3914c08f136f9/master/pass/Celine_reminiscing_on_her_childhood_3000.jpg", "title": "C\u00e9line Dion Goes On", "user": null, "vote": 0}, {"age": null, "album": "", "artist": null, "bookmarked": false, "comments": [], "date_published": "2024-07-26T10:00:00+00:00", "description": "\u201cQuick! Get me catchy, insulting nicknames for every possible Democratic Vice-Presidential candidate.\u201d", "id": 933798, "language": "en-US", "link": "https://www.newyorker.com/cartoons/daily-cartoon/friday-july-26th-veep-nicknames", "manual_status_code": 0, "page_rating": 27, "page_rating_contents": 86, "page_rating_visits": 0, "page_rating_votes": 0, "permanent": false, "source": "https://www.newyorker.com/feed/rss", "source_obj__id": 351, "status_code": 0, "tags": [], "thumbnail": "https://media.newyorker.com/photos/66a293ab532891fcd5a01324/master/pass/A60464.jpg", "title": "Daily Cartoon: Friday, July 26th", "user": null, "vote": 0}, {"age": null, "album": "", "artist": null, "bookmarked": false, "comments": [], "date_published": "2024-07-26T10:00:00+00:00", "description": "The tale of two immigrants who found opportunity in America is an inspiring one. On the rare occasions that Harris shares it, her sometimes blurry identity comes into focus.", "id": 933795, "language": "en-US", "link": "https://www.newyorker.com/news/fault-lines/kamala-harris-should-tell-her-familys-story", "manual_status_code": 0, "page_rating": 27, "page_rating_contents": 86, "page_rating_visits": 0, "page_rating_votes": 0, "permanent": false, "source": "https://www.newyorker.com/feed/rss", "source_obj__id": 351, "status_code": 0, "tags": [], "thumbnail": "https://media.newyorker.com/photos/66a2b975dbf3f4e69b8a543c/master/pass/TNY_FaultLInes_240726_KamalaFamily_Final_04_bleed.jpg", "title": "Kamala Harris Should Tell Her Family\u2019s Story", "user": null, "vote": 0}, {"age": null, "album": "", "artist": null, "bookmarked": false, "comments": [], "date_published": "2024-07-26T10:00:00+00:00", "description": "But our parents have made up their minds\u2014the grandchildren must be fed.", "id": 933796, "language": "en-US", "link": "https://www.newyorker.com/culture/culture-desk/stop-stuffing-the-kids-silly", "manual_status_code": 0, "page_rating": 27, "page_rating_contents": 86, "page_rating_visits": 0, "page_rating_votes": 0, "permanent": false, "source": "https://www.newyorker.com/feed/rss", "source_obj__id": 351, "status_code": 0, "tags": [], "thumbnail": "https://media.newyorker.com/photos/66901d00e10c78842a5f49c2/master/pass/1-big-share-crop.gif", "title": "Stop Stuffing the Kids Silly", "user": null, "vote": 0}, {"age": null, "album": "", "artist": null, "bookmarked": false, "comments": [], "date_published": "2024-07-26T10:00:00+00:00", "description": "Chess pieces that start in the corners of the board: five letters.", "id": 933799, "language": "en-US", "link": "https://www.newyorker.com/puzzles-and-games-dept/mini-crossword/2024/07/26", "manual_status_code": 0, "page_rating": 27, "page_rating_contents": 86, "page_rating_visits": 0, "page_rating_votes": 0, "permanent": false, "source": "https://www.newyorker.com/feed/rss", "source_obj__id": 351, "status_code": 0, "tags": [], "thumbnail": "https://media.newyorker.com/photos/65ccdd562727e7b5adf2bc6f/master/pass/mini-blue.png", "title": "The Mini Crossword: Friday, July 26, 2024", "user": null, "vote": 0}]