[{"age": null, "album": "", "artist": null, "bookmarked": false, "comments": [], "date_published": "2024-07-26T22:20:11+00:00", "description": "<p>Sources accuse Netanyahu of taking 'dangerous bet on hostages' lives'; Mossad chief, CIA head, Qatari, Egyptian officials to meet in Rome; Biden aide: 'Closer' then we've ever been</p>\n<p>The post <a href=\"https://www.timesofisrael.com/negotiators-fear-pm-taking-harder-line-in-hostage-talks-to-cause-crisis-reports/\">Negotiators fear PM taking harder line in hostage talks &#8216;to cause crisis&#8217; &#8212; reports</a> appeared first on <a href=\"https://www.timesofisrael.com\">The Times of Israel</a>.</p>\n<figure><img border=\"0\" class=\"type:primaryImage\" height=\"100\" src=\"https://static.timesofisrael.com/www/uploads/2024/07/AP24208624230077-e1722032803325-1024x640.jpg\" title=\"Negotiators fear PM taking harder line in hostage talks &#8216;to cause crisis&#8217; &#8212; reports\" width=\"160\" /></figure>", "id": 938050, "language": "en-US", "link": "https://www.timesofisrael.com/negotiators-fear-pm-taking-harder-line-in-hostage-talks-to-cause-crisis-reports", "manual_status_code": 0, "page_rating": 27, "page_rating_contents": 86, "page_rating_visits": 0, "page_rating_votes": 0, "permanent": false, "source": "https://www.timesofisrael.com/feed", "source_obj__id": 358, "status_code": 0, "tags": [], "thumbnail": null, "title": "Negotiators fear PM taking harder line in hostage talks \u2018to cause crisis\u2019 \u2014 reports", "user": null, "vote": 0}, {"age": null, "album": "", "artist": null, "bookmarked": false, "comments": [], "date_published": "2024-07-26T21:24:16+00:00", "description": "<p>Adina Moshe says Chaim Peri told her in Gaza tunnel that they weren't a priority for PM; says while protesting with other ex-captives, man yelled 'whores, a shame they freed you'</p>\n<p>The post <a href=\"https://www.timesofisrael.com/ex-hostage-slain-captive-said-netanyahu-wont-work-to-free-us-because-were-leftists/\">Ex-hostage: Slain captive said Netanyahu won&#8217;t work to free us because we&#8217;re leftists</a> appeared first on <a href=\"https://www.timesofisrael.com\">The Times of Israel</a>.</p>\n<figure><img border=\"0\" class=\"type:primaryImage\" height=\"100\" src=\"https://static.timesofisrael.com/www/uploads/2024/07/Screenshot-2024-07-26-at-22.50.10-e1722027262822-1024x640.png\" title=\"Ex-hostage: Slain captive said Netanyahu won&#8217;t work to free us because we&#8217;re leftists\" width=\"160\" /></figure>", "id": 937777, "language": "en-US", "link": "https://www.timesofisrael.com/ex-hostage-slain-captive-said-netanyahu-wont-work-to-free-us-because-were-leftists", "manual_status_code": 0, "page_rating": 27, "page_rating_contents": 86, "page_rating_visits": 0, "page_rating_votes": 0, "permanent": false, "source": "https://www.timesofisrael.com/feed", "source_obj__id": 358, "status_code": 0, "tags": [], "thumbnail": null, "title": "Ex-hostage: Slain captive said Netanyahu won\u2019t work to free us because we\u2019re leftists", "user": null, "vote": 0}, {"age": null, "album": "", "artist": null, "bookmarked": false, "comments": [], "date_published": "2024-07-26T18:43:20+00:00", "description": "<p>Former US president welcomes PM and wife to Florida resort; tells Netanyahu: \u2018I don\u2019t know how a person who\u2019s Jewish\u2019 could vote for Harris after 'disrespectful' Gaza comments</p>\n<p>The post <a href=\"https://www.timesofisrael.com/we-missed-you-pm-holds-1st-meeting-with-trump-since-post-2020-us-election-dust-up/\">&#8216;We missed you&#8217;: PM holds 1st meeting with Trump since post-2020 US election dust-up</a> appeared first on <a href=\"https://www.timesofisrael.com\">The Times of Israel</a>.</p>\n<figure><img border=\"0\" class=\"type:primaryImage\" height=\"100\" src=\"https://static.timesofisrael.com/www/uploads/2024/07/WhatsApp-Image-2024-07-26-at-11.33.21-AM-1024x640.jpeg\" title=\"&#8216;We missed you&#8217;: PM holds 1st meeting with Trump since post-2020 US election dust-up\" width=\"160\" /></figure>", "id": 936768, "language": "en-US", "link": "https://www.timesofisrael.com/we-missed-you-pm-holds-1st-meeting-with-trump-since-post-2020-us-election-dust-up", "manual_status_code": 0, "page_rating": 27, "page_rating_contents": 86, "page_rating_visits": 0, "page_rating_votes": 0, "permanent": false, "source": "https://www.timesofisrael.com/feed", "source_obj__id": 358, "status_code": 0, "tags": [], "thumbnail": null, "title": "\u2018We missed you\u2019: PM holds 1st meeting with Trump since post-2020 US election dust-up", "user": null, "vote": 0}, {"age": null, "album": "", "artist": null, "bookmarked": false, "comments": [], "date_published": "2024-07-26T18:33:53+00:00", "description": "<p>By brokering declaration by Palestinian factions and hosting Kyiv's top envoy, analysts say Beijing is cementing its role as a global diplomatic force</p>\n<p>The post <a href=\"https://www.timesofisrael.com/with-palestinian-declaration-and-ukrainian-fm-visit-china-showcases-rising-influence/\">With Palestinian declaration and Ukrainian FM visit, China showcases rising influence</a> appeared first on <a href=\"https://www.timesofisrael.com\">The Times of Israel</a>.</p>\n<figure><img border=\"0\" class=\"type:primaryImage\" height=\"100\" src=\"https://static.timesofisrael.com/www/uploads/2024/07/AFP__20240723__364R6J3__v4__HighRes__TopshotChinaPalestinianConflictDiplomacy-e1721710777297-1024x640.jpg\" title=\"With Palestinian declaration and Ukrainian FM visit, China showcases rising influence\" width=\"160\" /></figure>", "id": 936769, "language": "en-US", "link": "https://www.timesofisrael.com/with-palestinian-declaration-and-ukrainian-fm-visit-china-showcases-rising-influence", "manual_status_code": 0, "page_rating": 27, "page_rating_contents": 86, "page_rating_visits": 0, "page_rating_votes": 0, "permanent": false, "source": "https://www.timesofisrael.com/feed", "source_obj__id": 358, "status_code": 0, "tags": [], "thumbnail": null, "title": "With Palestinian declaration and Ukrainian FM visit, China showcases rising influence", "user": null, "vote": 0}, {"age": null, "album": "", "artist": null, "bookmarked": false, "comments": [], "date_published": "2024-07-26T16:54:59+00:00", "description": "<p>Anonymous artist T\u00f6ddel claims teen killed in Holocaust would support their call to end 'the killings of the innocent women and children in Gaza'</p>\n<p>The post <a href=\"https://www.timesofisrael.com/graffiti-in-norway-of-anne-frank-wearing-a-keffiyeh-sparks-outrage/\">Graffiti in Norway of Anne Frank wearing a keffiyeh sparks outrage</a> appeared first on <a href=\"https://www.timesofisrael.com\">The Times of Israel</a>.</p>\n<figure><img border=\"0\" class=\"type:primaryImage\" height=\"100\" src=\"https://static.timesofisrael.com/www/uploads/2024/07/Screenshot-2024-07-26-at-18.10.50-1024x640.png\" title=\"Graffiti in Norway of Anne Frank wearing a keffiyeh sparks outrage\" width=\"160\" /></figure>", "id": 936358, "language": "en-US", "link": "https://www.timesofisrael.com/graffiti-in-norway-of-anne-frank-wearing-a-keffiyeh-sparks-outrage", "manual_status_code": 0, "page_rating": 27, "page_rating_contents": 86, "page_rating_visits": 0, "page_rating_votes": 0, "permanent": false, "source": "https://www.timesofisrael.com/feed", "source_obj__id": 358, "status_code": 0, "tags": [], "thumbnail": null, "title": "Graffiti in Norway of Anne Frank wearing a keffiyeh sparks outrage", "user": null, "vote": 0}, {"age": null, "album": "", "artist": null, "bookmarked": false, "comments": [], "date_published": "2024-07-26T16:54:41+00:00", "description": "<p>Former US president and first lady are last major Democratic Party figures to lend public support for expected nominee after Biden dropped out of race</p>\n<p>The post <a href=\"https://www.timesofisrael.com/obamas-endorsement-of-harris-gives-us-vp-expected-but-crucial-support/\">Obamas&#8217; endorsement of Harris gives US VP expected but crucial support</a> appeared first on <a href=\"https://www.timesofisrael.com\">The Times of Israel</a>.</p>\n<figure><img border=\"0\" class=\"type:primaryImage\" height=\"100\" src=\"https://static.timesofisrael.com/www/uploads/2024/07/AP24208408264482-e1722006551560-1024x640.jpg\" title=\"Obamas&#8217; endorsement of Harris gives US VP expected but crucial support\" width=\"160\" /></figure>", "id": 936359, "language": "en-US", "link": "https://www.timesofisrael.com/obamas-endorsement-of-harris-gives-us-vp-expected-but-crucial-support", "manual_status_code": 0, "page_rating": 27, "page_rating_contents": 86, "page_rating_visits": 0, "page_rating_votes": 0, "permanent": false, "source": "https://www.timesofisrael.com/feed", "source_obj__id": 358, "status_code": 0, "tags": [], "thumbnail": null, "title": "Obamas\u2019 endorsement of Harris gives US VP expected but crucial support", "user": null, "vote": 0}, {"age": null, "album": "", "artist": null, "bookmarked": false, "comments": [], "date_published": "2024-07-26T15:17:01+00:00", "description": "<p>Figure given by Maj. Gen. Ori Gordin higher than ToI tally; military says Hezbollah hiding true number of fatalities among its ranks</p>\n<p>The post <a href=\"https://www.timesofisrael.com/idf-has-killed-500-terrorists-in-north-since-beginning-of-war-says-senior-officer/\">IDF has killed 500 terrorists in north since beginning of war, says senior officer</a> appeared first on <a href=\"https://www.timesofisrael.com\">The Times of Israel</a>.</p>\n<figure><img border=\"0\" class=\"type:primaryImage\" height=\"100\" src=\"https://static.timesofisrael.com/www/uploads/2024/07/WhatsApp_Image_2024-07-25_at_11.03.12-1024x640.jpeg\" title=\"IDF has killed 500 terrorists in north since beginning of war, says senior officer\" width=\"160\" /></figure>", "id": 935323, "language": "en-US", "link": "https://www.timesofisrael.com/idf-has-killed-500-terrorists-in-north-since-beginning-of-war-says-senior-officer", "manual_status_code": 0, "page_rating": 27, "page_rating_contents": 86, "page_rating_visits": 0, "page_rating_votes": 0, "permanent": false, "source": "https://www.timesofisrael.com/feed", "source_obj__id": 358, "status_code": 0, "tags": [], "thumbnail": null, "title": "IDF has killed 500 terrorists in north since beginning of war, says senior officer", "user": null, "vote": 0}, {"age": null, "album": "", "artist": null, "bookmarked": false, "comments": [], "date_published": "2024-07-26T14:38:32+00:00", "description": "<p>US bureau chief Jacob Magid discusses Netanyahu's meetings with Biden, VP Kamala Harris and hostage families as Tech Israel editor Sharon Wrobel looks at AI tech during war</p>\n<p>The post <a href=\"https://www.timesofisrael.com/daily-briefing-jul-26-day-294-pm-meets-hostage-families-israel-slams-harris-on-gaza/\">Daily Briefing Jul 26: Day 294 &#8211; PM meets hostage families; Israel slams Harris on Gaza</a> appeared first on <a href=\"https://www.timesofisrael.com\">The Times of Israel</a>.</p>\n<figure><img border=\"0\" class=\"type:primaryImage\" height=\"100\" src=\"https://static.timesofisrael.com/www/uploads/2024/07/AP24207768720895-1-1024x640.jpg\" title=\"Daily Briefing Jul 26: Day 294 &#8211; PM meets hostage families; Israel slams Harris on Gaza\" width=\"160\" /></figure>", "id": 935324, "language": "en-US", "link": "https://www.timesofisrael.com/daily-briefing-jul-26-day-294-pm-meets-hostage-families-israel-slams-harris-on-gaza", "manual_status_code": 0, "page_rating": 27, "page_rating_contents": 86, "page_rating_visits": 0, "page_rating_votes": 0, "permanent": false, "source": "https://www.timesofisrael.com/feed", "source_obj__id": 358, "status_code": 0, "tags": [], "thumbnail": null, "title": "Daily Briefing Jul 26: Day 294 \u2013 PM meets hostage families; Israel slams Harris on Gaza", "user": null, "vote": 0}, {"age": null, "album": "", "artist": null, "bookmarked": false, "comments": [], "date_published": "2024-07-26T14:07:50+00:00", "description": "<p>President says he has 'a lot of trust in the security infrastructure of the French' to protect Israelis at Paris Games, thanks Macron for action against antisemitism</p>\n<p>The post <a href=\"https://www.timesofisrael.com/french-police-said-probing-threat-against-herzog-ahead-of-olympics-opening-ceremony/\">French police said probing threat against Herzog ahead of Olympics opening ceremony</a> appeared first on <a href=\"https://www.timesofisrael.com\">The Times of Israel</a>.</p>\n<figure><img border=\"0\" class=\"type:primaryImage\" height=\"100\" src=\"https://static.timesofisrael.com/www/uploads/2024/07/AFP__20240726__36627FC__v1__HighRes__FranceOlyParis2024Diplomacy-e1721996272104-1024x640.jpg\" title=\"French police said probing threat against Herzog ahead of Olympics opening ceremony\" width=\"160\" /></figure>", "id": 934863, "language": "en-US", "link": "https://www.timesofisrael.com/french-police-said-probing-threat-against-herzog-ahead-of-olympics-opening-ceremony", "manual_status_code": 0, "page_rating": 27, "page_rating_contents": 86, "page_rating_visits": 0, "page_rating_votes": 0, "permanent": false, "source": "https://www.timesofisrael.com/feed", "source_obj__id": 358, "status_code": 0, "tags": [], "thumbnail": null, "title": "French police said probing threat against Herzog ahead of Olympics opening ceremony", "user": null, "vote": 0}, {"age": null, "album": "", "artist": null, "bookmarked": false, "comments": [], "date_published": "2024-07-26T13:40:55+00:00", "description": "<p>Countries' leaders say in joint statement civilians can't 'be made to pay the price of defeating Hamas,' demand Israel 'respond substantively' to ICJ ruling on West Bank presence</p>\n<p>The post <a href=\"https://www.timesofisrael.com/it-must-end-australia-new-zealand-canada-call-for-immediate-gaza-ceasefire/\">&#8216;It must end&#8217;: Australia, New Zealand, Canada call for immediate Gaza ceasefire</a> appeared first on <a href=\"https://www.timesofisrael.com\">The Times of Israel</a>.</p>\n<figure><img border=\"0\" class=\"type:primaryImage\" height=\"100\" src=\"https://static.timesofisrael.com/www/uploads/2024/07/AFP__20240305__34KQ6XJ__v1__HighRes__AustraliaTradeDiplomacyAsean-e1721991808354-1024x640.jpg\" title=\"&#8216;It must end&#8217;: Australia, New Zealand, Canada call for immediate Gaza ceasefire\" width=\"160\" /></figure>", "id": 934864, "language": "en-US", "link": "https://www.timesofisrael.com/it-must-end-australia-new-zealand-canada-call-for-immediate-gaza-ceasefire", "manual_status_code": 0, "page_rating": 27, "page_rating_contents": 86, "page_rating_visits": 0, "page_rating_votes": 0, "permanent": false, "source": "https://www.timesofisrael.com/feed", "source_obj__id": 358, "status_code": 0, "tags": [], "thumbnail": null, "title": "\u2018It must end\u2019: Australia, New Zealand, Canada call for immediate Gaza ceasefire", "user": null, "vote": 0}, {"age": null, "album": "", "artist": null, "bookmarked": false, "comments": [], "date_published": "2024-07-26T13:40:13+00:00", "description": "<p>Israeli official says terror group's response 'bizarre' given that plan not yet sent; Hamas reportedly objects to demands over Philadelphi Corridor, return of Gazans to north Strip</p>\n<p>The post <a href=\"https://www.timesofisrael.com/hamas-said-to-reject-proposal-for-hostage-ceasefire-deal-before-receiving-it/\">Hamas said to reject proposal for hostage-ceasefire deal before receiving it</a> appeared first on <a href=\"https://www.timesofisrael.com\">The Times of Israel</a>.</p>\n<figure><img border=\"0\" class=\"type:primaryImage\" height=\"100\" src=\"https://static.timesofisrael.com/www/uploads/2024/07/GettyImages-2163324282-1024x640.jpg\" title=\"Hamas said to reject proposal for hostage-ceasefire deal before receiving it\" width=\"160\" /></figure>", "id": 934865, "language": "en-US", "link": "https://www.timesofisrael.com/hamas-said-to-reject-proposal-for-hostage-ceasefire-deal-before-receiving-it", "manual_status_code": 0, "page_rating": 27, "page_rating_contents": 86, "page_rating_visits": 0, "page_rating_votes": 0, "permanent": false, "source": "https://www.timesofisrael.com/feed", "source_obj__id": 358, "status_code": 0, "tags": [], "thumbnail": null, "title": "Hamas said to reject proposal for hostage-ceasefire deal before receiving it", "user": null, "vote": 0}, {"age": null, "album": "", "artist": null, "bookmarked": false, "comments": [], "date_published": "2024-07-26T13:37:25+00:00", "description": "<p>Amit Forlit, accused of involvement in scheme to access info of individuals, businesses, is wanted by US; was arrested in April while trying to board flight to Israel </p>\n<p>The post <a href=\"https://www.timesofisrael.com/israeli-private-investigator-accused-of-hacking-for-hire-goes-on-trial-in-london/\">Israeli private investigator accused of hacking for hire goes on trial in London</a> appeared first on <a href=\"https://www.timesofisrael.com\">The Times of Israel</a>.</p>\n<figure><img border=\"0\" class=\"type:primaryImage\" height=\"100\" src=\"https://static.timesofisrael.com/www/uploads/2024/06/AP22229316301383-1024x640.jpg\" title=\"Israeli private investigator accused of hacking for hire goes on trial in London\" width=\"160\" /></figure>", "id": 934866, "language": "en-US", "link": "https://www.timesofisrael.com/israeli-private-investigator-accused-of-hacking-for-hire-goes-on-trial-in-london", "manual_status_code": 0, "page_rating": 27, "page_rating_contents": 86, "page_rating_visits": 0, "page_rating_votes": 0, "permanent": false, "source": "https://www.timesofisrael.com/feed", "source_obj__id": 358, "status_code": 0, "tags": [], "thumbnail": null, "title": "Israeli private investigator accused of hacking for hire goes on trial in London", "user": null, "vote": 0}, {"age": null, "album": "", "artist": null, "bookmarked": false, "comments": [], "date_published": "2024-07-26T12:02:31+00:00", "description": "<p>Disclosure comes hours before leaders sit down for first time since 2020 Abraham Accords signing; Trump was infuriated by Netanyahu not buying into his election fraud falsehood</p>\n<p>The post <a href=\"https://www.timesofisrael.com/ahead-of-netanyahu-trump-meet-official-says-they-spoke-july-4-for-1st-time-in-years/\">Ahead of Netanyahu-Trump meet, official says they spoke July 4 for 1st time in years</a> appeared first on <a href=\"https://www.timesofisrael.com\">The Times of Israel</a>.</p>\n<figure><img border=\"0\" class=\"type:primaryImage\" height=\"100\" src=\"https://static.timesofisrael.com/www/uploads/2024/07/AP24207792005592-e1721988476211-1024x640.jpg\" title=\"Ahead of Netanyahu-Trump meet, official says they spoke July 4 for 1st time in years\" width=\"160\" /></figure>", "id": 934464, "language": "en-US", "link": "https://www.timesofisrael.com/ahead-of-netanyahu-trump-meet-official-says-they-spoke-july-4-for-1st-time-in-years", "manual_status_code": 0, "page_rating": 27, "page_rating_contents": 86, "page_rating_visits": 0, "page_rating_votes": 0, "permanent": false, "source": "https://www.timesofisrael.com/feed", "source_obj__id": 358, "status_code": 0, "tags": [], "thumbnail": null, "title": "Ahead of Netanyahu-Trump meet, official says they spoke July 4 for 1st time in years", "user": null, "vote": 0}, {"age": null, "album": "", "artist": null, "bookmarked": false, "comments": [], "date_published": "2024-07-26T11:32:07+00:00", "description": "<p>What do you do when a war follows you around the world?</p>\n<p>The post <a href=\"https://www.timesofisrael.com/wartime-diaries-michael-vivier/\">Wartime Diaries: Michael Vivier</a> appeared first on <a href=\"https://www.timesofisrael.com\">The Times of Israel</a>.</p>\n<figure><img border=\"0\" class=\"type:primaryImage\" height=\"100\" src=\"https://static.timesofisrael.com/www/uploads/2024/07/michael-vivier-TOI-1024x640.jpg\" title=\"Wartime Diaries: Michael Vivier\" width=\"160\" /></figure>", "id": 934066, "language": "en-US", "link": "https://www.timesofisrael.com/wartime-diaries-michael-vivier", "manual_status_code": 0, "page_rating": 27, "page_rating_contents": 86, "page_rating_visits": 0, "page_rating_votes": 0, "permanent": false, "source": "https://www.timesofisrael.com/feed", "source_obj__id": 358, "status_code": 0, "tags": [], "thumbnail": null, "title": "Wartime Diaries: Michael Vivier", "user": null, "vote": 0}, {"age": null, "album": "", "artist": null, "bookmarked": false, "comments": [], "date_published": "2024-07-26T11:31:28+00:00", "description": "<p>Some 250,000 locals and travelers affected by apparent arson attack; no immediate sign of direct link to Olympics, police say; tens of thousands of officers deployed for ceremony </p>\n<p>The post <a href=\"https://www.timesofisrael.com/coordinated-sabotage-paralyzes-french-railways-hours-before-olympic-opening-ceremony/\">Coordinated sabotage paralyzes French railways hours before Olympic opening ceremony</a> appeared first on <a href=\"https://www.timesofisrael.com\">The Times of Israel</a>.</p>\n<figure><img border=\"0\" class=\"type:primaryImage\" height=\"100\" src=\"https://static.timesofisrael.com/www/uploads/2024/07/AFP__20240726__364Y2QH__v2__HighRes__FranceOly2024CrimeTransport-1024x640.jpg\" title=\"Coordinated sabotage paralyzes French railways hours before Olympic opening ceremony\" width=\"160\" /></figure>", "id": 934067, "language": "en-US", "link": "https://www.timesofisrael.com/coordinated-sabotage-paralyzes-french-railways-hours-before-olympic-opening-ceremony", "manual_status_code": 0, "page_rating": 27, "page_rating_contents": 86, "page_rating_visits": 0, "page_rating_votes": 0, "permanent": false, "source": "https://www.timesofisrael.com/feed", "source_obj__id": 358, "status_code": 0, "tags": [], "thumbnail": null, "title": "Coordinated sabotage paralyzes French railways hours before Olympic opening ceremony", "user": null, "vote": 0}, {"age": null, "album": "", "artist": null, "bookmarked": false, "comments": [], "date_published": "2024-07-26T11:21:08+00:00", "description": "<p>Andrzej Boryga, 67, left threatening voicemails at multiple offices of the Anti-Defamation League in 2022, reportedly threatening to decapitate staff 'with pleasure'</p>\n<p>The post <a href=\"https://www.timesofisrael.com/self-described-nazi-who-threatened-adl-offices-sentenced-to-2-years-in-prison/\">Self-described Nazi who threatened ADL offices sentenced to 2 years in prison</a> appeared first on <a href=\"https://www.timesofisrael.com\">The Times of Israel</a>.</p>\n<figure><img border=\"0\" class=\"type:primaryImage\" height=\"100\" src=\"https://static.timesofisrael.com/www/uploads/2024/07/AP23160528605593-1024x640.jpg\" title=\"Self-described Nazi who threatened ADL offices sentenced to 2 years in prison\" width=\"160\" /></figure>", "id": 934068, "language": "en-US", "link": "https://www.timesofisrael.com/self-described-nazi-who-threatened-adl-offices-sentenced-to-2-years-in-prison", "manual_status_code": 0, "page_rating": 27, "page_rating_contents": 86, "page_rating_visits": 0, "page_rating_votes": 0, "permanent": false, "source": "https://www.timesofisrael.com/feed", "source_obj__id": 358, "status_code": 0, "tags": [], "thumbnail": null, "title": "Self-described Nazi who threatened ADL offices sentenced to 2 years in prison", "user": null, "vote": 0}, {"age": null, "album": "", "artist": null, "bookmarked": false, "comments": [], "date_published": "2024-07-26T11:21:05+00:00", "description": "<p>Dion Marsh, 29, attacked four Orthodox Jewish men in Lakewood over the course of one day, stealing one man's car and ramming it at others, one of whom he also stabbed</p>\n<p>The post <a href=\"https://www.timesofisrael.com/new-jersey-man-sentenced-to-40-years-in-prison-for-2022-antisemitic-crime-spree/\">New Jersey man sentenced to 40 years in prison for 2022 antisemitic crime spree</a> appeared first on <a href=\"https://www.timesofisrael.com\">The Times of Israel</a>.</p>\n<figure><img border=\"0\" class=\"type:primaryImage\" height=\"100\" src=\"https://static.timesofisrael.com/www/uploads/2022/04/Dion-Marsh-27-is-charged-with-carjacking-attempted-murder-and-bias-crimes-in-Lakewood-NJ-April-8-2022.-1024x640.jpg\" title=\"New Jersey man sentenced to 40 years in prison for 2022 antisemitic crime spree\" width=\"160\" /></figure>", "id": 934069, "language": "en-US", "link": "https://www.timesofisrael.com/new-jersey-man-sentenced-to-40-years-in-prison-for-2022-antisemitic-crime-spree", "manual_status_code": 0, "page_rating": 27, "page_rating_contents": 86, "page_rating_visits": 0, "page_rating_votes": 0, "permanent": false, "source": "https://www.timesofisrael.com/feed", "source_obj__id": 358, "status_code": 0, "tags": [], "thumbnail": null, "title": "New Jersey man sentenced to 40 years in prison for 2022 antisemitic crime spree", "user": null, "vote": 0}, {"age": null, "album": "", "artist": null, "bookmarked": false, "comments": [], "date_published": "2024-07-26T10:21:29+00:00", "description": "<p>US, Israeli sources recently said window for deal before US elections has closed due to Congress schedule; PM said in Congress speech regional alliance is needed to counter Iran</p>\n<p>The post <a href=\"https://www.timesofisrael.com/top-israeli-official-insists-saudi-normalization-still-possible-before-us-elections/\">Top Israeli official insists Saudi normalization still possible before US elections</a> appeared first on <a href=\"https://www.timesofisrael.com\">The Times of Israel</a>.</p>\n<figure><img border=\"0\" class=\"type:primaryImage\" height=\"100\" src=\"https://static.timesofisrael.com/www/uploads/2024/07/AP24080824194944-e1721979368141-1024x640.jpg\" title=\"Top Israeli official insists Saudi normalization still possible before US elections\" width=\"160\" /></figure>", "id": 933765, "language": "en-US", "link": "https://www.timesofisrael.com/top-israeli-official-insists-saudi-normalization-still-possible-before-us-elections", "manual_status_code": 0, "page_rating": 27, "page_rating_contents": 86, "page_rating_visits": 0, "page_rating_votes": 0, "permanent": false, "source": "https://www.timesofisrael.com/feed", "source_obj__id": 358, "status_code": 0, "tags": [], "thumbnail": null, "title": "Top Israeli official insists Saudi normalization still possible before US elections", "user": null, "vote": 0}, {"age": null, "album": "", "artist": null, "bookmarked": false, "comments": [], "date_published": "2024-07-26T10:19:14+00:00", "description": "<p>Running at the Borscht Belt Museum in Ellenville, NY, through November, 'And Such Small Portions!' reflects a bygone era where guests found comfort in food, laughs and one another</p>\n<p>The post <a href=\"https://www.timesofisrael.com/a-museum-exhibit-on-jewish-food-and-humor-puts-the-borscht-in-borscht-belt/\">A museum exhibit on Jewish food and humor puts the \u2018borscht\u2019 in Borscht Belt</a> appeared first on <a href=\"https://www.timesofisrael.com\">The Times of Israel</a>.</p>\n<figure><img border=\"0\" class=\"type:primaryImage\" height=\"100\" src=\"https://static.timesofisrael.com/www/uploads/2024/07/Borscht-Belt-museum-copy-1024x640.jpg\" title=\"A museum exhibit on Jewish food and humor puts the \u2018borscht\u2019 in Borscht Belt\" width=\"160\" /></figure>", "id": 933766, "language": "en-US", "link": "https://www.timesofisrael.com/a-museum-exhibit-on-jewish-food-and-humor-puts-the-borscht-in-borscht-belt", "manual_status_code": 0, "page_rating": 27, "page_rating_contents": 86, "page_rating_visits": 0, "page_rating_votes": 0, "permanent": false, "source": "https://www.timesofisrael.com/feed", "source_obj__id": 358, "status_code": 0, "tags": [], "thumbnail": null, "title": "A museum exhibit on Jewish food and humor puts the \u2018borscht\u2019 in Borscht Belt", "user": null, "vote": 0}, {"age": null, "album": "", "artist": null, "bookmarked": false, "comments": [], "date_published": "2024-07-26T09:47:36+00:00", "description": "<p>Source says Sullivan told Netanyahu sanctions on West Bank extremists will persist despite PM's lobbying against them; Israeli official says far-right ministers won\u2019t be targeted</p>\n<p>The post <a href=\"https://www.timesofisrael.com/us-said-to-nix-plan-to-sanction-smotrich-ben-gvir-but-will-keep-blacklisting-settlers/\">US said to nix plan to sanction Smotrich, Ben Gvir, but will keep blacklisting settlers</a> appeared first on <a href=\"https://www.timesofisrael.com\">The Times of Israel</a>.</p>\n<figure><img border=\"0\" class=\"type:primaryImage\" height=\"100\" src=\"https://static.timesofisrael.com/www/uploads/2023/01/F221228OF138-e1672944998710-1024x640.jpg\" title=\"US said to nix plan to sanction Smotrich, Ben Gvir, but will keep blacklisting settlers\" width=\"160\" /></figure>", "id": 933767, "language": "en-US", "link": "https://www.timesofisrael.com/us-said-to-nix-plan-to-sanction-smotrich-ben-gvir-but-will-keep-blacklisting-settlers", "manual_status_code": 0, "page_rating": 27, "page_rating_contents": 86, "page_rating_visits": 0, "page_rating_votes": 0, "permanent": false, "source": "https://www.timesofisrael.com/feed", "source_obj__id": 358, "status_code": 0, "tags": [], "thumbnail": null, "title": "US said to nix plan to sanction Smotrich, Ben Gvir, but will keep blacklisting settlers", "user": null, "vote": 0}, {"age": null, "album": "", "artist": null, "bookmarked": false, "comments": [], "date_published": "2024-07-26T09:06:40+00:00", "description": "<p>'Kamala snubs Israel again,' says RJC, in first ad against US VP since she started her presidential campaign; narrator mispronounces her name throughout 45-second clip</p>\n<p>The post <a href=\"https://www.timesofisrael.com/in-ad-republican-jewish-coalition-slams-kamala-harris-for-skipping-netanyahu-speech/\">In ad, Republican Jewish Coalition slams Kamala Harris for skipping Netanyahu speech</a> appeared first on <a href=\"https://www.timesofisrael.com\">The Times of Israel</a>.</p>\n<figure><img border=\"0\" class=\"type:primaryImage\" height=\"100\" src=\"https://static.timesofisrael.com/www/uploads/2024/07/Screenshot-2024-07-26-at-9.01.45-e1721974100748-1024x640.png\" title=\"In ad, Republican Jewish Coalition slams Kamala Harris for skipping Netanyahu speech\" width=\"160\" /></figure>", "id": 933409, "language": "en-US", "link": "https://www.timesofisrael.com/in-ad-republican-jewish-coalition-slams-kamala-harris-for-skipping-netanyahu-speech", "manual_status_code": 0, "page_rating": 27, "page_rating_contents": 86, "page_rating_visits": 0, "page_rating_votes": 0, "permanent": false, "source": "https://www.timesofisrael.com/feed", "source_obj__id": 358, "status_code": 0, "tags": [], "thumbnail": null, "title": "In ad, Republican Jewish Coalition slams Kamala Harris for skipping Netanyahu speech", "user": null, "vote": 0}, {"age": null, "album": "", "artist": null, "bookmarked": false, "comments": [], "date_published": "2024-07-26T09:06:35+00:00", "description": "<p>Starmer's reported move 'is contrary to justice and truth and violates the right of all democracies to fight terrorism,' senior Israeli official tells reporters</p>\n<p>The post <a href=\"https://www.timesofisrael.com/israel-pans-uks-reported-plan-to-withdraw-objection-to-icc-warrants-against-netanyahu/\">Israel pans UK&#8217;s reported plan to withdraw objection to ICC warrants against Netanyahu</a> appeared first on <a href=\"https://www.timesofisrael.com\">The Times of Israel</a>.</p>\n<figure><img border=\"0\" class=\"type:primaryImage\" height=\"100\" src=\"https://static.timesofisrael.com/www/uploads/2024/07/AP24206375322805-1024x640.jpg\" title=\"Israel pans UK&#8217;s reported plan to withdraw objection to ICC warrants against Netanyahu\" width=\"160\" /></figure>", "id": 933410, "language": "en-US", "link": "https://www.timesofisrael.com/israel-pans-uks-reported-plan-to-withdraw-objection-to-icc-warrants-against-netanyahu", "manual_status_code": 0, "page_rating": 27, "page_rating_contents": 86, "page_rating_visits": 0, "page_rating_votes": 0, "permanent": false, "source": "https://www.timesofisrael.com/feed", "source_obj__id": 358, "status_code": 0, "tags": [], "thumbnail": null, "title": "Israel pans UK\u2019s reported plan to withdraw objection to ICC warrants against Netanyahu", "user": null, "vote": 0}, {"age": null, "album": "", "artist": null, "bookmarked": false, "comments": [], "date_published": "2024-07-26T08:48:45+00:00", "description": "<p>Murdered by Hamas terrorists while fleeing the Supernova music festival on October 7</p>\n<p>The post <a href=\"https://www.timesofisrael.com/dor-nahum-24-partygoer-filled-home-with-light-and-laughter/\">Dor Nahum, 24: Partygoer &#8216;filled home with light and laughter&#8217;</a> appeared first on <a href=\"https://www.timesofisrael.com\">The Times of Israel</a>.</p>\n<figure><img border=\"0\" class=\"type:primaryImage\" height=\"100\" src=\"https://static.timesofisrael.com/www/uploads/2024/07/Untitled-design86-1024x640.jpg\" title=\"Dor Nahum, 24: Partygoer &#8216;filled home with light and laughter&#8217;\" width=\"160\" /></figure>", "id": 933411, "language": "en-US", "link": "https://www.timesofisrael.com/dor-nahum-24-partygoer-filled-home-with-light-and-laughter", "manual_status_code": 0, "page_rating": 27, "page_rating_contents": 86, "page_rating_visits": 0, "page_rating_votes": 0, "permanent": false, "source": "https://www.timesofisrael.com/feed", "source_obj__id": 358, "status_code": 0, "tags": [], "thumbnail": null, "title": "Dor Nahum, 24: Partygoer \u2018filled home with light and laughter\u2019", "user": null, "vote": 0}, {"age": null, "album": "", "artist": null, "bookmarked": false, "comments": [], "date_published": "2024-07-26T08:45:57+00:00", "description": "<p>Succumbed to his wounds on October 10 after battling Hamas near Gaza on October 7</p>\n<p>The post <a href=\"https://www.timesofisrael.com/sgt-amichay-rubin-23-golani-soldier-whose-organs-saved-5-lives/\">Sgt. Amichay Rubin, 23: Golani soldier whose organs saved 5 lives</a> appeared first on <a href=\"https://www.timesofisrael.com\">The Times of Israel</a>.</p>\n<figure><img border=\"0\" class=\"type:primaryImage\" height=\"100\" src=\"https://static.timesofisrael.com/www/uploads/2024/07/Untitled-design91-1024x640.jpg\" title=\"Sgt. Amichay Rubin, 23: Golani soldier whose organs saved 5 lives\" width=\"160\" /></figure>", "id": 933412, "language": "en-US", "link": "https://www.timesofisrael.com/sgt-amichay-rubin-23-golani-soldier-whose-organs-saved-5-lives", "manual_status_code": 0, "page_rating": 27, "page_rating_contents": 86, "page_rating_visits": 0, "page_rating_votes": 0, "permanent": false, "source": "https://www.timesofisrael.com/feed", "source_obj__id": 358, "status_code": 0, "tags": [], "thumbnail": null, "title": "Sgt. Amichay Rubin, 23: Golani soldier whose organs saved 5 lives", "user": null, "vote": 0}, {"age": null, "album": "", "artist": null, "bookmarked": false, "comments": [], "date_published": "2024-07-26T08:13:32+00:00", "description": "<p>Cpl. (res.) Moti Rave, 37, had license for heavy machinery from civilian construction work, joined army amid war to operate D9 bulldozer</p>\n<p>The post <a href=\"https://www.timesofisrael.com/idf-volunteer-soldier-slain-in-south-gaza-fighting-100-gunmen-killed-in-khan-younis/\">IDF volunteer soldier killed in south Gaza fighting; 100 gunmen killed in Khan Younis</a> appeared first on <a href=\"https://www.timesofisrael.com\">The Times of Israel</a>.</p>\n<figure><img border=\"0\" class=\"type:primaryImage\" height=\"100\" src=\"https://static.timesofisrael.com/www/uploads/2024/07/4534-1024x640.jpg\" title=\"IDF volunteer soldier killed in south Gaza fighting; 100 gunmen killed in Khan Younis\" width=\"160\" /></figure>", "id": 933138, "language": "en-US", "link": "https://www.timesofisrael.com/idf-volunteer-soldier-slain-in-south-gaza-fighting-100-gunmen-killed-in-khan-younis", "manual_status_code": 0, "page_rating": 27, "page_rating_contents": 86, "page_rating_visits": 0, "page_rating_votes": 0, "permanent": false, "source": "https://www.timesofisrael.com/feed", "source_obj__id": 358, "status_code": 0, "tags": [], "thumbnail": null, "title": "IDF volunteer soldier killed in south Gaza fighting; 100 gunmen killed in Khan Younis", "user": null, "vote": 0}, {"age": null, "album": "", "artist": null, "bookmarked": false, "comments": [], "date_published": "2024-07-26T07:52:40+00:00", "description": "<p>Take a free intro lesson to learn how our unique method will help you achieve fluency. Our services are available anywhere in the world, and they're tailored to fit your schedule. </p>\n<p>The post <a href=\"https://www.timesofisrael.com/spotlight/learning-hebrew-is-the-best-way-to-connect-with-israel/\">Learning Hebrew is the best way to connect with Israel</a> appeared first on <a href=\"https://www.timesofisrael.com\">The Times of Israel</a>.</p>\n<figure><img border=\"0\" class=\"type:primaryImage\" height=\"100\" src=\"https://static.timesofisrael.com/www/uploads/2024/03/Screenshot-2024-03-14-at-13.19.481-1024x640.png\" title=\"Learning Hebrew is the best way to connect with Israel\" width=\"160\" /></figure>", "id": 934465, "language": "en-US", "link": "https://toi.li/DVyewG", "manual_status_code": 0, "page_rating": 27, "page_rating_contents": 86, "page_rating_visits": 0, "page_rating_votes": 0, "permanent": false, "source": "https://www.timesofisrael.com/feed", "source_obj__id": 358, "status_code": 0, "tags": [], "thumbnail": null, "title": "Learning Hebrew is the best way to connect with Israel - Sponsored Content", "user": null, "vote": 0}, {"age": null, "album": "", "artist": null, "bookmarked": false, "comments": [], "date_published": "2024-07-26T07:45:27+00:00", "description": "<p>After meeting Netanyahu, US VP says she lamented 'death of far too many innocent civilians'; top Israeli official: Remarks imply Israel-US gaps, will lead Hamas to toughen stance</p>\n<p>The post <a href=\"https://www.timesofisrael.com/harris-i-wont-stay-silent-on-gaza-suffering-israel-charges-shes-harming-deal-chances/\">Harris: I won&#8217;t stay silent on Gaza suffering; Israel: Her words harm chances for deal</a> appeared first on <a href=\"https://www.timesofisrael.com\">The Times of Israel</a>.</p>\n<figure><img border=\"0\" class=\"type:primaryImage\" height=\"100\" src=\"https://static.timesofisrael.com/www/uploads/2024/07/AFP__20240725__36622ZV__v1__HighRes__UsIsraelDiplomacyPoliticsHarrisNetanyahu-1024x640.jpg\" title=\"Harris: I won&#8217;t stay silent on Gaza suffering; Israel: Her words harm chances for deal\" width=\"160\" /></figure>", "id": 933139, "language": "en-US", "link": "https://www.timesofisrael.com/harris-i-wont-stay-silent-on-gaza-suffering-israel-charges-shes-harming-deal-chances", "manual_status_code": 0, "page_rating": 27, "page_rating_contents": 86, "page_rating_visits": 0, "page_rating_votes": 0, "permanent": false, "source": "https://www.timesofisrael.com/feed", "source_obj__id": 358, "status_code": 0, "tags": [], "thumbnail": null, "title": "Harris: I won\u2019t stay silent on Gaza suffering; Israel: Her words harm chances for deal", "user": null, "vote": 0}, {"age": null, "album": "", "artist": null, "bookmarked": false, "comments": [], "date_published": "2024-07-26T06:58:53+00:00", "description": "<p>After tourism drops by roughly 75% since the Israel-Hamas conflict began in October, vendors say costs are up as sales are down -- and they see no bailout on the horizon</p>\n<p>The post <a href=\"https://www.timesofisrael.com/on-tel-avivs-once-bustling-dizengoff-business-owners-lament-another-casualty-of-war/\">On Tel Aviv&#8217;s once-bustling Dizengoff, business owners lament another casualty of war</a> appeared first on <a href=\"https://www.timesofisrael.com\">The Times of Israel</a>.</p>\n<figure><img border=\"0\" class=\"type:primaryImage\" height=\"100\" src=\"https://static.timesofisrael.com/www/uploads/2024/07/F240117MA016-1024x640.jpg\" title=\"On Tel Aviv&#8217;s once-bustling Dizengoff, business owners lament another casualty of war\" width=\"160\" /></figure>", "id": 932954, "language": "en-US", "link": "https://www.timesofisrael.com/on-tel-avivs-once-bustling-dizengoff-business-owners-lament-another-casualty-of-war", "manual_status_code": 0, "page_rating": 27, "page_rating_contents": 86, "page_rating_visits": 0, "page_rating_votes": 0, "permanent": false, "source": "https://www.timesofisrael.com/feed", "source_obj__id": 358, "status_code": 0, "tags": [], "thumbnail": null, "title": "On Tel Aviv\u2019s once-bustling Dizengoff, business owners lament another casualty of war", "user": null, "vote": 0}, {"age": null, "album": "", "artist": null, "bookmarked": false, "comments": [], "date_published": "2024-07-26T06:58:41+00:00", "description": "<p>The Times of Israel\u2019s regular feature on what is happening in the local property market right now</p>\n<p>The post <a href=\"https://www.timesofisrael.com/housing-snapshot-home-sales-and-rentals-across-israel-in-july-2024/\">Housing snapshot: Home sales and rentals across Israel in July 2024</a> appeared first on <a href=\"https://www.timesofisrael.com\">The Times of Israel</a>.</p>\n<figure><img border=\"0\" class=\"type:primaryImage\" height=\"100\" src=\"https://static.timesofisrael.com/www/uploads/2024/07/F240215MA12-1024x640.jpg\" title=\"Housing snapshot: Home sales and rentals across Israel in July 2024\" width=\"160\" /></figure>", "id": 932955, "language": "en-US", "link": "https://www.timesofisrael.com/housing-snapshot-home-sales-and-rentals-across-israel-in-july-2024", "manual_status_code": 0, "page_rating": 27, "page_rating_contents": 86, "page_rating_visits": 0, "page_rating_votes": 0, "permanent": false, "source": "https://www.timesofisrael.com/feed", "source_obj__id": 358, "status_code": 0, "tags": [], "thumbnail": null, "title": "Housing snapshot: Home sales and rentals across Israel in July 2024", "user": null, "vote": 0}, {"age": null, "album": "", "artist": null, "bookmarked": false, "comments": [], "date_published": "2024-07-26T06:02:33+00:00", "description": "<p>ToI's senior analyst on fortitude in the face of a global ignorance that is making it increasingly difficult and even dangerous to be pro-Israel abroad</p>\n<p>The post <a href=\"https://www.timesofisrael.com/what-matters-now-to-haviv-rettig-gur-at-the-olympics-israel-is-a-pariah-state-who-cares/\">What Matters Now to Haviv Rettig Gur: At the Olympics, Israel is a &#8216;pariah state.&#8217; Who cares?</a> appeared first on <a href=\"https://www.timesofisrael.com\">The Times of Israel</a>.</p>\n<figure><img border=\"0\" class=\"type:primaryImage\" height=\"100\" src=\"https://static.timesofisrael.com/www/uploads/2024/07/AP24205715811167-1024x640.jpg\" title=\"What Matters Now to Haviv Rettig Gur: At the Olympics, Israel is a &#8216;pariah state.&#8217; Who cares?\" width=\"160\" /></figure>", "id": 932792, "language": "en-US", "link": "https://www.timesofisrael.com/what-matters-now-to-haviv-rettig-gur-at-the-olympics-israel-is-a-pariah-state-who-cares", "manual_status_code": 0, "page_rating": 27, "page_rating_contents": 86, "page_rating_visits": 0, "page_rating_votes": 0, "permanent": false, "source": "https://www.timesofisrael.com/feed", "source_obj__id": 358, "status_code": 0, "tags": [], "thumbnail": null, "title": "What Matters Now to Haviv Rettig Gur: At the Olympics, Israel is a \u2018pariah state.\u2019 Who cares?", "user": null, "vote": 0}, {"age": null, "album": "", "artist": null, "bookmarked": false, "comments": [], "date_published": "2024-07-26T05:56:27+00:00", "description": "<p>Mustafa Muhammad Abu Ara, 63, dies in hospital after transfer from Ramon Prison, PA says; terror group claims he was deprived of medical treatment; no comment from Israel</p>\n<p>The post <a href=\"https://www.timesofisrael.com/as-hamas-leader-in-west-bank-dies-in-prison-group-urges-retaliatory-terror-attacks/\">As Hamas leader in West Bank dies in prison, group urges retaliatory terror attacks</a> appeared first on <a href=\"https://www.timesofisrael.com\">The Times of Israel</a>.</p>\n<figure><img border=\"0\" class=\"type:primaryImage\" height=\"100\" src=\"https://static.timesofisrael.com/www/uploads/2012/08/F111016TA01-1024x640.jpg\" title=\"As Hamas leader in West Bank dies in prison, group urges retaliatory terror attacks\" width=\"160\" /></figure>", "id": 932793, "language": "en-US", "link": "https://www.timesofisrael.com/as-hamas-leader-in-west-bank-dies-in-prison-group-urges-retaliatory-terror-attacks", "manual_status_code": 0, "page_rating": 27, "page_rating_contents": 86, "page_rating_visits": 0, "page_rating_votes": 0, "permanent": false, "source": "https://www.timesofisrael.com/feed", "source_obj__id": 358, "status_code": 0, "tags": [], "thumbnail": null, "title": "As Hamas leader in West Bank dies in prison, group urges retaliatory terror attacks", "user": null, "vote": 0}, {"age": null, "album": "", "artist": null, "bookmarked": false, "comments": [], "date_published": "2024-07-26T03:46:39+00:00", "description": "<p>Soldier says he tried shooting himself after leg was blown off by grenade during botched hostage rescue mission; 'You can't stay balanced if you kill someone' </p>\n<p>The post <a href=\"https://www.timesofisrael.com/war-wounds-the-human-soul-injured-troops-recall-horrors-of-gaza-battles/\">&#8216;War wounds the human soul&#8217;: Injured troops recall horrors of Gaza battles</a> appeared first on <a href=\"https://www.timesofisrael.com\">The Times of Israel</a>.</p>\n<figure><img border=\"0\" class=\"type:primaryImage\" height=\"100\" src=\"https://static.timesofisrael.com/www/uploads/2024/07/AFP__20240725__364T6T8__v1__HighRes__IsraelPalestinianConflict-e1721924297929-1024x640.jpg\" title=\"&#8216;War wounds the human soul&#8217;: Injured troops recall horrors of Gaza battles\" width=\"160\" /></figure>", "id": 932447, "language": "en-US", "link": "https://www.timesofisrael.com/war-wounds-the-human-soul-injured-troops-recall-horrors-of-gaza-battles", "manual_status_code": 0, "page_rating": 27, "page_rating_contents": 86, "page_rating_visits": 0, "page_rating_votes": 0, "permanent": false, "source": "https://www.timesofisrael.com/feed", "source_obj__id": 358, "status_code": 0, "tags": [], "thumbnail": null, "title": "\u2018War wounds the human soul\u2019: Injured troops recall horrors of Gaza battles", "user": null, "vote": 0}, {"age": null, "album": "", "artist": null, "bookmarked": false, "comments": [], "date_published": "2024-07-26T02:23:56+00:00", "description": "<p>Hamas official denies US assertion terror group has not submitted names of hostages to be freed in first phase of deal * Jailed West Bank Hamas leader dies in Israeli custody</p>\n<p>The post <a href=\"https://www.timesofisrael.com/liveblog-july-26-2024/\">Harris says she will &#8216;not be silent&#8217; on Gaza suffering after talks with Netanyahu</a> appeared first on <a href=\"https://www.timesofisrael.com\">The Times of Israel</a>.</p>\n<figure><img border=\"0\" class=\"type:primaryImage\" height=\"100\" src=\"https://static.timesofisrael.com/www/uploads/2024/07/AFP__20240725__36622ZV__v1__HighRes__UsIsraelDiplomacyPoliticsHarrisNetanyahu-1024x640.jpg\" title=\"Harris says she will &#8216;not be silent&#8217; on Gaza suffering after talks with Netanyahu\" width=\"160\" /></figure>", "id": 932267, "language": "en-US", "link": "https://www.timesofisrael.com/liveblog-july-26-2024", "manual_status_code": 0, "page_rating": 27, "page_rating_contents": 86, "page_rating_visits": 0, "page_rating_votes": 0, "permanent": false, "source": "https://www.timesofisrael.com/feed", "source_obj__id": 358, "status_code": 0, "tags": [], "thumbnail": null, "title": "Harris says she will \u2018not be silent\u2019 on Gaza suffering after talks with Netanyahu", "user": null, "vote": 0}, {"age": null, "album": "", "artist": null, "bookmarked": false, "comments": [], "date_published": "2024-07-26T01:43:40+00:00", "description": "<p>Reflecting a wider trend since October 7, the writer has been accused of being a Zionist, and therefore, worthy of a boycott -- most recently by a Chicago bookstore's book club</p>\n<p>The post <a href=\"https://www.timesofisrael.com/how-author-gabrielle-zevin-has-become-a-literary-scapegoat-for-anti-israel-activists/\">How author Gabrielle Zevin has become a literary scapegoat for anti-Israel activists</a> appeared first on <a href=\"https://www.timesofisrael.com\">The Times of Israel</a>.</p>\n<figure><img border=\"0\" class=\"type:primaryImage\" height=\"100\" src=\"https://static.timesofisrael.com/www/uploads/2024/07/GettyImages-1252097981-1024x640.jpg\" title=\"How author Gabrielle Zevin has become a literary scapegoat for anti-Israel activists\" width=\"160\" /></figure>", "id": 932065, "language": "en-US", "link": "https://www.timesofisrael.com/how-author-gabrielle-zevin-has-become-a-literary-scapegoat-for-anti-israel-activists", "manual_status_code": 0, "page_rating": 27, "page_rating_contents": 86, "page_rating_visits": 0, "page_rating_votes": 0, "permanent": false, "source": "https://www.timesofisrael.com/feed", "source_obj__id": 358, "status_code": 0, "tags": [], "thumbnail": null, "title": "How author Gabrielle Zevin has become a literary scapegoat for anti-Israel activists", "user": null, "vote": 0}, {"age": null, "album": "", "artist": null, "bookmarked": false, "comments": [], "date_published": "2024-07-26T01:23:45+00:00", "description": "<p>Israel expected to send updated proposal to Hamas in coming days; relatives of captives say PM committed to urgently finalize agreement aimed at freeing abductees, ending war</p>\n<p>The post <a href=\"https://www.timesofisrael.com/biden-harris-tell-netanyahu-its-time-to-seal-hostage-deal-as-families-turn-hopeful/\">Biden, Harris tell Netanyahu it&#8217;s time to seal hostage deal as families turn hopeful</a> appeared first on <a href=\"https://www.timesofisrael.com\">The Times of Israel</a>.</p>\n<figure><img border=\"0\" class=\"type:primaryImage\" height=\"100\" src=\"https://static.timesofisrael.com/www/uploads/2024/07/91ff4bb3-3a43-42a1-8954-f3d2bd091fd2-1024x640.jpg\" title=\"Biden, Harris tell Netanyahu it&#8217;s time to seal hostage deal as families turn hopeful\" width=\"160\" /></figure>", "id": 932066, "language": "en-US", "link": "https://www.timesofisrael.com/biden-harris-tell-netanyahu-its-time-to-seal-hostage-deal-as-families-turn-hopeful", "manual_status_code": 0, "page_rating": 27, "page_rating_contents": 86, "page_rating_visits": 0, "page_rating_votes": 0, "permanent": false, "source": "https://www.timesofisrael.com/feed", "source_obj__id": 358, "status_code": 0, "tags": [], "thumbnail": null, "title": "Biden, Harris tell Netanyahu it\u2019s time to seal hostage deal as families turn hopeful", "user": null, "vote": 0}, {"age": null, "album": "", "artist": null, "bookmarked": false, "comments": [], "date_published": "2024-07-26T01:21:05+00:00", "description": "<p>In 'Kafka,' now streaming on ChaiFlicks, the German Jewish author's escapades and complex inner struggles are creatively portrayed through the eyes of those who loved him most</p>\n<p>The post <a href=\"https://www.timesofisrael.com/truth-is-stranger-than-fiction-in-new-miniseries-based-on-the-life-of-franz-kafka/\">Truth is stranger than fiction in new miniseries based on the life of Franz Kafka</a> appeared first on <a href=\"https://www.timesofisrael.com\">The Times of Israel</a>.</p>\n<figure><img border=\"0\" class=\"type:primaryImage\" height=\"100\" src=\"https://static.timesofisrael.com/www/uploads/2024/07/Kafka_F2_22-1024x640.jpg\" title=\"Truth is stranger than fiction in new miniseries based on the life of Franz Kafka\" width=\"160\" /></figure>", "id": 932067, "language": "en-US", "link": "https://www.timesofisrael.com/truth-is-stranger-than-fiction-in-new-miniseries-based-on-the-life-of-franz-kafka", "manual_status_code": 0, "page_rating": 27, "page_rating_contents": 86, "page_rating_visits": 0, "page_rating_votes": 0, "permanent": false, "source": "https://www.timesofisrael.com/feed", "source_obj__id": 358, "status_code": 0, "tags": [], "thumbnail": null, "title": "Truth is stranger than fiction in new miniseries based on the life of Franz Kafka", "user": null, "vote": 0}, {"age": null, "album": "", "artist": null, "bookmarked": false, "comments": [], "date_published": "2024-07-26T00:50:11+00:00", "description": "<p>Tireless two-time envoy to Israel was still excoriating Netanyahu last month; may be the only US diplomat to have endured public anti-Jewish slurs from Israeli and Arab officials</p>\n<p>The post <a href=\"https://www.timesofisrael.com/martin-indyk-blunt-diplomat-who-kept-trying-for-israeli-palestinian-peace-dies-at-73/\">Martin Indyk, blunt diplomat who kept trying for Israeli-Palestinian peace, dies at 73</a> appeared first on <a href=\"https://www.timesofisrael.com\">The Times of Israel</a>.</p>\n<figure><img border=\"0\" class=\"type:primaryImage\" height=\"100\" src=\"https://static.timesofisrael.com/www/uploads/2024/07/Indyk170609-1429-1024x640.jpg\" title=\"Martin Indyk, blunt diplomat who kept trying for Israeli-Palestinian peace, dies at 73\" width=\"160\" /></figure>", "id": 931859, "language": "en-US", "link": "https://www.timesofisrael.com/martin-indyk-blunt-diplomat-who-kept-trying-for-israeli-palestinian-peace-dies-at-73", "manual_status_code": 0, "page_rating": 27, "page_rating_contents": 86, "page_rating_visits": 0, "page_rating_votes": 0, "permanent": false, "source": "https://www.timesofisrael.com/feed", "source_obj__id": 358, "status_code": 0, "tags": [], "thumbnail": null, "title": "Martin Indyk, blunt diplomat who kept trying for Israeli-Palestinian peace, dies at 73", "user": null, "vote": 0}]