[{"age": null, "album": "", "artist": null, "bookmarked": false, "comments": [], "date_published": "2024-07-26T19:30:54+00:00", "description": "A Hyundai KONA Electric charges at a EV charge station in Sydney, Australia, on Jan. 19, 2021. (Brendon Thorne/Getty Images)", "id": 937272, "language": "en-US", "link": "https://www.theepochtimes.com/world/ev-owners-saving-just-100-per-year-over-regular-vehicles-consumer-group-5694011", "manual_status_code": 0, "page_rating": 27, "page_rating_contents": 86, "page_rating_visits": 0, "page_rating_votes": 0, "permanent": false, "source": "https://feed.theepochtimes.com/tech/feed", "source_obj__id": 105, "status_code": 0, "tags": [], "thumbnail": "https://img.theepochtimes.com/assets/uploads/2024/07/26/id5694013-GettyImages-1297141285-1080x720.jpg", "title": "EV Owners Saving Just $100 Per Year Over Regular Vehicles: Consumer Group", "user": null, "vote": 0}, {"age": null, "album": "", "artist": null, "bookmarked": false, "comments": [], "date_published": "2024-07-26T15:13:34+00:00", "description": "An information screen informs travelers that train information is unavailable due to a global technical outage, at Canal Street subway station, in New York City, on July 19, 2024. (Adam Gray/Getty Images)", "id": 935477, "language": "en-US", "link": "https://www.theepochtimes.com/us/crowdstrike-ceo-says-97-percent-of-disrupted-devices-back-up-after-global-it-outage-5694129", "manual_status_code": 0, "page_rating": 27, "page_rating_contents": 86, "page_rating_visits": 0, "page_rating_votes": 0, "permanent": false, "source": "https://feed.theepochtimes.com/tech/feed", "source_obj__id": 105, "status_code": 0, "tags": [], "thumbnail": "https://img.theepochtimes.com/assets/uploads/2024/07/26/id5694157-CrowdStrike-outage-1080x720.jpg", "title": "CrowdStrike CEO Says 97 Percent of Disrupted Devices Back Up After Global IT Outage", "user": null, "vote": 0}, {"age": null, "album": "", "artist": null, "bookmarked": false, "comments": [], "date_published": "2024-07-26T14:36:33+00:00", "description": "A hacker uses a computer at an office in an undated file photograph. (Nicolas Asfouri/AFP via Getty Images)", "id": 935478, "language": "en-US", "link": "https://www.theepochtimes.com/tech/crowdstrike-responds-to-hackers-data-leak-claim-5693935", "manual_status_code": 0, "page_rating": 27, "page_rating_contents": 86, "page_rating_visits": 0, "page_rating_votes": 0, "permanent": false, "source": "https://feed.theepochtimes.com/tech/feed", "source_obj__id": 105, "status_code": 0, "tags": [], "thumbnail": "https://img.theepochtimes.com/assets/uploads/2024/07/17/id5688459-GettyImages-1228230988-1-LSedit-1080x720.jpg", "title": "CrowdStrike Responds to Hackers\u2019 Data Leak Claim", "user": null, "vote": 0}, {"age": null, "album": "", "artist": null, "bookmarked": false, "comments": [], "date_published": "2024-07-26T05:27:16+00:00", "description": "Sen. Chuck Schumer (D-N.Y.) speaks during the weekly Senate presser in the U.S. Capitol building in Washington on July 9, 2024. (Madalina Vasiliu/The Epoch Times)", "id": 932675, "language": "en-US", "link": "https://www.theepochtimes.com/us/senate-advances-bills-to-protect-childrens-online-safety-and-privacy-5693294", "manual_status_code": 0, "page_rating": 27, "page_rating_contents": 86, "page_rating_visits": 0, "page_rating_votes": 0, "permanent": false, "source": "https://feed.theepochtimes.com/tech/feed", "source_obj__id": 105, "status_code": 0, "tags": [], "thumbnail": "https://img.theepochtimes.com/assets/uploads/2024/07/09/id5682994-07092024-DSC00278-Sen-Chuck-Schumer-1080x720.jpg", "title": "Senate Advances Bills to Protect Children\u2019s Online Safety and Privacy", "user": null, "vote": 0}, {"age": null, "album": "", "artist": null, "bookmarked": false, "comments": [], "date_published": "2024-07-26T04:24:19+00:00", "description": "Used batteries are seen at the Lithion battery recycling plant in Montreal, Canada, on Jan. 17, 2023. (Mathiew Leiser/AFP via Getty Images)", "id": 932526, "language": "en-US", "link": "https://www.theepochtimes.com/world/insurance-costs-for-battery-recycling-businesses-soar-up-to-200-percent-peak-body-5693978", "manual_status_code": 0, "page_rating": 27, "page_rating_contents": 86, "page_rating_visits": 0, "page_rating_votes": 0, "permanent": false, "source": "https://feed.theepochtimes.com/tech/feed", "source_obj__id": 105, "status_code": 0, "tags": [], "thumbnail": "https://img.theepochtimes.com/assets/uploads/2024/07/26/id5693983-GettyImages-1249917679-1080x720.jpg", "title": "Insurance Costs for Battery Recycling Businesses Soar up to 200 Percent: Peak Body", "user": null, "vote": 0}]