[{"age": null, "album": "", "artist": null, "bookmarked": false, "comments": [], "date_published": "2024-07-26T22:15:17+00:00", "description": "Check out the new trailer for Transformers One starring Chris Hemsworth and Brian Tyree Henry! \n\n\u25ba Buy Tickets to Transformers One: https://www.fandango.com/transformers-one-2024-234524/movie-overview?cmp=Trailers_YouTube_Desc\n\nSubscribe to the channel and click the bell icon to be notified of all the best indie trailers: http://bit.ly/2Ewwuuf  \n\nUS Release Date: September 20, 2024\nStarring: Brian Tyree Henry, Chris Hemsworth, Keegan-Michael Key, Scarlett Johansson, Steve Buscemi\nDirector: Josh Cooley\nSynopsis: Optimus Prime and Megatron go from brothers-in-arms to sworn enemies on their home planet of Cybertron. \n\u25ba Learn more: https://www.rottentomatoes.com/m/transformers_one?cmp=Trailers_YouTube_Desc \n\nWatch More:  \n\u25ba Rotten Tomatoes Originals: http://bit.ly/2D3sipV  \n\u25ba What to Watch: https://bit.ly/3x6Q01d  \n\u25ba Fresh New Clips: https://bit.ly/3mJePrv    \n\u25ba Hot New Trailers: http://bit.ly/2qThrsF   \n\u25ba New TV This Week: https://bit.ly/3Or3I2w   \n \nRotten Tomatoes TRAILERS delivers hot", "id": 938030, "language": null, "link": "https://www.youtube.com/watch?v=Sk0NJ0oR5Mg", "manual_status_code": 0, "page_rating": 27, "page_rating_contents": 86, "page_rating_visits": 0, "page_rating_votes": 0, "permanent": false, "source": "https://www.youtube.com/feeds/videos.xml?channel_id=UCi8e0iOVk1fEOogdfu4YgfA", "source_obj__id": 285, "status_code": 0, "tags": [], "thumbnail": "https://i4.ytimg.com/vi/Sk0NJ0oR5Mg/hqdefault.jpg", "title": "Transformers One - Claws (2024)", "user": null, "vote": 0}, {"age": null, "album": "", "artist": null, "bookmarked": false, "comments": [], "date_published": "2024-07-26T18:00:18+00:00", "description": "'Deadpool & Wolverine' EPIC Drone Show at SDCC! #shorts", "id": 936753, "language": null, "link": "https://www.youtube.com/watch?v=Wh7HEynJ0Pg", "manual_status_code": 0, "page_rating": 27, "page_rating_contents": 86, "page_rating_visits": 0, "page_rating_votes": 0, "permanent": false, "source": "https://www.youtube.com/feeds/videos.xml?channel_id=UCi8e0iOVk1fEOogdfu4YgfA", "source_obj__id": 285, "status_code": 0, "tags": [], "thumbnail": "https://i4.ytimg.com/vi/Wh7HEynJ0Pg/hqdefault.jpg", "title": "'Deadpool & Wolverine' EPIC Drone Show at SDCC", "user": null, "vote": 0}, {"age": null, "album": "", "artist": null, "bookmarked": false, "comments": [], "date_published": "2024-07-26T17:30:41+00:00", "description": "Galactus and Fantastic Four Logo Shown at SDCC Marvel Drone Show! #shorts", "id": 936754, "language": null, "link": "https://www.youtube.com/watch?v=T9DWvUBvcgg", "manual_status_code": 0, "page_rating": 27, "page_rating_contents": 86, "page_rating_visits": 0, "page_rating_votes": 0, "permanent": false, "source": "https://www.youtube.com/feeds/videos.xml?channel_id=UCi8e0iOVk1fEOogdfu4YgfA", "source_obj__id": 285, "status_code": 0, "tags": [], "thumbnail": "https://i1.ytimg.com/vi/T9DWvUBvcgg/hqdefault.jpg", "title": "Galactus and Fantastic Four Logo Shown at SDCC Marvel Drone Show", "user": null, "vote": 0}, {"age": null, "album": "", "artist": null, "bookmarked": false, "comments": [], "date_published": "2024-07-26T13:00:36+00:00", "description": "Check out the official trailer for Pretty Guardian Sailor Moon Cosmos The Movie starring Hisako Kanemoto! \n\u25ba Visit Fandango:\u00a0https://www.fandango.com/?cmp=Trailers_YouTube_Desc\n\nSubscribe to the channel and click the bell icon to be notified of all the hottest trailers: http://bit.ly/2CNniBy \n\n\u25ba Shop Rotten Tomatoes: http://bit.ly/3KvCU1M\n\nUS Release Date: August 22, 2024\nStarring: Hisako Kanemoto, Kenji Nojima, Kotono Mitsuishi\nDirector: Tomoya Takahashi\nSynopsis: One by one, Sailor Moon\u2019s friends and loved ones are targeted by a formidable new enemy who threatens to destroy everything and rule over the cosmos. Sailor Moon battles Shadow Galactica, an enemy threatening her friends in order to rule the universe. Can she protect her loved ones and persevere? This anime's final chapter begins August 22, only on Netflix!\n\n\u25ba Learn more: https://www.rottentomatoes.com/m/sailor_moon_cosmos_part_1?cmp=Trailers_YouTube_Desc \n\nWatch More:  \n\u25ba Rotten Tomatoes Originals: http://bit.ly/2D3sipV  \n", "id": 934840, "language": null, "link": "https://www.youtube.com/watch?v=U2N3xsfzLmU", "manual_status_code": 0, "page_rating": 27, "page_rating_contents": 86, "page_rating_visits": 0, "page_rating_votes": 0, "permanent": false, "source": "https://www.youtube.com/feeds/videos.xml?channel_id=UCi8e0iOVk1fEOogdfu4YgfA", "source_obj__id": 285, "status_code": 0, "tags": [], "thumbnail": "https://i2.ytimg.com/vi/U2N3xsfzLmU/hqdefault.jpg", "title": "Pretty Guardian Sailor Moon Cosmos The Movie Trailer #1 (2024)", "user": null, "vote": 0}]