[{"age": null, "album": "", "artist": null, "bookmarked": false, "comments": [], "date_published": "2024-07-26T00:38:11+00:00", "description": "I went to the store and bought a new ARM laptop to see if it competes with the MacBook Air.\nHohem Official Store: https://bit.ly/45TOdKf (20% off code: YT20)\nHohem iSteady V3 on Amazon: https://amzn.to/4bUGD3y\n\nPick up a MacBook Air - https://amzn.to/4deX4sm\n\nThere are finally new ARM computers for Windows. The last time we tried them, they were... terrible. But Qualcomm has got silicon\u2014the Snapdragon X Elite\u2014that they say now competes with Apple silicon. And Microsoft has completely redone Windows 11 ARM compatibility with their new Prism emulation layer\u2014similar to Rosetta for macOS. And not only can it recompile x86 binaries to ARM, it can even do graphics API translation for DirectX games! Can a thin and light laptop game better than a MacBook Air? Perhaps! In this video, we'll discuss every laptop that currently ships with the X Elite, buy one, set it up, and see if it can hang with the best-selling laptop in the world: Apple's MacBook Air.\n\nFollow Snazzy Labs on Twitter - http://", "id": 932064, "language": null, "link": "https://www.youtube.com/watch?v=3GZ4sqB3juQ", "manual_status_code": 0, "page_rating": 27, "page_rating_contents": 86, "page_rating_visits": 0, "page_rating_votes": 0, "permanent": false, "source": "https://www.youtube.com/feeds/videos.xml?channel_id=UCO2x-p9gg9TLKneXlibGR7w", "source_obj__id": 307, "status_code": 0, "tags": [], "thumbnail": "https://i4.ytimg.com/vi/3GZ4sqB3juQ/hqdefault.jpg", "title": "Mac Fanboy Tries ARM Windows Laptops", "user": null, "vote": 0}]