[{"age": null, "album": "", "artist": null, "bookmarked": false, "comments": [], "date_published": "2024-07-26T18:00:34+00:00", "description": "<p>Linux Mint 22, codenamed &#8220;Wilma,&#8221;\u00a0 was officially released and is now available for download. It is based on Ubuntu 24.04 and will be supported until 2029 and comes in three editions: Cinnamon, MATE, and XFCE. In this guide, we will walk you through the installation of the Linux Mint 22 XFCE Edition.</p>\n<p>The post <a href=\"https://www.linuxtoday.com/news/linux-mint-22-xfce-edition-new-features-and-installation/\">Linux Mint 22 XFCE Edition New Features and Installation</a> appeared first on <a href=\"https://www.linuxtoday.com\">Linux Today</a>.</p>", "id": 936774, "language": "en-US", "link": "https://www.linuxtoday.com/news/linux-mint-22-xfce-edition-new-features-and-installation", "manual_status_code": 0, "page_rating": 27, "page_rating_contents": 86, "page_rating_visits": 0, "page_rating_votes": 0, "permanent": false, "source": "https://www.linuxtoday.com/feed", "source_obj__id": 195, "status_code": 0, "tags": [], "thumbnail": null, "title": "Linux Mint 22 XFCE Edition New Features and Installation", "user": null, "vote": 0}, {"age": null, "album": "", "artist": null, "bookmarked": false, "comments": [], "date_published": "2024-07-26T17:00:50+00:00", "description": "<p>Gokapi 1.9, a lightweight self-hosted file share server, brings Redis integration, improved upload speeds, and a fresh Docker image.</p>\n<p>The post <a href=\"https://www.linuxtoday.com/news/gokapi-1-9-file-share-server-introduces-redis-support/\">Gokapi 1.9 File Share Server Introduces Redis Support</a> appeared first on <a href=\"https://www.linuxtoday.com\">Linux Today</a>.</p>", "id": 936370, "language": "en-US", "link": "https://www.linuxtoday.com/news/gokapi-1-9-file-share-server-introduces-redis-support", "manual_status_code": 0, "page_rating": 27, "page_rating_contents": 86, "page_rating_visits": 0, "page_rating_votes": 0, "permanent": false, "source": "https://www.linuxtoday.com/feed", "source_obj__id": 195, "status_code": 0, "tags": [], "thumbnail": null, "title": "Gokapi 1.9 File Share Server Introduces Redis Support", "user": null, "vote": 0}, {"age": null, "album": "", "artist": null, "bookmarked": false, "comments": [], "date_published": "2024-07-26T15:08:50+00:00", "description": "<p>The Oracle&#8217;s VirtualBox 7.1 BETA introduces a fresh GUI, ARM support for macOS, revamped screen recording functionality, and more.</p>\n<p>The post <a href=\"https://www.linuxtoday.com/news/heres-what-to-expect-from-virtualbox-7-1/\">Here\u2019s What to Expect from VirtualBox 7.1</a> appeared first on <a href=\"https://www.linuxtoday.com\">Linux Today</a>.</p>", "id": 935347, "language": "en-US", "link": "https://www.linuxtoday.com/news/heres-what-to-expect-from-virtualbox-7-1", "manual_status_code": 0, "page_rating": 27, "page_rating_contents": 86, "page_rating_visits": 0, "page_rating_votes": 0, "permanent": false, "source": "https://www.linuxtoday.com/feed", "source_obj__id": 195, "status_code": 0, "tags": [], "thumbnail": null, "title": "Here\u2019s What to Expect from VirtualBox 7.1", "user": null, "vote": 0}, {"age": null, "album": "", "artist": null, "bookmarked": false, "comments": [], "date_published": "2024-07-26T02:00:29+00:00", "description": "<p>A year ago, I transitioned from the TUXEDO Pulse 15 Gen2 with a Ryzen 7 5700U processor to the TUXEDO InfinityBook Pro 16 Gen8 with an Intel Core i7-13700H. While the InfinityBook Pro 16 is a powerful laptop, I, like many Linux users, increasingly value AMD processors for their strong Linux compatibility and focus on [&#8230;]</p>\n<p>The post <a href=\"https://www.linuxtoday.com/blog/tuxedo-infinitybook-pro-15-gen9-embraces-amd-efficiency-meets-elegance/\">TUXEDO InfinityBook Pro 15 Gen9 Embraces AMD: Efficiency Meets Elegance</a> appeared first on <a href=\"https://www.linuxtoday.com\">Linux Today</a>.</p>", "id": 932072, "language": "en-US", "link": "https://www.linuxtoday.com/blog/tuxedo-infinitybook-pro-15-gen9-embraces-amd-efficiency-meets-elegance", "manual_status_code": 0, "page_rating": 27, "page_rating_contents": 86, "page_rating_visits": 0, "page_rating_votes": 0, "permanent": false, "source": "https://www.linuxtoday.com/feed", "source_obj__id": 195, "status_code": 0, "tags": [], "thumbnail": null, "title": "TUXEDO InfinityBook Pro 15 Gen9 Embraces AMD: Efficiency Meets Elegance", "user": null, "vote": 0}, {"age": null, "album": "", "artist": null, "bookmarked": false, "comments": [], "date_published": "2024-07-26T00:00:25+00:00", "description": "<p>This article focuses on simple GUI text editors. These editors aren\u2019t intended to offer the functionality provided by many text editors. Instead, they are designed for anyone wanting a very basic text editor with a convenient graphical interface.</p>\n<p>The post <a href=\"https://www.linuxtoday.com/blog/10-free-and-open-source-simple-gui-based-linux-text-editors/\">10 Free and Open-Source Simple GUI Based Linux Text Editors</a> appeared first on <a href=\"https://www.linuxtoday.com\">Linux Today</a>.</p>", "id": 931865, "language": "en-US", "link": "https://www.linuxtoday.com/blog/10-free-and-open-source-simple-gui-based-linux-text-editors", "manual_status_code": 0, "page_rating": 27, "page_rating_contents": 86, "page_rating_visits": 0, "page_rating_votes": 0, "permanent": false, "source": "https://www.linuxtoday.com/feed", "source_obj__id": 195, "status_code": 0, "tags": [], "thumbnail": null, "title": "10 Free and Open-Source Simple GUI Based Linux Text Editors", "user": null, "vote": 0}]