[{"age": null, "album": "", "artist": null, "bookmarked": false, "comments": [], "date_published": "2024-08-10T13:49:00+00:00", "description": "<div class=\"bbWrapper\">Includes a strange crew working the decks and a sturgeon riverlord, as any riverboat should.</div>", "id": 1002764, "language": null, "link": "https://www.enworld.org/threads/over-the-next-hill-returns-on-the-queen-%C3%89olynn.706066", "manual_status_code": 0, "page_rating": 27, "page_rating_contents": 85, "page_rating_visits": 0, "page_rating_votes": 0, "permanent": false, "source": "https://www.enworld.org/ewr-porta/index.rss", "source_obj__id": 426, "status_code": 0, "tags": [], "thumbnail": null, "title": "Over the Next Hill Returns on the Queen \u00c9olynn!", "user": null, "vote": 0}, {"age": null, "album": "", "artist": null, "bookmarked": false, "comments": [], "date_published": "2024-08-10T10:31:00+00:00", "description": "<div class=\"bbWrapper\">The best cinematic action RPG since Feng Shui.</div>", "id": 1002765, "language": null, "link": "https://www.enworld.org/threads/outgunned-brings-a-little-dice-dice-bang-bang-to-your-table.706056", "manual_status_code": 0, "page_rating": 27, "page_rating_contents": 85, "page_rating_visits": 0, "page_rating_votes": 0, "permanent": false, "source": "https://www.enworld.org/ewr-porta/index.rss", "source_obj__id": 426, "status_code": 0, "tags": [], "thumbnail": null, "title": "Outgunned Brings A Little Dice Dice, Bang Bang To Your Table", "user": null, "vote": 0}]