[{"age": null, "album": "", "artist": null, "bookmarked": false, "comments": [], "date_published": "2024-08-10T20:53:10+00:00", "description": "Wpadnij tutaj:\n\ud83d\udd34 Kana\u0142 Zero Extra: https://www.youtube.com/channel/UCNbQpy2EqkiK0AUdyyr35vA\n\ud83d\udd34 Instagram: https://www.instagram.com/oficjalnezero/\n\ud83d\udd34 Facebook: https://www.facebook.com/oficjalnezeroo\n\ud83d\udd34 TikTok: https://www.tiktok.com/@oficjalnezero\n\ud83d\udd34 Twitter: https://twitter.com/oficjalnezero\n\n\ud83d\udce9 biznes@kanalzero.pl\n\n#kana\u0142zero #igrzyska #walka #boks #sport #szeremeta", "id": 1003433, "language": null, "link": "https://www.youtube.com/watch?v=lpXD7530djY", "manual_status_code": 0, "page_rating": 27, "page_rating_contents": 86, "page_rating_visits": 0, "page_rating_votes": 0, "permanent": false, "source": "https://www.youtube.com/feeds/videos.xml?channel_id=UClhEl4bMD8_escGCCTmRAYg", "source_obj__id": 457, "status_code": 0, "tags": [], "thumbnail": "https://i1.ytimg.com/vi/lpXD7530djY/hqdefault.jpg", "title": "JULIA SZEREMETA PRZEGRYWA Z MISTRZYNI\u0104 \u015aWIATA", "user": null, "vote": 0}, {"age": null, "album": "", "artist": null, "bookmarked": false, "comments": [], "date_published": "2024-08-10T18:00:26+00:00", "description": "Audycja przeznaczona dla os\u00f3b powy\u017cej 18. roku \u017cycia.\nZapraszamy na dwudziesty drugi odcinek serii \u201eZero Presji\u201d, w kt\u00f3rym udzia\u0142 bior\u0105: Kacper Ruci\u0144ski, Czarek Sikora, Marta Malikowska i Wini.\n\n\ud83d\udcb5 Praca powy\u017cej 20 000 z\u0142 miesi\u0119cznie \ud83d\udc49 https://oferty.rocketjobs.pl/eqA06vr\n\n\ud83c\udf9f\ufe0f Sprawd\u017a ofert\u0119 wydarze\u0144 na stand-up: \ud83d\udc49 https://www.kupbilecik.pl/zero/bartosz-gajda-stand-up/\n\n\u017dateck\u00fd chmel. V\u00fdborn\u00e9 pivo. https://www.zatecky.pl\"\n\n\ud83c\udfac Wszystkie odcinki: https://www.youtube.com/playlist?list=PLvLrA9jH7wQgl8kbvie7eoKP3DS0VuBvT\n\nWpadnij tutaj:\n\ud83d\udd34 Kana\u0142 Zero Extra: https://www.youtube.com/channel/UCNbQpy2EqkiK0AUdyyr35vA\n\ud83d\udd34 Instagram: https://www.instagram.com/oficjalnezero/\n\ud83d\udd34 Facebook: https://www.facebook.com/oficjalnezeroo\n\ud83d\udd34 TikTok: https://www.tiktok.com/@oficjalnezero\n\ud83d\udd34 Twitter: https://twitter.com/oficjalnezero\n\n\ud83d\udce9 biznes@kanalzero.pl\n\n#kana\u0142zero #humor #rozrywka #zabawa #rozrywka #standup #ruci\u0144ski #sikora #zeropresji #wini #malikowska", "id": 1003434, "language": null, "link": "https://www.youtube.com/watch?v=tEWyp4HNH9I", "manual_status_code": 0, "page_rating": 27, "page_rating_contents": 86, "page_rating_visits": 0, "page_rating_votes": 0, "permanent": false, "source": "https://www.youtube.com/feeds/videos.xml?channel_id=UClhEl4bMD8_escGCCTmRAYg", "source_obj__id": 457, "status_code": 0, "tags": [], "thumbnail": "https://i1.ytimg.com/vi/tEWyp4HNH9I/hqdefault.jpg", "title": "ZERO PRESJI #22: RUCI\u0143SKI, SIKORA, MALIKOWSKA, WINI", "user": null, "vote": 0}, {"age": null, "album": "", "artist": null, "bookmarked": false, "comments": [], "date_published": "2024-08-10T17:29:58+00:00", "description": "Wpadnij tutaj:\n\ud83d\udd34 Kana\u0142 Zero Extra: https://www.youtube.com/channel/UCNbQpy2EqkiK0AUdyyr35vA\n\ud83d\udd34 Instagram: https://www.instagram.com/oficjalnezero/\n\ud83d\udd34 Facebook: https://www.facebook.com/oficjalnezeroo\n\ud83d\udd34 TikTok: https://www.tiktok.com/@oficjalnezero\n\ud83d\udd34 Twitter: https://twitter.com/oficjalnezero\n\n\ud83d\udce9 biznes@kanalzero.pl\n\n#kana\u0142zero #igrzyskaolimpijskie #sport #igrzyska #polska #pary\u017c #2024 #siatk\u00f3wka #gapek #mo\u017cd\u017conek #prygiel #graban #radomski #ganglysiego #kurek", "id": 1003435, "language": null, "link": "https://www.youtube.com/watch?v=SUlJkbDHcnQ", "manual_status_code": 0, "page_rating": 27, "page_rating_contents": 86, "page_rating_visits": 0, "page_rating_votes": 0, "permanent": false, "source": "https://www.youtube.com/feeds/videos.xml?channel_id=UClhEl4bMD8_escGCCTmRAYg", "source_obj__id": 457, "status_code": 0, "tags": [], "thumbnail": "https://i4.ytimg.com/vi/SUlJkbDHcnQ/hqdefault.jpg", "title": "BARTEK KUREK ODCHODZI Z REPREZENTACJI", "user": null, "vote": 0}, {"age": null, "album": "", "artist": null, "bookmarked": false, "comments": [], "date_published": "2024-08-10T16:20:05+00:00", "description": "Audycja przeznaczona dla os\u00f3b powy\u017cej 16. roku \u017cycia.\nMarcin Meller zaprasza na dwudziesty \u00f3smy odcinek programu Trzecie \u015aniadanie. Program, gdzie dziennikarze i eksperci rozmawiaj\u0105 o bie\u017c\u0105cych sprawach politycznych i spo\u0142ecznych.\n \nGo\u015bcie programu: \n\ud83d\udc64Agnieszka Burzy\u0144ska - Dziennik Gazeta Prawna\n\ud83d\udc64Marcin K\u0119dryna - 3neg.pl\n\ud83d\udc64Jan Wr\u00f3bel - TOK FM\n\ud83d\udc64dr hab. Jacek Wasilewski - medioznawca, UW\n\n\ud83d\udcb5 Zatrudniasz kierowc\u00f3w? Z kodem ZERO, opublikuj darmowe og\u0142oszenie o prac\u0119 na rockejobs.pl:https://oferty.rocketjobs.pl/AZxSn5E\n\n\ud83c\udf3f Sprawd\u017a ofert\u0119 firmy NAC - New American Concept  \ud83d\udc49 https://nac.com.pl/?utm_source=kanalzero&amp;utm_medium=sponsoring&amp;utm_campaign=kanal_zero_q1\n\n\ud83c\udfac Wszystkie odcinki: https://www.youtube.com/playlist?list=PLvLrA9jH7wQh8gCwV1H6e-VioKW3Fu-Rr\n\nWpadnij tutaj:\n\ud83d\udd34 Kana\u0142 Zero Extra: https://www.youtube.com/channel/UCNbQpy2EqkiK0AUdyyr35vA\n\ud83d\udd34 Instagram: https://www.instagram.com/oficjalnezero/\n\ud83d\udd34 Facebook: https://www.facebook.com/oficjalnezeroo\n\ud83d\udd34 TikTok: https://www.tiktok.com/@o", "id": 1003436, "language": null, "link": "https://www.youtube.com/watch?v=py2cTyYDPNQ", "manual_status_code": 0, "page_rating": 27, "page_rating_contents": 86, "page_rating_visits": 0, "page_rating_votes": 0, "permanent": false, "source": "https://www.youtube.com/feeds/videos.xml?channel_id=UClhEl4bMD8_escGCCTmRAYg", "source_obj__id": 457, "status_code": 0, "tags": [], "thumbnail": "https://i1.ytimg.com/vi/py2cTyYDPNQ/hqdefault.jpg", "title": "TRZECIE \u015aNIADANIE #28 - MELLER, BURZY\u0143SKA, K\u0118DRYNA, WR\u00d3BEL, DR HAB. WASILEWSKI", "user": null, "vote": 0}, {"age": null, "album": "", "artist": null, "bookmarked": false, "comments": [], "date_published": "2024-08-10T14:09:45+00:00", "description": "Audycja przeznaczona dla os\u00f3b powy\u017cej 16. roku \u017cycia.\nKamil Gapi\u0144ski zaprasza na LIVE po finale Reprezentacji Polski w siatk\u00f3wk\u0119.\n\nGo\u015bcie odcinka:\n- Marcin Mo\u017cd\u017conek\n- Robert Prygiel\n- Piotr Graban\n- Jakub Radomsk\n\n\ud83d\udd25 Zatrudniaj kierowc\u00f3w, kurier\u00f3w, w ochronie zdrowia i gastro na rocketjobs.pl. Teraz za free z kodem ZERO: https://oferty.rocketjobs.pl/cP5okjY\n\n\u2600\ufe0f Summer Sale - akcesoria HyperX w atrakcyjnych cenach w sklepie x-kom - https://xkom.me/xkom-hyperx-summer-sale\n\n\u2705GameChanger STS - 2 gole przewagi i kasa na koncie -  https://produkty.sts.pl/gamechanger (+18)\nSTS to legalny bukmacher. Gra u nielegalnych podlega karze. Hazard mo\u017ce uzale\u017cnia\u0107 \u2013 graj m\u0105drze. Szczeg\u00f3\u0142y w regulaminach. 18+\n\nCalifornia Summer zn\u00f3w na fali w KFC! \ud83c\udf34\ud83c\udf0a Ulubiony smak lata w tym roku w towarzystwie awokado i czerwonego coleslawa! \ud83e\udd51\ud83c\udf54 Wpadaj do KFC i poczuj kalifornijskie lato \ud83c\udfdd\ufe0f\u2600\ufe0f\ud83d\udd25 https://kfc.pl\n\n\ud83c\udfac Wszystkie odcinki: https://www.youtube.com/playlist?list=PLvLrA9jH7wQh5uaGFColBulfiD6ROW8zj\n\nWpadnij tutaj:\n\ud83d\udd34", "id": 1003437, "language": null, "link": "https://www.youtube.com/watch?v=sK0S6_-rJ7A", "manual_status_code": 0, "page_rating": 27, "page_rating_contents": 86, "page_rating_visits": 0, "page_rating_votes": 0, "permanent": false, "source": "https://www.youtube.com/feeds/videos.xml?channel_id=UClhEl4bMD8_escGCCTmRAYg", "source_obj__id": 457, "status_code": 0, "tags": [], "thumbnail": "https://i4.ytimg.com/vi/sK0S6_-rJ7A/hqdefault.jpg", "title": "FRANCJA ZDOMINOWA\u0141A POLSK\u0118. LIVE PO FINALE FRANCJA VS POLSKA 3:0", "user": null, "vote": 0}, {"age": null, "album": "", "artist": null, "bookmarked": false, "comments": [], "date_published": "2024-08-10T14:00:58+00:00", "description": "Wpadnij tutaj:\n\ud83d\udd34 Kana\u0142 Zero Extra: https://www.youtube.com/channel/UCNbQpy2EqkiK0AUdyyr35vA\n\ud83d\udd34 Instagram: https://www.instagram.com/oficjalnezero/\n\ud83d\udd34 Facebook: https://www.facebook.com/oficjalnezeroo\n\ud83d\udd34 TikTok: https://www.tiktok.com/@oficjalnezero\n\ud83d\udd34 Twitter: https://twitter.com/oficjalnezero\n\n\ud83d\udce9 biznes@kanalzero.pl\n\n#kana\u0142zero #igrzyskaolimpijskie #sport #igrzyska #polska #pary\u017c #2024 #siatk\u00f3wka #gapek #mo\u017cd\u017conek #prygiel #graban #radomski #ganglysiego #kurek #leon", "id": 1003438, "language": null, "link": "https://www.youtube.com/watch?v=zM--auvkQzQ", "manual_status_code": 0, "page_rating": 27, "page_rating_contents": 86, "page_rating_visits": 0, "page_rating_votes": 0, "permanent": false, "source": "https://www.youtube.com/feeds/videos.xml?channel_id=UClhEl4bMD8_escGCCTmRAYg", "source_obj__id": 457, "status_code": 0, "tags": [], "thumbnail": "https://i3.ytimg.com/vi/zM--auvkQzQ/hqdefault.jpg", "title": "SIATKARZE ZDOBYWAJ\u0104 SREBRNY MEDAL", "user": null, "vote": 0}, {"age": null, "album": "", "artist": null, "bookmarked": false, "comments": [], "date_published": "2024-08-10T13:08:02+00:00", "description": "Wpadnij tutaj:\n\ud83d\udd34 Kana\u0142 Zero Extra: https://www.youtube.com/channel/UCNbQpy2EqkiK0AUdyyr35vA\n\ud83d\udd34 Instagram: https://www.instagram.com/oficjalnezero/\n\ud83d\udd34 Facebook: https://www.facebook.com/oficjalnezeroo\n\ud83d\udd34 TikTok: https://www.tiktok.com/@oficjalnezero\n\ud83d\udd34 Twitter: https://twitter.com/oficjalnezero\n\n\ud83d\udce9 biznes@kanalzero.pl\n\n#kana\u0142zero #samolot #katastrofa #brazylia #ofiary #lotnisko #pieszko #commentary", "id": 1003439, "language": null, "link": "https://www.youtube.com/watch?v=jrnVfxzCDts", "manual_status_code": 0, "page_rating": 27, "page_rating_contents": 86, "page_rating_visits": 0, "page_rating_votes": 0, "permanent": false, "source": "https://www.youtube.com/feeds/videos.xml?channel_id=UClhEl4bMD8_escGCCTmRAYg", "source_obj__id": 457, "status_code": 0, "tags": [], "thumbnail": "https://i3.ytimg.com/vi/jrnVfxzCDts/hqdefault.jpg", "title": "PRZE\u017bY\u0141 BO SI\u0118 SP\u00d3\u0179NI\u0141 - KATASTROFA SAMOLOTU W BRAZYLII", "user": null, "vote": 0}, {"age": null, "album": "", "artist": null, "bookmarked": false, "comments": [], "date_published": "2024-08-10T10:00:28+00:00", "description": "Wpadnij tutaj:\n\ud83d\udd34 Kana\u0142 Zero Extra: https://www.youtube.com/channel/UCNbQpy2EqkiK0AUdyyr35vA\n\ud83d\udd34 Instagram: https://www.instagram.com/oficjalnezero/\n\ud83d\udd34 Facebook: https://www.facebook.com/oficjalnezeroo\n\ud83d\udd34 TikTok: https://www.tiktok.com/@oficjalnezero\n\ud83d\udd34 Twitter: https://twitter.com/oficjalnezero\n\n\ud83d\udce9 biznes@kanalzero.pl\n\n#kana\u0142zero #nasa #kosmos #ksi\u0119\u017cyc #polak #pinkwart #commentary #usa #uzna\u0144ski", "id": 1003440, "language": null, "link": "https://www.youtube.com/watch?v=YOLQ8Y4IVU4", "manual_status_code": 0, "page_rating": 27, "page_rating_contents": 86, "page_rating_visits": 0, "page_rating_votes": 0, "permanent": false, "source": "https://www.youtube.com/feeds/videos.xml?channel_id=UClhEl4bMD8_escGCCTmRAYg", "source_obj__id": 457, "status_code": 0, "tags": [], "thumbnail": "https://i2.ytimg.com/vi/YOLQ8Y4IVU4/hqdefault.jpg", "title": "POLAK LECI W KOSMOS", "user": null, "vote": 0}, {"age": null, "album": "", "artist": null, "bookmarked": false, "comments": [], "date_published": "2024-08-10T09:00:07+00:00", "description": "Audycja przeznaczona dla os\u00f3b powy\u017cej 16. roku \u017cycia.\nJu\u017c w przysz\u0142ym roku S\u0142awosz Uzna\u0144ski jako drugi Polak w historii poleci w Kosmos. W ca\u0142ych ludzkich dziejach dokona\u0142o tego zaledwie niespe\u0142na 700 os\u00f3b... I spora liczba zwierz\u0105t.\nJak ch\u0142opak z \u0141odzi trafi\u0142 do Houston na szkolenie astronaut\u00f3w? Jak wygl\u0105da\u0142a era Gwiezdnych Wojen i niemal siedem dekad podboju Kosmosu? A tak\u017ce dlaczego dopiero teraz NASA mo\u017ce wr\u00f3ci\u0107 na Ksi\u0119\u017cyc. No i po co chce tam wraca\u0107? O tym wszystkim opowie Joanna Pinkwart.\n\n\ud83d\udd25 Zatrudniaj kierowc\u00f3w, kurier\u00f3w, w ochronie zdrowia i gastro na rocketjobs.pl. Teraz za free z kodem ZERO: https://oferty.rocketjobs.pl/ZgzKzGv\n\n\u2600\ufe0f Summer Sale - akcesoria HyperX w atrakcyjnych cenach w sklepie x-kom - https://xkom.me/xkom-hyperx-summer-sale\n\n\ud83d\udcc8 XTB - w\u0142a\u015bciwe miejsce dla Twoich inwestycji - http://link.pl.xtb.com/kanal-zero  Inwestowanie jest ryzykowne. Inwestuj odpowiedzialnie\n\n\u2705GameChanger STS - 2 gole przewagi i kasa na koncie -  https://produkty.sts.pl/gamechanger (+18)\n\n", "id": 1003441, "language": null, "link": "https://www.youtube.com/watch?v=9KminjdpvJQ", "manual_status_code": 0, "page_rating": 27, "page_rating_contents": 86, "page_rating_visits": 0, "page_rating_votes": 0, "permanent": false, "source": "https://www.youtube.com/feeds/videos.xml?channel_id=UClhEl4bMD8_escGCCTmRAYg", "source_obj__id": 457, "status_code": 0, "tags": [], "thumbnail": "https://i2.ytimg.com/vi/9KminjdpvJQ/hqdefault.jpg", "title": "POLAK POLECI W KOSMOS. NASA PISZE KOLEJNY ROZDZIA\u0141 SWOJEJ HISTORII", "user": null, "vote": 0}, {"age": null, "album": "", "artist": null, "bookmarked": false, "comments": [], "date_published": "2024-08-10T07:00:53+00:00", "description": "Audycja przeznaczona dla os\u00f3b powy\u017cej 16. roku \u017cycia.\nKrzysztof Stanowski wybiera najlepsze i najciekawsze materia\u0142u minionego tygodnia. Dodatkowo przedstawia statystyki, jakie generuje Kana\u0142 Zero i dodaje do tego swoje przemy\u015blenia.\n\nPolecane filmy:\nhttps://youtu.be/FtX0nMan3yc - DLACZEGO STONOGA TAK \u0141ATWO PO\u0141KN\u0104\u0141 HACZYK? JAK DZIA\u0141AJ\u0104 EFEKT POTWIERDZENIA i DYSONANS POZNAWCZY\nhttps://youtu.be/wEZSE4HZqck - STANOWSKI, WARD\u0118GA, QUEBO, FRIZ - NAJLEPSZE WKR\u0118TKI OSTATNICH LAT\nhttps://youtube.com/live/SzsdNDEJews?feature=share - GODZINA ZERO #44: KRZYSZTOF STANOWSKI I PROF. KRUSZEWSKI, POWSTANIEC WARSZAWSKI\nhttps://youtu.be/L_gsB_3Etj4 - RZE\u0179 WOLI - ZBRODNIA, KT\u00d3RA NIE ZOSTA\u0141A ROZLICZONA I B\u00d3L, KT\u00d3RY NIE PRZEMIJA\nhttps://youtu.be/A6VqX4gm_gY - STANOWSKI ROZMAWIA Z P\u0141K STANIS\u0141AWEM ARONSONEM \u201e\u017bYJ\u0118, BO NIGDY NIE POMY\u015aLA\u0141EM, \u017bE TO KONIEC\u201d\nhttps://youtu.be/hDPACnU1uyM - SZCZEPAN TWARDOCH: POWSTANIE WARSZAWSKIE, WO\u0141Y\u0143 I ZAW\u0141ASZCZANIE PAMI\u0118CI HISTORYCZNEJ\nhttps://youtu.be/1RrAyPibm_0 - KIM JEST AN", "id": 1003442, "language": null, "link": "https://www.youtube.com/watch?v=2Q8k6z5Vbqg", "manual_status_code": 0, "page_rating": 27, "page_rating_contents": 86, "page_rating_visits": 0, "page_rating_votes": 0, "permanent": false, "source": "https://www.youtube.com/feeds/videos.xml?channel_id=UClhEl4bMD8_escGCCTmRAYg", "source_obj__id": 457, "status_code": 0, "tags": [], "thumbnail": "https://i3.ytimg.com/vi/2Q8k6z5Vbqg/hqdefault.jpg", "title": "KRZYSZTOF STANOWSKI: KANA\u0141 ZERO - PODSUMOWANIE TYGODNIA #1", "user": null, "vote": 0}]