[{"age": null, "album": "", "artist": null, "bookmarked": false, "comments": [], "date_published": "2024-08-10T23:00:00+00:00", "description": "Being prepared for the unexpected is the best way to protect your home from water damage.", "id": 1004848, "language": null, "link": "https://www.cnet.com/how-to/flood-prevention-checklist-protect-your-home/#ftag=CADf328eec", "manual_status_code": 0, "page_rating": 29, "page_rating_contents": 90, "page_rating_visits": 0, "page_rating_votes": 0, "permanent": false, "source": "https://www.cnet.com/rss/all", "source_obj__id": 57, "status_code": 0, "tags": [], "thumbnail": "https://www.cnet.com/a/img/resize/729416e76494a6819d9e670ed48bf2d3d5b902c1/hub/2023/09/08/3d206c0b-0f13-4da4-9e53-7ac985d87919/hhlee.jpg?auto=webp&width=300", "title": "Hands-On Flood Protection: Do-It-Yourself Guide", "user": null, "vote": 0}, {"age": null, "album": "", "artist": null, "bookmarked": false, "comments": [], "date_published": "2024-08-10T20:34:00+00:00", "description": "One of tech's most prominent female executives, Wojcicki was \"as core to the history of Google as anyone,\" says Google CEO Sundar Pichai.", "id": 1002635, "language": null, "link": "https://www.cnet.com/culture/internet/ex-youtube-ceo-susan-wojcicki-dies-at-56/#ftag=CADf328eec", "manual_status_code": 0, "page_rating": 29, "page_rating_contents": 90, "page_rating_visits": 0, "page_rating_votes": 0, "permanent": false, "source": "https://www.cnet.com/rss/all", "source_obj__id": 57, "status_code": 0, "tags": [], "thumbnail": "https://www.cnet.com/a/img/resize/d39088dfb25f43f04774546cc0d81d3687b9db1f/hub/2024/08/10/51f9624c-eb39-44e5-9a37-43810d37c8e5/gettyimages-1240875922.jpg?auto=webp&width=300", "title": "Ex-YouTube CEO Susan Wojcicki Dies at 56", "user": null, "vote": 0}, {"age": null, "album": "", "artist": null, "bookmarked": false, "comments": [], "date_published": "2024-08-10T20:00:09+00:00", "description": "Get ready for the wear and tear of the semester ahead with big savings on laptop and device protective cases.", "id": 1002636, "language": null, "link": "https://www.cnet.com/deals/this-incase-back-to-school-sale-brings-up-to-65-off-laptop-covers-phone-cases-backpacks-and-more/#ftag=CADf328eec", "manual_status_code": 0, "page_rating": 29, "page_rating_contents": 90, "page_rating_visits": 0, "page_rating_votes": 0, "permanent": false, "source": "https://www.cnet.com/rss/all", "source_obj__id": 57, "status_code": 0, "tags": [], "thumbnail": "https://www.cnet.com/a/img/resize/6dc0fccc54f768453eb3917411a4da9d8694353d/hub/2024/08/10/29f92da8-3d54-4d1c-b018-01283b5ccabb/incase-cases-and-backpack.jpg?auto=webp&width=300", "title": "This Incase Back-to-School Sale Brings Up to 65% Off Laptop Covers, Phone Cases, Backpacks and More", "user": null, "vote": 0}, {"age": null, "album": "", "artist": null, "bookmarked": false, "comments": [], "date_published": "2024-08-10T19:00:06+00:00", "description": "The event, which runs through Sunday, offers hundreds off popular Apple products including iPad Air, MacBooks and headphones.", "id": 1002637, "language": null, "link": "https://www.cnet.com/deals/best-buy-kicks-off-weekend-long-apple-sale-with-discounts-on-airpods-macbooks-and-more/#ftag=CADf328eec", "manual_status_code": 0, "page_rating": 29, "page_rating_contents": 90, "page_rating_visits": 0, "page_rating_votes": 0, "permanent": false, "source": "https://www.cnet.com/rss/all", "source_obj__id": 57, "status_code": 0, "tags": [], "thumbnail": "https://www.cnet.com/a/img/resize/8db3c60e02b66286e34fd419c2dc62640cec731c/hub/2024/06/07/ff52625e-60bb-48dc-8c9c-5b72f69f4756/apple-best-buy-sale.png?auto=webp&width=300", "title": "Don't Miss Best Buy's Apple Sale on AirPods, MacBooks and More for This Weekend Only", "user": null, "vote": 0}, {"age": null, "album": "", "artist": null, "bookmarked": false, "comments": [], "date_published": "2024-08-10T19:00:03+00:00", "description": "Spend time with one of these highly rated scary movies.", "id": 1002638, "language": null, "link": "https://www.cnet.com/tech/services-and-software/the-absolute-best-horror-movies-hulu-august-2024/#ftag=CADf328eec", "manual_status_code": 0, "page_rating": 29, "page_rating_contents": 90, "page_rating_visits": 0, "page_rating_votes": 0, "permanent": false, "source": "https://www.cnet.com/rss/all", "source_obj__id": 57, "status_code": 0, "tags": [], "thumbnail": "https://www.cnet.com/a/img/resize/963ff0ea229c48752f8572c24be2d1fa3d68a1d4/hub/2023/02/15/e6af5be6-2a04-456f-a682-689e74456d76/1.jpg?auto=webp&width=300", "title": "The Absolute Best Horror Movies on Hulu", "user": null, "vote": 0}, {"age": null, "album": "", "artist": null, "bookmarked": false, "comments": [], "date_published": "2024-08-10T18:30:06+00:00", "description": "If your Social Security check was a little larger than usual, here's what will happen with the extra cash.", "id": 1002639, "language": null, "link": "https://www.cnet.com/personal-finance/do-you-have-to-pay-back-extra-social-security-money/#ftag=CADf328eec", "manual_status_code": 0, "page_rating": 29, "page_rating_contents": 90, "page_rating_visits": 0, "page_rating_votes": 0, "permanent": false, "source": "https://www.cnet.com/rss/all", "source_obj__id": 57, "status_code": 0, "tags": [], "thumbnail": "https://www.cnet.com/a/img/resize/927e032bb90b4ec05fac6128d906f843a6ab3b96/hub/2023/02/14/6d19997d-2dda-4cda-a646-3c19eed977e1/cash-money-fan-varied-purple-spiral.png?auto=webp&width=300", "title": "Do You Have To Pay Back a Social Security Overpayment if You Get Too Much Money?", "user": null, "vote": 0}, {"age": null, "album": "", "artist": null, "bookmarked": false, "comments": [], "date_published": "2024-08-10T18:30:03+00:00", "description": "If you find yourself without power, here's how you can still salvage the food you've got in your fridge.", "id": 1002640, "language": null, "link": "https://www.cnet.com/how-to/how-to-keep-food-going-bad-power-outage/#ftag=CADf328eec", "manual_status_code": 0, "page_rating": 29, "page_rating_contents": 90, "page_rating_visits": 0, "page_rating_votes": 0, "permanent": false, "source": "https://www.cnet.com/rss/all", "source_obj__id": 57, "status_code": 0, "tags": [], "thumbnail": "https://www.cnet.com/a/img/resize/d6e2862297722a93213694850187e28ca5cd5c4f/hub/2022/09/08/a7f88329-b81f-47b0-908c-cd8cb24ff595/gettyimages-928066156.jpg?auto=webp&width=300", "title": "How to Keep Your Food From Going Bad in a Power Outage", "user": null, "vote": 0}, {"age": null, "album": "", "artist": null, "bookmarked": false, "comments": [], "date_published": "2024-08-10T18:05:04+00:00", "description": "Here's the secret trick to get the best results from your vacuum.", "id": 1002641, "language": null, "link": "https://www.cnet.com/home/kitchen-and-household/stop-with-the-back-and-forth-motion-heres-the-right-way-to-vacuum/#ftag=CADf328eec", "manual_status_code": 0, "page_rating": 29, "page_rating_contents": 90, "page_rating_visits": 0, "page_rating_votes": 0, "permanent": false, "source": "https://www.cnet.com/rss/all", "source_obj__id": 57, "status_code": 0, "tags": [], "thumbnail": "https://www.cnet.com/a/img/resize/30fbc5bfe6c5178daf86ed923a6422d1b88adfdd/hub/2024/05/16/8f2ff079-4934-490b-b613-57f8d5c52a98/vactidy-v8-pro-lifestyle-01.jpg?auto=webp&width=300", "title": "Stop With the Back-and-Forth Motion. Here's the Right Way to Vacuum", "user": null, "vote": 0}, {"age": null, "album": "", "artist": null, "bookmarked": false, "comments": [], "date_published": "2024-08-10T17:00:03+00:00", "description": "Time is of the essence when you or a loved one experience a heart attack. Here's exactly what to do.", "id": 1002642, "language": null, "link": "https://www.cnet.com/health/medical/how-to-survive-a-heart-attack-in-hot-weather-according-to-experts/#ftag=CADf328eec", "manual_status_code": 0, "page_rating": 29, "page_rating_contents": 90, "page_rating_visits": 0, "page_rating_votes": 0, "permanent": false, "source": "https://www.cnet.com/rss/all", "source_obj__id": 57, "status_code": 0, "tags": [], "thumbnail": "https://www.cnet.com/a/img/resize/cf6d852ec33005a30b94eb23c26e1129cc0d53ab/hub/2022/03/22/cdd65d88-8905-4cd1-b148-e5e644d7a6cb/gettyimages-1279298139.jpg?auto=webp&width=300", "title": "How to Survive a Heart Attack in Hot Weather, According to Experts", "user": null, "vote": 0}, {"age": null, "album": "", "artist": null, "bookmarked": false, "comments": [], "date_published": "2024-08-10T17:00:00+00:00", "description": "If your partner tosses and turns, sleeps too hot or hogs the blankets at night, it can be hard to sleep well. The Scandinavian sleep method might be your remedy.", "id": 1002643, "language": null, "link": "https://www.cnet.com/health/sleep/the-scandinavian-sleep-method-a-simple-solution-that-will-save-your-sleep-quality/#ftag=CADf328eec", "manual_status_code": 0, "page_rating": 29, "page_rating_contents": 90, "page_rating_visits": 0, "page_rating_votes": 0, "permanent": false, "source": "https://www.cnet.com/rss/all", "source_obj__id": 57, "status_code": 0, "tags": [], "thumbnail": "https://www.cnet.com/a/img/resize/d0ed1c20b6a89b69d054d21deecb87ec6da15ffc/hub/2024/07/19/5a5b1216-e0a0-4abc-9ffd-9b43a5a385d6/gettyimages-177262878.jpg?auto=webp&width=300", "title": "The Scandinavian Sleep Method: A Simple Solution That Will Save Your Sleep Quality", "user": null, "vote": 0}, {"age": null, "album": "", "artist": null, "bookmarked": false, "comments": [], "date_published": "2024-08-10T15:05:03+00:00", "description": "There's more to your holistic health journey than just calories in and calories out.", "id": 1002644, "language": null, "link": "https://www.cnet.com/health/nutrition/why-counting-calories-is-not-the-end-all-weight-loss-solution/#ftag=CADf328eec", "manual_status_code": 0, "page_rating": 29, "page_rating_contents": 90, "page_rating_visits": 0, "page_rating_votes": 0, "permanent": false, "source": "https://www.cnet.com/rss/all", "source_obj__id": 57, "status_code": 0, "tags": [], "thumbnail": "https://www.cnet.com/a/img/resize/a8b0ef029ca09a1932a6a51ca84576f3f07bcdb1/hub/2023/02/09/a5dda496-d171-4d65-83cd-21d8a6ba4521/gettyimages-1345444168.jpg?auto=webp&width=300", "title": "Why Counting Calories Is Not the End-All Weight Loss Solution", "user": null, "vote": 0}, {"age": null, "album": "", "artist": null, "bookmarked": false, "comments": [], "date_published": "2024-08-10T15:00:07+00:00", "description": "Sleep divorce might save your sleep and your relationship at the same time. Read on to learn why.", "id": 1002645, "language": null, "link": "https://www.cnet.com/health/sleep/sleep-divorce-save-your-sleep-and-relationship-with-one-move/#ftag=CADf328eec", "manual_status_code": 0, "page_rating": 29, "page_rating_contents": 90, "page_rating_visits": 0, "page_rating_votes": 0, "permanent": false, "source": "https://www.cnet.com/rss/all", "source_obj__id": 57, "status_code": 0, "tags": [], "thumbnail": "https://www.cnet.com/a/img/resize/426e4ba38d71482e1d31c7a4d10d2fc7e78b8687/hub/2022/09/20/da90b23f-924c-4e04-81a5-7c654958fc19/gettyimages-1316582150.jpg?auto=webp&width=300", "title": "More People Are Choosing Sleep Divorce Than Ever. Why It Might Suit You Too", "user": null, "vote": 0}, {"age": null, "album": "", "artist": null, "bookmarked": false, "comments": [], "date_published": "2024-08-10T15:00:00+00:00", "description": "Don't miss out on phone, laptop and tablet cases and accessories during this back-to-school flash sale exclusive to CNET readers.", "id": 1002646, "language": null, "link": "https://www.cnet.com/deals/get-40-off-speck-gear-with-cnets-exclusive-back-to-school-discount/#ftag=CADf328eec", "manual_status_code": 0, "page_rating": 29, "page_rating_contents": 90, "page_rating_visits": 0, "page_rating_votes": 0, "permanent": false, "source": "https://www.cnet.com/rss/all", "source_obj__id": 57, "status_code": 0, "tags": [], "thumbnail": "https://www.cnet.com/a/img/resize/d30b586fa465887ec280f9a40bd405c3959c1705/hub/2024/07/26/57f1d284-7998-4861-85db-cb2df804f040/speck-cases-collage.jpg?auto=webp&width=300", "title": "Get 40% Off Speck Gear With CNET's Exclusive Back-to-School Discount", "user": null, "vote": 0}]