[{"age": null, "album": "", "artist": null, "bookmarked": false, "comments": [], "date_published": "2024-08-10T08:10:00+00:00", "description": "In a bad 1950s science fiction movie, you might see flying jetpacks, invisibility cloaks and ray guns. What we got instead is a device that fits in our pocket. It allows us to connect to more than a billion people. It knows where we are and where we&#8217;re going. It has all of our contacts, [&#8230;]", "id": 1003040, "language": "en-US", "link": "https://seths.blog/2024/08/living-in-the-future", "manual_status_code": 0, "page_rating": 32, "page_rating_contents": 100, "page_rating_visits": 0, "page_rating_votes": 0, "permanent": false, "source": "https://seths.blog/feed", "source_obj__id": 303, "status_code": 0, "tags": [], "thumbnail": null, "title": "Living in the future", "user": null, "vote": 0}]