[{"age": null, "album": "", "artist": null, "bookmarked": false, "comments": [], "date_published": "2024-08-10T22:00:12+00:00", "description": "After a US trade ban for cotton from China\u2019s Xinjiang, textile manufacturers have turned to domestic consumers \u2013 but the ban\u2019s chilling effect on all exports has left a gap that is difficult to fill.", "id": 1004045, "language": "en", "link": "https://www.scmp.com/economy/china-economy/article/3273899/china-has-turned-inward-sell-xinjiang-cotton-after-trade-ban-will-it-be-enough?utm_source=rss_feed", "manual_status_code": 0, "page_rating": 27, "page_rating_contents": 86, "page_rating_visits": 0, "page_rating_votes": 0, "permanent": false, "source": "https://www.scmp.com/rss/4/feed", "source_obj__id": 67, "status_code": 0, "tags": [], "thumbnail": "https://cdn.i-scmp.com/sites/default/files/styles/1280x720/public/d8/video/thumbnail/2021/03/25/thumbnail.jpg?itok=R8P_2BZO", "title": "China has turned inward to sell Xinjiang cotton after a trade ban. Will it be enough?", "user": null, "vote": 0}, {"age": null, "album": "", "artist": null, "bookmarked": false, "comments": [], "date_published": "2024-08-10T14:00:08+00:00", "description": "The CPPCC chairman\u2019s role on the plenum\u2019s documents drafting team shows he remains Xi\u2019s ideological \u2018brains trust\u2019, an observer said.", "id": 1004046, "language": "en", "link": "https://www.scmp.com/news/china/politics/article/3273809/chinas-third-plenum-highlights-quiet-rise-political-theorist-wang-huning?utm_source=rss_feed", "manual_status_code": 0, "page_rating": 27, "page_rating_contents": 86, "page_rating_visits": 0, "page_rating_votes": 0, "permanent": false, "source": "https://www.scmp.com/rss/4/feed", "source_obj__id": 67, "status_code": 0, "tags": [], "thumbnail": "https://cdn.i-scmp.com/sites/default/files/styles/1280x720/public/d8/video/thumbnail/2022/10/13/Thu02_Clean.jpg?itok=L2e0n0xS", "title": "China\u2019s third plenum highlights the quiet rise of political theorist Wang Huning", "user": null, "vote": 0}, {"age": null, "album": "", "artist": null, "bookmarked": false, "comments": [], "date_published": "2024-08-10T13:22:12+00:00", "description": "PLA says it \u2018dispelled\u2019 a transport plane while Manila says Chinese jets endangered its pilots.", "id": 1004047, "language": "en", "link": "https://www.scmp.com/news/china/military/article/3274020/china-philippine-tensions-flare-skies-over-scarborough-shoal-waters?utm_source=rss_feed", "manual_status_code": 0, "page_rating": 27, "page_rating_contents": 86, "page_rating_visits": 0, "page_rating_votes": 0, "permanent": false, "source": "https://www.scmp.com/rss/4/feed", "source_obj__id": 67, "status_code": 0, "tags": [], "thumbnail": "https://cdn.i-scmp.com/sites/default/files/styles/1280x720/public/d8/video/thumbnail/2024/02/27/clear.jpg?itok=WVG20h6C", "title": "China-Philippine tensions flare in skies over Scarborough Shoal waters", "user": null, "vote": 0}, {"age": null, "album": "", "artist": null, "bookmarked": false, "comments": [], "date_published": "2024-08-10T12:00:11+00:00", "description": "Educators attribute a national trend of fading interest in Mandarin among Americans to a weaker Chinese economy and strained US-China relations.", "id": 1004048, "language": "en", "link": "https://www.scmp.com/economy/global-economy/article/3273862/mandarins-popularity-sags-hits-plateau-us-enthusiasm-wanes-american-youth?utm_source=rss_feed", "manual_status_code": 0, "page_rating": 27, "page_rating_contents": 86, "page_rating_visits": 0, "page_rating_votes": 0, "permanent": false, "source": "https://www.scmp.com/rss/4/feed", "source_obj__id": 67, "status_code": 0, "tags": [], "thumbnail": "https://cdn.i-scmp.com/sites/default/files/styles/1280x720/public/d8/images/canvas/2024/08/09/a68dc977-64df-4e27-ad95-5325ecf1bbcd_47693ab5.jpg?itok=OgjU311L", "title": "Mandarin\u2019s popularity sags, hits plateau in US as enthusiasm wanes for American youth", "user": null, "vote": 0}, {"age": null, "album": "", "artist": null, "bookmarked": false, "comments": [], "date_published": "2024-08-10T11:03:20+00:00", "description": "Researchers in China are tackling the problem of how to create effective current barriers as circuits become more complex and thinner.", "id": 1004049, "language": "en", "link": "https://www.scmp.com/news/china/science/article/3274014/could-artificial-sapphire-insulator-be-bedrock-next-gen-chip-technology?utm_source=rss_feed", "manual_status_code": 0, "page_rating": 27, "page_rating_contents": 86, "page_rating_visits": 0, "page_rating_votes": 0, "permanent": false, "source": "https://www.scmp.com/rss/4/feed", "source_obj__id": 67, "status_code": 0, "tags": [], "thumbnail": "https://cdn.i-scmp.com/sites/default/files/styles/1280x720/public/d8/video/thumbnail/2023/08/22/ep-3---chips.jpg?itok=Bh_nnq4H", "title": "Could an artificial sapphire insulator be the bedrock of next-gen chip technology?", "user": null, "vote": 0}, {"age": null, "album": "", "artist": null, "bookmarked": false, "comments": [], "date_published": "2024-08-10T10:29:14+00:00", "description": "Without a substantial new investment, the collapsed developer will not be able to resume trading amid its massive debt and other challenges.", "id": 1004050, "language": "en", "link": "https://www.scmp.com/property/article/3274011/evergrande-shares-remain-suspended-liquidators-see-no-path-restructuring?utm_source=rss_feed", "manual_status_code": 0, "page_rating": 27, "page_rating_contents": 86, "page_rating_visits": 0, "page_rating_votes": 0, "permanent": false, "source": "https://www.scmp.com/rss/4/feed", "source_obj__id": 67, "status_code": 0, "tags": [], "thumbnail": "https://cdn.i-scmp.com/sites/default/files/styles/1280x720/public/d8/video/thumbnail/2024/01/29/Evergrande-clean-thumb_3.jpg?itok=r1Ea6meB", "title": "Evergrande shares to remain suspended as liquidators see no path to restructuring", "user": null, "vote": 0}, {"age": null, "album": "", "artist": null, "bookmarked": false, "comments": [], "date_published": "2024-08-10T10:00:12+00:00", "description": "Researchers from Northwestern Polytechnical University say the holes facilitated airflow, which mitigated shock wave vibrations and improved aerodynamic efficiency.", "id": 1004051, "language": "en", "link": "https://www.scmp.com/news/china/science/article/3273941/chinese-scientists-drilled-holes-plane-wing-reduce-sonic-booms-it-worked?utm_source=rss_feed", "manual_status_code": 0, "page_rating": 27, "page_rating_contents": 86, "page_rating_visits": 0, "page_rating_votes": 0, "permanent": false, "source": "https://www.scmp.com/rss/4/feed", "source_obj__id": 67, "status_code": 0, "tags": [], "thumbnail": "https://cdn.i-scmp.com/sites/default/files/styles/1280x720/public/d8/images/canvas/2024/08/09/fbf9c4e7-8ff4-4325-a028-738f2ff292e6_f73009dc.jpg?itok=fEUd7qMN", "title": "Chinese scientists drilled holes in a plane wing to reduce sonic booms. It worked", "user": null, "vote": 0}, {"age": null, "album": "", "artist": null, "bookmarked": false, "comments": [], "date_published": "2024-08-10T09:00:14+00:00", "description": "Chinese scientists have used AI to develop a new, simple blood test to improve early diagnosis of gastric cancer.", "id": 1004052, "language": "en", "link": "https://www.scmp.com/news/china/science/article/3273702/could-stomach-cancer-be-spotted-early-drop-blood-chinese-team-has-idea?utm_source=rss_feed", "manual_status_code": 0, "page_rating": 27, "page_rating_contents": 86, "page_rating_visits": 0, "page_rating_votes": 0, "permanent": false, "source": "https://www.scmp.com/rss/4/feed", "source_obj__id": 67, "status_code": 0, "tags": [], "thumbnail": "https://cdn.i-scmp.com/sites/default/files/styles/1280x720/public/d8/video/thumbnail/2023/12/21/WEB_CLEAN_hku-liver-cancer.jpg?itok=99iqPcE2", "title": "Could stomach cancer be spotted early with a drop of blood? A Chinese team has an idea", "user": null, "vote": 0}, {"age": null, "album": "", "artist": null, "bookmarked": false, "comments": [], "date_published": "2024-08-10T07:47:14+00:00", "description": "In new report, Beijing says the NED, sometimes called Washington\u2019s \u2018regime-change arm\u2019, supports Taiwan separatists and destabilising forces in Hong Kong.", "id": 1004053, "language": "en", "link": "https://www.scmp.com/news/china/diplomacy/article/3274000/china-accuses-us-group-national-endowment-democracy-ideological-infiltration?utm_source=rss_feed", "manual_status_code": 0, "page_rating": 27, "page_rating_contents": 86, "page_rating_visits": 0, "page_rating_votes": 0, "permanent": false, "source": "https://www.scmp.com/rss/4/feed", "source_obj__id": 67, "status_code": 0, "tags": [], "thumbnail": "https://cdn.i-scmp.com/sites/default/files/styles/1280x720/public/d8/images/canvas/2024/08/10/470e97ab-bc39-41af-9d49-c78428bf416f_f22bf29c.jpg?itok=X0o6NBum", "title": "China accuses US group National Endowment for Democracy of \u2018ideological infiltration\u2019", "user": null, "vote": 0}, {"age": null, "album": "", "artist": null, "bookmarked": false, "comments": [], "date_published": "2024-08-10T04:00:21+00:00", "description": "Keir Starmer\u2019s administration is wrestling with the same dilemmas over security, trade and human rights that its EU neighbours are facing.", "id": 1004054, "language": "en", "link": "https://www.scmp.com/news/china/diplomacy/article/3273957/china-watching-britain-signs-thaw-new-labour-government-weighs-its-options?utm_source=rss_feed", "manual_status_code": 0, "page_rating": 27, "page_rating_contents": 86, "page_rating_visits": 0, "page_rating_votes": 0, "permanent": false, "source": "https://www.scmp.com/rss/4/feed", "source_obj__id": 67, "status_code": 0, "tags": [], "thumbnail": "https://cdn.i-scmp.com/sites/default/files/styles/1280x720/public/d8/video/thumbnail/2024/07/15/Thumb---Clean.jpg?itok=PnvDg2k4", "title": "China watching Britain for signs of a thaw as new Labour government weighs up its options", "user": null, "vote": 0}, {"age": null, "album": "", "artist": null, "bookmarked": false, "comments": [], "date_published": "2024-08-10T02:00:18+00:00", "description": "Local economies in areas where China\u2019s giant pandas live or are housed have become new centres of tourism activity, driving growth and generating new jobs to handle the lovable bears\u2019 rising popularity.", "id": 1004055, "language": "en", "link": "https://www.scmp.com/economy/china-economy/article/3273898/chinas-booming-panda-economy-black-white-and-spreading-all-over?utm_source=rss_feed", "manual_status_code": 0, "page_rating": 27, "page_rating_contents": 86, "page_rating_visits": 0, "page_rating_votes": 0, "permanent": false, "source": "https://www.scmp.com/rss/4/feed", "source_obj__id": 67, "status_code": 0, "tags": [], "thumbnail": "https://cdn.i-scmp.com/sites/default/files/styles/1280x720/public/d8/video/thumbnail/2024/03/04/clean-thumb.jpg?itok=Cs_T46a3", "title": "China\u2019s booming \u2018panda economy\u2019 is black, white and spreading all over", "user": null, "vote": 0}, {"age": null, "album": "", "artist": null, "bookmarked": false, "comments": [], "date_published": "2024-08-10T02:00:12+00:00", "description": "Amid greater competition for resources and equipment, military powers are increasing deployment in deep-sea areas, says defence institute.", "id": 1004056, "language": "en", "link": "https://www.scmp.com/news/china/politics/article/3273848/china-pushes-preserve-deep-sea-interests-national-security-legislation?utm_source=rss_feed", "manual_status_code": 0, "page_rating": 27, "page_rating_contents": 86, "page_rating_visits": 0, "page_rating_votes": 0, "permanent": false, "source": "https://www.scmp.com/rss/4/feed", "source_obj__id": 67, "status_code": 0, "tags": [], "thumbnail": "https://cdn.i-scmp.com/sites/default/files/styles/1280x720/public/d8/video/thumbnail/2024/08/06/060824-boat-v2.jpg?itok=wu3LUT8Z", "title": "China pushes to preserve deep-sea interests with national security legislation", "user": null, "vote": 0}]