[{"age": null, "album": "", "artist": null, "bookmarked": false, "comments": [], "date_published": "2024-08-10T19:30:01+00:00", "description": "Parasites take an enormous toll on human and veterinary health. But researchers may have found a way for patients with brain disorders and a common brain parasite to become frenemies.", "id": 1004812, "language": "en-us", "link": "https://phys.org/news/2024-08-common-parasite-drugs-brain-scientists.html", "manual_status_code": 0, "page_rating": 30, "page_rating_contents": 95, "page_rating_visits": 0, "page_rating_votes": 0, "permanent": false, "source": "https://phys.org/rss-feed", "source_obj__id": 251, "status_code": 0, "tags": [], "thumbnail": "https://scx1.b-cdn.net/csz/news/tmb/2024/a-common-parasite-coul.jpg", "title": "A common parasite could deliver drugs to the brain\u2014how scientists are turning Toxoplasma gondii from foe into friend", "user": null, "vote": 0}, {"age": null, "album": "", "artist": null, "bookmarked": false, "comments": [], "date_published": "2024-08-10T19:00:01+00:00", "description": "Social networks have revolutionized the way we communicate, stay informed and share moments of our daily lives. We use platforms like Facebook, Twitter, Instagram and TikTok to keep in touch with our friends and family, share our experiences, keep informed, and express our opinions.", "id": 1004813, "language": "en-us", "link": "https://phys.org/news/2024-08-social-media-disinformation-expert-safety.html", "manual_status_code": 0, "page_rating": 30, "page_rating_contents": 95, "page_rating_visits": 0, "page_rating_votes": 0, "permanent": false, "source": "https://phys.org/rss-feed", "source_obj__id": 251, "status_code": 0, "tags": [], "thumbnail": "https://scx1.b-cdn.net/csz/news/tmb/2023/teen-using-iphone.jpg", "title": "Social media: Disinformation expert offers three safety tips in a time of fake news and dodgy influencers", "user": null, "vote": 0}, {"age": null, "album": "", "artist": null, "bookmarked": false, "comments": [], "date_published": "2024-08-10T17:00:02+00:00", "description": "Have you ever liked or shared a social media post about nature? It could have been a photo of a rare orchid or an unusual bird. Or you might share a stunning photo of an \"undiscovered\" natural place.", "id": 1002185, "language": "en-us", "link": "https://phys.org/news/2024-08-death-social-media-nature-photos.html", "manual_status_code": 0, "page_rating": 30, "page_rating_contents": 95, "page_rating_visits": 0, "page_rating_votes": 0, "permanent": false, "source": "https://phys.org/rss-feed", "source_obj__id": 251, "status_code": 0, "tags": [], "thumbnail": "https://scx1.b-cdn.net/csz/news/tmb/2024/nature-photographer.jpg", "title": "Liked to death? The social media race for nature photos can trash ecosystems\u2014or trigger rapid extinction", "user": null, "vote": 0}, {"age": null, "album": "", "artist": null, "bookmarked": false, "comments": [], "date_published": "2024-08-10T15:50:02+00:00", "description": "Announcing the directive to work \"primarily in an approved office,\" NSW Premier Chris Minns said overseas studies showed people were less productive when working from home.", "id": 1002186, "language": "en-us", "link": "https://phys.org/news/2024-08-workers-office-productive.html", "manual_status_code": 0, "page_rating": 30, "page_rating_contents": 95, "page_rating_visits": 0, "page_rating_votes": 0, "permanent": false, "source": "https://phys.org/rss-feed", "source_obj__id": 251, "status_code": 0, "tags": [], "thumbnail": "https://scx1.b-cdn.net/csz/news/tmb/2024/remote-work-1.jpg", "title": "Making workers return to the office might not make them any more productive", "user": null, "vote": 0}, {"age": null, "album": "", "artist": null, "bookmarked": false, "comments": [], "date_published": "2024-08-10T14:40:01+00:00", "description": "White men who have personally experienced mistreatment at work, such as bullying, are more likely to realize that their organization does not always operate fairly. And that makes them more likely to recognize and report race and gender bias against their co-workers, I found in a recent study.", "id": 1002187, "language": "en-us", "link": "https://phys.org/news/2024-08-white-men-mistreated.html", "manual_status_code": 0, "page_rating": 30, "page_rating_contents": 95, "page_rating_visits": 0, "page_rating_votes": 0, "permanent": false, "source": "https://phys.org/rss-feed", "source_obj__id": 251, "status_code": 0, "tags": [], "thumbnail": "https://scx1.b-cdn.net/csz/news/tmb/2024/harassment-work.jpg", "title": "White men who have been mistreated at work are more likely to notice and report harassment", "user": null, "vote": 0}, {"age": null, "album": "", "artist": null, "bookmarked": false, "comments": [], "date_published": "2024-08-10T12:00:01+00:00", "description": "The discovery of a tiny arm bone suggests that an ancient human dubbed \"hobbits\" only shrank down to their diminutive size after they arrived on an Indonesian island a million years ago, scientists said on Tuesday.", "id": 1002188, "language": "en-us", "link": "https://phys.org/news/2024-08-discovery-tiny-bone-mysterious-hobbit.html", "manual_status_code": 0, "page_rating": 30, "page_rating_contents": 95, "page_rating_visits": 0, "page_rating_votes": 0, "permanent": false, "source": "https://phys.org/rss-feed", "source_obj__id": 251, "status_code": 0, "tags": [], "thumbnail": "https://scx1.b-cdn.net/csz/news/tmb/2024/exactly-how-the-pint-s.jpg", "title": "Discovery of tiny bone sheds light on mysterious 'hobbit' humans", "user": null, "vote": 0}, {"age": null, "album": "", "artist": null, "bookmarked": false, "comments": [], "date_published": "2024-08-10T11:30:01+00:00", "description": "New results from the first archaeological fieldwork conducted in space show the International Space Station is a rich cultural landscape where crew create their own \"gravity\" to replace Earth's, and adapt module spaces to suit their needs.", "id": 1002189, "language": "en-us", "link": "https://phys.org/news/2024-08-archaeologists-space-excavation-iss-quirks.html", "manual_status_code": 0, "page_rating": 30, "page_rating_contents": 95, "page_rating_visits": 0, "page_rating_votes": 0, "permanent": false, "source": "https://phys.org/rss-feed", "source_obj__id": 251, "status_code": 0, "tags": [], "thumbnail": "https://scx1.b-cdn.net/csz/news/tmb/2024/archaeologists-conduct.jpg", "title": "Archaeologists conduct first 'space excavation' on ISS and discover surprising quirks of zero-G life", "user": null, "vote": 0}, {"age": null, "album": "", "artist": null, "bookmarked": false, "comments": [], "date_published": "2024-08-10T08:30:01+00:00", "description": "This week's headlines include the extended sleepover for astronauts in the SpaceX Crew Dragon capsule, insight into our imitative behaviors, and the Olympic form of mice.", "id": 1002190, "language": "en-us", "link": "https://phys.org/news/2024-08-saturday-citations-rare-misstep-boeing.html", "manual_status_code": 0, "page_rating": 30, "page_rating_contents": 95, "page_rating_visits": 0, "page_rating_votes": 0, "permanent": false, "source": "https://phys.org/rss-feed", "source_obj__id": 251, "status_code": 0, "tags": [], "thumbnail": "https://scx1.b-cdn.net/csz/news/tmb/2024/saturday-citations-a-r.jpg", "title": "Saturday Citations: A rare misstep for Boeing; mouse jocks and calorie restriction; human brains in sync", "user": null, "vote": 0}, {"age": null, "album": "", "artist": null, "bookmarked": false, "comments": [], "date_published": "2024-08-10T06:20:01+00:00", "description": "With the first launch of Blue Origin's massive New Glenn rocket still in the works before the end of the year, Jeff Bezos' company got to work testing out its recovery operations with the huge crane parked at Port Canaveral on August 8.", "id": 1002191, "language": "en-us", "link": "https://phys.org/news/2024-08-blue-glenn-rocket-recovery-crane.html", "manual_status_code": 0, "page_rating": 30, "page_rating_contents": 95, "page_rating_visits": 0, "page_rating_votes": 0, "permanent": false, "source": "https://phys.org/rss-feed", "source_obj__id": 251, "status_code": 0, "tags": [], "thumbnail": "https://scx1.b-cdn.net/csz/news/tmb/2024/-cape-canaveral.jpg", "title": "Blue Origin tests out New Glenn rocket recovery crane at Port Canaveral", "user": null, "vote": 0}, {"age": null, "album": "", "artist": null, "bookmarked": false, "comments": [], "date_published": "2024-08-10T04:20:02+00:00", "description": "Air pollution caused by \"ultrafine particles,\" emitted by automobiles and industrial activity, has been linked to 1,100 deaths a year in Montreal and Toronto, according to new Canadian research.", "id": 1002192, "language": "en-us", "link": "https://phys.org/news/2024-08-ultrafine-particles-linked-deaths-canada.html", "manual_status_code": 0, "page_rating": 30, "page_rating_contents": 95, "page_rating_visits": 0, "page_rating_votes": 0, "permanent": false, "source": "https://phys.org/rss-feed", "source_obj__id": 251, "status_code": 0, "tags": [], "thumbnail": "https://scx1.b-cdn.net/csz/news/tmb/2020/28-airpollution.jpg", "title": "Ultrafine particles linked to deaths: Canada study", "user": null, "vote": 0}, {"age": null, "album": "", "artist": null, "bookmarked": false, "comments": [], "date_published": "2024-08-10T02:41:07+00:00", "description": "An infographic of a rat with a preposterously large penis. Another showing human legs with way too many bones. An introduction that starts: \"Certainly, here is a possible introduction for your topic\".", "id": 1002193, "language": "en-us", "link": "https://phys.org/news/2024-08-junk-ai-scientific-publishing.html", "manual_status_code": 0, "page_rating": 30, "page_rating_contents": 95, "page_rating_visits": 0, "page_rating_votes": 0, "permanent": false, "source": "https://phys.org/rss-feed", "source_obj__id": 251, "status_code": 0, "tags": [], "thumbnail": "https://scx1.b-cdn.net/csz/news/tmb/2024/scientific-sleuth-elis.jpg", "title": "Flood of 'junk': How AI is changing scientific publishing", "user": null, "vote": 0}, {"age": null, "album": "", "artist": null, "bookmarked": false, "comments": [], "date_published": "2024-08-10T02:39:58+00:00", "description": "Two astronauts stranded in space may sound like the start to a big-screen science thriller, but the Boeing Starliner mission is no work of Hollywood fiction.", "id": 1002194, "language": "en-us", "link": "https://phys.org/news/2024-08-boeing-mission-astronauts-stuck-aboard.html", "manual_status_code": 0, "page_rating": 30, "page_rating_contents": 95, "page_rating_visits": 0, "page_rating_votes": 0, "permanent": false, "source": "https://phys.org/rss-feed", "source_obj__id": 251, "status_code": 0, "tags": [], "thumbnail": "https://scx1.b-cdn.net/csz/news/tmb/2024/barry-butch-wilmore-an.jpg", "title": "Meet the two Boeing mission astronauts stuck aboard the ISS", "user": null, "vote": 0}, {"age": null, "album": "", "artist": null, "bookmarked": false, "comments": [], "date_published": "2024-08-10T02:39:19+00:00", "description": "Sicilian lemon producer Rosario Cognata is furious: his fruit is withering due to the drought, while just a few kilometers away rainwater is being dumped into the sea.", "id": 1002195, "language": "en-us", "link": "https://phys.org/news/2024-08-drought-sicily-rainwater-dumped-sea.html", "manual_status_code": 0, "page_rating": 30, "page_rating_contents": 95, "page_rating_visits": 0, "page_rating_votes": 0, "permanent": false, "source": "https://phys.org/rss-feed", "source_obj__id": 251, "status_code": 0, "tags": [], "thumbnail": "https://scx1.b-cdn.net/csz/news/tmb/2024/local-farmers-say-deca.jpg", "title": "In drought-hit Sicily, rainwater is dumped in the sea", "user": null, "vote": 0}]