[{"age": null, "album": "", "artist": null, "bookmarked": false, "comments": [], "date_published": "2024-08-10T18:57:00+00:00", "description": "Five Years Ago This week in 2019, &#8220;free speech defender&#8221; Devin Nunes filed more lawsuits against critics and vowed they weren&#8217;t the last, the New York Times joined the parade of media organizations that were totally and completely misrepresenting Section 230, and the recording industry was reaping what it sowed in the world of copyright [&#8230;]", "id": 1002575, "language": "en-US", "link": "https://www.techdirt.com/2024/08/10/this-week-in-techdirt-history-august-4th-10th", "manual_status_code": 0, "page_rating": 29, "page_rating_contents": 90, "page_rating_visits": 0, "page_rating_votes": 0, "permanent": false, "source": "https://www.techdirt.com/feed", "source_obj__id": 325, "status_code": 0, "tags": [], "thumbnail": null, "title": "This Week In Techdirt History: August 4th \u2013 10th", "user": null, "vote": 0}, {"age": null, "album": "", "artist": null, "bookmarked": false, "comments": [], "date_published": "2024-08-10T02:39:00+00:00", "description": "You know, when you&#8217;ve written as much as I have about trademark disputes, there are times when you think you&#8217;ve seen everything, only to have the universe remind you that the depth of silliness around trademarks can always get deeper. The subject of today&#8217;s conversation is going to be a certification mark. While afforded similar [&#8230;]", "id": 1002576, "language": "en-US", "link": "https://www.techdirt.com/2024/08/09/us-appeals-court-sends-dispute-between-french-cognac-cartel-and-music-label-back-to-uspto", "manual_status_code": 0, "page_rating": 29, "page_rating_contents": 90, "page_rating_visits": 0, "page_rating_votes": 0, "permanent": false, "source": "https://www.techdirt.com/feed", "source_obj__id": 325, "status_code": 0, "tags": [], "thumbnail": null, "title": "US Appeals Court Sends Dispute Between French Cognac Cartel And Music Label Back To USPTO", "user": null, "vote": 0}]