[{"age": null, "album": "", "artist": null, "bookmarked": false, "comments": [], "date_published": "2024-08-10T22:15:19+00:00", "description": "Changing water levels and erosion are believed to have contributed to the collapse of the geologic feature, which was formed from 190 million-year-old Navajo sandstone, the National Park Service said.", "id": 1001872, "language": "en-us", "link": "https://www.nytimes.com/2024/08/09/us/glen-canyon-arch-collapse.html", "manual_status_code": 0, "page_rating": 27, "page_rating_contents": 86, "page_rating_visits": 0, "page_rating_votes": 0, "permanent": false, "source": "https://rss.nytimes.com/services/xml/rss/nyt/HomePage.xml", "source_obj__id": 229, "status_code": 0, "tags": [], "thumbnail": null, "title": "Famed Double Arch Collapses in Glen Canyon National Recreation Area", "user": null, "vote": 0}, {"age": null, "album": "", "artist": null, "bookmarked": false, "comments": [], "date_published": "2024-08-10T19:58:01+00:00", "description": "Schools in Gaza have taken in tens of thousands of people seeking safety. Israel, arguing that Hamas uses the shelters, has struck school grounds repeatedly.", "id": 1001862, "language": "en-us", "link": "https://www.nytimes.com/2024/08/10/world/middleeast/israel-schools-shelters.html", "manual_status_code": 0, "page_rating": 27, "page_rating_contents": 86, "page_rating_visits": 0, "page_rating_votes": 0, "permanent": false, "source": "https://rss.nytimes.com/services/xml/rss/nyt/HomePage.xml", "source_obj__id": 229, "status_code": 0, "tags": [], "thumbnail": "https://static01.nyt.com/images/2024/08/10/multimedia/10mideast-crisis-school-shelters-01-fpvc/10mideast-crisis-school-shelters-01-fpvc-mediumSquareAt3X.jpg", "title": "Israeli Strikes on Schools Pose a Life-or-Death Choice for Civilians", "user": null, "vote": 0}, {"age": null, "album": "", "artist": null, "bookmarked": false, "comments": [], "date_published": "2024-08-10T19:44:59+00:00", "description": "After several days of fighting in southwestern Russia, both sides are claiming successes. The battles are still being waged.", "id": 1001864, "language": "en-us", "link": "https://www.nytimes.com/2024/08/10/world/europe/ukraine-russia-cross-border-attack.html", "manual_status_code": 0, "page_rating": 27, "page_rating_contents": 86, "page_rating_visits": 0, "page_rating_votes": 0, "permanent": false, "source": "https://rss.nytimes.com/services/xml/rss/nyt/HomePage.xml", "source_obj__id": 229, "status_code": 0, "tags": [], "thumbnail": "https://static01.nyt.com/images/2024/08/10/multimedia/10ukraine-attack-glfv/10ukraine-attack-glfv-mediumSquareAt3X.jpg", "title": "Russia Pushes Back at Ukraine\u2019s Cross-Border Assault, but Kyiv Presses On", "user": null, "vote": 0}, {"age": null, "album": "", "artist": null, "bookmarked": false, "comments": [], "date_published": "2024-08-10T19:40:06+00:00", "description": "It can be treacherous, measuring your worth in ego arithmetic.", "id": 1001868, "language": "en-us", "link": "https://www.nytimes.com/2024/08/10/opinion/trump-race-numbers-ratings.html", "manual_status_code": 0, "page_rating": 27, "page_rating_contents": 86, "page_rating_visits": 0, "page_rating_votes": 0, "permanent": false, "source": "https://rss.nytimes.com/services/xml/rss/nyt/HomePage.xml", "source_obj__id": 229, "status_code": 0, "tags": [], "thumbnail": "https://static01.nyt.com/images/2024/08/10/multimedia/10dowd-jvfc/10dowd-jvfc-mediumSquareAt3X.jpg", "title": "Trump, by the Numbers", "user": null, "vote": 0}, {"age": null, "album": "", "artist": null, "bookmarked": false, "comments": [], "date_published": "2024-08-10T19:08:21+00:00", "description": "For a candidate who positions herself as caring, her failure to acknowledge their pain is especially jarring.", "id": 1001867, "language": "en-us", "link": "https://www.nytimes.com/2024/08/10/opinion/kamala-harris-gaza-detroit.html", "manual_status_code": 0, "page_rating": 27, "page_rating_contents": 86, "page_rating_visits": 0, "page_rating_votes": 0, "permanent": false, "source": "https://rss.nytimes.com/services/xml/rss/nyt/HomePage.xml", "source_obj__id": 229, "status_code": 0, "tags": [], "thumbnail": "https://static01.nyt.com/images/2024/08/10/multimedia/10gessen-pfcq/10gessen-pfcq-mediumSquareAt3X.jpg", "title": "Kamala Harris Is Speaking. Is She Listening?", "user": null, "vote": 0}, {"age": null, "album": "", "artist": null, "bookmarked": false, "comments": [], "date_published": "2024-08-10T17:30:13+00:00", "description": "The business executive helped turn Google into an internet juggernaut and became one of the most prominent women in Silicon Valley.", "id": 1001871, "language": "en-us", "link": "https://www.nytimes.com/2024/08/10/business/susan-wojcicki-dead.html", "manual_status_code": 0, "page_rating": 27, "page_rating_contents": 86, "page_rating_visits": 0, "page_rating_votes": 0, "permanent": false, "source": "https://rss.nytimes.com/services/xml/rss/nyt/HomePage.xml", "source_obj__id": 229, "status_code": 0, "tags": [], "thumbnail": "https://static01.nyt.com/images/2024/08/10/multimedia/10xp-wojcicki-qlmj-2/10xp-wojcicki-qlmj-2-mediumSquareAt3X.jpg", "title": "Susan Wojcicki, YouTube\u2019s Former CEO, Dies at 56", "user": null, "vote": 0}, {"age": null, "album": "", "artist": null, "bookmarked": false, "comments": [], "date_published": "2024-08-10T15:17:58+00:00", "description": "The markings on a pillar in southern Turkey are more than decorations on the stone, a researcher at the University of Edinburgh says. They may memorialize a time when comet fragments struck Earth.", "id": 1001873, "language": "en-us", "link": "https://www.nytimes.com/2024/08/10/world/asia/worlds-oldest-calendar-gobekli-tepe.html", "manual_status_code": 0, "page_rating": 27, "page_rating_contents": 86, "page_rating_visits": 0, "page_rating_votes": 0, "permanent": false, "source": "https://rss.nytimes.com/services/xml/rss/nyt/HomePage.xml", "source_obj__id": 229, "status_code": 0, "tags": [], "thumbnail": null, "title": "Ancient Calendar, Recently Discovered, May Document a Long-Ago Disaster", "user": null, "vote": 0}, {"age": null, "album": "", "artist": null, "bookmarked": false, "comments": [], "date_published": "2024-08-10T12:50:09+00:00", "description": "New surveys of Michigan, Wisconsin and Pennsylvania taken this week offer the latest indication of a dramatic reversal in standing for the Democratic Party since President Biden abandoned his re-election bid.", "id": 1001860, "language": "en-us", "link": "https://www.nytimes.com/2024/08/10/us/politics/harris-trump-battleground-polls.html", "manual_status_code": 0, "page_rating": 27, "page_rating_contents": 86, "page_rating_visits": 0, "page_rating_votes": 0, "permanent": false, "source": "https://rss.nytimes.com/services/xml/rss/nyt/HomePage.xml", "source_obj__id": 229, "status_code": 0, "tags": [], "thumbnail": "https://static01.nyt.com/images/2024/08/09/multimedia/2024-08-10-statepolls-mi-wi-pa-index/2024-08-10-statepolls-mi-wi-pa-index-mediumSquareAt3X-v8.png", "title": "Harris Leads Trump in Three Key States, Times/Siena Polls Find", "user": null, "vote": 0}, {"age": null, "album": "", "artist": null, "bookmarked": false, "comments": [], "date_published": "2024-08-10T11:00:19+00:00", "description": "From fake wedding bands to decoy wallets, here\u2019s some advice for safely roaming our planet.", "id": 1001869, "language": "en-us", "link": "https://www.nytimes.com/2024/08/10/opinion/travel-vacation-world.html", "manual_status_code": 0, "page_rating": 27, "page_rating_contents": 86, "page_rating_visits": 0, "page_rating_votes": 0, "permanent": false, "source": "https://rss.nytimes.com/services/xml/rss/nyt/HomePage.xml", "source_obj__id": 229, "status_code": 0, "tags": [], "thumbnail": "https://static01.nyt.com/images/2024/08/12/multimedia/10kristof-kcpg/10kristof-kcpg-mediumSquareAt3X.jpg", "title": "My Travel Tips for Seeing the World\u2019s Best Places", "user": null, "vote": 0}, {"age": null, "album": "", "artist": null, "bookmarked": false, "comments": [], "date_published": "2024-08-10T10:52:41+00:00", "description": "On question after question, at least for now, most voters don\u2019t seem to have major reservations about her.", "id": 1001861, "language": "en-us", "link": "https://www.nytimes.com/2024/08/10/upshot/polls-harris-swing-states.html", "manual_status_code": 0, "page_rating": 27, "page_rating_contents": 86, "page_rating_visits": 0, "page_rating_votes": 0, "permanent": false, "source": "https://rss.nytimes.com/services/xml/rss/nyt/HomePage.xml", "source_obj__id": 229, "status_code": 0, "tags": [], "thumbnail": "https://static01.nyt.com/images/2024/08/09/multimedia/00up-kamala-poll1-wfjp/00up-kamala-poll1-wfjp-mediumSquareAt3X.jpg", "title": "New Battleground Polls Show Harris Has Fundamentally Changed the Race", "user": null, "vote": 0}, {"age": null, "album": "", "artist": null, "bookmarked": false, "comments": [], "date_published": "2024-08-10T09:02:52+00:00", "description": "JD Vance and his allies represent a mind-set that dates back to the McCarthy era and the dawn of the Cold War.", "id": 1001863, "language": "en-us", "link": "https://www.nytimes.com/2024/08/10/magazine/jd-vance-new-right-republicans.html", "manual_status_code": 0, "page_rating": 27, "page_rating_contents": 86, "page_rating_visits": 0, "page_rating_votes": 0, "permanent": false, "source": "https://rss.nytimes.com/services/xml/rss/nyt/HomePage.xml", "source_obj__id": 229, "status_code": 0, "tags": [], "thumbnail": null, "title": "JD Vance and the Restoration of the \u2018New Right\u2019", "user": null, "vote": 0}, {"age": null, "album": "", "artist": null, "bookmarked": false, "comments": [], "date_published": "2024-08-10T09:00:45+00:00", "description": "The collapse of a little-known intermediary named Synapse Financial Technologies has put a spotlight on the risk that customers face when using popular banking start-ups.", "id": 1001866, "language": "en-us", "link": "https://www.nytimes.com/2024/08/10/business/online-lending-banking-money-risks.html", "manual_status_code": 0, "page_rating": 27, "page_rating_contents": 86, "page_rating_visits": 0, "page_rating_votes": 0, "permanent": false, "source": "https://rss.nytimes.com/services/xml/rss/nyt/HomePage.xml", "source_obj__id": 229, "status_code": 0, "tags": [], "thumbnail": "https://static01.nyt.com/images/2024/08/07/business/00fakebank/00fakebank-mediumSquareAt3X.jpg", "title": "How to Keep Your Money Safe if Your Online Lender Is Not a Bank", "user": null, "vote": 0}, {"age": null, "album": "", "artist": null, "bookmarked": false, "comments": [], "date_published": "2024-08-10T09:00:19+00:00", "description": "Yoga, laser art and Bobby McFerrin are attracting residents who are longing for a community \u2014 but not necessarily religion.", "id": 1001865, "language": "en-us", "link": "https://www.nytimes.com/2024/08/10/us/church-yoga-san-francisco.html", "manual_status_code": 0, "page_rating": 27, "page_rating_contents": 86, "page_rating_visits": 0, "page_rating_votes": 0, "permanent": false, "source": "https://rss.nytimes.com/services/xml/rss/nyt/HomePage.xml", "source_obj__id": 229, "status_code": 0, "tags": [], "thumbnail": null, "title": "In Counterculture San Francisco, a Church Has Become the Place to Be", "user": null, "vote": 0}, {"age": null, "album": "", "artist": null, "bookmarked": false, "comments": [], "date_published": "2024-08-10T04:01:17+00:00", "description": "Garment exports lifted the country to new heights. But overreliance on that industry also helped bring down Prime Minister Sheikh Hasina.", "id": 1001870, "language": "en-us", "link": "https://www.nytimes.com/2024/08/10/world/asia/bangladesh-economy.html", "manual_status_code": 0, "page_rating": 27, "page_rating_contents": 86, "page_rating_visits": 0, "page_rating_votes": 0, "permanent": false, "source": "https://rss.nytimes.com/services/xml/rss/nyt/HomePage.xml", "source_obj__id": 229, "status_code": 0, "tags": [], "thumbnail": "https://static01.nyt.com/images/2024/08/09/multimedia/09bangladesh-economy-2-fbkt/09bangladesh-economy-2-fbkt-mediumSquareAt3X.jpg", "title": "Bangladesh Puts Its Eggs in One Economic Basket. Now, a Reckoning.", "user": null, "vote": 0}]