[{"age": null, "album": "", "artist": null, "bookmarked": false, "comments": [], "date_published": "2024-08-10T23:18:58+00:00", "description": "<!-- SC_OFF --><div class=\"md\"><p>So I'm using Elastic Search, Fluent-Bit, and Kibana. It's all connected and working, but <a href=\"https://hastebin.com/share/valubamoya.swift\">the way fluent-bit sends my logs to ES</a> is weird. See the <code>flb-key</code> and <code>flb-ey.keyword</code>? I want those to be part of the index so I can have a data view of just that container. something like <code>kibana.efk.docker.fluent-bit</code> or something like that. I'm stumped on how to do that right now, so any help would be appreciated</p> </div><!-- SC_ON --> &#32; submitted by &#32; <a href=\"https://www.reddit.com/user/Headless0305\"> /u/Headless0305 </a> <br /> <span><a href=\"https://www.reddit.com/r/selfhosted/comments/1ep68wa/fluentbit_not_structuring_tags_the_way_i_want/\">[link]</a></span> &#32; <span><a href=\"https://www.reddit.com/r/selfhosted/comments/1ep68wa/fluentbit_not_structuring_tags_the_way_i_want/\">[comments]</a></span>", "id": 1004653, "language": null, "link": "https://www.reddit.com/r/selfhosted/comments/1ep68wa/fluentbit_not_structuring_tags_the_way_i_want", "manual_status_code": 0, "page_rating": 27, "page_rating_contents": 85, "page_rating_visits": 0, "page_rating_votes": 0, "permanent": false, "source": "https://www.reddit.com/r/selfhosted/.rss", "source_obj__id": 450, "status_code": 0, "tags": [], "thumbnail": null, "title": "Fluent-Bit not structuring tags the way I want", "user": null, "vote": 0}, {"age": null, "album": "", "artist": null, "bookmarked": false, "comments": [], "date_published": "2024-08-10T22:18:37+00:00", "description": "<!-- SC_OFF --><div class=\"md\"><p>Hi everyone,</p> <p>I've been making a lot of use of GPT tools lately (like ChatGPT) for both personal projects and for doing initial research for work-related things. </p> <p>I've created a nice system on NocoDB for storing an inventory of my custom GPTs. However, for actually &quot;reading&quot; the outputs (stored in markdown) I haven't figured out a system yet. </p> <p>An alternative approach I'd be interested in exploring is self-hosting something like a wiki (or knowledge base platform). I assume that most of these in the self-hosted world are either markdown-first or markdown-friendly, so I imagine that shouldn't be hard to find.</p> <p>Beyond that, I have the following requirements:</p> <ul> <li><p>I want to be able to &quot;capture&quot; the prompts both from my desktop and my (Android) phone .. so an Android app or decent mobile version is pretty essential</p></li> <li><p>The primary use I have in mind for this system is recording helpful GP", "id": 1004645, "language": null, "link": "https://www.reddit.com/r/selfhosted/comments/1ep4ybx/looking_for_a_scalable_system_for_storing_a", "manual_status_code": 0, "page_rating": 27, "page_rating_contents": 85, "page_rating_visits": 0, "page_rating_votes": 0, "permanent": false, "source": "https://www.reddit.com/r/selfhosted/.rss", "source_obj__id": 450, "status_code": 0, "tags": [], "thumbnail": null, "title": "Looking for a scalable system for storing a growing repository of GPT outputs", "user": null, "vote": 0}, {"age": null, "album": "", "artist": null, "bookmarked": false, "comments": [], "date_published": "2024-08-10T21:24:48+00:00", "description": "<!-- SC_OFF --><div class=\"md\"><p>Say I have a server with the hostname &quot;server&quot; at 10.0.0.1 as its address. I then have various services on different ports, for example 8000.</p> <p>How would I configure those services to be accessible by other devices on the LAN in a convenient naming scheme such as &quot;server.service&quot; instead of &quot;10.0.0.1:8000&quot; or &quot;server:8000&quot;?</p> <p>I'm sure this is already an existing thing, but I don't know the terminology to search past things like a hosts file or DNS server configuration on a router.</p> </div><!-- SC_ON --> &#32; submitted by &#32; <a href=\"https://www.reddit.com/user/Citrus4176\"> /u/Citrus4176 </a> <br /> <span><a href=\"https://www.reddit.com/r/selfhosted/comments/1ep3sas/how_to_name_the_ports_after_a_hostname_for/\">[link]</a></span> &#32; <span><a href=\"https://www.reddit.com/r/selfhosted/comments/1ep3sas/how_to_name_the_ports_after_a_hostname_for/\">[comments]</a></span>", "id": 1004657, "language": null, "link": "https://www.reddit.com/r/selfhosted/comments/1ep3sas/how_to_name_the_ports_after_a_hostname_for", "manual_status_code": 0, "page_rating": 27, "page_rating_contents": 85, "page_rating_visits": 0, "page_rating_votes": 0, "permanent": false, "source": "https://www.reddit.com/r/selfhosted/.rss", "source_obj__id": 450, "status_code": 0, "tags": [], "thumbnail": null, "title": "How to name the ports after a hostname for convenience on a local network?", "user": null, "vote": 0}, {"age": null, "album": "", "artist": null, "bookmarked": false, "comments": [], "date_published": "2024-08-10T20:51:34+00:00", "description": "<!-- SC_OFF --><div class=\"md\"><p>Hey <a href=\"https://www.reddit.com/r/selfhosted/\"></a></p> <p>I am with great pleasure to announce v3.3 of HortusFox - the free and opensource selfhosted, collaborative plant management app for plant parents!</p> <p>This release contains a number of improvements such as that you can now specifiy external URLs for your image assets. Some users are already using Immich for their images, so you can now just specifiy an URL to your immich photo file if you don't want to upload the photo to your plant workspace as well. Also inventory items do now also allow QR codes, so you can label your inventory items with QR codes in order to quickly find them in your workspace. </p> <p>Here is the complete changelog:</p> <ul> <li>QR code for inventory items</li> <li>Localization improvements</li> <li>New language: Polish</li> <li>Use external image resources</li> <li>Location suggestions for inventory items</li> <li>Allow setting different invitation URL</li> <li>Fi", "id": 1004643, "language": null, "link": "https://www.reddit.com/r/selfhosted/comments/1ep32bz/hortusfox_v33_was_just_released_your_selfhosted", "manual_status_code": 0, "page_rating": 27, "page_rating_contents": 85, "page_rating_visits": 0, "page_rating_votes": 0, "permanent": false, "source": "https://www.reddit.com/r/selfhosted/.rss", "source_obj__id": 450, "status_code": 0, "tags": [], "thumbnail": null, "title": "HortusFox v3.3 was just released | Your selfhosted plant parent companion", "user": null, "vote": 0}, {"age": null, "album": "", "artist": null, "bookmarked": false, "comments": [], "date_published": "2024-08-10T20:42:40+00:00", "description": "<!-- SC_OFF --><div class=\"md\"><p>Hello all,</p> <p>i am lost, i have an app on http://localhost:10000/app/my-app i i would like to access it directly form: <a href=\"https://app.myhost.com\">https://app.myhost.com</a></p> <p>I already use nginx proxy manager with lets encrypt for my other server, but now it don\u2019t work on a path</p> <p>any idea ?</p> </div><!-- SC_ON --> &#32; submitted by &#32; <a href=\"https://www.reddit.com/user/Affectionate_Flan28\"> /u/Affectionate_Flan28 </a> <br /> <span><a href=\"https://www.reddit.com/r/selfhosted/comments/1ep2vhj/budibase_with_nginx_proxy_manager/\">[link]</a></span> &#32; <span><a href=\"https://www.reddit.com/r/selfhosted/comments/1ep2vhj/budibase_with_nginx_proxy_manager/\">[comments]</a></span>", "id": 1004659, "language": null, "link": "https://www.reddit.com/r/selfhosted/comments/1ep2vhj/budibase_with_nginx_proxy_manager", "manual_status_code": 0, "page_rating": 27, "page_rating_contents": 85, "page_rating_visits": 0, "page_rating_votes": 0, "permanent": false, "source": "https://www.reddit.com/r/selfhosted/.rss", "source_obj__id": 450, "status_code": 0, "tags": [], "thumbnail": null, "title": "Budibase with nginx proxy manager", "user": null, "vote": 0}, {"age": null, "album": "", "artist": null, "bookmarked": false, "comments": [], "date_published": "2024-08-10T19:16:30+00:00", "description": "<!-- SC_OFF --><div class=\"md\"><p>I have a Nodejs server on my raspberry pi. This server is listening on port 80 and I have enabled port forwarding on my router. I use no-ip as a DDNS which correctly recognises my ip. Whenever I try to contact my server from outside my LAN, using the domain I chose, sometimes it works flawlessly and node answers correctly but half of the times the browser gives an error (always ERR_CONNECTION_TIMED_OUT). The same happens with devices other than mine. The thing is that it seems random wether the connection succedes or gives an error. Is there something I'm missing? What could cause such problem? I am really out of ideas, anything will be helpful</p> </div><!-- SC_ON --> &#32; submitted by &#32; <a href=\"https://www.reddit.com/user/Salbert1sch1\"> /u/Salbert1sch1 </a> <br /> <span><a href=\"https://www.reddit.com/r/selfhosted/comments/1ep0zgk/nodejs_server_on_raspberry_pi_4_sometimes_takes/\">[link]</a></span> &#32; <span><a href=\"https://www.reddit.com/r/", "id": 1004655, "language": null, "link": "https://www.reddit.com/r/selfhosted/comments/1ep0zgk/nodejs_server_on_raspberry_pi_4_sometimes_takes", "manual_status_code": 0, "page_rating": 27, "page_rating_contents": 85, "page_rating_visits": 0, "page_rating_votes": 0, "permanent": false, "source": "https://www.reddit.com/r/selfhosted/.rss", "source_obj__id": 450, "status_code": 0, "tags": [], "thumbnail": null, "title": "Nodejs server on Raspberry Pi 4 sometimes takes too long to respond", "user": null, "vote": 0}, {"age": null, "album": "", "artist": null, "bookmarked": false, "comments": [], "date_published": "2024-08-10T19:15:45+00:00", "description": "<!-- SC_OFF --><div class=\"md\"><p>Hey all, </p> <p>I'm trying to decide on the best way to set this up.I have Adguard running, and will likely set up DNS over TLS on the Adguard side. </p> <p>I would like to send my upstream DNS traffic to either ControlD or NextDNS and was curious if people had thoughts on what was best to pick for this? </p> <p>I know I won't get analytics/proxy features on either. </p> <p>Would be great to hear any recommendations/thoughts!</p> </div><!-- SC_ON --> &#32; submitted by &#32; <a href=\"https://www.reddit.com/user/corderjones\"> /u/corderjones </a> <br /> <span><a href=\"https://www.reddit.com/r/selfhosted/comments/1ep0ytv/new_adguard_user_use_controld_or_nextdns_as/\">[link]</a></span> &#32; <span><a href=\"https://www.reddit.com/r/selfhosted/comments/1ep0ytv/new_adguard_user_use_controld_or_nextdns_as/\">[comments]</a></span>", "id": 1004644, "language": null, "link": "https://www.reddit.com/r/selfhosted/comments/1ep0ytv/new_adguard_user_use_controld_or_nextdns_as", "manual_status_code": 0, "page_rating": 27, "page_rating_contents": 85, "page_rating_visits": 0, "page_rating_votes": 0, "permanent": false, "source": "https://www.reddit.com/r/selfhosted/.rss", "source_obj__id": 450, "status_code": 0, "tags": [], "thumbnail": null, "title": "New Adguard user - Use ControlD or NextDNS as upstream?", "user": null, "vote": 0}, {"age": null, "album": "", "artist": null, "bookmarked": false, "comments": [], "date_published": "2024-08-10T18:38:02+00:00", "description": "<!-- SC_OFF --><div class=\"md\"><p>Hey ya'll check out this vide overview of my project Fractal HomeServer. We are looking for people interested in evaluate it before putting it out for wider release:</p> <p><a href=\"https://www.loom.com/share/9b36cece24bb4d20b43326dbfb1aa46b\">https://www.loom.com/share/9b36cece24bb4d20b43326dbfb1aa46b</a></p> </div><!-- SC_ON --> &#32; submitted by &#32; <a href=\"https://www.reddit.com/user/elbalaa\"> /u/elbalaa </a> <br /> <span><a href=\"https://www.reddit.com/r/selfhosted/comments/1ep04fe/show_rselfhosted_matrix_powered_container/\">[link]</a></span> &#32; <span><a href=\"https://www.reddit.com/r/selfhosted/comments/1ep04fe/show_rselfhosted_matrix_powered_container/\">[comments]</a></span>", "id": 1004664, "language": null, "link": "https://www.reddit.com/r/selfhosted/comments/1ep04fe/show_rselfhosted_matrix_powered_container", "manual_status_code": 0, "page_rating": 27, "page_rating_contents": 85, "page_rating_visits": 0, "page_rating_votes": 0, "permanent": false, "source": "https://www.reddit.com/r/selfhosted/.rss", "source_obj__id": 450, "status_code": 0, "tags": [], "thumbnail": null, "title": "Show r/selfhosted: Matrix powered container orchestration engine for self-hosting video overview", "user": null, "vote": 0}, {"age": null, "album": "", "artist": null, "bookmarked": false, "comments": [], "date_published": "2024-08-10T18:23:56+00:00", "description": "<!-- SC_OFF --><div class=\"md\"><p>How would I go about making my Proxmox VMs and CTs automatically use a FQDN as their hostname? I've tried to configure search domain, dns servers, and hosts file in Proxmox but I'm not sure how to actually accomplish my goal. I use an OpenWRT router and as far as I'm aware the only thing I could do on that is assign a FQDN to <em>every single device</em> on my network.</p> <p>For example I'd like to be able to access ssh for container <code>mycontainer</code> at <code>mycontainer.example.com</code></p> </div><!-- SC_ON --> &#32; submitted by &#32; <a href=\"https://www.reddit.com/user/TryNotToShootYoself\"> /u/TryNotToShootYoself </a> <br /> <span><a href=\"https://www.reddit.com/r/selfhosted/comments/1eozsv8/tld_hostnames_for_qemulxc/\">[link]</a></span> &#32; <span><a href=\"https://www.reddit.com/r/selfhosted/comments/1eozsv8/tld_hostnames_for_qemulxc/\">[comments]</a></span>", "id": 1004665, "language": null, "link": "https://www.reddit.com/r/selfhosted/comments/1eozsv8/tld_hostnames_for_qemulxc", "manual_status_code": 0, "page_rating": 27, "page_rating_contents": 85, "page_rating_visits": 0, "page_rating_votes": 0, "permanent": false, "source": "https://www.reddit.com/r/selfhosted/.rss", "source_obj__id": 450, "status_code": 0, "tags": [], "thumbnail": null, "title": "TLD Hostnames for Qemu/LXC", "user": null, "vote": 0}, {"age": null, "album": "", "artist": null, "bookmarked": false, "comments": [], "date_published": "2024-08-10T18:19:44+00:00", "description": "<!-- SC_OFF --><div class=\"md\"><p>I use Threadfin for managing EPG and channel numbering. I will also use Firestick TV 4k Max to output it on TV.</p> <p>Timeshifting is mandatory. </p> <p>What are your recommendation? </p> <p>Besides Emby or Jellyfin, any Android app worth mentionning for good timeshifting and EPG?</p> <p>Thanks! :)</p> </div><!-- SC_ON --> &#32; submitted by &#32; <a href=\"https://www.reddit.com/user/Scoobidoooo\"> /u/Scoobidoooo </a> <br /> <span><a href=\"https://www.reddit.com/r/selfhosted/comments/1eozpcv/best_option_for_live_tv_clean_epg_and/\">[link]</a></span> &#32; <span><a href=\"https://www.reddit.com/r/selfhosted/comments/1eozpcv/best_option_for_live_tv_clean_epg_and/\">[comments]</a></span>", "id": 1004650, "language": null, "link": "https://www.reddit.com/r/selfhosted/comments/1eozpcv/best_option_for_live_tv_clean_epg_and", "manual_status_code": 0, "page_rating": 27, "page_rating_contents": 85, "page_rating_visits": 0, "page_rating_votes": 0, "permanent": false, "source": "https://www.reddit.com/r/selfhosted/.rss", "source_obj__id": 450, "status_code": 0, "tags": [], "thumbnail": null, "title": "Best option for live TV, clean EPG and timeshifting: Emby or Jellyfin?", "user": null, "vote": 0}, {"age": null, "album": "", "artist": null, "bookmarked": false, "comments": [], "date_published": "2024-08-10T18:07:15+00:00", "description": "<!-- SC_OFF --><div class=\"md\"><p>Looking for a password manager specialized to WiFi SSIDs and supporting multiple devices/users.</p> <p>Use case is for multiple own and friend devices, primarily Android and Windows, also MacOS and Linux. We wish to share and maintain a collective list of SSID credentials, and sync them easily between devices.</p> <p>The credentials should be stored securely in a web-based interface with auth (but will be additionally protected by a private VPN)</p> <p>I am hoping for a docker containerized instance of an app and database which I can create logins to, and the easier it is to upload and download SSIDs, the better! A native sync capability to the relevant devices would be wonderful!</p> <p>Does anything like this exist? Google results aren't great for this.</p> </div><!-- SC_ON --> &#32; submitted by &#32; <a href=\"https://www.reddit.com/user/OneChrononOfPlancks\"> /u/OneChrononOfPlancks </a> <br /> <span><a href=\"https://www.reddit.com/r/selfhosted/comm", "id": 1004666, "language": null, "link": "https://www.reddit.com/r/selfhosted/comments/1eozf69/something_to_store_many_ssid_credentials_that", "manual_status_code": 0, "page_rating": 27, "page_rating_contents": 85, "page_rating_visits": 0, "page_rating_votes": 0, "permanent": false, "source": "https://www.reddit.com/r/selfhosted/.rss", "source_obj__id": 450, "status_code": 0, "tags": [], "thumbnail": null, "title": "Something to store many SSID credentials that family/friends devices can sync to and from?", "user": null, "vote": 0}, {"age": null, "album": "", "artist": null, "bookmarked": false, "comments": [], "date_published": "2024-08-10T17:53:23+00:00", "description": "<!-- SC_OFF --><div class=\"md\"><p>I wanted to know what the goto for self hosting a library of pdf books? Bonus points if I can share it out to my players. But what do you guys use to organize books and host them?</p> </div><!-- SC_ON --> &#32; submitted by &#32; <a href=\"https://www.reddit.com/user/RiffyDivine2\"> /u/RiffyDivine2 </a> <br /> <span><a href=\"https://www.reddit.com/r/selfhosted/comments/1eoz3ip/what_are_people_using_for_rpg_collections/\">[link]</a></span> &#32; <span><a href=\"https://www.reddit.com/r/selfhosted/comments/1eoz3ip/what_are_people_using_for_rpg_collections/\">[comments]</a></span>", "id": 1004647, "language": null, "link": "https://www.reddit.com/r/selfhosted/comments/1eoz3ip/what_are_people_using_for_rpg_collections", "manual_status_code": 0, "page_rating": 27, "page_rating_contents": 85, "page_rating_visits": 0, "page_rating_votes": 0, "permanent": false, "source": "https://www.reddit.com/r/selfhosted/.rss", "source_obj__id": 450, "status_code": 0, "tags": [], "thumbnail": null, "title": "What are people using for RPG collections?", "user": null, "vote": 0}, {"age": null, "album": "", "artist": null, "bookmarked": false, "comments": [], "date_published": "2024-08-10T17:15:14+00:00", "description": "<!-- SC_OFF --><div class=\"md\"><p>Since I only find info about hoarder on self hosted, I\u2019m asking my question here: I love the app but I find that hoarder has a large variety of tagging names. This doesn\u2019t help to group similair items. For example, one recipe is tagged \u201cfood\u201d and the other as \u201crecipe\u201d, another as \u201ctomato\u201d. Is there a way to finetune this or control this?</p> </div><!-- SC_ON --> &#32; submitted by &#32; <a href=\"https://www.reddit.com/user/jeroenishere12\"> /u/jeroenishere12 </a> <br /> <span><a href=\"https://www.reddit.com/r/selfhosted/comments/1eoy800/hoarder_finetune/\">[link]</a></span> &#32; <span><a href=\"https://www.reddit.com/r/selfhosted/comments/1eoy800/hoarder_finetune/\">[comments]</a></span>", "id": 1004658, "language": null, "link": "https://www.reddit.com/r/selfhosted/comments/1eoy800/hoarder_finetune", "manual_status_code": 0, "page_rating": 27, "page_rating_contents": 85, "page_rating_visits": 0, "page_rating_votes": 0, "permanent": false, "source": "https://www.reddit.com/r/selfhosted/.rss", "source_obj__id": 450, "status_code": 0, "tags": [], "thumbnail": null, "title": "Hoarder finetune", "user": null, "vote": 0}, {"age": null, "album": "", "artist": null, "bookmarked": false, "comments": [], "date_published": "2024-08-10T16:53:37+00:00", "description": "<!-- SC_OFF --><div class=\"md\"><p>Currently my partner and I have separate Google Calendars for work and then a &quot;shared&quot; calendar that I have synced in Nextcloud. We're hoping to figure out how to sync up each others calendars in a simple way (doesn't have to be Nextcloud).</p> <p>I know there is a way to do it in Google calendar, but I'd prefer to self-host it. Is there a way to do this?</p> </div><!-- SC_ON --> &#32; submitted by &#32; <a href=\"https://www.reddit.com/user/AbleSugar\"> /u/AbleSugar </a> <br /> <span><a href=\"https://www.reddit.com/r/selfhosted/comments/1eoxpa7/shared_calendar_service/\">[link]</a></span> &#32; <span><a href=\"https://www.reddit.com/r/selfhosted/comments/1eoxpa7/shared_calendar_service/\">[comments]</a></span>", "id": 1004660, "language": null, "link": "https://www.reddit.com/r/selfhosted/comments/1eoxpa7/shared_calendar_service", "manual_status_code": 0, "page_rating": 27, "page_rating_contents": 85, "page_rating_visits": 0, "page_rating_votes": 0, "permanent": false, "source": "https://www.reddit.com/r/selfhosted/.rss", "source_obj__id": 450, "status_code": 0, "tags": [], "thumbnail": null, "title": "Shared calendar service?", "user": null, "vote": 0}, {"age": null, "album": "", "artist": null, "bookmarked": false, "comments": [], "date_published": "2024-08-10T16:43:33+00:00", "description": "<!-- SC_OFF --><div class=\"md\"><p>Hi everyone, I like to host apps on K3S cluster at home like jellyfin, pihole and nextcloud.</p> <p>Actually I have 1 node cluster deployed on a Raspberry PI 5 8gb with 1Tb NVMe (actually connected by usb3 adapter) but it start to feel to restrictive: - jellyfin work fine on 1080p, but with 4K it dies; - for backup I backup the data files but I didn't found any easy solution for full machine backup for restore everything in one click; - also 8gb of ram for the future could start to be small.</p> <p>My idea is transitioning to a 3 node proxmox cluster (starting from 1 node and buying the rest in the next 6-12months if everything go fine). In this way I could backup entire VM without any problem and I should have more power for jellyfin and any other applications.</p> <p>Say that what HW can I bought that I reliable and not to much expensive?</p> <p>About the mini pc like beelink and similar I'm scaried about all the post of pc die (it's even true that ", "id": 1004651, "language": null, "link": "https://www.reddit.com/r/selfhosted/comments/1eoxgtr/best_hw_for_k3s", "manual_status_code": 0, "page_rating": 27, "page_rating_contents": 85, "page_rating_visits": 0, "page_rating_votes": 0, "permanent": false, "source": "https://www.reddit.com/r/selfhosted/.rss", "source_obj__id": 450, "status_code": 0, "tags": [], "thumbnail": null, "title": "Best HW for K3S", "user": null, "vote": 0}, {"age": null, "album": "", "artist": null, "bookmarked": false, "comments": [], "date_published": "2024-08-10T15:37:08+00:00", "description": "<!-- SC_OFF --><div class=\"md\"><p>So I'm looking for something I hope is simple.</p> <p>I have a laptop I'll have to give back to my company soon. It has, on the hard disk, all my email since 2010. Since it's in <a href=\"http://mail.app\">mail.app</a>, I can't just copy it over and get on with my life. I'd like to setup my own IMAP server, and then copy the email from my laptop there to this new server. I'd then be able to wipe the laptop and send it back. I'd still be able to login to that imap server to search old emails, etc. Right now it's year by year, but also a sent mail that's not, so I'd need to figure out some way to merge them, but since it's only a few years, <a href=\"http://mail.app\">mail.app</a> can move large swaths of email from one folder to another...</p> <p>I'm thinking either a FreeBSD Jail or a Linux container. I'd put the OS on one ZFS dataset, and the archive on the second. I can then backup that to my normal ZFS backup server. I can add new folders year by year ", "id": 1004654, "language": null, "link": "https://www.reddit.com/r/selfhosted/comments/1eovx4n/selfhosted_email_archive_server", "manual_status_code": 0, "page_rating": 27, "page_rating_contents": 85, "page_rating_visits": 0, "page_rating_votes": 0, "permanent": false, "source": "https://www.reddit.com/r/selfhosted/.rss", "source_obj__id": 450, "status_code": 0, "tags": [], "thumbnail": null, "title": "Self-hosted Email Archive Server", "user": null, "vote": 0}, {"age": null, "album": "", "artist": null, "bookmarked": false, "comments": [], "date_published": "2024-08-10T14:10:07+00:00", "description": "<!-- SC_OFF --><div class=\"md\"><p>Hi everyone,</p> <p>Possibly a silly question, but I\u2019m new to the concept of self-hosting. Are there any cloud storage companies that post warrant canaries but also don\u2019t work with big tech like Google or Amazon? I\u2019m looking into Cloudfare which does post a warrant canary, but I\u2019m assuming if a parent host like Amazon/AWS gets subpoenaed it wouldn\u2019t warn Cloudfare itself, kind of circumventing the point. Is that right, and if so are there any companies that don\u2019t have that vulnerability?</p> </div><!-- SC_ON --> &#32; submitted by &#32; <a href=\"https://www.reddit.com/user/burnerburner4076\"> /u/burnerburner4076 </a> <br /> <span><a href=\"https://www.reddit.com/r/selfhosted/comments/1eoty3c/cloud_storage_with_most_cloud_act_protectionno/\">[link]</a></span> &#32; <span><a href=\"https://www.reddit.com/r/selfhosted/comments/1eoty3c/cloud_storage_with_most_cloud_act_protectionno/\">[comments]</a></span>", "id": 1004656, "language": null, "link": "https://www.reddit.com/r/selfhosted/comments/1eoty3c/cloud_storage_with_most_cloud_act_protectionno", "manual_status_code": 0, "page_rating": 27, "page_rating_contents": 85, "page_rating_visits": 0, "page_rating_votes": 0, "permanent": false, "source": "https://www.reddit.com/r/selfhosted/.rss", "source_obj__id": 450, "status_code": 0, "tags": [], "thumbnail": null, "title": "Cloud storage with most Cloud Act protection/no reliance on big tech", "user": null, "vote": 0}, {"age": null, "album": "", "artist": null, "bookmarked": false, "comments": [], "date_published": "2024-08-10T11:48:07+00:00", "description": "<!-- SC_OFF --><div class=\"md\"><p>Hi,</p> <p>My wife has a photography business, and wanted to use pictime to share the pictures with het client.</p> <p>Given that I recently (3 months ago) started my own self hosting journey, setting up jellyfin - jellyseer - radar - ... setup on a special made NAS I suggested that maybe we could self host on the NAS instead of paying large fees to these companies.</p> <p>Currently i setup nextcloud on the NAS and she currently uses it with her clients. It works fine, mostly, but the app and site does have bugs. For example: where it keeps saying you can't login even though you have the right credentials only for you to be logged in if you refresh your cache... it also doesn't really have a gallery option, to my knowledge.</p> <p>What tools do you use/know/recommend to host an image sharing and prefferably a gallery on your NAS?</p> </div><!-- SC_ON --> &#32; submitted by &#32; <a href=\"https://www.reddit.com/user/BelowAverageJoe_1\"> /u/BelowAverageJ", "id": 1004661, "language": null, "link": "https://www.reddit.com/r/selfhosted/comments/1eor47c/best_self_hosted_image_sharinggallery", "manual_status_code": 0, "page_rating": 27, "page_rating_contents": 85, "page_rating_visits": 0, "page_rating_votes": 0, "permanent": false, "source": "https://www.reddit.com/r/selfhosted/.rss", "source_obj__id": 450, "status_code": 0, "tags": [], "thumbnail": null, "title": "Best self hosted image sharing/gallery?", "user": null, "vote": 0}, {"age": null, "album": "", "artist": null, "bookmarked": false, "comments": [], "date_published": "2024-08-10T09:31:28+00:00", "description": "<!-- SC_OFF --><div class=\"md\"><p>I finished setting up jellyfin server this morning, I was thinking of streaming some lossless music, is jellyfins music streaming good enough to stream lossless music? Or should I look into other apps? Sorry, I\u2019m new to self hosting, please recommend free apps, I\u2019m still in school so I cant pay for paid apps</p> </div><!-- SC_ON --> &#32; submitted by &#32; <a href=\"https://www.reddit.com/user/Wooden_Bag_6735\"> /u/Wooden_Bag_6735 </a> <br /> <span><a href=\"https://www.reddit.com/r/selfhosted/comments/1eop058/is_jellyfin_music_streaming_good/\">[link]</a></span> &#32; <span><a href=\"https://www.reddit.com/r/selfhosted/comments/1eop058/is_jellyfin_music_streaming_good/\">[comments]</a></span>", "id": 1004648, "language": null, "link": "https://www.reddit.com/r/selfhosted/comments/1eop058/is_jellyfin_music_streaming_good", "manual_status_code": 0, "page_rating": 27, "page_rating_contents": 85, "page_rating_visits": 0, "page_rating_votes": 0, "permanent": false, "source": "https://www.reddit.com/r/selfhosted/.rss", "source_obj__id": 450, "status_code": 0, "tags": [], "thumbnail": null, "title": "Is jellyfin music streaming good?", "user": null, "vote": 0}, {"age": null, "album": "", "artist": null, "bookmarked": false, "comments": [], "date_published": "2024-08-10T09:09:06+00:00", "description": "<!-- SC_OFF --><div class=\"md\"><p>I recently discovered that my VPS at DigitalOcean (DO) cannot access OpenAI because DO's IP addresses are banned. Although I don't specifically use OpenAI, I use the VPS to test various projects I find interesting, so I want to avoid such issues. I like DO's dashboard and thought it had a good reputation, but this experience has made me reconsider. Could you recommend alternative VPS providers that are less likely to be banned by OpenAI and other services? Thank you.</p> </div><!-- SC_ON --> &#32; submitted by &#32; <a href=\"https://www.reddit.com/user/CJCCJJ\"> /u/CJCCJJ </a> <br /> <span><a href=\"https://www.reddit.com/r/selfhosted/comments/1eoootu/digitalocean_ip_address_banned_by_openai_looking/\">[link]</a></span> &#32; <span><a href=\"https://www.reddit.com/r/selfhosted/comments/1eoootu/digitalocean_ip_address_banned_by_openai_looking/\">[comments]</a></span>", "id": 1004663, "language": null, "link": "https://www.reddit.com/r/selfhosted/comments/1eoootu/digitalocean_ip_address_banned_by_openai_looking", "manual_status_code": 0, "page_rating": 27, "page_rating_contents": 85, "page_rating_visits": 0, "page_rating_votes": 0, "permanent": false, "source": "https://www.reddit.com/r/selfhosted/.rss", "source_obj__id": 450, "status_code": 0, "tags": [], "thumbnail": null, "title": "DigitalOcean ip address banned by OpenAI, looking for alternatives.", "user": null, "vote": 0}, {"age": null, "album": "", "artist": null, "bookmarked": false, "comments": [], "date_published": "2024-08-10T03:48:28+00:00", "description": "<!-- SC_OFF --><div class=\"md\"><p>I've been using syncthing but find it too slow for tbs of files... I have a main Unraid server which has all my docker files and media and backups my desktop then two servers that back it up. What can I use for this system other than syncthing for local backups?</p> </div><!-- SC_ON --> &#32; submitted by &#32; <a href=\"https://www.reddit.com/user/sexpusa\"> /u/sexpusa </a> <br /> <span><a href=\"https://www.reddit.com/r/selfhosted/comments/1eojlrx/whats_the_best_way_to_send_incremental_backups_to/\">[link]</a></span> &#32; <span><a href=\"https://www.reddit.com/r/selfhosted/comments/1eojlrx/whats_the_best_way_to_send_incremental_backups_to/\">[comments]</a></span>", "id": 1004662, "language": null, "link": "https://www.reddit.com/r/selfhosted/comments/1eojlrx/whats_the_best_way_to_send_incremental_backups_to", "manual_status_code": 0, "page_rating": 27, "page_rating_contents": 85, "page_rating_visits": 0, "page_rating_votes": 0, "permanent": false, "source": "https://www.reddit.com/r/selfhosted/.rss", "source_obj__id": 450, "status_code": 0, "tags": [], "thumbnail": null, "title": "Whats the best way to send incremental backups to two other servers?", "user": null, "vote": 0}, {"age": null, "album": "", "artist": null, "bookmarked": false, "comments": [], "date_published": "2024-08-10T02:12:56+00:00", "description": "<!-- SC_OFF --><div class=\"md\"><p>Looking for a self hosted authentication service preferrably with a UI - which are the best ones? </p> </div><!-- SC_ON --> &#32; submitted by &#32; <a href=\"https://www.reddit.com/user/MetaphysicalMacaw\"> /u/MetaphysicalMacaw </a> <br /> <span><a href=\"https://www.reddit.com/r/selfhosted/comments/1eohsds/best_self_hosted_authentication_solution/\">[link]</a></span> &#32; <span><a href=\"https://www.reddit.com/r/selfhosted/comments/1eohsds/best_self_hosted_authentication_solution/\">[comments]</a></span>", "id": 1004652, "language": null, "link": "https://www.reddit.com/r/selfhosted/comments/1eohsds/best_self_hosted_authentication_solution", "manual_status_code": 0, "page_rating": 27, "page_rating_contents": 85, "page_rating_visits": 0, "page_rating_votes": 0, "permanent": false, "source": "https://www.reddit.com/r/selfhosted/.rss", "source_obj__id": 450, "status_code": 0, "tags": [], "thumbnail": null, "title": "Best self hosted authentication solution?", "user": null, "vote": 0}]