[{"age": null, "album": "", "artist": null, "bookmarked": false, "comments": [], "date_published": "2024-08-10T16:00:16+00:00", "description": "I recently went to Gen Con, the largest tabletop gaming convention in North America!  While there, I saw a lot of Middle-earth games - saw some new ones and caught up on new happenings with classic ones!\n\nThe One Ring RPG Moria Expansion: https://amzn.to/3YDHmTq\n\nLOTR Duel for Middle-earth at BoardGameGeek: https://boardgamegeek.com/boardgame/421006/the-lord-of-the-rings-duel-for-middle-earth\n\nLOTR Confrontation: https://gamefound.com/en/projects/ghost-galaxy-games/lord-of-the-rings-the-confrontation-ultimate-edition\n\nMESBG Rise of Angmar News: https://www.warhammer-community.com/2024/08/08/middle-earth-strategy-battle-game-the-rise-of-angmar/\n\nMESBG New Edition & War of the Rohirrim: https://www.warhammer-community.com/2024/08/08/new-edition-of-middle-earth-strategy-battle-game-coming-soon/\n\nStar Wars Unlimited: https://starwarsunlimited.com/\n\nCosmere RPG: https://www.kickstarter.com/projects/brotherwise/the-stormlight-archive-rpg?ref=section-homepage-view-more-discovery-p1\n\nA huge t", "id": 1003457, "language": null, "link": "https://www.youtube.com/watch?v=Kz50Hhqho3k", "manual_status_code": 0, "page_rating": 27, "page_rating_contents": 86, "page_rating_visits": 0, "page_rating_votes": 0, "permanent": false, "source": "https://www.youtube.com/feeds/videos.xml?channel_id=UCW0gH2G-cMKAEjEkI4YhnPA", "source_obj__id": 234, "status_code": 0, "tags": [], "thumbnail": "https://i4.ytimg.com/vi/Kz50Hhqho3k/hqdefault.jpg", "title": "Middle-earth games (& more!) at Gen Con 2024!", "user": null, "vote": 0}]