[{"age": null, "album": "", "artist": null, "bookmarked": false, "comments": [], "date_published": "2024-08-10T19:17:22+00:00", "description": "Departament Sprawiedliwo\u015bci USA pr\u00f3buje skonfiskowa\u0107 200 mln dol. skradzionych przez by\u0142ego premiera Ukrainy, Paw\u0142o \u0141azarenk\u0119, i ukrytych w rajach podatkowych. \u015arodki te mia\u0142yby zosta\u0107 przekazane Ukrainie, jak informuje portal Voice of America.", "id": 1002868, "language": null, "link": "https://businessinsider.com.pl/wiadomosci/usa-chca-skonfiskowac-pieniadze-lazarenki-i-przekazac-je-ukrainie/4vs718j", "manual_status_code": 0, "page_rating": 27, "page_rating_contents": 85, "page_rating_visits": 0, "page_rating_votes": 0, "permanent": false, "source": "https://businessinsider.com.pl/.feed", "source_obj__id": 46, "status_code": 0, "tags": [], "thumbnail": null, "title": "USA chc\u0105 skonfiskowa\u0107 pieni\u0105dze \u0141azarenki i przekaza\u0107 je Ukrainie", "user": null, "vote": 0}, {"age": null, "album": "", "artist": null, "bookmarked": false, "comments": [], "date_published": "2024-08-10T18:30:00+00:00", "description": "Posiadanie s\u0142upa energetycznego na dzia\u0142ce wi\u0105\u017ce si\u0119 z kilkoma istotnymi kwestiami prawnymi i technicznymi, kt\u00f3re mog\u0105 znacz\u0105co wp\u0142ywa\u0107 na spos\u00f3b jej zagospodarowania oraz codzienne u\u017cytkowanie.", "id": 1002869, "language": null, "link": "https://businessinsider.com.pl/nieruchomosci/slup-energetyczny-na-dzialce-co-musisz-wiedziec-przed-zakupem/j4929m9", "manual_status_code": 0, "page_rating": 27, "page_rating_contents": 85, "page_rating_visits": 0, "page_rating_votes": 0, "permanent": false, "source": "https://businessinsider.com.pl/.feed", "source_obj__id": 46, "status_code": 0, "tags": [], "thumbnail": null, "title": "S\u0142up energetyczny na dzia\u0142ce. Co musisz wiedzie\u0107 przed zakupem", "user": null, "vote": 0}, {"age": null, "album": "", "artist": null, "bookmarked": false, "comments": [], "date_published": "2024-08-10T18:08:29+00:00", "description": "Teren dawnego obozu koncentracyjnego Langenstein-Zwieberge, gdzie \u017cycie straci\u0142o ponad 4,3 tys. os\u00f3b, zosta\u0142 sprzedany. Transakcja wywo\u0142a\u0142a konsternacj\u0119 w Niemczech. Nabywc\u0105 jest inwestor specjalizuj\u0105cy si\u0119 w \"problematycznych nieruchomo\u015bciach\",", "id": 1002870, "language": null, "link": "https://businessinsider.com.pl/wiadomosci/w-niemczech-wrze-teren-bylego-obozu-sprzedany-inwestorowi-od-problematycznych/ndn33h5", "manual_status_code": 0, "page_rating": 27, "page_rating_contents": 85, "page_rating_visits": 0, "page_rating_votes": 0, "permanent": false, "source": "https://businessinsider.com.pl/.feed", "source_obj__id": 46, "status_code": 0, "tags": [], "thumbnail": null, "title": "W Niemczech wrze. Teren by\u0142ego obozu sprzedany inwestorowi z bran\u017cy nieruchomo\u015bci", "user": null, "vote": 0}, {"age": null, "album": "", "artist": null, "bookmarked": false, "comments": [], "date_published": "2024-08-10T18:00:00+00:00", "description": "Domy szeregowe w Warszawie stanowi\u0105 ciekaw\u0105 form\u0119 zabudowy, szczeg\u00f3lnie w rozwijaj\u0105cych si\u0119 dzielnicach, kt\u00f3re \u0142\u0105cz\u0105 dost\u0119pno\u015b\u0107 infrastruktury z blisko\u015bci\u0105 natury. Typowa zabudowa szeregowa w stolicy sk\u0142ada si\u0119 z kilku po\u0142\u0105czonych ze sob\u0105 segment\u00f3w, z kt\u00f3rych ka\u017cdy ma oddzielne wej\u015bcie, niewielki ogr\u00f3dek, a cz\u0119sto te\u017c gara\u017c.", "id": 1002871, "language": null, "link": "https://businessinsider.com.pl/nieruchomosci/domy-szeregowe-w-warszawie-czy-to-dobre-miejsce-do-zamieszkania/mfb5cl4", "manual_status_code": 0, "page_rating": 27, "page_rating_contents": 85, "page_rating_visits": 0, "page_rating_votes": 0, "permanent": false, "source": "https://businessinsider.com.pl/.feed", "source_obj__id": 46, "status_code": 0, "tags": [], "thumbnail": null, "title": "Domy szeregowe w Warszawie. Czy to dobre miejsce do zamieszkania?", "user": null, "vote": 0}, {"age": null, "album": "", "artist": null, "bookmarked": false, "comments": [], "date_published": "2024-08-10T17:30:00+00:00", "description": "Wyb\u00f3r niew\u0142a\u015bciwej lokalizacji przy zakupie mieszkania w Hiszpanii mo\u017ce by\u0107 jednym z najbardziej kosztownych b\u0142\u0119d\u00f3w, kt\u00f3re inwestor mo\u017ce pope\u0142ni\u0107. Jest ich wi\u0119cej.", "id": 1002872, "language": null, "link": "https://businessinsider.com.pl/nieruchomosci/mieszkania-w-hiszpanii-na-sprzedaz-siedem-bledow-jakich-lepiej-nie-popelnic/fzcy46c", "manual_status_code": 0, "page_rating": 27, "page_rating_contents": 85, "page_rating_visits": 0, "page_rating_votes": 0, "permanent": false, "source": "https://businessinsider.com.pl/.feed", "source_obj__id": 46, "status_code": 0, "tags": [], "thumbnail": null, "title": "Mieszkania w Hiszpanii na sprzeda\u017c. Siedem b\u0142\u0119d\u00f3w, jakich lepiej nie pope\u0142ni\u0107", "user": null, "vote": 0}, {"age": null, "album": "", "artist": null, "bookmarked": false, "comments": [], "date_published": "2024-08-10T16:30:00+00:00", "description": "Inwestowanie w mieszkanie nad morzem w Chorwacji jest atrakcyjne z wielu powod\u00f3w, zaczynaj\u0105c od rosn\u0105cej popularno\u015bci tego kraju jako miejsca przyci\u0105gaj\u0105cego turyst\u00f3w. To oczywi\u015bcie nie wszystkie zalety.", "id": 1002873, "language": null, "link": "https://businessinsider.com.pl/nieruchomosci/mieszkanie-w-chorwacji-jak-sprawnie-wybrac-lokalizacje-nad-morzem/5yqlfej", "manual_status_code": 0, "page_rating": 27, "page_rating_contents": 85, "page_rating_visits": 0, "page_rating_votes": 0, "permanent": false, "source": "https://businessinsider.com.pl/.feed", "source_obj__id": 46, "status_code": 0, "tags": [], "thumbnail": null, "title": "Mieszkanie w Chorwacji. Jak sprawnie wybra\u0107 lokalizacj\u0119 nad morzem", "user": null, "vote": 0}, {"age": null, "album": "", "artist": null, "bookmarked": false, "comments": [], "date_published": "2024-08-10T16:25:34+00:00", "description": "Zwyci\u0119zcy na igrzyskach olimpijskich w Pary\u017cu otrzymali medale na tacach Louis Vuitton. Na podium dostali te\u017c telefon Samsung, kt\u00f3rym mogli zrobi\u0107 zwyci\u0119skie selfie, zwiastuj\u0105ce now\u0105 er\u0119 lokowania produktu podczas imprez sportowych.", "id": 1002874, "language": null, "link": "https://businessinsider.com.pl/media/marketing/selfie-na-podium-w-paryzu-nie-bylo-przypadkowe-nowa-era-lokowania-produktu/584hebf", "manual_status_code": 0, "page_rating": 27, "page_rating_contents": 85, "page_rating_visits": 0, "page_rating_votes": 0, "permanent": false, "source": "https://businessinsider.com.pl/.feed", "source_obj__id": 46, "status_code": 0, "tags": [], "thumbnail": null, "title": "Selfie na podium w Pary\u017cu nie by\u0142o przypadkowe. Nowa era lokowania produktu", "user": null, "vote": 0}, {"age": null, "album": "", "artist": null, "bookmarked": false, "comments": [], "date_published": "2024-08-10T15:34:19+00:00", "description": "W\u0142adze Pary\u017ca obiecuj\u0105, \u017ce wysi\u0142ki na rzecz oczyszczenia Sekwany warte 1,4 mld euro sprawi\u0105, \u017ce s\u0142ynna rzeka wreszcie stanie si\u0119 miejscem do p\u0142ywania latem. Niekt\u00f3rzy eksperci s\u0105 jednak sceptyczni, a igrzyska olimpijskie pokaza\u0142y, \u017ce nadal jest wiele przeszk\u00f3d. W\u0142adze obiecuj\u0105, \u017ce ju\u017c w 2025 r. mieszka\u0144cy miasta b\u0119d\u0105 mogli p\u0142ywa\u0107 w Sekwanie.", "id": 1002875, "language": null, "link": "https://businessinsider.com.pl/wiadomosci/francuzi-wskocza-do-sekwany-eksperci-pelni-obaw/tnenw51", "manual_status_code": 0, "page_rating": 27, "page_rating_contents": 85, "page_rating_visits": 0, "page_rating_votes": 0, "permanent": false, "source": "https://businessinsider.com.pl/.feed", "source_obj__id": 46, "status_code": 0, "tags": [], "thumbnail": null, "title": "Francuzi wskocz\u0105 do Sekwany? Eksperci pe\u0142ni obaw", "user": null, "vote": 0}, {"age": null, "album": "", "artist": null, "bookmarked": false, "comments": [], "date_published": "2024-08-10T15:30:00+00:00", "description": "W ostatnich latach ceny nieruchomo\u015bci we W\u0142oszech utrzymywa\u0142y si\u0119 na relatywnie stabilnym poziomie, cho\u0107 w niekt\u00f3rych regionach, szczeg\u00f3lnie turystycznych, takich jak Toskania, Liguria czy Sycylia, mo\u017cna zaobserwowa\u0107 wzrosty.", "id": 1002876, "language": null, "link": "https://businessinsider.com.pl/nieruchomosci/wlochy-i-domy-na-sprzedaz-czy-to-sie-faktycznie-oplaca/kly684h", "manual_status_code": 0, "page_rating": 27, "page_rating_contents": 85, "page_rating_visits": 0, "page_rating_votes": 0, "permanent": false, "source": "https://businessinsider.com.pl/.feed", "source_obj__id": 46, "status_code": 0, "tags": [], "thumbnail": null, "title": "W\u0142ochy i domy na sprzeda\u017c. Czy to si\u0119 faktycznie op\u0142aca?", "user": null, "vote": 0}, {"age": null, "album": "", "artist": null, "bookmarked": false, "comments": [], "date_published": "2024-08-10T14:33:20+00:00", "description": "Dileep Meghwar i jego rodzina musieli produkowa\u0107 1500 cegie\u0142 dziennie, pracuj\u0105c jako niewolnicy w cegielni. Zostali w niej dos\u0142ownie uwi\u0119zieni przez zaci\u0105gni\u0119ty i niesp\u0142acony ogromny d\u0142ug. D\u0142ug, kt\u00f3ry narasta\u0142, bo nikt nie m\u00f3wi pracownikom, jakie odsetki s\u0105 im codziennie naliczane. Dzi\u0119ki dzia\u0142aniom pakista\u0144skiej organizacji pozarz\u0105dowej rodzinie uda\u0142o si\u0119 sp\u0142aci\u0107 d\u0142ug i znale\u017a\u0107 nowy dom.", "id": 1002877, "language": null, "link": "https://businessinsider.com.pl/wideo/dostawali-6-zl-dziennie-za-wykonanie-1500-cegiel-jest-final-sprawy/hn5jqhe", "manual_status_code": 0, "page_rating": 27, "page_rating_contents": 85, "page_rating_visits": 0, "page_rating_votes": 0, "permanent": false, "source": "https://businessinsider.com.pl/.feed", "source_obj__id": 46, "status_code": 0, "tags": [], "thumbnail": null, "title": "Dostawali 6 z\u0142 dziennie za wykonanie 1500 cegie\u0142. Jest fina\u0142 sprawy", "user": null, "vote": 0}, {"age": null, "album": "", "artist": null, "bookmarked": false, "comments": [], "date_published": "2024-08-10T14:30:00+00:00", "description": "Bu\u0142garia po przyst\u0105pieniu do Unii Europejskiej zyska\u0142a na stabilno\u015bci politycznej i gospodarczej, co dodatkowo wzmacnia jego pozycj\u0119 jako bezpiecznego miejsca do inwestowania. Oferuje konkurencyjne ceny nieruchomo\u015bci w por\u00f3wnaniu z innymi krajami europejskimi, co czyni j\u0105 szczeg\u00f3lnie atrakcyjn\u0105 dla os\u00f3b poszukuj\u0105cych wysokich st\u00f3p zwrotu z inwestycji przy relatywnie niskim nak\u0142adzie kapita\u0142u.", "id": 1002878, "language": null, "link": "https://businessinsider.com.pl/nieruchomosci/mieszkania-w-bulgarii-jakie-regiony-oferuja-najlepsze-inwestycje/k7dnnj0", "manual_status_code": 0, "page_rating": 27, "page_rating_contents": 85, "page_rating_visits": 0, "page_rating_votes": 0, "permanent": false, "source": "https://businessinsider.com.pl/.feed", "source_obj__id": 46, "status_code": 0, "tags": [], "thumbnail": null, "title": "Mieszkania w Bu\u0142garii. Jakie regiony oferuj\u0105 najlepsze inwestycje?", "user": null, "vote": 0}, {"age": null, "album": "", "artist": null, "bookmarked": false, "comments": [], "date_published": "2024-08-10T14:29:16+00:00", "description": "Kilkana\u015bcie lat temu wyrzuci\u0142a Xboxa syna przez okno. Dzi\u015b jej syn, dzi\u0119ki grom wideo, jest krajowym mistrzem e-sportu i walczy o stypendium na studia.", "id": 1002879, "language": null, "link": "https://businessinsider.com.pl/wiadomosci/jak-gry-wideo-zmienily-zycie-mojego-syna/0flvnbx", "manual_status_code": 0, "page_rating": 27, "page_rating_contents": 85, "page_rating_visits": 0, "page_rating_votes": 0, "permanent": false, "source": "https://businessinsider.com.pl/.feed", "source_obj__id": 46, "status_code": 0, "tags": [], "thumbnail": null, "title": "E-sport zmienia \u017cycie. Syn nauczycielki wygrywa stypendium", "user": null, "vote": 0}, {"age": null, "album": "", "artist": null, "bookmarked": false, "comments": [], "date_published": "2024-08-10T14:12:46+00:00", "description": "Rodzic np. podczas wakacji mo\u017ce zatrudni\u0107 w prowadzonej jednoosobowej dzia\u0142alno\u015bci gospodarczej swoje dziecko tak jak ka\u017cdego innego pracownika. Mo\u017ce mu zaoferowa\u0107 umow\u0119 zlecenia lub umow\u0119 o prac\u0119. Piotr Juszczyk, g\u0142\u00f3wny doradca podatkowy inFakt, wylicza jednak, \u017ce najkorzystniejsze zar\u00f3wno dla dziecka, jak i rodzica, mo\u017ce si\u0119 okaza\u0107 zlecenie.", "id": 1002880, "language": null, "link": "https://businessinsider.com.pl/prawo/firma/jak-zatrudnic-dziecko-w-firmie-i-zaoszczedzic-na-zus/e6hcpjp", "manual_status_code": 0, "page_rating": 27, "page_rating_contents": 85, "page_rating_visits": 0, "page_rating_votes": 0, "permanent": false, "source": "https://businessinsider.com.pl/.feed", "source_obj__id": 46, "status_code": 0, "tags": [], "thumbnail": null, "title": "Je\u015bli dziecko pomaga w rodzinnym biznesie, warto da\u0107 mu umow\u0119. To si\u0119 op\u0142aca", "user": null, "vote": 0}, {"age": null, "album": "", "artist": null, "bookmarked": false, "comments": [], "date_published": "2024-08-10T13:30:00+00:00", "description": "Okre\u015blenie potrzeb i priorytet\u00f3w to niezb\u0119dny krok w poszukiwaniu idealnego mieszkania do wynaj\u0119cia w Warszawie, poniewa\u017c pozwala na zaw\u0119\u017cenie liczby ofert do tych, kt\u00f3re najlepiej odpowiadaj\u0105 indywidualnym wymaganiom.", "id": 1002881, "language": null, "link": "https://businessinsider.com.pl/nieruchomosci/mieszkania-do-wynajecia-w-stolicy-jak-znalezc-idealne-miejsce/j0dmtw7", "manual_status_code": 0, "page_rating": 27, "page_rating_contents": 85, "page_rating_visits": 0, "page_rating_votes": 0, "permanent": false, "source": "https://businessinsider.com.pl/.feed", "source_obj__id": 46, "status_code": 0, "tags": [], "thumbnail": null, "title": "Mieszkania do wynaj\u0119cia w stolicy. Jak znale\u017a\u0107 idealne miejsce", "user": null, "vote": 0}, {"age": null, "album": "", "artist": null, "bookmarked": false, "comments": [], "date_published": "2024-08-10T13:09:39+00:00", "description": "5 mln klock\u00f3w Lego wpad\u0142o do morza 13 lutego 1997 r., gdy sztormowa fala zmiot\u0142a z pok\u0142adu statku towarowego 62 kontenery. W tym tygodniu rybak z Anglii dokona\u0142 zaskakuj\u0105cego odkrycia.", "id": 1002882, "language": null, "link": "https://businessinsider.com.pl/wiadomosci/5-mln-klockow-lego-wpadlo-do-morza-zaskakujace-odkrycie-po-27-latach/8524gk3", "manual_status_code": 0, "page_rating": 27, "page_rating_contents": 85, "page_rating_visits": 0, "page_rating_votes": 0, "permanent": false, "source": "https://businessinsider.com.pl/.feed", "source_obj__id": 46, "status_code": 0, "tags": [], "thumbnail": null, "title": "5 mln klock\u00f3w Lego wpad\u0142o do morza. Zaskakuj\u0105ce odkrycie po 27 latach", "user": null, "vote": 0}, {"age": null, "album": "", "artist": null, "bookmarked": false, "comments": [], "date_published": "2024-08-10T12:44:06+00:00", "description": "Historia tej firmy pokazuje, jak wiele mo\u017ce si\u0119 zdarzy\u0107 przez dziesi\u0119ciolecia i jak du\u017cy sukces \"z dnia na dzie\u0144\" da si\u0119 wypracowa\u0107, je\u015bli umiemy wykorzysta\u0107 szans\u0119 rynkow\u0105, gdy ta si\u0119 pojawi, bo jeste\u015bmy do niej doskonale przygotowani. Poznajcie Lumen Technologies.", "id": 1002883, "language": null, "link": "https://businessinsider.com.pl/biznes/ten-prezent-slubny-jest-dzis-wart-miliardy-dolarow-ai-pozwolila-zarobic/767q1r9", "manual_status_code": 0, "page_rating": 27, "page_rating_contents": 85, "page_rating_visits": 0, "page_rating_votes": 0, "permanent": false, "source": "https://businessinsider.com.pl/.feed", "source_obj__id": 46, "status_code": 0, "tags": [], "thumbnail": null, "title": "Ten prezent \u015blubny jest dzi\u015b wart miliardy dolar\u00f3w. Historia Lumen Technologies", "user": null, "vote": 0}, {"age": null, "album": "", "artist": null, "bookmarked": false, "comments": [], "date_published": "2024-08-10T12:30:00+00:00", "description": "Inwestowanie w nieruchomo\u015bci w Albanii, kraju, kt\u00f3ry w ostatnich latach przyci\u0105ga coraz wi\u0119ksz\u0105 uwag\u0119 mi\u0119dzynarodowych inwestor\u00f3w, mo\u017ce by\u0107 atrakcyjne. Albania, jako jedno z najszybciej rozwijaj\u0105cych si\u0119 pa\u0144stw na Ba\u0142kanach, przechodzi intensywn\u0105 modernizacj\u0119 infrastruktury, co znacz\u0105co podnosi jako\u015b\u0107 \u017cycia oraz warto\u015b\u0107 nieruchomo\u015bci.", "id": 1002884, "language": null, "link": "https://businessinsider.com.pl/nieruchomosci/mieszkania-w-albanii-przewodnik-dla-kupujacych/nnebrlt", "manual_status_code": 0, "page_rating": 27, "page_rating_contents": 85, "page_rating_visits": 0, "page_rating_votes": 0, "permanent": false, "source": "https://businessinsider.com.pl/.feed", "source_obj__id": 46, "status_code": 0, "tags": [], "thumbnail": null, "title": "Mieszkania w Albanii. Przewodnik dla kupuj\u0105cych", "user": null, "vote": 0}, {"age": null, "album": "", "artist": null, "bookmarked": false, "comments": [], "date_published": "2024-08-10T12:25:44+00:00", "description": "Polscy siatkarze wykazali si\u0119 podczas igrzysk w Pary\u017cu heroiczn\u0105 walk\u0105, w finale to jednak Francja okaza\u0142a si\u0119 lepsza. Na naszych graczy opr\u00f3cz srebrnych medali czekaj\u0105 tak\u017ce inne nagrody.", "id": 1002885, "language": null, "link": "https://businessinsider.com.pl/wiadomosci/siatkarze-ze-srebrnymi-medalami-dostana-tez-dodatkowe-nagrody/n2pxqx5", "manual_status_code": 0, "page_rating": 27, "page_rating_contents": 85, "page_rating_visits": 0, "page_rating_votes": 0, "permanent": false, "source": "https://businessinsider.com.pl/.feed", "source_obj__id": 46, "status_code": 0, "tags": [], "thumbnail": null, "title": "Siatkarze ze srebrnymi medalami. Dostan\u0105 te\u017c dodatkowe nagrody", "user": null, "vote": 0}, {"age": null, "album": "", "artist": null, "bookmarked": false, "comments": [], "date_published": "2024-08-10T11:30:00+00:00", "description": "Kalisz, jedno z najstarszych miast w Polsce, nosi w sobie bogactwo historii, kt\u00f3re kszta\u0142tuje jego unikalny charakter i przyci\u0105ga zar\u00f3wno mieszka\u0144c\u00f3w, jak i turyst\u00f3w. Jego korzenie si\u0119gaj\u0105 czas\u00f3w rzymskich, kiedy to by\u0142 wa\u017cnym punktem na szlaku bursztynowym, co wci\u0105\u017c znajduje odzwierciedlenie w jego architekturze i uk\u0142adzie urbanistycznym.", "id": 1002886, "language": null, "link": "https://businessinsider.com.pl/nieruchomosci/domy-na-sprzedaz-kalisz-jako-to-atrakcyjne-miejsce-do-zamieszkania/095vj4w", "manual_status_code": 0, "page_rating": 27, "page_rating_contents": 85, "page_rating_visits": 0, "page_rating_votes": 0, "permanent": false, "source": "https://businessinsider.com.pl/.feed", "source_obj__id": 46, "status_code": 0, "tags": [], "thumbnail": null, "title": "Domy na sprzeda\u017c. Kalisz jako to atrakcyjne miejsce do zamieszkania", "user": null, "vote": 0}, {"age": null, "album": "", "artist": null, "bookmarked": false, "comments": [], "date_published": "2024-08-10T11:16:37+00:00", "description": "Krzysztof Kukucki, prezydent W\u0142oc\u0142awka, opublikowa\u0142 w poniedzia\u0142ek 5 sierpnia na Facebooku list do premiera Donalda Tuska, w kt\u00f3rym apeluje o zmian\u0119 obecnego podzia\u0142u administracyjnego Polski. Kukucki proponuje zwi\u0119kszenie liczby wojew\u00f3dztw z 16 do 22.", "id": 1002887, "language": null, "link": "https://businessinsider.com.pl/wiadomosci/apel-do-donalda-tuska-o-nowe-wojewodztwa-prezydent-miasta-chce-zmienic-mape-polski/qw23hv3", "manual_status_code": 0, "page_rating": 27, "page_rating_contents": 85, "page_rating_visits": 0, "page_rating_votes": 0, "permanent": false, "source": "https://businessinsider.com.pl/.feed", "source_obj__id": 46, "status_code": 0, "tags": [], "thumbnail": null, "title": "Apel do Donalda Tuska o nowe wojew\u00f3dztwa. Prezydent miasta chce zmieni\u0107 map\u0119 Polski", "user": null, "vote": 0}]