[{"age": null, "album": "", "artist": null, "bookmarked": false, "comments": [], "date_published": "2024-08-10T17:00:24+00:00", "description": "", "id": 1002713, "language": null, "link": "https://www.youtube.com/watch?v=eOmnmma25gE", "manual_status_code": 0, "page_rating": 26, "page_rating_contents": 82, "page_rating_visits": 0, "page_rating_votes": 0, "permanent": false, "source": "https://www.youtube.com/feeds/videos.xml?channel_id=UCO01ytfzgXYy4glnPJm4PPQ", "source_obj__id": 212, "status_code": 0, "tags": [], "thumbnail": "https://i2.ytimg.com/vi/eOmnmma25gE/hqdefault.jpg", "title": "Why the Army's feminized approach isn't helping", "user": null, "vote": 0}, {"age": null, "album": "", "artist": null, "bookmarked": false, "comments": [], "date_published": "2024-08-10T15:00:21+00:00", "description": "PDS Debt - PDS Debt is offering a free debt analysis. It only takes thirty seconds. Get yours at https://PDSDebt.com/Walsh \n\nAnti-white racism is real and it's a growing problem. That is why my new movie 'Am I Racist?' is so important. Pre-sale tickets go on sale August 15th. Visit www.amiracist.com for more details.\n\nBecome a DailyWire+ member and watch the full show: https://bit.ly/4bEQDy6\n\nLIKE & SUBSCRIBE for new videos every day. https://www.youtube.com/c/MattWalsh?sub_confirmation=1\n\nStop giving your money to woke corporations that hate you. Get your Jeremy\u2019s Razors today at https://bit.ly/3lSGpWa\n\nWatch my hit documentary, \u201cWhat Is A Woman?\u201d here: https://utm.io/ueSdV\n\nRepresent the Sweet Baby Gang by shopping my merch: https://tinyurl.com/y5dscrmm\n\n#MattWalsh #TheMattWalshShow #News #Politics #DailyWire #WhatIsAWoman", "id": 1002714, "language": null, "link": "https://www.youtube.com/watch?v=PEO5YdSj_xU", "manual_status_code": 0, "page_rating": 27, "page_rating_contents": 86, "page_rating_visits": 0, "page_rating_votes": 0, "permanent": false, "source": "https://www.youtube.com/feeds/videos.xml?channel_id=UCO01ytfzgXYy4glnPJm4PPQ", "source_obj__id": 212, "status_code": 0, "tags": [], "thumbnail": "https://i1.ytimg.com/vi/PEO5YdSj_xU/hqdefault.jpg", "title": "Here Are Examples Of Real Anti-White Racism", "user": null, "vote": 0}, {"age": null, "album": "", "artist": null, "bookmarked": false, "comments": [], "date_published": "2024-08-10T05:00:12+00:00", "description": "", "id": 1002715, "language": null, "link": "https://www.youtube.com/watch?v=BnF_G8_0bLY", "manual_status_code": 0, "page_rating": 26, "page_rating_contents": 82, "page_rating_visits": 0, "page_rating_votes": 0, "permanent": false, "source": "https://www.youtube.com/feeds/videos.xml?channel_id=UCO01ytfzgXYy4glnPJm4PPQ", "source_obj__id": 212, "status_code": 0, "tags": [], "thumbnail": "https://i3.ytimg.com/vi/BnF_G8_0bLY/hqdefault.jpg", "title": "Humans were meant to have kids", "user": null, "vote": 0}, {"age": null, "album": "", "artist": null, "bookmarked": false, "comments": [], "date_published": "2024-08-10T01:00:14+00:00", "description": "Tickets for my new film \u201cAm I Racist?\u201d will be available for presale on August 15th.", "id": 1002716, "language": null, "link": "https://www.youtube.com/watch?v=WcXDl3vyQOc", "manual_status_code": 0, "page_rating": 27, "page_rating_contents": 86, "page_rating_visits": 0, "page_rating_votes": 0, "permanent": false, "source": "https://www.youtube.com/feeds/videos.xml?channel_id=UCO01ytfzgXYy4glnPJm4PPQ", "source_obj__id": 212, "status_code": 0, "tags": [], "thumbnail": "https://i4.ytimg.com/vi/WcXDl3vyQOc/hqdefault.jpg", "title": "This journey goes places you won\u2019t except.", "user": null, "vote": 0}, {"age": null, "album": "", "artist": null, "bookmarked": false, "comments": [], "date_published": "2024-08-10T00:00:23+00:00", "description": "Unmarried women are more liberal than they've ever been as the political gender divide grows deeper. Why is this happening? And what can we do about it?\n\nBecome a DailyWire+ member and watch the full show: https://bit.ly/4bEQDy6\n\nLIKE & SUBSCRIBE for new videos every day. https://www.youtube.com/c/MattWalsh?sub_confirmation=1\n\nWatch the full episode here: Ep. 1419 - https://bit.ly/4dAiAYP\n\nStop giving your money to woke corporations that hate you. Get your Jeremy\u2019s Razors today at https://bit.ly/3lSGpWa\n\nWatch my hit documentary, \u201cWhat Is A Woman?\u201d here: https://utm.io/ueSdV\n\nRepresent the Sweet Baby Gang by shopping my merch: https://tinyurl.com/y5dscrmm\n\n#MattWalsh #TheMattWalshShow #News #Politics #DailyWire #WhatIsAWoman", "id": 1002717, "language": null, "link": "https://www.youtube.com/watch?v=nbhDDKcBsu4", "manual_status_code": 0, "page_rating": 27, "page_rating_contents": 86, "page_rating_visits": 0, "page_rating_votes": 0, "permanent": false, "source": "https://www.youtube.com/feeds/videos.xml?channel_id=UCO01ytfzgXYy4glnPJm4PPQ", "source_obj__id": 212, "status_code": 0, "tags": [], "thumbnail": "https://i3.ytimg.com/vi/nbhDDKcBsu4/hqdefault.jpg", "title": "The Radical Left Is Using Gen Z Women As Pawns. Here's What We Should Do", "user": null, "vote": 0}]