[{"age": null, "album": "", "artist": null, "bookmarked": false, "comments": [], "date_published": "2024-08-10T23:20:44+00:00", "description": "<p>\n\t<strong><img alt=\"\" src=\"https://avatars.sched.co/c/0a/19129799/avatar.jpg?d7c\" style=\"width: 250px; height: 250px; float: right;\" />Registration is now open for CppCon 2024!</strong> The conference starts on September 15 and will be held&nbsp;<a href=\"https://cppcon.org\">in person in Aurora, CO</a>.&nbsp;To whet your appetite for this year&rsquo;s conference, we&rsquo;re posting some upcoming talks that you will be able to attend this year. Here&rsquo;s another CppCon future talk we hope you will enjoy &ndash; and&nbsp;<strong><a href=\"https://cppcon.org/registration/\">register today</a> for CppCon 2024!</strong></p>\n<blockquote>\n\t<h3>\n\t\t<a href=\"https://cppcon2024.sched.com/event/1gZez/shared-libraries-and-where-to-find-them\">Shared Libraries and Where to Find Them</a></h3>\n\t<p>\n\t\tTuesday, September 17 &bull; 14:00 - 15:00 MDT</p>\n\t<p>\n\t\tby Luis Caro Campos</p>\n</blockquote>\n<p>\n\tSummary of the talk:</p>\n<blockquote>\n\t<p>\n\t\tMost C++ developers are familiar with the type of erro", "id": 1004849, "language": "en", "link": "https://isocpp.org//blog/2024/08/cppcon-2024-shared-libraries-and-where-to-find-them-luis-caro-campos", "manual_status_code": 0, "page_rating": 29, "page_rating_contents": 90, "page_rating_visits": 0, "page_rating_votes": 0, "permanent": false, "source": "https://isocpp.org/blog/rss/category/news", "source_obj__id": 314, "status_code": 0, "tags": [], "thumbnail": null, "title": "CppCon 2024 Shared Libraries and Where to Find Them -- Luis Caro Campos", "user": null, "vote": 0}]