[{"age": null, "album": "", "artist": null, "bookmarked": false, "comments": [], "date_published": "2024-08-10T11:01:03+00:00", "description": "This full tutorial is inside our Video Library for Gold and Platinum members at homerepairtutor.com", "id": 1003390, "language": null, "link": "https://www.youtube.com/watch?v=yWls0BRTUTk", "manual_status_code": 0, "page_rating": 27, "page_rating_contents": 86, "page_rating_visits": 0, "page_rating_votes": 0, "permanent": false, "source": "https://www.youtube.com/feeds/videos.xml?channel_id=UCP2vaEZS8MvZrFklwBtW1GA", "source_obj__id": 144, "status_code": 0, "tags": [], "thumbnail": "https://i2.ytimg.com/vi/yWls0BRTUTk/hqdefault.jpg", "title": "Shower Glass Panel Tips - #shorts #homerepairtutor", "user": null, "vote": 0}]