[{"age": null, "album": "", "artist": null, "bookmarked": false, "comments": [], "date_published": "2024-08-10T22:30:20+00:00", "description": "Hello guys and gals, it's me Mutahar again! This time we take a look at what appears to be the revolving situation behind MrBeast that just keeps escalating, this time it appears the manager involved in this whole enterprise has had one of the worst convictions and somehow managed to be hired. How? Let's try and figure out. Thanks for watching!\nLike, Comment and Subscribe for more videos!", "id": 1003321, "language": null, "link": "https://www.youtube.com/watch?v=tVUfTrrGbxM", "manual_status_code": 0, "page_rating": 27, "page_rating_contents": 86, "page_rating_visits": 0, "page_rating_votes": 0, "permanent": false, "source": "https://www.youtube.com/feeds/videos.xml?channel_id=UCtMVHI3AJD4Qk4hcbZnI9ZQ", "source_obj__id": 309, "status_code": 0, "tags": [], "thumbnail": "https://i1.ytimg.com/vi/tVUfTrrGbxM/hqdefault.jpg", "title": "MrBeast Hired A Criminal...", "user": null, "vote": 0}]