[{"age": null, "album": "", "artist": null, "bookmarked": false, "comments": [], "date_published": "2024-08-10T15:45:37+00:00", "description": "<p><a href=\"https://wydarzenia.interia.pl/raport-wybory-prezydenckie-usa-2024/news-najnowszy-sondaz-z-usa-ma-przewage-w-kluczowych-stanach,nId,7755103\"><img align=\"left\" alt=\"Najnowszy sonda\u017c z USA. Ma przewag\u0119 w kluczowych stanach\" src=\"https://i.iplsc.com/najnowszy-sondaz-z-usa-ma-przewage-w-kluczowych-stanach/000JLP95AS34DF2Y-C321.jpg\" /></a>Kamala Harris wyprzedzi\u0142a Donalda Trumpa w trzech kluczowych stanach - wynika z najnowszego sonda\u017cu. Obecna wiceprezydent USA w Michigan, Wisconsin i Pensylwanii prowadzi z przewag\u0105 4 punkt\u00f3w procentowych. To w ostatnim czasie dla Harris kolejne pozytywne badanie opinii publicznej.</p><br clear=\"all\" />", "id": 1004521, "language": "pl-PL", "link": "https://wydarzenia.interia.pl/raport-wybory-prezydenckie-usa-2024/news-najnowszy-sondaz-z-usa-ma-przewage-w-kluczowych-stanach,nId,7755103", "manual_status_code": 0, "page_rating": 27, "page_rating_contents": 86, "page_rating_visits": 0, "page_rating_votes": 0, "permanent": false, "source": "https://wydarzenia.interia.pl/swiat/feed", "source_obj__id": 402, "status_code": 0, "tags": [], "thumbnail": null, "title": "Najnowszy sonda\u017c z USA. Ma przewag\u0119 w kluczowych stanach", "user": null, "vote": 0}, {"age": null, "album": "", "artist": null, "bookmarked": false, "comments": [], "date_published": "2024-08-10T15:05:57+00:00", "description": "<p><a href=\"https://wydarzenia.interia.pl/raport-ukraina-rosja/news-panika-w-rosyjskim-obwodzie-trwa-masowa-ewakuacja,nId,7755106\"><img align=\"left\" alt=\"Panika w rosyjskim obwodzie. Trwa masowa ewakuacja\" src=\"https://i.iplsc.com/panika-w-rosyjskim-obwodzie-trwa-masowa-ewakuacja/000JLP9U51PG6HYD-C321.jpg\" /></a>&quot;Z przygranicznych rejon\u00f3w obwodu kurskiego ewakuowano ponad 76 tys. os\u00f3b&quot; - poinformowa\u0142o w sobot\u0119 po po\u0142udniu regionalne Ministerstwo ds. Sytuacji Nadzwyczajnych. To efekt ofensywy Si\u0142 Zbrojnych Ukrainy, kt\u00f3re od kilku dni prowadz\u0105 dzia\u0142ania na terytorium Rosji. </p><br clear=\"all\" />", "id": 1004522, "language": "pl-PL", "link": "https://wydarzenia.interia.pl/raport-ukraina-rosja/news-panika-w-rosyjskim-obwodzie-trwa-masowa-ewakuacja,nId,7755106", "manual_status_code": 0, "page_rating": 27, "page_rating_contents": 86, "page_rating_visits": 0, "page_rating_votes": 0, "permanent": false, "source": "https://wydarzenia.interia.pl/swiat/feed", "source_obj__id": 402, "status_code": 0, "tags": [], "thumbnail": null, "title": "Panika w rosyjskim obwodzie. Trwa masowa ewakuacja", "user": null, "vote": 0}]