[{"age": null, "album": "", "artist": null, "bookmarked": false, "comments": [], "date_published": "2024-08-10T15:00:00+00:00", "description": "How to explain book bans 101, the most read books of the week on Goodreads, and more.", "id": 1003863, "language": "en-US", "link": "https://bookriot.com/today-in-books-august-10-2024", "manual_status_code": 0, "page_rating": 30, "page_rating_contents": 95, "page_rating_visits": 0, "page_rating_votes": 0, "permanent": false, "source": "https://bookriot.com/feed", "source_obj__id": 30, "status_code": 0, "tags": [], "thumbnail": "https://s2982.pcdn.co/wp-content/uploads/2024/05/person-holding-newspaper.jpg.optimal.jpg", "title": "All the News Book Riot Covered This Week", "user": null, "vote": 0}, {"age": null, "album": "", "artist": null, "bookmarked": false, "comments": [], "date_published": "2024-08-10T15:00:00+00:00", "description": "14 outstanding YA books you can grab for under $4 this weekend.", "id": 1003860, "language": "en-US", "link": "https://bookriot.com/book-riots-ya-book-deals-of-the-day-for-august-10-2024", "manual_status_code": 0, "page_rating": 30, "page_rating_contents": 95, "page_rating_visits": 0, "page_rating_votes": 0, "permanent": false, "source": "https://bookriot.com/feed", "source_obj__id": 30, "status_code": 0, "tags": [], "thumbnail": "https://s2982.pcdn.co/wp-content/uploads/2024/08/ya-book-deals-for-81024.jpg.optimal.jpg", "title": "Book Riot\u2019s YA Book Deals of the Day for August 10, 2024", "user": null, "vote": 0}, {"age": null, "album": "", "artist": null, "bookmarked": false, "comments": [], "date_published": "2024-08-10T15:00:00+00:00", "description": "", "id": 1003861, "language": "en-US", "link": "https://bookriot.com/enter-for-a-chance-to-win-1000-for-a-poolside-retreat-3", "manual_status_code": 0, "page_rating": 30, "page_rating_contents": 94, "page_rating_visits": 0, "page_rating_votes": 0, "permanent": false, "source": "https://bookriot.com/feed", "source_obj__id": 30, "status_code": 0, "tags": [], "thumbnail": null, "title": "Enter for a chance to win $1000 for a poolside retreat!", "user": null, "vote": 0}, {"age": null, "album": "", "artist": null, "bookmarked": false, "comments": [], "date_published": "2024-08-10T15:00:00+00:00", "description": "Utah's statewide book ban, the most read books of the week on Goodreads, compelling YA historical fantasy, and more.", "id": 1003862, "language": "en-US", "link": "https://bookriot.com/best-of-book-riot-august-10-2024", "manual_status_code": 0, "page_rating": 30, "page_rating_contents": 95, "page_rating_visits": 0, "page_rating_votes": 0, "permanent": false, "source": "https://bookriot.com/feed", "source_obj__id": 30, "status_code": 0, "tags": [], "thumbnail": "https://s2982.pcdn.co/wp-content/uploads/2021/07/spelling-bee-trophy-winner-featured.jpg.optimal.jpg", "title": "The Most Popular Stories of the Week", "user": null, "vote": 0}, {"age": null, "album": "", "artist": null, "bookmarked": false, "comments": [], "date_published": "2024-08-10T14:00:00+00:00", "description": "What's your favorite queer romance novel?", "id": 1003864, "language": "en-US", "link": "https://bookriot.com/the-best-queer-romance-novels-according-to-a-queer-book-professional", "manual_status_code": 0, "page_rating": 30, "page_rating_contents": 95, "page_rating_visits": 0, "page_rating_votes": 0, "permanent": false, "source": "https://bookriot.com/feed", "source_obj__id": 30, "status_code": 0, "tags": [], "thumbnail": "https://s2982.pcdn.co/wp-content/uploads/2022/11/reading.jpg.optimal.jpg", "title": "The Best Queer Romance Novels According to a Queer Book Professional", "user": null, "vote": 0}, {"age": null, "album": "", "artist": null, "bookmarked": false, "comments": [], "date_published": "2024-08-10T13:00:00+00:00", "description": "A Golden Girl Memoir, a Healing Coming-of-Age Novel, Young Love in a Bookstore, a Middle Eastern Romantasy, and More in Today's Best Book Deals", "id": 1003865, "language": "en-US", "link": "https://bookriot.com/book-riots-deals-of-the-day-for-august-10-2024", "manual_status_code": 0, "page_rating": 30, "page_rating_contents": 95, "page_rating_visits": 0, "page_rating_votes": 0, "permanent": false, "source": "https://bookriot.com/feed", "source_obj__id": 30, "status_code": 0, "tags": [], "thumbnail": "https://s2982.pcdn.co/wp-content/uploads/2024/08/deals-collage-of-081024.jpg.optimal.jpg", "title": "Book Riot\u2019s Deals of the Day for August 10, 2024", "user": null, "vote": 0}]