[{"age": null, "album": "", "artist": null, "bookmarked": false, "comments": [], "date_published": "2024-08-10T20:15:17+00:00", "description": "TEHRAN \u2013 Taekwondo athlete Arian Salimi of Iran claimed a gold medal  in the 2024 Olympic Games Saturday night.", "id": 1002077, "language": "en-US", "link": "https://www.tehrantimes.com/news/502276/Iran-taekwondo-athlete-Salimi-wins-gold-2024-Paris", "manual_status_code": 0, "page_rating": 27, "page_rating_contents": 86, "page_rating_visits": 0, "page_rating_votes": 0, "permanent": false, "source": "https://www.tehrantimes.com/rss", "source_obj__id": 331, "status_code": 0, "tags": [], "thumbnail": null, "title": "Iran taekwondo athlete Salimi wins gold: 2024 Paris", "user": null, "vote": 0}, {"age": null, "album": "", "artist": null, "bookmarked": false, "comments": [], "date_published": "2024-08-10T19:01:00+00:00", "description": "TEHRAN \u2013 Iranian freestyle wrestler Amirhossein Zare lost to Georgian Geno Petriashvili in the men\u2019s 125kg final of the 2024 Olympic Games Saturday night.", "id": 1002078, "language": "en-US", "link": "https://www.tehrantimes.com/news/502247/Iran-freestyler-Zare-collects-silver-in-2024-Olympics", "manual_status_code": 0, "page_rating": 27, "page_rating_contents": 86, "page_rating_visits": 0, "page_rating_votes": 0, "permanent": false, "source": "https://www.tehrantimes.com/rss", "source_obj__id": 331, "status_code": 0, "tags": [], "thumbnail": null, "title": "Iran freestyler Zare collects silver in 2024 Olympics", "user": null, "vote": 0}, {"age": null, "album": "", "artist": null, "bookmarked": false, "comments": [], "date_published": "2024-08-10T18:53:45+00:00", "description": "TEHRAN - In a note, the Iran newspaper addressed the resumption of the ceasefire talks hosted by Cairo and with the mediation of the U.S., Qatar, and Egypt.", "id": 1002079, "language": "en-US", "link": "https://www.tehrantimes.com/news/502264/American-trick-to-save-Israel-from-revenge", "manual_status_code": 0, "page_rating": 27, "page_rating_contents": 86, "page_rating_visits": 0, "page_rating_votes": 0, "permanent": false, "source": "https://www.tehrantimes.com/rss", "source_obj__id": 331, "status_code": 0, "tags": [], "thumbnail": null, "title": "American trick to save Israel from revenge", "user": null, "vote": 0}, {"age": null, "album": "", "artist": null, "bookmarked": false, "comments": [], "date_published": "2024-08-10T18:52:56+00:00", "description": "TEHRAN \u2013 A former commander of Iran\u2019s Islamic Revolution Guard Corps (IRGC) says Iran is prepared to deliver a powerful response to the malicious actions of the Zionist regime.", "id": 1002080, "language": "en-US", "link": "https://www.tehrantimes.com/news/502266/Tehran-to-deliver-strong-response-to-Israeli-crimes-official", "manual_status_code": 0, "page_rating": 27, "page_rating_contents": 86, "page_rating_visits": 0, "page_rating_votes": 0, "permanent": false, "source": "https://www.tehrantimes.com/rss", "source_obj__id": 331, "status_code": 0, "tags": [], "thumbnail": null, "title": "Tehran to deliver strong response to Israeli crimes: official", "user": null, "vote": 0}, {"age": null, "album": "", "artist": null, "bookmarked": false, "comments": [], "date_published": "2024-08-10T18:52:38+00:00", "description": "TEHRAN \u2013 Iranian President Masoud Pezeshkian has congratulated the people and government of Singapore on the country\u2019s National Day.", "id": 1002081, "language": "en-US", "link": "https://www.tehrantimes.com/news/502263/Pezeshkian-congratulates-Singapore-on-National-Day", "manual_status_code": 0, "page_rating": 27, "page_rating_contents": 86, "page_rating_visits": 0, "page_rating_votes": 0, "permanent": false, "source": "https://www.tehrantimes.com/rss", "source_obj__id": 331, "status_code": 0, "tags": [], "thumbnail": null, "title": "Pezeshkian congratulates Singapore on National Day", "user": null, "vote": 0}, {"age": null, "album": "", "artist": null, "bookmarked": false, "comments": [], "date_published": "2024-08-10T18:52:11+00:00", "description": "TEHRAN- The spokesman and deputy head of the public relations office of the Islamic Revolution Guards Corps (IRGC) stated that the Israeli regime assassinated the Hamas leader to create a rift among Shia and Sunni Muslims.", "id": 1002082, "language": "en-US", "link": "https://www.tehrantimes.com/news/502261/Haniyeh-s-assassination-aimed-to-sow-division-among-Muslims", "manual_status_code": 0, "page_rating": 27, "page_rating_contents": 86, "page_rating_visits": 0, "page_rating_votes": 0, "permanent": false, "source": "https://www.tehrantimes.com/rss", "source_obj__id": 331, "status_code": 0, "tags": [], "thumbnail": null, "title": "Haniyeh\u2019s assassination aimed to sow division among Muslims: commander", "user": null, "vote": 0}, {"age": null, "album": "", "artist": null, "bookmarked": false, "comments": [], "date_published": "2024-08-10T18:51:38+00:00", "description": "TEHRAN \u2013 Iran's permanent mission to the United Nations has asserted that a retaliatory response to the Israeli assassination of former Hamas chief Ismail Haniyeh in Tehran is inevitable, regardless of ongoing ceasefire talks in Gaza.", "id": 1002083, "language": "en-US", "link": "https://www.tehrantimes.com/news/502258/Retaliatory-action-for-Haniyeh-s-killing-independent-from-Gaza", "manual_status_code": 0, "page_rating": 27, "page_rating_contents": 86, "page_rating_visits": 0, "page_rating_votes": 0, "permanent": false, "source": "https://www.tehrantimes.com/rss", "source_obj__id": 331, "status_code": 0, "tags": [], "thumbnail": null, "title": "Retaliatory action for Haniyeh\u2019s killing independent from Gaza truce talks: Iran UN mission", "user": null, "vote": 0}, {"age": null, "album": "", "artist": null, "bookmarked": false, "comments": [], "date_published": "2024-08-10T18:51:00+00:00", "description": "TEHRAN- The spokesman for Iran\u2019s Ministry of Foreign Affairs welcomed the formation of an interim government in Bangladesh headed by Muhammad Yunus.", "id": 1002084, "language": "en-US", "link": "https://www.tehrantimes.com/news/502260/Iran-expresses-support-for-the-interim-government-in-Bangladesh", "manual_status_code": 0, "page_rating": 27, "page_rating_contents": 86, "page_rating_visits": 0, "page_rating_votes": 0, "permanent": false, "source": "https://www.tehrantimes.com/rss", "source_obj__id": 331, "status_code": 0, "tags": [], "thumbnail": null, "title": "Iran expresses support for the interim government in Bangladesh", "user": null, "vote": 0}, {"age": null, "album": "", "artist": null, "bookmarked": false, "comments": [], "date_published": "2024-08-10T18:50:22+00:00", "description": "TEHRAN \u2013 A senior Iranian cleric has reaffirmed the steadfast support of the Iranian clergy and religious seminaries for Hezbollah and the broader Resistance Front.", "id": 1002085, "language": "en-US", "link": "https://www.tehrantimes.com/news/502267/Iranian-clerics-reaffirm-support-for-Resistance-Front", "manual_status_code": 0, "page_rating": 27, "page_rating_contents": 86, "page_rating_visits": 0, "page_rating_votes": 0, "permanent": false, "source": "https://www.tehrantimes.com/rss", "source_obj__id": 331, "status_code": 0, "tags": [], "thumbnail": null, "title": "Iranian clerics reaffirm support for Resistance Front", "user": null, "vote": 0}, {"age": null, "album": "", "artist": null, "bookmarked": false, "comments": [], "date_published": "2024-08-10T18:49:38+00:00", "description": "TEHRAN \u2013 An informed source has firmly denied any internal disagreements among Iran's top leadership regarding the response to Israel following the assassination of Ismail Haniyeh, a key Palestinian Resistance movement figure in Hamas, in Tehran.", "id": 1002086, "language": "en-US", "link": "https://www.tehrantimes.com/news/502265/Iranian-officials-united-on-retaliation-against-Israel-source", "manual_status_code": 0, "page_rating": 27, "page_rating_contents": 86, "page_rating_visits": 0, "page_rating_votes": 0, "permanent": false, "source": "https://www.tehrantimes.com/rss", "source_obj__id": 331, "status_code": 0, "tags": [], "thumbnail": null, "title": "Iranian officials united on retaliation against Israel: source", "user": null, "vote": 0}, {"age": null, "album": "", "artist": null, "bookmarked": false, "comments": [], "date_published": "2024-08-10T18:48:29+00:00", "description": "TEHRAN\u00a0- Iran's newly inaugurated President Masoud Pezeshkian has retained Mohammad Eslami as the head of the Atomic Energy Organization of Iran (AEOI), a key position in the country's nuclear program Eslami has been holding since he was first appointed by the late President Ebrahim Raisi in 2021.", "id": 1002087, "language": "en-US", "link": "https://www.tehrantimes.com/news/502259/Pezeshkian-retains-Atomic-Energy-chief-appoints-key-cabinet", "manual_status_code": 0, "page_rating": 27, "page_rating_contents": 86, "page_rating_visits": 0, "page_rating_votes": 0, "permanent": false, "source": "https://www.tehrantimes.com/rss", "source_obj__id": 331, "status_code": 0, "tags": [], "thumbnail": null, "title": "Pezeshkian retains Atomic Energy chief, appoints key cabinet members", "user": null, "vote": 0}, {"age": null, "album": "", "artist": null, "bookmarked": false, "comments": [], "date_published": "2024-08-10T18:46:12+00:00", "description": "TEHRAN\u2013 Iran has completed \u201clegal, diplomatic, and media\u201d preparations to carry out \u201csevere and crushing\u201d retaliation against Israel for the assassination of former Hamas chief Ismail Haniyeh, declared Ali Shamkhani, a political advisor to the Leader of the Islamic Revolution and ex-secretary of Iran\u2019s National Security Council.", "id": 1002088, "language": "en-US", "link": "https://www.tehrantimes.com/news/502257/Leader-s-aide-says-severe-and-crushing-response-to-Israel-ready", "manual_status_code": 0, "page_rating": 27, "page_rating_contents": 86, "page_rating_visits": 0, "page_rating_votes": 0, "permanent": false, "source": "https://www.tehrantimes.com/rss", "source_obj__id": 331, "status_code": 0, "tags": [], "thumbnail": null, "title": "Leader\u2019s aide says \u2018severe and crushing\u2019 response to Israel ready", "user": null, "vote": 0}, {"age": null, "album": "", "artist": null, "bookmarked": false, "comments": [], "date_published": "2024-08-10T18:44:14+00:00", "description": "TEHRAN\u00a0- Iranian President Masoud Pezeshkian has condemned the massacre of al-Tabin School in the Gaza Strip, calling for swift action by the international community and the United Nations to prevent such atrocities by the Israeli regime.", "id": 1002089, "language": "en-US", "link": "https://www.tehrantimes.com/news/502275/Iranian-president-calls-for-international-action-against-Israel", "manual_status_code": 0, "page_rating": 27, "page_rating_contents": 86, "page_rating_visits": 0, "page_rating_votes": 0, "permanent": false, "source": "https://www.tehrantimes.com/rss", "source_obj__id": 331, "status_code": 0, "tags": [], "thumbnail": null, "title": "Iranian president calls for international action against Israel after Gaza school massacre", "user": null, "vote": 0}, {"age": null, "album": "", "artist": null, "bookmarked": false, "comments": [], "date_published": "2024-08-10T18:35:54+00:00", "description": "TEHRAN - Israel\u2019s brutal attack on a Gaza City school housing displaced Palestinians has sparked widespread outrage and condemnation across the world.", "id": 1002090, "language": "en-US", "link": "https://www.tehrantimes.com/news/502256/Global-outrage-erupts-after-Israel-s-deadly-strike-on-Gaza-school", "manual_status_code": 0, "page_rating": 27, "page_rating_contents": 86, "page_rating_visits": 0, "page_rating_votes": 0, "permanent": false, "source": "https://www.tehrantimes.com/rss", "source_obj__id": 331, "status_code": 0, "tags": [], "thumbnail": null, "title": "Global outrage erupts after Israel's deadly strike on Gaza school", "user": null, "vote": 0}, {"age": null, "album": "", "artist": null, "bookmarked": false, "comments": [], "date_published": "2024-08-10T18:34:48+00:00", "description": "", "id": 1002091, "language": "en-US", "link": "https://www.tehrantimes.com/news/502274/14840", "manual_status_code": 0, "page_rating": 26, "page_rating_contents": 82, "page_rating_visits": 0, "page_rating_votes": 0, "permanent": false, "source": "https://www.tehrantimes.com/rss", "source_obj__id": 331, "status_code": 0, "tags": [], "thumbnail": null, "title": "14840", "user": null, "vote": 0}, {"age": null, "album": "", "artist": null, "bookmarked": false, "comments": [], "date_published": "2024-08-10T18:31:22+00:00", "description": "TEHRAN - A new Israeli massacre on a school in Gaza sheltering the displaced Palestinians has raised major question marks over Tel Aviv\u2019s lack of desire for any ceasefire in the enclave.", "id": 1002092, "language": "en-US", "link": "https://www.tehrantimes.com/news/502255/Every-70-kg-counts-as-one-person", "manual_status_code": 0, "page_rating": 27, "page_rating_contents": 86, "page_rating_visits": 0, "page_rating_votes": 0, "permanent": false, "source": "https://www.tehrantimes.com/rss", "source_obj__id": 331, "status_code": 0, "tags": [], "thumbnail": null, "title": "Every 70 kg counts as one person", "user": null, "vote": 0}, {"age": null, "album": "", "artist": null, "bookmarked": false, "comments": [], "date_published": "2024-08-10T18:29:00+00:00", "description": "TEHRAN-The veteran Iranian actor and Tazieh reciter Fathollah Taheri passed away on Friday, August 9, at the age of 73.", "id": 1002093, "language": "en-US", "link": "https://www.tehrantimes.com/news/502269/Veteran-actor-Tazieh-reciter-Fathollah-Taheri-passes-away", "manual_status_code": 0, "page_rating": 27, "page_rating_contents": 86, "page_rating_visits": 0, "page_rating_votes": 0, "permanent": false, "source": "https://www.tehrantimes.com/rss", "source_obj__id": 331, "status_code": 0, "tags": [], "thumbnail": null, "title": "Veteran actor, Tazieh reciter Fathollah Taheri passes away", "user": null, "vote": 0}, {"age": null, "album": "", "artist": null, "bookmarked": false, "comments": [], "date_published": "2024-08-10T18:28:29+00:00", "description": "TEHRAN-The play \u201cCaligula\u201d written by Albert Camus will go on stage at Iranshahr Theater Complex in Tehran from August 18.", "id": 1002094, "language": "en-US", "link": "https://www.tehrantimes.com/news/502270/Iranshahr-Theater-to-host-Albert-Camus-Caligula", "manual_status_code": 0, "page_rating": 27, "page_rating_contents": 86, "page_rating_visits": 0, "page_rating_votes": 0, "permanent": false, "source": "https://www.tehrantimes.com/rss", "source_obj__id": 331, "status_code": 0, "tags": [], "thumbnail": null, "title": "Iranshahr Theater to host Albert Camus\u2019 \u201cCaligula\u201d", "user": null, "vote": 0}, {"age": null, "album": "", "artist": null, "bookmarked": false, "comments": [], "date_published": "2024-08-10T18:28:07+00:00", "description": "TEHRAN-The Persian translation of the book \u201cDancing With Robots\u201d by Bill Bishop has hit the bookstores across the country.", "id": 1002095, "language": "en-US", "link": "https://www.tehrantimes.com/news/502271/Book-on-strategies-for-success-in-age-of-AI-and-automation-available", "manual_status_code": 0, "page_rating": 27, "page_rating_contents": 86, "page_rating_visits": 0, "page_rating_votes": 0, "permanent": false, "source": "https://www.tehrantimes.com/rss", "source_obj__id": 331, "status_code": 0, "tags": [], "thumbnail": null, "title": "Book on strategies for success in age of AI and automation available in Persian", "user": null, "vote": 0}, {"age": null, "album": "", "artist": null, "bookmarked": false, "comments": [], "date_published": "2024-08-10T18:25:59+00:00", "description": "On August 7, T\u00fcrkiye (or Turkey) showed courage and stood up for humanity. It became the seventh country asking to join the case that South Africa brought against Israel for \u2018genocide\u2019 on December 29, 2023 at the International Court of Justice (ICJ), the United Nations\u2019 highest court.", "id": 1002096, "language": "en-US", "link": "https://www.tehrantimes.com/news/502273/It-s-time-to-refer-a-case-against-the-USA-to-the-ICJ-and-ICC", "manual_status_code": 0, "page_rating": 27, "page_rating_contents": 86, "page_rating_visits": 0, "page_rating_votes": 0, "permanent": false, "source": "https://www.tehrantimes.com/rss", "source_obj__id": 331, "status_code": 0, "tags": [], "thumbnail": null, "title": "It\u2019s time to refer a case against the USA to the ICJ and ICC", "user": null, "vote": 0}, {"age": null, "album": "", "artist": null, "bookmarked": false, "comments": [], "date_published": "2024-08-10T18:04:53+00:00", "description": "TEHRAN - Lebanon\u2019s Hezbollah resistance movement carried out fresh strikes against Israeli sites and settlements late on Saturday.", "id": 1002097, "language": "en-US", "link": "https://www.tehrantimes.com/news/502268/Hezbollah-ramps-up-rocket-drone-attacks-on-Israel", "manual_status_code": 0, "page_rating": 27, "page_rating_contents": 86, "page_rating_visits": 0, "page_rating_votes": 0, "permanent": false, "source": "https://www.tehrantimes.com/rss", "source_obj__id": 331, "status_code": 0, "tags": [], "thumbnail": null, "title": "Hezbollah ramps up rocket, drone attacks on Israel", "user": null, "vote": 0}, {"age": null, "album": "", "artist": null, "bookmarked": false, "comments": [], "date_published": "2024-08-10T18:02:56+00:00", "description": "TEHRAN- The screening of joint cinematic productions from Iran and Brazil has increased the export of Iranian handwoven carpets to Brazil, the Head of the Iran-Brazil Joint Chamber of Commerce has announced.", "id": 1002098, "language": "en-US", "link": "https://www.tehrantimes.com/news/502245/Iran-Brazil-cinematic-collaboration-spurs-carpet-export-boom", "manual_status_code": 0, "page_rating": 27, "page_rating_contents": 86, "page_rating_visits": 0, "page_rating_votes": 0, "permanent": false, "source": "https://www.tehrantimes.com/rss", "source_obj__id": 331, "status_code": 0, "tags": [], "thumbnail": null, "title": "Iran-Brazil cinematic collaboration spurs carpet export boom, official says", "user": null, "vote": 0}, {"age": null, "album": "", "artist": null, "bookmarked": false, "comments": [], "date_published": "2024-08-10T14:46:00+00:00", "description": "TEHRAN \u2013 The second international Silk Road rally, currently traversing the route from T\u00fcrkiye to Mongolia, has reached Tehran, the capital of Iran, after passing through several provinces.", "id": 1002099, "language": "en-US", "link": "https://www.tehrantimes.com/news/502248/Intl-Silk-Road-rallyists-set-foot-in-Tehran", "manual_status_code": 0, "page_rating": 27, "page_rating_contents": 86, "page_rating_visits": 0, "page_rating_votes": 0, "permanent": false, "source": "https://www.tehrantimes.com/rss", "source_obj__id": 331, "status_code": 0, "tags": [], "thumbnail": null, "title": "Intl. Silk Road rallyists set foot in Tehran", "user": null, "vote": 0}, {"age": null, "album": "", "artist": null, "bookmarked": false, "comments": [], "date_published": "2024-08-10T14:45:52+00:00", "description": "TEHRAN - Kordestan has the potential to become a hub for sports tourism through arranging athletic events, according to governor-general.", "id": 1002100, "language": "en-US", "link": "https://www.tehrantimes.com/news/502249/Kordestan-puts-sports-tourism-on-agenda", "manual_status_code": 0, "page_rating": 27, "page_rating_contents": 86, "page_rating_visits": 0, "page_rating_votes": 0, "permanent": false, "source": "https://www.tehrantimes.com/rss", "source_obj__id": 331, "status_code": 0, "tags": [], "thumbnail": null, "title": "Kordestan puts sports tourism on agenda", "user": null, "vote": 0}, {"age": null, "album": "", "artist": null, "bookmarked": false, "comments": [], "date_published": "2024-08-10T14:45:43+00:00", "description": "TEHRAN \u2013 Three villages in Iran\u2019s South Khorasan Province have been selected to vie with other candidates for UNESCO\u2019s \u201cBest Tourism Villages\u201d in 2025.", "id": 1002101, "language": "en-US", "link": "https://www.tehrantimes.com/news/502254/Eastern-Iranian-villages-nominated-for-UNESCO-label", "manual_status_code": 0, "page_rating": 27, "page_rating_contents": 86, "page_rating_visits": 0, "page_rating_votes": 0, "permanent": false, "source": "https://www.tehrantimes.com/rss", "source_obj__id": 331, "status_code": 0, "tags": [], "thumbnail": null, "title": "Eastern Iranian villages nominated for UNESCO label", "user": null, "vote": 0}, {"age": null, "album": "", "artist": null, "bookmarked": false, "comments": [], "date_published": "2024-08-10T14:45:21+00:00", "description": "TEHRAN - The third Navasard Festival, a vibrant celebration of the cultural and culinary ties between Iran and Armenia, commenced in Armenia's Sisian region on Saturday, marking a symbol of the longstanding friendship between the two nations.", "id": 1002102, "language": "en-US", "link": "https://www.tehrantimes.com/news/502250/Navasard-festival-celebrates-Iran-Armenia-cultural-ties", "manual_status_code": 0, "page_rating": 27, "page_rating_contents": 86, "page_rating_visits": 0, "page_rating_votes": 0, "permanent": false, "source": "https://www.tehrantimes.com/rss", "source_obj__id": 331, "status_code": 0, "tags": [], "thumbnail": null, "title": "Navasard festival celebrates Iran-Armenia cultural ties", "user": null, "vote": 0}, {"age": null, "album": "", "artist": null, "bookmarked": false, "comments": [], "date_published": "2024-08-10T14:44:46+00:00", "description": "TEHRAN - Semnan province, located in northern Iran, is a region of remarkable geographical diversity, offering a unique blend of natural landscapes, historical landmarks, and cultural elements.", "id": 1002103, "language": "en-US", "link": "https://www.tehrantimes.com/news/502253/Semnan-where-desert-meets-forest-on-the-ancient-Silk-Road", "manual_status_code": 0, "page_rating": 27, "page_rating_contents": 86, "page_rating_visits": 0, "page_rating_votes": 0, "permanent": false, "source": "https://www.tehrantimes.com/rss", "source_obj__id": 331, "status_code": 0, "tags": [], "thumbnail": null, "title": "Semnan, where desert meets forest on the ancient Silk Road", "user": null, "vote": 0}, {"age": null, "album": "", "artist": null, "bookmarked": false, "comments": [], "date_published": "2024-08-10T13:52:55+00:00", "description": "TEHRAN- The documentary film \"Noqte,\" which explores the art of Iranian calligraphy, is set to have its world premiere in Russia, presented by the TV BRICS International Media Network. This unveiling marks a significant milestone, as the film will reach audiences across the BRICS+ countries.", "id": 1002104, "language": "en-US", "link": "https://www.tehrantimes.com/news/502244/Documentary-Noqte-on-Iranian-calligraphy-premieres-on-TV-BRICS", "manual_status_code": 0, "page_rating": 27, "page_rating_contents": 86, "page_rating_visits": 0, "page_rating_votes": 0, "permanent": false, "source": "https://www.tehrantimes.com/rss", "source_obj__id": 331, "status_code": 0, "tags": [], "thumbnail": null, "title": "Documentary \u201cNoqte\u201d on Iranian calligraphy premieres on TV BRICS", "user": null, "vote": 0}, {"age": null, "album": "", "artist": null, "bookmarked": false, "comments": [], "date_published": "2024-08-10T13:24:03+00:00", "description": "TEHRAN \u2013 Iran men\u2019s sitting volleyball team head coach Hadi Rezaei announced his 12-player squad for the 2024 Paralympic Games in Paris.", "id": 1002105, "language": "en-US", "link": "https://www.tehrantimes.com/news/502231/Iran-men-s-sitting-volleyball-team-named-for-2024-Paralympics", "manual_status_code": 0, "page_rating": 27, "page_rating_contents": 86, "page_rating_visits": 0, "page_rating_votes": 0, "permanent": false, "source": "https://www.tehrantimes.com/rss", "source_obj__id": 331, "status_code": 0, "tags": [], "thumbnail": null, "title": "Iran men\u2019s sitting volleyball team named for 2024 Paralympics", "user": null, "vote": 0}, {"age": null, "album": "", "artist": null, "bookmarked": false, "comments": [], "date_published": "2024-08-10T13:08:12+00:00", "description": "TEHRAN \u2013 The anti-narcotics police have disbanded a drug trafficking gang in Saravan county, southeastern Sistan-Baluchestan province, Ahmad-Ali Goudarzi, Commander of the Border Police, has stated.", "id": 1002106, "language": "en-US", "link": "https://www.tehrantimes.com/news/502243/Police-dismantle-drug-trafficking-gang-in-southeast", "manual_status_code": 0, "page_rating": 27, "page_rating_contents": 86, "page_rating_visits": 0, "page_rating_votes": 0, "permanent": false, "source": "https://www.tehrantimes.com/rss", "source_obj__id": 331, "status_code": 0, "tags": [], "thumbnail": null, "title": "Police dismantle drug trafficking gang in southeast", "user": null, "vote": 0}]