[{"age": null, "album": "", "artist": null, "bookmarked": false, "comments": [], "date_published": "2024-08-10T10:30:48+00:00", "description": "Rather than try and cover every Detachment in the upcoming 10th edition Boarding Actions Compendium in a single article, we&#8217;ve broken the review of the book&#8217;s detachments down into the game&#8217;s three broad superfactions: Imperium, Chaos, and Xenos. In this review we&#8217;re looking at the game&#8217;s Imperium Detachments and how they play. The new Boarding [&#8230;]", "id": 1002392, "language": "en-GB", "link": "https://www.goonhammer.com/boarding-actions-10th-edition-compendium-review-imperium-factions", "manual_status_code": 0, "page_rating": 27, "page_rating_contents": 86, "page_rating_visits": 0, "page_rating_votes": 0, "permanent": false, "source": "https://www.goonhammer.com/feed", "source_obj__id": 136, "status_code": 0, "tags": [], "thumbnail": null, "title": "Boarding Actions 10th Edition Compendium Review: Imperium Factions", "user": null, "vote": 0}, {"age": null, "album": "", "artist": null, "bookmarked": false, "comments": [], "date_published": "2024-08-10T10:15:05+00:00", "description": "Rather than try and cover every Detachment in the upcoming 10th edition Boarding Actions Compendium in a single article, we&#8217;ve broken the review of the book&#8217;s detachments down into the game&#8217;s three broad superfactions: Imperium, Chaos, and Xenos. In this review we&#8217;re looking at the game&#8217;s Xenos Detachments and how they play. The Boarding Actions [&#8230;]", "id": 1002393, "language": "en-GB", "link": "https://www.goonhammer.com/boarding-actions-10th-edition-compendium-review-xenos-factions", "manual_status_code": 0, "page_rating": 27, "page_rating_contents": 86, "page_rating_visits": 0, "page_rating_votes": 0, "permanent": false, "source": "https://www.goonhammer.com/feed", "source_obj__id": 136, "status_code": 0, "tags": [], "thumbnail": null, "title": "Boarding Actions 10th Edition Compendium Review: Xenos Factions", "user": null, "vote": 0}, {"age": null, "album": "", "artist": null, "bookmarked": false, "comments": [], "date_published": "2024-08-10T10:00:10+00:00", "description": "We take a deep dive into the Chaos factions and Detachments in the upcoming Boarding Actions Compendium for 10th edition.", "id": 1002394, "language": "en-GB", "link": "https://www.goonhammer.com/boarding-actions-compendium-review-chaos", "manual_status_code": 0, "page_rating": 27, "page_rating_contents": 86, "page_rating_visits": 0, "page_rating_votes": 0, "permanent": false, "source": "https://www.goonhammer.com/feed", "source_obj__id": 136, "status_code": 0, "tags": [], "thumbnail": null, "title": "Boarding Actions 10th Edition Compendium Review: Chaos Factions", "user": null, "vote": 0}, {"age": null, "album": "", "artist": null, "bookmarked": false, "comments": [], "date_published": "2024-08-10T09:30:19+00:00", "description": "We take a deep dive into the new Imperial Navy Detachment from Codex: Imperial Agents.", "id": 1002395, "language": "en-GB", "link": "https://www.goonhammer.com/detachment-focus-imperialis-fleet", "manual_status_code": 0, "page_rating": 27, "page_rating_contents": 86, "page_rating_visits": 0, "page_rating_votes": 0, "permanent": false, "source": "https://www.goonhammer.com/feed", "source_obj__id": 136, "status_code": 0, "tags": [], "thumbnail": null, "title": "Detachment Focus \u2013 Imperialis Fleet", "user": null, "vote": 0}, {"age": null, "album": "", "artist": null, "bookmarked": false, "comments": [], "date_published": "2024-08-10T09:30:18+00:00", "description": "We take a deep dive into the new Purgation Force Detachment from Codex: Imperial Agents.", "id": 1002396, "language": "en-GB", "link": "https://www.goonhammer.com/detachment-focus-purgation-force", "manual_status_code": 0, "page_rating": 27, "page_rating_contents": 86, "page_rating_visits": 0, "page_rating_votes": 0, "permanent": false, "source": "https://www.goonhammer.com/feed", "source_obj__id": 136, "status_code": 0, "tags": [], "thumbnail": null, "title": "Detachment Focus \u2013 Purgation Force", "user": null, "vote": 0}, {"age": null, "album": "", "artist": null, "bookmarked": false, "comments": [], "date_published": "2024-08-10T09:15:23+00:00", "description": "We take a deep dive into the new Xeno Hunters Detachment from Codex: Imperial Agents.", "id": 1002397, "language": "en-GB", "link": "https://www.goonhammer.com/detachment-focus-alien-hunters", "manual_status_code": 0, "page_rating": 27, "page_rating_contents": 86, "page_rating_visits": 0, "page_rating_votes": 0, "permanent": false, "source": "https://www.goonhammer.com/feed", "source_obj__id": 136, "status_code": 0, "tags": [], "thumbnail": null, "title": "Detachment Focus \u2013 Alien Hunters", "user": null, "vote": 0}, {"age": null, "album": "", "artist": null, "bookmarked": false, "comments": [], "date_published": "2024-08-10T09:15:21+00:00", "description": "We take a deep dive into the new Daemon Hunters Detachment from Codex: Imperial Agents.", "id": 1002398, "language": "en-GB", "link": "https://www.goonhammer.com/detachment-focus-daemon-hunters", "manual_status_code": 0, "page_rating": 27, "page_rating_contents": 86, "page_rating_visits": 0, "page_rating_votes": 0, "permanent": false, "source": "https://www.goonhammer.com/feed", "source_obj__id": 136, "status_code": 0, "tags": [], "thumbnail": null, "title": "Detachment Focus \u2013 Daemon Hunters", "user": null, "vote": 0}, {"age": null, "album": "", "artist": null, "bookmarked": false, "comments": [], "date_published": "2024-08-10T09:01:24+00:00", "description": "We take a deep dive into the upcoming tenth edition Codex: Imperial Agents, looking at what's in the book and what it means for your games.", "id": 1002399, "language": "en-GB", "link": "https://www.goonhammer.com/codex-imperial-agents-10th-edition-the-goonhammer-review", "manual_status_code": 0, "page_rating": 27, "page_rating_contents": 86, "page_rating_visits": 0, "page_rating_votes": 0, "permanent": false, "source": "https://www.goonhammer.com/feed", "source_obj__id": 136, "status_code": 0, "tags": [], "thumbnail": null, "title": "Codex Imperial Agents 10th Edition: The Goonhammer Review", "user": null, "vote": 0}, {"age": null, "album": "", "artist": null, "bookmarked": false, "comments": [], "date_published": "2024-08-10T09:01:00+00:00", "description": "After more than a year of (at least half) our Boarding Actions terrain gathering dust, we finally have updated rules for playing one of our favorite game modes in 10th edition. And ladies and gentlemen let&#8217;s just get this out of the way up front: GW absolutely delivered here &#8211; and they delivered hard. The [&#8230;]", "id": 1002400, "language": "en-GB", "link": "https://www.goonhammer.com/the-boarding-actions-10th-edition-compendium-the-goonhammer-review", "manual_status_code": 0, "page_rating": 27, "page_rating_contents": 86, "page_rating_visits": 0, "page_rating_votes": 0, "permanent": false, "source": "https://www.goonhammer.com/feed", "source_obj__id": 136, "status_code": 0, "tags": [], "thumbnail": null, "title": "Boarding Actions 10th Edition Compendium: The Goonhammer Review", "user": null, "vote": 0}]