[{"age": null, "album": "", "artist": null, "bookmarked": false, "comments": [], "date_published": "2024-08-10T11:22:57+00:00", "description": "<p><img alt=\"The First Descendant Ultimate Gley Build Guide\" class=\"attachment-post-thumbnail size-post-thumbnail wp-image-677385 wp-post-image\" height=\"1080\" src=\"https://www.keengamer.com/wp-content/uploads/2024/08/The-First-Descendant-Ultimate-Gley-Build-Guide-1.jpg\" width=\"1920\" /></p>\n<p><a href=\"https://www.keengamer.com/wp-content/uploads/2024/08/The-First-Descendant-Ultimate-Gley-Build-Guide-1.jpg\"><img alt=\"The First Descendant Ultimate Gley Build Guide\" class=\"aligncenter size-medium wp-image-677385\" height=\"439\" src=\"https://www.keengamer.com/wp-content/uploads/2024/08/The-First-Descendant-Ultimate-Gley-Build-Guide-1-780x439.jpg\" width=\"780\" /></a></p>\n<p>Gley is a powerful and versatile character in <em>The First Descendant</em>, capable of unleashing devastating damage while balancing her health and survivability. This guide provides a detailed breakdown of her skills, optimal build setups, and the best weapons and modules to maximize her effectiveness. Whether you're tak", "id": 1001649, "language": "en-US", "link": "https://www.keengamer.com/articles/guides/the-first-descendant-ultimate-gley-build-guide", "manual_status_code": 0, "page_rating": 27, "page_rating_contents": 86, "page_rating_visits": 0, "page_rating_votes": 0, "permanent": false, "source": "https://www.keengamer.com/feed/", "source_obj__id": 474, "status_code": 0, "tags": [], "thumbnail": null, "title": "The First Descendant: Ultimate Gley Build Guide", "user": null, "vote": 0}]