[{"age": null, "album": "", "artist": null, "bookmarked": false, "comments": [], "date_published": "2024-08-10T17:00:00+00:00", "description": "<figure>\n      <img alt=\"A shot of two masked dudes looking at the camera in Payday 2\" src=\"https://cdn.vox-cdn.com/thumbor/ld5Wa5VvPHZqXBZfAxsdkK1X_g0=/0x0:1920x1080/640x360/cdn.vox-cdn.com/uploads/chorus_image/image/73513721/payday2.0.jpg\" />\n        <figcaption>Image: Overkill/505 Games</figcaption>\n    </figure>\n\n  <p>Those beat drops don\u2019t come easy</p>\n  <p>\n    <a href=\"https://www.polygon.com/24214630/payday-soundtrack-simon-viklund-interview\">Continue reading&hellip;</a>\n  </p>", "id": 1003524, "language": "en", "link": "https://www.polygon.com/24214630/payday-soundtrack-simon-viklund-interview", "manual_status_code": 0, "page_rating": 27, "page_rating_contents": 86, "page_rating_visits": 0, "page_rating_votes": 0, "permanent": false, "source": "https://www.polygon.com/rss/index.xml", "source_obj__id": 258, "status_code": 0, "tags": [], "thumbnail": null, "title": "Every game soundtrack is a \u2018try and fail\u2019 journey for Payday\u2019s Simon Viklund", "user": null, "vote": 0}, {"age": null, "album": "", "artist": null, "bookmarked": false, "comments": [], "date_published": "2024-08-10T16:00:00+00:00", "description": "<figure>\n      <img alt=\"A collage shows artwork of a character from Assassin\u2019s Creed Valhalla running while holding an axe next to a photo of Jesper Kyd sitting in a music studio.\" src=\"https://cdn.vox-cdn.com/thumbor/Jw595_faG1kgYzH0VDnsfibakPc=/0x95:1820x1119/640x360/cdn.vox-cdn.com/uploads/chorus_image/image/73513643/Jesper_Kyd.0.jpg\" />\n        <figcaption>Graphic: Matt Leone/Polygon | Source images: Ubisoft, Ben Bentley</figcaption>\n    </figure>\n\n  <p>The longtime game composer talks influences, process, and Commodore 64 memories</p>\n  <p>\n    <a href=\"https://www.polygon.com/24214163/jesper-kyd-interview-assassins-creed-influences\">Continue reading&hellip;</a>\n  </p>", "id": 1003525, "language": "en", "link": "https://www.polygon.com/24214163/jesper-kyd-interview-assassins-creed-influences", "manual_status_code": 0, "page_rating": 27, "page_rating_contents": 86, "page_rating_visits": 0, "page_rating_votes": 0, "permanent": false, "source": "https://www.polygon.com/rss/index.xml", "source_obj__id": 258, "status_code": 0, "tags": [], "thumbnail": null, "title": "Jesper Kyd composed Assassin\u2019s Creed Valhalla\u2019s soundtrack using 100-year-old instruments", "user": null, "vote": 0}, {"age": null, "album": "", "artist": null, "bookmarked": false, "comments": [], "date_published": "2024-08-10T15:02:00+00:00", "description": "<figure>\n      <img alt=\"Wolverine (Hugh Jackman, in the classic yellow-and-black Wolverine suit) looks annoyed and baffled in Deadpool &amp;amp; Wolverine, as well he might.\" src=\"https://cdn.vox-cdn.com/thumbor/8DyCbwQ_Uvc8RXkSpL2kYHrTWuA=/0x0:5212x2932/640x360/cdn.vox-cdn.com/uploads/chorus_image/image/73513583/TDW_08498_R.0.jpg\" />\n        <figcaption>Photo: Jay Maidment/20th Century Fox/Marvel Studios</figcaption>\n    </figure>\n\n\n  \t\t<p>Deadpool &amp; Wolverine\u2019s W\u0113t\u0101 VFX lead says Reynolds used Logan\u2019s digital mummy to prank Hugh Jackman</p>\n  <p>\n    <a href=\"https://www.polygon.com/24217046/ryan-reynolds-vfx-behind-the-scenes-deadpool-wolverine-corpse-fight\">Continue reading&hellip;</a>\n  </p>", "id": 1003526, "language": "en", "link": "https://www.polygon.com/24217046/ryan-reynolds-vfx-behind-the-scenes-deadpool-wolverine-corpse-fight", "manual_status_code": 0, "page_rating": 27, "page_rating_contents": 86, "page_rating_visits": 0, "page_rating_votes": 0, "permanent": false, "source": "https://www.polygon.com/rss/index.xml", "source_obj__id": 258, "status_code": 0, "tags": [], "thumbnail": null, "title": "Ryan Reynolds had very specific tech (and humor) requirements for Wolverine\u2019s corpse", "user": null, "vote": 0}, {"age": null, "album": "", "artist": null, "bookmarked": false, "comments": [], "date_published": "2024-08-10T14:00:00+00:00", "description": "<figure>\n      <img alt=\"Mario sings karaoke on stage while people in the crowd throw green shells at him and Yoshi and Toad play solemnly in the band.\" src=\"https://cdn.vox-cdn.com/thumbor/2x2jfo1Eewa2-wCQwMc8le3v6Uw=/0x156:3000x1844/640x360/cdn.vox-cdn.com/uploads/chorus_image/image/73513438/jinhwajang_f3.0.jpg\" />\n        <figcaption>Illustration: Jinhwa Jang/Polygon</figcaption>\n    </figure>\n\n\n  \t\t<p>\u2018If I don\u2019t hate myself after obsessively listening to my own music [...]  then it can\u2019t be that annoying\u2019</p>\n  <p>\n    <a href=\"https://www.polygon.com/24216350/composers-on-repetitive-video-game-music\">Continue reading&hellip;</a>\n  </p>", "id": 1003527, "language": "en", "link": "https://www.polygon.com/24216350/composers-on-repetitive-video-game-music", "manual_status_code": 0, "page_rating": 27, "page_rating_contents": 86, "page_rating_visits": 0, "page_rating_votes": 0, "permanent": false, "source": "https://www.polygon.com/rss/index.xml", "source_obj__id": 258, "status_code": 0, "tags": [], "thumbnail": null, "title": "When does video game music get too repetitive?", "user": null, "vote": 0}, {"age": null, "album": "", "artist": null, "bookmarked": false, "comments": [], "date_published": "2024-08-10T13:00:00+00:00", "description": "<figure>\n      <img alt=\"Walton Goggins wearing a cowboy hat in The Hateful Eight - Mannix screencap 1920\" src=\"https://cdn.vox-cdn.com/thumbor/azYNuwgCxVwQ4cd0dNe4W-7U6Ws=/263x0:1500x696/640x360/cdn.vox-cdn.com/uploads/chorus_image/image/73513315/the-hateful-eight-mannix-screencap_1920.0.0.jpg\" />\n        <figcaption>Image: The Weinstein Company</figcaption>\n    </figure>\n\n  <p>The year is heating up, and so should your Netflix queue </p>\n  <p>\n    <a href=\"https://www.polygon.com/what-to-watch/2024/8/10/24213671/best-thriller-movies-netflix-watch-august-2024\">Continue reading&hellip;</a>\n  </p>", "id": 1003528, "language": "en", "link": "https://www.polygon.com/what-to-watch/2024/8/10/24213671/best-thriller-movies-netflix-watch-august-2024", "manual_status_code": 0, "page_rating": 27, "page_rating_contents": 86, "page_rating_visits": 0, "page_rating_votes": 0, "permanent": false, "source": "https://www.polygon.com/rss/index.xml", "source_obj__id": 258, "status_code": 0, "tags": [], "thumbnail": null, "title": "The best thrillers to watch on Netflix this August", "user": null, "vote": 0}, {"age": null, "album": "", "artist": null, "bookmarked": false, "comments": [], "date_published": "2024-08-10T12:56:04+00:00", "description": "<figure>\n      <img alt=\"Incredibles\" src=\"https://cdn.vox-cdn.com/thumbor/El2vyio4rl-NNNXDppWROZMLEZM=/1x0:970x545/640x360/cdn.vox-cdn.com/uploads/chorus_image/image/73512891/incredibles.0.6.jpg\" />\n    </figure>\n\n  <p>Marvel, Star Wars, Pixar, Disney Animation all in once place</p>\n  <p>\n    <a href=\"https://www.polygon.com/24217230/d23-news-trailers-disney-marvel-star-wars-2024\">Continue reading&hellip;</a>\n  </p>", "id": 1003529, "language": "en", "link": "https://www.polygon.com/24217230/d23-news-trailers-disney-marvel-star-wars-2024", "manual_status_code": 0, "page_rating": 27, "page_rating_contents": 86, "page_rating_visits": 0, "page_rating_votes": 0, "permanent": false, "source": "https://www.polygon.com/rss/index.xml", "source_obj__id": 258, "status_code": 0, "tags": [], "thumbnail": null, "title": "The biggest news out of Disney\u2019s D23 Expo", "user": null, "vote": 0}, {"age": null, "album": "", "artist": null, "bookmarked": false, "comments": [], "date_published": "2024-08-10T04:44:21+00:00", "description": "<figure>\n      <img alt=\"\" src=\"https://cdn.vox-cdn.com/thumbor/WVU7O7IxG-kMoLmRKys0tlReHdg=/191x0:2275x1172/640x360/cdn.vox-cdn.com/uploads/chorus_image/image/73513025/snowwhiteapple.0.jpg\" />\n    </figure>\n\n  <p>Rachel Zegler stars alongside seven CG dwarfs</p>\n  <p>\n    <a href=\"https://www.polygon.com/24216163/snow-white-trailer-2025-disney-d23\">Continue reading&hellip;</a>\n  </p>", "id": 1003530, "language": "en", "link": "https://www.polygon.com/24216163/snow-white-trailer-2025-disney-d23", "manual_status_code": 0, "page_rating": 27, "page_rating_contents": 86, "page_rating_visits": 0, "page_rating_votes": 0, "permanent": false, "source": "https://www.polygon.com/rss/index.xml", "source_obj__id": 258, "status_code": 0, "tags": [], "thumbnail": null, "title": "Disney\u2019s live-action Snow White remake trailer is still heavy on the animation", "user": null, "vote": 0}, {"age": null, "album": "", "artist": null, "bookmarked": false, "comments": [], "date_published": "2024-08-10T04:38:58+00:00", "description": "<figure>\n      <img alt=\"A realistic looking stitch jumps through a logo for Lilo &amp;amp; Stitch remake\" src=\"https://cdn.vox-cdn.com/thumbor/vMGsHc33lt163vjTtBGC_HY42RE=/0x191:1792x1199/640x360/cdn.vox-cdn.com/uploads/chorus_image/image/73513017/liveactionstitch.0.jpg\" />\n        <figcaption>Image: Disney</figcaption>\n    </figure>\n\n  <p>Lilo &amp; Stitch is coming in 2025</p>\n  <p>\n    <a href=\"https://www.polygon.com/24217117/lilo-stitch-remake-photo-release-d23\">Continue reading&hellip;</a>\n  </p>", "id": 1003531, "language": "en", "link": "https://www.polygon.com/24217117/lilo-stitch-remake-photo-release-d23", "manual_status_code": 0, "page_rating": 27, "page_rating_contents": 86, "page_rating_visits": 0, "page_rating_votes": 0, "permanent": false, "source": "https://www.polygon.com/rss/index.xml", "source_obj__id": 258, "status_code": 0, "tags": [], "thumbnail": null, "title": "\u2018Live-action\u2019 Stitch revealed in first look at Disney\u2019s remake", "user": null, "vote": 0}, {"age": null, "album": "", "artist": null, "bookmarked": false, "comments": [], "date_published": "2024-08-10T03:26:59+00:00", "description": "<figure>\n      <img alt=\"Jude Law Jedi huddles with some kids including a kid Ortolan aka Baby Max Rebo in a spaceship cockpit in Star Wars: Skeleton Crew\" src=\"https://cdn.vox-cdn.com/thumbor/JiW2bnndR06OlofRvJ6FZg4lkvs=/446x681:8192x5038/640x360/cdn.vox-cdn.com/uploads/chorus_image/image/73512951/GR_011113_R.0.jpg\" />\n        <figcaption>Photo: Matt Kennedy/Lucasfilm Ltd.</figcaption>\n    </figure>\n\n  <p>Speeder bikes, Amblin vibes and a certain space pirate also feature</p>\n  <p>\n    <a href=\"https://www.polygon.com/star-wars/23709316/star-wars-skeleton-crew-trailer-d23\">Continue reading&hellip;</a>\n  </p>", "id": 1003532, "language": "en", "link": "https://www.polygon.com/star-wars/23709316/star-wars-skeleton-crew-trailer-d23", "manual_status_code": 0, "page_rating": 27, "page_rating_contents": 86, "page_rating_visits": 0, "page_rating_votes": 0, "permanent": false, "source": "https://www.polygon.com/rss/index.xml", "source_obj__id": 258, "status_code": 0, "tags": [], "thumbnail": null, "title": "Star Wars: Skeleton Crew trailer gives us our first look at Jude Law as a Jedi", "user": null, "vote": 0}, {"age": null, "album": "", "artist": null, "bookmarked": false, "comments": [], "date_published": "2024-08-10T03:19:58+00:00", "description": "<figure>\n      <img alt=\"frozen 2 trailer teaser\" src=\"https://cdn.vox-cdn.com/thumbor/MdkQDndYeiwdQ5c11awQe1Ccnpo=/349x0:5352x2814/640x360/cdn.vox-cdn.com/uploads/chorus_image/image/73512945/Frozen2_ONLINE_USE_trailer1_FINAL_formatted.0.jpg\" />\n        <figcaption>Walt Disney Animation Studios</figcaption>\n    </figure>\n\n  <p>Disney needs hits \u2014 this will be a massive one</p>\n  <p>\n    <a href=\"https://www.polygon.com/20831223/frozen-3-art-release-date-d23\">Continue reading&hellip;</a>\n  </p>", "id": 1003533, "language": "en", "link": "https://www.polygon.com/20831223/frozen-3-art-release-date-d23", "manual_status_code": 0, "page_rating": 27, "page_rating_contents": 86, "page_rating_visits": 0, "page_rating_votes": 0, "permanent": false, "source": "https://www.polygon.com/rss/index.xml", "source_obj__id": 258, "status_code": 0, "tags": [], "thumbnail": null, "title": "Frozen 3 is on for 2027, and it\u2019s throwing back to... Sleeping Beauty?", "user": null, "vote": 0}]