[{"age": null, "album": "", "artist": null, "bookmarked": false, "comments": [], "date_published": "2024-08-10T20:56:36+00:00", "description": "<figure>\n      <img alt=\"A photo of the Tesla Cybertruck in a Tesla showroom.\" src=\"https://cdn.vox-cdn.com/thumbor/z__XQ2NoIpwIzZAvttwEFsHbBqI=/0x0:2040x1360/1310x873/cdn.vox-cdn.com/uploads/chorus_image/image/73514022/236938_Tesla_showroom_Cyber_Truck_AKrales_0177.0.jpg\" />\n        <figcaption>Photo by Amelia Holowaty Krales / The Verge</figcaption>\n    </figure>\n\n  <p id=\"Ykq6rW\">Tesla has stopped selling the $60,990 RWD Cybertruck, the cheapest version of its angular EV truck, <a href=\"https://jalopnik.com/tesla-cuts-base-cybertruck-raises-all-prices-by-20-00-1851618492\"><em>Jalopnik</em> writes</a>. At the same time, the company increased the price of the next-in-line AWD Cybertruck by $20,000. Now $99,990, it elevates the EV\u2019s price floor by a whopping $39,000.</p>\n<p id=\"e8aNqW\">The Cyberbeast \u2014 the tri-motor version of the truck with more torque and a higher top speed than the standard all-wheel drive EV \u2014 is also costlier, at $119,990 (it was $99,990 before August 6th). The u", "id": 1002380, "language": "en-US", "link": "https://www.theverge.com/2024/8/10/24217545/cybertruck-price-increase-rwd-model-gone", "manual_status_code": 0, "page_rating": 27, "page_rating_contents": 86, "page_rating_visits": 0, "page_rating_votes": 0, "permanent": false, "source": "https://www.theverge.com/rss/index.xml", "source_obj__id": 359, "status_code": 0, "tags": [], "thumbnail": null, "title": "The cheapest Cybertruck is now almost $100,000", "user": null, "vote": 0}, {"age": null, "album": "", "artist": null, "bookmarked": false, "comments": [], "date_published": "2024-08-10T16:22:22+00:00", "description": "<figure>\n      <img alt=\"Illustration of a phone with yellow caution tape running over it.\" src=\"https://cdn.vox-cdn.com/thumbor/vsOOdrBFVM0_ZXwiZiraTJeTUNs=/0x0:2040x1360/1310x873/cdn.vox-cdn.com/uploads/chorus_image/image/73513679/akrales_220309_4977_0305.0.jpg\" />\n        <figcaption>Illustration by Amelia Holowaty Krales / The Verge</figcaption>\n    </figure>\n\n  <p id=\"zaI9qk\">The Federal Communications Commission (FCC) proposed a <a href=\"https://docs.fcc.gov/public/attachments/FCC-24-84A1.pdf\">new set of rules</a> this week that would require robocallers to disclose when they\u2019re using artificial intelligence for phone calls and text messages. </p>\n<p id=\"NdslmE\">The proposal builds on the FCC\u2019s <a href=\"https://www.theverge.com/2024/2/8/24066169/fcc-robocall-ai-voices-ban\">ban on making AI-generated robocalls</a> without the express prior consent of the person being called. The agency now hopes to require callers to say, while seeking that consent, whether they plan to use AI fo", "id": 1002381, "language": "en-US", "link": "https://www.theverge.com/2024/8/10/24217435/fcc-ai-robocall-disclosure-proposed-rules-artificial-intelligence-hearing-speech-disability-exempt", "manual_status_code": 0, "page_rating": 27, "page_rating_contents": 86, "page_rating_visits": 0, "page_rating_votes": 0, "permanent": false, "source": "https://www.theverge.com/rss/index.xml", "source_obj__id": 359, "status_code": 0, "tags": [], "thumbnail": null, "title": "The FCC proposes requiring robocallers to disclose when they\u2019re using AI", "user": null, "vote": 0}, {"age": null, "album": "", "artist": null, "bookmarked": false, "comments": [], "date_published": "2024-08-10T14:00:00+00:00", "description": "<figure>\n      <img alt=\"A hands-on photo of Google\u2019s Pixel Fold smartphone.\" src=\"https://cdn.vox-cdn.com/thumbor/4lzYpxIYlijcS3gBJPEVm4KsYEs=/0x0:2040x1360/1310x873/cdn.vox-cdn.com/uploads/chorus_image/image/73513457/DSCF7455.0.jpg\" />\n        <figcaption>Photo by Chris Welch / The Verge</figcaption>\n    </figure>\n\n\n  \t\t <p>Using the Fold can feel special, but Google needs to make some obvious upgrades for the follow-up.</p>\n  <p>\n    <a href=\"https://www.theverge.com/24211366/google-pixel-fold-one-year-later-review\">Continue reading&hellip;</a>\n  </p>", "id": 1002382, "language": "en-US", "link": "https://www.theverge.com/24211366/google-pixel-fold-one-year-later-review", "manual_status_code": 0, "page_rating": 27, "page_rating_contents": 86, "page_rating_visits": 0, "page_rating_votes": 0, "permanent": false, "source": "https://www.theverge.com/rss/index.xml", "source_obj__id": 359, "status_code": 0, "tags": [], "thumbnail": null, "title": "Google\u2019s Pixel Fold one year later: I can\u2019t wait for the sequel", "user": null, "vote": 0}, {"age": null, "album": "", "artist": null, "bookmarked": false, "comments": [], "date_published": "2024-08-10T06:43:13+00:00", "description": "<figure>\n      <img alt=\"A profile picture of Susan Wojcicki.\" src=\"https://cdn.vox-cdn.com/thumbor/PUYgjjkuiFUUQR3wMwtXr77XY-s=/0x0:2046x1364/1310x873/cdn.vox-cdn.com/uploads/chorus_image/image/73513096/454688286_10162253797240312_4972473333184729900_n.0.jpg\" />\n        <figcaption>Photo: Dennis Troper (<a class=\"ql-link\" href=\"https://www.facebook.com/photo?fbid=10162253797210312&amp;set=pcb.10162253810115312\" target=\"_blank\">Facebook</a>)</figcaption>\n    </figure>\n\n  <p id=\"nXJzj9\">Susan Wojcicki, Google\u2019s 16th employee who helped <a href=\"https://www.theverge.com/2013/9/26/4773528/garage-brand-google-taps-its-founding-myth-in-search-new-beginning\">jumpstart the company in her garage</a>, ran its advertising business, and then helmed YouTube for most of the past decade, has died at 56, according to posts by her <a href=\"https://www.facebook.com/dtroper/posts/pfbid035AsHMEC3xs1EyqrDWHVBmeVJq6sXXJaGUF5RQH962SxK3zYyihDDhWiza9epUdKTl?rdid=co6KsbVi15nacD2h\">husband Dennis Troper</a> an", "id": 1002383, "language": "en-US", "link": "https://www.theverge.com/2024/8/10/24217307/susan-wojcicki-youtube-ceo-google-exec-dies", "manual_status_code": 0, "page_rating": 27, "page_rating_contents": 86, "page_rating_visits": 0, "page_rating_votes": 0, "permanent": false, "source": "https://www.theverge.com/rss/index.xml", "source_obj__id": 359, "status_code": 0, "tags": [], "thumbnail": null, "title": "Long-time Google exec Susan Wojcicki has died at 56", "user": null, "vote": 0}, {"age": null, "album": "", "artist": null, "bookmarked": false, "comments": [], "date_published": "2024-08-10T04:32:35+00:00", "description": "<figure>\n      <img alt=\"The Disney name written in white on a mostly purple background.\" src=\"https://cdn.vox-cdn.com/thumbor/Xg8GNRs91EppH_I5XCKVMMRhB_Y=/0x0:2040x1360/1310x873/cdn.vox-cdn.com/uploads/chorus_image/image/73512436/acastro_190411_1777_Disney_Streaming_0003.0.0.jpg\" />\n        <figcaption>Illustration by Alex Castro / The Verge</figcaption>\n    </figure>\n\n  <p>Disney\u2019s D23 showcase of new projects from Marvel Studios, Lucasfilm, Pixar, and more is upon us.</p>\n  <p>\n    <a href=\"https://www.theverge.com/2024/8/9/24216962/d23-2024-all-the-biggest-trailers-and-news\">Continue reading&hellip;</a>\n  </p>", "id": 1002384, "language": "en-US", "link": "https://www.theverge.com/2024/8/9/24216962/d23-2024-all-the-biggest-trailers-and-news", "manual_status_code": 0, "page_rating": 27, "page_rating_contents": 86, "page_rating_visits": 0, "page_rating_votes": 0, "permanent": false, "source": "https://www.theverge.com/rss/index.xml", "source_obj__id": 359, "status_code": 0, "tags": [], "thumbnail": null, "title": "D23 2024: all the biggest trailers and news out of Disney\u2019s biennial showcase", "user": null, "vote": 0}, {"age": null, "album": "", "artist": null, "bookmarked": false, "comments": [], "date_published": "2024-08-10T03:07:38+00:00", "description": "<figure>\n      <img alt=\"The title card for Avatar: Fire and Ash.\" src=\"https://cdn.vox-cdn.com/thumbor/MGRsFO_QB-Q3eutKBuH5H55Qgoc=/17x189:1064x887/1310x873/cdn.vox-cdn.com/uploads/chorus_image/image/73512929/GUlmduubIAA_3HQ.0.jpeg\" />\n        <figcaption>Disney</figcaption>\n    </figure>\n\n  <p id=\"3hHJmH\">After <a href=\"https://www.theverge.com/23506880/avatar-the-way-of-water-review\"><em>The Way of Water</em></a>, James Cameron\u2019s <em>Avatar </em>franchise is turning the fire up next December.</p>\n<p id=\"4WzEtb\">At this year\u2019s D23 Expo, James Cameron, Zoe Saldana, and Sam Worthington announced that <em>Avatar: Fire and Ash </em>will hit theaters on December 19th, 2025. Disney also revealed a new title card that makes it seem like the film will focus on Pandora being engulfed in flames.</p>\n<div id=\"4Z69ni\">\n<blockquote align=\"center\" class=\"twitter-tweet\">\n<p dir=\"ltr\" lang=\"en\">Just announced at <a href=\"https://twitter.com/hashtag/D23?src=hash&amp;ref_src=twsrc%5Etfw\">#D23</a>, ou", "id": 1002385, "language": "en-US", "link": "https://www.theverge.com/2024/8/9/24217252/avatar-fire-and-ash-release-date", "manual_status_code": 0, "page_rating": 27, "page_rating_contents": 86, "page_rating_visits": 0, "page_rating_votes": 0, "permanent": false, "source": "https://www.theverge.com/rss/index.xml", "source_obj__id": 359, "status_code": 0, "tags": [], "thumbnail": null, "title": "Avatar: Fire and Ash hits theaters next December", "user": null, "vote": 0}]