[{"age": null, "album": "", "artist": null, "bookmarked": false, "comments": [], "date_published": "2024-08-10T23:00:00+00:00", "description": "Security researcher Bill Demirkapi found more than 15,000 hardcoded secrets and 66,000 vulnerable websites\u2014all by searching overlooked data sources.", "id": 1004227, "language": "en-US", "link": "https://www.wired.com/story/secret-hunting-bill-demirkapi", "manual_status_code": 0, "page_rating": 27, "page_rating_contents": 86, "page_rating_visits": 0, "page_rating_votes": 0, "permanent": false, "source": "https://www.wired.com/feed/rss", "source_obj__id": 394, "status_code": 0, "tags": [], "thumbnail": "https://media.wired.com/photos/66b6dbf403cf03ee058958e1/master/pass/Security_DEFCON_Demirkapi_F19A6994-Edit.jpg", "title": "Thousands of Corporate Secrets Were Left Exposed. This Guy Found Them All", "user": null, "vote": 0}, {"age": null, "album": "", "artist": null, "bookmarked": false, "comments": [], "date_published": "2024-08-10T21:30:00+00:00", "description": "Allan \u201cdwangoAC\u201d has made it his mission to expose speedrunning phonies. At the Defcon hacker conference, he\u2019ll challenge one record that's stood for 15 years.", "id": 1004228, "language": "en-US", "link": "https://www.wired.com/story/the-hacker-who-hunts-video-game-speedrunning-cheaters", "manual_status_code": 0, "page_rating": 27, "page_rating_contents": 86, "page_rating_visits": 0, "page_rating_votes": 0, "permanent": false, "source": "https://www.wired.com/feed/rss", "source_obj__id": 394, "status_code": 0, "tags": [], "thumbnail": "https://media.wired.com/photos/66b6e05f4bc906f7498a8ca9/master/pass/Security_DEFCON_tasbot_20240809_Wired_AllanCecil_005.jpg", "title": "The Hacker Who Hunts Video Game Speedrunning Cheaters", "user": null, "vote": 0}, {"age": null, "album": "", "artist": null, "bookmarked": false, "comments": [], "date_published": "2024-08-10T19:35:00+00:00", "description": "On the hunt for corporate devices being sold secondhand, a researcher found a trove of Apple corporate data, a Mac Mini from the Foxconn assembly line, an iPhone 14 prototype, and more.", "id": 1004229, "language": "en-US", "link": "https://www.wired.com/story/apple-prototypes-corporate-data", "manual_status_code": 0, "page_rating": 27, "page_rating_contents": 86, "page_rating_visits": 0, "page_rating_votes": 0, "permanent": false, "source": "https://www.wired.com/feed/rss", "source_obj__id": 394, "status_code": 0, "tags": [], "thumbnail": "https://media.wired.com/photos/66b629eeb2a442a63ed28083/master/pass/Rogue-Device-Sec-466054650.jpg", "title": "Apple Prototypes and Corporate Secrets Are for Sale Online\u2014If You Know Where to Look", "user": null, "vote": 0}, {"age": null, "album": "", "artist": null, "bookmarked": false, "comments": [], "date_published": "2024-08-10T14:07:00+00:00", "description": "Want some of the benefits of two separate pans, combined into one pan? HexClad has you covered\u2014sort-of.", "id": 1004230, "language": "en-US", "link": "https://www.wired.com/review/hexclad", "manual_status_code": 0, "page_rating": 27, "page_rating_contents": 86, "page_rating_visits": 0, "page_rating_votes": 0, "permanent": false, "source": "https://www.wired.com/feed/rss", "source_obj__id": 394, "status_code": 0, "tags": [], "thumbnail": "https://media.wired.com/photos/66b677f1d9a3d8edfc61c6f7/master/pass/HexClad-Cookware-Reviewer-Collage-082024-SOURCE-Louryn-Strampe.jpg", "title": "HexClad Cookware Review: Unjustifiably Expensive", "user": null, "vote": 0}, {"age": null, "album": "", "artist": null, "bookmarked": false, "comments": [], "date_published": "2024-08-10T12:32:00+00:00", "description": "This wireless surround sound system from LG sounds fantastic, especially if you have one of the brand\u2019s latest TVs.", "id": 1004231, "language": "en-US", "link": "https://www.wired.com/review/lg-s95tr", "manual_status_code": 0, "page_rating": 27, "page_rating_contents": 86, "page_rating_visits": 0, "page_rating_votes": 0, "permanent": false, "source": "https://www.wired.com/feed/rss", "source_obj__id": 394, "status_code": 0, "tags": [], "thumbnail": "https://media.wired.com/photos/66b66e9fb8359bef18cd32d5/master/pass/LG-S95TR-9.1.5-Soundbar-System-Reviewer-Collage-082024-SOURCE-Parker-Hall.jpg", "title": "LG S95TR 9.1.5 Soundbar System Review: Perfect Audio for Your OLED", "user": null, "vote": 0}, {"age": null, "album": "", "artist": null, "bookmarked": false, "comments": [], "date_published": "2024-08-10T12:18:24+00:00", "description": "At a regional chess tournament earlier this month, one competitor was allegedly caught on film lacing her opponent's board with liquid mercury.", "id": 1004232, "language": "en-US", "link": "https://www.wired.com/story/russian-chess-player-poison-board-mercury", "manual_status_code": 0, "page_rating": 27, "page_rating_contents": 86, "page_rating_visits": 0, "page_rating_votes": 0, "permanent": false, "source": "https://www.wired.com/feed/rss", "source_obj__id": 394, "status_code": 0, "tags": [], "thumbnail": "https://media.wired.com/photos/66b65058540fe12c537b8338/master/pass/Mercury-Poison-Chess-Culture-1178930003.jpg", "title": "A Russian Chess Player Allegedly Poisoned Her Opponent With Mercury", "user": null, "vote": 0}, {"age": null, "album": "", "artist": null, "bookmarked": false, "comments": [], "date_published": "2024-08-10T11:50:00+00:00", "description": "This iterative refresh has an excellent 16-inch screen, good performance (for a Chromebook), and great battery life.", "id": 1004233, "language": "en-US", "link": "https://www.wired.com/review/acer-chromebook-plus-516-ge-2024", "manual_status_code": 0, "page_rating": 27, "page_rating_contents": 86, "page_rating_visits": 0, "page_rating_votes": 0, "permanent": false, "source": "https://www.wired.com/feed/rss", "source_obj__id": 394, "status_code": 0, "tags": [], "thumbnail": "https://media.wired.com/photos/66b666fb977799e5dc6499ef/master/pass/Acer-Chromebook-Plus-516-GE-2024-Reviewer-Collage-082024-SOURCE-Daniel-Thorp-Lancaster.jpg", "title": "Acer Chromebook Plus 516 GE Review: A Game-Streaming Laptop", "user": null, "vote": 0}, {"age": null, "album": "", "artist": null, "bookmarked": false, "comments": [], "date_published": "2024-08-10T11:04:00+00:00", "description": "Sonos software still stands in the way of enjoying the company\u2019s gorgeous, innovative hardware.", "id": 1004234, "language": "en-US", "link": "https://www.wired.com/story/sonoss-home-theater-system-rant", "manual_status_code": 0, "page_rating": 27, "page_rating_contents": 86, "page_rating_visits": 0, "page_rating_votes": 0, "permanent": false, "source": "https://www.wired.com/feed/rss", "source_obj__id": 394, "status_code": 0, "tags": [], "thumbnail": "https://media.wired.com/photos/66b66acafa2243e29c9d4423/master/pass/Sonos%20Home%20Theater%20Arc%20Era%20Sub%20Reviewer%20Collage%20082024%20SOURCE%20Adrienne%20So.jpg", "title": "The Sonos \u2018Ultimate\u2019 Home Theater System Needs a Lot of Elbow Grease", "user": null, "vote": 0}, {"age": null, "album": "", "artist": null, "bookmarked": false, "comments": [], "date_published": "2024-08-10T10:00:00+00:00", "description": "A common parasite could one day deliver drugs to the brain. Here's how scientists are turning Toxoplasma gondii from foe into\u00a0friend.", "id": 1004235, "language": "en-US", "link": "https://www.wired.com/story/parasite-drug-delivery", "manual_status_code": 0, "page_rating": 27, "page_rating_contents": 86, "page_rating_visits": 0, "page_rating_votes": 0, "permanent": false, "source": "https://www.wired.com/feed/rss", "source_obj__id": 394, "status_code": 0, "tags": [], "thumbnail": "https://media.wired.com/photos/66b655a176c19e5e40bd95bc/master/pass/GettyImages-1392928028.jpg", "title": "How Do You Get Drugs to the Brain? Maybe Try a Parasite", "user": null, "vote": 0}, {"age": null, "album": "", "artist": null, "bookmarked": false, "comments": [], "date_published": "2024-08-10T08:00:00+00:00", "description": "The closing ceremony of the 2024 Paris Olympic Games will see a symbolic handover from Paris to Los Angeles that also features a performance by the Red Hot Chili Peppers.", "id": 1004236, "language": "en-US", "link": "https://www.wired.com/story/how-to-watch-billie-eilish-and-snoop-dogg-at-summer-olympics-closing-ceremony", "manual_status_code": 0, "page_rating": 27, "page_rating_contents": 86, "page_rating_visits": 0, "page_rating_votes": 0, "permanent": false, "source": "https://www.wired.com/feed/rss", "source_obj__id": 394, "status_code": 0, "tags": [], "thumbnail": "https://media.wired.com/photos/66b6438c977799e5dc6499ed/master/pass/2162877379", "title": "How to Watch Billie Eilish and Snoop Dogg at the Summer Olympics Closing Ceremony", "user": null, "vote": 0}]