[{"age": null, "album": "", "artist": null, "bookmarked": false, "comments": [], "date_published": "2024-08-10T21:00:08+00:00", "description": "Do you need help with your renovation project? \ud83d\udc46\ud83c\udffcHit the JOIN button to access the members only Discord\n\ud83d\udd28Consult directly with Jeff about your project \n\ud83d\udd28Crowdsource information on the best products and materials\n\ud83d\udd28Post your incredible before and after\u2019s\n\ud83d\udd28Meet other DIYers\n\nOnce you've hit JOIN, go to the members tab to find the link to join the members only Discord \ud83d\udc47\ud83c\udffc\nhttps://www.youtube.com/@HomeRenoVisionDIY/membership\n\nToday I am disassembling and demoing my bathroom. Not only will I show you how to properly demo your bathroom,  I am going to share all of the considerations you should have before you renovate your bathroom. \n\nWHAT TO WATCH NEXT:\n\n\u25bahttps://youtu.be/pKLIxwEH8gQ\n\u25ba https://youtu.be/4gygX937LaU\n\u25ba https://youtu.be/PnAbBKBprn4\n\n\nSign up for our newsletter \ud83d\udc49\ud83c\udffc https://homerenovisiondiy.com\n\n\ud83d\udd28 SHOP JEFF'S FAVOURITE TOOLS \ud83d\udd28\n\nTape Measure - https://geni.us/TapeMeasure25FT\n\nDeWALT Mitre Saw - https://geni.us/MiterSaw15Amp\n\nLevel - https://geni.us/BeamLevel72\n\nDeWALT Circular Saw", "id": 1003450, "language": null, "link": "https://www.youtube.com/watch?v=JGs34jpd1R8", "manual_status_code": 0, "page_rating": 27, "page_rating_contents": 86, "page_rating_visits": 0, "page_rating_votes": 0, "permanent": false, "source": "https://www.youtube.com/feeds/videos.xml?channel_id=UCnorhjQR4zJkT7AVNhu395Q", "source_obj__id": 143, "status_code": 0, "tags": [], "thumbnail": "https://i3.ytimg.com/vi/JGs34jpd1R8/hqdefault.jpg", "title": "9 Things to Consider Before you Renovate a Bathroom", "user": null, "vote": 0}]