[{"age": null, "album": "", "artist": null, "bookmarked": false, "comments": [], "date_published": "2024-08-10T21:45:48+00:00", "description": "Your Friendly Neighborhood Spider-Man and Marvel Zombies made an appearance at D23 2024 to show off new footage and reveal some of the classic Marvel characters that will be featured in each show.", "id": 1004805, "language": null, "link": "https://www.ign.com/articles/marvel-animation-reveals-your-friendly-neighborhood-spider-mans-norman-osborn-marvel-zombies-footage-d23-2024", "manual_status_code": 0, "page_rating": 27, "page_rating_contents": 86, "page_rating_visits": 0, "page_rating_votes": 0, "permanent": false, "source": "https://feeds.feedburner.com/ign/all", "source_obj__id": 147, "status_code": 0, "tags": [], "thumbnail": "https://assets-prd.ignimgs.com/2024/08/10/your-friendly-neighborhood-spider-man-1723326646804.png", "title": "Marvel Animation Reveals Your Friendly Neighborhood Spider-Man's Norman Osborn, Marvel Zombies Footage | D23 2024", "user": null, "vote": 0}, {"age": null, "album": "", "artist": null, "bookmarked": false, "comments": [], "date_published": "2024-08-10T20:39:01+00:00", "description": "Marvel Animation came to D23 2024 with behind-closed-doors looks at upcoming Disney+ shows like What If...? Season 3, Eyes of Wakanda, and X-Men \u201897 Season 2.", "id": 1001943, "language": null, "link": "https://www.ign.com/articles/marvel-promises-new-suits-for-x-men-97-season-2-new-characters-in-what-if-season-3-d23-2024", "manual_status_code": 0, "page_rating": 27, "page_rating_contents": 86, "page_rating_visits": 0, "page_rating_votes": 0, "permanent": false, "source": "https://feeds.feedburner.com/ign/all", "source_obj__id": 147, "status_code": 0, "tags": [], "thumbnail": "https://assets-prd.ignimgs.com/2024/05/16/mixcollage-16-may-2024-04-30-pm-7262-1715891462723.jpg", "title": "Marvel Promises New Suits for X-Men '97 Season 2, New Characters in What If...? Season 3 | D23 2024", "user": null, "vote": 0}, {"age": null, "album": "", "artist": null, "bookmarked": false, "comments": [], "date_published": "2024-08-10T20:39:01+00:00", "description": "Marvel Animation came to D23 2024 with behind-closed-doors looks at upcoming Disney+ shows like What If...? Season 3, Eyes of Wakanda, and X-Men \u201897 Season 2.", "id": 1004806, "language": null, "link": "https://www.ign.com/articles/marvel-promises-new-suits-in-x-men-97-season-2-new-characters-in-what-if-season-3-d23-2024", "manual_status_code": 0, "page_rating": 27, "page_rating_contents": 86, "page_rating_visits": 0, "page_rating_votes": 0, "permanent": false, "source": "https://feeds.feedburner.com/ign/all", "source_obj__id": 147, "status_code": 0, "tags": [], "thumbnail": "https://assets-prd.ignimgs.com/2024/05/16/mixcollage-16-may-2024-04-30-pm-7262-1715891462723.jpg", "title": "Marvel Promises New Suits in X-Men '97 Season 2, New Characters in What If...? Season 3 | D23 2024", "user": null, "vote": 0}, {"age": null, "album": "", "artist": null, "bookmarked": false, "comments": [], "date_published": "2024-08-10T19:14:23+00:00", "description": "Longtime Google executive and former YouTube commander Susan Wojcicki has passed away at 56.", "id": 1001944, "language": null, "link": "https://www.ign.com/articles/susan-wojcicki-tech-pioneer-who-drove-googles-youtube-acquisition-dies-at-56", "manual_status_code": 0, "page_rating": 27, "page_rating_contents": 86, "page_rating_visits": 0, "page_rating_votes": 0, "permanent": false, "source": "https://feeds.feedburner.com/ign/all", "source_obj__id": 147, "status_code": 0, "tags": [], "thumbnail": "https://assets-prd.ignimgs.com/2024/08/10/susan-wojcicki-1723314645985.png", "title": "Susan Wojcicki, Tech Pioneer Who Drove Google\u2019s YouTube Acquisition, Dies at 56", "user": null, "vote": 0}, {"age": null, "album": "", "artist": null, "bookmarked": false, "comments": [], "date_published": "2024-08-10T18:49:44+00:00", "description": "Ahead of the Disney Experiences Showcase at D23, we had the chance to speak to Bruce Vaughn, Walt Disney Imagineering President and Chief Creative Officer, about bringing King Thanos and Disneyland's upcoming Avengers' Multiversal attraction to life, the wonder of the HoloTile Floor, and so much more.", "id": 1001945, "language": null, "link": "https://www.ign.com/articles/disney-imagineering-head-bruce-vaughn-on-disneylands-avengers-attraction-the-holotile-floor-and-more-d23-2024", "manual_status_code": 0, "page_rating": 27, "page_rating_contents": 86, "page_rating_visits": 0, "page_rating_votes": 0, "permanent": false, "source": "https://feeds.feedburner.com/ign/all", "source_obj__id": 147, "status_code": 0, "tags": [], "thumbnail": "https://assets-prd.ignimgs.com/2024/08/10/bruce-vaughn-1723312660360.png", "title": "Disney Imagineering Head Bruce Vaughn on Disneyland's Avengers Attraction, the HoloTile Floor, and More | D23 2024", "user": null, "vote": 0}, {"age": null, "album": "", "artist": null, "bookmarked": false, "comments": [], "date_published": "2024-08-10T18:00:00+00:00", "description": "All the Lord of the Rings Blu-rays, extended editions and theatrical releases, that are available to buy right now.", "id": 1001946, "language": null, "link": "https://www.ign.com/articles/every-lord-of-the-rings-blu-ray-movie", "manual_status_code": 0, "page_rating": 27, "page_rating_contents": 86, "page_rating_visits": 0, "page_rating_votes": 0, "permanent": false, "source": "https://feeds.feedburner.com/ign/all", "source_obj__id": 147, "status_code": 0, "tags": [], "thumbnail": "https://assets-prd.ignimgs.com/2024/08/08/return-of-the-king-1037-1723151110747.jpg", "title": "Every Lord of the Rings Blu-Ray You Can Buy Right Now", "user": null, "vote": 0}, {"age": null, "album": "", "artist": null, "bookmarked": false, "comments": [], "date_published": "2024-08-10T15:01:00+00:00", "description": "Don't let the movie be your first visit to the Borderlands franchise.", "id": 1001947, "language": null, "link": "https://www.ign.com/articles/borderlands-games-in-order", "manual_status_code": 0, "page_rating": 27, "page_rating_contents": 86, "page_rating_visits": 0, "page_rating_votes": 0, "permanent": false, "source": "https://feeds.feedburner.com/ign/all", "source_obj__id": 147, "status_code": 0, "tags": [], "thumbnail": "https://assets1.ignimgs.com/2019/09/09/borderlands-3-1568045095923.jpg", "title": "How to Play Every Borderlands Game in Chronological Order", "user": null, "vote": 0}, {"age": null, "album": "", "artist": null, "bookmarked": false, "comments": [], "date_published": "2024-08-10T14:49:06+00:00", "description": "", "id": 1001948, "language": null, "link": "https://www.ign.com/articles/daily-deals-nintendo-switch-lite-elgato-wave3-apple-ipad-and-more", "manual_status_code": 0, "page_rating": 26, "page_rating_contents": 82, "page_rating_visits": 0, "page_rating_votes": 0, "permanent": false, "source": "https://feeds.feedburner.com/ign/all", "source_obj__id": 147, "status_code": 0, "tags": [], "thumbnail": "https://assets-prd.ignimgs.com/2024/08/10/daily-deals-8-10-1723300429827.png", "title": "Daily Deals: Nintendo Switch Lite, Elgato Wave:3, Apple iPad, and More", "user": null, "vote": 0}, {"age": null, "album": "", "artist": null, "bookmarked": false, "comments": [], "date_published": "2024-08-10T13:57:31+00:00", "description": "The Daredevil: Born Again footage revealed at D23 teases that Muse may have a major part to play in the new MCU series. Here's what you need to know about this twisted serial killer.", "id": 1001949, "language": null, "link": "https://www.ign.com/articles/daredevil-born-again-muse-explained-mcu-villain-kingpin", "manual_status_code": 0, "page_rating": 27, "page_rating_contents": 86, "page_rating_visits": 0, "page_rating_votes": 0, "permanent": false, "source": "https://feeds.feedburner.com/ign/all", "source_obj__id": 147, "status_code": 0, "tags": [], "thumbnail": "https://assets-prd.ignimgs.com/2024/08/10/mixcollage-10-aug-2024-09-55-am-9704-1723298110348.jpg", "title": "Daredevil: Born Again's Muse Explained: Who Is Matt Murdock and Wilson Fisk's New Enemy?", "user": null, "vote": 0}, {"age": null, "album": "", "artist": null, "bookmarked": false, "comments": [], "date_published": "2024-08-10T13:37:00+00:00", "description": "Opinion: The Sixth Sense auteur M. Night Shyamalan has endured over 25 years of filmmaking, and his latest film, Trap, helps to explain why.", "id": 1001950, "language": null, "link": "https://www.ign.com/articles/in-defense-of-m-night-shyamalan-trap-movie", "manual_status_code": 0, "page_rating": 27, "page_rating_contents": 86, "page_rating_visits": 0, "page_rating_votes": 0, "permanent": false, "source": "https://feeds.feedburner.com/ign/all", "source_obj__id": 147, "status_code": 0, "tags": [], "thumbnail": "https://assets-prd.ignimgs.com/2024/08/10/trap-m-night-thumb-1723251967674.jpg", "title": "In Defense of M. Night: Trap Shows He Was Never the Problem", "user": null, "vote": 0}, {"age": null, "album": "", "artist": null, "bookmarked": false, "comments": [], "date_published": "2024-08-10T05:15:44+00:00", "description": "Mufasa: The Lion King served as D23's big closing act, with Disney releasing a new trailer that teases Mufasa and Scar's early friendship.", "id": 1001951, "language": null, "link": "https://www.ign.com/articles/mufasa-the-lion-king-new-trailer-teases-mufasa-and-scars-early-friendship-d23-2024", "manual_status_code": 0, "page_rating": 27, "page_rating_contents": 86, "page_rating_visits": 0, "page_rating_votes": 0, "permanent": false, "source": "https://feeds.feedburner.com/ign/all", "source_obj__id": 147, "status_code": 0, "tags": [], "thumbnail": "https://assets-prd.ignimgs.com/2024/08/10/d23-mufasa-blogroll-1723266927690.png", "title": "Mufasa: The Lion King New Trailer Teases Mufasa and Scar's Early Friendship | D23 2024", "user": null, "vote": 0}, {"age": null, "album": "", "artist": null, "bookmarked": false, "comments": [], "date_published": "2024-08-10T04:55:42+00:00", "description": "AI invades the real world in a brand new Tron: Ares trailer shown during D23 2024, with Jeff Bridges and Jared Leto taking the stage at the Disney Entertainment Showcase to show off the new film.", "id": 1001952, "language": null, "link": "https://www.ign.com/articles/tron-ares-first-new-trailer-revealed-as-the-program-invades-the-real-world-d23-2024", "manual_status_code": 0, "page_rating": 27, "page_rating_contents": 86, "page_rating_visits": 0, "page_rating_votes": 0, "permanent": false, "source": "https://feeds.feedburner.com/ign/all", "source_obj__id": 147, "status_code": 0, "tags": [], "thumbnail": "https://assets-prd.ignimgs.com/2024/08/10/d23-tronares-blogroll-1723305747478.png", "title": "Tron: Ares' First New Trailer Revealed as the Program Invades the Real World - D23 2024", "user": null, "vote": 0}, {"age": null, "album": "", "artist": null, "bookmarked": false, "comments": [], "date_published": "2024-08-10T04:52:28+00:00", "description": "", "id": 1001953, "language": null, "link": "https://www.ign.com/articles/disneys-snow-white-serves-up-some-whistle-while-you-work-in-new-footage-at-d23", "manual_status_code": 0, "page_rating": 26, "page_rating_contents": 82, "page_rating_visits": 0, "page_rating_votes": 0, "permanent": false, "source": "https://feeds.feedburner.com/ign/all", "source_obj__id": 147, "status_code": 0, "tags": [], "thumbnail": "https://assets-prd.ignimgs.com/2024/08/10/image-from-ios-1723266500027.jpg", "title": "Disney\u2019s Snow White Serves up Some Whistle While You Work in New Footage at D23", "user": null, "vote": 0}, {"age": null, "album": "", "artist": null, "bookmarked": false, "comments": [], "date_published": "2024-08-10T04:37:18+00:00", "description": "At this year's D23, Disney revealed a first look at Stitch's model in the live-action Lilo & Stitch movie, as well as a new Summer 2025 release window.", "id": 1001954, "language": null, "link": "https://www.ign.com/articles/lilo-stitch-live-action-movie-will-release-in-summer-2025-first-look-at-stitch-revealed-d23-2024", "manual_status_code": 0, "page_rating": 27, "page_rating_contents": 86, "page_rating_visits": 0, "page_rating_votes": 0, "permanent": false, "source": "https://feeds.feedburner.com/ign/all", "source_obj__id": 147, "status_code": 0, "tags": [], "thumbnail": "https://assets-prd.ignimgs.com/2024/08/10/stitch-1723264584745.jpg", "title": "Lilo & Stitch Live-Action Movie Will Release in Summer 2025, First Look at Stitch Revealed | D23 2024", "user": null, "vote": 0}, {"age": null, "album": "", "artist": null, "bookmarked": false, "comments": [], "date_published": "2024-08-10T04:32:30+00:00", "description": "During the Disney Entertainment Showcase at D23 2024, Dwayne \"The Rock\" Johnson took the stage to announce Monster Jam, a new live-action movie about monster trucks that is intended to lean into his love of motor sports.", "id": 1001955, "language": null, "link": "https://www.ign.com/articles/the-rock-starring-disney-in-monster-jam-a-live-action-movie-about-monster-trucks-d23-2024", "manual_status_code": 0, "page_rating": 27, "page_rating_contents": 86, "page_rating_visits": 0, "page_rating_votes": 0, "permanent": false, "source": "https://feeds.feedburner.com/ign/all", "source_obj__id": 147, "status_code": 0, "tags": [], "thumbnail": "https://assets-prd.ignimgs.com/2024/08/10/d23-monsterjam-blogroll-1723263694988.png", "title": "The Rock Starring Disney in Monster Jam, a Live-Action Movie About Monster Trucks - D23 2024", "user": null, "vote": 0}, {"age": null, "album": "", "artist": null, "bookmarked": false, "comments": [], "date_published": "2024-08-10T04:17:35+00:00", "description": "", "id": 1001956, "language": null, "link": "https://www.ign.com/articles/percy-jackson-and-the-olympians-heads-to-the-sea-of-monsters-d23-2024", "manual_status_code": 0, "page_rating": 26, "page_rating_contents": 82, "page_rating_visits": 0, "page_rating_votes": 0, "permanent": false, "source": "https://feeds.feedburner.com/ign/all", "source_obj__id": 147, "status_code": 0, "tags": [], "thumbnail": "https://assets-prd.ignimgs.com/2023/12/30/percythumb-1703960460388.png", "title": "Percy Jackson and the Olympians Heads to the Sea of Monsters | D23 2024", "user": null, "vote": 0}, {"age": null, "album": "", "artist": null, "bookmarked": false, "comments": [], "date_published": "2024-08-10T04:09:28+00:00", "description": "At Disney's annual D23 event, the company provided a new look at Agatha All Along ahead of its premiere on Disney+ next month.", "id": 1001957, "language": null, "link": "https://www.ign.com/articles/agatha-all-along-gets-first-look-footage-showing-off-the-witches-road-d23-2024", "manual_status_code": 0, "page_rating": 27, "page_rating_contents": 86, "page_rating_visits": 0, "page_rating_votes": 0, "permanent": false, "source": "https://feeds.feedburner.com/ign/all", "source_obj__id": 147, "status_code": 0, "tags": [], "thumbnail": "https://assets-prd.ignimgs.com/2024/08/10/agatha-all-along-poster-1723263609507.png", "title": "Agatha All Along Gets Official New Trailer Showing Off the Witches' Road - D23 2024", "user": null, "vote": 0}, {"age": null, "album": "", "artist": null, "bookmarked": false, "comments": [], "date_published": "2024-08-10T04:05:12+00:00", "description": "Marvel Studios has showed off some more footage of upcoming series Ironheart behind closed doors at this year's D23.", "id": 1001958, "language": null, "link": "https://www.ign.com/articles/marvels-ironheart-unveils-new-footage-at-d23-teasing-the-risks-riri-will-take-to-build-her-suit", "manual_status_code": 0, "page_rating": 27, "page_rating_contents": 86, "page_rating_visits": 0, "page_rating_votes": 0, "permanent": false, "source": "https://feeds.feedburner.com/ign/all", "source_obj__id": 147, "status_code": 0, "tags": [], "thumbnail": "https://assets-prd.ignimgs.com/2024/08/10/d23-ironheart-blogroll-1723262546081.png", "title": "Marvel's Ironheart Unveils New Footage at D23 2024, Teasing the Risks Riri Will Take to Build Her Suit", "user": null, "vote": 0}, {"age": null, "album": "", "artist": null, "bookmarked": false, "comments": [], "date_published": "2024-08-10T04:02:42+00:00", "description": "Marvel Studios has finally shared the first trailer for Daredevil: Born Again at D23 2024", "id": 1001959, "language": null, "link": "https://www.ign.com/articles/daredevil-born-again-gets-first-official-trailer-revealed-d23-2024", "manual_status_code": 0, "page_rating": 27, "page_rating_contents": 86, "page_rating_visits": 0, "page_rating_votes": 0, "permanent": false, "source": "https://feeds.feedburner.com/ign/all", "source_obj__id": 147, "status_code": 0, "tags": [], "thumbnail": "https://assets-prd.ignimgs.com/2021/11/15/marvel-daredevil-project-1636981772159.jpeg", "title": "Daredevil: Born Again Gets First Official Trailer Reveal - D23 2024", "user": null, "vote": 0}, {"age": null, "album": "", "artist": null, "bookmarked": false, "comments": [], "date_published": "2024-08-10T03:44:52+00:00", "description": "The Mandalorian & Grogu is set to bring Star Wars back to the big screen, and Dave Filoni and Jon Favreau were on hand to show off the first footage, which includes what might just be a glimpse of Hoth.", "id": 1001960, "language": null, "link": "https://www.ign.com/articles/the-mandalorian-grogu-first-footage-revealed-including-what-might-be-hoth-d23-2024", "manual_status_code": 0, "page_rating": 27, "page_rating_contents": 86, "page_rating_visits": 0, "page_rating_votes": 0, "permanent": false, "source": "https://feeds.feedburner.com/ign/all", "source_obj__id": 147, "status_code": 0, "tags": [], "thumbnail": "https://assets-prd.ignimgs.com/2024/08/10/d23-mandaloriangrogu-blogroll-1723261396225.png", "title": "The Mandalorian & Grogu First Footage Revealed, Including What Might be Hoth - D23 2024", "user": null, "vote": 0}, {"age": null, "album": "", "artist": null, "bookmarked": false, "comments": [], "date_published": "2024-08-10T03:36:16+00:00", "description": "", "id": 1001961, "language": null, "link": "https://www.ign.com/articles/andor-season-2-details-revealed-at-d23-2024-with-teaser-krennic-and-k-2so-return-confirmed", "manual_status_code": 0, "page_rating": 26, "page_rating_contents": 82, "page_rating_visits": 0, "page_rating_votes": 0, "permanent": false, "source": "https://feeds.feedburner.com/ign/all", "source_obj__id": 147, "status_code": 0, "tags": [], "thumbnail": "https://assets-prd.ignimgs.com/2022/09/16/andor-1-4-blog-1663343108422.jpg", "title": "Andor Season 2 Details Revealed at D23 2024 With Teaser, Krennic and K-2SO Return Confirmed", "user": null, "vote": 0}, {"age": null, "album": "", "artist": null, "bookmarked": false, "comments": [], "date_published": "2024-08-10T03:30:50+00:00", "description": "The first trailer for Star Wars: Skeleton Crew was finally unveiled as part of D23 2024.", "id": 1001962, "language": null, "link": "https://www.ign.com/articles/star-wars-skeleton-crew-reveals-first-trailer-teasing-a-goonies-esque-adventure-d23-2024", "manual_status_code": 0, "page_rating": 27, "page_rating_contents": 86, "page_rating_visits": 0, "page_rating_votes": 0, "permanent": false, "source": "https://feeds.feedburner.com/ign/all", "source_obj__id": 147, "status_code": 0, "tags": [], "thumbnail": "https://assets-prd.ignimgs.com/2024/08/10/d23-skeletoncrew-blogroll-1723260599416.png", "title": "Star Wars: Skeleton Crew Reveals First Trailer, Teasing a Goonies-Esque Adventure | D23 2024", "user": null, "vote": 0}]