[{"age": null, "album": "", "artist": null, "bookmarked": false, "comments": [], "date_published": "2024-06-04T20:36:16+00:00", "description": "Discover the #1 prayer app in the world https://hallow.com/brand\n\nMarjorie Taylor Greene launched a direct attack on Dr. Anthony Fauci, who returned to testify Monday before the Senate Oversight Committee for the first time since his retirement\n\nSupport Me Directly HERE: https://rb.rumble.com\n\nWATCH me LIVE weekdays on Rumble: https://bit.ly/russellbrand-rumble\n\nAll links: https://linktr.ee/RussellBrand", "language": null, "link": "https://www.youtube.com/watch?v=H79ceKiZkoo", "manual_status_code": 0, "page_rating": 32, "page_rating_contents": 100, "page_rating_visits": 0, "page_rating_votes": 0, "permanent": false, "source": "https://www.youtube.com/feeds/videos.xml?channel_id=UCswH8ovgUp5Bdg-0_JTYFNw", "source_obj__id": 286, "status_code": 0, "tags": [], "thumbnail": "https://i1.ytimg.com/vi/H79ceKiZkoo/hqdefault.jpg", "title": "Fauci Struggles to Hide His Anger as Marjorie Taylor Greene Destroys Him With Facts", "user": null, "vote": 0}, {"age": null, "album": "", "artist": null, "bookmarked": false, "comments": [], "date_published": "2024-06-04T17:34:39+00:00", "description": "Turn to Tax Network USA: Call 1(800)245-6000 or visit https://taxnetworkusa.com/brand.\n\nAntony Blinken was interrupted by pro-Palestinian protesters during a Senate hearing. \n\nSupport Me Directly HERE: https://rb.rumble.com\n\nWATCH me LIVE weekdays on Rumble: https://bit.ly/russellbrand-rumble\n\nAll links: https://linktr.ee/RussellBrand", "language": null, "link": "https://www.youtube.com/watch?v=IAErkU6wyxo", "manual_status_code": 0, "page_rating": 32, "page_rating_contents": 100, "page_rating_visits": 0, "page_rating_votes": 0, "permanent": false, "source": "https://www.youtube.com/feeds/videos.xml?channel_id=UCswH8ovgUp5Bdg-0_JTYFNw", "source_obj__id": 286, "status_code": 0, "tags": [], "thumbnail": "https://i2.ytimg.com/vi/IAErkU6wyxo/hqdefault.jpg", "title": "Blinken Stunned As Protesters Humiliate Him On Biden\u2019s War Crimes", "user": null, "vote": 0}, {"age": null, "album": "", "artist": null, "bookmarked": false, "comments": [], "date_published": "2024-06-04T15:58:31+00:00", "description": "Call 1(800)245-6000 or visit https://taxnetworkusa.com/brand\n\n#1 prayer app in the world https://hallow.com/brand\n\nRUMBLE: https://bit.ly/stayfree378-YTstream\n\nIn today\u2019s show, reaction to all the big talking points from Dr. Anthony Fauci\u2019s House Oversight Select Subcommittee hearing in which he denied attempting to suppress the lab leak theory, and answered questions on the six-feet distancing rule, the masking of schoolchildren and other pandemic-era restrictions.\n\nStay tuned. Join the awakening wonders community here: https://bit.ly/RussellBrand-Support\n\nVisit the new merch store: https://bit.ly/Stay-Free-Store\n\nCheck out social medias and more: https://linktr.ee/RussellBrand", "language": null, "link": "https://www.youtube.com/watch?v=XEx9yOORlhM", "manual_status_code": 0, "page_rating": 32, "page_rating_contents": 100, "page_rating_visits": 0, "page_rating_votes": 0, "permanent": false, "source": "https://www.youtube.com/feeds/videos.xml?channel_id=UCswH8ovgUp5Bdg-0_JTYFNw", "source_obj__id": 286, "status_code": 0, "tags": [], "thumbnail": "https://i1.ytimg.com/vi/XEx9yOORlhM/hqdefault.jpg", "title": "Fauci To JAIL? DESTROYED By MTG + Trump\u2019s MEGA Fundraising Haul! - Stay Free 378", "user": null, "vote": 0}, {"age": null, "album": "", "artist": null, "bookmarked": false, "comments": [], "date_published": "2024-06-04T11:15:36+00:00", "description": "Call 1(800)245-6000 or visit https://taxnetworkusa.com/brand\n\n#1 prayer app in the world https://hallow.com/brand\n\nCONTINUE WATCHING ON RUMBLE: https://bit.ly/stayfree378-YTlive\n\nIn today\u2019s show, reaction to all the big talking points from Dr. Anthony Fauci\u2019s House Oversight Select Subcommittee hearing in which he denied attempting to suppress the lab leak theory, and answered questions on the six-feet distancing rule, the masking of schoolchildren and other pandemic-era restrictions. \n\nStay tuned. Join the awakening wonders community here: https://bit.ly/RussellBrand-Support  \n\nVisit the new merch store: https://bit.ly/Stay-Free-Store  \n\nCheck out social medias and more: https://linktr.ee/RussellBrand", "language": null, "link": "https://www.youtube.com/watch?v=VAJQLkoXD1I", "manual_status_code": 0, "page_rating": 32, "page_rating_contents": 100, "page_rating_visits": 0, "page_rating_votes": 0, "permanent": false, "source": "https://www.youtube.com/feeds/videos.xml?channel_id=UCswH8ovgUp5Bdg-0_JTYFNw", "source_obj__id": 286, "status_code": 0, "tags": [], "thumbnail": "https://i3.ytimg.com/vi/VAJQLkoXD1I/hqdefault.jpg", "title": "Fauci To JAIL? DESTROYED By MTG + Trump\u2019s MEGA Fundraising Haul! - Stay Free 378", "user": null, "vote": 0}]