[{"age": null, "album": "", "artist": null, "bookmarked": false, "comments": [], "date_published": "2024-06-04T19:00:00+00:00", "description": "<img alt=\"\" class=\"attachment-full size-full wp-post-image\" height=\"1346\" src=\"https://konto.chip.pl/wp-content/uploads/2024/06/kondensat-bosego-einsteina.jpg\" style=\"margin-bottom: 10px;\" width=\"1600\" /><p><img src=\"https://konto.chip.pl/wp-content/uploads/2024/06/kondensat-bosego-einsteina.jpg\" style=\"display: block; margin: 1em auto;\" /></p>\n<p>Termin zero absolutne odnosi si\u0119 do najni\u017cszej mo\u017cliwej do osi\u0105gni\u0119cia temperatury w ca\u0142ym wszech\u015bwiecie. Naukowcy ze Stan\u00f3w Zjednoczonych wykorzystali warto\u015b\u0107 o u\u0142amek stopnia wy\u017csz\u0105 do uzyskania prawie niespotykanego stanu kwantowego. Za tym niebywa\u0142ym osi\u0105gni\u0119ciem stoj\u0105 przedstawiciele Uniwersytetu Columbia. Uzyskana przez nich temperatura wynios\u0142a -273,14 stopnia Celsjusza. Gwoli \u015bcis\u0142o\u015bci, wspomniane zero absolutne oznacza -273,15 stopnia Celsjusza. [&#8230;]</p>", "language": "pl-PL", "link": "https://www.chip.pl/2024/06/stan-kwantowy-kondensat-bosego-einsteina", "manual_status_code": 0, "page_rating": 32, "page_rating_contents": 100, "page_rating_visits": 0, "page_rating_votes": 0, "permanent": false, "source": "https://www.chip.pl/feed", "source_obj__id": 69, "status_code": 0, "tags": [], "thumbnail": null, "title": "Osi\u0105gn\u0119li rzadko spotykany stan kwantowy. Tamtejsza temperatura by\u0142a niemal najni\u017csza we wszech\u015bwiecie", "user": null, "vote": 0}, {"age": null, "album": "", "artist": null, "bookmarked": false, "comments": [], "date_published": "2024-06-04T18:00:24+00:00", "description": "<img alt=\"\" class=\"attachment-full size-full wp-post-image\" height=\"1183\" src=\"https://konto.chip.pl/wp-content/uploads/2024/06/honor-magic-v-flip-zdjecia-9.jpg\" style=\"margin-bottom: 10px;\" width=\"1936\" /><p><img src=\"https://konto.chip.pl/wp-content/uploads/2024/06/honor-magic-v-flip-zdjecia-9.jpg\" style=\"display: block; margin: 1em auto;\" /></p>\n<p>Trwaj\u0105 intensywne prace nad kolejnym sk\u0142adanym smartfonem z klapk\u0105. Honor Magic V Flip zbli\u017ca si\u0119 do swojej premiery i wygl\u0105da na to, \u017ce b\u0119dzie mia\u0142 do zaoferowania naprawd\u0119 sporo, a pod wieloma wzgl\u0119dami nawet wi\u0119cej ni\u017c modele konkurencji. Przyjrzyjmy si\u0119 mu bli\u017cej. Honor Magic V Flip \u2014 co oferuje? Chocia\u017c to sk\u0142adaki z klapk\u0105 ciesz\u0105 [&#8230;]</p>", "language": "pl-PL", "link": "https://www.chip.pl/2024/06/honor-magic-v-flip-wyglad-specyfikacja-data-premiery", "manual_status_code": 0, "page_rating": 32, "page_rating_contents": 100, "page_rating_visits": 0, "page_rating_votes": 0, "permanent": false, "source": "https://www.chip.pl/feed", "source_obj__id": 69, "status_code": 0, "tags": [], "thumbnail": null, "title": "Pod tym wzgl\u0119dem nadchodz\u0105cy Honor Magic V Flip zawstydzi wszystkie inne sk\u0142adaki z klapk\u0105", "user": null, "vote": 0}, {"age": null, "album": "", "artist": null, "bookmarked": false, "comments": [], "date_published": "2024-06-04T17:00:00+00:00", "description": "<img alt=\"\" class=\"attachment-full size-full wp-post-image\" height=\"1080\" src=\"https://konto.chip.pl/wp-content/uploads/2024/06/steve.jpg\" style=\"margin-bottom: 10px;\" width=\"1920\" /><p><img src=\"https://konto.chip.pl/wp-content/uploads/2024/06/steve.jpg\" style=\"display: block; margin: 1em auto;\" /></p>\n<p>Cho\u0107 ludzko\u015b\u0107 w nocne niebo spogl\u0105da od zarania dziej\u00f3w, to wci\u0105\u017c jest w stanie znajdowa\u0107 na nim co\u015b nowego. Doskona\u0142ym przyk\u0142adem takiego zjawiska jest odkryty dopiero w 2016 roku STEVE, fioletowa wst\u0119ga pojawiaj\u0105ca si\u0119 na niebie i na sw\u00f3j spos\u00f3b przypominaj\u0105ca zorz\u0119 polarn\u0105. Jak si\u0119 teraz okazuje, STEVE posiada jeszcze zjawisko bli\u017aniacze, kt\u00f3re pojawia si\u0119 [&#8230;]</p>", "language": "pl-PL", "link": "https://www.chip.pl/2024/06/steve-i-jego-poranny-blizniak", "manual_status_code": 0, "page_rating": 32, "page_rating_contents": 100, "page_rating_visits": 0, "page_rating_votes": 0, "permanent": false, "source": "https://www.chip.pl/feed", "source_obj__id": 69, "status_code": 0, "tags": [], "thumbnail": null, "title": "Tu\u017c przed \u015bwitem na niebie mo\u017cna zobaczy\u0107 fioletow\u0105 wst\u0119g\u0119. Co to takiego?", "user": null, "vote": 0}, {"age": null, "album": "", "artist": null, "bookmarked": false, "comments": [], "date_published": "2024-06-04T16:00:00+00:00", "description": "<img alt=\"\" class=\"attachment-full size-full wp-post-image\" height=\"1280\" src=\"https://konto.chip.pl/wp-content/uploads/2024/06/snapdragon-x-elite-13.jpg\" style=\"margin-bottom: 10px;\" width=\"1920\" /><p><img src=\"https://konto.chip.pl/wp-content/uploads/2024/06/snapdragon-x-elite-13.jpg\" style=\"display: block; margin: 1em auto;\" /></p>\n<p>Jak jest na rynku konsumenckich pecetowych CPU to z grubsza wiemy, ale jak sytuacja b\u0119dzie wygl\u0105da\u0107 za kolejne pi\u0119\u0107 lat? Pod koniec tej dekady mo\u017cemy si\u0119 obudzi\u0107 w kompletnie innym krajobrazie, a przynajmniej takie wizje kre\u015bl\u0105 przed nami ci, kt\u00f3rzy s\u0105 na tym rynku stosunkowo od niedawna. Mowa rzecz jasna o Arm i Qualcomm, a [&#8230;]</p>", "language": "pl-PL", "link": "https://www.chip.pl/2024/06/qualcomm-snapdragon-x-windows-prognozy", "manual_status_code": 0, "page_rating": 32, "page_rating_contents": 100, "page_rating_visits": 0, "page_rating_votes": 0, "permanent": false, "source": "https://www.chip.pl/feed", "source_obj__id": 69, "status_code": 0, "tags": [], "thumbnail": "https://konto.chip.pl/wp-content/uploads/2024/06/snapdragon-x-elite-13.jpg", "title": "Arm i Qualcomm chc\u0105 wywr\u00f3ci\u0107 stolik z procesorami na rynku pecet\u00f3w z Windowsem", "user": null, "vote": 0}, {"age": null, "album": "", "artist": null, "bookmarked": false, "comments": [], "date_published": "2024-06-04T15:30:00+00:00", "description": "<img alt=\"\" class=\"attachment-full size-full wp-post-image\" height=\"1280\" src=\"https://konto.chip.pl/wp-content/uploads/2023/11/iphone-15-pro-max-plus-02.jpg\" style=\"margin-bottom: 10px;\" width=\"1920\" /><p><img src=\"https://konto.chip.pl/wp-content/uploads/2023/11/iphone-15-pro-max-plus-02.jpg\" style=\"display: block; margin: 1em auto;\" /></p>\n<p>Ostatnio nie ma tygodnia, by nie pojawia\u0142y si\u0119 nowe raporty zwi\u0105zane z tym, co do zaoferowania b\u0119d\u0105 mia\u0142y nadchodz\u0105ce smartfony Apple\u2019a. Seria iPhone 16 zapowiada si\u0119 \u015bwietnie i to nie tylko z powodu sztucznej inteligencji, kt\u00f3r\u0105 na pok\u0142ad urz\u0105dze\u0144 przyniesie iOS 18. iPhone 16 to nie tylko sztuczna inteligencja Ju\u017c 10 czerwca odb\u0119dzie si\u0119 tegoroczna [&#8230;]</p>", "language": "pl-PL", "link": "https://www.chip.pl/2024/06/iphone-16-pojemnosc-baterii", "manual_status_code": 0, "page_rating": 32, "page_rating_contents": 100, "page_rating_visits": 0, "page_rating_votes": 0, "permanent": false, "source": "https://www.chip.pl/feed", "source_obj__id": 69, "status_code": 0, "tags": [], "thumbnail": null, "title": "Kolejny dzie\u0144, kolejne wie\u015bci o serii iPhone 16. Apple zapewni nam \u015bwietne ulepszenie", "user": null, "vote": 0}, {"age": null, "album": "", "artist": null, "bookmarked": false, "comments": [], "date_published": "2024-06-04T15:00:00+00:00", "description": "<img alt=\"\" class=\"attachment-full size-full wp-post-image\" height=\"788\" src=\"https://konto.chip.pl/wp-content/uploads/2021/10/samsung-galaxy-watch4-40mm-11.jpg\" style=\"margin-bottom: 10px;\" width=\"1400\" /><p><img src=\"https://konto.chip.pl/wp-content/uploads/2021/10/samsung-galaxy-watch4-40mm-11.jpg\" style=\"display: block; margin: 1em auto;\" /></p>\n<p>Fanowskie smartfony Samsunga, pomimo pewnych problem\u00f3w po drodze, odnios\u0142y spory sukces. Nic wi\u0119c dziwnego, \u017ce sporo m\u00f3wi si\u0119 o rozszerzeniu serii FE tak\u017ce na inne urz\u0105dzenia poza telefonami i tabletami. Ju\u017c od jakiego\u015b czasu przecieki wskazuj\u0105 na rych\u0142e pojawienie si\u0119 Galaxy Watch FE Tani smartwatch od po\u0142udniowokorea\u0144skiego giganta nadchodzi. Co wiemy o Galaxy Watch FE? [&#8230;]</p>", "language": "pl-PL", "link": "https://www.chip.pl/2024/06/samsung-galaxy-watch-fe-oprogramowanie-testowe", "manual_status_code": 0, "page_rating": 32, "page_rating_contents": 100, "page_rating_visits": 0, "page_rating_votes": 0, "permanent": false, "source": "https://www.chip.pl/feed", "source_obj__id": 69, "status_code": 0, "tags": [], "thumbnail": null, "title": "Galaxy Watch FE zbli\u017ca si\u0119 do premiery. Wiemy o nim ju\u017c prawie wszystko", "user": null, "vote": 0}, {"age": null, "album": "", "artist": null, "bookmarked": false, "comments": [], "date_published": "2024-06-04T13:45:00+00:00", "description": "<img alt=\"\" class=\"attachment-full size-full wp-post-image\" height=\"1280\" src=\"https://konto.chip.pl/wp-content/uploads/2024/05/loewe-stellar-01.jpg\" style=\"margin-bottom: 10px;\" width=\"1920\" /><p><img src=\"https://konto.chip.pl/wp-content/uploads/2024/05/loewe-stellar-01.jpg\" style=\"display: block; margin: 1em auto;\" /></p>\n<p>Szanowni Pa\u0144stwo nie jest to clickbait. Widzia\u0142em nowe telewizory Stellar niemieckiej marki Loewe i oni autentycznie zrobili obudowy telewizor\u00f3w z betonu. A to tylko pocz\u0105tek ciekawostek, bo maj\u0105 te\u017c pod\u015bwietlenie, kt\u00f3re nie jest Ambilightem i panel o przek\u0105tnej 97 cali. Nowe telewizory Loewe Stellar maj\u0105\u00a0\u015bwietne panele OLED lub&#8230; du\u017ce panele OLED Loewe Stellar to nowa, [&#8230;]</p>", "language": "pl-PL", "link": "https://www.chip.pl/2024/06/piekny-ekran-oled-zakuty-w-betonie-loewe-pokazuje-nowe-telewizory", "manual_status_code": 0, "page_rating": 32, "page_rating_contents": 100, "page_rating_visits": 0, "page_rating_votes": 0, "permanent": false, "source": "https://www.chip.pl/feed", "source_obj__id": 69, "status_code": 0, "tags": [], "thumbnail": null, "title": "Pi\u0119kny ekran OLED zakuty w\u2026 betonie. Loewe pokazuje nowe telewizory", "user": null, "vote": 0}, {"age": null, "album": "", "artist": null, "bookmarked": false, "comments": [], "date_published": "2024-06-04T13:30:00+00:00", "description": "<img alt=\"\" class=\"attachment-full size-full wp-post-image\" height=\"960\" src=\"https://konto.chip.pl/wp-content/uploads/2024/06/huawei-matebook-14-2024-eye-prot.jpg\" style=\"margin-bottom: 10px;\" width=\"1312\" /><p><img src=\"https://konto.chip.pl/wp-content/uploads/2024/06/huawei-matebook-14-2024-eye-prot.jpg\" style=\"display: block; margin: 1em auto;\" /></p>\n<p>Notebooki MateBook i MateBook X zyska\u0142y sobie w Polsce niema\u0142e grono zwolennik\u00f3w i nie bez powodu. U\u017cytkownicy za rozs\u0105dne pieni\u0105dze otrzymywali co najmniej dobre wyposa\u017cenie, bardzo estetyczne wykonanie i \u2013 co nie bez znaczenia \u2013 system, kt\u00f3ry zaraz po wyj\u0119ciu z pude\u0142ka dzia\u0142a\u0142, jak nale\u017cy i nie wymaga\u0142 czyszczenia ze zb\u0119dnych aplikacji. Kolejna edycja zachowuje [&#8230;]</p>", "language": "pl-PL", "link": "https://www.chip.pl/2024/06/huawei-matebook-14-2024-x-pro-2024-premiera", "manual_status_code": 0, "page_rating": 32, "page_rating_contents": 100, "page_rating_visits": 0, "page_rating_votes": 0, "permanent": false, "source": "https://www.chip.pl/feed", "source_obj__id": 69, "status_code": 0, "tags": [], "thumbnail": null, "title": "Huawei MateBook 14 2024 i MateBook X Pro 2024 \u2013 innowacji pod mask\u0105 nie zabrak\u0142o", "user": null, "vote": 0}, {"age": null, "album": "", "artist": null, "bookmarked": false, "comments": [], "date_published": "2024-06-04T13:00:00+00:00", "description": "<img alt=\"\" class=\"attachment-full size-full wp-post-image\" height=\"721\" src=\"https://konto.chip.pl/wp-content/uploads/2024/06/1_MW_4_MWh_Turner_Energy_Storage_Project_in_Pullman_WA.jpg\" style=\"margin-bottom: 10px;\" width=\"1280\" /><p><img src=\"https://konto.chip.pl/wp-content/uploads/2024/06/1_MW_4_MWh_Turner_Energy_Storage_Project_in_Pullman_WA.jpg\" style=\"display: block; margin: 1em auto;\" /></p>\n<p>Zarz\u0105dzanie rynkiem mocy wcale nie nale\u017cy do rzeczy \u0142atwych. Odnawialne \u017ar\u00f3d\u0142a energii generuj\u0105 olbrzymie nadwy\u017cki, kt\u00f3re obecnie decyzjami PSE id\u0105 w pewnym sensie na zmarnowanie. Magazyny energii mog\u0142yby naprawi\u0107 te sytuacj\u0119, ale czy Polska mo\u017ce si\u0119 pochwali\u0107 jak\u0105\u015b ich zdumiewaj\u0105c\u0105 liczb\u0105? Niestety nie. Nowa propozycja prawa zdaniem niekt\u00f3rych r\u00f3wnie\u017c nie napawa optymizmem. Z technologi\u0105 magazyn\u00f3w [&#8230;]</p>", "language": "pl-PL", "link": "https://www.chip.pl/2024/06/polska-ma-problem-z-magazynami-energii", "manual_status_code": 0, "page_rating": 32, "page_rating_contents": 100, "page_rating_visits": 0, "page_rating_votes": 0, "permanent": false, "source": "https://www.chip.pl/feed", "source_obj__id": 69, "status_code": 0, "tags": [], "thumbnail": null, "title": "Polska ma problem z magazynami energii. Nowe prawo nie brzmi, jakby mia\u0142o by\u0107 lepiej", "user": null, "vote": 0}, {"age": null, "album": "", "artist": null, "bookmarked": false, "comments": [], "date_published": "2024-06-04T12:45:50+00:00", "description": "<img alt=\"\" class=\"attachment-full size-full wp-post-image\" height=\"1280\" src=\"https://konto.chip.pl/wp-content/uploads/2023/06/seriale-hbo-na-netfliksie.jpg\" style=\"margin-bottom: 10px;\" width=\"1920\" /><p><img src=\"https://konto.chip.pl/wp-content/uploads/2023/06/seriale-hbo-na-netfliksie.jpg\" style=\"display: block; margin: 1em auto;\" /></p>\n<p>Warner Bros. Discovery \u2013 w\u0142a\u015bciciel TVN, HBO oraz startuj\u0105cej 11 czerwca 2024 platformy MAX og\u0142osi\u0142 ceny pakiet\u00f3w na polskim rynku. Zdania w\u0142odarzy serwisu i pierwsze opinie u\u017cytkownik\u00f3w dosy\u0107 mocno si\u0119 od siebie r\u00f3\u017cni\u0105. \u015awietne ceny, tylko kt\u00f3re? Trzy bazowe pakiety subskrypcyjne i jeden dodatkowy dost\u0119pne b\u0119d\u0105 w \u015bwietnych cenach, ju\u017c od 19,99 z\u0142 miesi\u0119cznie &#8211; [&#8230;]</p>", "language": "pl-PL", "link": "https://www.chip.pl/2024/06/hbo-max-nowe-ceny-abonament-vod", "manual_status_code": 0, "page_rating": 32, "page_rating_contents": 100, "page_rating_visits": 0, "page_rating_votes": 0, "permanent": false, "source": "https://www.chip.pl/feed", "source_obj__id": 69, "status_code": 0, "tags": [], "thumbnail": null, "title": "\u015awietne ceny MAX \u2013 oksymoron z korpoba\u0144ki", "user": null, "vote": 0}, {"age": null, "album": "", "artist": null, "bookmarked": false, "comments": [], "date_published": "2024-06-04T12:30:00+00:00", "description": "<img alt=\"Microsoft Edge\" class=\"attachment-full size-full wp-post-image\" height=\"578\" src=\"https://konto.chip.pl/wp-content/uploads/2024/01/Edge.jpg\" style=\"margin-bottom: 10px;\" width=\"941\" /><p><img src=\"https://konto.chip.pl/wp-content/uploads/2024/01/Edge.jpg\" style=\"display: block; margin: 1em auto;\" /></p>\n<p>Microsoft udost\u0119pni\u0142 niezapowiedzian\u0105 \u0142atk\u0119 dla przegl\u0105darki Edge w edycji 125. Ma ona jeden cel &#8211; za\u0142ata\u0107 a\u017c siedem podatno\u015bci, kt\u00f3rych nie wykryto przy wypuszczaniu wersji stabilnej. Jakie jest zagro\u017cenie dla os\u00f3b, kt\u00f3re nie wprowadz\u0105 aktualizacji? Niestety -takie sytuacje jak dzisiejsza zdarzaj\u0105 si\u0119 cz\u0119sto. Nie zawsze odpowiadaj\u0105 za nie sami tw\u00f3rcy przegl\u0105darki. Czasem winny jest sam [&#8230;]</p>", "language": "pl-PL", "link": "https://www.chip.pl/2024/06/microsoft-edge-aktualizacja-przegladarki-2", "manual_status_code": 0, "page_rating": 32, "page_rating_contents": 100, "page_rating_visits": 0, "page_rating_votes": 0, "permanent": false, "source": "https://www.chip.pl/feed", "source_obj__id": 69, "status_code": 0, "tags": [], "thumbnail": null, "title": "Zaktualizuj Edge jak najszybciej. W przegl\u0105darce odkryto a\u017c siedem powa\u017cnych podatno\u015bci!", "user": null, "vote": 0}, {"age": null, "album": "", "artist": null, "bookmarked": false, "comments": [], "date_published": "2024-06-04T12:00:00+00:00", "description": "<img alt=\"Claw 8 AI Plus\" class=\"attachment-full size-full wp-post-image\" height=\"540\" src=\"https://konto.chip.pl/wp-content/uploads/2024/06/Claw-8-AI-Plus.jpg\" style=\"margin-bottom: 10px;\" width=\"960\" /><p><img src=\"https://konto.chip.pl/wp-content/uploads/2024/06/Claw-8-AI-Plus.jpg\" style=\"display: block; margin: 1em auto;\" /></p>\n<p>Na targach Computex 2024 MSI pokaza\u0142o nie tylko nowe laptopy wykorzystuj\u0105ce sztuczn\u0105 inteligencj\u0119, ale tak\u017ce potwierdzi\u0142o istnienie handhelda Claw 8 AI Plus. I to zaledwie trzy miesi\u0105ce po premierze swojego pierwszego! A r\u00f3\u017cnica taka, \u017ce tego pierwszego&#8230; nie op\u0142aca si\u0119 kupowa\u0107. Co prawda samo MSI nie dokona\u0142o oficjalnej prezentacji, ale przedstawiciele firmy wygadali si\u0119 na [&#8230;]</p>", "language": "pl-PL", "link": "https://www.chip.pl/2024/06/msi-handheld-claw-8-ai-plus-specyfikacja", "manual_status_code": 0, "page_rating": 32, "page_rating_contents": 100, "page_rating_visits": 0, "page_rating_votes": 0, "permanent": false, "source": "https://www.chip.pl/feed", "source_obj__id": 69, "status_code": 0, "tags": [], "thumbnail": null, "title": "MSI potwierdza handheld Claw 8 AI Plus. Na pok\u0142adzie procesor Lunar Lake", "user": null, "vote": 0}, {"age": null, "album": "", "artist": null, "bookmarked": false, "comments": [], "date_published": "2024-06-04T11:00:00+00:00", "description": "<img alt=\"\" class=\"attachment-full size-full wp-post-image\" height=\"1707\" src=\"https://konto.chip.pl/wp-content/uploads/2024/06/cybertarcza-scaled.jpg\" style=\"margin-bottom: 10px;\" width=\"2560\" /><p><img src=\"https://konto.chip.pl/wp-content/uploads/2024/06/cybertarcza-scaled.jpg\" style=\"display: block; margin: 1em auto;\" /></p>\n<p>Jeste\u015bmy w gor\u0105cym przedwyborczym okresie, wi\u0119c wszelkie konferencje polityk\u00f3w lepiej traktowa\u0107 z dystansem. Kolejny przyk\u0142ad na to mieli\u015bmy wczoraj &#8211; zapowied\u017a przeznaczenia gigantycznych pieni\u0119dzy na &#8220;cybertarcz\u0119, kt\u00f3ra ma wzmacnia\u0107 odporno\u015b\u0107 infrastruktury krytycznej&#8221;. Media bran\u017cowe zd\u0105\u017cy\u0142y ju\u017c wypunktowa\u0107 brak jakichkolwiek konkret\u00f3w czy nawet umocowania w obowi\u0105zuj\u0105cych ustawach, kt\u00f3re projekt jakkolwiek by uwiarygadnia\u0142o, ale na tym kuriozum [&#8230;]</p>", "language": "pl-PL", "link": "https://www.chip.pl/2024/06/ministerstwo-cyfryzacji-cybertarcza-i-znow-yeti", "manual_status_code": 0, "page_rating": 32, "page_rating_contents": 100, "page_rating_visits": 0, "page_rating_votes": 0, "permanent": false, "source": "https://www.chip.pl/feed", "source_obj__id": 69, "status_code": 0, "tags": [], "thumbnail": "https://konto.chip.pl/wp-content/uploads/2024/06/cybertarcza-scaled.jpg", "title": "Ministerstwo Cyfryzacji, cybertarcza i zn\u00f3w Yeti. Gdzie\u015b tam, co\u015b tam, drogo, a problem pozostanie", "user": null, "vote": 0}, {"age": null, "album": "", "artist": null, "bookmarked": false, "comments": [], "date_published": "2024-06-04T10:00:00+00:00", "description": "<img alt=\"\" class=\"attachment-full size-full wp-post-image\" height=\"748\" src=\"https://konto.chip.pl/wp-content/uploads/2024/06/Zbudowali-wyjatkowa-sciane-i-teraz-chca-zapewnic-nam-darmowy-prad-4.jpg\" style=\"margin-bottom: 10px;\" width=\"916\" /><p><img src=\"https://konto.chip.pl/wp-content/uploads/2024/06/Zbudowali-wyjatkowa-sciane-i-teraz-chca-zapewnic-nam-darmowy-prad-4.jpg\" style=\"display: block; margin: 1em auto;\" /></p>\n<p>Chocia\u017c has\u0142o &#8220;darmowy pr\u0105d&#8221; s\u0142yszymy ju\u017c od dawna, bo od pierwszych wybuch\u00f3w popularno\u015bci zw\u0142aszcza paneli s\u0142onecznych, to nie tylko energi\u0105 ze S\u0142o\u0144ca energetyka odnawialna \u017cyje. Ogrodzenie wiatrowe jest tego \u015bwietnym przyk\u0142adem. Ogrodzenie wiatrowe to zupe\u0142nie nowe podej\u015bcie do energetyki wiatrowej w miastach W obliczu rosn\u0105cego zapotrzebowania na rozwi\u0105zania energetyczne oparte na odnawialnych \u017ar\u00f3d\u0142ach energii wszystkie [&#8230;]</p>", "language": "pl-PL", "link": "https://www.chip.pl/2024/06/ogrodzenie-wiatrowe-mur-airiva-prad-energia-wiatrowa", "manual_status_code": 0, "page_rating": 32, "page_rating_contents": 100, "page_rating_visits": 0, "page_rating_votes": 0, "permanent": false, "source": "https://www.chip.pl/feed", "source_obj__id": 69, "status_code": 0, "tags": [], "thumbnail": null, "title": "Zbudowali wyj\u0105tkowy mur i teraz chc\u0105 zapewni\u0107 nam darmowy pr\u0105d", "user": null, "vote": 0}, {"age": null, "album": "", "artist": null, "bookmarked": false, "comments": [], "date_published": "2024-06-04T09:00:00+00:00", "description": "<img alt=\"\" class=\"attachment-full size-full wp-post-image\" height=\"927\" src=\"https://konto.chip.pl/wp-content/uploads/2021/10/Przetestowano-hipersoniczny-pocisk-Chin.-Potencjalny-koszmar-prosto-z-kosmosu-2.jpg\" style=\"margin-bottom: 10px;\" width=\"1600\" /><p><img src=\"https://konto.chip.pl/wp-content/uploads/2021/10/Przetestowano-hipersoniczny-pocisk-Chin.-Potencjalny-koszmar-prosto-z-kosmosu-2.jpg\" style=\"display: block; margin: 1em auto;\" /></p>\n<p>Si\u0142y Powietrzne USA uwierzy\u0142y w Ursa Major, czyli nowatorski startup w dziedzinie technologii nap\u0119du rakietowego, zapewniaj\u0105c mu finanse na rozw\u00f3j silnika Draper, kt\u00f3ry mo\u017ce zrewolucjonizowa\u0107 bro\u0144 oraz statki kosmiczne. Wyj\u0105tkowo\u015b\u0107 silnika Draper to podstawa jego wojskowego i eksploracyjnego potencja\u0142u Firma Ursa Major pochwali\u0142a si\u0119 pomy\u015blnym zako\u0144czeniem test\u00f3w naziemnych nowego silnika na paliwo ciek\u0142e. Draper zosta\u0142 [&#8230;]</p>", "language": "pl-PL", "link": "https://www.chip.pl/2024/06/silnik-draper-lotnictwo-usa", "manual_status_code": 0, "page_rating": 32, "page_rating_contents": 100, "page_rating_visits": 0, "page_rating_votes": 0, "permanent": false, "source": "https://www.chip.pl/feed", "source_obj__id": 69, "status_code": 0, "tags": [], "thumbnail": null, "title": "Silnikowy prze\u0142om. Jak Draper zwi\u0119kszy pot\u0119g\u0119 lotnictwa USA?", "user": null, "vote": 0}, {"age": null, "album": "", "artist": null, "bookmarked": false, "comments": [], "date_published": "2024-06-04T08:00:00+00:00", "description": "<img alt=\"MSI\" class=\"attachment-full size-full wp-post-image\" height=\"676\" src=\"https://konto.chip.pl/wp-content/uploads/2024/06/MSI.jpg\" style=\"margin-bottom: 10px;\" width=\"780\" /><p><img src=\"https://konto.chip.pl/wp-content/uploads/2024/06/MSI.jpg\" style=\"display: block; margin: 1em auto;\" /></p>\n<p>Podczas targ\u00f3w Computex 2024 MSI zaprezentowa\u0142o swoje nowe propozycje dla wymagaj\u0105cych u\u017cytkownik\u00f3w. S\u0105 zasilane przez najnowsze procesory Intel Core Ultra z rodziny Lunar Lake oraz AMD RyzenAI 300. Dzi\u0119ki temu gwarantuj\u0105 solidn\u0105 moc obliczeniow\u0105 w po\u0142\u0105czeniu z du\u017c\u0105 energooszcz\u0119dno\u015bci\u0105. Sztuczna inteligencja \u015bmia\u0142o wkracza na rynek laptop\u00f3w i komputer\u00f3w. Ju\u017c za par\u0119 lat ci\u0119\u017cko b\u0119dzie znale\u017a\u0107 [&#8230;]</p>", "language": "pl-PL", "link": "https://www.chip.pl/2024/06/msi-copilot-nowe-laptopy-computex-2024", "manual_status_code": 0, "page_rating": 32, "page_rating_contents": 100, "page_rating_visits": 0, "page_rating_votes": 0, "permanent": false, "source": "https://www.chip.pl/feed", "source_obj__id": 69, "status_code": 0, "tags": [], "thumbnail": null, "title": "MSI pokaza\u0142o dziesi\u0119\u0107 nowych maszyn SI dla graczy i tw\u00f3rc\u00f3w tre\u015bci", "user": null, "vote": 0}, {"age": null, "album": "", "artist": null, "bookmarked": false, "comments": [], "date_published": "2024-06-04T07:00:00+00:00", "description": "<img alt=\"\" class=\"attachment-full size-full wp-post-image\" height=\"1100\" src=\"https://konto.chip.pl/wp-content/uploads/2023/06/splatanie.jpeg\" style=\"margin-bottom: 10px;\" width=\"2400\" /><p><img src=\"https://konto.chip.pl/wp-content/uploads/2023/06/splatanie.jpeg\" style=\"display: block; margin: 1em auto;\" /></p>\n<p>Spl\u0105tanie kwantowe nie nale\u017cy do zjawisk, kt\u00f3re \u0142atwo jest zrozumie\u0107, poniewa\u017c pod pewnym wzgl\u0119dem wypada wyj\u0105tkowo abstrakcyjnie. Mimo to naukowcy nie tylko je badaj\u0105, ale dodatkowo staraj\u0105 si\u0119 wykorzystywa\u0107 w praktyce. Chi\u0144scy in\u017cynierowie niedawno stworzyli w ten spos\u00f3b pierwszy silnik kwantowy. O dokonaniach przedstawicieli Chi\u0144skiej Akademii Nauk informuje South China Morning Post. Z opublikowanych informacji [&#8230;]</p>", "language": "pl-PL", "link": "https://www.chip.pl/2024/06/chiny-silnik-kwantowy-splatanie-kwantowe-paliwo", "manual_status_code": 0, "page_rating": 32, "page_rating_contents": 100, "page_rating_visits": 0, "page_rating_votes": 0, "permanent": false, "source": "https://www.chip.pl/feed", "source_obj__id": 69, "status_code": 0, "tags": [], "thumbnail": null, "title": "Chi\u0144ski silnik kwantowy ju\u017c dzia\u0142a. Jest nap\u0119dzany w zaskakuj\u0105cy spos\u00f3b", "user": null, "vote": 0}, {"age": null, "album": "", "artist": null, "bookmarked": false, "comments": [], "date_published": "2024-06-04T03:25:54+00:00", "description": "<img alt=\"Niemiecki my\u015bliwiec Eurofighter w locie\" class=\"attachment-full size-full wp-post-image\" height=\"1707\" src=\"https://konto.chip.pl/wp-content/uploads/2023/09/Niemcy-Mysliwiec-Eurofighter-ulepszenie-Radaru-1.jpg\" style=\"margin-bottom: 10px;\" width=\"2560\" /><p><img src=\"https://konto.chip.pl/wp-content/uploads/2023/09/Niemcy-Mysliwiec-Eurofighter-ulepszenie-Radaru-1.jpg\" style=\"display: block; margin: 1em auto;\" /></p>\n<p>Airbus postanowi\u0142 pokaza\u0107 na Mi\u0119dzynarodowej Wystawie Lotniczej ILA co\u015b specjalnego &#8211; nowy koncept Wingmana. Ten rewolucyjny dodatek do Si\u0142 Powietrznych mo\u017ce odmieni\u0107 ka\u017cd\u0105 misj\u0119 bojow\u0105 raz na zawsze, zapewniaj\u0105c pilotom dost\u0119p do pot\u0119\u017cnej maszyny. Wingman dla Luftwaffe. Dlaczego te drony przenosz\u0105 lotnictwo w now\u0105 er\u0119 wojny? Airbus zaprezentowa\u0142 now\u0105 koncepcj\u0119 lojalnego skrzyd\u0142owego w formie drona [&#8230;]</p>", "language": "pl-PL", "link": "https://www.chip.pl/2024/06/niemcy-lotnictwo-luftwaffe-wingman-airbus", "manual_status_code": 0, "page_rating": 32, "page_rating_contents": 100, "page_rating_visits": 0, "page_rating_votes": 0, "permanent": false, "source": "https://www.chip.pl/feed", "source_obj__id": 69, "status_code": 0, "tags": [], "thumbnail": null, "title": "Jest niewidzialny, niszczycielski i bez za\u0142ogi. W Niemczech pokazali przysz\u0142o\u015b\u0107 lotnictwa wojskowego", "user": null, "vote": 0}, {"age": null, "album": "", "artist": null, "bookmarked": false, "comments": [], "date_published": "2024-06-04T03:00:00+00:00", "description": "<img alt=\"\" class=\"attachment-full size-full wp-post-image\" height=\"1280\" src=\"https://konto.chip.pl/wp-content/uploads/2024/06/intel-lunar-lake-premiera-27.jpg\" style=\"margin-bottom: 10px;\" width=\"1920\" /><p><img src=\"https://konto.chip.pl/wp-content/uploads/2024/06/intel-lunar-lake-premiera-27.jpg\" style=\"display: block; margin: 1em auto;\" /></p>\n<p>Walka na architektury w imi\u0119 energooszcz\u0119dno\u015bci i wydajno\u015bci w Windowsie rozpocz\u0119\u0142a si\u0119 na nowo. Po latach nie\u015bmia\u0142ych podkop\u00f3w, konkurencj\u0105 dla laptopowych uk\u0142ad\u00f3w Intel Lunar Lake oraz Ryzen\u00f3w maj\u0105 by\u0107 uk\u0142ady w Snapdragon X Elite od Qualcomma. Tym ciekawiej by\u0142o obserwowa\u0107 z obozu Intela to, jak przy okazji premiery nowego uk\u0142adu pracownicy wypowiadaj\u0105 si\u0119 o swoim [&#8230;]</p>", "language": "pl-PL", "link": "https://www.chip.pl/2024/06/premiera-intel-lunar-lake-computex-2024", "manual_status_code": 0, "page_rating": 32, "page_rating_contents": 100, "page_rating_visits": 0, "page_rating_votes": 0, "permanent": false, "source": "https://www.chip.pl/feed", "source_obj__id": 69, "status_code": 0, "tags": [], "thumbnail": "https://konto.chip.pl/wp-content/uploads/2024/06/intel-lunar-lake-premiera-27.jpg", "title": "Premiera Intel Lunar Lake to pocz\u0105tek nowej wojny procesorowej. Kto wygra?", "user": null, "vote": 0}]