[{"age": null, "album": "", "artist": null, "bookmarked": false, "comments": [], "date_published": "2024-06-04T22:30:56+00:00", "description": "<p>Memcached is a widely used open-source memory object caching system that speeds up dynamic web applications by caching data in memory. This tutorial will show you how to install and configure Memcached on an Ubuntu 24.04 server.</p>\n<p>The post <a href=\"https://www.linuxtoday.com/developer/how-to-install-and-configure-memcached-on-ubuntu-24-04/\">How to Install and Configure Memcached on Ubuntu 24.04</a> appeared first on <a href=\"https://www.linuxtoday.com\">Linux Today</a>.</p>", "language": "en-US", "link": "https://www.linuxtoday.com/developer/how-to-install-and-configure-memcached-on-ubuntu-24-04", "manual_status_code": 0, "page_rating": 32, "page_rating_contents": 100, "page_rating_visits": 0, "page_rating_votes": 0, "permanent": false, "source": "https://www.linuxtoday.com/feed", "source_obj__id": 195, "status_code": 0, "tags": [], "thumbnail": null, "title": "How to Install and Configure Memcached on Ubuntu 24.04", "user": null, "vote": 0}, {"age": null, "album": "", "artist": null, "bookmarked": false, "comments": [], "date_published": "2024-06-04T20:00:45+00:00", "description": "<p>In this tutorial, we will show you how to install XFCE Desktop on Ubuntu 24.04 LTS. XFCE is a lightweight, fast, and highly customizable desktop environment. It\u2019s particularly popular among users seeking a more responsive and resource-efficient alternative to GNOME or KDE. With Ubuntu 24.04 LTS being a robust and widely used Linux distribution, installing [&#8230;]</p>\n<p>The post <a href=\"https://www.linuxtoday.com/developer/how-to-install-xfce-desktop-on-ubuntu-24-04-lts/\">How to Install XFCE Desktop on Ubuntu 24.04 LTS</a> appeared first on <a href=\"https://www.linuxtoday.com\">Linux Today</a>.</p>", "language": "en-US", "link": "https://www.linuxtoday.com/developer/how-to-install-xfce-desktop-on-ubuntu-24-04-lts", "manual_status_code": 0, "page_rating": 32, "page_rating_contents": 100, "page_rating_visits": 0, "page_rating_votes": 0, "permanent": false, "source": "https://www.linuxtoday.com/feed", "source_obj__id": 195, "status_code": 0, "tags": [], "thumbnail": null, "title": "How to Install XFCE Desktop on Ubuntu 24.04 LTS", "user": null, "vote": 0}, {"age": null, "album": "", "artist": null, "bookmarked": false, "comments": [], "date_published": "2024-06-04T00:00:25+00:00", "description": "<p>NetworkManager 1.48 is here more than three months after NetworkManager 1.46 and introduces new features like the ability to allow IPv6 SLAAC and static IPv6 DNS server assignment for modem broadband when IPv6 device address is not explicitly passed on by ModemManager.</p>\n<p>The post <a href=\"https://www.linuxtoday.com/news/networkmanager-1-48-improves-detection-of-6-ghz-band-capability-for-wi-fi-devices/\">NetworkManager 1.48 Improves Detection of 6 GHz Band Capability for Wi-Fi Devices</a> appeared first on <a href=\"https://www.linuxtoday.com\">Linux Today</a>.</p>", "language": "en-US", "link": "https://www.linuxtoday.com/news/networkmanager-1-48-improves-detection-of-6-ghz-band-capability-for-wi-fi-devices", "manual_status_code": 0, "page_rating": 32, "page_rating_contents": 100, "page_rating_visits": 0, "page_rating_votes": 0, "permanent": false, "source": "https://www.linuxtoday.com/feed", "source_obj__id": 195, "status_code": 0, "tags": [], "thumbnail": null, "title": "NetworkManager 1.48 Improves Detection of 6 GHz Band Capability for Wi-Fi Devices", "user": null, "vote": 0}]