[{"age": null, "album": "", "artist": null, "bookmarked": false, "comments": [], "date_published": "2024-06-04T20:21:00+00:00", "description": "<p><a href=\"https://wydarzenia.interia.pl/kraj/news-przeciez-to-bedzie-rechot-prezydent-grzmi-ws-nominacji-na-am,nId,7554238\"><img align=\"left\" alt=\"&quot;Przecie\u017c to b\u0119dzie rechot&quot;. Prezydent grzmi ws. nominacji na ambasadora\" src=\"https://i.iplsc.com/przeciez-to-bedzie-rechot-prezydent-grzmi-ws-nominacji-na-am/000J992LUHV2LS8R-C321.jpg\" /></a>- Faceta, kt\u00f3ry by\u0142 ministrem obrony narodowej, gdy zgin\u0105\u0142 polski prezydent i odpowiada\u0142 za polskie wojsko, oni chc\u0105 wys\u0142a\u0107 na ambasadora Stan\u00f3w Zjednoczonych. Przecie\u017c to b\u0119dzie jeden wielki rechot - tak Andrzej Duda na antenie Telewizji Republika skomentowa\u0142 doniesienia o nominacji Bogdana Klicha. Prezydent krytykowa\u0142 Rados\u0142awa Sikorskiego, a jego dzia\u0142ania w resorcie spraw zagranicznych nazwa\u0142 &quot;rekomunizacj\u0105 polskiej dyplomacji&quot;. Oberwa\u0142o si\u0119 r\u00f3wnie\u017c Donaldowi Tuskowi za &quot;obra\u017canie i poni\u017canie&quot; Donalda Trumpa. </p><br clear=\"all\" />", "language": "pl-PL", "link": "https://wydarzenia.interia.pl/kraj/news-przeciez-to-bedzie-rechot-prezydent-grzmi-ws-nominacji-na-am,nId,7554238", "manual_status_code": 0, "page_rating": 32, "page_rating_contents": 100, "page_rating_visits": 0, "page_rating_votes": 0, "permanent": false, "source": "https://wydarzenia.interia.pl/polska/feed", "source_obj__id": 401, "status_code": 0, "tags": [], "thumbnail": null, "title": "\"Przecie\u017c to b\u0119dzie rechot\". Prezydent grzmi ws. nominacji na ambasadora", "user": null, "vote": 0}, {"age": null, "album": "", "artist": null, "bookmarked": false, "comments": [], "date_published": "2024-06-04T14:04:00+00:00", "description": "<p><a href=\"https://wydarzenia.interia.pl/raport-wybory-do-parlamentu-europejskiego-2024/news-wyplynal-sensacyjny-sondaz-po-klopoty-lidera-listy,nId,7553913\"><img align=\"left\" alt=\"Wyp\u0142yn\u0105\u0142 sensacyjny sonda\u017c PO. K\u0142opoty lidera listy\" src=\"https://i.iplsc.com/wyplynal-sensacyjny-sondaz-po-klopoty-lidera-listy/000J96FYNNAJWVPW-C321.jpg\" /></a>Marcin Kierwi\u0144ski mia\u0142 by\u0107 lokomotyw\u0105 KO na warszawskiej li\u015bcie, ale media donosz\u0105 o sensacyjnym wewn\u0119trznym sonda\u017cu. By\u0142y ju\u017c szef MSWiA mo\u017ce nie obj\u0105\u0107 mandatu europos\u0142a, bo w partyjnym wy\u015bcigu wy\u017csze notowania maj\u0105 mie\u0107 dwie osoby - Hanna Gronkiewicz-Waltz i Micha\u0142 Szczerba.  </p><br clear=\"all\" />", "language": "pl-PL", "link": "https://wydarzenia.interia.pl/raport-wybory-do-parlamentu-europejskiego-2024/news-wyplynal-sensacyjny-sondaz-po-klopoty-lidera-listy,nId,7553913", "manual_status_code": 0, "page_rating": 32, "page_rating_contents": 100, "page_rating_visits": 0, "page_rating_votes": 0, "permanent": false, "source": "https://wydarzenia.interia.pl/polska/feed", "source_obj__id": 401, "status_code": 0, "tags": [], "thumbnail": null, "title": "Wyp\u0142yn\u0105\u0142 sensacyjny sonda\u017c PO. K\u0142opoty lidera listy", "user": null, "vote": 0}, {"age": null, "album": "", "artist": null, "bookmarked": false, "comments": [], "date_published": "2024-06-04T11:54:46+00:00", "description": "<p><a href=\"https://wydarzenia.interia.pl/kraj/news-robert-bakiewicz-uslyszal-zarzuty-grozi-mu-do-kilku-lat-wiez,nId,7553725\"><img align=\"left\" alt=\"Robert B\u0105kiewicz us\u0142ysza\u0142 zarzuty. Grozi mu do kilku lat wi\u0119zienia\" src=\"https://i.iplsc.com/robert-bakiewicz-uslyszal-zarzuty-grozi-mu-do-kilku-lat-wiez/000IKARWC4G1RQG0-C321.jpg\" /></a>Od sze\u015bciu miesi\u0119cy do o\u015bmiu lat pozbawienia wolno\u015bci grozi Robertowi B\u0105kiewiczowi za uszkodzenia zabytkowego budynku Ministerstwa Klimatu i \u015arodowiska. Chodzi o spraw\u0119 ze stycznia, kiedy by\u0142y lider Marszu Niepodleg\u0142o\u015bci opublikowa\u0142 w mediach spo\u0142eczno\u015bciowych film, na kt\u00f3rym maluje symbol Polski Walcz\u0105cej na gmachu. Do s\u0105du wp\u0142yn\u0105\u0142 akt oskar\u017cenia skierowany przez Prokuratur\u0119 Rejonow\u0105 Warszawa Ochota.</p><br clear=\"all\" />", "language": "pl-PL", "link": "https://wydarzenia.interia.pl/kraj/news-robert-bakiewicz-uslyszal-zarzuty-grozi-mu-do-kilku-lat-wiez,nId,7553725", "manual_status_code": 0, "page_rating": 32, "page_rating_contents": 100, "page_rating_visits": 0, "page_rating_votes": 0, "permanent": false, "source": "https://wydarzenia.interia.pl/polska/feed", "source_obj__id": 401, "status_code": 0, "tags": [], "thumbnail": null, "title": "Robert B\u0105kiewicz us\u0142ysza\u0142 zarzuty. Grozi mu do kilku lat wi\u0119zienia", "user": null, "vote": 0}, {"age": null, "album": "", "artist": null, "bookmarked": false, "comments": [], "date_published": "2024-06-04T11:29:18+00:00", "description": "<p><a href=\"https://wydarzenia.interia.pl/raport-wybory-do-parlamentu-europejskiego-2024/news-wybory-do-pe-2024-komu-przysluguje-bezplatny-transport,nId,7454891\"><img align=\"left\" alt=\"Wybory do PE 2024. Komu przys\u0142uguje bezp\u0142atny transport?\" src=\"https://i.iplsc.com/wybory-do-pe-2024-komu-przysluguje-bezplatny-transport/000J955SBXS48R6L-C321.jpg\" /></a>Osoby niepe\u0142nosprawne i starsze maj\u0105 prawo do bezp\u0142atnego transportu do lokalu wyborczego. Dzi\u0119ki temu, pomimo problem\u00f3w zdrowotnych, b\u0119d\u0105 mog\u0142y wzi\u0105\u0107 udzia\u0142 w wyborach do Parlamentu Europejskiego 2024. Ka\u017cda osoba, kt\u00f3ra chce skorzysta\u0107 z takiego transportu, musi z\u0142o\u017cy\u0107 wniosek w odpowiednim terminie. W przypadku zbli\u017caj\u0105cego si\u0119 g\u0142osowania termin ju\u017c min\u0105\u0142. </p><br clear=\"all\" />", "language": "pl-PL", "link": "https://wydarzenia.interia.pl/raport-wybory-do-parlamentu-europejskiego-2024/news-wybory-do-pe-2024-komu-przysluguje-bezplatny-transport,nId,7454891", "manual_status_code": 0, "page_rating": 32, "page_rating_contents": 100, "page_rating_visits": 0, "page_rating_votes": 0, "permanent": false, "source": "https://wydarzenia.interia.pl/polska/feed", "source_obj__id": 401, "status_code": 0, "tags": [], "thumbnail": null, "title": "Wybory do PE 2024. Komu przys\u0142uguje bezp\u0142atny transport?", "user": null, "vote": 0}, {"age": null, "album": "", "artist": null, "bookmarked": false, "comments": [], "date_published": "2024-06-04T10:52:14+00:00", "description": "<p><a href=\"https://wydarzenia.interia.pl/kraj/news-akta-w-domu-ziobry-prokuratura-wszczyna-sledztwo,nId,7553652\"><img align=\"left\" alt=\"Akta w domu Ziobry. Prokuratura wszczyna \u015bledztwo\" src=\"https://i.iplsc.com/akta-w-domu-ziobry-prokuratura-wszczyna-sledztwo/000GDJY75Q92KQ0P-C321.jpg\" /></a>Prokuratura wszcz\u0119\u0142a \u015bledztwo dotycz\u0105ce ukrywania akt znalezionych w domu Zbigniewa Ziobry w Jeruzalu (woj. \u0142\u00f3dzkie). Dotyczy\u0142y one choroby oraz leczenia ojca lidera Suwerennej Polski.</p><br clear=\"all\" />", "language": "pl-PL", "link": "https://wydarzenia.interia.pl/kraj/news-akta-w-domu-ziobry-prokuratura-wszczyna-sledztwo,nId,7553652", "manual_status_code": 0, "page_rating": 32, "page_rating_contents": 100, "page_rating_visits": 0, "page_rating_votes": 0, "permanent": false, "source": "https://wydarzenia.interia.pl/polska/feed", "source_obj__id": 401, "status_code": 0, "tags": [], "thumbnail": null, "title": "Akta w domu Ziobry. Prokuratura wszczyna \u015bledztwo", "user": null, "vote": 0}, {"age": null, "album": "", "artist": null, "bookmarked": false, "comments": [], "date_published": "2024-06-04T08:24:42+00:00", "description": "<p><a href=\"https://wydarzenia.interia.pl/kraj/news-rewolucja-w-pis-donald-tusk-nawet-liderzy-sie-krztusza,nId,7553477\"><img align=\"left\" alt=\"Rewolucja w PiS? Donald Tusk: Nawet liderzy si\u0119 krztusz\u0105\" src=\"https://i.iplsc.com/rewolucja-w-pis-donald-tusk-nawet-liderzy-sie-krztusza/000J92TSX1DT0KSC-C321.jpg\" /></a>Spekulacje na temat zmiany nazwy partii Prawo i Sprawiedliwo\u015b\u0107 wracaj\u0105. Formacja mia\u0142a powa\u017cnie zastanawia\u0107 si\u0119 nad rebrandingiem jeszcze przed wyborami samorz\u0105dowymi, a prawdopodobna decyzja o nowym szyldzie b\u0119dzie uzale\u017cniona od wyniku w wyborach europejskich. Teraz do sprawy odni\u00f3s\u0142 si\u0119 Donald Tusk. </p><br clear=\"all\" />", "language": "pl-PL", "link": "https://wydarzenia.interia.pl/kraj/news-rewolucja-w-pis-donald-tusk-nawet-liderzy-sie-krztusza,nId,7553477", "manual_status_code": 0, "page_rating": 32, "page_rating_contents": 100, "page_rating_visits": 0, "page_rating_votes": 0, "permanent": false, "source": "https://wydarzenia.interia.pl/polska/feed", "source_obj__id": 401, "status_code": 0, "tags": [], "thumbnail": null, "title": "Rewolucja w PiS? Donald Tusk: Nawet liderzy si\u0119 krztusz\u0105", "user": null, "vote": 0}, {"age": null, "album": "", "artist": null, "bookmarked": false, "comments": [], "date_published": "2024-06-04T07:46:12+00:00", "description": "<p><a href=\"https://wydarzenia.interia.pl/kraj/news-prawie-tysiac-zgloszen-w-polsce-najtrudniejsza-sytuacja-panu,nId,7553449\"><img align=\"left\" alt=\"Prawie tysi\u0105c zg\u0142osze\u0144 w Polsce. Najtrudniejsza sytuacja panuje na \u015al\u0105sku\" src=\"https://i.iplsc.com/prawie-tysiac-zgloszen-w-polsce-najtrudniejsza-sytuacja-panu/000J926MWORTSKHR-C321.jpg\" /></a>Pot\u0119\u017cne ulewy i burze nie pozwalaj\u0105 stra\u017cakom na odpoczynek. W ca\u0142ej Polsce interweniowali prawie tysi\u0105c razy. Najgorsza sytuacja panuje na \u015al\u0105sku. Tylko w tym rejonie zanotowano ponad 800 zg\u0142osze\u0144. W cz\u0119\u015bci kraju w zwi\u0105zku z fataln\u0105 pogod\u0105 obowi\u0105zuj\u0105 alerty IMGW trzeciego - najwy\u017cszego stopnia.</p><br clear=\"all\" />", "language": "pl-PL", "link": "https://wydarzenia.interia.pl/kraj/news-prawie-tysiac-zgloszen-w-polsce-najtrudniejsza-sytuacja-panu,nId,7553449", "manual_status_code": 0, "page_rating": 32, "page_rating_contents": 100, "page_rating_visits": 0, "page_rating_votes": 0, "permanent": false, "source": "https://wydarzenia.interia.pl/polska/feed", "source_obj__id": 401, "status_code": 0, "tags": [], "thumbnail": null, "title": "Prawie tysi\u0105c zg\u0142osze\u0144 w Polsce. Najtrudniejsza sytuacja panuje na \u015al\u0105sku", "user": null, "vote": 0}]