[{"age": null, "album": "", "artist": null, "bookmarked": false, "comments": [], "date_published": "2024-06-04T19:47:14+00:00", "description": "", "language": "en-UK", "link": "https://www.telegraph.co.uk/football/2024/06/04/france-vs-england-live-score-updates-euro-2025-qualifier", "manual_status_code": 0, "page_rating": 32, "page_rating_contents": 100, "page_rating_visits": 0, "page_rating_votes": 0, "permanent": false, "source": "https://www.telegraph.co.uk/rss.xml", "source_obj__id": 357, "status_code": 0, "tags": [], "thumbnail": null, "title": "France vs England: Russo doubles visitors\u2019 lead in crucial Women\u2019s Euro 2025 qualifier", "user": null, "vote": 0}, {"age": null, "album": "", "artist": null, "bookmarked": false, "comments": [], "date_published": "2024-06-04T16:56:13+00:00", "description": "", "language": "en-UK", "link": "https://www.telegraph.co.uk/news/2024/06/04/tuesday-evening-news-briefing-woman-arrested-after", "manual_status_code": 0, "page_rating": 32, "page_rating_contents": 100, "page_rating_visits": 0, "page_rating_votes": 0, "permanent": false, "source": "https://www.telegraph.co.uk/rss.xml", "source_obj__id": 357, "status_code": 0, "tags": [], "thumbnail": null, "title": "Tuesday evening news briefing: Woman arrested after milkshake thrown over Nigel Farage", "user": null, "vote": 0}, {"age": null, "album": "", "artist": null, "bookmarked": false, "comments": [], "date_published": "2024-06-04T16:11:26+00:00", "description": "", "language": "en-UK", "link": "https://www.telegraph.co.uk/world-news/2024/06/04/ukraine-russia-diplomacy-geopolitics", "manual_status_code": 0, "page_rating": 32, "page_rating_contents": 100, "page_rating_visits": 0, "page_rating_votes": 0, "permanent": false, "source": "https://www.telegraph.co.uk/rss.xml", "source_obj__id": 357, "status_code": 0, "tags": [], "thumbnail": null, "title": "Why Russian diplomacy in Africa and Central Asia is gathering momentum - Ukraine: The Latest", "user": null, "vote": 0}, {"age": null, "album": "", "artist": null, "bookmarked": false, "comments": [], "date_published": "2024-06-04T14:02:13+00:00", "description": "", "language": "en-UK", "link": "https://www.telegraph.co.uk/cricket/2024/06/04/england-vs-scotland-live-t20-world-cup-2024-score-latest", "manual_status_code": 0, "page_rating": 32, "page_rating_contents": 100, "page_rating_visits": 0, "page_rating_votes": 0, "permanent": false, "source": "https://www.telegraph.co.uk/rss.xml", "source_obj__id": 357, "status_code": 0, "tags": [], "thumbnail": null, "title": "England vs Scotland, T20 World Cup 2024: Score and latest updates from Bridgetown", "user": null, "vote": 0}, {"age": null, "album": "", "artist": null, "bookmarked": false, "comments": [], "date_published": "2024-06-04T11:36:21+00:00", "description": "", "language": "en-UK", "link": "https://www.telegraph.co.uk/global-health/science-and-disease/paris-olympic-games-2024-dengue-outbreaks-mosquitoes", "manual_status_code": 0, "page_rating": 32, "page_rating_contents": 100, "page_rating_visits": 0, "page_rating_votes": 0, "permanent": false, "source": "https://www.telegraph.co.uk/rss.xml", "source_obj__id": 357, "status_code": 0, "tags": [], "thumbnail": null, "title": "France enlists \u2018dengue detectives\u2019 to prevent outbreak at the Paris Olympics", "user": null, "vote": 0}, {"age": null, "album": "", "artist": null, "bookmarked": false, "comments": [], "date_published": "2024-06-04T10:22:51+00:00", "description": "", "language": "en-UK", "link": "https://www.telegraph.co.uk/gardening/tools-and-accessories/best-online-flower-delivery-companies-bouquets-same-day", "manual_status_code": 0, "page_rating": 32, "page_rating_contents": 100, "page_rating_visits": 0, "page_rating_votes": 0, "permanent": false, "source": "https://www.telegraph.co.uk/rss.xml", "source_obj__id": 357, "status_code": 0, "tags": [], "thumbnail": null, "title": "The 19 best online flower delivery services for 2024, tried and tested", "user": null, "vote": 0}, {"age": null, "album": "", "artist": null, "bookmarked": false, "comments": [], "date_published": "2024-06-04T09:00:00+00:00", "description": "", "language": "en-UK", "link": "https://www.telegraph.co.uk/fantasy-sports/fantasy-football/telegraph-fantasy-football-euros-edition-budget-enablers", "manual_status_code": 0, "page_rating": 32, "page_rating_contents": 100, "page_rating_visits": 0, "page_rating_votes": 0, "permanent": false, "source": "https://www.telegraph.co.uk/rss.xml", "source_obj__id": 357, "status_code": 0, "tags": [], "thumbnail": null, "title": "Telegraph Fantasy Football Euros Edition: five best budget enablers", "user": null, "vote": 0}, {"age": null, "album": "", "artist": null, "bookmarked": false, "comments": [], "date_published": "2024-06-04T08:35:55+00:00", "description": "", "language": "en-UK", "link": "https://www.telegraph.co.uk/global-health/science-and-disease/nasa-told-act-now-to-tackle-biological-threats-from-space", "manual_status_code": 0, "page_rating": 32, "page_rating_contents": 100, "page_rating_visits": 0, "page_rating_votes": 0, "permanent": false, "source": "https://www.telegraph.co.uk/rss.xml", "source_obj__id": 357, "status_code": 0, "tags": [], "thumbnail": null, "title": "The viral frontier: Nasa told \u2018act now\u2019 to tackle pathogens in space", "user": null, "vote": 0}, {"age": null, "album": "", "artist": null, "bookmarked": false, "comments": [], "date_published": "2024-06-04T07:08:39+00:00", "description": "", "language": "en-UK", "link": "https://www.telegraph.co.uk/world-news/2024/06/04/ukraine-russia-war-live-russia-losses-casualties-nato-years", "manual_status_code": 0, "page_rating": 32, "page_rating_contents": 100, "page_rating_visits": 0, "page_rating_votes": 0, "permanent": false, "source": "https://www.telegraph.co.uk/rss.xml", "source_obj__id": 357, "status_code": 0, "tags": [], "thumbnail": null, "title": "Nato has \u2018two to three years to prepare for war\u2019, says Norway\u2019s top general", "user": null, "vote": 0}, {"age": null, "album": "", "artist": null, "bookmarked": false, "comments": [], "date_published": "2024-06-04T06:19:39+00:00", "description": "", "language": "en-UK", "link": "https://www.telegraph.co.uk/business/2024/06/04/ftse-100-markets-latest-news-bank-laundering-hamas-us-jolts", "manual_status_code": 0, "page_rating": 32, "page_rating_contents": 100, "page_rating_visits": 0, "page_rating_votes": 0, "permanent": false, "source": "https://www.telegraph.co.uk/rss.xml", "source_obj__id": 357, "status_code": 0, "tags": [], "thumbnail": null, "title": "British bank accused of handling payments to Hamas", "user": null, "vote": 0}, {"age": null, "album": "", "artist": null, "bookmarked": false, "comments": [], "date_published": "2024-06-04T05:28:58+00:00", "description": "", "language": "en-UK", "link": "https://www.telegraph.co.uk/politics/2024/06/04/general-election-latest-news-sunak-starmer-farage", "manual_status_code": 0, "page_rating": 32, "page_rating_contents": 100, "page_rating_visits": 0, "page_rating_votes": 0, "permanent": false, "source": "https://www.telegraph.co.uk/rss.xml", "source_obj__id": 357, "status_code": 0, "tags": [], "thumbnail": null, "title": "General election latest: Farage return \u2018nothing short of a disaster\u2019 for Rishi Sunak", "user": null, "vote": 0}]