[{"age": null, "album": "", "artist": null, "bookmarked": false, "comments": [], "date_published": "2024-06-04T19:50:53+00:00", "description": "<p><a href=\"https://wydarzenia.interia.pl/zagranica/news-putin-sie-boi-eksperci-zwracaja-uwage-na-nietypowe-zachowani,nId,7554188\"><img align=\"left\" alt=\"Putin si\u0119 boi? Eksperci zwracaj\u0105 uwag\u0119 na nietypowe zachowanie\" src=\"https://i.iplsc.com/putin-sie-boi-eksperci-zwracaja-uwage-na-nietypowe-zachowani/000J98MJ7X5W4U0G-C321.jpg\" /></a>W\u0142adimir Putin zacz\u0105\u0142 nosi\u0107 kamizelki kuloodporne w trakcie wyst\u0105pie\u0144 publicznych - donosi The Moscow Times. Media i eksperci zwracaj\u0105 uwag\u0119 na nietypowe zachowanie dyktatora podczas ostatnich uroczystych przem\u00f3wie\u0144. - Jakby chcia\u0142 si\u0119 upewni\u0107, \u017ce nikt nie zobaczy, co ma pod p\u0142aszczem - komentuje ekspertka.</p><br clear=\"all\" />", "language": "pl-PL", "link": "https://wydarzenia.interia.pl/zagranica/news-putin-sie-boi-eksperci-zwracaja-uwage-na-nietypowe-zachowani,nId,7554188", "manual_status_code": 0, "page_rating": 32, "page_rating_contents": 100, "page_rating_visits": 0, "page_rating_votes": 0, "permanent": false, "source": "https://wydarzenia.interia.pl/swiat/feed", "source_obj__id": 402, "status_code": 0, "tags": [], "thumbnail": null, "title": "Putin si\u0119 boi? Eksperci zwracaj\u0105 uwag\u0119 na nietypowe zachowanie", "user": null, "vote": 0}, {"age": null, "album": "", "artist": null, "bookmarked": false, "comments": [], "date_published": "2024-06-04T19:39:51+00:00", "description": "<p><a href=\"https://wydarzenia.interia.pl/zagranica/news-nato-przygotowuje-sie-na-atak-rosji-media-ujawniaja-plany,nId,7554214\"><img align=\"left\" alt=\"NATO przygotowuje si\u0119 na atak Rosji. Media ujawniaj\u0105 plany\" src=\"https://i.iplsc.com/nato-przygotowuje-sie-na-atak-rosji-media-ujawniaja-plany/000J98WXABPLVOQP-C321.jpg\" /></a>NATO przygotowuje si\u0119 na atak Rosji. Trwa opracowywanie kilku &quot;korytarzy l\u0105dowych&quot;, kt\u00f3re u\u0142atwi\u0105 przerzucanie ameryka\u0144skich wojsk i sprz\u0119tu na lini\u0119 frontu - donosi dziennik &quot;The Telegraph&quot;. Rosyjskie dzia\u0142ania w Ukrainie sprawi\u0142y, ze dotychczasowe plany NATO musz\u0105 zosta\u0107 zmodyfikowane. </p><br clear=\"all\" />", "language": "pl-PL", "link": "https://wydarzenia.interia.pl/zagranica/news-nato-przygotowuje-sie-na-atak-rosji-media-ujawniaja-plany,nId,7554214", "manual_status_code": 0, "page_rating": 32, "page_rating_contents": 100, "page_rating_visits": 0, "page_rating_votes": 0, "permanent": false, "source": "https://wydarzenia.interia.pl/swiat/feed", "source_obj__id": 402, "status_code": 0, "tags": [], "thumbnail": null, "title": "NATO przygotowuje si\u0119 na atak Rosji. Media ujawniaj\u0105 plany", "user": null, "vote": 0}, {"age": null, "album": "", "artist": null, "bookmarked": false, "comments": [], "date_published": "2024-06-04T19:31:28+00:00", "description": "<p><a href=\"https://wydarzenia.interia.pl/zagranica/news-turcja-chce-do-brics-moskwa-zaciera-rece-cieszymy-sie,nId,7554212\"><img align=\"left\" alt=\"Turcja chce do BRICS. Moskwa zaciera r\u0119ce, &quot;cieszymy si\u0119&quot;\" src=\"https://i.iplsc.com/turcja-chce-do-brics-moskwa-zaciera-rece-cieszymy-sie/000HRN40YOHEJJ2O-C321.jpg\" /></a>Ankara chce przyst\u0105pi\u0107 do grupy BRICS. Moskwa z zadowoleniem przyj\u0119\u0142a deklaracj\u0119 szefa MSZ Turcji w tej sprawie. Ten okre\u015bli\u0142 organizacj\u0119 jako &quot;alternatywn\u0105 platform\u0119 integracyjn\u0105&quot; wobec Unii Europejskiej. BRICS zrzesza kilka pa\u0144stw na czele z Rosj\u0105, Chinami czy Indiami. - Cieszymy si\u0119 z tak \u017cywego zainteresowania - oceni\u0142 decyzj\u0119 tureckiego re\u017cimu rzecznik Kremla.</p><br clear=\"all\" />", "language": "pl-PL", "link": "https://wydarzenia.interia.pl/zagranica/news-turcja-chce-do-brics-moskwa-zaciera-rece-cieszymy-sie,nId,7554212", "manual_status_code": 0, "page_rating": 32, "page_rating_contents": 100, "page_rating_visits": 0, "page_rating_votes": 0, "permanent": false, "source": "https://wydarzenia.interia.pl/swiat/feed", "source_obj__id": 402, "status_code": 0, "tags": [], "thumbnail": null, "title": "Turcja chce do BRICS. Moskwa zaciera r\u0119ce, \"cieszymy si\u0119\"", "user": null, "vote": 0}, {"age": null, "album": "", "artist": null, "bookmarked": false, "comments": [], "date_published": "2024-06-04T18:46:15+00:00", "description": "<p><a href=\"https://wydarzenia.interia.pl/raport-wojna-w-izraelu/news-izraelski-minister-wskazal-nowy-cel-powinny-zostac-zniszczon,nId,7554220\"><img align=\"left\" alt=\"Izraelski minister wskaza\u0142 nowy cel. &quot;Powinny zosta\u0107 zniszczone&quot;\" src=\"https://i.iplsc.com/izraelski-minister-wskazal-nowy-cel-powinny-zostac-zniszczon/000J98TR4H1RO80E-C321.jpg\" /></a>Izraelski minister Ben Gwir wskaza\u0142 nowy cel Si\u0142 Zbrojnych. - Wszystkie twierdze Hezbollahu powinny zosta\u0107 spalone i zniszczone - przekaza\u0142. Polityk uda\u0142 si\u0119 do miasta Kirjat Szemona, kt\u00f3rego okolice w niedziel\u0119 i poniedzia\u0142ek zosta\u0142y ostrzelane z terytorium Libanu. Ataki rakietowe wywo\u0142a\u0142y po\u017cary, kt\u00f3rych gaszenie trwa ju\u017c ponad dob\u0119.</p><br clear=\"all\" />", "language": "pl-PL", "link": "https://wydarzenia.interia.pl/raport-wojna-w-izraelu/news-izraelski-minister-wskazal-nowy-cel-powinny-zostac-zniszczon,nId,7554220", "manual_status_code": 0, "page_rating": 32, "page_rating_contents": 100, "page_rating_visits": 0, "page_rating_votes": 0, "permanent": false, "source": "https://wydarzenia.interia.pl/swiat/feed", "source_obj__id": 402, "status_code": 0, "tags": [], "thumbnail": null, "title": "Izraelski minister wskaza\u0142 nowy cel. \"Powinny zosta\u0107 zniszczone\"", "user": null, "vote": 0}, {"age": null, "album": "", "artist": null, "bookmarked": false, "comments": [], "date_published": "2024-06-04T16:25:54+00:00", "description": "<p><a href=\"https://wydarzenia.interia.pl/zagranica/news-po-latach-wrocil-do-polityki-spektakularne-rozpoczecie-kampa,nId,7553964\"><img align=\"left\" alt=\"Po latach wr\u00f3ci\u0142 do polityki. &quot;Spektakularne&quot; rozpocz\u0119cie kampanii\" src=\"https://i.iplsc.com/po-latach-wrocil-do-polityki-spektakularne-rozpoczecie-kampa/000J97VZKX2G47MN-C321.jpg\" /></a>Niespodziewany powr\u00f3t jednej z twarzy brexitu do polityki rozpocz\u0105\u0142 si\u0119 od incydentu. Po udzieleniu wywiadu mediom na pocz\u0105tek kampanii Nigel Farage zosta\u0142 oblany napojem, kiedy zmierza\u0142 w kierunku autobusu partii. Polityk og\u0142aszaj\u0105c start w wyborach zapowiedzia\u0142, \u017ce chce stawi\u0107 czo\u0142a hegemonom: Partii Pracy i Partii Konserwatywnej. Jego ugrupowanie Reform UK notuje po kilkana\u015bcie procent w sonda\u017cach i mo\u017ce powa\u017cnie zagrozi\u0107 rz\u0105dz\u0105cym konserwatystom.</p><br clear=\"all\" />", "language": "pl-PL", "link": "https://wydarzenia.interia.pl/zagranica/news-po-latach-wrocil-do-polityki-spektakularne-rozpoczecie-kampa,nId,7553964", "manual_status_code": 0, "page_rating": 32, "page_rating_contents": 100, "page_rating_visits": 0, "page_rating_votes": 0, "permanent": false, "source": "https://wydarzenia.interia.pl/swiat/feed", "source_obj__id": 402, "status_code": 0, "tags": [], "thumbnail": null, "title": "Po latach wr\u00f3ci\u0142 do polityki. \"Spektakularne\" rozpocz\u0119cie kampanii", "user": null, "vote": 0}]