[{"age": null, "album": "", "artist": null, "bookmarked": false, "comments": [], "date_published": "2024-06-04T19:24:08+00:00", "description": "<img src=\"https://i.wpimg.pl/308x/filerepo.grupawp.pl/api/v1/display/embed/40a0324a-a31f-4121-bd84-bc477c744ace\" width=\"308\" /> Fundacja \"Red is Bad\" zosta\u0142a prawomocnie wykre\u015blona z KRS 14 pa\u017adziernika 2023 r. Dosz\u0142o do tego, cho\u0107 w publicznie dost\u0119pnych dokumentach nie ma sprawozda\u0144 finansowych fundacji za lata 2020, 2021 i 2022 - podaje Business Insider Polska. Wed\u0142ug ekspert\u00f3w spraw\u0105 powinna zainteresowa\u0107 si\u0119 prokuratura.", "language": "pl-PL", "link": "https://www.money.pl/pieniadze/gdzie-sa-sprawozdania-finansowe-fundacji-red-is-bad-nie-ma-dokumentow-z-kilku-lat-7034988509289216a.html", "manual_status_code": 0, "page_rating": 32, "page_rating_contents": 100, "page_rating_visits": 0, "page_rating_votes": 0, "permanent": false, "source": "https://www.money.pl/rss/rss.xml", "source_obj__id": 215, "status_code": 0, "tags": [], "thumbnail": null, "title": "Gdzie s\u0105 sprawozdania finansowe fundacji \"Red is Bad\"? Nie ma dokument\u00f3w z kilku lat", "user": null, "vote": 0}, {"age": null, "album": "", "artist": null, "bookmarked": false, "comments": [], "date_published": "2024-06-04T17:02:40+00:00", "description": "<img src=\"https://i.wpimg.pl/308x/filerepo.grupawp.pl/api/v1/display/embed/629c2258-de21-4af9-97cb-8fe4eaaa6535\" width=\"308\" /> Trybuna\u0142 Konstytucyjny wyda\u0142 wyrok ws. 149 tys. emeryt\u00f3w. Decyzja wi\u0105\u017ce si\u0119 z ok. 14 mld z\u0142 dodatkowych wydatk\u00f3w. Dla rz\u0105du, ju\u017c stoj\u0105cego pod \u015bcian\u0105 ws. bud\u017cetu, to nie jest dobra wiadomo\u015b\u0107. Koalicja kluczy, a ekspert przestrzega. - Wypad\u0142 z szafy kolejny trup - s\u0142yszymy.", "language": "pl-PL", "link": "https://www.money.pl/emerytury/nowy-miliardowy-problem-tuska-wypadl-z-szafy-kolejny-trup-7034895369317120a.html", "manual_status_code": 0, "page_rating": 32, "page_rating_contents": 100, "page_rating_visits": 0, "page_rating_votes": 0, "permanent": false, "source": "https://www.money.pl/rss/rss.xml", "source_obj__id": 215, "status_code": 0, "tags": [], "thumbnail": null, "title": "Nowy, miliardowy problem Tuska. \"Wypad\u0142 z szafy kolejny trup\"", "user": null, "vote": 0}, {"age": null, "album": "", "artist": null, "bookmarked": false, "comments": [], "date_published": "2024-06-04T15:10:20+00:00", "description": "<img src=\"https://i.wpimg.pl/308x/filerepo.grupawp.pl/api/v1/display/embed/b507f42a-70ab-4af4-8885-ad0911c57e17\" width=\"308\" /> Luka VAT ro\u015bnie od dw\u00f3ch lat. Jej skok zanotowano ju\u017c w 2022 roku. W ko\u0144c\u00f3wce rz\u0105d\u00f3w premiera Morawieckiego wzros\u0142a o ponad 40 mld z\u0142 - tak S\u0142awomir Dudek, szef Instytutu Finans\u00f3w Publicznych, komentuje dane opublikowane przez resort finans\u00f3w. Wynika z nich, \u017ce w 2023 r. dziura podatkowa podwoi\u0142a si\u0119.", "language": "pl-PL", "link": "https://www.money.pl/podatki/runal-mit-morawieckiego-skad-dwukrotny-wzrost-luki-vat-7034930207836928a.html", "manual_status_code": 0, "page_rating": 32, "page_rating_contents": 100, "page_rating_visits": 0, "page_rating_votes": 0, "permanent": false, "source": "https://www.money.pl/rss/rss.xml", "source_obj__id": 215, "status_code": 0, "tags": [], "thumbnail": null, "title": "\"Run\u0105\u0142 mit Morawieckiego\". Sk\u0105d dwukrotny wzrost luki VAT?", "user": null, "vote": 0}, {"age": null, "album": "", "artist": null, "bookmarked": false, "comments": [], "date_published": "2024-06-04T09:41:49+00:00", "description": "<img src=\"https://i.wpimg.pl/308x/filerepo.grupawp.pl/api/v1/display/embed/3d895748-6c0b-4856-ba11-41f25857a79b\" width=\"308\" /> Od pocz\u0105tku transformacji w 1989 roku, PKB per capita Polski wzr\u00f3s\u0142 o 209 proc., a polski eksport zwi\u0119kszy\u0142 si\u0119 prawie 30-krotnie, jak wynika z analizy Polskiego Instytutu Ekonomicznego. Instytut podkre\u015bla, \u017ce minione 35 lat to dla polskiej gospodarki najlepszy okres w historii.", "language": "pl-PL", "link": "https://www.money.pl/gospodarka/wybory-4-czerwca-ekonomista-pokazal-wykres-robi-wrazenie-7034854162586304a.html", "manual_status_code": 0, "page_rating": 32, "page_rating_contents": 100, "page_rating_visits": 0, "page_rating_votes": 0, "permanent": false, "source": "https://www.money.pl/rss/rss.xml", "source_obj__id": 215, "status_code": 0, "tags": [], "thumbnail": null, "title": "Wybory 4 czerwca. Ekonomista pokaza\u0142 wykres. Robi wra\u017cenie", "user": null, "vote": 0}, {"age": null, "album": "", "artist": null, "bookmarked": false, "comments": [], "date_published": "2024-06-04T08:43:48+00:00", "description": "<img src=\"https://i.wpimg.pl/308x/filerepo.grupawp.pl/api/v1/display/embed/aab2a8e1-4202-4c7c-9a49-3b4e752841cb\" width=\"308\" /> Trybuna\u0142 Konstytucyjny orzek\u0142 w sprawie skargi emeryta. Chodzi o kwesti\u0119 pomniejszenia wysoko\u015bci emerytury, gdy \u015bwiadczeniobiorca skorzysta\u0142 z przej\u015bcia na wcze\u015bniejsz\u0105 emerytur\u0119. Decyzja TK dotyczy niemal 150 tys. emeryt\u00f3w.", "language": "pl-PL", "link": "https://www.money.pl/emerytury/zapadl-wyrok-wazny-dla-150-tys-emerytow-7034837183609600a.html", "manual_status_code": 0, "page_rating": 32, "page_rating_contents": 100, "page_rating_visits": 0, "page_rating_votes": 0, "permanent": false, "source": "https://www.money.pl/rss/rss.xml", "source_obj__id": 215, "status_code": 0, "tags": [], "thumbnail": null, "title": "Zapad\u0142 wyrok wa\u017cny dla 150 tys. emeryt\u00f3w", "user": null, "vote": 0}, {"age": null, "album": "", "artist": null, "bookmarked": false, "comments": [], "date_published": "2024-06-04T05:42:42+00:00", "description": "<img src=\"https://i.wpimg.pl/308x/filerepo.grupawp.pl/api/v1/display/embed/82aef776-f9f2-4d07-bd24-84a2d45dda5a\" width=\"308\" /> We wtorek Trybuna\u0142 Konstytucyjny wyda wyrok w sprawie skargi emeryta. Chodzi o pomniejszenie \u015bwiadczenia w przypadku, w kt\u00f3rym skorzystano z przej\u015bcia na wcze\u015bniejsz\u0105 emerytur\u0119. Decyzja TK dotyczy blisko 150 tys. emeryt\u00f3w.", "language": "pl-PL", "link": "https://www.money.pl/emerytury/150-tys-emerytow-czeka-na-wyrok-tk-zdecyduje-ws-wysokosci-swiadczenia-7034790928087808a.html", "manual_status_code": 0, "page_rating": 32, "page_rating_contents": 100, "page_rating_visits": 0, "page_rating_votes": 0, "permanent": false, "source": "https://www.money.pl/rss/rss.xml", "source_obj__id": 215, "status_code": 0, "tags": [], "thumbnail": null, "title": "150 tys. emeryt\u00f3w czeka na wyrok. TK zdecyduje ws. wysoko\u015bci \u015bwiadczenia", "user": null, "vote": 0}, {"age": null, "album": "", "artist": null, "bookmarked": false, "comments": [], "date_published": "2024-06-04T05:00:22+00:00", "description": "<img src=\"https://i.wpimg.pl/308x/filerepo.grupawp.pl/api/v1/display/embed/e0ba71a8-9c02-482d-85dd-ebac5362ee3b\" width=\"308\" /> Kurs dolara - 04.06.2024. We wtorek za jednego dolara (USD) trzeba zap\u0142aci\u0107 3.9178 z\u0142.", "language": "pl-PL", "link": "https://www.money.pl/pieniadze/ile-kosztuje-dolar-kurs-dolara-do-zlotego-pln-usd-04-06-2024-7034786687326976a.html", "manual_status_code": 0, "page_rating": 32, "page_rating_contents": 100, "page_rating_visits": 0, "page_rating_votes": 0, "permanent": false, "source": "https://www.money.pl/rss/rss.xml", "source_obj__id": 215, "status_code": 0, "tags": [], "thumbnail": null, "title": "Ile kosztuje dolar? Kurs dolara do z\u0142otego PLN/USD 04.06.2024", "user": null, "vote": 0}, {"age": null, "album": "", "artist": null, "bookmarked": false, "comments": [], "date_published": "2024-06-04T05:00:22+00:00", "description": "<img src=\"https://i.wpimg.pl/308x/filerepo.grupawp.pl/api/v1/display/embed/cf3a8300-d9c9-461f-9fbc-2f314332a28c\" width=\"308\" /> Kurs euro - 04.06.2024. We wtorek za jedno euro (EUR) trzeba zap\u0142aci\u0107 4.2741 z\u0142.", "language": "pl-PL", "link": "https://www.money.pl/pieniadze/ile-kosztuje-euro-kurs-euro-do-zlotego-pln-eur-04-06-2024-7034786692164288a.html", "manual_status_code": 0, "page_rating": 32, "page_rating_contents": 100, "page_rating_visits": 0, "page_rating_votes": 0, "permanent": false, "source": "https://www.money.pl/rss/rss.xml", "source_obj__id": 215, "status_code": 0, "tags": [], "thumbnail": null, "title": "Ile kosztuje euro? Kurs euro do z\u0142otego PLN/EUR 04.06.2024", "user": null, "vote": 0}, {"age": null, "album": "", "artist": null, "bookmarked": false, "comments": [], "date_published": "2024-06-04T05:00:22+00:00", "description": "<img src=\"https://i.wpimg.pl/308x/filerepo.grupawp.pl/api/v1/display/embed/b1c04e3f-7bce-4c35-b03c-7a8d7b0adc65\" width=\"308\" /> Kurs franka szwajcarskiego - 04.06.2024. We wtorek za jednego franka (CHF) trzeba zap\u0142aci\u0107 4.3751 z\u0142.", "language": "pl-PL", "link": "https://www.money.pl/pieniadze/ile-kosztuje-frank-szwajcarski-kurs-franka-do-zlotego-pln-chf-04-06-2024-7034786690988800a.html", "manual_status_code": 0, "page_rating": 32, "page_rating_contents": 100, "page_rating_visits": 0, "page_rating_votes": 0, "permanent": false, "source": "https://www.money.pl/rss/rss.xml", "source_obj__id": 215, "status_code": 0, "tags": [], "thumbnail": null, "title": "Ile kosztuje frank szwajcarski? Kurs franka do z\u0142otego PLN/CHF 04.06.2024", "user": null, "vote": 0}, {"age": null, "album": "", "artist": null, "bookmarked": false, "comments": [], "date_published": "2024-06-04T05:00:22+00:00", "description": "<img src=\"https://i.wpimg.pl/308x/filerepo.grupawp.pl/api/v1/display/embed/c374eefc-9e8b-424a-aaa7-91759b47d116\" width=\"308\" /> Kurs funta szterlinga - 04.06.2024. We wtorek za jednego funta brytyjskiego (GBP) trzeba zap\u0142aci\u0107 5.0193 z\u0142.", "language": "pl-PL", "link": "https://www.money.pl/pieniadze/ile-kosztuje-funt-kurs-funta-do-zlotego-pln-gbp-04-06-2024-7034786684668672a.html", "manual_status_code": 0, "page_rating": 32, "page_rating_contents": 100, "page_rating_visits": 0, "page_rating_votes": 0, "permanent": false, "source": "https://www.money.pl/rss/rss.xml", "source_obj__id": 215, "status_code": 0, "tags": [], "thumbnail": null, "title": "Ile kosztuje funt? Kurs funta do z\u0142otego PLN/GBP 04.06.2024", "user": null, "vote": 0}]