[{"age": null, "album": "", "artist": null, "bookmarked": false, "comments": [], "date_published": "2024-06-04T12:16:46+00:00", "description": "Are Robot Lawn Mowers FINALLY Worth It? Secure your privacy with\u00a0Surfshark! Enter coupon code UNDECIDED for an extra 4 months free at\u00a0https://surfshark.deals/undecided Electric lawn mowers are great. Quieter, more powerful, no toxic fumes or gasoline, and far less maintenance than a gas mower. However, there\u2019s another way to level up your electric lawn mower game and that\u2019s with the latest onslaught of robotic mowers hitting the market.\u00a0Autonomous mowers that use proximity sensors, computer vision, and accurate to the centimeter global positioning systems are everywhere now. Last year I beta tested a model that\u2019s out on the market now, and this year I bought myself a second one for comparison \u2026 and because I have a tech addiction problem \u2026 I even have a third, but it\u2019s technically not a mower in its current configuration.\u00a0It\u2019s a yard robot with a snow blower attachment that I\u2019m looking forward to testing out next winter. When I said that these things were everywhere now \u2026. maybe I jus", "language": null, "link": "https://www.youtube.com/watch?v=e3F6L-AQOSo", "manual_status_code": 0, "page_rating": 32, "page_rating_contents": 100, "page_rating_visits": 0, "page_rating_votes": 0, "permanent": false, "source": "https://www.youtube.com/feeds/videos.xml?channel_id=UCjtUS7-SZTi6pXjUbzGHQCg", "source_obj__id": 453, "status_code": 0, "tags": [], "thumbnail": "https://i2.ytimg.com/vi/e3F6L-AQOSo/hqdefault.jpg", "title": "Are Robot Lawn Mowers FINALLY Worth It?", "user": null, "vote": 0}]