[{"age": null, "album": "", "artist": null, "bookmarked": false, "comments": [], "date_published": "2024-06-04T13:00:31+00:00", "description": "Huge thank you to  @NerdoftheRings  for hosting this week's fantasy news! Be sure to check them out for some of the best LOTR content in town! \nNew second channel: https://www.youtube.com/channel/UCC-EqiFg67s2Nd0imgRXg5w \n\nGear:\nSony a7 iii: https://amzn.to/3yyVa6Q \nLens: https://amzn.to/3wOwman \nMicrophone: https://amzn.to/4byjDHW \nSound Board: https://amzn.to/4aybOkn \nLight diffuser: https://amzn.to/3KhcIXM \n\nMy books\nNeon Ghosts: https://shop.wraithmarked.com/collections/standard-editions-1/products/neon-ghosts-a-witchs-sin-hardcover\nBreach of Peace: https://tinyurl.com/BoPTLT  \nRebels Creed: https://tinyurl.com/RCTLTDG \nmerch: https://www.danielbgreene.com\n\nPatreon: https://www.patreon.com/DanielBGreene \nJoin the Discord here: https://discord.gg/xUrPj6EP3f\nAll the Me Social Links: https://linktr.ee/DanielGreene", "language": null, "link": "https://www.youtube.com/watch?v=PdZtJeP_MjY", "manual_status_code": 0, "page_rating": 32, "page_rating_contents": 100, "page_rating_visits": 0, "page_rating_votes": 0, "permanent": false, "source": "https://www.youtube.com/feeds/videos.xml?channel_id=UCw--xPGVVxYzRsWyV1nFqgg", "source_obj__id": 90, "status_code": 0, "tags": [], "thumbnail": "https://i1.ytimg.com/vi/PdZtJeP_MjY/hqdefault.jpg", "title": "Stormlight 5 Finished!\ud83c\udf89 George R.R. Martin Shades Hollywood\ud83d\ude0e Tom Bombadil First Look\ud83e\uddd9~FN~", "user": null, "vote": 0}]