[{"age": null, "album": "", "artist": null, "bookmarked": false, "comments": [], "date_published": "2024-06-04T16:00:48+00:00", "description": "https://lmg.gg/secretlablmgclips\nThanks to Secretlab for being the title sponsor of LMG Clips this year! Check out their ergonomic gaming chairs at the link above. Your back will thank you!\n\nValve confirms that you can\u2019t bequeath your Steam account in your will. \n\nWatch the full WAN Show: https://www.youtube.com/watch?v=cBPF9f6tPzs&amp;t=7222s\n\n\u25ba GET MERCH: https://lttstore.com\n\u25ba GET EXCLUSIVE CONTENT ON FLOATPLANE: https://lmg.gg/lttfloatplane\n\u25ba SPONSORS, AFFILIATES, AND PARTNERS: https://lmg.gg/partners\n\u25ba OUR WAN PODCAST GEAR: https://lmg.gg/wanset\n \nFOLLOW US ON SOCIAL\n---------------------------------------------------  \nTwitter: https://twitter.com/linustech\nFacebook: http://www.facebook.com/LinusTech\nInstagram: https://www.instagram.com/linustech\nTikTok: https://www.tiktok.com/@linustech\nTikTok (LMG Clips): www.tiktok.com/@_lmgclips_\nTwitch: https://www.twitch.tv/linustech", "language": null, "link": "https://www.youtube.com/watch?v=uRX85OkuiKA", "manual_status_code": 0, "page_rating": 32, "page_rating_contents": 100, "page_rating_visits": 0, "page_rating_votes": 0, "permanent": false, "source": "https://www.youtube.com/feeds/videos.xml?channel_id=UCFLFc8Lpbwt4jPtY1_Ai5yA", "source_obj__id": 182, "status_code": 0, "tags": [], "thumbnail": "https://i2.ytimg.com/vi/uRX85OkuiKA/hqdefault.jpg", "title": "You Can\u2019t Take It With You", "user": null, "vote": 0}, {"age": null, "album": "", "artist": null, "bookmarked": false, "comments": [], "date_published": "2024-06-04T16:00:07+00:00", "description": "https://lmg.gg/secretlablmgclips\nThanks to Secretlab for being the title sponsor of LMG Clips this year! Check out their ergonomic gaming chairs at the link above. Your back will thank you!\n\nPayPal announces that they\u2019ll be launching an ad platform leveraging their users\u2019 data. \n\nWatch the full WAN Show: https://www.youtube.com/watch?v=cBPF9f6tPzs&amp;t=7222s\n\n\u25ba GET MERCH: https://lttstore.com\n\u25ba GET EXCLUSIVE CONTENT ON FLOATPLANE: https://lmg.gg/lttfloatplane\n\u25ba SPONSORS, AFFILIATES, AND PARTNERS: https://lmg.gg/partners\n\u25ba OUR WAN PODCAST GEAR: https://lmg.gg/wanset\n \nFOLLOW US ON SOCIAL\n---------------------------------------------------  \nTwitter: https://twitter.com/linustech\nFacebook: http://www.facebook.com/LinusTech\nInstagram: https://www.instagram.com/linustech\nTikTok: https://www.tiktok.com/@linustech\nTikTok (LMG Clips): www.tiktok.com/@_lmgclips_\nTwitch: https://www.twitch.tv/linustech", "language": null, "link": "https://www.youtube.com/watch?v=97ZNLxWXhmg", "manual_status_code": 0, "page_rating": 32, "page_rating_contents": 100, "page_rating_visits": 0, "page_rating_votes": 0, "permanent": false, "source": "https://www.youtube.com/feeds/videos.xml?channel_id=UCFLFc8Lpbwt4jPtY1_Ai5yA", "source_obj__id": 182, "status_code": 0, "tags": [], "thumbnail": "https://i2.ytimg.com/vi/97ZNLxWXhmg/hqdefault.jpg", "title": "PayPal is Selling your Data (And they have been for a while)", "user": null, "vote": 0}]