[{"age": null, "album": "", "artist": null, "bookmarked": false, "comments": [], "date_published": "2024-06-04T17:21:50+00:00", "description": "London hospitals crippled by cyberattack! This incident highlights the growing threat of ransomware on healthcare systems worldwide. London&#8217;s&#8230;", "language": "en-US", "link": "https://hackread.com/london-nhs-ransomware-hospitals-targeted", "manual_status_code": 0, "page_rating": 32, "page_rating_contents": 100, "page_rating_visits": 0, "page_rating_votes": 0, "permanent": false, "source": "https://www.hackread.com/feed", "source_obj__id": 139, "status_code": 0, "tags": [], "thumbnail": null, "title": "London NHS Crippled by Ransomware, Several Hospitals Targeted edit", "user": null, "vote": 0}, {"age": null, "album": "", "artist": null, "bookmarked": false, "comments": [], "date_published": "2024-06-04T15:34:58+00:00", "description": "Beware Macro! Ukrainian users and cyberinfrastructure are being hit by a new malware campaign in which hackers are&#8230;", "language": "en-US", "link": "https://hackread.com/ukraine-cobalt-strike-attack-malicious-excel-files", "manual_status_code": 0, "page_rating": 32, "page_rating_contents": 100, "page_rating_visits": 0, "page_rating_votes": 0, "permanent": false, "source": "https://www.hackread.com/feed", "source_obj__id": 139, "status_code": 0, "tags": [], "thumbnail": null, "title": "Ukraine Hit by Cobalt Strike Campaign Using Malicious Excel Files", "user": null, "vote": 0}]