[{"age": null, "album": "", "artist": null, "bookmarked": false, "comments": [], "date_published": "2024-06-04T22:18:06+00:00", "description": "\"We do not see Hubble as being on its last legs.\"", "language": "en-US", "link": "https://arstechnica.com/?p=2029000", "manual_status_code": 0, "page_rating": 32, "page_rating_contents": 100, "page_rating_visits": 0, "page_rating_votes": 0, "permanent": false, "source": "https://feeds.arstechnica.com/arstechnica/index", "source_obj__id": 21, "status_code": 0, "tags": [], "thumbnail": null, "title": "Down to just two gyroscopes, Hubble\u2019s science operations will continue", "user": null, "vote": 0}, {"age": null, "album": "", "artist": null, "bookmarked": false, "comments": [], "date_published": "2024-06-04T21:52:38+00:00", "description": "Open letter argues for AI whistleblower provisions due to lack of government oversight.", "language": "en-US", "link": "https://arstechnica.com/?p=2028761", "manual_status_code": 0, "page_rating": 32, "page_rating_contents": 100, "page_rating_visits": 0, "page_rating_votes": 0, "permanent": false, "source": "https://feeds.arstechnica.com/arstechnica/index", "source_obj__id": 21, "status_code": 0, "tags": [], "thumbnail": null, "title": "Ex-OpenAI staff call for \u201cright to warn\u201d about AI risks without retaliation", "user": null, "vote": 0}, {"age": null, "album": "", "artist": null, "bookmarked": false, "comments": [], "date_published": "2024-06-04T21:16:20+00:00", "description": "Attack takes out third-party testing and diagnostics provider critical to care.", "language": "en-US", "link": "https://arstechnica.com/?p=2029003", "manual_status_code": 0, "page_rating": 32, "page_rating_contents": 100, "page_rating_visits": 0, "page_rating_votes": 0, "permanent": false, "source": "https://feeds.arstechnica.com/arstechnica/index", "source_obj__id": 21, "status_code": 0, "tags": [], "thumbnail": null, "title": "London hospitals declare emergency following ransomware attack", "user": null, "vote": 0}, {"age": null, "album": "", "artist": null, "bookmarked": false, "comments": [], "date_published": "2024-06-04T21:02:45+00:00", "description": "All the major elements in a solar panel can be reclaimed using less energy.", "language": "en-US", "link": "https://arstechnica.com/?p=2028993", "manual_status_code": 0, "page_rating": 32, "page_rating_contents": 100, "page_rating_visits": 0, "page_rating_votes": 0, "permanent": false, "source": "https://feeds.arstechnica.com/arstechnica/index", "source_obj__id": 21, "status_code": 0, "tags": [], "thumbnail": null, "title": "New recycling method makes solar cells even more environmentally friendly", "user": null, "vote": 0}, {"age": null, "album": "", "artist": null, "bookmarked": false, "comments": [], "date_published": "2024-06-04T20:00:02+00:00", "description": "Monthly ad-free subscriptions cost $1 more.", "language": "en-US", "link": "https://arstechnica.com/?p=2028863", "manual_status_code": 0, "page_rating": 32, "page_rating_contents": 100, "page_rating_visits": 0, "page_rating_votes": 0, "permanent": false, "source": "https://feeds.arstechnica.com/arstechnica/index", "source_obj__id": 21, "status_code": 0, "tags": [], "thumbnail": null, "title": "\u201cDefinitely cancel\u201d: Max subs advise churn after 2nd price hike in 17 months", "user": null, "vote": 0}, {"age": null, "album": "", "artist": null, "bookmarked": false, "comments": [], "date_published": "2024-06-04T19:46:05+00:00", "description": "Google previously said it would not return mailed-in devices using \"unauthorized\" parts.", "language": "en-US", "link": "https://arstechnica.com/?p=2028821", "manual_status_code": 0, "page_rating": 32, "page_rating_contents": 100, "page_rating_visits": 0, "page_rating_votes": 0, "permanent": false, "source": "https://feeds.arstechnica.com/arstechnica/index", "source_obj__id": 21, "status_code": 0, "tags": [], "thumbnail": null, "title": "Google changes repair policy after criticism of third-party parts ban", "user": null, "vote": 0}, {"age": null, "album": "", "artist": null, "bookmarked": false, "comments": [], "date_published": "2024-06-04T19:23:54+00:00", "description": "Eric Yuan told The Verge that \"digital twins\" are the future of work.", "language": "en-US", "link": "https://arstechnica.com/?p=2028754", "manual_status_code": 0, "page_rating": 32, "page_rating_contents": 100, "page_rating_visits": 0, "page_rating_votes": 0, "permanent": false, "source": "https://feeds.arstechnica.com/arstechnica/index", "source_obj__id": 21, "status_code": 0, "tags": [], "thumbnail": null, "title": "Zoom CEO envisions AI deepfakes attending meetings in your place", "user": null, "vote": 0}, {"age": null, "album": "", "artist": null, "bookmarked": false, "comments": [], "date_published": "2024-06-04T18:52:58+00:00", "description": "One day, a roguelike-playing system just kept biffing it, for celestial reasons.", "language": "en-US", "link": "https://arstechnica.com/?p=2028789", "manual_status_code": 0, "page_rating": 32, "page_rating_contents": 100, "page_rating_visits": 0, "page_rating_votes": 0, "permanent": false, "source": "https://feeds.arstechnica.com/arstechnica/index", "source_obj__id": 21, "status_code": 0, "tags": [], "thumbnail": null, "title": "What kind of bug would make machine learning suddenly 40% worse at NetHack?", "user": null, "vote": 0}, {"age": null, "album": "", "artist": null, "bookmarked": false, "comments": [], "date_published": "2024-06-04T18:23:16+00:00", "description": "Beware abandoned space stations \"haunted\" by xenomorphs.", "language": "en-US", "link": "https://arstechnica.com/?p=2028822", "manual_status_code": 0, "page_rating": 32, "page_rating_contents": 100, "page_rating_visits": 0, "page_rating_votes": 0, "permanent": false, "source": "https://feeds.arstechnica.com/arstechnica/index", "source_obj__id": 21, "status_code": 0, "tags": [], "thumbnail": null, "title": "New trailer for Alien: Romulus just wants to give us a big, warm face-hug", "user": null, "vote": 0}, {"age": null, "album": "", "artist": null, "bookmarked": false, "comments": [], "date_published": "2024-06-04T18:13:09+00:00", "description": "E-Trade fears restricting influencer's trading may trigger boycott, sources say.", "language": "en-US", "link": "https://arstechnica.com/?p=2028866", "manual_status_code": 0, "page_rating": 32, "page_rating_contents": 100, "page_rating_visits": 0, "page_rating_votes": 0, "permanent": false, "source": "https://feeds.arstechnica.com/arstechnica/index", "source_obj__id": 21, "status_code": 0, "tags": [], "thumbnail": null, "title": "GameStop stock influencer Roaring Kitty may lose access to E-Trade, report says", "user": null, "vote": 0}, {"age": null, "album": "", "artist": null, "bookmarked": false, "comments": [], "date_published": "2024-06-04T17:44:48+00:00", "description": "Slow charging and inefficient driving, Solterra is no electric WRX or Forester.", "language": "en-US", "link": "https://arstechnica.com/?p=2028799", "manual_status_code": 0, "page_rating": 32, "page_rating_contents": 100, "page_rating_visits": 0, "page_rating_votes": 0, "permanent": false, "source": "https://feeds.arstechnica.com/arstechnica/index", "source_obj__id": 21, "status_code": 0, "tags": [], "thumbnail": null, "title": "The 2024 Subaru Solterra is nimble but sorely lacks range, personality", "user": null, "vote": 0}, {"age": null, "album": "", "artist": null, "bookmarked": false, "comments": [], "date_published": "2024-06-04T17:40:09+00:00", "description": "Fate of net neutrality may hinge on Supreme Court's \"major questions\" doctrine.", "language": "en-US", "link": "https://arstechnica.com/?p=2028836", "manual_status_code": 0, "page_rating": 32, "page_rating_contents": 100, "page_rating_visits": 0, "page_rating_votes": 0, "permanent": false, "source": "https://feeds.arstechnica.com/arstechnica/index", "source_obj__id": 21, "status_code": 0, "tags": [], "thumbnail": null, "title": "ISPs seek halt of net neutrality rules before they take effect next month", "user": null, "vote": 0}, {"age": null, "album": "", "artist": null, "bookmarked": false, "comments": [], "date_published": "2024-06-04T17:31:39+00:00", "description": "Answers that are factually \"wrong\" are only part of the problem.", "language": "en-US", "link": "https://arstechnica.com/?p=2028826", "manual_status_code": 0, "page_rating": 32, "page_rating_contents": 100, "page_rating_visits": 0, "page_rating_votes": 0, "permanent": false, "source": "https://feeds.arstechnica.com/arstechnica/index", "source_obj__id": 21, "status_code": 0, "tags": [], "thumbnail": null, "title": "Google\u2019s AI Overviews misunderstand why people use Google", "user": null, "vote": 0}, {"age": null, "album": "", "artist": null, "bookmarked": false, "comments": [], "date_published": "2024-06-04T17:15:03+00:00", "description": "Op-ed: The risks to Recall are way too high for security to be secondary.", "language": "en-US", "link": "https://arstechnica.com/?p=2028683", "manual_status_code": 0, "page_rating": 32, "page_rating_contents": 100, "page_rating_visits": 0, "page_rating_votes": 0, "permanent": false, "source": "https://feeds.arstechnica.com/arstechnica/index", "source_obj__id": 21, "status_code": 0, "tags": [], "thumbnail": null, "title": "Windows Recall demands an extraordinary level of trust that Microsoft hasn\u2019t earned", "user": null, "vote": 0}, {"age": null, "album": "", "artist": null, "bookmarked": false, "comments": [], "date_published": "2024-06-04T16:07:05+00:00", "description": "The Tesla CEO is accused of diverting resources from the company again.", "language": "en-US", "link": "https://arstechnica.com/?p=2028780", "manual_status_code": 0, "page_rating": 32, "page_rating_contents": 100, "page_rating_visits": 0, "page_rating_votes": 0, "permanent": false, "source": "https://feeds.arstechnica.com/arstechnica/index", "source_obj__id": 21, "status_code": 0, "tags": [], "thumbnail": null, "title": "Nvida emails: Elon Musk diverting Tesla GPUs to his other companies", "user": null, "vote": 0}, {"age": null, "album": "", "artist": null, "bookmarked": false, "comments": [], "date_published": "2024-06-04T13:37:09+00:00", "description": "No rejection, just a matter of blood flow.", "language": "en-US", "link": "https://arstechnica.com/?p=2028749", "manual_status_code": 0, "page_rating": 32, "page_rating_contents": 100, "page_rating_visits": 0, "page_rating_votes": 0, "permanent": false, "source": "https://feeds.arstechnica.com/arstechnica/index", "source_obj__id": 21, "status_code": 0, "tags": [], "thumbnail": null, "title": "Surgeons remove pig kidney transplant from woman", "user": null, "vote": 0}, {"age": null, "album": "", "artist": null, "bookmarked": false, "comments": [], "date_published": "2024-06-04T03:00:55+00:00", "description": "Lunar Lake returns to a more conventional-looking design for Intel.", "language": "en-US", "link": "https://arstechnica.com/?p=2028454", "manual_status_code": 0, "page_rating": 32, "page_rating_contents": 100, "page_rating_visits": 0, "page_rating_votes": 0, "permanent": false, "source": "https://feeds.arstechnica.com/arstechnica/index", "source_obj__id": 21, "status_code": 0, "tags": [], "thumbnail": null, "title": "Intel details new Lunar Lake CPUs to fight off AMD, Qualcomm, and Apple", "user": null, "vote": 0}]