[{"age": null, "album": "", "artist": null, "bookmarked": false, "comments": [], "date_published": "2024-06-04T20:42:40+00:00", "description": "<img alt=\"teen online age estimation\" class=\"attachment-post-thumbnail size-post-thumbnail wp-post-image\" height=\"1365\" src=\"https://d1sr9z1pdl3mb7.cloudfront.net/wp-content/uploads/2021/11/05132448/teen-phone-scaled.jpg\" width=\"2048\" />\n\t\tPrivacy regulation is \u201can incredibly complex regulatory landscape,\u201d says Claire Quinn, chief data privacy officer for <a href=\"https://www.privo.com/home\">Privo</a>, in a panel focused on <a href=\"https://www.youtube.com/watch?si=Y2PUoyaJD0mZVfCe&amp;v=lvSgImE49yw&amp;feature=youtu.be\">children\u2019s online data privacy and age assurance</a>,\u00a0 hosted as part of the <a href=\"https://mobileecosystemforum.com/event/mef-connects-personal-data-identity/\">Mobile Ecosystem Forum</a> in London.\n\nThe theme of complexity recurs throughout the discussion, which also features Denise Tayloe, president and CEO of Privo; Katerina Tassi, senior associate for the privacy and data protection group at law firm <a href=\"https://www.twobirds.com/\">Bird &amp; Bird</a>; and I", "language": "en-US", "link": "https://www.biometricupdate.com/202406/age-assurance-and-childrens-data-privacy-regulations-come-with-endless-complexity", "manual_status_code": 0, "page_rating": 32, "page_rating_contents": 100, "page_rating_visits": 0, "page_rating_votes": 0, "permanent": false, "source": "https://www.biometricupdate.com/feed", "source_obj__id": 38, "status_code": 0, "tags": [], "thumbnail": null, "title": "Age assurance and children\u2019s data privacy regulations come with endless complexity", "user": null, "vote": 0}, {"age": null, "album": "", "artist": null, "bookmarked": false, "comments": [], "date_published": "2024-06-04T20:33:25+00:00", "description": "<img alt=\"palm biometrics\" class=\"attachment-post-thumbnail size-post-thumbnail wp-post-image\" height=\"1000\" src=\"https://d1sr9z1pdl3mb7.cloudfront.net/wp-content/uploads/2021/08/20104545/palm-biometrics.jpg\" width=\"1500\" />\n\t\tMajor financial players have lauded the potential of <a href=\"https://www.biometricupdate.com/202402/visa-says-palm-biometric-payments-have-promising-future\">palm payments</a>, China has explored <a href=\"https://www.biometricupdate.com/202305/palm-id-verifies-in-us-for-alcohol-buys-and-in-beijing-for-subway-rides\">palm biometrics</a> for transit, and major sports are <a href=\"https://www.biometricupdate.com/202405/retail-businesses-racing-toward-biometric-payments-to-increase-speed-and-security\">embracing palm scans</a> for payments and access control. And the modality continues to see uptake for <a href=\"https://www.biometricupdate.com/202405/retail-biometrics-queues-up-from-shopping-malls-to-quick-serve-restaurants\">retail applications</a>, with payments prov", "language": "en-US", "link": "https://www.biometricupdate.com/202406/palm-payments-more-accessible-with-pickup-from-mastercard-amazon-app", "manual_status_code": 0, "page_rating": 32, "page_rating_contents": 100, "page_rating_visits": 0, "page_rating_votes": 0, "permanent": false, "source": "https://www.biometricupdate.com/feed", "source_obj__id": 38, "status_code": 0, "tags": [], "thumbnail": null, "title": "Palm payments more accessible with pickup from Mastercard, Amazon app", "user": null, "vote": 0}, {"age": null, "album": "", "artist": null, "bookmarked": false, "comments": [], "date_published": "2024-06-04T20:15:00+00:00", "description": "<img alt=\"\" class=\"attachment-post-thumbnail size-post-thumbnail wp-post-image\" height=\"1152\" src=\"https://d1sr9z1pdl3mb7.cloudfront.net/wp-content/uploads/2024/04/10134702/face-image-quality-scaled.jpg\" width=\"2048\" />\n\t\tIn a move that has sparked debate and raised concerns about privacy and civil liberties, the Swedish police are considering the use of cameras equipped with real-time facial recognition to identify suspected criminals in public spaces. The proposed system would automatically scan the faces of individuals against a database of known offenders and alert law enforcement if a match is found.\n\nProponents of the technology argue that the use of facial recognition cameras could help law enforcement agencies quickly identify and apprehend dangerous criminals, thereby enhancing public safety.\n\nThe proposal suggests that the police, in accordance with the <a href=\"https://www.biometricupdate.com/202405/real-time-remote-biometrics-banned-in-eu-with-final-green-light-for-ai-act\"", "language": "en-US", "link": "https://www.biometricupdate.com/202406/swedish-proposal-tests-ai-acts-live-public-facial-recognition-limits", "manual_status_code": 0, "page_rating": 32, "page_rating_contents": 100, "page_rating_visits": 0, "page_rating_votes": 0, "permanent": false, "source": "https://www.biometricupdate.com/feed", "source_obj__id": 38, "status_code": 0, "tags": [], "thumbnail": null, "title": "Swedish proposal tests AI Act\u2019s live public facial recognition limits", "user": null, "vote": 0}, {"age": null, "album": "", "artist": null, "bookmarked": false, "comments": [], "date_published": "2024-06-04T20:14:04+00:00", "description": "<img alt=\"\" class=\"attachment-post-thumbnail size-post-thumbnail wp-post-image\" height=\"1367\" src=\"https://d1sr9z1pdl3mb7.cloudfront.net/wp-content/uploads/2022/09/19172639/patient-digital-identity-scaled.jpg\" width=\"2048\" />\n\t\tGerman medical insurance provider AOK has enlisted <a href=\"https://www.telekom.com/en\">T-Systems</a> to provide and manage secure digital identities for its 27 million policyholders. The initiative, known as <a href=\"https://www.aok.de/pk/versichertenservice/gesundheits-id-app-mein-leben/\">GesundheitsID</a>, will serve as an access point for all AOK digital services, including electronic patient files (ePA), e-prescriptions, and the online policy management portal.\n\nScheduled for release in spring 2025, the GesundheitsID is being developed by T-Systems in partnership with the ID wallet provider Verimi. The initial contract between AOK and T-Systems spans four years, with the option to extend for an additional four years. Existing digital identities, introduced", "language": "en-US", "link": "https://www.biometricupdate.com/202406/aok-partners-with-t-systems-to-secure-digital-identities-in-the-healthcare-sector", "manual_status_code": 0, "page_rating": 32, "page_rating_contents": 100, "page_rating_visits": 0, "page_rating_votes": 0, "permanent": false, "source": "https://www.biometricupdate.com/feed", "source_obj__id": 38, "status_code": 0, "tags": [], "thumbnail": null, "title": "AOK partners with T-Systems to secure digital identities in the healthcare sector", "user": null, "vote": 0}, {"age": null, "album": "", "artist": null, "bookmarked": false, "comments": [], "date_published": "2024-06-04T18:33:16+00:00", "description": "<img alt=\"\" class=\"attachment-post-thumbnail size-post-thumbnail wp-post-image\" height=\"1366\" src=\"https://d1sr9z1pdl3mb7.cloudfront.net/wp-content/uploads/2024/02/19151246/video-kyc-scaled.jpg\" width=\"2048\" />\n\t\tIn response to the user-friendly approach, passive <a href=\"https://www.biometricupdate.com/biometric-news/liveness-detection\">liveness detection</a> has gained popularity as it only requires the user to upload a selfie. The algorithm then analyzes this selfie to verify if it belongs to a real, live person.\n\nAccuracy is of utmost importance in this technology. To further this advancement, <a href=\"https://www.biometricupdate.com/companies/innovatrics\">Innovatrics</a> has enhanced its passive liveness detection algorithms, resulting in a 30 percent increase in accuracy, the company says.\n\nInnovatrics believes that malicious actors have recognized liveness detection as a potential vulnerability in biometric security systems. The company emphasizes the need for such solutions to", "language": "en-US", "link": "https://www.biometricupdate.com/202406/innovatrics-brings-accuracy-improvements-to-its-liveness-detection-solution", "manual_status_code": 0, "page_rating": 32, "page_rating_contents": 100, "page_rating_visits": 0, "page_rating_votes": 0, "permanent": false, "source": "https://www.biometricupdate.com/feed", "source_obj__id": 38, "status_code": 0, "tags": [], "thumbnail": null, "title": "Innovatrics brings accuracy improvements to its liveness detection solution", "user": null, "vote": 0}, {"age": null, "album": "", "artist": null, "bookmarked": false, "comments": [], "date_published": "2024-06-04T18:28:24+00:00", "description": "<img alt=\"\" class=\"attachment-post-thumbnail size-post-thumbnail wp-post-image\" height=\"1325\" src=\"https://d1sr9z1pdl3mb7.cloudfront.net/wp-content/uploads/2023/07/10101537/face-biometric-close-up.jpg\" width=\"1312\" />\n\t\t<a href=\"https://www.biometricupdate.com/tag/omnivision-technologies\">OmniVision Technologies</a> has unveiled its latest intelligent CMOS image sensor, the OV01D1R, which integrates multiple functionalities into a single sensor module. This device is designed to perform human presence detection (HPD) and infrared facial authentication and features an always-on (AON) capability.\n\nThe company claims that the integrated HPD and facial recognition capabilities of the sensor enhance user privacy and security. The ability to detect human presence and authenticate users without manual intervention adds a layer of convenience. Furthermore, the always-on technology allows the sensor to remain active in a low-power state, continuously monitoring events.\n\nTo minimize power consu", "language": "en-US", "link": "https://www.biometricupdate.com/202406/omnivisions-cmos-image-sensor-performs-ir-facial-authentication-and-human-presence-detection", "manual_status_code": 0, "page_rating": 32, "page_rating_contents": 100, "page_rating_visits": 0, "page_rating_votes": 0, "permanent": false, "source": "https://www.biometricupdate.com/feed", "source_obj__id": 38, "status_code": 0, "tags": [], "thumbnail": null, "title": "OmniVision\u2019s CMOS image sensor performs IR facial authentication and human presence detection", "user": null, "vote": 0}, {"age": null, "album": "", "artist": null, "bookmarked": false, "comments": [], "date_published": "2024-06-04T18:17:20+00:00", "description": "<img alt=\"\" class=\"attachment-post-thumbnail size-post-thumbnail wp-post-image\" height=\"1298\" src=\"https://d1sr9z1pdl3mb7.cloudfront.net/wp-content/uploads/2022/02/15111831/selfie-login-authentication-IDV-scaled.jpg\" width=\"2048\" />\n\t\tThe U.S. General Services Administration is testing facial recognition, behavioral biometrics and other technologies for remote identity proofing for the Login.gov onboarding process to ensure they are free from bias. The equity test is part of <a href=\"https://www.biometricupdate.com/202404/login-gov-adds-selfie-biometrics-for-may-pilot\">a pilot</a> which began in May with the ultimate goal of meeting the IAL2 identity proofing standard set out in NIST SP 800-63.\n\nThe GSA is <a href=\"https://www.gsa.gov/governmentwide-initiatives/diversity-equity-inclusion-and-accessibility/equity-study-on-remote-identity-proofing/questions-about-the-equity-study-on-remote-identity-proofing\">conducting a study</a> on the equity impacts of remote identity proofing, and p", "language": "en-US", "link": "https://www.biometricupdate.com/202406/gsa-testing-for-biometric-bias-ahead-of-login-gov-identity-proofing-rollout", "manual_status_code": 0, "page_rating": 32, "page_rating_contents": 100, "page_rating_visits": 0, "page_rating_votes": 0, "permanent": false, "source": "https://www.biometricupdate.com/feed", "source_obj__id": 38, "status_code": 0, "tags": [], "thumbnail": null, "title": "GSA testing for biometric bias ahead of Login.gov identity proofing rollout", "user": null, "vote": 0}, {"age": null, "album": "", "artist": null, "bookmarked": false, "comments": [], "date_published": "2024-06-04T16:41:32+00:00", "description": "<img alt=\"Nepal-National-Identity-Card\" class=\"attachment-post-thumbnail size-post-thumbnail wp-post-image\" height=\"489\" src=\"https://d1sr9z1pdl3mb7.cloudfront.net/wp-content/uploads/2021/12/13121459/Nepal-National-Identity-Card.png\" width=\"923\" />\n\t\t<span style=\"font-weight: 400;\">In striving to develop a comprehensive digital identity system, Nepal is embarking on a transformative journey, promising to overhaul the governance system, improve service provision, and drive economic development. This ambitious endeavor started in 2012 and aims to replace traditional paper-based citizenship certificates with biometric smart national ID cards that contain photos, personal data, and fingerprint biometrics. Major achievements under the project include the recent implementation of unique ID numbers assigned at birth and the issuance of millions of digital ID cards. </span><a href=\"https://www.idemia.com/multi-purpose-biometric-eid-nepal\"><span style=\"font-weight: 400;\">Collaboration</span></", "language": "en-US", "link": "https://www.biometricupdate.com/202406/nepals-digital-identity-transformation-fosters-challenges", "manual_status_code": 0, "page_rating": 32, "page_rating_contents": 100, "page_rating_visits": 0, "page_rating_votes": 0, "permanent": false, "source": "https://www.biometricupdate.com/feed", "source_obj__id": 38, "status_code": 0, "tags": [], "thumbnail": null, "title": "Nepal\u2019s digital identity transformation fosters challenges", "user": null, "vote": 0}, {"age": null, "album": "", "artist": null, "bookmarked": false, "comments": [], "date_published": "2024-06-04T15:38:15+00:00", "description": "<img alt=\"online shopping biometric authetication\" class=\"attachment-post-thumbnail size-post-thumbnail wp-post-image\" height=\"580\" src=\"https://d1sr9z1pdl3mb7.cloudfront.net/wp-content/uploads/2020/04/20111418/online-shopping-biometric-authetication.jpg\" width=\"938\" />\n\t\t<a href=\"https://www.biometricupdate.com/companies/acuity-market-intelligence\">Acuity Market Intelligence</a> forecasts that biometrics for financial services will bring in $40 billion in revenue from 2024 to 2028, peaking at over $14.8 billion in the last year of the period. A new report from Acuity\u2019s <a href=\"https://www.the-prism-project.com\">Prism Project</a> delves into the transaction volumes and market forces driving the phenomenal growth expected in the sector.\n<h2>Biometrics increasingly crucial for fraud prevention</h2>\nNumbers from Juniper Research estimate that cumulative merchant losses to <a href=\"https://www.juniperresearch.com/press/online-payment-fraud-losses-to-exceed-343bn/#:~:text=Fintech%20%26%20", "language": "en-US", "link": "https://www.biometricupdate.com/202406/idv-firms-stake-claims-in-40b-financial-services-biometrics-market", "manual_status_code": 0, "page_rating": 32, "page_rating_contents": 100, "page_rating_visits": 0, "page_rating_votes": 0, "permanent": false, "source": "https://www.biometricupdate.com/feed", "source_obj__id": 38, "status_code": 0, "tags": [], "thumbnail": null, "title": "IDV firms stake claims in $40B financial services biometrics market", "user": null, "vote": 0}, {"age": null, "album": "", "artist": null, "bookmarked": false, "comments": [], "date_published": "2024-06-04T12:31:39+00:00", "description": "<img alt=\"\" class=\"attachment-post-thumbnail size-post-thumbnail wp-post-image\" height=\"1365\" src=\"https://d1sr9z1pdl3mb7.cloudfront.net/wp-content/uploads/2023/03/20155817/passwordless-authentication-scaled.jpg\" width=\"2048\" />\n\t\t<a href=\"https://www.iddataweb.com/\">ID Dataweb</a>, a provider of cross-channel identity verification solutions, has partnered with <a href=\"https://www.biometricupdate.com/tag/ibm\">IBM</a> to enhance identity verification processes. Through this collaboration, the IBM Security Verify platform will be able to manage access to systems and secure applications, while enhancing fraud prevention.\n\nBy integrating their solutions, the two companies aim to simplify the <a href=\"https://www.biometricupdate.com/tag/identity-verification\">identity verification</a> process, allowing companies to confirm user identities and maintain high-security measures. ID Dataweb's identity verification solution will help in ensuring that only authorized users have access.\n\n\u201cBy leve", "language": "en-US", "link": "https://www.biometricupdate.com/202406/id-dataweb-ibm-collaborate-on-integrating-identity-verification-solution", "manual_status_code": 0, "page_rating": 32, "page_rating_contents": 100, "page_rating_visits": 0, "page_rating_votes": 0, "permanent": false, "source": "https://www.biometricupdate.com/feed", "source_obj__id": 38, "status_code": 0, "tags": [], "thumbnail": null, "title": "ID Dataweb, IBM collaborate on integrating identity verification solution", "user": null, "vote": 0}, {"age": null, "album": "", "artist": null, "bookmarked": false, "comments": [], "date_published": "2024-06-04T12:11:52+00:00", "description": "<img alt=\"\" class=\"attachment-post-thumbnail size-post-thumbnail wp-post-image\" height=\"1367\" src=\"https://d1sr9z1pdl3mb7.cloudfront.net/wp-content/uploads/2022/04/28124015/online-banking-purchases-scaled.jpg\" width=\"2048\" />\n\t\tThe South African Reserve Bank (SARB) has published a national digital payments roadmap which proposes several novelties including the adoption of two-factor authentication for digital payments security and a digital KYC registry to streamline and digitize the process of verifying customer identities for financial transactions.\n\nAccording to the <a href=\"https://www.resbank.co.za/content/dam/sarb/what-we-do/payments-and-settlements/regulation-oversight-and-supervision/Digital%20Payments%20Roadmap.pdf\">roadmap</a> titled \u201cDigital payments roadmap: Towards inclusive, accessible, effective and sustainable digital payments in South Africa,\u201d the novelties which align with the country\u2019s 2035 Vision of its National Payment System Framework and Strategy, will improve t", "language": "en-US", "link": "https://www.biometricupdate.com/202406/south-africa-rejigs-its-digital-payments-ecosystem-to-increase-financial-inclusion", "manual_status_code": 0, "page_rating": 32, "page_rating_contents": 100, "page_rating_visits": 0, "page_rating_votes": 0, "permanent": false, "source": "https://www.biometricupdate.com/feed", "source_obj__id": 38, "status_code": 0, "tags": [], "thumbnail": null, "title": "South Africa rejigs its digital payments ecosystem to increase financial inclusion", "user": null, "vote": 0}, {"age": null, "album": "", "artist": null, "bookmarked": false, "comments": [], "date_published": "2024-06-04T12:07:44+00:00", "description": "<img alt=\"stock-market\" class=\"attachment-post-thumbnail size-post-thumbnail wp-post-image\" height=\"501\" src=\"https://d1sr9z1pdl3mb7.cloudfront.net/wp-content/uploads/2018/03/09172121/stock-market.jpg\" width=\"890\" />\n\t\t<em>June 4, 2024 -</em>\u00a0<a href=\"https://www.biometricupdate.com/companies/bio-key\">BIO-key</a> is working to refile a series of financial statements to correct errors made while incorporating the finances of a recently-acquired subsidiary. In the meantime, the company has received a notice of non-compliance from Nasdaq for failing to file its Form 10-Q for its fourth quarter of fiscal 2023, which ended March 31, 2024.\n\nA new <a href=\"https://app.quotemedia.com/data/downloadFiling?webmasterId=102691&amp;ref=318328974&amp;type=HTML&amp;symbol=BKYI&amp;cdn=ddd175c90ce426a07f9842fe35ca42f9&amp;companyName=BIO-key+International+Inc.&amp;formType=NT+10-Q&amp;formDescription=Notification+of+inability+to+timely+file+Form+10-Q+or+10-QSB&amp;dateFiled=2024-05-16\">Form 12b-25</a>", "language": "en-US", "link": "https://www.biometricupdate.com/202406/bio-key-quarterlies-annuals-sec-actions", "manual_status_code": 0, "page_rating": 32, "page_rating_contents": 100, "page_rating_visits": 0, "page_rating_votes": 0, "permanent": false, "source": "https://www.biometricupdate.com/feed", "source_obj__id": 38, "status_code": 0, "tags": [], "thumbnail": null, "title": "Bio-key: quarterlies, annuals, SEC actions", "user": null, "vote": 0}, {"age": null, "album": "", "artist": null, "bookmarked": false, "comments": [], "date_published": "2024-06-04T12:05:47+00:00", "description": "<img alt=\"\" class=\"attachment-post-thumbnail size-post-thumbnail wp-post-image\" height=\"1024\" src=\"https://d1sr9z1pdl3mb7.cloudfront.net/wp-content/uploads/2022/07/28170217/responsible-ai-scaled.jpg\" width=\"2048\" />\n\t\t<span style=\"font-weight: 400;\">It is critical to evaluate the societal implications of using artificial intelligence, especially in situations where people regularly engage with AI.\u00a0</span>\n\n<span style=\"font-weight: 400;\">The National Institute of Standards and Technology (</span><a href=\"https://www.biometricupdate.com/tag/nist\"><span style=\"font-weight: 400;\">NIST</span></a><span style=\"font-weight: 400;\">) has introduced a new initiative, the Assessing Risks and Impacts of AI (ARIA) program, designed to assess the interactions between AI systems and human users to understand how these systems impact and are influenced by social factors.\u00a0</span>\n\n<span style=\"font-weight: 400;\">According to NIST, the program will offer measurable metrics for assessing the performance", "language": "en-US", "link": "https://www.biometricupdate.com/202406/nist-introduces-program-to-analyze-real-world-ai-risks", "manual_status_code": 0, "page_rating": 32, "page_rating_contents": 100, "page_rating_visits": 0, "page_rating_votes": 0, "permanent": false, "source": "https://www.biometricupdate.com/feed", "source_obj__id": 38, "status_code": 0, "tags": [], "thumbnail": null, "title": "NIST introduces program to analyze real-world AI risks", "user": null, "vote": 0}]