[{"age": null, "album": "", "artist": null, "bookmarked": false, "comments": [], "date_published": "2024-06-04T23:47:17.405272+00:00", "description": "Envigo\u2019s parent company Inotiv will pay $35 million, including largest ever U.S. Animal Welfare Act fine", "language": "en-US", "link": "https://www.science.org/content/article/research-breeder-pleads-guilty-severe-mistreatment-beagles-historic-case", "manual_status_code": 0, "page_rating": 32, "page_rating_contents": 100, "page_rating_visits": 0, "page_rating_votes": 0, "permanent": false, "source": "https://www.science.org/rss/news_current.xml", "source_obj__id": 187, "status_code": 0, "tags": [], "thumbnail": null, "title": "Research breeder pleads guilty to severe mistreatment of beagles in historic case", "user": null, "vote": 0}, {"age": null, "album": "", "artist": null, "bookmarked": false, "comments": [], "date_published": "2024-06-04T23:47:15.030346+00:00", "description": "Despite gyroscope failures, NASA expects its famed space telescope to last for years", "language": "en-US", "link": "https://www.science.org/content/article/aging-hubble-telescope-moves-one-gyro-operations-reducing-productivity-and-limiting", "manual_status_code": 0, "page_rating": 32, "page_rating_contents": 100, "page_rating_visits": 0, "page_rating_votes": 0, "permanent": false, "source": "https://www.science.org/rss/news_current.xml", "source_obj__id": 187, "status_code": 0, "tags": [], "thumbnail": null, "title": "Aging Hubble telescope moves to \u2018one-gyro\u2019 operations, reducing productivity and limiting science", "user": null, "vote": 0}, {"age": null, "album": "", "artist": null, "bookmarked": false, "comments": [], "date_published": "2024-06-04T20:33:42.366230+00:00", "description": "Senior author acknowledges manipulated figures in study tying a form of amyloid protein to memory impairment", "language": "en-US", "link": "https://www.science.org/content/article/researchers-plan-retract-landmark-alzheimers-paper-containing-doctored-images", "manual_status_code": 0, "page_rating": 32, "page_rating_contents": 100, "page_rating_visits": 0, "page_rating_votes": 0, "permanent": false, "source": "https://www.science.org/rss/news_current.xml", "source_obj__id": 187, "status_code": 0, "tags": [], "thumbnail": null, "title": "Researchers plan to retract landmark Alzheimer\u2019s paper containing doctored images", "user": null, "vote": 0}, {"age": null, "album": "", "artist": null, "bookmarked": false, "comments": [], "date_published": "2024-06-04T20:33:40.383416+00:00", "description": "Proponents hope reform will simplify a fragmented and bureaucratic research system\u2014but some worry recommendations won\u2019t be followed", "language": "en-US", "link": "https://www.science.org/content/article/france-should-create-nih-\u00e0-la-fran\u00e7aise-boost-biomedical-research-report-urges", "manual_status_code": 0, "page_rating": 32, "page_rating_contents": 100, "page_rating_visits": 0, "page_rating_votes": 0, "permanent": false, "source": "https://www.science.org/rss/news_current.xml", "source_obj__id": 187, "status_code": 0, "tags": [], "thumbnail": null, "title": "France should create an NIH <em>\u00e0 la fran\u00e7aise</em> to boost biomedical research, report urges", "user": null, "vote": 0}, {"age": null, "album": "", "artist": null, "bookmarked": false, "comments": [], "date_published": "2024-06-04T20:33:38.454637+00:00", "description": "Uniform pores help membranes separate out toxic contaminants", "language": "en-US", "link": "https://www.science.org/content/article/novel-filter-may-speed-wastewater-cleanup", "manual_status_code": 0, "page_rating": 32, "page_rating_contents": 100, "page_rating_visits": 0, "page_rating_votes": 0, "permanent": false, "source": "https://www.science.org/rss/news_current.xml", "source_obj__id": 187, "status_code": 0, "tags": [], "thumbnail": null, "title": "Novel filter may speed wastewater cleanup", "user": null, "vote": 0}, {"age": null, "album": "", "artist": null, "bookmarked": false, "comments": [], "date_published": "2024-06-04T03:03:33.899917+00:00", "description": "Republicans attacked Anthony Fauci on multiple fronts but Democrats solidly stood behired retired government scientist", "language": "en-US", "link": "https://www.science.org/content/article/fauci-fends-off-covid-19-accusations-pandemic-origin-probe", "manual_status_code": 0, "page_rating": 32, "page_rating_contents": 100, "page_rating_visits": 0, "page_rating_votes": 0, "permanent": false, "source": "https://www.science.org/rss/news_current.xml", "source_obj__id": 187, "status_code": 0, "tags": [], "thumbnail": null, "title": "Former NIAID director fends off COVID-19 accusations in pandemic origin probe", "user": null, "vote": 0}, {"age": null, "album": "", "artist": null, "bookmarked": false, "comments": [], "date_published": "2024-06-04T00:53:43.544162+00:00", "description": "Long before European colonization, mysterious riverside engravings may have marked South American borders", "language": "en-US", "link": "https://www.science.org/content/article/gigantic-snake-carvings-may-have-been-ancient-road-signs", "manual_status_code": 0, "page_rating": 32, "page_rating_contents": 100, "page_rating_visits": 0, "page_rating_votes": 0, "permanent": false, "source": "https://www.science.org/rss/news_current.xml", "source_obj__id": 187, "status_code": 0, "tags": [], "thumbnail": null, "title": "Gigantic snake carvings may have been ancient \u2018road signs\u2019", "user": null, "vote": 0}]