[{"age": null, "album": "", "artist": null, "bookmarked": false, "comments": [], "date_published": "2024-06-04T19:45:41+00:00", "description": "<p>The first metal 3D printer aboard the International Space Station successfully dribbled out a molten \u201cS curve\u201d last Thursday, in what the European Space Agency (ESA) is calling a \u201cgiant leap forward for in-orbit manufacturing.\u201d Combining a high-power laser and stainless-steel wire, an Airbus-built metal 3D printer deposited its first liquefied test lines inside the [&#8230;]</p>\n<p>The post <a href=\"https://www.popsci.com/science/3d-printing-space/\">First metal 3D printer on space station dribbles molten steel</a> appeared first on <a href=\"https://www.popsci.com\">Popular Science</a>.</p>", "language": "en-US", "link": "https://www.popsci.com/science/3d-printing-space", "manual_status_code": 0, "page_rating": 32, "page_rating_contents": 100, "page_rating_visits": 0, "page_rating_votes": 0, "permanent": false, "source": "https://www.popsci.com/feed", "source_obj__id": 260, "status_code": 0, "tags": [], "thumbnail": null, "title": "First metal 3D printer on space station dribbles molten steel", "user": null, "vote": 0}, {"age": null, "album": "", "artist": null, "bookmarked": false, "comments": [], "date_published": "2024-06-04T19:12:15+00:00", "description": "<p>One of the few consolations of long-haul international flights is the free alcohol, right? Nope\u2014not according to a study conducted by a group of researchers at the German Aerospace Center\u2019s Institute of Aerospace Medicine.&#160; The study investigated the effects that combining alcohol consumption and the hypobaric conditions of a typical airplane cabin have on sleep. [&#8230;]</p>\n<p>The post <a href=\"https://www.popsci.com/health/alcohol-airplane/\">Drinking alcohol on airplanes is bad for your body</a> appeared first on <a href=\"https://www.popsci.com\">Popular Science</a>.</p>", "language": "en-US", "link": "https://www.popsci.com/health/alcohol-airplane", "manual_status_code": 0, "page_rating": 32, "page_rating_contents": 100, "page_rating_visits": 0, "page_rating_votes": 0, "permanent": false, "source": "https://www.popsci.com/feed", "source_obj__id": 260, "status_code": 0, "tags": [], "thumbnail": null, "title": "Drinking alcohol on airplanes is bad for your body", "user": null, "vote": 0}, {"age": null, "album": "", "artist": null, "bookmarked": false, "comments": [], "date_published": "2024-06-04T17:05:18+00:00", "description": "<p>If you work in an office, even a home office, you\u2019re probably sitting in a chair for eight or more hours a day\u2014a potentially tiring scenario, but the right seat cushion can make it more comfortable. To be clear, sitting for prolonged periods of time is detrimental to your health. Heart disease, lower back and [&#8230;]</p>\n<p>The post <a href=\"https://www.popsci.com/gear/best-seat-cushions-for-office-chairs/\">The best seat cushions for office chairs in 2024, tested and reviewed</a> appeared first on <a href=\"https://www.popsci.com\">Popular Science</a>.</p>", "language": "en-US", "link": "https://www.popsci.com/gear/best-seat-cushions-for-office-chairs", "manual_status_code": 0, "page_rating": 32, "page_rating_contents": 100, "page_rating_visits": 0, "page_rating_votes": 0, "permanent": false, "source": "https://www.popsci.com/feed", "source_obj__id": 260, "status_code": 0, "tags": [], "thumbnail": null, "title": "The best seat cushions for office chairs in 2024, tested and reviewed", "user": null, "vote": 0}, {"age": null, "album": "", "artist": null, "bookmarked": false, "comments": [], "date_published": "2024-06-04T13:29:09+00:00", "description": "<p>In a remote area of the Siberian tundra, dotted with low trees and shrubs, there\u2019s a place that locals call \u2018The Gateway to Hell.\u2019 During the summertime, the sound of water pouring over the cliff sides is interrupted every so often by the boom and crash of falling earth. \u201cIt\u2019s quite noisy\u201d says Julian Murton, [&#8230;]</p>\n<p>The post <a href=\"https://www.popsci.com/science/batagaika-crater-gateway-to-hell/\">Earth&#8217;s &#8216;Gateway to Hell&#8217; is growing</a> appeared first on <a href=\"https://www.popsci.com\">Popular Science</a>.</p>", "language": "en-US", "link": "https://www.popsci.com/science/batagaika-crater-gateway-to-hell", "manual_status_code": 0, "page_rating": 32, "page_rating_contents": 100, "page_rating_visits": 0, "page_rating_votes": 0, "permanent": false, "source": "https://www.popsci.com/feed", "source_obj__id": 260, "status_code": 0, "tags": [], "thumbnail": null, "title": "Earth&#8217;s &#8216;Gateway to Hell&#8217; is growing", "user": null, "vote": 0}, {"age": null, "album": "", "artist": null, "bookmarked": false, "comments": [], "date_published": "2024-06-04T13:20:34+00:00", "description": "<p>When Hurricane Idalia swept through Florida\u2019s Big Bend region in August 2023, the storm brought more than rapid intensification, waves, and wind. It had some pink wings. Flamingos likely came up to the United States from Mexico or the Bahamas. These boisterous avians were even spotted as far north as Wisconsin and Pennsylvania. In the [&#8230;]</p>\n<p>The post <a href=\"https://www.popsci.com/environment/florida-flamingo/\">A \u2018pink wave\u2019 of flamingoes settles into the Sunshine State</a> appeared first on <a href=\"https://www.popsci.com\">Popular Science</a>.</p>", "language": "en-US", "link": "https://www.popsci.com/environment/florida-flamingo", "manual_status_code": 0, "page_rating": 32, "page_rating_contents": 100, "page_rating_visits": 0, "page_rating_votes": 0, "permanent": false, "source": "https://www.popsci.com/feed", "source_obj__id": 260, "status_code": 0, "tags": [], "thumbnail": null, "title": "A \u2018pink wave\u2019 of flamingoes settles into the Sunshine State", "user": null, "vote": 0}, {"age": null, "album": "", "artist": null, "bookmarked": false, "comments": [], "date_published": "2024-06-04T13:00:00+00:00", "description": "<p>Enjoy exclusive savings on these HD Digital Camera Binoculars, the perfect gift for Father&#8217;s Day and your dad&#8217;s next springtime outing. This exceptional device lets users seize indoor and outdoor moments with remarkable precision and detail while capturing all the footage. Great for camping, hiking, globe-trotting getaways, and so much more, you&#8217;ll save nearly $100 [&#8230;]</p>\n<p>The post <a href=\"https://www.popsci.com/sponsored-content/hd-digital-camera-binoculars-fathers-day-deal/\">Get outdoors with these HD digital camera binoculars, now $93 off for Father&#8217;s Day</a> appeared first on <a href=\"https://www.popsci.com\">Popular Science</a>.</p>", "language": "en-US", "link": "https://www.popsci.com/sponsored-content/hd-digital-camera-binoculars-fathers-day-deal", "manual_status_code": 0, "page_rating": 32, "page_rating_contents": 100, "page_rating_visits": 0, "page_rating_votes": 0, "permanent": false, "source": "https://www.popsci.com/feed", "source_obj__id": 260, "status_code": 0, "tags": [], "thumbnail": null, "title": "Get outdoors with these HD digital camera binoculars, now $93 off for Father&#8217;s Day", "user": null, "vote": 0}, {"age": null, "album": "", "artist": null, "bookmarked": false, "comments": [], "date_published": "2024-06-04T12:00:00+00:00", "description": "<p>This story was originally published by&#160;Grist. Sign up for Grist\u2019s&#160;weekly newsletter here. Summers keep&#160;getting hotter, and the consequences are impossible to miss: In the summer of 2023, the Northern Hemisphere experienced its&#160;hottest season in 2,000 years. Canada\u2019s deadliest wildfires on record bathed skylines in smoke from Minnesota to New York. In&#160;Texas&#160;and&#160;Arizona, hundreds of people lost [&#8230;]</p>\n<p>The post <a href=\"https://www.popsci.com/environment/summer-weather-hurricanes/\">Why this summer might bring the wildest weather yet</a> appeared first on <a href=\"https://www.popsci.com\">Popular Science</a>.</p>", "language": "en-US", "link": "https://www.popsci.com/environment/summer-weather-hurricanes", "manual_status_code": 0, "page_rating": 32, "page_rating_contents": 100, "page_rating_visits": 0, "page_rating_votes": 0, "permanent": false, "source": "https://www.popsci.com/feed", "source_obj__id": 260, "status_code": 0, "tags": [], "thumbnail": null, "title": "Why this summer might bring the wildest weather yet", "user": null, "vote": 0}, {"age": null, "album": "", "artist": null, "bookmarked": false, "comments": [], "date_published": "2024-06-04T09:00:00+00:00", "description": "<p>We know tha snake venom is highly toxic to humans, but to learn more about how it works, venom must be studied in a lab. To use fewer laboratory animals and research better treatments for snake bites, a team in the Netherlands has built a new 3D model of imitation blood vessels they call an [&#8230;]</p>\n<p>The post <a href=\"https://www.popsci.com/environment/snake-venom-lab/\">Snake venom&#8217;s deadly secrets decoded with fake blood vessels</a> appeared first on <a href=\"https://www.popsci.com\">Popular Science</a>.</p>", "language": "en-US", "link": "https://www.popsci.com/environment/snake-venom-lab", "manual_status_code": 0, "page_rating": 32, "page_rating_contents": 100, "page_rating_visits": 0, "page_rating_votes": 0, "permanent": false, "source": "https://www.popsci.com/feed", "source_obj__id": 260, "status_code": 0, "tags": [], "thumbnail": null, "title": "Snake venom&#8217;s deadly secrets decoded with fake blood vessels", "user": null, "vote": 0}]