[{"age": null, "album": "", "artist": null, "bookmarked": false, "comments": [], "date_published": "2024-06-04T08:22:00+00:00", "description": "We&#8217;re in the middle of a huge and unusual shift. The magazine publisher acted like the best sales were newsstand sales, even though the profit came from subscriptions and most people simply visited the website. Book publishers and editors seem to focus on selling copies on paper, sold in independent bookstores. They spend as little [&#8230;]", "language": "en-US", "link": "https://seths.blog/2024/06/did-you-see-it-in-the-theater", "manual_status_code": 0, "page_rating": 32, "page_rating_contents": 100, "page_rating_visits": 0, "page_rating_votes": 0, "permanent": false, "source": "https://seths.blog/feed", "source_obj__id": 303, "status_code": 0, "tags": [], "thumbnail": null, "title": "Did you see it in the theater?", "user": null, "vote": 0}]