[{"age": null, "album": "", "artist": null, "bookmarked": false, "comments": [], "date_published": "2024-06-04T22:00:00+00:00", "description": "<img src=\"https://ithardware.pl/artykuly/min/33374_1.jpg\" />            Cooler Master&nbsp;zaprezentowa\u0142 dzi\u015b szerok\u0105 gam\u0119 nowo\u015bci na targach Computex 2024. Oferta obejmuje r&oacute;wnie\u017c aktualizacje produkt&oacute;w w wielu kategoriach, w tym: monitor&oacute;w, foteli gamingowych, sto\u0142k&oacute;w muzycznych,...\n            <p>Pe\u0142na wersja strony <a href=\"https://ithardware.pl/aktualnosci/computex_2024_cooler_master_prezentuje_nowa_generacje_chlodzen_zasilania_obudow_ale_nie_tylko-33374.html\">https://ithardware.pl/aktualnosci/computex_2024_cooler_master_prezentuje_nowa_generacje_chlodzen_zasilania_obudow_ale_nie_tylko-33374.html</a></p>", "language": "pl-PL", "link": "https://ithardware.pl/aktualnosci/computex_2024_cooler_master_prezentuje_nowa_generacje_chlodzen_zasilania_obudow_ale_nie_tylko-33374.html", "manual_status_code": 0, "page_rating": 32, "page_rating_contents": 100, "page_rating_visits": 0, "page_rating_votes": 0, "permanent": false, "source": "https://ithardware.pl/feed", "source_obj__id": 148, "status_code": 0, "tags": [], "thumbnail": null, "title": "Computex 2024: Cooler Master prezentuje now\u0105 generacj\u0119 ch\u0142odze\u0144, zasilania, obud\u00f3w, ale nie tylko\u2026", "user": null, "vote": 0}, {"age": null, "album": "", "artist": null, "bookmarked": false, "comments": [], "date_published": "2024-06-04T21:05:30+00:00", "description": "<img src=\"https://ithardware.pl/artykuly/min/33371_1.jpg\" />            Microsoft promuje \u0142\u0105czenie Windowsa 11 z kontem Microsoft. Nie brak jednak os&oacute;b, kt&oacute;re wol\u0105 korzysta\u0107 z profilu offline stworzonego na konkretnym komputerze. Firmie z Redmond si\u0119 to nie podobna i utrudni\u0142a stworzenie lokalnego...\n            <p>Pe\u0142na wersja strony <a href=\"https://ithardware.pl/aktualnosci/windows_11_microsoft_utrudnia_tworzenie_konta_lokalnego-33371.html\">https://ithardware.pl/aktualnosci/windows_11_microsoft_utrudnia_tworzenie_konta_lokalnego-33371.html</a></p>", "language": "pl-PL", "link": "https://ithardware.pl/aktualnosci/windows_11_microsoft_utrudnia_tworzenie_konta_lokalnego-33371.html", "manual_status_code": 0, "page_rating": 32, "page_rating_contents": 100, "page_rating_visits": 0, "page_rating_votes": 0, "permanent": false, "source": "https://ithardware.pl/feed", "source_obj__id": 148, "status_code": 0, "tags": [], "thumbnail": null, "title": "Windows 11. Microsoft utrudnia tworzenie konta lokalnego", "user": null, "vote": 0}, {"age": null, "album": "", "artist": null, "bookmarked": false, "comments": [], "date_published": "2024-06-04T20:48:40+00:00", "description": "<img src=\"https://ithardware.pl/artykuly/min/33375_1.jpg\" />            Karty GeForce otrzyma\u0142y now\u0105 wersj\u0119 sterownika. Dzi\u0119ki niej gracze nie b\u0119d\u0105 musieli ju\u017c chocia\u017cby martwi\u0107 si\u0119 o wsparcie dla Elden Ring: Shadow of the Edftree. Uaktualnienia doczeka\u0142a si\u0119 tak\u017ce aplikacja NVIDIA App, kt&oacute;ra posiada...\n            <p>Pe\u0142na wersja strony <a href=\"https://ithardware.pl/aktualnosci/nowy_sterownik_geforce_game_ready_555_99_dodaje_wsparcie_dla_kolejnych_gier-33375.html\">https://ithardware.pl/aktualnosci/nowy_sterownik_geforce_game_ready_555_99_dodaje_wsparcie_dla_kolejnych_gier-33375.html</a></p>", "language": "pl-PL", "link": "https://ithardware.pl/aktualnosci/nowy_sterownik_geforce_game_ready_555_99_dodaje_wsparcie_dla_kolejnych_gier-33375.html", "manual_status_code": 0, "page_rating": 32, "page_rating_contents": 100, "page_rating_visits": 0, "page_rating_votes": 0, "permanent": false, "source": "https://ithardware.pl/feed", "source_obj__id": 148, "status_code": 0, "tags": [], "thumbnail": null, "title": "Nowy sterownik GeForce Game Ready 555.99 dodaje wsparcie dla kolejnych gier", "user": null, "vote": 0}, {"age": null, "album": "", "artist": null, "bookmarked": false, "comments": [], "date_published": "2024-06-04T20:00:00+00:00", "description": "<img src=\"https://ithardware.pl/artykuly/min/33372_1.jpg\" />            CORSAIR kojarzony z produkcj\u0105 sprz\u0119tu komputerowego postanowi\u0142&nbsp;wkroczy\u0107 do bran\u017cy&nbsp;Sim Racing. Firma zaprezentowa\u0142a specjalny kokpit do gier wy\u015bcigowych.\n\nOsoby, kt&oacute;re odwiedzi\u0142y stanowisko CORSAIR na targach Computex, mog\u0142y...\n            <p>Pe\u0142na wersja strony <a href=\"https://ithardware.pl/aktualnosci/corsair_wchodzi_do_branzy_sim_racing-33372.html\">https://ithardware.pl/aktualnosci/corsair_wchodzi_do_branzy_sim_racing-33372.html</a></p>", "language": "pl-PL", "link": "https://ithardware.pl/aktualnosci/corsair_wchodzi_do_branzy_sim_racing-33372.html", "manual_status_code": 0, "page_rating": 32, "page_rating_contents": 100, "page_rating_visits": 0, "page_rating_votes": 0, "permanent": false, "source": "https://ithardware.pl/feed", "source_obj__id": 148, "status_code": 0, "tags": [], "thumbnail": null, "title": "CORSAIR wchodzi do bran\u017cy Sim Racing", "user": null, "vote": 0}, {"age": null, "album": "", "artist": null, "bookmarked": false, "comments": [], "date_published": "2024-06-04T19:30:00+00:00", "description": "<img src=\"https://ithardware.pl/artykuly/min/33373_1.jpg\" />            Kingston wykorzysta\u0142 targi Computex 2024 do przygotowania&nbsp;wydarzenia&nbsp;Kingston: Racing Beyond Limits, w ramach kt&oacute;rego zapowiedziano&nbsp;nowo\u015bci, w tym limitowan\u0105 edycj\u0119 pami\u0119ci RAM DDR5 Kingston FURY Renegade, nowy standard...\n            <p>Pe\u0142na wersja strony <a href=\"https://ithardware.pl/aktualnosci/kingston_prezentuje_pamieci_ddr5_i_ddr5_camm2_oraz_rozwiazania_ai-33373.html\">https://ithardware.pl/aktualnosci/kingston_prezentuje_pamieci_ddr5_i_ddr5_camm2_oraz_rozwiazania_ai-33373.html</a></p>", "language": "pl-PL", "link": "https://ithardware.pl/aktualnosci/kingston_prezentuje_pamieci_ddr5_i_ddr5_camm2_oraz_rozwiazania_ai-33373.html", "manual_status_code": 0, "page_rating": 32, "page_rating_contents": 100, "page_rating_visits": 0, "page_rating_votes": 0, "permanent": false, "source": "https://ithardware.pl/feed", "source_obj__id": 148, "status_code": 0, "tags": [], "thumbnail": null, "title": "Kingston prezentuje pami\u0119ci DDR5 i DDR5 CAMM2 oraz rozwi\u0105zania AI", "user": null, "vote": 0}, {"age": null, "album": "", "artist": null, "bookmarked": false, "comments": [], "date_published": "2024-06-04T18:21:30+00:00", "description": "<img src=\"https://ithardware.pl/artykuly/min/33370_1.jpg\" />            System iOS 18 ma przynie\u015b\u0107 nowe funkcje, za dzia\u0142anie kt&oacute;rych odpowiedzialna b\u0119dzie sztuczna inteligencja. Apple podobno zdecyduje si\u0119 na hybrydowe rozwi\u0105zanie, gdzie cz\u0119\u015b\u0107 funkcji AI mo\u017ce dzia\u0142a\u0107 na urz\u0105dzeniu, a cz\u0119\u015b\u0107 dzi\u0119ki...\n            <p>Pe\u0142na wersja strony <a href=\"https://ithardware.pl/aktualnosci/w_wymaganiach_co_najmniej_iphone_15_pro_z_ai_skorzystaja_w_pelni_tylko_uzytkownicy_nowego_sprzetu-33370.html\">https://ithardware.pl/aktualnosci/w_wymaganiach_co_najmniej_iphone_15_pro_z_ai_skorzystaja_w_pelni_tylko_uzytkownicy_nowego_sprzetu-33370.html</a></p>", "language": "pl-PL", "link": "https://ithardware.pl/aktualnosci/w_wymaganiach_co_najmniej_iphone_15_pro_z_ai_skorzystaja_w_pelni_tylko_uzytkownicy_nowego_sprzetu-33370.html", "manual_status_code": 0, "page_rating": 32, "page_rating_contents": 100, "page_rating_visits": 0, "page_rating_votes": 0, "permanent": false, "source": "https://ithardware.pl/feed", "source_obj__id": 148, "status_code": 0, "tags": [], "thumbnail": null, "title": "W wymaganiach co najmniej iPhone 15 Pro? Z AI skorzystaj\u0105 w pe\u0142ni tylko u\u017cytkownicy nowego sprz\u0119tu", "user": null, "vote": 0}, {"age": null, "album": "", "artist": null, "bookmarked": false, "comments": [], "date_published": "2024-06-04T17:21:40+00:00", "description": "<img src=\"https://ithardware.pl/artykuly/min/33369_1.jpg\" />            ZOTAC r&oacute;wnie\u017c postanowi\u0142 wej\u015b\u0107 na rynek przeno\u015bnych konsol dla graczy. W ich ofercie pojawi si\u0119 sprz\u0119t nazwany ZONE. Jego sercem b\u0119dzie 8-rdzeniowy i 16-w\u0105tkowy procesor Ryzen ze zintegrowan\u0105 grafi\u0105 Radeon. Opr&oacute;cz specyfikacji...\n            <p>Pe\u0142na wersja strony <a href=\"https://ithardware.pl/aktualnosci/zotac_zone_pokazany_znamy_specyfikacje_i_mozliwa_cene-33369.html\">https://ithardware.pl/aktualnosci/zotac_zone_pokazany_znamy_specyfikacje_i_mozliwa_cene-33369.html</a></p>", "language": "pl-PL", "link": "https://ithardware.pl/aktualnosci/zotac_zone_pokazany_znamy_specyfikacje_i_mozliwa_cene-33369.html", "manual_status_code": 0, "page_rating": 32, "page_rating_contents": 100, "page_rating_visits": 0, "page_rating_votes": 0, "permanent": false, "source": "https://ithardware.pl/feed", "source_obj__id": 148, "status_code": 0, "tags": [], "thumbnail": null, "title": "ZOTAC ZONE pokazany. Znamy specyfikacj\u0119 i mo\u017cliw\u0105 cen\u0119", "user": null, "vote": 0}, {"age": null, "album": "", "artist": null, "bookmarked": false, "comments": [], "date_published": "2024-06-04T17:00:00+00:00", "description": "<img src=\"https://ithardware.pl/artykuly/min/33368_1.jpg\" />            KIOXIA prezentuje dyski SSD z serii EXCERIA wyposa\u017cone w radiator poprawiaj\u0105cy rozpraszanie ciep\u0142a. Zaprojektowane zosta\u0142y z my\u015bl\u0105 nie tylko o&nbsp;komputerach, ale&nbsp;i konsoli PlayStation 5.\n\nDyski z serii EXCERIA&nbsp;dost\u0119pne s\u0105 w...\n            <p>Pe\u0142na wersja strony <a href=\"https://ithardware.pl/aktualnosci/kioxia_przedstawia_dyski_ssd_z_radiatorem_dla_graczy-33368.html\">https://ithardware.pl/aktualnosci/kioxia_przedstawia_dyski_ssd_z_radiatorem_dla_graczy-33368.html</a></p>", "language": "pl-PL", "link": "https://ithardware.pl/aktualnosci/kioxia_przedstawia_dyski_ssd_z_radiatorem_dla_graczy-33368.html", "manual_status_code": 0, "page_rating": 32, "page_rating_contents": 100, "page_rating_visits": 0, "page_rating_votes": 0, "permanent": false, "source": "https://ithardware.pl/feed", "source_obj__id": 148, "status_code": 0, "tags": [], "thumbnail": null, "title": "KIOXIA przedstawia dyski SSD z radiatorem dla graczy", "user": null, "vote": 0}, {"age": null, "album": "", "artist": null, "bookmarked": false, "comments": [], "date_published": "2024-06-04T16:57:30+00:00", "description": "<img src=\"https://ithardware.pl/artykuly/min/33367_1.jpg\" />            Snapdragon 8 Gen 4 podobno jest w stanie osi\u0105ga\u0107 taktowanie 4,2 GHz na rdzeniach wydajno\u015bciowych. Pojawi\u0142y si\u0119 te\u017c informacje na temat jego wydajno\u015bci, kt&oacute;ra mo\u017ce by\u0107 lepsza ni\u017c w przypadku Apple A17 Pro.\n\nZ ostatnich doniesie\u0144...\n            <p>Pe\u0142na wersja strony <a href=\"https://ithardware.pl/aktualnosci/snapdragon_8_gen_4_lepszy_niz_apple_a17_pro_nowe_przecieki_o_wydajnosci_i_taktowaniu-33367.html\">https://ithardware.pl/aktualnosci/snapdragon_8_gen_4_lepszy_niz_apple_a17_pro_nowe_przecieki_o_wydajnosci_i_taktowaniu-33367.html</a></p>", "language": "pl-PL", "link": "https://ithardware.pl/aktualnosci/snapdragon_8_gen_4_lepszy_niz_apple_a17_pro_nowe_przecieki_o_wydajnosci_i_taktowaniu-33367.html", "manual_status_code": 0, "page_rating": 32, "page_rating_contents": 100, "page_rating_visits": 0, "page_rating_votes": 0, "permanent": false, "source": "https://ithardware.pl/feed", "source_obj__id": 148, "status_code": 0, "tags": [], "thumbnail": null, "title": "Snapdragon 8 Gen 4 lepszy ni\u017c Apple A17 Pro? Nowe przecieki o wydajno\u015bci i taktowaniu", "user": null, "vote": 0}, {"age": null, "album": "", "artist": null, "bookmarked": false, "comments": [], "date_published": "2024-06-04T15:25:00+00:00", "description": "<img src=\"https://ithardware.pl/artykuly/min/33366_1.jpg\" />            Computex 2024 to doskona\u0142a okazja, by producenci sprz\u0119tu komputerowego zaprezentowali nowe produkty&nbsp;tak jak CORSAIR. Firma z okazji targ&oacute;w&nbsp;przedstawi\u0142a szereg nowych urz\u0105dze\u0144: komputer, ch\u0142odzenie wodne, monitor czy...\n            <p>Pe\u0142na wersja strony <a href=\"https://ithardware.pl/aktualnosci/od_chlodzenia_po_obudowy_corsair_prezentuje_nowe_produkty_na_computex_2024-33366.html\">https://ithardware.pl/aktualnosci/od_chlodzenia_po_obudowy_corsair_prezentuje_nowe_produkty_na_computex_2024-33366.html</a></p>", "language": "pl-PL", "link": "https://ithardware.pl/aktualnosci/od_chlodzenia_po_obudowy_corsair_prezentuje_nowe_produkty_na_computex_2024-33366.html", "manual_status_code": 0, "page_rating": 32, "page_rating_contents": 100, "page_rating_visits": 0, "page_rating_votes": 0, "permanent": false, "source": "https://ithardware.pl/feed", "source_obj__id": 148, "status_code": 0, "tags": [], "thumbnail": null, "title": "Od ch\u0142odzenia po obudowy - CORSAIR prezentuje nowe produkty na Computex 2024", "user": null, "vote": 0}, {"age": null, "album": "", "artist": null, "bookmarked": false, "comments": [], "date_published": "2024-06-04T14:42:40+00:00", "description": "<img src=\"https://ithardware.pl/artykuly/min/33364_1.jpg\" />            CORSAIR og\u0142osi\u0142&nbsp;nowe partnerstwo z Gigabyte, dzi\u0119ki kt&oacute;remu ten producent p\u0142yt g\u0142&oacute;wnych b\u0119dzie wspiera\u0142 oprogramowanie do sterowania pod\u015bwietleniem CORSAIR iCUE. Wsp&oacute;\u0142praca ta umo\u017cliwia zgodnym produktom CORSAIR...\n            <p>Pe\u0142na wersja strony <a href=\"https://ithardware.pl/aktualnosci/corsair_oglasza_nawiazanie_wspolpracy_miedzy_icue_i_gigabyte-33364.html\">https://ithardware.pl/aktualnosci/corsair_oglasza_nawiazanie_wspolpracy_miedzy_icue_i_gigabyte-33364.html</a></p>", "language": "pl-PL", "link": "https://ithardware.pl/aktualnosci/corsair_oglasza_nawiazanie_wspolpracy_miedzy_icue_i_gigabyte-33364.html", "manual_status_code": 0, "page_rating": 32, "page_rating_contents": 100, "page_rating_visits": 0, "page_rating_votes": 0, "permanent": false, "source": "https://ithardware.pl/feed", "source_obj__id": 148, "status_code": 0, "tags": [], "thumbnail": null, "title": "CORSAIR og\u0142asza nawi\u0105zanie wsp\u00f3\u0142pracy mi\u0119dzy iCUE i Gigabyte", "user": null, "vote": 0}, {"age": null, "album": "", "artist": null, "bookmarked": false, "comments": [], "date_published": "2024-06-04T12:23:30+00:00", "description": "<img src=\"https://ithardware.pl/artykuly/min/33363_1.jpg\" />            Stany Zjednoczone aresztowa\u0142y obywatela Chin za oferowanie bezp\u0142atnych program&oacute;w VPN, kt&oacute;re potajemnie instalowa\u0142y z\u0142o\u015bliwe oprogramowanie na milionach komputer&oacute;w z systemem Windows.\n\nDepartament Sprawiedliwo\u015bci twierdzi, \u017ce...\n            <p>Pe\u0142na wersja strony <a href=\"https://ithardware.pl/aktualnosci/aresztowano_tworce_najwiekszego_botnetu_w_historii_infekowal_przez_darmowe_uslugi_vpn-33363.html\">https://ithardware.pl/aktualnosci/aresztowano_tworce_najwiekszego_botnetu_w_historii_infekowal_przez_darmowe_uslugi_vpn-33363.html</a></p>", "language": "pl-PL", "link": "https://ithardware.pl/aktualnosci/aresztowano_tworce_najwiekszego_botnetu_w_historii_infekowal_przez_darmowe_uslugi_vpn-33363.html", "manual_status_code": 0, "page_rating": 32, "page_rating_contents": 100, "page_rating_visits": 0, "page_rating_votes": 0, "permanent": false, "source": "https://ithardware.pl/feed", "source_obj__id": 148, "status_code": 0, "tags": [], "thumbnail": null, "title": "Aresztowano tw\u00f3rc\u0119 najwi\u0119kszego botnetu w historii. Infekowa\u0142 przez darmowe us\u0142ugi VPN", "user": null, "vote": 0}, {"age": null, "album": "", "artist": null, "bookmarked": false, "comments": [], "date_published": "2024-06-04T11:21:30+00:00", "description": "<img src=\"https://ithardware.pl/artykuly/min/33361_1.jpg\" />            Nowa funkcja Dual-Hz w monitorach gamingowy zdaje si\u0119 by\u0107 prze\u0142omowa i takie konstrukcje zosta\u0142y w\u0142a\u015bnie wypuszczone przez LG. Oto, czym si\u0119 charakteryzuj\u0105!\n\nRozszerzona linia nowych monitor&oacute;w obejmuje modele 32GS95UE oraz 34GS95QE i...\n            <p>Pe\u0142na wersja strony <a href=\"https://ithardware.pl/aktualnosci/nowe_monitory_lg_oled_juz_w_polsce_sa_modele_z_funkcja_dual_hz-33361.html\">https://ithardware.pl/aktualnosci/nowe_monitory_lg_oled_juz_w_polsce_sa_modele_z_funkcja_dual_hz-33361.html</a></p>", "language": "pl-PL", "link": "https://ithardware.pl/aktualnosci/nowe_monitory_lg_oled_juz_w_polsce_sa_modele_z_funkcja_dual_hz-33361.html", "manual_status_code": 0, "page_rating": 32, "page_rating_contents": 100, "page_rating_visits": 0, "page_rating_votes": 0, "permanent": false, "source": "https://ithardware.pl/feed", "source_obj__id": 148, "status_code": 0, "tags": [], "thumbnail": null, "title": "Nowe monitory LG OLED ju\u017c w Polsce. S\u0105 modele z funkcj\u0105 Dual-Hz", "user": null, "vote": 0}, {"age": null, "album": "", "artist": null, "bookmarked": false, "comments": [], "date_published": "2024-06-04T11:15:50+00:00", "description": "<img src=\"https://ithardware.pl/artykuly/min/33362_1.jpg\" />            SpaceX i AST SpaceMobile pracuj\u0105 nad zapewnieniem&nbsp;\u0142\u0105czno\u015bci satelitarnej&nbsp;smartfonom, ale naukowcy twierdz\u0105, \u017ce technologia mo\u017ce oznacza\u0107 nawet \u015bmier\u0107 radioastronomii.\n\n&bdquo;Proponowane satelity umo\u017cliwiaj\u0105ce \u0142\u0105czno\u015b\u0107...\n            <p>Pe\u0142na wersja strony <a href=\"https://ithardware.pl/aktualnosci/astronomowie_protestuja_przeciw_lacznosci_komorkowej_elona_muska_to_smierc_dla_radioteleskopow-33362.html\">https://ithardware.pl/aktualnosci/astronomowie_protestuja_przeciw_lacznosci_komorkowej_elona_muska_to_smierc_dla_radioteleskopow-33362.html</a></p>", "language": "pl-PL", "link": "https://ithardware.pl/aktualnosci/astronomowie_protestuja_przeciw_lacznosci_komorkowej_elona_muska_to_smierc_dla_radioteleskopow-33362.html", "manual_status_code": 0, "page_rating": 32, "page_rating_contents": 100, "page_rating_visits": 0, "page_rating_votes": 0, "permanent": false, "source": "https://ithardware.pl/feed", "source_obj__id": 148, "status_code": 0, "tags": [], "thumbnail": null, "title": "Sie\u0107 \u0142\u0105czno\u015bci kom\u00f3rkowej Elona Muska, to \u015bmier\u0107 dla radioteleskop\u00f3w. Astronomowie protestuj\u0105", "user": null, "vote": 0}, {"age": null, "album": "", "artist": null, "bookmarked": false, "comments": [], "date_published": "2024-06-04T10:56:10+00:00", "description": "<img src=\"https://ithardware.pl/artykuly/min/33356_1.jpg\" />            Poniewa\u017c architektura ARM coraz \u015bmielej poczyna sobie na rynku PC (dzi\u0119ki Qualcomm i Microsoftowi), dyrektor generalny ARM Holdings, Rene Haas, podzieli\u0142 si\u0119 swoimi predykcjami dotycz\u0105cymi przysz\u0142ego udzia\u0142u w rynku ich technologii. Spodziewa...\n            <p>Pe\u0142na wersja strony <a href=\"https://ithardware.pl/aktualnosci/arm_prognozuje_ze_ich_architektura_przejmie_50_rynku_pc_w_ciagu_5_lat-33356.html\">https://ithardware.pl/aktualnosci/arm_prognozuje_ze_ich_architektura_przejmie_50_rynku_pc_w_ciagu_5_lat-33356.html</a></p>", "language": "pl-PL", "link": "https://ithardware.pl/aktualnosci/arm_prognozuje_ze_ich_architektura_przejmie_50_rynku_pc_w_ciagu_5_lat-33356.html", "manual_status_code": 0, "page_rating": 32, "page_rating_contents": 100, "page_rating_visits": 0, "page_rating_votes": 0, "permanent": false, "source": "https://ithardware.pl/feed", "source_obj__id": 148, "status_code": 0, "tags": [], "thumbnail": null, "title": "ARM prognozuje, \u017ce jego architektura przejmie 50% rynku PC w ci\u0105gu 5 lat", "user": null, "vote": 0}, {"age": null, "album": "", "artist": null, "bookmarked": false, "comments": [], "date_published": "2024-06-04T10:06:30+00:00", "description": "<img src=\"https://ithardware.pl/artykuly/min/33359_1.jpg\" />            Kilka dni po zapowiedziach, \u017ce Donald Trump planuje pojawi\u0107 si\u0119 na platformie X &ndash; na kt&oacute;rej nie by\u0142 aktywny od 2021 roku &ndash; by\u0142y prezydent zaskoczy\u0142 wszystkich, do\u0142\u0105czaj\u0105c do TikToka, platformy, kt&oacute;r\u0105 wcze\u015bniej...\n            <p>Pe\u0142na wersja strony <a href=\"https://ithardware.pl/aktualnosci/donald_trump_dolaczyl_do_tiktoka_juz_nie_walczy_z_chinska_platforma-33359.html\">https://ithardware.pl/aktualnosci/donald_trump_dolaczyl_do_tiktoka_juz_nie_walczy_z_chinska_platforma-33359.html</a></p>", "language": "pl-PL", "link": "https://ithardware.pl/aktualnosci/donald_trump_dolaczyl_do_tiktoka_juz_nie_walczy_z_chinska_platforma-33359.html", "manual_status_code": 0, "page_rating": 32, "page_rating_contents": 100, "page_rating_visits": 0, "page_rating_votes": 0, "permanent": false, "source": "https://ithardware.pl/feed", "source_obj__id": 148, "status_code": 0, "tags": [], "thumbnail": null, "title": "Donald Trump do\u0142\u0105czy\u0142 do TikToka. Ju\u017c nie walczy z chi\u0144sk\u0105 platform\u0105?", "user": null, "vote": 0}, {"age": null, "album": "", "artist": null, "bookmarked": false, "comments": [], "date_published": "2024-06-04T09:33:00+00:00", "description": "<img src=\"https://ithardware.pl/artykuly/min/33354_1.jpg\" />            Rozw&oacute;j w zakresie AI przebiega z zawrotn\u0105 szybko\u015bci\u0105, a Elon Musk chce by\u0107 na czele tej rewolucyjnej przemiany. W po\u015bcie na X dyrektor generalny SpaceX i Tesli ujawni\u0142, \u017ce do lata przysz\u0142ego roku chce kupi\u0107 najnowsze karty graficzne...\n            <p>Pe\u0142na wersja strony <a href=\"https://ithardware.pl/aktualnosci/elon_musk_chce_kupic_nowe_gpu_nvidia_b200_ai_o_wartosci_ponad_10_miliardow_dolarow-33354.html\">https://ithardware.pl/aktualnosci/elon_musk_chce_kupic_nowe_gpu_nvidia_b200_ai_o_wartosci_ponad_10_miliardow_dolarow-33354.html</a></p>", "language": "pl-PL", "link": "https://ithardware.pl/aktualnosci/elon_musk_chce_kupic_nowe_gpu_nvidia_b200_ai_o_wartosci_ponad_10_miliardow_dolarow-33354.html", "manual_status_code": 0, "page_rating": 32, "page_rating_contents": 100, "page_rating_visits": 0, "page_rating_votes": 0, "permanent": false, "source": "https://ithardware.pl/feed", "source_obj__id": 148, "status_code": 0, "tags": [], "thumbnail": null, "title": "Elon Musk chce kupi\u0107 nowe GPU NVIDIA B200 AI o warto\u015bci ponad 10 miliard\u00f3w dolar\u00f3w", "user": null, "vote": 0}, {"age": null, "album": "", "artist": null, "bookmarked": false, "comments": [], "date_published": "2024-06-04T08:48:50+00:00", "description": "<img src=\"https://ithardware.pl/artykuly/min/33352_1.jpg\" />            VESA wprowadzi\u0142a niedawno specyfikacj\u0119 DisplayHDR 1.2, aby lepiej identyfikowa\u0107 i sprzedawa\u0107 monitory obs\u0142uguj\u0105ce HDR. Teraz LG twierdzi, \u017ce jest pierwsz\u0105 firm\u0105, kt&oacute;ra oferuje monitor z certyfikatem DisplayHDR 1.2 dla graczy...\n            <p>Pe\u0142na wersja strony <a href=\"https://ithardware.pl/aktualnosci/lg_chwali_sie_pierwszym_monitorem_z_certyfikatem_displayhdr_1_2_ciekawa_propozycja_dla_graczy-33352.html\">https://ithardware.pl/aktualnosci/lg_chwali_sie_pierwszym_monitorem_z_certyfikatem_displayhdr_1_2_ciekawa_propozycja_dla_graczy-33352.html</a></p>", "language": "pl-PL", "link": "https://ithardware.pl/aktualnosci/lg_chwali_sie_pierwszym_monitorem_z_certyfikatem_displayhdr_1_2_ciekawa_propozycja_dla_graczy-33352.html", "manual_status_code": 0, "page_rating": 32, "page_rating_contents": 100, "page_rating_visits": 0, "page_rating_votes": 0, "permanent": false, "source": "https://ithardware.pl/feed", "source_obj__id": 148, "status_code": 0, "tags": [], "thumbnail": null, "title": "LG chwali si\u0119 pierwszym monitorem z certyfikatem DisplayHDR 1.2. Ciekawa propozycja dla graczy", "user": null, "vote": 0}, {"age": null, "album": "", "artist": null, "bookmarked": false, "comments": [], "date_published": "2024-06-04T08:00:00+00:00", "description": "<img src=\"https://ithardware.pl/artykuly/min/33348_1.png\" />            Endorfy raczej przedstawia\u0107 wam nie musz\u0119, gdy\u017c ten polski producent jest jedn\u0105 z najlepiej sprzedaj\u0105cych si\u0119 marek na naszym rodzimym rynku. Firma po d\u0142u\u017cszej przerwie, wr&oacute;ci\u0142a do nas ze \u015bwie\u017cutk\u0105 premier\u0105 swojej pierwszej w historii...\n            <p>Pe\u0142na wersja strony <a href=\"https://ithardware.pl/testyirecenzje/endorfy_liv_plus_wireless_to_spora_zmiana_na_lepsze_ale_czy_nadaza_za_duchem_czasow_test-33348.html\">https://ithardware.pl/testyirecenzje/endorfy_liv_plus_wireless_to_spora_zmiana_na_lepsze_ale_czy_nadaza_za_duchem_czasow_test-33348.html</a></p>", "language": "pl-PL", "link": "https://ithardware.pl/testyirecenzje/endorfy_liv_plus_wireless_to_spora_zmiana_na_lepsze_ale_czy_nadaza_za_duchem_czasow_test-33348.html", "manual_status_code": 0, "page_rating": 32, "page_rating_contents": 100, "page_rating_visits": 0, "page_rating_votes": 0, "permanent": false, "source": "https://ithardware.pl/feed", "source_obj__id": 148, "status_code": 0, "tags": [], "thumbnail": null, "title": "Endorfy LIV Plus Wireless to spora zmiana na lepsze, ale czy nad\u0105\u017ca za duchem czas\u00f3w? (Test)", "user": null, "vote": 0}, {"age": null, "album": "", "artist": null, "bookmarked": false, "comments": [], "date_published": "2024-06-04T07:45:30+00:00", "description": "<img src=\"https://ithardware.pl/artykuly/min/33355_1.jpg\" />            Gamingowe karty graficzne Blackwell od NVIDII s\u0105 wyczekiwane z niecierpliwo\u015bci\u0105 przez graczy i cho\u0107 targi Computex 2024 nie przynios\u0142y oficjalnej zapowiedzi serii GeForce RTX 5000, to nie powstrzyma\u0142o to informator&oacute;w przed ujawnianiem...\n            <p>Pe\u0142na wersja strony <a href=\"https://ithardware.pl/aktualnosci/geforce_rtx_5080_moze_okazac_sie_rozczarowujacy_nowe_przecieki-33355.html\">https://ithardware.pl/aktualnosci/geforce_rtx_5080_moze_okazac_sie_rozczarowujacy_nowe_przecieki-33355.html</a></p>", "language": "pl-PL", "link": "https://ithardware.pl/aktualnosci/geforce_rtx_5080_moze_okazac_sie_rozczarowujacy_nowe_przecieki-33355.html", "manual_status_code": 0, "page_rating": 32, "page_rating_contents": 100, "page_rating_visits": 0, "page_rating_votes": 0, "permanent": false, "source": "https://ithardware.pl/feed", "source_obj__id": 148, "status_code": 0, "tags": [], "thumbnail": null, "title": "GeForce RTX 5080 mo\u017ce okaza\u0107 si\u0119 rozczarowuj\u0105cy - nowe przecieki", "user": null, "vote": 0}, {"age": null, "album": "", "artist": null, "bookmarked": false, "comments": [], "date_published": "2024-06-04T07:14:29+00:00", "description": "<img src=\"https://ithardware.pl/artykuly/min/33353_1.jpg\" />            Wiele os&oacute;b spekulowa\u0142o ostatnio na temat przysz\u0142o\u015bci GPU Intela. Po s\u0142abej premierze Arc Alchemist niekt&oacute;rzy sugerowali, \u017ce Intel anuluje karty graficzne Battlemage. Jednak tak si\u0119 nie sta\u0142o, a producent postanowi\u0142 w\u0142a\u015bnie...\n            <p>Pe\u0142na wersja strony <a href=\"https://ithardware.pl/aktualnosci/intel_oficjalnie_zapowiada_nowa_architekture_gpu_xe2_zwiastuje_duzy_skok_wydajnosci-33353.html\">https://ithardware.pl/aktualnosci/intel_oficjalnie_zapowiada_nowa_architekture_gpu_xe2_zwiastuje_duzy_skok_wydajnosci-33353.html</a></p>", "language": "pl-PL", "link": "https://ithardware.pl/aktualnosci/intel_oficjalnie_zapowiada_nowa_architekture_gpu_xe2_zwiastuje_duzy_skok_wydajnosci-33353.html", "manual_status_code": 0, "page_rating": 32, "page_rating_contents": 100, "page_rating_visits": 0, "page_rating_votes": 0, "permanent": false, "source": "https://ithardware.pl/feed", "source_obj__id": 148, "status_code": 0, "tags": [], "thumbnail": null, "title": "Intel oficjalnie zapowiada now\u0105 architektur\u0119 GPU. Xe2\u00a0zwiastuje du\u017cy skok wydajno\u015bci", "user": null, "vote": 0}, {"age": null, "album": "", "artist": null, "bookmarked": false, "comments": [], "date_published": "2024-06-04T07:06:14+00:00", "description": "<img src=\"https://ithardware.pl/artykuly/min/33351_1.jpg\" />            Producenci chip&oacute;w NAND i DRAM s\u0105 najwyra\u017aniej o krok od przej\u015bcia z jednej skrajno\u015bci w drug\u0105. W zesz\u0142ym roku borykali si\u0119 z nadmiernymi zapasami, co skutkowa\u0142o rekordowo niskimi cenami. Teraz, za spraw\u0105 szybkiego rozwoju sztucznej...\n            <p>Pe\u0142na wersja strony <a href=\"https://ithardware.pl/aktualnosci/dell_spodziewa_sie_ze_dyski_ssd_i_pamieci_ram_jeszcze_podrozeja_i_to_mocno-33351.html\">https://ithardware.pl/aktualnosci/dell_spodziewa_sie_ze_dyski_ssd_i_pamieci_ram_jeszcze_podrozeja_i_to_mocno-33351.html</a></p>", "language": "pl-PL", "link": "https://ithardware.pl/aktualnosci/dell_spodziewa_sie_ze_dyski_ssd_i_pamieci_ram_jeszcze_podrozeja_i_to_mocno-33351.html", "manual_status_code": 0, "page_rating": 32, "page_rating_contents": 100, "page_rating_visits": 0, "page_rating_votes": 0, "permanent": false, "source": "https://ithardware.pl/feed", "source_obj__id": 148, "status_code": 0, "tags": [], "thumbnail": null, "title": "Dell spodziewa si\u0119, \u017ce dyski SSD i pami\u0119ci RAM jeszcze podro\u017cej\u0105. I to mocno", "user": null, "vote": 0}, {"age": null, "album": "", "artist": null, "bookmarked": false, "comments": [], "date_published": "2024-06-04T06:10:10+00:00", "description": "<img src=\"https://ithardware.pl/artykuly/min/33350_1.png\" />            Intel ujawni\u0142 niedawno, \u017ce nadchodz\u0105ce procesory Lunar Lake b\u0119d\u0105 dost\u0119pne tej jesieni dla komputer&oacute;w PC Copilot+ AI, ale dopiero teraz, na targach Computex, otrzymali\u015bmy wi\u0119cej szczeg&oacute;\u0142&oacute;w technicznych na ich...\n            <p>Pe\u0142na wersja strony <a href=\"https://ithardware.pl/aktualnosci/intel_zapowiada_proceosry_lunar_lake_firma_idzie_w_strone_apple-33350.html\">https://ithardware.pl/aktualnosci/intel_zapowiada_proceosry_lunar_lake_firma_idzie_w_strone_apple-33350.html</a></p>", "language": "pl-PL", "link": "https://ithardware.pl/aktualnosci/intel_zapowiada_proceosry_lunar_lake_firma_idzie_w_strone_apple-33350.html", "manual_status_code": 0, "page_rating": 32, "page_rating_contents": 100, "page_rating_visits": 0, "page_rating_votes": 0, "permanent": false, "source": "https://ithardware.pl/feed", "source_obj__id": 148, "status_code": 0, "tags": [], "thumbnail": null, "title": "Intel zapowiada proceosry Lunar Lake. Firma idzie w stron\u0119 Apple", "user": null, "vote": 0}]