[{"age": null, "album": "", "artist": null, "bookmarked": false, "comments": [], "date_published": "2024-10-23T14:14:38+00:00", "description": "<!-- SC_OFF --><div class=\"md\"><p>Cze\u015b\u0107, nie jestem prawnikiem, ale skoro zaznaczam w teorii wobec prawa jeste\u015bmy wszyscy r\u00f3wni oraz konstytucja gwarantuje nam r\u00f3wno\u015b\u0107. Dlaczego wi\u0119c kobiety \u017cyj\u0105 d\u0142u\u017cej i przechodz\u0105 na emeytur\u0119 wcze\u015bniej ? Zgadzacie si\u0119 z tym ? Jestem ciekaw co o tym my\u015bl\u0105 kobiety. </p> </div><!-- SC_ON --> &#32; submitted by &#32; <a href=\"https://www.reddit.com/user/ZookeepergameReal713\"> /u/ZookeepergameReal713 </a> <br/> <span><a href=\"https://www.reddit.com/r/Polska/comments/1gableb/czy_ustawa_o_wieku_emerytalnym_\u0142amie_konstytucj\u0119/\">[link]</a></span> &#32; <span><a href=\"https://www.reddit.com/r/Polska/comments/1gableb/czy_ustawa_o_wieku_emerytalnym_\u0142amie_konstytucj\u0119/\">[comments]</a></span>", "id": 1375414, "language": null, "link": "https://www.reddit.com/r/Polska/comments/1gableb/czy_ustawa_o_wieku_emerytalnym_\u0142amie_konstytucj\u0119", "manual_status_code": 0, "page_rating": 27, "page_rating_contents": 85, "page_rating_visits": 0, "page_rating_votes": 0, "permanent": false, "source__id": 502, "source_url": "https://www.reddit.com/r/Polska/.rss", "status_code": 0, "tags": [], "thumbnail": null, "title": "Czy ustawa o wieku emerytalnym \u0142amie Konstytucj\u0119 ?", "vote": 0}, {"age": null, "album": "", "artist": null, "bookmarked": false, "comments": [], "date_published": "2024-10-23T14:02:54+00:00", "description": "<table> <tr><td> <a href=\"https://www.reddit.com/r/Polska/comments/1gabbu5/wi\u0119kszo\u015bci_dzikiej_przyrody_ju\u017c_nie_ma_kraje/\"> <img src=\"https://external-preview.redd.it/GvWLXacmmxOf5QMfEAWGNdasm4weu-oo26pH70jNxLk.jpg?width=640&amp;crop=smart&amp;auto=webp&amp;s=9056ee880ada8b0ccb506465bebb07126d570622\" alt=\"Wi\u0119kszo\u015bci dzikiej przyrody ju\u017c nie ma. Kraje ca\u0142ego \u015bwiata debatuj\u0105, jak ocali\u0107 reszt\u0119\" title=\"Wi\u0119kszo\u015bci dzikiej przyrody ju\u017c nie ma. Kraje ca\u0142ego \u015bwiata debatuj\u0105, jak ocali\u0107 reszt\u0119\" /> </a> </td><td> &#32; submitted by &#32; <a href=\"https://www.reddit.com/user/grot_13\"> /u/grot_13 </a> <br/> <span><a href=\"https://next.gazeta.pl/next/7,172392,31404912,wiekszosci-dzikiej-przyrody-juz-nie-ma-kraje-calego-swiata.html\">[link]</a></span> &#32; <span><a href=\"https://www.reddit.com/r/Polska/comments/1gabbu5/wi\u0119kszo\u015bci_dzikiej_przyrody_ju\u017c_nie_ma_kraje/\">[comments]</a></span> </td></tr></table>", "id": 1375415, "language": null, "link": "https://www.reddit.com/r/Polska/comments/1gabbu5/wi\u0119kszo\u015bci_dzikiej_przyrody_ju\u017c_nie_ma_kraje", "manual_status_code": 0, "page_rating": 27, "page_rating_contents": 86, "page_rating_visits": 0, "page_rating_votes": 0, "permanent": false, "source__id": 502, "source_url": "https://www.reddit.com/r/Polska/.rss", "status_code": 0, "tags": [], "thumbnail": "https://external-preview.redd.it/GvWLXacmmxOf5QMfEAWGNdasm4weu-oo26pH70jNxLk.jpg?width=640&crop=smart&auto=webp&s=9056ee880ada8b0ccb506465bebb07126d570622", "title": "Wi\u0119kszo\u015bci dzikiej przyrody ju\u017c nie ma. Kraje ca\u0142ego \u015bwiata debatuj\u0105, jak ocali\u0107 reszt\u0119", "vote": 0}, {"age": null, "album": "", "artist": null, "bookmarked": false, "comments": [], "date_published": "2024-10-23T12:44:42+00:00", "description": "<table> <tr><td> <a href=\"https://www.reddit.com/r/Polska/comments/1ga9nc8/rant_na_plag\u0119_wadliwego_mi\u0119sa_w_sklepach/\"> <img src=\"https://b.thumbs.redditmedia.com/gkBGhjw6x4-jGzLq-OQeES0J2B-56BLUihwBtZ0u5lM.jpg\" alt=\"Rant na plag\u0119 wadliwego mi\u0119sa w sklepach\" title=\"Rant na plag\u0119 wadliwego mi\u0119sa w sklepach\" /> </a> </td><td> <!-- SC_OFF --><div class=\"md\"><p>M\u00f3j m\u0105\u017c to ten typ cz\u0142owieka z serii &quot;bia\u0142ko do obiadu musi by\u0107&quot; a ze wzgl\u0119du na wzrost cen \u017cywno\u015bci coraz cz\u0119\u015bciej si\u0119gamy po kurczaka. Kiedy\u015b by\u0142am bardzo kurczakowa i niby nie powinno mi to nastr\u0119cza\u0107 dramat\u00f3w \u017cyciowych chocia\u017c jestem team ryby i wo\u0142owina. Ale zauwa\u017cy\u0142am, \u017ce ostatnio to mi\u0119so z kurczaka smakuje po prostu okropnie niezale\u017cnie od tego co z nim zrobimy i gdzie je kupimy. Jest pozbawione smaku, twarde, w\u0142\u00f3kniste i suche i nawet po zasypaniu go ton\u0105 przypraw sprawia, \u017ce mi si\u0119 cofa. Szczerze m\u00f3wi\u0105c nie pami\u0119tam \u017ceby kiedy\u015b by\u0142 z tym taki problem. Kurczak zawsze mi si\u0119 kojarzy\u0142 z \u0142atwymi a w miar\u0119 smacznymi p", "id": 1374984, "language": null, "link": "https://www.reddit.com/r/Polska/comments/1ga9nc8/rant_na_plag\u0119_wadliwego_mi\u0119sa_w_sklepach", "manual_status_code": 0, "page_rating": 27, "page_rating_contents": 86, "page_rating_visits": 0, "page_rating_votes": 0, "permanent": false, "source__id": 502, "source_url": "https://www.reddit.com/r/Polska/.rss", "status_code": 0, "tags": [], "thumbnail": "https://b.thumbs.redditmedia.com/gkBGhjw6x4-jGzLq-OQeES0J2B-56BLUihwBtZ0u5lM.jpg", "title": "Rant na plag\u0119 wadliwego mi\u0119sa w sklepach", "vote": 0}, {"age": null, "album": "", "artist": null, "bookmarked": false, "comments": [], "date_published": "2024-10-23T12:00:10+00:00", "description": "<!-- SC_OFF --><div class=\"md\"><p>Macie jakie\u015b przyk\u0142ady? Mnie a\u017c z\u0119by bol\u0105 jak widz\u0119, \u017ce sk\u0142adnikiem dania jest \u201epangrattato\u201d co brzmi bardzo \u015bwiatowo, ale w rzeczywisto\u015bci to zwyk\u0142a bu\u0142ka tarta \ud83e\udd74</p> </div><!-- SC_ON --> &#32; submitted by &#32; <a href=\"https://www.reddit.com/user/PatatinaBrava\"> /u/PatatinaBrava </a> <br/> <span><a href=\"https://www.reddit.com/r/Polska/comments/1ga8rqi/pretensjonalne_nazwy_da\u0144_i_sk\u0142adnik\u00f3w_w/\">[link]</a></span> &#32; <span><a href=\"https://www.reddit.com/r/Polska/comments/1ga8rqi/pretensjonalne_nazwy_da\u0144_i_sk\u0142adnik\u00f3w_w/\">[comments]</a></span>", "id": 1374638, "language": null, "link": "https://www.reddit.com/r/Polska/comments/1ga8rqi/pretensjonalne_nazwy_da\u0144_i_sk\u0142adnik\u00f3w_w", "manual_status_code": 0, "page_rating": 27, "page_rating_contents": 85, "page_rating_visits": 0, "page_rating_votes": 0, "permanent": false, "source__id": 502, "source_url": "https://www.reddit.com/r/Polska/.rss", "status_code": 0, "tags": [], "thumbnail": null, "title": "Pretensjonalne nazwy da\u0144 i sk\u0142adnik\u00f3w w restauracjach", "vote": 0}, {"age": null, "album": "", "artist": null, "bookmarked": false, "comments": [], "date_published": "2024-10-23T11:48:14+00:00", "description": "<table> <tr><td> <a href=\"https://www.reddit.com/r/Polska/comments/1ga8jup/g\u00f3wno_logana_paula_ju\u017c_w_\u017cabce/\"> <img src=\"https://preview.redd.it/wgvu0pxuuhwd1.jpeg?width=640&amp;crop=smart&amp;auto=webp&amp;s=a2b6f8edaa7291f6eaf3ce4ac376bd974e514efe\" alt=\"G\u00f3wno Logana Paula ju\u017c w \u017babce\" title=\"G\u00f3wno Logana Paula ju\u017c w \u017babce\" /> </a> </td><td> &#32; submitted by &#32; <a href=\"https://www.reddit.com/user/El_Antonio_2137\"> /u/El_Antonio_2137 </a> <br/> <span><a href=\"https://i.redd.it/wgvu0pxuuhwd1.jpeg\">[link]</a></span> &#32; <span><a href=\"https://www.reddit.com/r/Polska/comments/1ga8jup/g\u00f3wno_logana_paula_ju\u017c_w_\u017cabce/\">[comments]</a></span> </td></tr></table>", "id": 1374639, "language": null, "link": "https://www.reddit.com/r/Polska/comments/1ga8jup/g\u00f3wno_logana_paula_ju\u017c_w_\u017cabce", "manual_status_code": 0, "page_rating": 27, "page_rating_contents": 86, "page_rating_visits": 0, "page_rating_votes": 0, "permanent": false, "source__id": 502, "source_url": "https://www.reddit.com/r/Polska/.rss", "status_code": 0, "tags": [], "thumbnail": "https://preview.redd.it/wgvu0pxuuhwd1.jpeg?width=640&crop=smart&auto=webp&s=a2b6f8edaa7291f6eaf3ce4ac376bd974e514efe", "title": "G\u00f3wno Logana Paula ju\u017c w \u017babce", "vote": 0}, {"age": null, "album": "", "artist": null, "bookmarked": false, "comments": [], "date_published": "2024-10-23T11:44:27+00:00", "description": "<table> <tr><td> <a href=\"https://www.reddit.com/r/Polska/comments/1ga8guo/sonda\u017c_trzaskowski_z_wi\u0119kszymi_szansami_ni\u017c/\"> <img src=\"https://preview.redd.it/dpzqpsk6uhwd1.jpeg?width=640&amp;crop=smart&amp;auto=webp&amp;s=4421d13f9245f2eb3f399d941996fe1204d023a7\" alt=\"Sonda\u017c: Trzaskowski z wi\u0119kszymi szansami ni\u017c Sikorski w wyb. prezydenckich \" title=\"Sonda\u017c: Trzaskowski z wi\u0119kszymi szansami ni\u017c Sikorski w wyb. prezydenckich \" /> </a> </td><td> <!-- SC_OFF --><div class=\"md\"><p><a href=\"https://wiadomosci.wp.pl/dwa-sondaze-prezydenckie-fatalne-wiesci-dla-sikorskiego-7084126078106176a\">https://wiadomosci.wp.pl/dwa-sondaze-prezydenckie-fatalne-wiesci-dla-sikorskiego-7084126078106176a</a></p> </div><!-- SC_ON --> &#32; submitted by &#32; <a href=\"https://www.reddit.com/user/Eryk0201\"> /u/Eryk0201 </a> <br/> <span><a href=\"https://i.redd.it/dpzqpsk6uhwd1.jpeg\">[link]</a></span> &#32; <span><a href=\"https://www.reddit.com/r/Polska/comments/1ga8guo/sonda\u017c_trzaskowski_z_wi\u0119kszymi_szansami_ni\u017c/\"", "id": 1374637, "language": null, "link": "https://www.reddit.com/r/Polska/comments/1ga8guo/sonda\u017c_trzaskowski_z_wi\u0119kszymi_szansami_ni\u017c", "manual_status_code": 0, "page_rating": 27, "page_rating_contents": 86, "page_rating_visits": 0, "page_rating_votes": 0, "permanent": false, "source__id": 502, "source_url": "https://www.reddit.com/r/Polska/.rss", "status_code": 0, "tags": [], "thumbnail": "https://preview.redd.it/dpzqpsk6uhwd1.jpeg?width=640&crop=smart&auto=webp&s=4421d13f9245f2eb3f399d941996fe1204d023a7", "title": "Sonda\u017c: Trzaskowski z wi\u0119kszymi szansami ni\u017c Sikorski w wyb. prezydenckich", "vote": 0}, {"age": null, "album": "", "artist": null, "bookmarked": false, "comments": [], "date_published": "2024-10-23T11:08:27+00:00", "description": "<table> <tr><td> <a href=\"https://www.reddit.com/r/Polska/comments/1ga7up0/chmura_py\u0142u_nad_\u015bl\u0105skiem_po\u017car_w_najwy\u017cszej/\"> <img src=\"https://external-preview.redd.it/Z6PwduyGK6BieiAKs3l-pL2NJ2WnOzOxe5XhojR2MbU.jpg?width=640&amp;crop=smart&amp;auto=webp&amp;s=971bd40e810140e668e361418d040937187a482c\" alt=\"Chmura py\u0142u nad \u015al\u0105skiem. Po\u017car w najwy\u017cszej pokopalnianej ha\u0142dzie w Europie. Trwaj\u0105 poszukiwania nowej metody ugaszenia ognia w jej wn\u0119trzu\" title=\"Chmura py\u0142u nad \u015al\u0105skiem. Po\u017car w najwy\u017cszej pokopalnianej ha\u0142dzie w Europie. Trwaj\u0105 poszukiwania nowej metody ugaszenia ognia w jej wn\u0119trzu\" /> </a> </td><td> &#32; submitted by &#32; <a href=\"https://www.reddit.com/user/grot_13\"> /u/grot_13 </a> <br/> <span><a href=\"https://dziennikzachodni.pl/chmura-pylu-nad-slaskiem-pozar-w-najwyzszej-pokopalnianej-haldzie-w-europie-trwaja-poszukiwania-nowej-metody-ugaszenia-ognia-w/ar/c1-18890467\">[link]</a></span> &#32; <span><a href=\"https://www.reddit.com/r/Polska/comments/1ga7up0/chmura_py\u0142u_nad_\u015b", "id": 1374640, "language": null, "link": "https://www.reddit.com/r/Polska/comments/1ga7up0/chmura_py\u0142u_nad_\u015bl\u0105skiem_po\u017car_w_najwy\u017cszej", "manual_status_code": 0, "page_rating": 27, "page_rating_contents": 86, "page_rating_visits": 0, "page_rating_votes": 0, "permanent": false, "source__id": 502, "source_url": "https://www.reddit.com/r/Polska/.rss", "status_code": 0, "tags": [], "thumbnail": "https://external-preview.redd.it/Z6PwduyGK6BieiAKs3l-pL2NJ2WnOzOxe5XhojR2MbU.jpg?width=640&crop=smart&auto=webp&s=971bd40e810140e668e361418d040937187a482c", "title": "Chmura py\u0142u nad \u015al\u0105skiem. Po\u017car w najwy\u017cszej pokopalnianej ha\u0142dzie w Europie. Trwaj\u0105 poszukiwania nowej metody ugaszenia ognia w jej wn\u0119trzu", "vote": 0}, {"age": null, "album": "", "artist": null, "bookmarked": false, "comments": [], "date_published": "2024-10-23T10:23:29+00:00", "description": "<table> <tr><td> <a href=\"https://www.reddit.com/r/Polska/comments/1ga75c9/jak_s\u0105dzicie_kim_ostatecznie_b\u0119dzie_kandydat/\"> <img src=\"https://preview.redd.it/9rf6b1xifhwd1.jpeg?width=640&amp;crop=smart&amp;auto=webp&amp;s=44ddf79430cf7cf643c57b110218fbac3173faf2\" alt=\"Jak s\u0105dzicie, kim ostatecznie b\u0119dzie kandydat koalicji na prezydenta? Jest szansa \u017ce b\u0119dzie to kto\u015b inny ni\u017c Trzaskowski? \" title=\"Jak s\u0105dzicie, kim ostatecznie b\u0119dzie kandydat koalicji na prezydenta? Jest szansa \u017ce b\u0119dzie to kto\u015b inny ni\u017c Trzaskowski? \" /> </a> </td><td> &#32; submitted by &#32; <a href=\"https://www.reddit.com/user/Optimal_Area_7152\"> /u/Optimal_Area_7152 </a> <br/> <span><a href=\"https://i.redd.it/9rf6b1xifhwd1.jpeg\">[link]</a></span> &#32; <span><a href=\"https://www.reddit.com/r/Polska/comments/1ga75c9/jak_s\u0105dzicie_kim_ostatecznie_b\u0119dzie_kandydat/\">[comments]</a></span> </td></tr></table>", "id": 1374244, "language": null, "link": "https://www.reddit.com/r/Polska/comments/1ga75c9/jak_s\u0105dzicie_kim_ostatecznie_b\u0119dzie_kandydat", "manual_status_code": 0, "page_rating": 27, "page_rating_contents": 86, "page_rating_visits": 0, "page_rating_votes": 0, "permanent": false, "source__id": 502, "source_url": "https://www.reddit.com/r/Polska/.rss", "status_code": 0, "tags": [], "thumbnail": "https://preview.redd.it/9rf6b1xifhwd1.jpeg?width=640&crop=smart&auto=webp&s=44ddf79430cf7cf643c57b110218fbac3173faf2", "title": "Jak s\u0105dzicie, kim ostatecznie b\u0119dzie kandydat koalicji na prezydenta? Jest szansa \u017ce b\u0119dzie to kto\u015b inny ni\u017c Trzaskowski?", "vote": 0}, {"age": null, "album": "", "artist": null, "bookmarked": false, "comments": [], "date_published": "2024-10-23T10:07:11+00:00", "description": "&#32; submitted by &#32; <a href=\"https://www.reddit.com/user/Mackelowsky\"> /u/Mackelowsky </a> <br/> <span><a href=\"https://v.redd.it/xto7lpttbhwd1\">[link]</a></span> &#32; <span><a href=\"https://www.reddit.com/r/Polska/comments/1ga6whw/nowy_spot_tramwaj\u00f3w_warszawskich_o_silent_disco/\">[comments]</a></span>", "id": 1374243, "language": null, "link": "https://www.reddit.com/r/Polska/comments/1ga6whw/nowy_spot_tramwaj\u00f3w_warszawskich_o_silent_disco", "manual_status_code": 0, "page_rating": 27, "page_rating_contents": 85, "page_rating_visits": 0, "page_rating_votes": 0, "permanent": false, "source__id": 502, "source_url": "https://www.reddit.com/r/Polska/.rss", "status_code": 0, "tags": [], "thumbnail": null, "title": "Nowy spot Tramwaj\u00f3w Warszawskich o Silent Disco", "vote": 0}, {"age": null, "album": "", "artist": null, "bookmarked": false, "comments": [], "date_published": "2024-10-23T10:03:11+00:00", "description": "<!-- SC_OFF --><div class=\"md\"><p>Cze\u015b\u0107 Panie i Panowie, mam dosy\u0107 uci\u0105\u017cliwy problem, kt\u00f3ry nie daje mi normalnie pracowa\u0107, funkcjonowa\u0107 po pracy.</p> <p>Jakie\u015b p\u00f3\u0142 roku temu zmuszony by\u0142em przez powr\u00f3t w\u0142a\u015bcicieli z UK wyprowadzi\u0107 si\u0119 z zajebistego mieszkania, gdzie s\u0105siedzi byli naprawd\u0119 spoko. </p> <p>Przeprowadzi\u0142em si\u0119 do mieszkania w wielkiej p\u0142ycie, opr\u00f3cz rom\u00f3w urz\u0105dzaj\u0105cych niedzielne bitki pod moim balkonem, i pijaczkami na ca\u0142ym osiedlu (serio, pozdrawiam z nowej huty) pojawi\u0142 si\u0119 problem wi\u0119kszy i bardziej uci\u0105\u017cliwy. </p> <p>Nade mn\u0105 mieszka rodzinka z dwoma ma\u0142ymi dzieciakami ~7 lat, opr\u00f3cz pisk\u00f3w i wrzask\u00f3w codziennie napierdalaja w pi\u0142k\u0119 w mieszkaniu, skacz\u0105 po pod\u0142odze - a\u017c tak \u017ce w mieszkaniu dos\u0142ownie telepi\u0105 si\u0119 szklanki. Jak schodz\u0105 na parter po schodach d\u017awi\u0119k chodu przypomina czterech sumo nizeli dw\u00f3ch drobnych dzieciaczk\u00f3w. I tak od 13 do 22 godziny.</p> <p>Jakie\u015b porady? Po widoku rodzic\u00f3w kt\u00f3rzy nie potrafili mi odpowiedzie\u0107 dzie\u0144 dobry na klatce nie spodziewa", "id": 1374245, "language": null, "link": "https://www.reddit.com/r/Polska/comments/1ga6ucg/ha\u0142a\u015bliwi_s\u0105siedzi_z_g\u00f3ry", "manual_status_code": 0, "page_rating": 27, "page_rating_contents": 85, "page_rating_visits": 0, "page_rating_votes": 0, "permanent": false, "source__id": 502, "source_url": "https://www.reddit.com/r/Polska/.rss", "status_code": 0, "tags": [], "thumbnail": null, "title": "Ha\u0142a\u015bliwi s\u0105siedzi z g\u00f3ry.", "vote": 0}, {"age": null, "album": "", "artist": null, "bookmarked": false, "comments": [], "date_published": "2024-10-23T09:57:18+00:00", "description": "<table> <tr><td> <a href=\"https://www.reddit.com/r/Polska/comments/1ga6r52/nagranie_przedstawiaj\u0105ce_kierowc\u0119_autobusu/\"> <img src=\"https://external-preview.redd.it/NDFmcnpnYzJiaHdkMZwzQQeXateFK1W1ErqtqsB6ouP-NcO2eyF9_sJqjcxW.png?width=320&amp;crop=smart&amp;auto=webp&amp;s=30f634a97f4b90b7d57780d51f715afc969273f2\" alt=\"Nagranie przedstawiaj\u0105ce kierowc\u0119 autobusu szkolnego z miejscowo\u015bci G\u00f3ra \" title=\"Nagranie przedstawiaj\u0105ce kierowc\u0119 autobusu szkolnego z miejscowo\u015bci G\u00f3ra \" /> </a> </td><td> <!-- SC_OFF --><div class=\"md\"><p><a href=\"https://www.pap.pl/aktualnosci/zrobil-celowo-szokujace-ustalenia-sledczych-w-sprawie-kierowcy-ktory-autobusem-z\">https://www.pap.pl/aktualnosci/zrobil-celowo-szokujace-ustalenia-sledczych-w-sprawie-kierowcy-ktory-autobusem-z</a></p> </div><!-- SC_ON --> &#32; submitted by &#32; <a href=\"https://www.reddit.com/user/blind095\"> /u/blind095 </a> <br/> <span><a href=\"https://v.redd.it/87w0dke2bhwd1\">[link]</a></span> &#32; <span><a href=\"https://www.reddit.com/", "id": 1373879, "language": null, "link": "https://www.reddit.com/r/Polska/comments/1ga6r52/nagranie_przedstawiaj\u0105ce_kierowc\u0119_autobusu", "manual_status_code": 0, "page_rating": 27, "page_rating_contents": 86, "page_rating_visits": 0, "page_rating_votes": 0, "permanent": false, "source__id": 502, "source_url": "https://www.reddit.com/r/Polska/.rss", "status_code": 0, "tags": [], "thumbnail": "https://external-preview.redd.it/NDFmcnpnYzJiaHdkMZwzQQeXateFK1W1ErqtqsB6ouP-NcO2eyF9_sJqjcxW.png?width=320&crop=smart&auto=webp&s=30f634a97f4b90b7d57780d51f715afc969273f2", "title": "Nagranie przedstawiaj\u0105ce kierowc\u0119 autobusu szkolnego z miejscowo\u015bci G\u00f3ra", "vote": 0}, {"age": null, "album": "", "artist": null, "bookmarked": false, "comments": [], "date_published": "2024-10-23T09:57:10+00:00", "description": "<!-- SC_OFF --><div class=\"md\"><p>Cze\u015b\u0107, jak w temacie. Mia\u0142em d\u0142u\u017csz\u0105 przerw\u0119 i po powrocie do catering\u00f3w kt\u00f3re mia\u0142em przetestowane jestem przera\u017cony jak spad\u0142a jako\u015b\u0107 a ile si\u0119 pozamyka\u0142o.</p> <p>Pro\u015bba o polecajki.</p> </div><!-- SC_ON --> &#32; submitted by &#32; <a href=\"https://www.reddit.com/user/voonart\"> /u/voonart </a> <br/> <span><a href=\"https://www.reddit.com/r/Polska/comments/1ga6r2w/jaki_catering_mo\u017cecie_poleci\u0107/\">[link]</a></span> &#32; <span><a href=\"https://www.reddit.com/r/Polska/comments/1ga6r2w/jaki_catering_mo\u017cecie_poleci\u0107/\">[comments]</a></span>", "id": 1373880, "language": null, "link": "https://www.reddit.com/r/Polska/comments/1ga6r2w/jaki_catering_mo\u017cecie_poleci\u0107", "manual_status_code": 0, "page_rating": 27, "page_rating_contents": 85, "page_rating_visits": 0, "page_rating_votes": 0, "permanent": false, "source__id": 502, "source_url": "https://www.reddit.com/r/Polska/.rss", "status_code": 0, "tags": [], "thumbnail": null, "title": "Jaki catering mo\u017cecie poleci\u0107?", "vote": 0}, {"age": null, "album": "", "artist": null, "bookmarked": false, "comments": [], "date_published": "2024-10-23T09:44:30+00:00", "description": "&#32; submitted by &#32; <a href=\"https://www.reddit.com/user/gordriver_berserker\"> /u/gordriver_berserker </a> <br/> <span><a href=\"https://www.reddit.com/r/Polska/comments/1ga6kql/chatgpt_advanced_voice_ju\u017c_w_polsce_kto\u015b_z/\">[link]</a></span> &#32; <span><a href=\"https://www.reddit.com/r/Polska/comments/1ga6kql/chatgpt_advanced_voice_ju\u017c_w_polsce_kto\u015b_z/\">[comments]</a></span>", "id": 1373881, "language": null, "link": "https://www.reddit.com/r/Polska/comments/1ga6kql/chatgpt_advanced_voice_ju\u017c_w_polsce_kto\u015b_z", "manual_status_code": 0, "page_rating": 27, "page_rating_contents": 85, "page_rating_visits": 0, "page_rating_votes": 0, "permanent": false, "source__id": 502, "source_url": "https://www.reddit.com/r/Polska/.rss", "status_code": 0, "tags": [], "thumbnail": null, "title": "ChatGPT Advanced voice ju\u017c w polsce. Kto\u015b z obecnych tutaj ma subskrypcj\u0119 Plus i podzieli si\u0119 wra\u017ceniami? My\u015bl\u0119 o tym g\u0142\u00f3wnie pod k\u0105tem nauki j\u0119zyka angielskiego. Codziennie 15 min konwersacji powinno da\u0107 efekt", "vote": 0}, {"age": null, "album": "", "artist": null, "bookmarked": false, "comments": [], "date_published": "2024-10-23T09:03:14+00:00", "description": "<!-- SC_OFF --><div class=\"md\"><p>Jakie wydarzenia nazwaliby\u015bcie potencjalnymi wydarzeniami, kt\u00f3re jakby si\u0119 wydarzy\u0142y mog\u0142yby zmieni\u0107 bieg naszej historii? Moje kilka propozycji 1. Wyb\u00f3r kanadyjskiego biznesmena Stanis\u0142awa Tymi\u0144skiego na prezydenta w 1990. 2. Co gdyby elektrownie atomowe Warta i \u017barnowiec powsta\u0142y w latach 80 3. Co gdyby przewr\u00f3t majowy si\u0119 nie wydarzy\u0142, a Pi\u0142sudski zosta\u0142 odsuni\u0119ty od polityki </p> </div><!-- SC_ON --> &#32; submitted by &#32; <a href=\"https://www.reddit.com/user/baegarcon\"> /u/baegarcon </a> <br/> <span><a href=\"https://www.reddit.com/r/Polska/comments/1ga60yl/polska_alternatywna_historia/\">[link]</a></span> &#32; <span><a href=\"https://www.reddit.com/r/Polska/comments/1ga60yl/polska_alternatywna_historia/\">[comments]</a></span>", "id": 1373878, "language": null, "link": "https://www.reddit.com/r/Polska/comments/1ga60yl/polska_alternatywna_historia", "manual_status_code": 0, "page_rating": 27, "page_rating_contents": 85, "page_rating_visits": 0, "page_rating_votes": 0, "permanent": false, "source__id": 502, "source_url": "https://www.reddit.com/r/Polska/.rss", "status_code": 0, "tags": [], "thumbnail": null, "title": "Polska alternatywna historia", "vote": 0}, {"age": null, "album": "", "artist": null, "bookmarked": false, "comments": [], "date_published": "2024-10-23T08:08:52+00:00", "description": "<!-- SC_OFF --><div class=\"md\"><p>Hej, zamierzam w wieku 30+ lat p\u00f3j\u015b\u0107 na studia i zastanawiam si\u0119 g\u0142\u00f3wnie nad dwoma kierunkami: fizjoterapi\u0105 i dietetyk\u0105. Ch\u0119tnie poczyta\u0142abym opinie os\u00f3b pracuj\u0105cych w tych zawodach, bo jak widz\u0119 w jakim\u015b rankingu, \u017ce mediana zarobk\u00f3w fizjo w Polsce to 3745 netto, odechciewa mi si\u0119 jakichkolwiek studi\u00f3w. Jest a\u017c tak \u017ale?</p> <p>A je\u015bli kto\u015b studiuje kt\u00f3re\u015b z powy\u017cszych na WUM-ie lub UJ-ocie, to te\u017c ch\u0119tnie dowiedzia\u0142abym si\u0119, jakie macie wra\u017cenia</p> </div><!-- SC_ON --> &#32; submitted by &#32; <a href=\"https://www.reddit.com/user/PsychoticBasil\"> /u/PsychoticBasil </a> <br/> <span><a href=\"https://www.reddit.com/r/Polska/comments/1ga5bb5/dietetyka_czy_fizjoterapia/\">[link]</a></span> &#32; <span><a href=\"https://www.reddit.com/r/Polska/comments/1ga5bb5/dietetyka_czy_fizjoterapia/\">[comments]</a></span>", "id": 1373579, "language": null, "link": "https://www.reddit.com/r/Polska/comments/1ga5bb5/dietetyka_czy_fizjoterapia", "manual_status_code": 0, "page_rating": 27, "page_rating_contents": 85, "page_rating_visits": 0, "page_rating_votes": 0, "permanent": false, "source__id": 502, "source_url": "https://www.reddit.com/r/Polska/.rss", "status_code": 0, "tags": [], "thumbnail": null, "title": "Dietetyka czy fizjoterapia?", "vote": 0}, {"age": null, "album": "", "artist": null, "bookmarked": false, "comments": [], "date_published": "2024-10-23T08:06:55+00:00", "description": "<!-- SC_OFF --><div class=\"md\"><p>Ostatnio natrafi\u0142em na Amazonie na przedsprzeda\u017c czego\u015b takiego: <a href=\"https://www.amazon.com/Little-Witcher-CD-Projekt-Red/dp/0593235452\">https://www.amazon.com/Little-Witcher-CD-Projekt-Red/dp/0593235452</a>. Dziecinna ksi\u0105\u017ceczka o Ciri i Geralcie w Kaer Morhen. Co o tym my\u015blicie? Czy to w og\u00f3le ma sens? Czy to trafi do dzieci, czy b\u0119dzie raczej ciekawostk\u0105 dla doros\u0142ych?</p> </div><!-- SC_ON --> &#32; submitted by &#32; <a href=\"https://www.reddit.com/user/Upset_Dog272\"> /u/Upset_Dog272 </a> <br/> <span><a href=\"https://www.reddit.com/r/Polska/comments/1ga5ad5/wied\u017ami\u0144ska_dzieci\u0119ca_ksi\u0105\u017ceczka/\">[link]</a></span> &#32; <span><a href=\"https://www.reddit.com/r/Polska/comments/1ga5ad5/wied\u017ami\u0144ska_dzieci\u0119ca_ksi\u0105\u017ceczka/\">[comments]</a></span>", "id": 1373580, "language": null, "link": "https://www.reddit.com/r/Polska/comments/1ga5ad5/wied\u017ami\u0144ska_dzieci\u0119ca_ksi\u0105\u017ceczka", "manual_status_code": 0, "page_rating": 27, "page_rating_contents": 85, "page_rating_visits": 0, "page_rating_votes": 0, "permanent": false, "source__id": 502, "source_url": "https://www.reddit.com/r/Polska/.rss", "status_code": 0, "tags": [], "thumbnail": null, "title": "Wied\u017ami\u0144ska dzieci\u0119ca ksi\u0105\u017ceczka", "vote": 0}, {"age": null, "album": "", "artist": null, "bookmarked": false, "comments": [], "date_published": "2024-10-23T07:07:41+00:00", "description": "<!-- SC_OFF --><div class=\"md\"><p>Wbrew wszelkim pozorom nie b\u0119dzie to historia o tym, jak zam\u00f3wi\u0142em telefon z aliexpress a zamiast niego dosta\u0142em kart\u0119 pami\u0119ci. Co\u015b takiego nie ma prawa si\u0119 wydarzy\u0107, bo jest zbyt absurdalne. Nie mniej jednak pomy\u0142ki w zam\u00f3wieniach si\u0119 zdarzaj\u0105 i wcale nie trzeba robi\u0107 zakup\u00f3w przez internet na drugim ko\u0144cu \u015bwiata, \u017ceby dosta\u0107 nie to co trzeba. Czasem wystarczy zam\u00f3wi\u0107 pizz\u0119 w sobotni wiecz\u00f3r i zamiast upragnionego w\u0142oskiego placka z podw\u00f3jnym serem trzeba zadowoli\u0107 si\u0119 hawajsk\u0105 z ananasem.I to ju\u017c jest historia z \u017cycia wzi\u0119ta, ale nie o tym dzisiaj.</p> <p>Ostatnio sporo czyta\u0142em w komentarzach, \u017ce ju\u017c po kilku pierwszych zdaniach, a niekt\u00f3rzy nawet po samym tytule, wiedz\u0105 ju\u017c, kto pisze. Tak, to kolejna cz\u0119\u015b\u0107 sagi z serwisu rowerowego, a dzisiaj chcia\u0142bym wam opowiedzie\u0107 o, tu niespodzianka, \u017ale wykonanych zam\u00f3wieniach. I je\u015bli kto\u015b sobie teraz pomy\u015bla\u0142 \u201cBo\u017ce Jedyny, nudniejszego tematu ju\u017c si\u0119 da\u0142o wybra\u0107\u201d to chyba nie zna mnie za d\u0142ugo. Bo moje \u017cy", "id": 1373341, "language": null, "link": "https://www.reddit.com/r/Polska/comments/1ga4fxe/jak_si\u0119_oszukuje_w_internecie", "manual_status_code": 0, "page_rating": 27, "page_rating_contents": 85, "page_rating_visits": 0, "page_rating_votes": 0, "permanent": false, "source__id": 502, "source_url": "https://www.reddit.com/r/Polska/.rss", "status_code": 0, "tags": [], "thumbnail": null, "title": "Jak si\u0119 oszukuje w internecie", "vote": 0}, {"age": null, "album": "", "artist": null, "bookmarked": false, "comments": [], "date_published": "2024-10-23T05:11:24+00:00", "description": "<table> <tr><td> <a href=\"https://www.reddit.com/r/Polska/comments/1ga2qzq/apka_zappka_kaput/\"> <img src=\"https://preview.redd.it/bx94pn52wfwd1.jpeg?width=640&amp;crop=smart&amp;auto=webp&amp;s=5dc3ef485edd349f1caa00a23813aad4e6d2c8aa\" alt=\"Apka Zappka kaput\" title=\"Apka Zappka kaput\" /> </a> </td><td> <!-- SC_OFF --><div class=\"md\"><p>Dzie\u0144 dobry. Kto\u015b wie o co chodzi z apk\u0105 \u017cabkow\u0105? Nie pomog\u0142y oczywiste metody. </p> </div><!-- SC_ON --> &#32; submitted by &#32; <a href=\"https://www.reddit.com/user/atomicautism\"> /u/atomicautism </a> <br/> <span><a href=\"https://i.redd.it/bx94pn52wfwd1.jpeg\">[link]</a></span> &#32; <span><a href=\"https://www.reddit.com/r/Polska/comments/1ga2qzq/apka_zappka_kaput/\">[comments]</a></span> </td></tr></table>", "id": 1372938, "language": null, "link": "https://www.reddit.com/r/Polska/comments/1ga2qzq/apka_zappka_kaput", "manual_status_code": 0, "page_rating": 27, "page_rating_contents": 86, "page_rating_visits": 0, "page_rating_votes": 0, "permanent": false, "source__id": 502, "source_url": "https://www.reddit.com/r/Polska/.rss", "status_code": 0, "tags": [], "thumbnail": "https://preview.redd.it/bx94pn52wfwd1.jpeg?width=640&crop=smart&auto=webp&s=5dc3ef485edd349f1caa00a23813aad4e6d2c8aa", "title": "Apka Zappka kaput", "vote": 0}, {"age": null, "album": "", "artist": null, "bookmarked": false, "comments": [], "date_published": "2024-10-23T02:08:32+00:00", "description": "<table> <tr><td> <a href=\"https://www.reddit.com/r/Polska/comments/1g9zj4a/bardzo_ciekawe_how_gilded_age_star_christine/\"> <img src=\"https://external-preview.redd.it/eKqIhydPoqrHmDnP8D3i0_2kuCBzECRsjUsKhs8Zcqc.jpg?width=640&amp;crop=smart&amp;auto=webp&amp;s=d519fad1267e7293006764a399c7d20fea763edd\" alt=\"Bardzo ciekawe. &quot;How \u2018Gilded Age\u2019 Star Christine Baranski Is Helping Harris Sway Polish American Voters&quot;\" title=\"Bardzo ciekawe. &quot;How \u2018Gilded Age\u2019 Star Christine Baranski Is Helping Harris Sway Polish American Voters&quot;\" /> </a> </td><td> &#32; submitted by &#32; <a href=\"https://www.reddit.com/user/Fragrant_Respond1818\"> /u/Fragrant_Respond1818 </a> <br/> <span><a href=\"https://www.nytimes.com/2024/10/22/us/politics/christine-baranski-harris-polish-american-voters.html\">[link]</a></span> &#32; <span><a href=\"https://www.reddit.com/r/Polska/comments/1g9zj4a/bardzo_ciekawe_how_gilded_age_star_christine/\">[comments]</a></span> </td></tr></table>", "id": 1372399, "language": null, "link": "https://www.reddit.com/r/Polska/comments/1g9zj4a/bardzo_ciekawe_how_gilded_age_star_christine", "manual_status_code": 0, "page_rating": 27, "page_rating_contents": 86, "page_rating_visits": 0, "page_rating_votes": 0, "permanent": false, "source__id": 502, "source_url": "https://www.reddit.com/r/Polska/.rss", "status_code": 0, "tags": [], "thumbnail": "https://external-preview.redd.it/eKqIhydPoqrHmDnP8D3i0_2kuCBzECRsjUsKhs8Zcqc.jpg?width=640&crop=smart&auto=webp&s=d519fad1267e7293006764a399c7d20fea763edd", "title": "Bardzo ciekawe. \"How \u2018Gilded Age\u2019 Star Christine Baranski Is Helping Harris Sway Polish American Voters\"", "vote": 0}, {"age": null, "album": "", "artist": null, "bookmarked": false, "comments": [], "date_published": "2024-10-23T00:37:39+00:00", "description": "<!-- SC_OFF --><div class=\"md\"><p>Tldr: chcia\u0142em si\u0119 tylko zorientowa\u0107, czy mog\u0119 skorzysta\u0107 z dotacji, a oznacza\u0142o to zapisanie si\u0119 na podyplomowke.</p> <p>Prowadz\u0119 firm\u0119 i chcia\u0142em zapisa\u0107 si\u0119 na podyplomowke na stronie epedagog. Wybralem zak\u0142adk\u0119 dotacje i chcia\u0142em si\u0119 zorientowa\u0107, czy mog\u0119 dosta\u0107 dotacj\u0119. Zostawi\u0142em dane swojej firmy i dane kontaktowe. Przyznaj\u0119, \u017ce pope\u0142ni\u0142em b\u0142\u0105d i wykaza\u0142em si\u0119 naiwno\u015bci\u0105, bo nie widzia\u0142em, \u017ce przycisk &quot;za\u0142\u00f3\u017c konto/wy\u015blij wniosek&quot; oznacza te\u017c akceptacj\u0119 regulaminu, my\u015bla\u0142em \u017ce po klikni\u0119ciu i zostawieniu swoich danych kto\u015b ze strony epedagog si\u0119 po prostu ze mn\u0105 skontaktuje i powie mi, jakie mam mo\u017cliwo\u015bci w spraw\u0119 dotacji. Ale niestety przyszed\u0142 mi SMS z dost\u0119pem do serwisu i regulamin wed\u0142ug kt\u00f3rego nie mog\u0119 odst\u0105pi\u0107 ju\u017c od umowy. Link do regulaminu: <a href=\"https://epedagog.edu.pl/regulamin\">https://epedagog.edu.pl/regulamin</a></p> <p>Co s\u0105dzicie? Mo\u017ce kto\u015b ma do\u015bwiadczenia z t\u0105 stron\u0105? Wiem, \u017ce wykaza\u0142em si\u0119 naiwno\u015bci\u0105, jak napis", "id": 1372937, "language": null, "link": "https://www.reddit.com/r/Polska/comments/1g9xpmj/uwaga_na_dotacje_ze_strony_epedagog", "manual_status_code": 0, "page_rating": 27, "page_rating_contents": 85, "page_rating_visits": 0, "page_rating_votes": 0, "permanent": false, "source__id": 502, "source_url": "https://www.reddit.com/r/Polska/.rss", "status_code": 0, "tags": [], "thumbnail": null, "title": "Uwaga na dotacje ze strony epedagog", "vote": 0}]