[{"age": null, "album": "", "artist": null, "bookmarked": false, "comments": [], "date_published": "2024-10-23T16:14:37+00:00", "description": null, "id": 1375649, "language": null, "link": "https://www.youtube.com/watch?v=dMhj3QdIpuI", "manual_status_code": 0, "page_rating": 26, "page_rating_contents": 82, "page_rating_visits": 0, "page_rating_votes": 0, "permanent": false, "source__id": 259, "source_url": "https://www.youtube.com/feeds/videos.xml?channel_id=UCSiPjfAJBgbFlIUsxOWpK0w", "status_code": 0, "tags": [], "thumbnail": "https://i1.ytimg.com/vi/dMhj3QdIpuI/hqdefault.jpg", "title": "Had fun translating \u201cYou\u2019re So Vain\u201d into French. There are many ways to call someone vain in French", "vote": 0}]