[{"age": null, "album": "", "artist": null, "bookmarked": false, "comments": [], "date_published": "2024-10-23T14:05:33+00:00", "description": "Warren Buffett is worried about a rise in impersonators looking to capitalize on his name by purporting to be him recommending an investment product or political candidate on social media.", "id": 1375614, "language": "en-US", "link": "https://www.nbcnews.com/business/business-news/warren-buffett-worried-impersonators-says-doesnt-endorse-candidates-rcna176773", "manual_status_code": 0, "page_rating": 29, "page_rating_contents": 91, "page_rating_visits": 0, "page_rating_votes": 0, "permanent": false, "source__id": 56, "source_url": "https://www.nbcnews.com/feed", "status_code": 0, "tags": [], "thumbnail": "https://media-cldnry.s-nbcnews.com/image/upload/t_fit_1500w/rockcms/2022-07/220727-warren-buffett-mn-1200-93ceed.jpg", "title": "Warren Buffett \u2014 worried about impersonators \u2014 says he doesn't endorse candidates or investments", "vote": 0}, {"age": null, "album": "", "artist": null, "bookmarked": false, "comments": [], "date_published": "2024-10-23T13:14:46+00:00", "description": "Children killed while rushing to flee their homes; families carrying whatever possessions they can as they navigate bomb-blasted roads; dozens of detained men lined up on a muddy hillside: These and other stark images have emerged from Israel's deadly offensive in northern Gaza in recent days.", "id": 1375185, "language": "en-US", "link": "https://www.nbcnews.com/news/world/harrowing-images-emerge-northern-gaza-un-warns-non-stop-israeli-strike-rcna176360", "manual_status_code": 0, "page_rating": 29, "page_rating_contents": 91, "page_rating_visits": 0, "page_rating_votes": 0, "permanent": false, "source__id": 56, "source_url": "https://www.nbcnews.com/feed", "status_code": 0, "tags": [], "thumbnail": "https://media-cldnry.s-nbcnews.com/image/upload/t_fit_1500w/rockcms/2024-10/241022-jabalia-mb-1106-8e83b3.jpg", "title": "Harrowing images emerge from northern Gaza as U.N. warns of 'nonstop' Israeli strikes", "vote": 0}, {"age": null, "album": "", "artist": null, "bookmarked": false, "comments": [], "date_published": "2024-10-23T13:07:38+00:00", "description": "A 66-year-old woman fell overboard from a Taylor Swift-themed Royal Caribbean cruise ship in the Bahamas, officials said.", "id": 1375184, "language": "en-US", "link": "https://www.nbcnews.com/news/us-news/search-underway-passenger-fell-overboard-taylor-swift-themed-royal-car-rcna176756", "manual_status_code": 0, "page_rating": 29, "page_rating_contents": 91, "page_rating_visits": 0, "page_rating_votes": 0, "permanent": false, "source__id": 56, "source_url": "https://www.nbcnews.com/feed", "status_code": 0, "tags": [], "thumbnail": "https://media-cldnry.s-nbcnews.com/image/upload/t_fit_1500w/rockcms/2024-10/241023-Allure-of-the-Seas-al-0850-353435.jpg", "title": "Search underway for passenger who fell overboard from Taylor Swift-themed Royal Caribbean cruise", "vote": 0}, {"age": null, "album": "", "artist": null, "bookmarked": false, "comments": [], "date_published": "2024-10-23T13:02:41+00:00", "description": "Gary Payton II, Larry Nance Jr., K.J. Martin and Jett Howard discuss playing in the same league as their famous fathers.  ", "id": 1375186, "language": "en-US", "link": "https://www.nbcnews.com/sports/nba/bronny-james-lebron-james-fare-nba-rcna176150", "manual_status_code": 0, "page_rating": 29, "page_rating_contents": 91, "page_rating_visits": 0, "page_rating_votes": 0, "permanent": false, "source__id": 56, "source_url": "https://www.nbcnews.com/feed", "status_code": 0, "tags": [], "thumbnail": "https://media-cldnry.s-nbcnews.com/image/upload/t_fit_1500w/rockcms/2024-10/241018-lebron-bronny-james-se-215p-fae9ca.jpg", "title": "How will Bronny James fare in the pros? Second-generation NBA players give their take", "vote": 0}, {"age": null, "album": "", "artist": null, "bookmarked": false, "comments": [], "date_published": "2024-10-23T12:13:41+00:00", "description": "Police in Tempe, Arizona, have arrested a 60-year-old man suspected of shooting at a Democratic National Committee office over the last two months and hanging suspicious bags of white powder from politico signs in a nearby village.", "id": 1374791, "language": "en-US", "link": "https://www.nbcnews.com/politics/2024-election/police-arrest-suspect-gunshots-harris-campaign-office-arizona-rcna176744", "manual_status_code": 0, "page_rating": 29, "page_rating_contents": 91, "page_rating_visits": 0, "page_rating_votes": 0, "permanent": false, "source__id": 56, "source_url": "https://www.nbcnews.com/feed", "status_code": 0, "tags": [], "thumbnail": "https://media-cldnry.s-nbcnews.com/image/upload/t_fit_1500w/rockcms/2024-09/240924-Shots-fired-at-Kamala-Harris-Arizona-office-se-318p-434c60.jpg", "title": "Police arrest suspect in shooting incidents at Harris campaign office in Arizona", "vote": 0}, {"age": null, "album": "", "artist": null, "bookmarked": false, "comments": [], "date_published": "2024-10-23T12:09:29+00:00", "description": "Former President Donald Trump accused Keir Starmer's British Labour Party of illegally assisting Vice President Kamala Harris ahead of the election Nov. 5.", "id": 1374790, "language": "en-US", "link": "https://www.nbcnews.com/news/world/trump-accuses-uk-labour-party-starmer-election-interference-harris-rcna176734", "manual_status_code": 0, "page_rating": 29, "page_rating_contents": 91, "page_rating_visits": 0, "page_rating_votes": 0, "permanent": false, "source__id": 56, "source_url": "https://www.nbcnews.com/feed", "status_code": 0, "tags": [], "thumbnail": "https://media-cldnry.s-nbcnews.com/image/upload/t_fit_1500w/rockcms/2024-10/241023-starmer-trump-mb-1114-840e92.jpg", "title": "Trump accuses Britain's ruling Labour Party of election interference", "vote": 0}, {"age": null, "album": "", "artist": null, "bookmarked": false, "comments": [], "date_published": "2024-10-23T12:00:41+00:00", "description": "Vice President Kamala Harris' campaign is launching an early voting push targeting students on battleground state college campuses.", "id": 1374792, "language": "en-US", "link": "https://www.nbcnews.com/politics/2024-election/harris-campaign-targets-gen-z-voters-final-stretch-election-rcna176703", "manual_status_code": 0, "page_rating": 29, "page_rating_contents": 91, "page_rating_visits": 0, "page_rating_votes": 0, "permanent": false, "source__id": 56, "source_url": "https://www.nbcnews.com/feed", "status_code": 0, "tags": [], "thumbnail": "https://media-cldnry.s-nbcnews.com/image/upload/t_fit_1500w/rockcms/2024-10/241022-joe-biden-Maxwell-Alejandro-Frost-kamala-harris-2023-ac-810p-8deb11.jpg", "title": "Harris campaign targets Gen Z voters in the final stretch of the election", "vote": 0}, {"age": null, "album": "", "artist": null, "bookmarked": false, "comments": [], "date_published": "2024-10-23T11:51:15+00:00", "description": "The president of McDonald\u2019s USA said Wednesday that the company can \"restore confidence\" as it seeks to minimize the damage from an E. coli outbreak linked to the chain\u2019s Quarter Pounders in multiple states.", "id": 1374793, "language": "en-US", "link": "https://www.nbcnews.com/news/us-news/mcdonalds-restore-confidence-e-coli-outbreak-linked-quarter-pounders-p-rcna176742", "manual_status_code": 0, "page_rating": 29, "page_rating_contents": 91, "page_rating_visits": 0, "page_rating_votes": 0, "permanent": false, "source__id": 56, "source_url": "https://www.nbcnews.com/feed", "status_code": 0, "tags": [], "thumbnail": "https://media-cldnry.s-nbcnews.com/image/upload/t_fit_1500w/rockcms/2024-10/241023-mcdonalds-quarter-pounder-al-0722-b13081.jpg", "title": "McDonald's to 'restore confidence' after E. coli outbreak linked to Quarter Pounders, president says", "vote": 0}, {"age": null, "album": "", "artist": null, "bookmarked": false, "comments": [], "date_published": "2024-10-23T11:50:58+00:00", "description": "Lakers superstar Lebron James and his son, Bronny, made history as the first father-and-son duo to play together in a regular season NBA game. The Lakers picked up the win over Minnesota, 110 to 103.", "id": 1375182, "language": "en-US", "link": "https://www.today.com/video/lebron-and-bronny-james-make-history-in-lakers-home-opener-222458949625", "manual_status_code": 0, "page_rating": 29, "page_rating_contents": 91, "page_rating_visits": 0, "page_rating_votes": 0, "permanent": false, "source__id": 56, "source_url": "https://www.nbcnews.com/feed", "status_code": 0, "tags": [], "thumbnail": "https://media-cldnry.s-nbcnews.com/image/upload/t_fit_1500w/mpx/2704722219/2024_10/1729684253072_tdy_pop_7a_lebron_bronny_history_241023_1920x1080-s039b0.jpg", "title": "LeBron and Bronny James are first father-son to play in NBA game", "vote": 0}, {"age": null, "album": "", "artist": null, "bookmarked": false, "comments": [], "date_published": "2024-10-23T11:10:13+00:00", "description": "Kamala Harris interview, Donald Trump, John Kelly, JD Vance, IRS income tax brackets for 2025, bird flu cases in Washington, McDonald's quarter pounder, Liam Payne, Maya Henry", "id": 1374397, "language": "en-US", "link": "https://www.nbcnews.com/news/election-lawsuits-irs-income-tax-brackets-morning-rundown-rcna176728", "manual_status_code": 0, "page_rating": 29, "page_rating_contents": 91, "page_rating_visits": 0, "page_rating_votes": 0, "permanent": false, "source__id": 56, "source_url": "https://www.nbcnews.com/feed", "status_code": 0, "tags": [], "thumbnail": "https://media-cldnry.s-nbcnews.com/image/upload/t_fit_1500w/rockcms/2024-10/241022-atlanta-voters-ballot-ac-1159p-f19cde.jpg", "title": "Battleground state election lawsuits and IRS raises income tax brackets: Morning Rundown", "vote": 0}, {"age": null, "album": "", "artist": null, "bookmarked": false, "comments": [], "date_published": "2024-10-23T10:51:21+00:00", "description": "Even with a record fifth of all election candidates being women, political parties in Japan are struggling to address the country\u2019s gender gap in politics.", "id": 1374398, "language": "en-US", "link": "https://www.nbcnews.com/news/world/japan-makes-tepid-push-gender-gap-politics-election-nears-rcna176732", "manual_status_code": 0, "page_rating": 29, "page_rating_contents": 91, "page_rating_visits": 0, "page_rating_votes": 0, "permanent": false, "source__id": 56, "source_url": "https://www.nbcnews.com/feed", "status_code": 0, "tags": [], "thumbnail": "https://media-cldnry.s-nbcnews.com/image/upload/t_fit_1500w/rockcms/2024-10/241023-Karen-Makishima-mb-0903-cf4414.jpg", "title": "Japan makes tepid push on gender gap in politics as election nears", "vote": 0}, {"age": null, "album": "", "artist": null, "bookmarked": false, "comments": [], "date_published": "2024-10-23T10:30:41+00:00", "description": "The Department of Homeland Security has identified more than 600 migrants in the U.S. who have possible connections to a notorious Venezuelan gang.", "id": 1374396, "language": "en-US", "link": "https://www.nbcnews.com/news/dhs-identified-600-migrants-possible-ties-venezuelan-gang-rcna176020", "manual_status_code": 0, "page_rating": 29, "page_rating_contents": 91, "page_rating_visits": 0, "page_rating_votes": 0, "permanent": false, "source__id": 56, "source_url": "https://www.nbcnews.com/feed", "status_code": 0, "tags": [], "thumbnail": "https://media-cldnry.s-nbcnews.com/image/upload/t_fit_1500w/rockcms/2024-10/241021-venezuelan-gang-tda-mn-1615-367425.jpg", "title": "DHS has identified more than 600 migrants with possible ties to Venezuelan gang", "vote": 0}, {"age": null, "album": "", "artist": null, "bookmarked": false, "comments": [], "date_published": "2024-10-23T10:11:03+00:00", "description": "The U.S. Department of Transportation on Wednesday announced a $50 million fine against American Airlines for its alleged mistreatment of passengers with disabilities, which the department said in some cases caused injuries.", "id": 1374395, "language": "en-US", "link": "https://www.nbcnews.com/news/us-news/american-airlines-fined-50m-allegedly-violating-disability-laws-rcna176717", "manual_status_code": 0, "page_rating": 29, "page_rating_contents": 91, "page_rating_visits": 0, "page_rating_votes": 0, "permanent": false, "source__id": 56, "source_url": "https://www.nbcnews.com/feed", "status_code": 0, "tags": [], "thumbnail": "https://media-cldnry.s-nbcnews.com/image/upload/t_fit_1500w/rockcms/2024-08/240822-miami-american-airlines-jet-plane-ac-432p-dbfcc2.jpg", "title": "American Airlines fined $50M for violating disability laws", "vote": 0}, {"age": null, "album": "", "artist": null, "bookmarked": false, "comments": [], "date_published": "2024-10-23T10:00:00+00:00", "description": "Republicans have led the charge on pre-election litigation, targeting rules around mail voting, ballot drop boxes and voter roll purges, despite a lack of evidence of fraud.", "id": 1374028, "language": "en-US", "link": "https://www.nbcnews.com/politics/2024-election/battleground-states-flooded-voting-lawsuits-weeks-election-day-rcna175340", "manual_status_code": 0, "page_rating": 29, "page_rating_contents": 91, "page_rating_visits": 0, "page_rating_votes": 0, "permanent": false, "source__id": 56, "source_url": "https://www.nbcnews.com/feed", "status_code": 0, "tags": [], "thumbnail": "https://media-cldnry.s-nbcnews.com/image/upload/t_fit_1500w/rockcms/2024-10/241021-georgia-early-voting-ac-540p-b53d9a.jpg", "title": "Battleground states flooded with voting lawsuits weeks out from Election Day", "vote": 0}, {"age": null, "album": "", "artist": null, "bookmarked": false, "comments": [], "date_published": "2024-10-23T10:00:00+00:00", "description": "Local governments are uniquely able to combat growing national polarization, according to a new study out Wednesday from the nonprofit research organization CivicPulse and the Carnegie Corporation of New York.", "id": 1374030, "language": "en-US", "link": "https://www.nbcnews.com/politics/politics-news/local-governments-polarization-study-carnegie-civicpulse-rcna176131", "manual_status_code": 0, "page_rating": 29, "page_rating_contents": 91, "page_rating_visits": 0, "page_rating_votes": 0, "permanent": false, "source__id": 56, "source_url": "https://www.nbcnews.com/feed", "status_code": 0, "tags": [], "thumbnail": "https://media-cldnry.s-nbcnews.com/image/upload/t_fit_1500w/rockcms/2024-10/241018-trump-protesters-al-1303-600e80.jpg", "title": "Study finds local governments are less polarized despite national political divisions", "vote": 0}, {"age": null, "album": "", "artist": null, "bookmarked": false, "comments": [], "date_published": "2024-10-23T09:53:16+00:00", "description": "North Korean leader Kim Jong Un has visited missile bases to examine their readiness to undertake actions of \u201cstrategic deterrence,\u201d state media reported.", "id": 1374031, "language": "en-US", "link": "https://www.nbcnews.com/news/world/north-koreas-kim-jong-un-visits-missile-bases-cites-us-nuclear-threat-rcna176731", "manual_status_code": 0, "page_rating": 29, "page_rating_contents": 91, "page_rating_visits": 0, "page_rating_votes": 0, "permanent": false, "source__id": 56, "source_url": "https://www.nbcnews.com/feed", "status_code": 0, "tags": [], "thumbnail": "https://media-cldnry.s-nbcnews.com/image/upload/t_fit_1500w/rockcms/2024-10/241023-kim-jong-un-mb-0755-b248c2.jpg", "title": "North Korea\u2019s Kim Jong Un visits missile bases and cites U.S. nuclear threat", "vote": 0}, {"age": null, "album": "", "artist": null, "bookmarked": false, "comments": [], "date_published": "2024-10-23T09:45:15+00:00", "description": "The Vatican and China have agreed to extend an accord on the appointment of Catholic bishops in the communist country for four years.", "id": 1374032, "language": "en-US", "link": "https://www.nbcnews.com/news/world/vatican-china-extend-deal-catholic-bishop-appointments-rcna176727", "manual_status_code": 0, "page_rating": 29, "page_rating_contents": 91, "page_rating_visits": 0, "page_rating_votes": 0, "permanent": false, "source__id": 56, "source_url": "https://www.nbcnews.com/feed", "status_code": 0, "tags": [], "thumbnail": "https://media-cldnry.s-nbcnews.com/image/upload/t_fit_1500w/rockcms/2024-10/241023-pope-china-mb-0803-ff6f00.jpg", "title": "Vatican and China extend deal over Catholic bishop appointments", "vote": 0}, {"age": null, "album": "", "artist": null, "bookmarked": false, "comments": [], "date_published": "2024-10-23T09:41:30+00:00", "description": "The ball Shohei Ohtani launched for his 50th home run of the season, having also stolen 50 bases, was bought at auction early Wednesday for more than $4.3 million.", "id": 1374027, "language": "en-US", "link": "https://www.nbcnews.com/sports/mlb/shohei-ohtani-5050-ball-sold-auction-4-million-home-run-dodgers-rcna176736", "manual_status_code": 0, "page_rating": 29, "page_rating_contents": 91, "page_rating_visits": 0, "page_rating_votes": 0, "permanent": false, "source__id": 56, "source_url": "https://www.nbcnews.com/feed", "status_code": 0, "tags": [], "thumbnail": "https://media-cldnry.s-nbcnews.com/image/upload/t_fit_1500w/rockcms/2024-10/241023-ohtani-5050-mb-1035-33ebac.jpg", "title": "Shohei Ohtani makes history again as 50/50 ball sells at auction for $4.3 million", "vote": 0}, {"age": null, "album": "", "artist": null, "bookmarked": false, "comments": [], "date_published": "2024-10-23T09:00:00+00:00", "description": "A group of 100 Black men on motorcycles rode through Philadelphia as part of a multi-pronged effort to encourage Black men to register to vote and head to the polls.", "id": 1374029, "language": "en-US", "link": "https://www.nbcnews.com/news/nbcblk/phillys-black-motorcycle-clubs-black-men-vote-rcna175288", "manual_status_code": 0, "page_rating": 29, "page_rating_contents": 91, "page_rating_visits": 0, "page_rating_votes": 0, "permanent": false, "source__id": 56, "source_url": "https://www.nbcnews.com/feed", "status_code": 0, "tags": [], "thumbnail": "https://media-cldnry.s-nbcnews.com/image/upload/t_fit_1500w/rockcms/2024-10/241020-black-men-vote-philly-rally-wm-244p-ebc3b7.jpg", "title": "Philly\u2019s Black motorcycle clubs hit the streets to encourage Black men to vote", "vote": 0}, {"age": null, "album": "", "artist": null, "bookmarked": false, "comments": [], "date_published": "2024-10-23T09:00:00+00:00", "description": "JD Vance\u2019s willingness to regularly take questions from mainstream news outlets has added an unofficial duty to his role as Donald Trump\u2019s running mate: explainer-in-chief.", "id": 1374789, "language": "en-US", "link": "https://www.nbcnews.com/politics/jd-vance/vance-emerges-trumps-explainer-chief-rcna176573", "manual_status_code": 0, "page_rating": 29, "page_rating_contents": 91, "page_rating_visits": 0, "page_rating_votes": 0, "permanent": false, "source__id": 56, "source_url": "https://www.nbcnews.com/feed", "status_code": 0, "tags": [], "thumbnail": "https://media-cldnry.s-nbcnews.com/image/upload/t_fit_1500w/rockcms/2024-10/241022-jd-vance-al-1112-5eecfd.jpg", "title": "Vance emerges as Trump's explainer-in-chief", "vote": 0}, {"age": null, "album": "", "artist": null, "bookmarked": false, "comments": [], "date_published": "2024-10-23T04:23:05+00:00", "description": "Fernando Valenzuela, the Mexican-born phenom for the Los Angeles Dodgers who inspired \u201cFernandomania,\" has died.", "id": 1373699, "language": "en-US", "link": "https://www.nbcnews.com/sports/mlb/former-dodgers-pitcher-fernando-valenzuela-inspired-fernandomania-dead-rcna176722", "manual_status_code": 0, "page_rating": 29, "page_rating_contents": 91, "page_rating_visits": 0, "page_rating_votes": 0, "permanent": false, "source__id": 56, "source_url": "https://www.nbcnews.com/feed", "status_code": 0, "tags": [], "thumbnail": "https://media-cldnry.s-nbcnews.com/image/upload/t_fit_1500w/rockcms/2024-10/241022-Fernando-Valenzuela-obit-1981-ac-1159p-d20294.jpg", "title": "Former Dodgers pitcher Fernando Valenzuela, who inspired 'Fernandomania,' dead at 63", "vote": 0}]