[{"age": null, "album": "", "artist": null, "bookmarked": false, "comments": [], "date_published": "2024-10-23T12:30:14+00:00", "description": "It's here. EA Anti-Cheat has now been rolled out into Battlefield 1, breaking another multiplayer game on Steam Deck and Desktop Linux.<p><img src=\"https://www.gamingonlinux.com/uploads/articles/tagline_images/373026361id25502gol.jpg\" alt />.</p><p>Read the full article on <a href=\"https://www.gamingonlinux.com/2024/10/ea-anti-cheat-arrives-for-battlefield-1-breaking-it-on-steam-deck-linux/\">GamingOnLinux</a>.</p>", "id": 1374819, "language": "en-us", "link": "https://www.gamingonlinux.com/2024/10/ea-anti-cheat-arrives-for-battlefield-1-breaking-it-on-steam-deck-linux", "manual_status_code": 0, "page_rating": 27, "page_rating_contents": 86, "page_rating_visits": 0, "page_rating_votes": 0, "permanent": false, "source__id": 130, "source_url": "https://www.gamingonlinux.com/article_rss.php", "status_code": 0, "tags": [], "thumbnail": null, "title": "EA Anti-Cheat arrives for Battlefield 1 breaking it on Steam Deck / Linux", "vote": 0}, {"age": null, "album": "", "artist": null, "bookmarked": false, "comments": [], "date_published": "2024-10-23T12:10:17+00:00", "description": "Fear the Spotlight from Cozy Game Pals and Blumhouse Games is a retro-styled horror game that looks like it would fit right in on the original PlayStation. It's just be re-released on Steam with Linux support.<p><img src=\"https://www.gamingonlinux.com/uploads/articles/tagline_images/1339187685id25501gol.jpg\" alt />.</p><p>Read the full article on <a href=\"https://www.gamingonlinux.com/2024/10/creepy-retro-horror-game-fear-the-spotlight-is-out-now/\">GamingOnLinux</a>.</p>", "id": 1374820, "language": "en-us", "link": "https://www.gamingonlinux.com/2024/10/creepy-retro-horror-game-fear-the-spotlight-is-out-now", "manual_status_code": 0, "page_rating": 27, "page_rating_contents": 86, "page_rating_visits": 0, "page_rating_votes": 0, "permanent": false, "source__id": 130, "source_url": "https://www.gamingonlinux.com/article_rss.php", "status_code": 0, "tags": [], "thumbnail": null, "title": "Creepy retro horror game Fear the Spotlight is out now", "vote": 0}, {"age": null, "album": "", "artist": null, "bookmarked": false, "comments": [], "date_published": "2024-10-23T11:10:20+00:00", "description": "Continuing to improve compatibility with Windows games on Linux outside of Steam, the Unified launcher for Windows games on Linux (UMU) has another release out now.<p><img src=\"https://www.gamingonlinux.com/uploads/articles/tagline_images/280357901id25500gol.jpg\" alt />.</p><p>Read the full article on <a href=\"https://www.gamingonlinux.com/2024/10/unified-launcher-for-windows-games-on-linux-umu-v113-out-now/\">GamingOnLinux</a>.</p>", "id": 1374410, "language": "en-us", "link": "https://www.gamingonlinux.com/2024/10/unified-launcher-for-windows-games-on-linux-umu-v113-out-now", "manual_status_code": 0, "page_rating": 27, "page_rating_contents": 86, "page_rating_visits": 0, "page_rating_votes": 0, "permanent": false, "source__id": 130, "source_url": "https://www.gamingonlinux.com/article_rss.php", "status_code": 0, "tags": [], "thumbnail": null, "title": "Unified launcher for Windows games on Linux (UMU) v1.1.3 out now", "vote": 0}, {"age": null, "album": "", "artist": null, "bookmarked": false, "comments": [], "date_published": "2024-10-23T10:57:20+00:00", "description": "Escape Simulator from Pine Studio continues doing some really cool additions, with The Talos Principle getting a little free crossover DLC out now.<p><img src=\"https://www.gamingonlinux.com/uploads/articles/tagline_images/108720668id25499gol.jpg\" alt />.</p><p>Read the full article on <a href=\"https://www.gamingonlinux.com/2024/10/escape-simulator-gets-a-free-talos-principle-dlc-out-now-plus-a-paid-dlc-in-december/\">GamingOnLinux</a>.</p>", "id": 1374411, "language": "en-us", "link": "https://www.gamingonlinux.com/2024/10/escape-simulator-gets-a-free-talos-principle-dlc-out-now-plus-a-paid-dlc-in-december", "manual_status_code": 0, "page_rating": 27, "page_rating_contents": 86, "page_rating_visits": 0, "page_rating_votes": 0, "permanent": false, "source__id": 130, "source_url": "https://www.gamingonlinux.com/article_rss.php", "status_code": 0, "tags": [], "thumbnail": null, "title": "Escape Simulator gets a free Talos Principle DLC out now, plus a paid DLC in December", "vote": 0}]