[{"age": null, "album": "", "artist": null, "bookmarked": false, "comments": [], "date_published": "2024-10-23T00:00:01+00:00", "description": "#ANightmareOnElmStreet, #FridayThe13th, and #FreddyVsJason are streaming on Max. #NoSleepOctober \n\nAbout Max:\nMax is the culture-defining entertainment service for every mood. With a variety of genres that include your favorite series and movies from iconic brands and treasured franchises, it delivers irresistible stories every time. From reuniting with life-long favorites to uncovering new ones you haven\u2019t discovered yet, there's something for every moment, every feeling, every you.\n\nIt\u2019s all here. Iconic series, award-winning movies, fresh originals, and family favorites featuring the worlds of Harry Potter, the DC Universe, and HBO. Discover the best entertainment for every mood. Introducing Max \u2013 the one to watch.\n#WarnerBrosDiscovery #streamonmax #theonetowatch\n\nSUBSCRIBE TO MAX\nhttps://streamonm.ax/3vgR69B\n\nGET MAX\nhttps://streamonm.ax/4a83GYO\n\nFOLLOW MAX\nFollow Max on YouTube: https://streamonm.ax/YouTube\nFollow Max on Instagram: https://streamonm.ax/Instagram\nFollow Max on Tik", "id": 1372022, "language": null, "link": "https://www.youtube.com/watch?v=3YUp8TlCRQE", "manual_status_code": 0, "page_rating": 27, "page_rating_contents": 86, "page_rating_visits": 0, "page_rating_votes": 0, "permanent": false, "source__id": 455, "source_url": "https://www.youtube.com/feeds/videos.xml?channel_id=UCx-KWLTKlB83hDI6UKECtJQ", "status_code": 0, "tags": [], "thumbnail": "https://i4.ytimg.com/vi/3YUp8TlCRQE/hqdefault.jpg", "title": "Right when I get under the covers.", "vote": 0}]