[{"age": null, "album": "", "artist": null, "bookmarked": false, "comments": [], "date_published": "2024-10-23T14:34:11.399292+00:00", "description": "A high-severity flaw impacting Microsoft SharePoint has been added to the Known Exploited Vulnerabilities (KEV) catalog by the U.S. Cybersecurity and Infrastructure Security Agency (CISA) on Tuesday, citing evidence of active exploitation.\nThe vulnerability, tracked as CVE-2024-38094 (CVSS score: 7.2), has been described as a deserialization vulnerability impacting SharePoint that could result", "id": 1375525, "language": "en-US", "link": "https://thehackernews.com/2024/10/cisa-warns-of-active-exploitation-of.html", "manual_status_code": 0, "page_rating": 27, "page_rating_contents": 86, "page_rating_visits": 0, "page_rating_votes": 0, "permanent": false, "source__id": 343, "source_url": "https://feeds.feedburner.com/TheHackersNews", "status_code": 0, "tags": [], "thumbnail": null, "title": "CISA Warns of Active Exploitation of Microsoft SharePoint Vulnerability (CVE-2024-38094)", "vote": 0}, {"age": null, "album": "", "artist": null, "bookmarked": false, "comments": [], "date_published": "2024-10-23T14:34:09.819454+00:00", "description": "Identity security is front, and center given all the recent breaches that include Microsoft, Okta, Cloudflare and Snowflake to name a few. Organizations are starting to realize that a shake-up is needed in terms of the way we approach identity security both from a strategic but also a technology vantage point.\u202f\nIdentity security is more than just provisioning access&nbsp;\nThe conventional view", "id": 1375524, "language": "en-US", "link": "https://thehackernews.com/2024/10/permiso-state-of-identity-security-2024.html", "manual_status_code": 0, "page_rating": 27, "page_rating_contents": 86, "page_rating_visits": 0, "page_rating_votes": 0, "permanent": false, "source__id": 343, "source_url": "https://feeds.feedburner.com/TheHackersNews", "status_code": 0, "tags": [], "thumbnail": null, "title": "Permiso State of Identity Security 2024: A Shake-up in Identity Security Is Looming Large", "vote": 0}, {"age": null, "album": "", "artist": null, "bookmarked": false, "comments": [], "date_published": "2024-10-23T11:17:11.552027+00:00", "description": "Threat actors have been observed abusing Amazon S3 (Simple Storage Service) Transfer Acceleration feature as part of ransomware attacks designed to exfiltrate victim data and upload them to S3 buckets under their control.\n\"Attempts were made to disguise the Golang ransomware as the notorious LockBit ransomware,\" Trend Micro researchers Jaromir Horejsi and Nitesh Surana said. \"However, such is", "id": 1374305, "language": "en-US", "link": "https://thehackernews.com/2024/10/ransomware-gangs-use-lockbits-fame-to.html", "manual_status_code": 0, "page_rating": 27, "page_rating_contents": 86, "page_rating_visits": 0, "page_rating_votes": 0, "permanent": false, "source__id": 343, "source_url": "https://feeds.feedburner.com/TheHackersNews", "status_code": 0, "tags": [], "thumbnail": null, "title": "Ransomware Gangs Use LockBit's Fame to Intimidate Victims in Latest Attacks", "vote": 0}, {"age": null, "album": "", "artist": null, "bookmarked": false, "comments": [], "date_published": "2024-10-23T11:17:09.727411+00:00", "description": "It may come as a surprise to learn that 34% of security practitioners are in the dark about how many SaaS applications are deployed in their organizations. And it\u2019s no wonder\u2014the recent AppOmni 2024 State of SaaS Security Report reveals that only 15% of organizations centralize SaaS security within their cybersecurity teams. These statistics not only highlight a critical security blind spot,", "id": 1374304, "language": "en-US", "link": "https://thehackernews.com/2024/10/think-youre-secure-49-of-enterprises.html", "manual_status_code": 0, "page_rating": 27, "page_rating_contents": 86, "page_rating_visits": 0, "page_rating_votes": 0, "permanent": false, "source__id": 343, "source_url": "https://feeds.feedburner.com/TheHackersNews", "status_code": 0, "tags": [], "thumbnail": null, "title": "Think You\u2019re Secure? 49% of Enterprises Underestimate SaaS Risks", "vote": 0}, {"age": null, "album": "", "artist": null, "bookmarked": false, "comments": [], "date_published": "2024-10-23T11:17:07.874594+00:00", "description": "Cybersecurity researchers have shed light on a new adversarial technique that could be used to jailbreak large language models (LLMs) during the course of an interactive conversation by sneaking in an undesirable instruction between benign ones.\nThe approach has been codenamed Deceptive Delight by Palo Alto Networks Unit 42, which described it as both simple and effective, achieving an average", "id": 1374303, "language": "en-US", "link": "https://thehackernews.com/2024/10/researchers-reveal-deceptive-delight.html", "manual_status_code": 0, "page_rating": 27, "page_rating_contents": 86, "page_rating_visits": 0, "page_rating_votes": 0, "permanent": false, "source__id": 343, "source_url": "https://feeds.feedburner.com/TheHackersNews", "status_code": 0, "tags": [], "thumbnail": null, "title": "Researchers Reveal 'Deceptive Delight' Method to Jailbreak AI Models", "vote": 0}]