[{"age": null, "album": "", "artist": null, "bookmarked": false, "comments": [], "date_published": "2024-10-23T20:16:00+00:00", "description": null, "id": 1375673, "language": null, "link": "https://www.enworld.org/threads/the-legend-of-vox-machina-renewed-for-fourth-season.707524", "manual_status_code": 0, "page_rating": 26, "page_rating_contents": 81, "page_rating_visits": 0, "page_rating_votes": 0, "permanent": false, "source__id": 426, "source_url": "https://www.enworld.org/ewr-porta/index.rss", "status_code": 0, "tags": [], "thumbnail": null, "title": "The Legend of Vox Machina Renewed for Fourth Season", "vote": 0}, {"age": null, "album": "", "artist": null, "bookmarked": false, "comments": [], "date_published": "2024-10-23T12:30:00+00:00", "description": null, "id": 1375009, "language": null, "link": "https://www.enworld.org/threads/rpg-crowdfunding-news-%E2%80%93-grim-hollow-conan-broken-empires-and-more.707504", "manual_status_code": 0, "page_rating": 26, "page_rating_contents": 81, "page_rating_visits": 0, "page_rating_votes": 0, "permanent": false, "source__id": 426, "source_url": "https://www.enworld.org/ewr-porta/index.rss", "status_code": 0, "tags": [], "thumbnail": null, "title": "RPG Crowdfunding News \u2013 Grim Hollow, Conan, Broken Empires, and more", "vote": 0}, {"age": null, "album": "", "artist": null, "bookmarked": false, "comments": [], "date_published": "2024-10-23T12:30:00+00:00", "description": null, "id": 1375008, "language": null, "link": "https://www.enworld.org/threads/rpg-print-news-%E2%80%93-exalted-funeral-modiphius-entertainment-and-more.707454", "manual_status_code": 0, "page_rating": 26, "page_rating_contents": 81, "page_rating_visits": 0, "page_rating_votes": 0, "permanent": false, "source__id": 426, "source_url": "https://www.enworld.org/ewr-porta/index.rss", "status_code": 0, "tags": [], "thumbnail": null, "title": "RPG Print News \u2013 Exalted Funeral, Modiphius Entertainment, and More", "vote": 0}]