[{"age": null, "album": "", "artist": null, "bookmarked": false, "comments": [], "date_published": "2024-10-23T11:48:46+00:00", "description": "The Day Before developer Fntastic has cancelled its failing Kickstarter for one game and announced another in the same breath.", "id": 1374989, "language": null, "link": "https://www.ign.com/articles/the-day-before-dev-cancels-failing-kickstarter-and-announces-another-game-in-the-same-breath", "manual_status_code": 0, "page_rating": 27, "page_rating_contents": 86, "page_rating_visits": 0, "page_rating_votes": 0, "permanent": false, "source__id": 147, "source_url": "https://feeds.feedburner.com/ign/all", "status_code": 0, "tags": [], "thumbnail": "https://assets-prd.ignimgs.com/2023/12/12/thedaybefore-blogroll-1702342788029.jpg", "title": "The Day Before Dev Cancels Failing Kickstarter and Announces Another Game in the Same Breath", "vote": 0}, {"age": null, "album": "", "artist": null, "bookmarked": false, "comments": [], "date_published": "2024-10-23T10:51:54+00:00", "description": "Like a Dragon: Pirate Yakuza in Hawaii is a decent bit longer than previous Yakuza spin-off Like a Dragon Gaiden: The Man Who Erased His Name, developer Ryu Ga Gotoku Studio has said.", "id": 1374644, "language": null, "link": "https://www.ign.com/articles/like-a-dragon-pirate-yakuza-in-hawaii-is-a-decent-bit-longer-than-previous-spin-off-like-a-dragon-gaiden", "manual_status_code": 0, "page_rating": 27, "page_rating_contents": 86, "page_rating_visits": 0, "page_rating_votes": 0, "permanent": false, "source__id": 147, "source_url": "https://feeds.feedburner.com/ign/all", "status_code": 0, "tags": [], "thumbnail": "https://assets-prd.ignimgs.com/2024/09/20/screenshot-1074-1726827716652.png", "title": "Like a Dragon: Pirate Yakuza in Hawaii Is a Decent Bit Longer Than Previous Spin-Off Like a Dragon Gaiden", "vote": 0}, {"age": null, "album": "", "artist": null, "bookmarked": false, "comments": [], "date_published": "2024-10-23T10:10:01+00:00", "description": "The Marvel Cinematic Universe is officially getting its Spider-Man 4 as star Tom Holland has confirmed filming begins in summer 2025.", "id": 1374645, "language": null, "link": "https://www.ign.com/articles/spider-man-4-confirmed-at-marvel-studios-tom-holland-to-begin-filming-in-2025", "manual_status_code": 0, "page_rating": 27, "page_rating_contents": 86, "page_rating_visits": 0, "page_rating_votes": 0, "permanent": false, "source__id": 147, "source_url": "https://feeds.feedburner.com/ign/all", "status_code": 0, "tags": [], "thumbnail": "https://assets-prd.ignimgs.com/2022/02/07/spider-man-daredevil-team-up-1644240317417.png", "title": "Spider-Man 4 Confirmed at Marvel Studios, Tom Holland to Begin Filming in 2025", "vote": 0}, {"age": null, "album": "", "artist": null, "bookmarked": false, "comments": [], "date_published": "2024-10-23T10:07:32+00:00", "description": "Sony has released a new update for the PlayStation 5 that improves how the Activities cards display information. Check out the Version: 24.07-10.20.00 patch notes.", "id": 1374646, "language": null, "link": "https://www.ign.com/articles/ps5-system-software-update-improves-activities-display", "manual_status_code": 0, "page_rating": 27, "page_rating_contents": 86, "page_rating_visits": 0, "page_rating_votes": 0, "permanent": false, "source__id": 147, "source_url": "https://feeds.feedburner.com/ign/all", "status_code": 0, "tags": [], "thumbnail": "https://assets-prd.ignimgs.com/2024/10/23/ps5-1729677925807.jpg", "title": "PS5 System Software Update Improves Activities Display", "vote": 0}, {"age": null, "album": "", "artist": null, "bookmarked": false, "comments": [], "date_published": "2024-10-23T09:57:49+00:00", "description": "Big discounts on Apple, Sony, Bose and more big headphone brands on Amazon right now", "id": 1374647, "language": null, "link": "https://www.ign.com/articles/70-off-apple-airpods-max-in-todays-uk-deals", "manual_status_code": 0, "page_rating": 27, "page_rating_contents": 86, "page_rating_visits": 0, "page_rating_votes": 0, "permanent": false, "source__id": 147, "source_url": "https://feeds.feedburner.com/ign/all", "status_code": 0, "tags": [], "thumbnail": "https://assets-prd.ignimgs.com/2024/10/23/thumb-1729677219062.png", "title": "\u00a370 Off Apple AirPods Max in Todays UK Deals", "vote": 0}, {"age": null, "album": "", "artist": null, "bookmarked": false, "comments": [], "date_published": "2024-10-23T05:03:27+00:00", "description": null, "id": 1373344, "language": null, "link": "https://www.ign.com/articles/batman-arkham-shadow-review-meta-quest-3", "manual_status_code": 0, "page_rating": 26, "page_rating_contents": 82, "page_rating_visits": 0, "page_rating_votes": 0, "permanent": false, "source__id": 147, "source_url": "https://feeds.feedburner.com/ign/all", "status_code": 0, "tags": [], "thumbnail": "https://assets-prd.ignimgs.com/2024/10/23/batman-arkham-shadow-yt-1729643964556.jpg", "title": "Batman: Arkham Shadow Review", "vote": 0}, {"age": null, "album": "", "artist": null, "bookmarked": false, "comments": [], "date_published": "2024-10-23T03:34:48+00:00", "description": "Why having having \"one wheel to rule them all\" is a very attractive feature, and how to live that dream for the lowest prices possible.", "id": 1372719, "language": null, "link": "https://www.ign.com/articles/how-the-logitech-g-rs-range-can-bolt-in-triple-compatible-bliss-best-prices-and-more-au-deals", "manual_status_code": 0, "page_rating": 27, "page_rating_contents": 86, "page_rating_visits": 0, "page_rating_votes": 0, "permanent": false, "source__id": 147, "source_url": "https://feeds.feedburner.com/ign/all", "status_code": 0, "tags": [], "thumbnail": "https://assets-prd.ignimgs.com/2024/10/23/covershot-1729653890066.jpg", "title": "How the Logitech G RS Range Can Bolt in Triple-Compatible Bliss, Best Prices, and More!", "vote": 0}, {"age": null, "album": "", "artist": null, "bookmarked": false, "comments": [], "date_published": "2024-10-23T00:43:52+00:00", "description": "Thanks to international Fallout Day, now's the time to V.A.T.S. target some serious savings.", "id": 1372400, "language": null, "link": "https://www.ign.com/articles/au-deals-save-insane-bottlecaps-on-fallouts-plus-the-best-prices-for-metaphor-silent-hill-2-and-more-au-deals", "manual_status_code": 0, "page_rating": 27, "page_rating_contents": 86, "page_rating_visits": 0, "page_rating_votes": 0, "permanent": false, "source__id": 147, "source_url": "https://feeds.feedburner.com/ign/all", "status_code": 0, "tags": [], "thumbnail": "https://assets-prd.ignimgs.com/2024/10/23/oct-23-pokemon-red-and-blue-1729644213629.jpg", "title": "AU Deals: Save Insane Bottlecaps on Fallouts, Plus the Best Prices for Metaphor, Silent Hill 2, and More!", "vote": 0}]