[{"age": null, "album": "", "artist": null, "bookmarked": false, "comments": [], "date_published": "2024-10-23T14:37:26.950757+00:00", "description": "Wed\u0142ug portalu Deadline Luca Guadagnino jest na ko\u0144cowym etapie rozm\u00f3w ze studiem Lionsgate w sprawie mo\u017cliwo\u015bci wyre\u017cyserowania przez niego nowej wersji ekranizacji powie\u015bci \u201eAmerican Psycho\u201d autorstwa Breta Eastona Ellisa.", "id": 1375585, "language": "pl-PL", "link": "https://www.rp.pl/film/art41339251-luca-guadagnino-chce-stworzyc-nowa-wersje-american-psycho", "manual_status_code": 0, "page_rating": 29, "page_rating_contents": 90, "page_rating_visits": 0, "page_rating_votes": 0, "permanent": false, "source__id": 412, "source_url": "https://www.rp.pl/rss_main", "status_code": 0, "tags": [], "thumbnail": null, "title": "Luca Guadagnino chce stworzy\u0107 now\u0105 wersj\u0119 \u201eAmerican Psycho\u201d", "vote": 0}, {"age": null, "album": "", "artist": null, "bookmarked": false, "comments": [], "date_published": "2024-10-23T14:37:26.668359+00:00", "description": "Od agresji Putina na Ukrain\u0119 banki Cypru wyrzucaj\u0105 rosyjskich klient\u00f3w. Od zaj\u0119cia przez Rosj\u0119 Krymu wyspa pozby\u0142a si\u0119 90 proc. z nich i 83 proc. ich maj\u0105tk\u00f3w. \u0141\u0105cznie od 2014 r Cypr wyrzuci\u0142 \u0142\u0105cznie 72 tysi\u0105ce os\u00f3b i firm z Rosji.", "id": 1375584, "language": "pl-PL", "link": "https://www.rp.pl/banki/art41339151-cypr-wyczyscil-swoje-banki-z-rosjan-musieli-zabrac-pieniadze-i-wyjechac", "manual_status_code": 0, "page_rating": 29, "page_rating_contents": 90, "page_rating_visits": 0, "page_rating_votes": 0, "permanent": false, "source__id": 412, "source_url": "https://www.rp.pl/rss_main", "status_code": 0, "tags": [], "thumbnail": null, "title": "Cypr wyczy\u015bci\u0142 swoje banki z Rosjan. Musieli zabra\u0107 pieni\u0105dze i wyjecha\u0107", "vote": 0}, {"age": null, "album": "", "artist": null, "bookmarked": false, "comments": [], "date_published": "2024-10-23T14:37:26.390692+00:00", "description": "OFF Radio Krak\u00f3w pod r\u0119k\u0119 ze sztuczn\u0105 inteligencj\u0105 wysadzi\u0142o w powietrze DNA medi\u00f3w.", "id": 1375583, "language": "pl-PL", "link": "https://www.rp.pl/opinie-polityczno-spoleczne/art41338311-krzysztof-a-kowalczyk-kto-wpuscil-syntetycznych-talibow-do-studia", "manual_status_code": 0, "page_rating": 29, "page_rating_contents": 90, "page_rating_visits": 0, "page_rating_votes": 0, "permanent": false, "source__id": 412, "source_url": "https://www.rp.pl/rss_main", "status_code": 0, "tags": [], "thumbnail": null, "title": "Krzysztof A. Kowalczyk: Kto wpu\u015bci\u0142 syntetycznych talib\u00f3w do studia?", "vote": 0}, {"age": null, "album": "", "artist": null, "bookmarked": false, "comments": [], "date_published": "2024-10-23T14:37:26.042185+00:00", "description": "Naukowcy opublikowali wyniki bada\u0144 skamienia\u0142o\u015bci jaj z\u0142o\u017conych przez nieznany dot\u0105d gatunek dinozaura. Wiek znaleziska szacowany jest na ponad 80 milion\u00f3w lat. Badacze podkre\u015blaj\u0105, \u017ce dokonane w Chinach odkrycie ma ogromne znaczenie dla zrozumienia ewolucji dinozaur\u00f3w.", "id": 1375582, "language": "pl-PL", "link": "https://www.rp.pl/paleontologia/art41337421-niezwykle-odkrycie-dotyczace-dinozaurow-chinscy-naukowcy-opublikowali-wyniki-badan", "manual_status_code": 0, "page_rating": 29, "page_rating_contents": 90, "page_rating_visits": 0, "page_rating_votes": 0, "permanent": false, "source__id": 412, "source_url": "https://www.rp.pl/rss_main", "status_code": 0, "tags": [], "thumbnail": null, "title": "Niezwyk\u0142e odkrycie dotycz\u0105ce dinozaur\u00f3w. Chi\u0144scy naukowcy opublikowali wyniki bada\u0144", "vote": 0}, {"age": null, "album": "", "artist": null, "bookmarked": false, "comments": [], "date_published": "2024-10-23T14:37:25.756886+00:00", "description": "Firma GE Aerospace og\u0142osi\u0142a plany zainwestowania ponad 130 milion\u00f3w dolar\u00f3w w swoje zak\u0142ady zajmuj\u0105ce si\u0119 konserwacj\u0105, naprawami i remontami.\nJeden z nich znajduje si\u0119 w Polsce.", "id": 1375581, "language": "pl-PL", "link": "https://www.rp.pl/transport/art41339331-odzyje-inwestycja-lufthansy-i-ge-w-srodzie-slaskiej", "manual_status_code": 0, "page_rating": 29, "page_rating_contents": 90, "page_rating_visits": 0, "page_rating_votes": 0, "permanent": false, "source__id": 412, "source_url": "https://www.rp.pl/rss_main", "status_code": 0, "tags": [], "thumbnail": null, "title": "Od\u017cyje inwestycja Lufthansy i GE w \u015arodzie \u015al\u0105skiej", "vote": 0}, {"age": null, "album": "", "artist": null, "bookmarked": false, "comments": [], "date_published": "2024-10-23T14:37:25.448091+00:00", "description": "Firma mo\u017ce przechowywa\u0107 dane dotycz\u0105ce by\u0142ych pracownik\u00f3w na wypadek przysz\u0142ych spraw s\u0105dowych.", "id": 1375580, "language": "pl-PL", "link": "https://www.rp.pl/dane-osobowe/art41339171-nsa-czy-trzeba-usunac-dane-z-komputera-bylego-pracownika", "manual_status_code": 0, "page_rating": 29, "page_rating_contents": 90, "page_rating_visits": 0, "page_rating_votes": 0, "permanent": false, "source__id": 412, "source_url": "https://www.rp.pl/rss_main", "status_code": 0, "tags": [], "thumbnail": null, "title": "NSA: Czy trzeba usun\u0105\u0107 dane z komputera by\u0142ego pracownika?", "vote": 0}, {"age": null, "album": "", "artist": null, "bookmarked": false, "comments": [], "date_published": "2024-10-23T14:37:25.135227+00:00", "description": "Na terenie firmy z bran\u017cy lotniczej i obronnej w Ankarze dosz\u0142o do eksplozji, po kt\u00f3rej nast\u0105pi\u0142y strza\u0142y \u2013 informuje turecka agencja Anatolia.", "id": 1375579, "language": "pl-PL", "link": "https://www.rp.pl/spoleczenstwo/art41339521-turcja-atak-terrorystyczny-w-ankarze-sa-ofiary-i-ranni-eksplozja-i-strzaly", "manual_status_code": 0, "page_rating": 29, "page_rating_contents": 90, "page_rating_visits": 0, "page_rating_votes": 0, "permanent": false, "source__id": 412, "source_url": "https://www.rp.pl/rss_main", "status_code": 0, "tags": [], "thumbnail": null, "title": "Turcja: Atak terrorystyczny w Ankarze, s\u0105 ofiary i ranni. \"Eksplozja i strza\u0142y\"", "vote": 0}, {"age": null, "album": "", "artist": null, "bookmarked": false, "comments": [], "date_published": "2024-10-23T13:32:36.392967+00:00", "description": "W Polsce odnotowano drastyczny wzrost liczby zachorowa\u0144 na krztusiec - wynika z danych Narodowego Instytutu Zdrowia Publicznego. Tylko w ostatnich dw\u00f3ch tygodniach pa\u017adziernika zachorowa\u0142o 3849 os\u00f3b.", "id": 1375150, "language": "pl-PL", "link": "https://www.rp.pl/zdrowie/art41338741-rekordowa-liczba-zachorowan-na-krztusiec-wzrost-rok-do-roku-jest-ogromny", "manual_status_code": 0, "page_rating": 29, "page_rating_contents": 90, "page_rating_visits": 0, "page_rating_votes": 0, "permanent": false, "source__id": 412, "source_url": "https://www.rp.pl/rss_main", "status_code": 0, "tags": [], "thumbnail": null, "title": "Rekordowa liczba zachorowa\u0144 na krztusiec. Wzrost rok do roku jest ogromny", "vote": 0}, {"age": null, "album": "", "artist": null, "bookmarked": false, "comments": [], "date_published": "2024-10-23T13:32:36.113896+00:00", "description": "Jest profesorem filozofii i pisark\u0105. Prawie 20 lat \u017cy\u0142a w ukryciu, by nie zaszkodzi\u0107 reputacji swojego ojca, prezydenta Francji. W nowej ksi\u0105\u017cce pisze o traumach z tamtego czasu, z kt\u00f3rymi do dzi\u015b si\u0119 nie upora\u0142a: \u201eZosta\u0142am wygumkowana, wi\u0119c wci\u0105\u017c zbieram dowody na swoje istnienie\u201d.", "id": 1375149, "language": "pl-PL", "link": "https://kobieta.rp.pl/jej-historia/art41325971-mazarine-pingeot-corka-francois-mitteranda-bylam-tajemnica-panstwowa", "manual_status_code": 0, "page_rating": 29, "page_rating_contents": 90, "page_rating_visits": 0, "page_rating_votes": 0, "permanent": false, "source__id": 412, "source_url": "https://www.rp.pl/rss_main", "status_code": 0, "tags": [], "thumbnail": null, "title": "Mazarine Pingeot, c\u00f3rka Fran\u00e7ois Mitteranda: By\u0142am tajemnic\u0105 pa\u0144stwow\u0105", "vote": 0}, {"age": null, "album": "", "artist": null, "bookmarked": false, "comments": [], "date_published": "2024-10-23T13:32:35.909456+00:00", "description": "Prezydent Warszawy Rafa\u0142 Trzaskowski wyrazi\u0142 zgod\u0119 na przej\u015bcie Marszu Niepodleg\u0142o\u015bci ulicami stolicy. Ratusz potwierdzi\u0142 zgod\u0119 na wydarzenie redakcji Polsat News.", "id": 1375148, "language": "pl-PL", "link": "https://www.rp.pl/spoleczenstwo/art41338981-nagly-zwrot-w-sprawie-marszu-niepodleglosci-rafal-trzaskowski-zdecydowal", "manual_status_code": 0, "page_rating": 29, "page_rating_contents": 90, "page_rating_visits": 0, "page_rating_votes": 0, "permanent": false, "source__id": 412, "source_url": "https://www.rp.pl/rss_main", "status_code": 0, "tags": [], "thumbnail": null, "title": "Nag\u0142y zwrot w sprawie Marszu Niepodleg\u0142o\u015bci. Rafa\u0142 Trzaskowski zdecydowa\u0142", "vote": 0}, {"age": null, "album": "", "artist": null, "bookmarked": false, "comments": [], "date_published": "2024-10-23T13:32:35.765286+00:00", "description": "Sprzedawcy internetowi ju\u017c zwieraj\u0105 szyki w zwi\u0105zku ze zbli\u017caj\u0105cym si\u0119 sezonem zakup\u00f3w \u015bwi\u0105tecznych. Przy wci\u0105\u017c kiepskiej koniunkturze konsumenckiej or\u0119\u017cem w walce o uwag\u0119 klient\u00f3w b\u0119d\u0105 g\u0142\u00f3wnie ceny.", "id": 1375147, "language": "pl-PL", "link": "https://www.rp.pl/handel/art41338851-listopad-pod-znakiem-walki-na-promocje", "manual_status_code": 0, "page_rating": 29, "page_rating_contents": 90, "page_rating_visits": 0, "page_rating_votes": 0, "permanent": false, "source__id": 412, "source_url": "https://www.rp.pl/rss_main", "status_code": 0, "tags": [], "thumbnail": null, "title": "Listopad pod znakiem walki na promocje", "vote": 0}, {"age": null, "album": "", "artist": null, "bookmarked": false, "comments": [], "date_published": "2024-10-23T13:32:35.641838+00:00", "description": "Popularna chi\u0144ska aplikacja zakupowa staje si\u0119\u00a0problemem dla wielu europejskich marek luksusowych. Chi\u0144czycy rzucaj\u0105\u00a0wyzwanie tradycyjnemu modelowi handlu, do kt\u00f3rego przywyk\u0142y znane marki. Na czym polega si\u0142a chi\u0144skiej aplikacji DeWu?", "id": 1375146, "language": "pl-PL", "link": "https://sukces.rp.pl/moda/art41338611-chinskie-vinted-podbija-rynek-nowa-zmora-europejskich-marek-luksusowych", "manual_status_code": 0, "page_rating": 29, "page_rating_contents": 90, "page_rating_visits": 0, "page_rating_votes": 0, "permanent": false, "source__id": 412, "source_url": "https://www.rp.pl/rss_main", "status_code": 0, "tags": [], "thumbnail": null, "title": "\u201eChi\u0144skie Vinted\u201d podbija rynek. Nowa zmora europejskich marek luksusowych", "vote": 0}, {"age": null, "album": "", "artist": null, "bookmarked": false, "comments": [], "date_published": "2024-10-23T13:32:35.517228+00:00", "description": "Projekt, dotycz\u0105cy zwi\u0105zk\u00f3w partnerskich jest projektem rz\u0105dowym - wyja\u015bni\u0142a w programie Go\u015b\u0107 Radia ZET ministra r\u00f3wno\u015bci Katarzyna Kotula. Doda\u0142a, \u017ce nie dopuszcza takiej mo\u017cliwo\u015bci, by ten projekt nie wszed\u0142 w \u017cycie. - Wiem ju\u017c, \u017ce s\u0105 w PSL-u pos\u0142owie i pos\u0142anki, kt\u00f3rzy zag\u0142osuj\u0105 za tym projektem - powiedzia\u0142a, dodaj\u0105c, \u017ce liczy te\u017c na g\u0142osy niekt\u00f3rych pos\u0142\u00f3w Konfederacji. Pytana o reakcj\u0119 pos\u0142\u00f3w PSL-u odpowiedzia\u0142a, \u017ce jest ni\u0105 \"zaskoczona\".", "id": 1375145, "language": "pl-PL", "link": "https://www.rp.pl/polityka/art41338761-katarzyna-kotula-o-projekcie-dot-zwiazkow-partnerskich-jestem-zaskoczona-reakcja-psl-u", "manual_status_code": 0, "page_rating": 29, "page_rating_contents": 90, "page_rating_visits": 0, "page_rating_votes": 0, "permanent": false, "source__id": 412, "source_url": "https://www.rp.pl/rss_main", "status_code": 0, "tags": [], "thumbnail": null, "title": "Katarzyna Kotula o projekcie dot. zwi\u0105zk\u00f3w partnerskich. \"Jestem zaskoczona reakcj\u0105 PSL-u\"", "vote": 0}, {"age": null, "album": "", "artist": null, "bookmarked": false, "comments": [], "date_published": "2024-10-23T13:32:35.373453+00:00", "description": "Koszty zabiegu - czyli kilkaset z\u0142 - pokryje gmina, gdy tylko w\u0142a\u015bciciel zwierz\u0119cia wyrazi takie oczekiwanie.", "id": 1375144, "language": "pl-PL", "link": "https://www.rp.pl/prawo-w-polsce/art41337781-darmowa-kastracja-i-sterylizacja-psow-oraz-kotow-juz-od-2025-r-jest-projekt", "manual_status_code": 0, "page_rating": 29, "page_rating_contents": 90, "page_rating_visits": 0, "page_rating_votes": 0, "permanent": false, "source__id": 412, "source_url": "https://www.rp.pl/rss_main", "status_code": 0, "tags": [], "thumbnail": null, "title": "Darmowa kastracja i sterylizacja ps\u00f3w oraz kot\u00f3w ju\u017c od 2025 r. Jest projekt", "vote": 0}, {"age": null, "album": "", "artist": null, "bookmarked": false, "comments": [], "date_published": "2024-10-23T13:32:35.190884+00:00", "description": "Brak mo\u017cliwo\u015bci zaskar\u017cenia do s\u0105du decyzji prokuratora o nast\u0119pczym wykorzystaniu dowod\u00f3w zebranych podczas inwigilacji jest niezgodny z konstytucj\u0105 - to sedno najnowszego orzeczenia Trybuna\u0142u Konstytucyjnego.", "id": 1375143, "language": "pl-PL", "link": "https://www.rp.pl/prawo-karne/art41339061-wyrok-tk-w-sprawie-wykorzystania-dowodow-z-podsluchow-przepisy-niekonstytucyjne", "manual_status_code": 0, "page_rating": 29, "page_rating_contents": 90, "page_rating_visits": 0, "page_rating_votes": 0, "permanent": false, "source__id": 412, "source_url": "https://www.rp.pl/rss_main", "status_code": 0, "tags": [], "thumbnail": null, "title": "Wyrok TK w sprawie wykorzystania dowod\u00f3w z pods\u0142uch\u00f3w. Przepisy niekonstytucyjne", "vote": 0}, {"age": null, "album": "", "artist": null, "bookmarked": false, "comments": [], "date_published": "2024-10-23T12:27:09.086751+00:00", "description": "Park Sun-won, po\u0142udniowokorea\u0144ski parlamentarzysta, po posiedzeniu komisji ds. wywiadu przedstawi\u0142 nowe szacunki dotycz\u0105ce liczby \u017co\u0142nierzy wys\u0142anych przez Pjongjang do Rosji w celu wsparcia rosyjskiej agresji przeciw Ukrainie.", "id": 1374752, "language": "pl-PL", "link": "https://www.rp.pl/konflikty-zbrojne/art41338751-nowe-szacunki-co-do-liczby-zolnierzy-korei-polnocnej-na-ukrainie-jest-ich-wiecej", "manual_status_code": 0, "page_rating": 29, "page_rating_contents": 90, "page_rating_visits": 0, "page_rating_votes": 0, "permanent": false, "source__id": 412, "source_url": "https://www.rp.pl/rss_main", "status_code": 0, "tags": [], "thumbnail": null, "title": "Nowe szacunki co do liczby \u017co\u0142nierzy Korei P\u00f3\u0142nocnej na Ukrainie. Jest ich wi\u0119cej", "vote": 0}, {"age": null, "album": "", "artist": null, "bookmarked": false, "comments": [], "date_published": "2024-10-23T12:27:08.983637+00:00", "description": "Komornicy nie s\u0105 co prawda w ustawie okre\u015bleni jako przedsi\u0119biorcy, lecz mog\u0105 skorzysta\u0107 z wakacji sk\u0142adkowych \u2013 m\u00f3wi Beata Pawli\u0144ska \u2013 Wiak, dyrektor II Oddzia\u0142u ZUS w Warszawie.", "id": 1374751, "language": "pl-PL", "link": "https://pro.rp.pl/prawo-dla-profesjonalistow/art41338691-wakacje-skladkowe-w-tym-roku-nie-dla-spoznialskich", "manual_status_code": 0, "page_rating": 29, "page_rating_contents": 90, "page_rating_visits": 0, "page_rating_votes": 0, "permanent": false, "source__id": 412, "source_url": "https://www.rp.pl/rss_main", "status_code": 0, "tags": [], "thumbnail": null, "title": "Wakacje sk\u0142adkowe w tym roku nie dla sp\u00f3\u017anialskich", "vote": 0}, {"age": null, "album": "", "artist": null, "bookmarked": false, "comments": [], "date_published": "2024-10-23T12:27:08.879662+00:00", "description": "Pe\u0142nomocnik rz\u0105du odpowiedzialny za strategiczn\u0105 infrastruktur\u0119 energetyczn\u0105 oraz realizacj\u0119 elektrowni j\u0105drowej w Polsce, Maciej Bando ma odej\u015b\u0107 ze stanowiska. Jak dowiedzia\u0142a si\u0119 \u201eRzeczpospolita\u201d ministrowi Bando mia\u0142a zaszkodzi\u0107 wsp\u00f3\u0142praca konsultingowa z Orlenem w czasie rz\u0105d\u00f3w Prawa i Sprawiedliwo\u015bci. Odej\u015bcie Macieja Bando to powa\u017cny problem dla dalszej realizacji projektu elektrowni j\u0105drowej na Pomorzu, kt\u00f3r\u0105 nadzorowa\u0142. Na gie\u0142dzie potencjalnych nast\u0119pc\u00f3w pada jedno nazwisko.", "id": 1374750, "language": "pl-PL", "link": "https://energia.rp.pl/atom/art41338841-sternik-polskiego-atomu-odejdzie-z-rzadu-zaszkodzic-miala-wspolpraca-z-orlenem", "manual_status_code": 0, "page_rating": 29, "page_rating_contents": 90, "page_rating_visits": 0, "page_rating_votes": 0, "permanent": false, "source__id": 412, "source_url": "https://www.rp.pl/rss_main", "status_code": 0, "tags": [], "thumbnail": null, "title": "Sternik polskiego atomu odejdzie z rz\u0105du? Zaszkodzi\u0107 mia\u0142a wsp\u00f3\u0142praca z Orlenem", "vote": 0}, {"age": null, "album": "", "artist": null, "bookmarked": false, "comments": [], "date_published": "2024-10-23T12:27:08.749018+00:00", "description": "Narastaj\u0105ce op\u00f3\u017anienia lot\u00f3w po Europie i konieczno\u015b\u0107 cz\u0119sto nawet wielogodzinnego oczekiwania na rejsy wyra\u017anie dopinguj\u0105 nowych europarlamentarzyst\u00f3w, aby w pierwszej kolejno\u015bci zaj\u0105\u0107 si\u0119 przepustowo\u015bci\u0105 europejskiego nieba.", "id": 1374749, "language": "pl-PL", "link": "https://www.rp.pl/transport/art41338711-europarlamentarzysci-maja-dosc-opoznionych-lotow-to-bedzie-kosztowac-pasazerow", "manual_status_code": 0, "page_rating": 29, "page_rating_contents": 90, "page_rating_visits": 0, "page_rating_votes": 0, "permanent": false, "source__id": 412, "source_url": "https://www.rp.pl/rss_main", "status_code": 0, "tags": [], "thumbnail": null, "title": "Europarlamentarzy\u015bci maj\u0105 do\u015b\u0107 op\u00f3\u017anionych lot\u00f3w. To b\u0119dzie kosztowa\u0107 pasa\u017cer\u00f3w", "vote": 0}, {"age": null, "album": "", "artist": null, "bookmarked": false, "comments": [], "date_published": "2024-10-23T12:27:08.621263+00:00", "description": "- Rosja nie ma tytu\u0142u, \u017ceby odpowiada\u0107 na zamkni\u0119cie przez nas konsulatu - m\u00f3wi\u0142 w czasie konferencji prasowej minister spraw zagranicznych, Rados\u0142aw Sikorski.", "id": 1374748, "language": "pl-PL", "link": "https://www.rp.pl/dyplomacja/art41338881-radoslaw-sikorski-ostrzega-rosje-nie-zostawimy-tego-bez-odpowiedzi-tez-mozemy-eskalowac", "manual_status_code": 0, "page_rating": 29, "page_rating_contents": 90, "page_rating_visits": 0, "page_rating_votes": 0, "permanent": false, "source__id": 412, "source_url": "https://www.rp.pl/rss_main", "status_code": 0, "tags": [], "thumbnail": null, "title": "Rados\u0142aw Sikorski ostrzega Rosj\u0119: Nie zostawimy tego bez odpowiedzi. Te\u017c mo\u017cemy eskalowa\u0107", "vote": 0}, {"age": null, "album": "", "artist": null, "bookmarked": false, "comments": [], "date_published": "2024-10-23T12:27:08.497973+00:00", "description": "\u017byjemy w czasach obsesji na punkcie pi\u0119kna. Trzeba zrozumie\u0107, \u017ce nadmierna uwaga, kt\u00f3r\u0105 po\u015bwi\u0119ca si\u0119 wygl\u0105dowi, to czysty biznes - m\u00f3wi dietetyczka Katarzyna B\u0142a\u017cejewska-Stuhr, wsp\u00f3\u0142autorka ksi\u0105\u017cki \u201eZnikam. Zaburzenia od\u017cywiania dzieci i m\u0142odzie\u017cy\u201d.", "id": 1374747, "language": "pl-PL", "link": "https://kobieta.rp.pl/wywiad/art41336181-katarzyna-blazejewska-stuhr-jedzenie-nie-moze-byc-sposobem-na-smutek-samotnosc-i-nadmierny-stres", "manual_status_code": 0, "page_rating": 29, "page_rating_contents": 90, "page_rating_visits": 0, "page_rating_votes": 0, "permanent": false, "source__id": 412, "source_url": "https://www.rp.pl/rss_main", "status_code": 0, "tags": [], "thumbnail": null, "title": "Katarzyna B\u0142a\u017cejewska-Stuhr: Jedzenie nie mo\u017ce by\u0107 sposobem na smutek, samotno\u015b\u0107 i nadmierny stres", "vote": 0}, {"age": null, "album": "", "artist": null, "bookmarked": false, "comments": [], "date_published": "2024-10-23T11:21:54.399087+00:00", "description": "Partia Viktora Orb\u00e1na, Fidesz, rz\u0105dz\u0105ca W\u0119grami od 2010 roku, po raz pierwszy od 14 lat da\u0142a si\u0119 wyprzedzi\u0107 w sonda\u017cu - zauwa\u017ca Reuters.", "id": 1374363, "language": "pl-PL", "link": "https://www.rp.pl/polityka/art41338261-nowy-sondaz-z-wegier-pierwszy-taki-wynik-od-dojscia-viktora-orbana-do-wladzy", "manual_status_code": 0, "page_rating": 29, "page_rating_contents": 90, "page_rating_visits": 0, "page_rating_votes": 0, "permanent": false, "source__id": 412, "source_url": "https://www.rp.pl/rss_main", "status_code": 0, "tags": [], "thumbnail": null, "title": "Nowy sonda\u017c z W\u0119gier: Pierwszy taki wynik od doj\u015bcia Viktora Orb\u00e1na do w\u0142adzy", "vote": 0}, {"age": null, "album": "", "artist": null, "bookmarked": false, "comments": [], "date_published": "2024-10-23T11:21:53.876920+00:00", "description": "\u201eMury\u201d Jacka Kaczmarskiego. Ta piosenka ko\u0142ata\u0142a mi si\u0119 w g\u0142owie, gdy ogl\u0105da\u0142em protesty sprzed Kancelarii Premiera. We wtorek by\u0142o tam raptem par\u0119 os\u00f3b. W\u015br\u00f3d nich wybitna polska artystka Agnieszka Holland.", "id": 1374362, "language": "pl-PL", "link": "https://www.rp.pl/krotkie-formy/art41338221-michal-szuldrzynski-samotna-agnieszka-holland-pod-kancelaria-premiera-tuska", "manual_status_code": 0, "page_rating": 29, "page_rating_contents": 90, "page_rating_visits": 0, "page_rating_votes": 0, "permanent": false, "source__id": 412, "source_url": "https://www.rp.pl/rss_main", "status_code": 0, "tags": [], "thumbnail": null, "title": "Micha\u0142 Szu\u0142drzy\u0144ski: Samotna Agnieszka Holland pod kancelari\u0105 premiera Tuska", "vote": 0}, {"age": null, "album": "", "artist": null, "bookmarked": false, "comments": [], "date_published": "2024-10-23T11:21:53.564154+00:00", "description": "Wojska p\u00f3\u0142nocnokorea\u0144skie s\u0105 ju\u017c w Rosji \u2013 poinformowa\u0142 sekretarz obrony USA Lloyd Austin.", "id": 1374361, "language": "pl-PL", "link": "https://www.rp.pl/konflikty-zbrojne/art41338351-lloyd-austin-wojska-koreanskiej-republiki-ludowo-demokratycznej-sa-juz-w-rosji", "manual_status_code": 0, "page_rating": 29, "page_rating_contents": 90, "page_rating_visits": 0, "page_rating_votes": 0, "permanent": false, "source__id": 412, "source_url": "https://www.rp.pl/rss_main", "status_code": 0, "tags": [], "thumbnail": null, "title": "Lloyd Austin: Wojska Korea\u0144skiej Republiki Ludowo-Demokratycznej s\u0105 ju\u017c w Rosji", "vote": 0}, {"age": null, "album": "", "artist": null, "bookmarked": false, "comments": [], "date_published": "2024-10-23T11:21:53.125350+00:00", "description": "Przepis znosz\u0105cy obowi\u0105zek budowy okre\u015blonej liczby miejsc postojowych na osiedlach powstaj\u0105cych na mocy specustawy mieszkaniowej nieoczekiwanie znalaz\u0142 si\u0119 w projekcie ustawy powodziowej. B\u0119dzie z niej wykre\u015blony \u2013 zapowiada resort rozwoju.", "id": 1374360, "language": "pl-PL", "link": "https://www.rp.pl/nieruchomosci/art41338281-parkingi-na-specosiedlach-zapis-ktory-mial-odblokowac-inwestycje-wypadnie-z-ustawy", "manual_status_code": 0, "page_rating": 29, "page_rating_contents": 90, "page_rating_visits": 0, "page_rating_votes": 0, "permanent": false, "source__id": 412, "source_url": "https://www.rp.pl/rss_main", "status_code": 0, "tags": [], "thumbnail": null, "title": "Parkingi na specosiedlach. Zapis, kt\u00f3ry mia\u0142 odblokowa\u0107 inwestycje, wypadnie z ustawy", "vote": 0}, {"age": null, "album": "", "artist": null, "bookmarked": false, "comments": [], "date_published": "2024-10-23T11:21:52.709053+00:00", "description": "Z list\u00f3w poleconych w wersji elektronicznej mo\u017cna ju\u017c korzysta\u0107. Od nowego roku wejdzie tak\u017ce obowi\u0105zek dotycz\u0105cy e-Dor\u0119cze\u0144. Kt\u00f3re podmioty musz\u0105 obowi\u0105zkowo wdro\u017cy\u0107 to rozwi\u0105zanie? Jakie terminy obowi\u0105zuj\u0105?", "id": 1374359, "language": "pl-PL", "link": "https://www.rp.pl/w-sadzie-i-w-urzedzie/art41331131-nowy-obowiazek-od-1-stycznia-2025-kogo-obejmie-kolejny-krok-rewolucji-cyfrowej", "manual_status_code": 0, "page_rating": 29, "page_rating_contents": 90, "page_rating_visits": 0, "page_rating_votes": 0, "permanent": false, "source__id": 412, "source_url": "https://www.rp.pl/rss_main", "status_code": 0, "tags": [], "thumbnail": null, "title": "Nowy obowi\u0105zek od 1 stycznia 2025. Kogo obejmie kolejny krok \"rewolucji cyfrowej\"?", "vote": 0}, {"age": null, "album": "", "artist": null, "bookmarked": false, "comments": [], "date_published": "2024-10-23T11:21:52.087070+00:00", "description": "Polscy projektanci z pracowni Projekt Praga odnie\u015bli kolejny sukces. Zaprojektowany przez nich Bar \u201eTaproom\u201d w Browarze Tenczynek zdoby\u0142 mi\u0119dzynarodow\u0105 nagrod\u0119 \u2013 zwyci\u0119\u017cy\u0142 w konkursie Pulse Awards 2024, nagradzaj\u0105cym najlepsze projekty z Europy \u015arodkowej.", "id": 1374358, "language": "pl-PL", "link": "https://sukces.rp.pl/architektura/art41338131-polska-ma-najpiekniejszy-bar-w-europie-srodkowej-renowacja-zabytkowego-browaru", "manual_status_code": 0, "page_rating": 29, "page_rating_contents": 90, "page_rating_visits": 0, "page_rating_votes": 0, "permanent": false, "source__id": 412, "source_url": "https://www.rp.pl/rss_main", "status_code": 0, "tags": [], "thumbnail": null, "title": "Polska ma najpi\u0119kniejszy bar w Europie \u015arodkowej. Renowacja zabytkowego browaru", "vote": 0}, {"age": null, "album": "", "artist": null, "bookmarked": false, "comments": [], "date_published": "2024-10-23T11:21:51.623616+00:00", "description": "Wo\u0142odymyr Ze\u0142enski przygotowuje kolejny plan wojenny - donosz\u0105 ukrai\u0144skie media. Jak zauwa\u017ca ukrai\u0144ski oddzia\u0142 BBC, nie b\u0119dzie on sprzeczny z g\u0142o\u015bnym Planem Zwyci\u0119stwa, o kt\u00f3rym prezydent Ukrainy informowa\u0142 ostatnio spo\u0142eczno\u015b\u0107 mi\u0119dzynarodow\u0105, ale b\u0119dzie dotyczy\u0142 wewn\u0119trznych spraw kraju.", "id": 1374357, "language": "pl-PL", "link": "https://www.rp.pl/konflikty-zbrojne/art41338331-wolodymyr-zelenski-opracowuje-nowy-plan-nie-bedzie-sprzeczny-z-planem-zwyciestwa", "manual_status_code": 0, "page_rating": 29, "page_rating_contents": 90, "page_rating_visits": 0, "page_rating_votes": 0, "permanent": false, "source__id": 412, "source_url": "https://www.rp.pl/rss_main", "status_code": 0, "tags": [], "thumbnail": null, "title": "Wo\u0142odymyr Ze\u0142enski opracowuje nowy plan. Nie b\u0119dzie sprzeczny z Planem Zwyci\u0119stwa", "vote": 0}, {"age": null, "album": "", "artist": null, "bookmarked": false, "comments": [], "date_published": "2024-10-23T11:21:51.129844+00:00", "description": "Do wybor\u00f3w prezydenckich w Stanach Zjednoczonych zosta\u0142o ju\u017c niewiele czasu. Zaplanowane s\u0105 na wtorek 5 listopada 2024 roku. Wyb\u00f3r g\u0142owy pa\u0144stwa jest w USA bardziej skomplikowany ni\u017c w Polsce. Odbywa si\u0119 w kilku etapach. W wielu stanach g\u0142osowanie ju\u017c si\u0119 rozpocz\u0119\u0142o. Kiedy poznamy ostateczne wyniki?", "id": 1374356, "language": "pl-PL", "link": "https://www.rp.pl/polityka/art41324511-wybory-prezydenckie-w-usa-kiedy-poznamy-wyniki-glosowanie-juz-trwa", "manual_status_code": 0, "page_rating": 29, "page_rating_contents": 90, "page_rating_visits": 0, "page_rating_votes": 0, "permanent": false, "source__id": 412, "source_url": "https://www.rp.pl/rss_main", "status_code": 0, "tags": [], "thumbnail": null, "title": "Wybory prezydenckie w USA: Kiedy poznamy wyniki? G\u0142osowanie ju\u017c trwa", "vote": 0}, {"age": null, "album": "", "artist": null, "bookmarked": false, "comments": [], "date_published": "2024-10-23T10:48:00+00:00", "description": "Rankiem si\u0142y powietrzne Izraela str\u0105ci\u0142y dwie rakiety wystrzelone z Libanu, kt\u00f3re by\u0142y powodem alarmu powietrznego, kt\u00f3ry rozleg\u0142 si\u0119 w Tel Awiwie w czasie, gdy w mie\u015bcie tym przebywa sekretarz stanu USA, Antony Blinken.", "id": 1374364, "language": "pl-PL", "link": "https://www.rp.pl/konflikty-zbrojne/art41337541-izrael-alarm-rakietowy-w-tel-awiwie-w-czasie-wizyty-sekretarza-stanu-usa-wideo", "manual_status_code": 0, "page_rating": 29, "page_rating_contents": 90, "page_rating_visits": 0, "page_rating_votes": 0, "permanent": false, "source__id": 412, "source_url": "https://www.rp.pl/rss_main", "status_code": 0, "tags": [], "thumbnail": null, "title": "Izrael: Alarm rakietowy w Tel Awiwie w czasie wizyty sekretarza stanu USA (WIDEO)", "vote": 0}, {"age": null, "album": "", "artist": null, "bookmarked": false, "comments": [], "date_published": "2024-10-23T10:16:45.370898+00:00", "description": "Piotr Mazurkiewicz, dziennikarz \u201eRzeczpospolitej\u201d i \u201eParkietu\u201d, otrzyma\u0142 nagrod\u0119 w kategorii media og\u00f3lnopolskie podczas V edycji gali \u201eBlix Awards. Wyb\u00f3r Konsument\u00f3w\u201d.", "id": 1373987, "language": "pl-PL", "link": "https://www.rp.pl/media/art41338061-piotr-mazurkiewicz-dziennikarz-rzeczpospolitej-nagrodzony", "manual_status_code": 0, "page_rating": 29, "page_rating_contents": 90, "page_rating_visits": 0, "page_rating_votes": 0, "permanent": false, "source__id": 412, "source_url": "https://www.rp.pl/rss_main", "status_code": 0, "tags": [], "thumbnail": null, "title": "Piotr Mazurkiewicz, dziennikarz \u201eRzeczpospolitej\u201d nagrodzony", "vote": 0}, {"age": null, "album": "", "artist": null, "bookmarked": false, "comments": [], "date_published": "2024-10-23T10:16:45.249247+00:00", "description": "Czy mo\u017cna uzna\u0107 za bezstronnego s\u0119dziego, kt\u00f3ry w okresie re\u017cimu komunistycznego w stanie wojennym orzeka\u0142 w sprawach karnych przeciwko dzia\u0142aczom opozycji demokratycznej - takie pytanie Trybuna\u0142owi Sprawiedliwo\u015bci UE przedstawi\u0142 s\u0119dzia S\u0105du Najwy\u017cszego Kamil Zaradkiewicz.", "id": 1373986, "language": "pl-PL", "link": "https://www.rp.pl/sady-i-trybunaly/art41337911-sedzia-kamil-zaradkiewicz-pyta-tsue-o-bezstronnosc-sedziego-orzekajacego-w-stanie-wojennym", "manual_status_code": 0, "page_rating": 29, "page_rating_contents": 90, "page_rating_visits": 0, "page_rating_votes": 0, "permanent": false, "source__id": 412, "source_url": "https://www.rp.pl/rss_main", "status_code": 0, "tags": [], "thumbnail": null, "title": "S\u0119dzia Kamil Zaradkiewicz pyta TSUE o bezstronno\u015b\u0107 s\u0119dziego orzekaj\u0105cego w stanie wojennym", "vote": 0}, {"age": null, "album": "", "artist": null, "bookmarked": false, "comments": [], "date_published": "2024-10-23T10:16:45.126613+00:00", "description": "Specjalna komisja, badaj\u0105ca mo\u017cliwe naruszenie polskiej przestrzeni powietrznej nad Lubelszczyzn\u0105, sformu\u0142owa\u0142a ko\u0144cowy raport - podaje RMF FM.", "id": 1373985, "language": "pl-PL", "link": "https://www.rp.pl/wojsko/art41337941-czy-doszlo-do-naruszenia-polskiej-przestrzeni-powietrznej-nad-lubelszczyzna-jest-raport-specjalnej-komisji", "manual_status_code": 0, "page_rating": 29, "page_rating_contents": 90, "page_rating_visits": 0, "page_rating_votes": 0, "permanent": false, "source__id": 412, "source_url": "https://www.rp.pl/rss_main", "status_code": 0, "tags": [], "thumbnail": null, "title": "Czy dosz\u0142o do naruszenia polskiej przestrzeni powietrznej nad Lubelszczyzn\u0105? Jest raport specjalnej komisji", "vote": 0}, {"age": null, "album": "", "artist": null, "bookmarked": false, "comments": [], "date_published": "2024-10-23T10:16:44.984586+00:00", "description": "Samo og\u0142oszenie alarmu przeciwpowodziowego na terenie miasta, w kt\u00f3rym siedzib\u0119 ma s\u0105d administracyjny, nie wystarczy, \u017ceby skutecznie domaga\u0107 si\u0119 odroczenia rozprawy.", "id": 1373984, "language": "pl-PL", "link": "https://www.rp.pl/w-sadzie-i-w-urzedzie/art41337671-czy-alarm-przeciwpowodziowy-wystarczy-do-odroczenia-rozprawy-jest-wyrok-wsa", "manual_status_code": 0, "page_rating": 29, "page_rating_contents": 90, "page_rating_visits": 0, "page_rating_votes": 0, "permanent": false, "source__id": 412, "source_url": "https://www.rp.pl/rss_main", "status_code": 0, "tags": [], "thumbnail": null, "title": "Czy alarm przeciwpowodziowy wystarczy do odroczenia rozprawy? Jest wyrok WSA", "vote": 0}, {"age": null, "album": "", "artist": null, "bookmarked": false, "comments": [], "date_published": "2024-10-23T10:16:44.860417+00:00", "description": "Koncern podaje, \u017ce tylko w przypadku transakcji dotycz\u0105cych przej\u0119cia Ruchu i Polska Press wynios\u0142y one dotychczas 275 mln z\u0142. To prawdopodobnie nie koniec strat, bo w grupie ca\u0142y czas trwaj\u0105 analizy i na szerok\u0105 skal\u0119 s\u0105 prowadzone kontrole.", "id": 1373983, "language": "pl-PL", "link": "https://www.rp.pl/biznes/art41338171-ogromne-straty-orlenu-na-dwoch-inwestycjach", "manual_status_code": 0, "page_rating": 29, "page_rating_contents": 90, "page_rating_visits": 0, "page_rating_votes": 0, "permanent": false, "source__id": 412, "source_url": "https://www.rp.pl/rss_main", "status_code": 0, "tags": [], "thumbnail": null, "title": "Ogromne straty Orlenu na dw\u00f3ch inwestycjach", "vote": 0}, {"age": null, "album": "", "artist": null, "bookmarked": false, "comments": [], "date_published": "2024-10-23T09:27:00+00:00", "description": "Waga, z jak\u0105 polski prawodawca podszed\u0142 do problemu wychowania w trze\u017awo\u015bci i przeciwdzia\u0142ania alkoholizmowi, jest widoczna ju\u017c po nawet pobie\u017cnej lekturze ustawy o wychowaniu w trze\u017awo\u015bci i przeciwdzia\u0142aniu alkoholizmowi . Nie jest to zreszt\u0105 jedyny akt prawny, kt\u00f3ry pi\u0119tnuje i penalizuje spo\u017cywanie alkoholu, co \u015bwiadczy \u2013 i s\u0142usznie \u2013 o zamiarze systemowego uj\u0119cia unormowa\u0144 maj\u0105cych na celu minimalizacj\u0119, ograniczenie czy eliminacj\u0119 negatywnych skutk\u00f3w spo\u017cywania alkoholu. Podstawowy problem jest przecie\u017c taki, \u017ce nie ograniczy si\u0119 sankcj\u0105 ch\u0119ci spo\u017cycia alkoholu zw\u0142aszcza przez osoby, kt\u00f3re go nadu\u017cywaj\u0105.", "id": 1373988, "language": "pl-PL", "link": "https://pro.rp.pl/sady-i-prokuratura/art41324941-czy-sankcje-prawne-i-prohibicja-ogranicza-chec-spozycia-alkoholu", "manual_status_code": 0, "page_rating": 29, "page_rating_contents": 90, "page_rating_visits": 0, "page_rating_votes": 0, "permanent": false, "source__id": 412, "source_url": "https://www.rp.pl/rss_main", "status_code": 0, "tags": [], "thumbnail": null, "title": "Czy sankcje prawne i prohibicja ogranicz\u0105 ch\u0119\u0107 spo\u017cycia alkoholu?", "vote": 0}, {"age": null, "album": "", "artist": null, "bookmarked": false, "comments": [], "date_published": "2024-10-23T09:11:03.749189+00:00", "description": "Bie\u017c\u0105cy wska\u017anik ufno\u015bci konsumenckiej (BWUK) wyni\u00f3s\u0142 w pa\u017adzierniku -15,8 pkt, a wyprzedzaj\u0105cy (WWUK) -11,6 pkt - wynika z bada\u0144 przeprowadzonych przez G\u0142\u00f3wny Urz\u0105d Statystyczny (GUS). W obu przypadkach to w zasadzie najni\u017csze odczyty w tym roku.", "id": 1373665, "language": "pl-PL", "link": "https://www.rp.pl/dane-gospodarcze/art41337561-pogorszyly-sie-nastroje-polskich-konsumentow-nowe-dane-gus", "manual_status_code": 0, "page_rating": 29, "page_rating_contents": 90, "page_rating_visits": 0, "page_rating_votes": 0, "permanent": false, "source__id": 412, "source_url": "https://www.rp.pl/rss_main", "status_code": 0, "tags": [], "thumbnail": null, "title": "Pogorszy\u0142y si\u0119 nastroje polskich konsument\u00f3w. Nowe dane GUS", "vote": 0}, {"age": null, "album": "", "artist": null, "bookmarked": false, "comments": [], "date_published": "2024-10-23T09:11:03.626723+00:00", "description": "Ju\u017c po raz jedenasty w Warszawie odb\u0119dzie si\u0119 Mi\u0119dzynarodowy Festiwal Ignacego Jana Paderewskiego \u2013 najwa\u017cniejsze cykliczne wydarzenie w Polsce po\u015bwi\u0119cone \u015bwiatowej s\u0142awy wirtuozowi fortepianu, wybitnemu kompozytorowi, m\u0119\u017cowi stanu, politykowi, dyplomacie oraz jednemu z ojc\u00f3w polskiej niepodleg\u0142o\u015bci. Festiwal ma na celu popularyzacj\u0119 tw\u00f3rczo\u015bci Ignacego Jana Paderewskiego, zapewniaj\u0105c, by jego dorobek artystyczny zajmowa\u0142 nale\u017cne mu miejsce w kanonach muzyki klasycznej, a jednocze\u015bnie piel\u0119gnacj\u0119 pami\u0119ci o jego wiekopomnych dokonaniach na rzecz polskiej niepodleg\u0142o\u015bci.", "id": 1373664, "language": "pl-PL", "link": "https://www.rp.pl/muzyka-klasyczna/art41337721-xi-miedzynarodowy-festiwal-ignacego-jana-paderewskiego-w-warszawie", "manual_status_code": 0, "page_rating": 29, "page_rating_contents": 90, "page_rating_visits": 0, "page_rating_votes": 0, "permanent": false, "source__id": 412, "source_url": "https://www.rp.pl/rss_main", "status_code": 0, "tags": [], "thumbnail": null, "title": "XI Mi\u0119dzynarodowy Festiwal Ignacego Jana Paderewskiego w Warszawie", "vote": 0}, {"age": null, "album": "", "artist": null, "bookmarked": false, "comments": [], "date_published": "2024-10-23T09:11:03.496883+00:00", "description": "Nadzwyczajne zgromadzenie wsp\u00f3lnik\u00f3w Telewizji Polsat ma dzi\u015b zmieni\u0107 sk\u0142ad w\u0142adz sp\u00f3\u0142ki. To kolejna ods\u0142ona sporu mi\u0119dzy za\u0142o\u017cycielem stacji, a jego dzie\u0107mi. Wiemy, co si\u0119 mo\u017ce zdarzy\u0107.", "id": 1373663, "language": "pl-PL", "link": "https://www.rp.pl/biznes/art41337481-spor-w-rodzinie-zygmunta-solorza-miliarder-ogranicza-prawa-syna-w-polsacie", "manual_status_code": 0, "page_rating": 29, "page_rating_contents": 90, "page_rating_visits": 0, "page_rating_votes": 0, "permanent": false, "source__id": 412, "source_url": "https://www.rp.pl/rss_main", "status_code": 0, "tags": [], "thumbnail": null, "title": "Sp\u00f3r w rodzinie Zygmunta Solorza. Miliarder ogranicza prawa syna w Polsacie", "vote": 0}, {"age": null, "album": "", "artist": null, "bookmarked": false, "comments": [], "date_published": "2024-10-23T09:11:03.371539+00:00", "description": "Rankiem si\u0142y powietrzne Izraela str\u0105ci\u0142y dwie rakiety wystrzelone z Libanu, kt\u00f3re by\u0142y powodem alarmu powietrznego, kt\u00f3ry rozleg\u0142 si\u0119 w Tel Awiwie w czasie, gdy w mie\u015bcie tym przebywa sekretarz stanu USA, Antony Blinken.", "id": 1373662, "language": "pl-PL", "link": "https://www.rp.pl/konflikty-zbrojne/art41337541-izrael-alarm-rakietowy-w-tel-awiwie-w-czasie-wizyty-sekretarza-stanu-usa", "manual_status_code": 0, "page_rating": 29, "page_rating_contents": 90, "page_rating_visits": 0, "page_rating_votes": 0, "permanent": false, "source__id": 412, "source_url": "https://www.rp.pl/rss_main", "status_code": 0, "tags": [], "thumbnail": null, "title": "Izrael: Alarm rakietowy w Tel Awiwie w czasie wizyty sekretarza stanu USA", "vote": 0}, {"age": null, "album": "", "artist": null, "bookmarked": false, "comments": [], "date_published": "2024-10-23T09:11:03.218272+00:00", "description": "Krajowa waluta dalej traci na warto\u015bci. USD, po nadszarpni\u0119ciu we wtorek pu\u0142apu 4 z\u0142, w \u015brod\u0119 ju\u017c jest grubo powy\u017cej tego poziomu.", "id": 1373661, "language": "pl-PL", "link": "https://www.rp.pl/waluty/art41337871-zloty-traci-grunt-dolar-rozgaszcza-sie-ponad-4-zl", "manual_status_code": 0, "page_rating": 29, "page_rating_contents": 90, "page_rating_visits": 0, "page_rating_votes": 0, "permanent": false, "source__id": 412, "source_url": "https://www.rp.pl/rss_main", "status_code": 0, "tags": [], "thumbnail": null, "title": "Z\u0142oty traci grunt. Dolar rozgaszcza si\u0119 ponad 4 z\u0142", "vote": 0}, {"age": null, "album": "", "artist": null, "bookmarked": false, "comments": [], "date_published": "2024-10-23T09:11:03.084377+00:00", "description": "Donald Tusk powt\u00f3rzy\u0142 deklaracj\u0119, kt\u00f3r\u0105 z\u0142o\u017cy\u0142 ju\u017c w wywiadzie z \u201eGazet\u0105 Wyborcz\u0105\u201d, \u017ce KO og\u0142osi swojego kandydata na prezydenta 7 grudnia.", "id": 1373660, "language": "pl-PL", "link": "https://www.rp.pl/polityka/art41337881-donald-tusk-o-kandydacie-ko-na-prezydenta-jedno-nazwisko-wykluczyl", "manual_status_code": 0, "page_rating": 29, "page_rating_contents": 90, "page_rating_visits": 0, "page_rating_votes": 0, "permanent": false, "source__id": 412, "source_url": "https://www.rp.pl/rss_main", "status_code": 0, "tags": [], "thumbnail": null, "title": "Donald Tusk o kandydacie KO na prezydenta. Jedno nazwisko wykluczy\u0142", "vote": 0}, {"age": null, "album": "", "artist": null, "bookmarked": false, "comments": [], "date_published": "2024-10-23T09:11:02.955359+00:00", "description": "Wzrost poparcia dla Konfederacji trzeba ocenia\u0107 w kontek\u015bcie poparcia dla Trzeciej Drogi. Por\u00f3wnanie obu elektorat\u00f3w sugeruje, \u017ce mamy do czynienia z przep\u0142ywem wyborc\u00f3w wobec r\u00f3\u017cnych nieoczywisto\u015bci Trzeciej Drogi, mi\u0119dzy innymi zwi\u0105zanych z poparciem dla zmiany prawa aborcyjnego, dla zwi\u0105zk\u00f3w partnerskich - uwa\u017ca prof. Ewa Marciniak, politolo\u017cka z Uniwersytetu Warszawskiego. Komentowa\u0142a w ten spos\u00f3b wyniki ostatnich sonda\u017cy. Prof. Marciniak oceni\u0142a \u017ce te w\u0142a\u015bnie kwestie mog\u0105 zawa\u017cy\u0107 na przysz\u0142o\u015bci koalicji rz\u0105dz\u0105cej.", "id": 1373659, "language": "pl-PL", "link": "https://www.rp.pl/polityka/art41337291-o-co-chodzi-politykom-psl-w-sprawie-zwiazkow-partnerskich-prof-ewa-marciniak-chca-byc-w-kontrze", "manual_status_code": 0, "page_rating": 29, "page_rating_contents": 90, "page_rating_visits": 0, "page_rating_votes": 0, "permanent": false, "source__id": 412, "source_url": "https://www.rp.pl/rss_main", "status_code": 0, "tags": [], "thumbnail": null, "title": "O co chodzi politykom PSL w sprawie zwi\u0105zk\u00f3w partnerskich? Prof. Ewa Marciniak: chc\u0105 by\u0107 w kontrze", "vote": 0}, {"age": null, "album": "", "artist": null, "bookmarked": false, "comments": [], "date_published": "2024-10-23T08:06:11.770261+00:00", "description": "Trybuna\u0142 Sprawiedliwo\u015bci Unii Europejskiej uzna\u0142, \u017ce prawo unijne nie gwarantuje wykonawcom z pa\u0144stw spoza Unii Europejskiej lub pa\u0144stw, z kt\u00f3rymi UE nie zawar\u0142a stosownych um\u00f3w, dost\u0119pu do rynku zam\u00f3wie\u0144 publicznych.", "id": 1373418, "language": "pl-PL", "link": "https://pro.rp.pl/abc-firmy/art41337251-istotna-zmiana-na-rynku-zamowien-publicznych-chodzi-o-wykonawcow-spoza-unii-europejskiej", "manual_status_code": 0, "page_rating": 29, "page_rating_contents": 90, "page_rating_visits": 0, "page_rating_votes": 0, "permanent": false, "source__id": 412, "source_url": "https://www.rp.pl/rss_main", "status_code": 0, "tags": [], "thumbnail": null, "title": "Istotna zmiana na rynku zam\u00f3wie\u0144 publicznych. Chodzi o wykonawc\u00f3w spoza Unii Europejskiej", "vote": 0}, {"age": null, "album": "", "artist": null, "bookmarked": false, "comments": [], "date_published": "2024-10-23T08:06:11.679557+00:00", "description": "Przy rekordowo niskim wska\u017aniku urodze\u0144 oraz s\u0142abn\u0105cym zainteresowaniu zwi\u0105zkami ma\u0142\u017ce\u0144skimi, mieszka\u0144cy Korei Po\u0142udniowej odnajduj\u0105 rado\u015b\u0107 w opiece nad zwierz\u0119tami. Czym to uzasadniaj\u0105?", "id": 1373417, "language": "pl-PL", "link": "https://kobieta.rp.pl/styl-zycia/art41336231-korea-poludniowa-bezdzietni-inwestuja-w-opieke-nad-zwierzetami", "manual_status_code": 0, "page_rating": 29, "page_rating_contents": 90, "page_rating_visits": 0, "page_rating_votes": 0, "permanent": false, "source__id": 412, "source_url": "https://www.rp.pl/rss_main", "status_code": 0, "tags": [], "thumbnail": null, "title": "Korea Po\u0142udniowa: bezdzietni inwestuj\u0105 w opiek\u0119 nad zwierz\u0119tami", "vote": 0}, {"age": null, "album": "", "artist": null, "bookmarked": false, "comments": [], "date_published": "2024-10-23T08:06:11.591021+00:00", "description": "Waga, z jak\u0105 polski prawodawca podszed\u0142 do problemu wychowania w trze\u017awo\u015bci i przeciwdzia\u0142ania alkoholizmowi, jest widoczna ju\u017c po nawet pobie\u017cnej lekturze ustawy o wychowaniu w trze\u017awo\u015bci i przeciwdzia\u0142aniu alkoholizmowi . Nie jest to zreszt\u0105 jedyny akt prawny, kt\u00f3ry pi\u0119tnuje i penalizuje spo\u017cywanie alkoholu, co \u015bwiadczy \u2013 i s\u0142usznie \u2013 o zamiarze systemowego uj\u0119cia unormowa\u0144 maj\u0105cych na celu minimalizacj\u0119, ograniczenie czy eliminacj\u0119 negatywnych skutk\u00f3w spo\u017cywania alkoholu. Podstawowy problem jest przecie\u017c taki, \u017ce nie ograniczy si\u0119 sankcj\u0105 ch\u0119ci spo\u017cycia alkoholu zw\u0142aszcza przez osoby, kt\u00f3re go nadu\u017cywaj\u0105.", "id": 1373416, "language": "pl-PL", "link": "https://pro.rp.pl/sady-i-prokuratura/art41324941-wychowanie-w-trzezwosci-i-przeciwdzialanie-alkoholizmowi", "manual_status_code": 0, "page_rating": 29, "page_rating_contents": 90, "page_rating_visits": 0, "page_rating_votes": 0, "permanent": false, "source__id": 412, "source_url": "https://www.rp.pl/rss_main", "status_code": 0, "tags": [], "thumbnail": null, "title": "Wychowanie w trze\u017awo\u015bci i\u00a0przeciwdzia\u0142anie alkoholizmowi", "vote": 0}, {"age": null, "album": "", "artist": null, "bookmarked": false, "comments": [], "date_published": "2024-10-23T08:06:11.477941+00:00", "description": "W nowym sonda\u017cu prezydenckim sprawdzono, jak w I turze wybor\u00f3w wypadliby Rafa\u0142 Trzaskowski i Rados\u0142aw Sikorski jako kandydaci KO na prezydenta. Z badania United Surveys dla Wirtualnej Polski wynika, \u017ce w tym korespondencyjnym pojedynku znacznie lepiej wypada Trzaskowski.", "id": 1373415, "language": "pl-PL", "link": "https://www.rp.pl/polityka/art41337331-nowy-sondaz-prezydencki-jak-wypada-radoslaw-sikorski-w-porownaniu-z-rafalem-trzaskowskim", "manual_status_code": 0, "page_rating": 29, "page_rating_contents": 90, "page_rating_visits": 0, "page_rating_votes": 0, "permanent": false, "source__id": 412, "source_url": "https://www.rp.pl/rss_main", "status_code": 0, "tags": [], "thumbnail": null, "title": "Nowy sonda\u017c prezydencki: Jak wypada Rados\u0142aw Sikorski w por\u00f3wnaniu z Rafa\u0142em Trzaskowskim?", "vote": 0}, {"age": null, "album": "", "artist": null, "bookmarked": false, "comments": [], "date_published": "2024-10-23T08:06:11.344683+00:00", "description": "Rzecznik praw dziecka Monika Horna-Cie\u015blak zwr\u00f3ci\u0142a z apelem do producenta o natychmiastowe wycofanie smakowych lod\u00f3w alkoholowych.", "id": 1373414, "language": "pl-PL", "link": "https://www.rp.pl/zdrowie/art41337411-byly-alkotubki-teraz-pojawily-sie-alkolody-rzecznik-praw-dziecka-apeluje", "manual_status_code": 0, "page_rating": 29, "page_rating_contents": 90, "page_rating_visits": 0, "page_rating_votes": 0, "permanent": false, "source__id": 412, "source_url": "https://www.rp.pl/rss_main", "status_code": 0, "tags": [], "thumbnail": null, "title": "By\u0142y alkotubki, teraz pojawi\u0142y si\u0119 alkolody. Rzecznik praw dziecka apeluje", "vote": 0}, {"age": null, "album": "", "artist": null, "bookmarked": false, "comments": [], "date_published": "2024-10-23T08:06:11.233620+00:00", "description": "- My\u015bl\u0119, \u017ce jest to krok, kt\u00f3ry utrudnia funkcjonowanie administracji Federacji Rosyjskiej na terytorium UE - tak towarzysz\u0105cy prezydentowi Andrzejowi Dudzie w czasie jego wizyty w Korei Po\u0142udniowej szef BBN Jacek Siewiera skomentowa\u0142 decyzj\u0119 o zamkni\u0119ciu konsulatu Rosji w Poznaniu.", "id": 1373413, "language": "pl-PL", "link": "https://www.rp.pl/dyplomacja/art41337441-zamkniecie-konsulatu-rosji-w-poznaniu-jest-komentarz-palacu-prezydenckiego", "manual_status_code": 0, "page_rating": 29, "page_rating_contents": 90, "page_rating_visits": 0, "page_rating_votes": 0, "permanent": false, "source__id": 412, "source_url": "https://www.rp.pl/rss_main", "status_code": 0, "tags": [], "thumbnail": null, "title": "Zamkni\u0119cie konsulatu Rosji w Poznaniu. Jest komentarz Pa\u0142acu Prezydenckiego", "vote": 0}, {"age": null, "album": "", "artist": null, "bookmarked": false, "comments": [], "date_published": "2024-10-23T08:06:11.099944+00:00", "description": "Akcje Tokyo Metro, operatora cz\u0119\u015bci sieci metra tokijskiego, zyska\u0142y po debiucie na gie\u0142dzie a\u017c 45 procent.", "id": 1373412, "language": "pl-PL", "link": "https://www.rp.pl/gielda/art41337321-udany-debiut-tokyo-metro-najwieksze-ipo-w-japonii-od-szesciu-lat", "manual_status_code": 0, "page_rating": 29, "page_rating_contents": 90, "page_rating_visits": 0, "page_rating_votes": 0, "permanent": false, "source__id": 412, "source_url": "https://www.rp.pl/rss_main", "status_code": 0, "tags": [], "thumbnail": null, "title": "Udany debiut Tokyo Metro. Najwi\u0119ksze IPO w Japonii od sze\u015bciu lat", "vote": 0}, {"age": null, "album": "", "artist": null, "bookmarked": false, "comments": [], "date_published": "2024-10-23T07:02:50.836975+00:00", "description": "Polscy przewo\u017anicy drogowi b\u0119d\u0105 mogli korzysta\u0107 tak\u017ce z pojazd\u00f3w wynajmowanych i zarejestrowanych w innym pa\u0144stwie UE.", "id": 1373199, "language": "pl-PL", "link": "https://pro.rp.pl/abc-firmy/art41337161-beda-ulatwienia-dla-firm-transportowych-rzad-przyjal-projekt-nowych-przepisow", "manual_status_code": 0, "page_rating": 29, "page_rating_contents": 90, "page_rating_visits": 0, "page_rating_votes": 0, "permanent": false, "source__id": 412, "source_url": "https://www.rp.pl/rss_main", "status_code": 0, "tags": [], "thumbnail": null, "title": "B\u0119d\u0105 u\u0142atwienia dla firm transportowych. Rz\u0105d przyj\u0105\u0142 projekt nowych przepis\u00f3w", "vote": 0}, {"age": null, "album": "", "artist": null, "bookmarked": false, "comments": [], "date_published": "2024-10-23T07:02:50.462252+00:00", "description": "15 pa\u017adziernika 2024 r. Ministerstwo Cyfryzacji wprowadzi\u0142o nowe przepisy, kt\u00f3re zobowi\u0105zuj\u0105 producent\u00f3w do stosowania jednego rodzaju gniazda \u0142adowania \u2013 USB typu C.", "id": 1373198, "language": "pl-PL", "link": "https://www.rp.pl/konsumenci/art41337201-jedna-ladowarka-zamiast-kilku-od-tego-dnia-gniazdo-usb-typu-c-bedzie-obowiazkowe-w-polsce", "manual_status_code": 0, "page_rating": 29, "page_rating_contents": 90, "page_rating_visits": 0, "page_rating_votes": 0, "permanent": false, "source__id": 412, "source_url": "https://www.rp.pl/rss_main", "status_code": 0, "tags": [], "thumbnail": null, "title": "Jedna \u0142adowarka zamiast kilku. Od tego dnia gniazdo USB typu C b\u0119dzie obowi\u0105zkowe w Polsce", "vote": 0}, {"age": null, "album": "", "artist": null, "bookmarked": false, "comments": [], "date_published": "2024-10-23T07:02:50.084819+00:00", "description": "Anne Hathaway przeprasza za swoje zachowanie podczas wywiadu 12 lat temu. Czy w obawie o straty wizerunkowe, jakich do\u015bwiadczy\u0142a Blake Lively, nadszed\u0142 czas na naprawianie dawnych b\u0142\u0119d\u00f3w? Komentarz medioznawczyni.", "id": 1373197, "language": "pl-PL", "link": "https://kobieta.rp.pl/styl-zycia/art41330051-anne-hathaway-czy-blake-lively-czyja-strategia-lepiej-sie-sprawdza-w-kryzysie-wizerunkowym", "manual_status_code": 0, "page_rating": 29, "page_rating_contents": 90, "page_rating_visits": 0, "page_rating_votes": 0, "permanent": false, "source__id": 412, "source_url": "https://www.rp.pl/rss_main", "status_code": 0, "tags": [], "thumbnail": null, "title": "Anne Hathaway czy Blake Lively: czyja strategia lepiej si\u0119 sprawdza w kryzysie wizerunkowym?", "vote": 0}, {"age": null, "album": "", "artist": null, "bookmarked": false, "comments": [], "date_published": "2024-10-23T05:56:15.233131+00:00", "description": "Precedensowy wyrok mo\u017ce w praktyce oznacza\u0107 wykluczenie z przetarg\u00f3w firm np. z Turcji czy Chin.", "id": 1372984, "language": "pl-PL", "link": "https://pro.rp.pl/abc-firmy/art41335821-unijne-zamowienia-publiczne-nie-dla-chin-i-turcji-zapadl-precedensowy-wyrok-tsue", "manual_status_code": 0, "page_rating": 29, "page_rating_contents": 90, "page_rating_visits": 0, "page_rating_votes": 0, "permanent": false, "source__id": 412, "source_url": "https://www.rp.pl/rss_main", "status_code": 0, "tags": [], "thumbnail": null, "title": "Unijne zam\u00f3wienia publiczne nie dla Chin i Turcji. Zapad\u0142 precedensowy wyrok TSUE", "vote": 0}, {"age": null, "album": "", "artist": null, "bookmarked": false, "comments": [], "date_published": "2024-10-23T05:56:15.144024+00:00", "description": "Ma\u0142y popyt na przewozy i g\u0119stniej\u0105ca konkurencja utrudni\u0105 restrukturyzacj\u0119 PKP Cargo, kt\u00f3ra musi zwi\u0119kszy\u0107 efektywno\u015b\u0107 dzia\u0142ania.", "id": 1372983, "language": "pl-PL", "link": "https://logistyka.rp.pl/szynowy/art41337001-przed-pkp-cargo-najtrudniejszy-egzamin", "manual_status_code": 0, "page_rating": 29, "page_rating_contents": 90, "page_rating_visits": 0, "page_rating_votes": 0, "permanent": false, "source__id": 412, "source_url": "https://www.rp.pl/rss_main", "status_code": 0, "tags": [], "thumbnail": null, "title": "Przed PKP Cargo najtrudniejszy egzamin", "vote": 0}, {"age": null, "album": "", "artist": null, "bookmarked": false, "comments": [], "date_published": "2024-10-23T05:56:15.033936+00:00", "description": "- Minister Rados\u0142aw Sikorski powinien przedstawi\u0107 szczeg\u00f3\u0142owe informacje w tym zakresie. Takim dobrym gremium jest komisja s\u0142u\u017cb specjalnych - m\u00f3wi\u0142 w rozmowie z RMF FM wiceprezes PiS, Micha\u0142 W\u00f3jcik, pytany o og\u0142oszon\u0105 we wtorek decyzj\u0119 o zamkni\u0119ciu konsulatu generalnego Federacji Rosyjskiej w Poznaniu.", "id": 1372982, "language": "pl-PL", "link": "https://www.rp.pl/polityka/art41336981-zamkniecie-konsulatu-rosji-w-poznaniu-wiceprezes-pis-nie-wiemy-czy-premier-wiedzial", "manual_status_code": 0, "page_rating": 29, "page_rating_contents": 90, "page_rating_visits": 0, "page_rating_votes": 0, "permanent": false, "source__id": 412, "source_url": "https://www.rp.pl/rss_main", "status_code": 0, "tags": [], "thumbnail": null, "title": "Zamkni\u0119cie konsulatu Rosji w Poznaniu. Wiceprezes PiS: Nie wiemy czy premier wiedzia\u0142", "vote": 0}, {"age": null, "album": "", "artist": null, "bookmarked": false, "comments": [], "date_published": "2024-10-23T05:56:14.924574+00:00", "description": "Jest \u015broda, 23 pa\u017adziernika. W dzisiejszym odcinku \u201eTw\u00f3j Biznes\u201d Bart\u0142omiej Kawa\u0142ek przedstawia najnowsze wydarzenia gospodarcze.", "id": 1372981, "language": "pl-PL", "link": "https://www.rp.pl/biznes/art41336961-podcast-twoj-biznes-obligacje-dlugoterminowe-na-fali-czy-to-czas-na-inwestycje", "manual_status_code": 0, "page_rating": 29, "page_rating_contents": 90, "page_rating_visits": 0, "page_rating_votes": 0, "permanent": false, "source__id": 412, "source_url": "https://www.rp.pl/rss_main", "status_code": 0, "tags": [], "thumbnail": null, "title": "Podcast \u201eTw\u00f3j Biznes\u201d: Obligacje d\u0142ugoterminowe na fali: Czy to czas na inwestycje?", "vote": 0}, {"age": null, "album": "", "artist": null, "bookmarked": false, "comments": [], "date_published": "2024-10-23T05:56:14.789661+00:00", "description": "Spraw\u0119 ucieczki Bart\u0142omieja B., podejrzanego o podw\u00f3jne zab\u00f3jstwo, ze szpitala w Radecznicy badaj\u0105 prokuratorzy z Zamo\u015bcia. M\u0119\u017cczyzna by\u0142 tam pod nadzorem funkcjonariuszy S\u0142u\u017cby Wi\u0119ziennej. Jak wi\u0119c m\u00f3g\u0142 uciec? Radio RMF FM podaje, powo\u0142uj\u0105c si\u0119 na nieoficjalne informacje ze \u015bledztwa, \u017ce funkcjonariusze po prostu spali.", "id": 1372980, "language": "pl-PL", "link": "https://www.rp.pl/przestepczosc/art41336991-bartlomiej-b-uciekl-funkcjonariusze-spali-nieoficjalne-ustalenia-ze-sledztwa", "manual_status_code": 0, "page_rating": 29, "page_rating_contents": 90, "page_rating_visits": 0, "page_rating_votes": 0, "permanent": false, "source__id": 412, "source_url": "https://www.rp.pl/rss_main", "status_code": 0, "tags": [], "thumbnail": null, "title": "Bart\u0142omiej B. uciek\u0142, funkcjonariusze spali. Nieoficjalne ustalenia ze \u015bledztwa", "vote": 0}, {"age": null, "album": "", "artist": null, "bookmarked": false, "comments": [], "date_published": "2024-10-23T04:51:14.066652+00:00", "description": "Oszu\u015bci ci\u0105gle znajduj\u0105 nowe sposoby na to, by wykra\u015b\u0107 dane \u2013 cz\u0119sto ich celem s\u0105 has\u0142a, dane osobowe czy numery PESEL. Jakich metod u\u017cywaj\u0105 i na co warto uwa\u017ca\u0107?", "id": 1372774, "language": "pl-PL", "link": "https://www.rp.pl/dane-osobowe/art41309271-wyludzenia-danych-to-juz-plaga-jak-oszusci-kradna-hasla-i-pesel", "manual_status_code": 0, "page_rating": 29, "page_rating_contents": 90, "page_rating_visits": 0, "page_rating_votes": 0, "permanent": false, "source__id": 412, "source_url": "https://www.rp.pl/rss_main", "status_code": 0, "tags": [], "thumbnail": null, "title": "Wy\u0142udzenia danych to ju\u017c plaga. Jak oszu\u015bci kradn\u0105 has\u0142a i PESEL?", "vote": 0}, {"age": null, "album": "", "artist": null, "bookmarked": false, "comments": [], "date_published": "2024-10-23T04:51:13.828451+00:00", "description": "Po McLarenach F1 i P1 przysz\u0142a pora na model W1. Ma 1275 KM, potrafi pokona\u0107 pewien dystans korzystaj\u0105c wy\u0142\u0105cznie z silnika elektrycznego, osi\u0105ga 350 km/h i wyj\u0105tkowo ma\u0142o wa\u017cy.", "id": 1372773, "language": "pl-PL", "link": "https://moto.rp.pl/premiery/art41331811-mclaren-w1-nowy-hipersamochod-bez-biegu-wstecznego-ale-z-niska-masa-wlasna", "manual_status_code": 0, "page_rating": 29, "page_rating_contents": 90, "page_rating_visits": 0, "page_rating_votes": 0, "permanent": false, "source__id": 412, "source_url": "https://www.rp.pl/rss_main", "status_code": 0, "tags": [], "thumbnail": null, "title": "McLaren W1: Nowy hipersamoch\u00f3d. Bez biegu wstecznego, ale z nisk\u0105 mas\u0105 w\u0142asn\u0105", "vote": 0}, {"age": null, "album": "", "artist": null, "bookmarked": false, "comments": [], "date_published": "2024-10-23T04:51:13.569214+00:00", "description": "Polska poprawi\u0142a o trzy miejsca swoj\u0105 pozycj\u0119 w rankingu praworz\u0105dno\u015bci World Justice Project. Nasz kraj wci\u0105\u017c jednak zajmuje odleg\u0142e 33. miejsce w\u015br\u00f3d 142 klasyfikowanych.", "id": 1372772, "language": "pl-PL", "link": "https://www.rp.pl/prawo-w-polsce/art41334881-polska-awansuje-w-swiatowym-rankingu-praworzadnosci", "manual_status_code": 0, "page_rating": 29, "page_rating_contents": 90, "page_rating_visits": 0, "page_rating_votes": 0, "permanent": false, "source__id": 412, "source_url": "https://www.rp.pl/rss_main", "status_code": 0, "tags": [], "thumbnail": null, "title": "Polska awansuje w \u015bwiatowym rankingu praworz\u0105dno\u015bci", "vote": 0}, {"age": null, "album": "", "artist": null, "bookmarked": false, "comments": [], "date_published": "2024-10-23T04:51:13.310785+00:00", "description": "Premier Donald Tusk otwiera nowy ranking zaufania opracowany na podstawie sonda\u017cu IBRiS dla Onetu. Jednocze\u015bnie wi\u0119cej respondent\u00f3w deklaruje wobec Tuska nieufno\u015b\u0107 ni\u017c zaufanie do niego.", "id": 1372771, "language": "pl-PL", "link": "https://www.rp.pl/polityka/art41336881-sondaz-polacy-ufaja-i-nie-ufaja-donaldowi-tuskowi-jednoczesnie", "manual_status_code": 0, "page_rating": 29, "page_rating_contents": 90, "page_rating_visits": 0, "page_rating_votes": 0, "permanent": false, "source__id": 412, "source_url": "https://www.rp.pl/rss_main", "status_code": 0, "tags": [], "thumbnail": null, "title": "Sonda\u017c: Polacy ufaj\u0105 i nie ufaj\u0105 Donaldowi Tuskowi jednocze\u015bnie", "vote": 0}, {"age": null, "album": "", "artist": null, "bookmarked": false, "comments": [], "date_published": "2024-10-23T04:51:13.086726+00:00", "description": "Wed\u0142ug danych Samaru po polskich drogach porusza si\u0119 ponad 70 tysi\u0119cy samochod\u00f3w ca\u0142kowicie elektrycznych. Mimo rosn\u0105cej liczby elektryk\u00f3w Polacy nadal wierz\u0105 w mity dotycz\u0105ce elektromobilno\u015bci.", "id": 1372770, "language": "pl-PL", "link": "https://moto.rp.pl/na-prad/art41336851-sprawdzono-wiedze-polakow-o-autach-elektrycznych-okazuje-sie-ze-wierzymy-w-mity", "manual_status_code": 0, "page_rating": 29, "page_rating_contents": 90, "page_rating_visits": 0, "page_rating_votes": 0, "permanent": false, "source__id": 412, "source_url": "https://www.rp.pl/rss_main", "status_code": 0, "tags": [], "thumbnail": null, "title": "Sprawdzono wiedz\u0119 Polak\u00f3w o autach elektrycznych. Okazuje si\u0119, \u017ce wierzymy w mity", "vote": 0}, {"age": null, "album": "", "artist": null, "bookmarked": false, "comments": [], "date_published": "2024-10-23T04:51:12.537415+00:00", "description": "Pracownicy z niepe\u0142nosprawno\u015bci\u0105 ze wzgl\u0119du na stan zdrowia mog\u0105 liczy\u0107 na szereg przywilej\u00f3w zwi\u0105zanych z wykonywaniem pracy zawodowej. Przedsi\u0119biorca, kt\u00f3ry chce zatrudni\u0107 takie osoby, ma jednak obowi\u0105zek zapewnienia im odpowiednich warunk\u00f3w.", "id": 1372768, "language": "pl-PL", "link": "https://www.rp.pl/niepelnosprawni/art41327241-pracownik-z-niepelnosprawnoscia-jakie-ma-przywileje-na-co-moze-liczyc-pracodawca", "manual_status_code": 0, "page_rating": 29, "page_rating_contents": 90, "page_rating_visits": 0, "page_rating_votes": 0, "permanent": false, "source__id": 412, "source_url": "https://www.rp.pl/rss_main", "status_code": 0, "tags": [], "thumbnail": null, "title": "Pracownik z niepe\u0142nosprawno\u015bci\u0105: Jakie ma przywileje? Na co mo\u017ce liczy\u0107 pracodawca?", "vote": 0}, {"age": null, "album": "", "artist": null, "bookmarked": false, "comments": [], "date_published": "2024-10-23T04:51:12.185103+00:00", "description": "W zwi\u0105zku ze zmian\u0105 czasu z letniego na zimowy przestawiamy zegarki o godzin\u0119 do tytu\u0142u. W efekcie osoby wykonuj\u0105ce prac\u0119 w porze nocnej pracuj\u0105 o godzin\u0119 d\u0142u\u017cej. Czy nale\u017c\u0105 im si\u0119 za to specjalne dodatki do wynagrodzenia?", "id": 1372767, "language": "pl-PL", "link": "https://www.rp.pl/praca-emerytury-i-renty/art41324071-zmiana-czasu-na-zimowy-w-pracy-komu-nalezy-sie-specjalny-dodatek-do-pensji", "manual_status_code": 0, "page_rating": 29, "page_rating_contents": 90, "page_rating_visits": 0, "page_rating_votes": 0, "permanent": false, "source__id": 412, "source_url": "https://www.rp.pl/rss_main", "status_code": 0, "tags": [], "thumbnail": null, "title": "Zmiana czasu na zimowy w pracy. Komu nale\u017cy si\u0119 specjalny dodatek do pensji?", "vote": 0}, {"age": null, "album": "", "artist": null, "bookmarked": false, "comments": [], "date_published": "2024-10-23T04:51:11.933578+00:00", "description": "Zwi\u0119kszy si\u0119 ilo\u015b\u0107 odcink\u00f3w p\u0142atnych dr\u00f3g i to a\u017c o oko\u0142o 1600 kilometr\u00f3w. Tak zak\u0142ada przyj\u0119te przez rz\u0105d rozporz\u0105dzenie. Nowe przepisy dotycz\u0105 wy\u0142\u0105cznie ci\u0119\u017car\u00f3wek i autobus\u00f3w, czyli samochody o dopuszczalnej masie ca\u0142kowitej powy\u017cej 3,5 tony.", "id": 1372766, "language": "pl-PL", "link": "https://moto.rp.pl/za-ile-jezdzic/art41336931-od-listopada-bedzie-wiecej-odcinkow-platnych-drog-resort-zmiany-byly-konieczne", "manual_status_code": 0, "page_rating": 29, "page_rating_contents": 90, "page_rating_visits": 0, "page_rating_votes": 0, "permanent": false, "source__id": 412, "source_url": "https://www.rp.pl/rss_main", "status_code": 0, "tags": [], "thumbnail": null, "title": "Od listopada b\u0119dzie wi\u0119cej odcink\u00f3w p\u0142atnych dr\u00f3g. Resort: \"zmiany by\u0142y konieczne\"", "vote": 0}, {"age": null, "album": "", "artist": null, "bookmarked": false, "comments": [], "date_published": "2024-10-23T03:45:58.879878+00:00", "description": "\u201eOpinie prawne\u201d, jakimi podpar\u0142a si\u0119 prokuratura, zatrzymuj\u0105c Marcina Romanowskiego, nie mia\u0142y takiego waloru, bo nikt ich nie podpisa\u0142. S\u0105d to wychwyci\u0142 i skrytykowa\u0142.", "id": 1372615, "language": "pl-PL", "link": "https://www.rp.pl/polityka/art41333451-zatrzymanie-posla-romanowskiego-ekspertyzy-bez-podpisow", "manual_status_code": 0, "page_rating": 29, "page_rating_contents": 90, "page_rating_visits": 0, "page_rating_votes": 0, "permanent": false, "source__id": 412, "source_url": "https://www.rp.pl/rss_main", "status_code": 0, "tags": [], "thumbnail": null, "title": "Zatrzymanie pos\u0142a Romanowskiego. Ekspertyzy bez podpis\u00f3w", "vote": 0}, {"age": null, "album": "", "artist": null, "bookmarked": false, "comments": [], "date_published": "2024-10-23T03:45:58.769131+00:00", "description": "Gardz\u0119 i brzydz\u0119 si\u0119 tymi, kt\u00f3rzy uciekaj\u0105 od odpowiedzialno\u015bci za swoje czyny \u2013 m\u00f3wi profesor Brunon Ho\u0142yst, kryminolog.", "id": 1372614, "language": "pl-PL", "link": "https://www.rp.pl/prawo-karne/art41336101-prof-brunon-holyst-nedza-i-konflikty-na-tle-finansowym-to-one-sa-sprawcami-zabojstw", "manual_status_code": 0, "page_rating": 29, "page_rating_contents": 90, "page_rating_visits": 0, "page_rating_votes": 0, "permanent": false, "source__id": 412, "source_url": "https://www.rp.pl/rss_main", "status_code": 0, "tags": [], "thumbnail": null, "title": "Prof. Brunon Ho\u0142yst: N\u0119dza i konflikty na tle finansowym. To one s\u0105 sprawcami zab\u00f3jstw", "vote": 0}, {"age": null, "album": "", "artist": null, "bookmarked": false, "comments": [], "date_published": "2024-10-23T03:45:58.638855+00:00", "description": "Julia Nawalna zapowiedzia\u0142a, \u017ce wystartuje w wyborach prezydenckich w Rosji \u2013 po odej\u015bciu dyktatora W\u0142adimira Putina. Podobne ambicje ma wielu rosyjskich emigrant\u00f3w. Czy przebij\u0105 si\u0119 przez ludzi Kremla?", "id": 1372613, "language": "pl-PL", "link": "https://www.rp.pl/polityka/art41333021-kto-zastapi-putina-dluga-lista-chetnych", "manual_status_code": 0, "page_rating": 29, "page_rating_contents": 90, "page_rating_visits": 0, "page_rating_votes": 0, "permanent": false, "source__id": 412, "source_url": "https://www.rp.pl/rss_main", "status_code": 0, "tags": [], "thumbnail": null, "title": "Kto zast\u0105pi Putina? D\u0142uga lista ch\u0119tnych", "vote": 0}, {"age": null, "album": "", "artist": null, "bookmarked": false, "comments": [], "date_published": "2024-10-23T03:45:58.528426+00:00", "description": "Mimo \u017ce s\u0105d zawiesi\u0142 obowi\u0105zek sp\u0142acania rat kredytu frankowego, to bank i tak podejmuje pr\u00f3by windykowania niezap\u0142aconych rat. Klienci Getin Noble Banku alarmuj\u0105.", "id": 1372612, "language": "pl-PL", "link": "https://www.rp.pl/konsumenci/art41336241-sad-zawiesil-raty-ale-bank-windykuje-mimo-to", "manual_status_code": 0, "page_rating": 29, "page_rating_contents": 90, "page_rating_visits": 0, "page_rating_votes": 0, "permanent": false, "source__id": 412, "source_url": "https://www.rp.pl/rss_main", "status_code": 0, "tags": [], "thumbnail": null, "title": "S\u0105d zawiesi\u0142 raty, ale bank windykuje mimo to", "vote": 0}, {"age": null, "album": "", "artist": null, "bookmarked": false, "comments": [], "date_published": "2024-10-23T03:45:58.421391+00:00", "description": "Zniesienie dwukadencyjno\u015bci, znaczne poszerzenie kompetencji samorz\u0105du m.in. w sprawach ochrony \u015brodowiska i nie tylko \u2013 to niekt\u00f3re z postulat\u00f3w, kt\u00f3re wkr\u00f3tce b\u0119d\u0105 omawiane z rz\u0105dem. W tle m.in. kampania prezydencka w 2025 roku.", "id": 1372611, "language": "pl-PL", "link": "https://www.rp.pl/polityka/art41333101-samorzadowcy-naciskaja-na-rzad-o-co-postuluja", "manual_status_code": 0, "page_rating": 29, "page_rating_contents": 90, "page_rating_visits": 0, "page_rating_votes": 0, "permanent": false, "source__id": 412, "source_url": "https://www.rp.pl/rss_main", "status_code": 0, "tags": [], "thumbnail": null, "title": "Samorz\u0105dowcy naciskaj\u0105 na rz\u0105d. O co postuluj\u0105?", "vote": 0}, {"age": null, "album": "", "artist": null, "bookmarked": false, "comments": [], "date_published": "2024-10-23T03:45:58.312312+00:00", "description": "Po przegranych wyborach prezydenckich przez kandydata PiS prezes b\u0119dzie m\u00f3g\u0142 powiedzie\u0107, \u017ce \u201ez\u0142ego\u201d kandydata wskaza\u0142a partia, a nie on. Pretensje o zwyci\u0119stwo kandydata koalicji dzia\u0142acze PiS b\u0119d\u0105 mogli mie\u0107 tylko do siebie, a nie do swojego szefa.", "id": 1372610, "language": "pl-PL", "link": "https://www.rp.pl/opinie-polityczno-spoleczne/art41332911-migalski-prawybory-prezydenckie-w-pis-dowodem-niewiary-kaczynskiego-w-zwyciestwo", "manual_status_code": 0, "page_rating": 29, "page_rating_contents": 90, "page_rating_visits": 0, "page_rating_votes": 0, "permanent": false, "source__id": 412, "source_url": "https://www.rp.pl/rss_main", "status_code": 0, "tags": [], "thumbnail": null, "title": "Migalski: Prawybory prezydenckie w PiS dowodem niewiary Kaczy\u0144skiego w zwyci\u0119stwo", "vote": 0}, {"age": null, "album": "", "artist": null, "bookmarked": false, "comments": [], "date_published": "2024-10-23T03:45:58.205642+00:00", "description": "Spadki sprzeda\u017cy samochod\u00f3w bole\u015bnie uderzaj\u0105 w polskie fabryki cz\u0119\u015bci i komponent\u00f3w. S\u0142abn\u0105cy udzia\u0142 elektryk\u00f3w w rynku pogarsza sytuacj\u0119 ca\u0142ej bran\u017cy motoryzacyjnej.", "id": 1372609, "language": "pl-PL", "link": "https://www.rp.pl/biznes/art41333731-polski-przemysl-motoryzacyjny-hamuje-prognozy-sie-pogarszaja", "manual_status_code": 0, "page_rating": 29, "page_rating_contents": 90, "page_rating_visits": 0, "page_rating_votes": 0, "permanent": false, "source__id": 412, "source_url": "https://www.rp.pl/rss_main", "status_code": 0, "tags": [], "thumbnail": null, "title": "Polski przemys\u0142 motoryzacyjny hamuje. Prognozy si\u0119 pogarszaj\u0105", "vote": 0}, {"age": null, "album": "", "artist": null, "bookmarked": false, "comments": [], "date_published": "2024-10-23T03:45:58.095406+00:00", "description": "Sekretarz stanu Antony Blinken polecia\u0142 z ostatni\u0105 misj\u0105 pokoju na Bliski Wsch\u00f3d. Jej pora\u017cka mo\u017ce pogrzeba\u0107 szanse Kamali Harris na wyborcze zwyci\u0119stwo.", "id": 1372608, "language": "pl-PL", "link": "https://www.rp.pl/polityka/art41333201-los-usa-w-rekach-premiera-netanjahu-misja-ostatniej-szansy-wazna-dla-kamali-harris", "manual_status_code": 0, "page_rating": 29, "page_rating_contents": 90, "page_rating_visits": 0, "page_rating_votes": 0, "permanent": false, "source__id": 412, "source_url": "https://www.rp.pl/rss_main", "status_code": 0, "tags": [], "thumbnail": null, "title": "Los USA w r\u0119kach premiera Netanjahu. Misja ostatniej szansy wa\u017cna dla Kamali Harris", "vote": 0}, {"age": null, "album": "", "artist": null, "bookmarked": false, "comments": [], "date_published": "2024-10-23T03:45:57.990004+00:00", "description": "W Chinach hybrydy typu plug-in zdobywaj\u0105 coraz wi\u0119ksz\u0105 popularno\u015b\u0107. Kolejne nowe modele bij\u0105 rekordy zasi\u0119gu. Wed\u0142ug obietnic Chery Fulwin T10  przy za\u0142adowanym akumulatorze i pe\u0142nym zbiorniku paliwa ma pokona\u0107 2100 kilometr\u00f3w.", "id": 1372607, "language": "pl-PL", "link": "https://moto.rp.pl/hybrydy/art41336731-chinczycy-bija-rekord-hybryda-plug-in-z-niesamowitym-zasiegiem-2100-km", "manual_status_code": 0, "page_rating": 29, "page_rating_contents": 90, "page_rating_visits": 0, "page_rating_votes": 0, "permanent": false, "source__id": 412, "source_url": "https://www.rp.pl/rss_main", "status_code": 0, "tags": [], "thumbnail": null, "title": "Chi\u0144czycy bij\u0105 rekord. Hybryda plug-in z niesamowitym zasi\u0119giem 2100 km", "vote": 0}, {"age": null, "album": "", "artist": null, "bookmarked": false, "comments": [], "date_published": "2024-10-23T03:45:57.881051+00:00", "description": "Szybki rozw\u00f3d jest mo\u017cliwy przede wszystkim wtedy, gdy strony s\u0105 gotowe do wsp\u00f3\u0142pracy i potrafi\u0105 si\u0119 porozumie\u0107.", "id": 1372606, "language": "pl-PL", "link": "https://www.rp.pl/opinie-prawne/art41336311-karolina-szulc-naglowska-szybki-rozwod-jak-go-uzyskac", "manual_status_code": 0, "page_rating": 29, "page_rating_contents": 90, "page_rating_visits": 0, "page_rating_votes": 0, "permanent": false, "source__id": 412, "source_url": "https://www.rp.pl/rss_main", "status_code": 0, "tags": [], "thumbnail": null, "title": "Karolina Szulc-Nag\u0142owska: Szybki rozw\u00f3d. Jak go uzyska\u0107?", "vote": 0}, {"age": null, "album": "", "artist": null, "bookmarked": false, "comments": [], "date_published": "2024-10-23T03:45:57.772859+00:00", "description": "Minister obrony Tajwanu Wellington Koo ostrzeg\u0142 Chiny przed konsekwencjami wprowadzenia blokady tajwa\u0144skich port\u00f3w.", "id": 1372605, "language": "pl-PL", "link": "https://www.rp.pl/konflikty-zbrojne/art41336781-tajwan-ostrzega-chiny-to-oznaczaloby-wojne", "manual_status_code": 0, "page_rating": 29, "page_rating_contents": 90, "page_rating_visits": 0, "page_rating_votes": 0, "permanent": false, "source__id": 412, "source_url": "https://www.rp.pl/rss_main", "status_code": 0, "tags": [], "thumbnail": null, "title": "Tajwan ostrzega Chiny: To oznacza\u0142oby wojn\u0119", "vote": 0}, {"age": null, "album": "", "artist": null, "bookmarked": false, "comments": [], "date_published": "2024-10-23T03:45:57.687842+00:00", "description": "Coraz wi\u0119cej \u015brodk\u00f3w ze sprzeda\u017cy uprawnie\u0144 do emisji CO2 trafia na potrzeby zwi\u0105zane z transformacj\u0105 energetyczn\u0105. To jednak efekt dzia\u0142a\u0144 KE ani\u017celi polskich rz\u0105d\u00f3w.", "id": 1372604, "language": "pl-PL", "link": "https://energia.rp.pl/co2/art41333181-przejadamy-mniej-srodkow-na-zielona-transformacje-ale-kluczowy-fundusz-utknal", "manual_status_code": 0, "page_rating": 29, "page_rating_contents": 90, "page_rating_visits": 0, "page_rating_votes": 0, "permanent": false, "source__id": 412, "source_url": "https://www.rp.pl/rss_main", "status_code": 0, "tags": [], "thumbnail": null, "title": "Przejadamy mniej \u015brodk\u00f3w na zielon\u0105 transformacj\u0119. Ale kluczowy fundusz utkn\u0105\u0142", "vote": 0}, {"age": null, "album": "", "artist": null, "bookmarked": false, "comments": [], "date_published": "2024-10-23T03:45:57.579269+00:00", "description": "System kaucyjny najprawdopodobniej zaliczy co najmniej p\u00f3\u0142roczny po\u015blizg. Sama minister klimatu Paulina Hennig-Kloska w\u0142a\u015bnie z\u0142o\u017cy\u0142a autopoprawk\u0119 do ustawy, by system ruszy\u0142 od 1 lipca 2025 r.", "id": 1372603, "language": "pl-PL", "link": "https://www.rp.pl/biznes/art41333791-kaucje-dopiero-od-wakacji-ale-jednak-beda-rynek-zadowolony-z-nowych-propozycji", "manual_status_code": 0, "page_rating": 29, "page_rating_contents": 90, "page_rating_visits": 0, "page_rating_votes": 0, "permanent": false, "source__id": 412, "source_url": "https://www.rp.pl/rss_main", "status_code": 0, "tags": [], "thumbnail": null, "title": "Kaucje dopiero od wakacji, ale jednak b\u0119d\u0105? Rynek zadowolony z nowych propozycji", "vote": 0}, {"age": null, "album": "", "artist": null, "bookmarked": false, "comments": [], "date_published": "2024-10-23T03:45:57.493408+00:00", "description": "Wi\u0119kszo\u015b\u0107 firm planuje wdro\u017cy\u0107 AI do wsparcia funkcji finansowych, ale pewnym problemem jest cho\u0107by ryzyko b\u0142\u0119d\u00f3w w algorytmach \u2013 wynika z nowego badania KPMG.", "id": 1372602, "language": "pl-PL", "link": "https://pro.rp.pl/raporty-ekonomiczne/art41333301-co-dyrektorzy-finansowi-mysla-o-sztucznej-inteligencji-wskazuja-zagrozenia", "manual_status_code": 0, "page_rating": 29, "page_rating_contents": 90, "page_rating_visits": 0, "page_rating_votes": 0, "permanent": false, "source__id": 412, "source_url": "https://www.rp.pl/rss_main", "status_code": 0, "tags": [], "thumbnail": null, "title": "Co dyrektorzy finansowi my\u015bl\u0105 o sztucznej inteligencji. Wskazuj\u0105 zagro\u017cenia", "vote": 0}, {"age": null, "album": "", "artist": null, "bookmarked": false, "comments": [], "date_published": "2024-10-23T03:45:57.384703+00:00", "description": "Haszim Safi ad-Din, kuzyn Hassana Nasrallaha, typowany na nast\u0119pc\u0119 zabitego w izraelskim nalocie na Bejrut przyw\u00f3dcy Hezbollahu, sam zgin\u0105\u0142 w izraelskim nalocie - wynika z komunikatu izraelskiej armii.", "id": 1372601, "language": "pl-PL", "link": "https://www.rp.pl/atak-izraela-na-liban/art41336861-izrael-informuje-o-zabiciu-nastepcy-przywodcy-hezbollahu-kolejne-naloty-na-bejrut", "manual_status_code": 0, "page_rating": 29, "page_rating_contents": 90, "page_rating_visits": 0, "page_rating_votes": 0, "permanent": false, "source__id": 412, "source_url": "https://www.rp.pl/rss_main", "status_code": 0, "tags": [], "thumbnail": null, "title": "Izrael informuje o zabiciu nast\u0119pcy przyw\u00f3dcy Hezbollahu. Kolejne naloty na Bejrut", "vote": 0}, {"age": null, "album": "", "artist": null, "bookmarked": false, "comments": [], "date_published": "2024-10-23T03:45:57.276681+00:00", "description": "Kandydatka rz\u0105dz\u0105cych demokrat\u00f3w Kamala Harris zdo\u0142a\u0142a unikn\u0105\u0107 kampanijnego koszmaru, jakim by\u0142aby recesja. Mog\u0142aby si\u0119 chwali\u0107 tym, \u017ce kraj przechodzi mi\u0119kkie l\u0105dowanie gospodarcze. Ale tego z jakiego\u015b powodu nie robi.", "id": 1372600, "language": "pl-PL", "link": "https://www.rp.pl/gospodarka/art41335841-przed-wyborami-gospodarka-usa-jest-w-niezlym-stanie", "manual_status_code": 0, "page_rating": 29, "page_rating_contents": 90, "page_rating_visits": 0, "page_rating_votes": 0, "permanent": false, "source__id": 412, "source_url": "https://www.rp.pl/rss_main", "status_code": 0, "tags": [], "thumbnail": null, "title": "Przed wyborami gospodarka USA jest w niez\u0142ym stanie", "vote": 0}, {"age": null, "album": "", "artist": null, "bookmarked": false, "comments": [], "date_published": "2024-10-23T03:45:57.165960+00:00", "description": "24 lutego 2022 roku Rosja rozpocz\u0119\u0142a pe\u0142nowymiarow\u0105 inwazj\u0119 na Ukrain\u0119. Kij\u00f3w przekaza\u0142 ok. 550 dron\u00f3w brygadzie szturmowej walcz\u0105cej w Donbasie.", "id": 1372599, "language": "pl-PL", "link": "https://www.rp.pl/swiat/art41336751-wojna-rosji-z-ukraina-dzien-973", "manual_status_code": 0, "page_rating": 29, "page_rating_contents": 90, "page_rating_visits": 0, "page_rating_votes": 0, "permanent": false, "source__id": 412, "source_url": "https://www.rp.pl/rss_main", "status_code": 0, "tags": [], "thumbnail": null, "title": "Wojna Rosji z Ukrain\u0105. Dzie\u0144 973", "vote": 0}, {"age": null, "album": "", "artist": null, "bookmarked": false, "comments": [], "date_published": "2024-10-23T02:42:06.524636+00:00", "description": "Populizm coraz cz\u0119\u015bciej ma twarz moralizatora zatroskanego o los g\u0142upiutkich obywateli, kt\u00f3rzy bez zakaz\u00f3w i nakaz\u00f3w ca\u0142kiem si\u0119 pogubi\u0105.", "id": 1372474, "language": "pl-PL", "link": "https://www.rp.pl/komentarze/art41332891-warzecha-antyalkoholowy-populizm-w-emocjokracji", "manual_status_code": 0, "page_rating": 29, "page_rating_contents": 90, "page_rating_visits": 0, "page_rating_votes": 0, "permanent": false, "source__id": 412, "source_url": "https://www.rp.pl/rss_main", "status_code": 0, "tags": [], "thumbnail": null, "title": "Warzecha: antyalkoholowy populizm w emocjokracji", "vote": 0}, {"age": null, "album": "", "artist": null, "bookmarked": false, "comments": [], "date_published": "2024-10-23T02:42:06.371877+00:00", "description": "Ogr\u00f3dek musi by\u0107 wi\u0119c na jesieni pi\u0119knie zaorany i nawieziony, by ka\u017cdy patrzy\u0142 z zazdro\u015bci\u0105. Bo przecie\u017c mo\u017ce si\u0119 okaza\u0107, \u017ce trzeba b\u0119dzie za trzy lata zn\u00f3w szuka\u0107 koalicjanta, kt\u00f3ry wygra dla PSL wybory.", "id": 1372473, "language": "pl-PL", "link": "https://www.rp.pl/komentarze/art41332861-dabrowska-dlaczego-psl-nie-chce-poprzec-ustawy-o-zwiazkach-partnerskich", "manual_status_code": 0, "page_rating": 29, "page_rating_contents": 90, "page_rating_visits": 0, "page_rating_votes": 0, "permanent": false, "source__id": 412, "source_url": "https://www.rp.pl/rss_main", "status_code": 0, "tags": [], "thumbnail": null, "title": "D\u0105browska: Dlaczego PSL nie chce poprze\u0107 ustawy o zwi\u0105zkach partnerskich?", "vote": 0}, {"age": null, "album": "", "artist": null, "bookmarked": false, "comments": [], "date_published": "2024-10-23T02:42:06.097984+00:00", "description": "Dobre intencje prokuratury to za ma\u0142o, je\u015bli chodzi o kryteria legalno\u015bci dzia\u0142ania organ\u00f3w publicznych. Tym bardziej je\u015bli sprawa dotyczy kszta\u0142towania kadr instytucji, kt\u00f3rej powierzono stanie na stra\u017cy praworz\u0105dno\u015bci.", "id": 1372472, "language": "pl-PL", "link": "https://www.rp.pl/rzecz-o-prawie/art41324731-sebastian-banko-prokuratura-w-pulapce-konkursow", "manual_status_code": 0, "page_rating": 29, "page_rating_contents": 90, "page_rating_visits": 0, "page_rating_votes": 0, "permanent": false, "source__id": 412, "source_url": "https://www.rp.pl/rss_main", "status_code": 0, "tags": [], "thumbnail": null, "title": "Sebastian Ba\u0144ko: Prokuratura w pu\u0142apce konkurs\u00f3w", "vote": 0}, {"age": null, "album": "", "artist": null, "bookmarked": false, "comments": [], "date_published": "2024-10-23T02:42:05.781948+00:00", "description": "To, \u017ce powodzianie b\u0119d\u0105 rozwa\u017ca\u0107 skorzystanie z grupowego dochodzenia odszkodowa\u0144 za szkody, by\u0142o do przewidzenia, bo jest to praktyczne narz\u0119dzie w r\u0119kach wi\u0119kszych grup poszkodowanych po zaniedbaniach w\u0142adzy.", "id": 1372471, "language": "pl-PL", "link": "https://www.rp.pl/rzecz-o-prawie/art41324821-marek-domagalski-pozwy-zbiorowe-w-rekach-powodzian", "manual_status_code": 0, "page_rating": 29, "page_rating_contents": 90, "page_rating_visits": 0, "page_rating_votes": 0, "permanent": false, "source__id": 412, "source_url": "https://www.rp.pl/rss_main", "status_code": 0, "tags": [], "thumbnail": null, "title": "Marek Domagalski: Pozwy zbiorowe w r\u0119kach powodzian", "vote": 0}, {"age": null, "album": "", "artist": null, "bookmarked": false, "comments": [], "date_published": "2024-10-23T02:42:05.516077+00:00", "description": "\u2013 Ale ja dok\u0142adnie wszystko sprawdzi\u0142em w internecie, no wie pan, panie mecenasie \u2013mecenas Google!", "id": 1372470, "language": "pl-PL", "link": "https://www.rp.pl/rzecz-o-prawie/art41324791-maciej-zaborowski-mecenas-google-czyli-lekcja-za-2-5-mln-zl", "manual_status_code": 0, "page_rating": 29, "page_rating_contents": 90, "page_rating_visits": 0, "page_rating_votes": 0, "permanent": false, "source__id": 412, "source_url": "https://www.rp.pl/rss_main", "status_code": 0, "tags": [], "thumbnail": null, "title": "Maciej Zaborowski: Mecenas Google, czyli lekcja za 2,5 mln z\u0142", "vote": 0}, {"age": null, "album": "", "artist": null, "bookmarked": false, "comments": [], "date_published": "2024-10-23T02:42:05.229883+00:00", "description": "Kodeks karny popsuty nowel\u0105 Ziobry do dzi\u015b nie zosta\u0142 naprawiony. Nie ruszy\u0142y nawet prace.", "id": 1372469, "language": "pl-PL", "link": "https://www.rp.pl/rzecz-o-prawie/art41324761-mikolaj-malecki-rok-prawa-populistow", "manual_status_code": 0, "page_rating": 29, "page_rating_contents": 90, "page_rating_visits": 0, "page_rating_votes": 0, "permanent": false, "source__id": 412, "source_url": "https://www.rp.pl/rss_main", "status_code": 0, "tags": [], "thumbnail": null, "title": "Miko\u0142aj Ma\u0142ecki: Rok prawa populist\u00f3w", "vote": 0}, {"age": null, "album": "", "artist": null, "bookmarked": false, "comments": [], "date_published": "2024-10-23T02:42:04.900922+00:00", "description": "W pa\u0144stwie prawa o tym, czy obywatel poniesie odpowiedzialno\u015b\u0107 karn\u0105 surowsz\u0105 czy te\u017c \u0142agodniejsz\u0105, powinien ostatecznie orzeka\u0107 s\u0105d, a nie prokurator, zw\u0142aszcza gdy jego decyzje podyktowane s\u0105 trosk\u0105 o w\u0142asn\u0105 wygod\u0119.", "id": 1372468, "language": "pl-PL", "link": "https://www.rp.pl/rzecz-o-prawie/art41324801-michal-zacharski-gdy-prosiaczek-przyjaciel-kubusia-puchatka-oskarza-czyli-rzecz-o-niepotrzebnym-dzieleniu", "manual_status_code": 0, "page_rating": 29, "page_rating_contents": 90, "page_rating_visits": 0, "page_rating_votes": 0, "permanent": false, "source__id": 412, "source_url": "https://www.rp.pl/rss_main", "status_code": 0, "tags": [], "thumbnail": null, "title": "Micha\u0142 Zacharski: Gdy Prosiaczek, przyjaciel Kubusia Puchatka, oskar\u017ca, czyli rzecz o niepotrzebnym dzieleniu", "vote": 0}, {"age": null, "album": "", "artist": null, "bookmarked": false, "comments": [], "date_published": "2024-10-23T02:42:04.671969+00:00", "description": "Wszelacy obro\u0144cy praworz\u0105dno\u015bci i ci, kt\u00f3rzy j\u0105 przywracaj\u0105, powinni z uwag\u0105 przeczyta\u0107 komedi\u0119 \u201eMiarka za miark\u0119\u201d. Niezale\u017cnie od tego, czy imi\u0119 ich Angelo, Zbigniew czy nawet Adam.", "id": 1372467, "language": "pl-PL", "link": "https://www.rp.pl/rzecz-o-prawie/art41324751-arkadiusz-krupa-shakespeare-a-sprawa-polska", "manual_status_code": 0, "page_rating": 29, "page_rating_contents": 90, "page_rating_visits": 0, "page_rating_votes": 0, "permanent": false, "source__id": 412, "source_url": "https://www.rp.pl/rss_main", "status_code": 0, "tags": [], "thumbnail": null, "title": "Arkadiusz Krupa: Shakespeare a sprawa Polska", "vote": 0}, {"age": null, "album": "", "artist": null, "bookmarked": false, "comments": [], "date_published": "2024-10-23T02:42:04.435931+00:00", "description": "Najwy\u017cszy czas zrozumie\u0107, \u017ce to nie przepis jest \u017ar\u00f3d\u0142em naszych europejskich problem\u00f3w, ale cz\u0119sto brak standardu, zasad oraz dobrej praktyki stosowania i interpretacji prawa.", "id": 1372466, "language": "pl-PL", "link": "https://www.rp.pl/rzecz-o-prawie/art41324831-tomasz-tadeusz-koncewicz-prawnik-i-prawo-granicy-czyli-kto-i-co", "manual_status_code": 0, "page_rating": 29, "page_rating_contents": 90, "page_rating_visits": 0, "page_rating_votes": 0, "permanent": false, "source__id": 412, "source_url": "https://www.rp.pl/rss_main", "status_code": 0, "tags": [], "thumbnail": null, "title": "Tomasz Tadeusz Koncewicz: Prawnik i prawo granicy, czyli kto i co?", "vote": 0}, {"age": null, "album": "", "artist": null, "bookmarked": false, "comments": [], "date_published": "2024-10-23T02:42:04.199540+00:00", "description": "Wielu prawnik\u00f3w coraz cz\u0119\u015bciej zadaje sobie powy\u017csze pytanie. A ci, kt\u00f3rzy tego nie robi\u0105, powinni jak najszybciej zacz\u0105\u0107.", "id": 1372465, "language": "pl-PL", "link": "https://www.rp.pl/rzecz-o-prawie/art41326781-ewa-szadkowska-prawnik-czyli-kto-i-jak", "manual_status_code": 0, "page_rating": 29, "page_rating_contents": 90, "page_rating_visits": 0, "page_rating_votes": 0, "permanent": false, "source__id": 412, "source_url": "https://www.rp.pl/rss_main", "status_code": 0, "tags": [], "thumbnail": null, "title": "Ewa Szadkowska: Prawnik, czyli kto? I jak?", "vote": 0}, {"age": null, "album": "", "artist": null, "bookmarked": false, "comments": [], "date_published": "2024-10-23T02:42:03.954340+00:00", "description": "\u015aledz\u0105c projektowane ustawy ustrojowe dla s\u0105downictwa oraz prokuratury, uwa\u017cny czytelnik dostrze\u017ce w nich zbli\u017cone rozwi\u0105zanie.", "id": 1372464, "language": "pl-PL", "link": "https://www.rp.pl/rzecz-o-prawie/art41324781-jaroslaw-gwizdak-co-sie-najpierw-zbiera-rada-spoleczna", "manual_status_code": 0, "page_rating": 29, "page_rating_contents": 90, "page_rating_visits": 0, "page_rating_votes": 0, "permanent": false, "source__id": 412, "source_url": "https://www.rp.pl/rss_main", "status_code": 0, "tags": [], "thumbnail": null, "title": "Jaros\u0142aw Gwizdak: Co si\u0119 najpierw zbiera? Rada spo\u0142eczna", "vote": 0}, {"age": null, "album": "", "artist": null, "bookmarked": false, "comments": [], "date_published": "2024-10-23T02:42:03.725777+00:00", "description": "Ludzie ogl\u0105daj\u0105 prawnicze seriale i potem wydaje im si\u0119, \u017ce rzeczywisto\u015b\u0107 wygl\u0105da tak samo.", "id": 1372463, "language": "pl-PL", "link": "https://www.rp.pl/rzecz-o-prawie/art41324721-robert-damski-prawda-czasu-prawda-ekranu", "manual_status_code": 0, "page_rating": 29, "page_rating_contents": 90, "page_rating_visits": 0, "page_rating_votes": 0, "permanent": false, "source__id": 412, "source_url": "https://www.rp.pl/rss_main", "status_code": 0, "tags": [], "thumbnail": null, "title": "Robert Damski: Prawda czasu, prawda ekranu", "vote": 0}, {"age": null, "album": "", "artist": null, "bookmarked": false, "comments": [], "date_published": "2024-10-23T02:42:03.450052+00:00", "description": "Przes\u0142anka zagro\u017cenia surow\u0105 kar\u0105 jako podstawa stosowania aresztu powinna znikn\u0105\u0107 z kodeksu. Prawnicy musz\u0105 to powtarza\u0107 przy ka\u017cdej okazji.", "id": 1372462, "language": "pl-PL", "link": "https://www.rp.pl/rzecz-o-prawie/art41324741-jacek-dubois-badzmy-jak-napoleon", "manual_status_code": 0, "page_rating": 29, "page_rating_contents": 90, "page_rating_visits": 0, "page_rating_votes": 0, "permanent": false, "source__id": 412, "source_url": "https://www.rp.pl/rss_main", "status_code": 0, "tags": [], "thumbnail": null, "title": "Jacek Dubois: B\u0105d\u017amy jak Napoleon", "vote": 0}, {"age": null, "album": "", "artist": null, "bookmarked": false, "comments": [], "date_published": "2024-10-23T02:42:03.044945+00:00", "description": "Unia Europejska musi si\u0119 pokaza\u0107 jako zdolna do realizmu, a nawet, je\u015bli to potrzebne, pewnej twardo\u015bci. Te cechy budz\u0105 respekt w \u015bwiecie. Unii Europejskiej dot\u0105d go brakowa\u0142o. Jej idealizm by\u0142 odbierany jako przejaw s\u0142abo\u015bci, a to cecha w \u015bwiecie ma\u0142o ceniona.", "id": 1372461, "language": "pl-PL", "link": "https://www.rp.pl/opinie-polityczno-spoleczne/art41332691-reiter-w-kwestii-migracyjnej-potrzebne-nowe-otwarcie", "manual_status_code": 0, "page_rating": 29, "page_rating_contents": 90, "page_rating_visits": 0, "page_rating_votes": 0, "permanent": false, "source__id": 412, "source_url": "https://www.rp.pl/rss_main", "status_code": 0, "tags": [], "thumbnail": null, "title": "Reiter: W kwestii migracyjnej potrzebne nowe otwarcie", "vote": 0}, {"age": null, "album": "", "artist": null, "bookmarked": false, "comments": [], "date_published": "2024-10-23T02:42:02.648152+00:00", "description": "Przedsi\u0119biorcy obawiaj\u0105 si\u0119, \u017ce przy wdra\u017caniu dyrektywy platformowej rz\u0105d b\u0119dzie pr\u00f3bowa\u0142 ograniczy\u0107 stosowanie um\u00f3w cywilnoprawnych. Chodzi o us\u0142ugi dowozu jedzenia do domu, takie jak Uber, Glovo czy Pyszne.pl.", "id": 1372460, "language": "pl-PL", "link": "https://www.rp.pl/konsumenci/art41335931-biznes-boi-sie-zmian-przyjetych-przez-unie-europejska-chodzi-o-dowoz-jedzenia-do-domu", "manual_status_code": 0, "page_rating": 29, "page_rating_contents": 90, "page_rating_visits": 0, "page_rating_votes": 0, "permanent": false, "source__id": 412, "source_url": "https://www.rp.pl/rss_main", "status_code": 0, "tags": [], "thumbnail": null, "title": "Biznes boi si\u0119 zmian przyj\u0119tych przez Uni\u0119 Europejsk\u0105? Chodzi o dow\u00f3z jedzenia do domu", "vote": 0}, {"age": null, "album": "", "artist": null, "bookmarked": false, "comments": [], "date_published": "2024-10-23T02:41:58.998470+00:00", "description": "To nie prawicowi populi\u015bci, lecz lewicowi, rozdaj\u0105 karty po wyborach we wschodnich landach niemieckich.", "id": 1372459, "language": "pl-PL", "link": "https://www.rp.pl/polityka/art41333311-wielka-polityczna-gra-radykalow-w-niemczech-przeciw-wsparciu-ukrainy-i-rakietom-usa", "manual_status_code": 0, "page_rating": 29, "page_rating_contents": 90, "page_rating_visits": 0, "page_rating_votes": 0, "permanent": false, "source__id": 412, "source_url": "https://www.rp.pl/rss_main", "status_code": 0, "tags": [], "thumbnail": null, "title": "Wielka polityczna gra radyka\u0142\u00f3w w Niemczech. Przeciw wsparciu Ukrainy i rakietom USA", "vote": 0}, {"age": null, "album": "", "artist": null, "bookmarked": false, "comments": [], "date_published": "2024-10-23T02:41:58.278835+00:00", "description": "Peer Gynt, kultowy bohater romantyczny, stanie si\u0119 wsp\u00f3\u0142czesnym cz\u0142owiekiem w nowym spektaklu Polskiego Baletu Narodowego. Premiera spektaklu Edwarda Cluga w najbli\u017cszy pi\u0105tek na scenie Teatru Wielkiego w Warszawie.", "id": 1372458, "language": "pl-PL", "link": "https://www.rp.pl/teatr/art41332961-polski-balet-narodowy-w-norweskich-klimatach-griega-i-ibsena", "manual_status_code": 0, "page_rating": 29, "page_rating_contents": 90, "page_rating_visits": 0, "page_rating_votes": 0, "permanent": false, "source__id": 412, "source_url": "https://www.rp.pl/rss_main", "status_code": 0, "tags": [], "thumbnail": null, "title": "Polski Balet Narodowy w norweskich klimatach Griega i Ibsena", "vote": 0}, {"age": null, "album": "", "artist": null, "bookmarked": false, "comments": [], "date_published": "2024-10-23T02:41:57.786281+00:00", "description": "Ju\u017c w \u015brod\u0119 Barcelona\u2013Bayern, by\u0107 mo\u017ce najwa\u017cniejszy mecz jesieni w Lidze Mistrz\u00f3w. Europa czeka na pojedynki Roberta Lewandowskiego i Harry\u2019ego Kane\u2019a.", "id": 1372457, "language": "pl-PL", "link": "https://sport.rp.pl/pilka-nozna/art41336291-bayern-przylatuje-do-barcelony-katalonczycy-nie-planuja-zemsty-za-2-8", "manual_status_code": 0, "page_rating": 29, "page_rating_contents": 90, "page_rating_visits": 0, "page_rating_votes": 0, "permanent": false, "source__id": 412, "source_url": "https://www.rp.pl/rss_main", "status_code": 0, "tags": [], "thumbnail": null, "title": "Bayern przylatuje do Barcelony. Katalo\u0144czycy nie planuj\u0105 zemsty za 2:8", "vote": 0}, {"age": null, "album": "", "artist": null, "bookmarked": false, "comments": [], "date_published": "2024-10-23T00:04:47.565270+00:00", "description": "Co dzi\u015b nowego w prawie i gospodarce? Co opublikowano w Dzienniku Ustaw, jakie akty prawne wchodz\u0105 w \u017cycie, jakie wa\u017cne interpretacje wyda\u0142y s\u0105dy, co og\u0142osi\u0142 GUS, a co zapowiedzia\u0142 rz\u0105d? Oto subiektywne kalendarium dla profesjonalist\u00f3w.", "id": 1372003, "language": "pl-PL", "link": "https://pro.rp.pl/kalendarium/art41336741-kalendarium-sroda-23-pazdziernika", "manual_status_code": 0, "page_rating": 29, "page_rating_contents": 90, "page_rating_visits": 0, "page_rating_votes": 0, "permanent": false, "source__id": 412, "source_url": "https://www.rp.pl/rss_main", "status_code": 0, "tags": [], "thumbnail": null, "title": "Kalendarium - \u015broda 23 pa\u017adziernika", "vote": 0}]