[{"age": null, "album": "", "artist": null, "bookmarked": false, "comments": [], "date_published": "2024-10-23T13:33:43+00:00", "description": "<img src=\"https://assetsio.gnwcdn.com/The-Sims-4-Grim-Reaper-surrounded-by-love-hearts.jpg?width=1920&height=1920&fit=bounds&quality=80&format=jpg&auto=webp\" /> <p><a data-keyword=\"true\" href=\"https://www.eurogamer.net/games/the-sims-4\">The Sims 4</a> team has released an appropriately-timed spooky update for its life-simulation game, which focuses on the afterlife, and allows us to once again get down and dirty with the Grim Reaper.</p> <p><a href=\"https://www.eurogamer.net/the-sims-4-ghostly-update-puts-woohoo-ing-the-grim-reaper-back-on-the-table\">Read more</a></p>", "id": 1375259, "language": "en-gb", "link": "https://www.eurogamer.net/the-sims-4-ghostly-update-puts-woohoo-ing-the-grim-reaper-back-on-the-table", "manual_status_code": 0, "page_rating": 27, "page_rating_contents": 86, "page_rating_visits": 0, "page_rating_votes": 0, "permanent": false, "source__id": 107, "source_url": "https://www.eurogamer.net/feed", "status_code": 0, "tags": [], "thumbnail": "https://assetsio.gnwcdn.com/The-Sims-4-Grim-Reaper-surrounded-by-love-hearts.jpg?width=1920&height=1920&fit=bounds&quality=80&format=jpg&auto=webp", "title": "The Sims 4 ghostly update puts WooHoo-ing the Grim Reaper back on the table", "vote": 0}, {"age": null, "album": "", "artist": null, "bookmarked": false, "comments": [], "date_published": "2024-10-23T13:00:00+00:00", "description": "<img src=\"https://assetsio.gnwcdn.com/nms-cursed2.jpg?width=1920&height=1920&fit=bounds&quality=80&format=jpg&auto=webp\" /> <p>\nWe've only just said farewell to <a data-keyword=\"true\" href=\"https://www.eurogamer.net/games/no-mans-sky\">No Man's Sky</a>'s <a href=\"https://www.eurogamer.net/no-mans-sky-gets-reel-in-new-aquarius-fishing-update\">fishing-themed Aquarius expedition</a>, but already there's another here to take its place - and this time it's a special, spooky themed event straddling the boundary between one reality and the next.\n</p> <p><a href=\"https://www.eurogamer.net/no-mans-skys-the-cursed-is-a-spooky-expedition-for-halloween-set-in-a-collapsing-reality\">Read more</a></p>", "id": 1375260, "language": "en-gb", "link": "https://www.eurogamer.net/no-mans-skys-the-cursed-is-a-spooky-expedition-for-halloween-set-in-a-collapsing-reality", "manual_status_code": 0, "page_rating": 27, "page_rating_contents": 86, "page_rating_visits": 0, "page_rating_votes": 0, "permanent": false, "source__id": 107, "source_url": "https://www.eurogamer.net/feed", "status_code": 0, "tags": [], "thumbnail": "https://assetsio.gnwcdn.com/nms-cursed2.jpg?width=1920&height=1920&fit=bounds&quality=80&format=jpg&auto=webp", "title": "No Man's Sky's The Cursed is a spooky expedition for Halloween set in a collapsing reality", "vote": 0}, {"age": null, "album": "", "artist": null, "bookmarked": false, "comments": [], "date_published": "2024-10-23T12:06:31+00:00", "description": "<img src=\"https://assetsio.gnwcdn.com/Towers-of-Aghasba_-Gameplay-Showcase-%2B-Release-Date-Announcement!-7-18-screenshot.png?width=1920&height=1920&fit=bounds&quality=80&format=jpg&auto=webp\" /> <p>\nCast your mind back a month, and you may remember a promising-looking open-world sandbox popping up in <a href=\"https://www.eurogamer.net/everything-announced-sonys-playstation-state-of-play\">Sony's September PlayStation State of Play</a>. That game was Towers of Aghasba, and it now has an early access release date for PC and PS5: \n</p> <p><a href=\"https://www.eurogamer.net/nature-rekindling-sandbox-towers-of-aghasba-gets-early-access-release-date\">Read more</a></p>", "id": 1374830, "language": "en-gb", "link": "https://www.eurogamer.net/nature-rekindling-sandbox-towers-of-aghasba-gets-early-access-release-date", "manual_status_code": 0, "page_rating": 27, "page_rating_contents": 86, "page_rating_visits": 0, "page_rating_votes": 0, "permanent": false, "source__id": 107, "source_url": "https://www.eurogamer.net/feed", "status_code": 0, "tags": [], "thumbnail": "https://assetsio.gnwcdn.com/Towers-of-Aghasba_-Gameplay-Showcase-%2B-Release-Date-Announcement!-7-18-screenshot.png?width=1920&height=1920&fit=bounds&quality=80&format=jpg&auto=webp", "title": "Nature-rekindling sandbox Towers of Aghasba gets early access release date", "vote": 0}, {"age": null, "album": "", "artist": null, "bookmarked": false, "comments": [], "date_published": "2024-10-23T11:34:22+00:00", "description": "<img src=\"https://assetsio.gnwcdn.com/Screenshot-from-Project-M-trailer-showing-a-young-female-woman-with-dark-hair.jpg?width=1920&height=1920&fit=bounds&quality=80&format=jpg&auto=webp\" /> <p>NCSoft has announced a reorganisation of its projects and staff, resulting in layoffs and the end of several games - including the promising and ultra-realistic-looking thriller Project M.</p> <p><a href=\"https://www.eurogamer.net/ncsoft-suffers-layoffs-and-cancels-projects-including-ultra-realistic-thriller-project-m\">Read more</a></p>", "id": 1374420, "language": "en-gb", "link": "https://www.eurogamer.net/ncsoft-suffers-layoffs-and-cancels-projects-including-ultra-realistic-thriller-project-m", "manual_status_code": 0, "page_rating": 27, "page_rating_contents": 86, "page_rating_visits": 0, "page_rating_votes": 0, "permanent": false, "source__id": 107, "source_url": "https://www.eurogamer.net/feed", "status_code": 0, "tags": [], "thumbnail": "https://assetsio.gnwcdn.com/Screenshot-from-Project-M-trailer-showing-a-young-female-woman-with-dark-hair.jpg?width=1920&height=1920&fit=bounds&quality=80&format=jpg&auto=webp", "title": "NCSoft suffers layoffs and cancels projects, including ultra-realistic thriller Project M", "vote": 0}, {"age": null, "album": "", "artist": null, "bookmarked": false, "comments": [], "date_published": "2024-10-23T10:11:01+00:00", "description": "<img src=\"https://assetsio.gnwcdn.com/Kratos-and-Freya-in-God-of-War-Ragnarok.jpg?width=1920&height=1920&fit=bounds&quality=80&format=jpg&auto=webp\" /> <p>Former Battlestar Galactica executive producer Ronald D. Moore has joined Amazon's God of War TV adaptation as the series' writer, executive producer and showrunner.</p> <p><a href=\"https://www.eurogamer.net/amazons-god-of-war-tv-series-lands-new-showrunner-in-former-battlestar-galactica-executive-producer\">Read more</a></p>", "id": 1374106, "language": "en-gb", "link": "https://www.eurogamer.net/amazons-god-of-war-tv-series-lands-new-showrunner-in-former-battlestar-galactica-executive-producer", "manual_status_code": 0, "page_rating": 27, "page_rating_contents": 86, "page_rating_visits": 0, "page_rating_votes": 0, "permanent": false, "source__id": 107, "source_url": "https://www.eurogamer.net/feed", "status_code": 0, "tags": [], "thumbnail": "https://assetsio.gnwcdn.com/Kratos-and-Freya-in-God-of-War-Ragnarok.jpg?width=1920&height=1920&fit=bounds&quality=80&format=jpg&auto=webp", "title": "Amazon's God of War TV series lands new showrunner in former Battlestar Galactica executive producer", "vote": 0}, {"age": null, "album": "", "artist": null, "bookmarked": false, "comments": [], "date_published": "2024-10-23T09:56:33+00:00", "description": "<img src=\"https://assetsio.gnwcdn.com/Bundles-of-Bravery-0-7-screenshot.png?width=1920&height=1920&fit=bounds&quality=80&format=jpg&auto=webp\" /> <p>\nPlayStation 5 will celebrate its fourth birthday in just a few days, and finally there's a native version of Minecraft available for it.\n</p> <p><a href=\"https://www.eurogamer.net/four-years-after-ps5s-launch-minecraft-finally-gets-a-native-version\">Read more</a></p>", "id": 1374107, "language": "en-gb", "link": "https://www.eurogamer.net/four-years-after-ps5s-launch-minecraft-finally-gets-a-native-version", "manual_status_code": 0, "page_rating": 27, "page_rating_contents": 86, "page_rating_visits": 0, "page_rating_votes": 0, "permanent": false, "source__id": 107, "source_url": "https://www.eurogamer.net/feed", "status_code": 0, "tags": [], "thumbnail": "https://assetsio.gnwcdn.com/Bundles-of-Bravery-0-7-screenshot.png?width=1920&height=1920&fit=bounds&quality=80&format=jpg&auto=webp", "title": "Four years after PS5's launch, Minecraft finally gets a native version", "vote": 0}, {"age": null, "album": "", "artist": null, "bookmarked": false, "comments": [], "date_published": "2024-10-23T09:34:22+00:00", "description": "<img src=\"https://assetsio.gnwcdn.com/PrinceOfPersia_HERO.jpg?width=1920&height=1920&fit=bounds&quality=80&format=jpg&auto=webp\" /> <p>\nUbisoft has responded to a report published yesterday that claimed <a data-keyword=\"true\" href=\"https://www.eurogamer.net/games/prince-of-persia-the-lost-crown\">Prince of Persia: The Lost Crown</a>'s team had been disbanded.\n</p> <p><a href=\"https://www.eurogamer.net/ubisoft-responds-to-report-prince-of-persia-the-lost-crown-development-team-disbanded\">Read more</a></p>", "id": 1374108, "language": "en-gb", "link": "https://www.eurogamer.net/ubisoft-responds-to-report-prince-of-persia-the-lost-crown-development-team-disbanded", "manual_status_code": 0, "page_rating": 27, "page_rating_contents": 86, "page_rating_visits": 0, "page_rating_votes": 0, "permanent": false, "source__id": 107, "source_url": "https://www.eurogamer.net/feed", "status_code": 0, "tags": [], "thumbnail": "https://assetsio.gnwcdn.com/PrinceOfPersia_HERO.jpg?width=1920&height=1920&fit=bounds&quality=80&format=jpg&auto=webp", "title": "Ubisoft responds to report Prince of Persia: The Lost Crown development team disbanded", "vote": 0}]