[{"age": null, "album": "", "artist": null, "bookmarked": false, "comments": [], "date_published": "2024-10-23T13:32:54.439040+00:00", "description": "\u015ap. Andrew Schally - fot. US gov, Public domain, via Wikimedia Commons / Depositphotos.com (66532011)", "id": 1375167, "language": "pl", "link": "https://deon.pl/swiat/nie-zyje-polsko-amerykanski-noblista-andrew-v-schally-zmarl-w-usa,2954051", "manual_status_code": 0, "page_rating": 32, "page_rating_contents": 100, "page_rating_visits": 0, "page_rating_votes": 0, "permanent": false, "source__id": 83, "source_url": "https://deon.pl/rss", "status_code": 0, "tags": [], "thumbnail": "https://static.deon.pl/storage/image/core_files/2024/10/23/81d845d44dafbc82189176fdf5df9f50/png/deon/rss-thumbnail/oz%20(1).png", "title": "Nie \u017cyje polsko-ameryka\u0144ski noblista Andrew V. Schally. Zmar\u0142 w USA.", "vote": 0}, {"age": null, "album": "", "artist": null, "bookmarked": false, "comments": [], "date_published": "2024-10-23T13:32:54.052008+00:00", "description": "Fot. depositphotos.com / X.com", "id": 1375166, "language": "pl", "link": "https://deon.pl/kosciol/zaden-inny-kardynal-nie-nosi-takiego-krzyza-jego-pochodzenie-zaskakuje,2954075", "manual_status_code": 0, "page_rating": 32, "page_rating_contents": 100, "page_rating_visits": 0, "page_rating_votes": 0, "permanent": false, "source__id": 83, "source_url": "https://deon.pl/rss", "status_code": 0, "tags": [], "thumbnail": "https://static.deon.pl/storage/image/core_files/2024/10/23/fa4061b24a247752cfe906d1750f0854/jpg/deon/rss-thumbnail/ZDJECIE%20NA%20PORTAL%20(1)_20241023124726.jpg", "title": "\u017baden inny kardyna\u0142 nie nosi takiego krzy\u017ca. Jego pochodzenie zaskakuje", "vote": 0}, {"age": null, "album": "", "artist": null, "bookmarked": false, "comments": [], "date_published": "2024-10-23T13:32:53.783957+00:00", "description": "Zdj\u0119cie ilustracyjne. Fot. Depositphotos", "id": 1375164, "language": "pl", "link": "https://deon.pl/swiat/kolejne-zmiany-w-szkolach-nauczyciele-stracili-mozliwosc-urlopu-zdrowotnego,2954126", "manual_status_code": 0, "page_rating": 32, "page_rating_contents": 100, "page_rating_visits": 0, "page_rating_votes": 0, "permanent": false, "source__id": 83, "source_url": "https://deon.pl/rss", "status_code": 0, "tags": [], "thumbnail": "https://static.deon.pl/storage/image/core_files/2024/10/23/cf911922968aa81cc4df04cd58d4fa9a/jpg/deon/rss-thumbnail/Depositphotos_84698896_XL.jpg", "title": "Kolejne zmiany w szko\u0142ach. Nauczyciele stracili mo\u017cliwo\u015b\u0107 urlopu zdrowotnego", "vote": 0}, {"age": null, "album": "", "artist": null, "bookmarked": false, "comments": [], "date_published": "2024-10-23T13:32:53.502318+00:00", "description": "Fot: Nikodem Idzi", "id": 1375163, "language": "pl", "link": "https://deon.pl/kosciol/szczesliwa-ktora-slucha-diecezjalny-dzien-kobiet-w-nadarzynie,2954174", "manual_status_code": 0, "page_rating": 32, "page_rating_contents": 100, "page_rating_visits": 0, "page_rating_votes": 0, "permanent": false, "source__id": 83, "source_url": "https://deon.pl/rss", "status_code": 0, "tags": [], "thumbnail": "https://static.deon.pl/storage/image/core_files/2024/10/23/481249ac10b62d3d2acb93c1fee5b10b/jpg/deon/rss-thumbnail/P1054228.jpg", "title": "\"Szcz\u0119\u015bliwa, kt\u00f3ra s\u0142ucha\". Diecezjalny Dzie\u0144 Kobiet w Nadarzynie", "vote": 0}, {"age": null, "album": "", "artist": null, "bookmarked": false, "comments": [], "date_published": "2024-10-23T12:27:25.889679+00:00", "description": "Fot. Depositphotos", "id": 1374768, "language": "pl", "link": "https://deon.pl/swiat/lekarze-proponowali-przerwanie-ciazy-mimo-zespolu-takayasu-szczesliwie-urodzila,2953931", "manual_status_code": 0, "page_rating": 32, "page_rating_contents": 100, "page_rating_visits": 0, "page_rating_votes": 0, "permanent": false, "source__id": 83, "source_url": "https://deon.pl/rss", "status_code": 0, "tags": [], "thumbnail": "https://static.deon.pl/storage/image/core_files/2024/10/23/361ae5a4b71fb662ff20af71f050b068/jpg/deon/rss-thumbnail/Depositphotos_17138321_XL.jpg", "title": "Lekarze proponowali przerwanie ci\u0105\u017cy. Mimo zespo\u0142u Takayasu, szcz\u0119\u015bliwie urodzi\u0142a", "vote": 0}, {"age": null, "album": "", "artist": null, "bookmarked": false, "comments": [], "date_published": "2024-10-23T12:27:25.630968+00:00", "description": "Fot. depositphotos.com", "id": 1374767, "language": "pl", "link": "https://deon.pl/swiat/mezczyzna-obudzil-sie-podczas-pobierania-organow-mysleli-ze-nie-zyje,2953937", "manual_status_code": 0, "page_rating": 32, "page_rating_contents": 100, "page_rating_visits": 0, "page_rating_votes": 0, "permanent": false, "source__id": 83, "source_url": "https://deon.pl/rss", "status_code": 0, "tags": [], "thumbnail": "https://static.deon.pl/storage/image/core_files/2024/10/23/a83d828c6e9aa4c42b5d2247430363b9/jpg/deon/rss-thumbnail/Depositphotos_253689494_XL.jpg", "title": "M\u0119\u017cczyzna obudzi\u0142 si\u0119 podczas pobierania organ\u00f3w. My\u015bleli, \u017ce nie \u017cyje", "vote": 0}, {"age": null, "album": "", "artist": null, "bookmarked": false, "comments": [], "date_published": "2024-10-23T12:27:25.364925+00:00", "description": "Dominik Dubiel SJ (fot. jezuici.pl)", "id": 1374766, "language": "pl", "link": "https://deon.pl/wiara/dominik-dubiel-sj-o-najwiekszym-klamstwie-jakie-wdarlo-sie-do-katechezy-i-gloszenia,2953838", "manual_status_code": 0, "page_rating": 32, "page_rating_contents": 100, "page_rating_visits": 0, "page_rating_votes": 0, "permanent": false, "source__id": 83, "source_url": "https://deon.pl/rss", "status_code": 0, "tags": [], "thumbnail": "https://static.deon.pl/storage/image/core_files/2024/8/23/7308f322cacf4dee50f27a9bf8749512/webp/deon/rss-thumbnail/Dubiel.webp", "title": "Dominik Dubiel SJ o najwi\u0119kszym k\u0142amstwie, jakie wdar\u0142o si\u0119 do katechezy i g\u0142oszenia", "vote": 0}, {"age": null, "album": "", "artist": null, "bookmarked": false, "comments": [], "date_published": "2024-10-23T12:27:25.097604+00:00", "description": "Depositphotos.com (621251020)", "id": 1374765, "language": "pl", "link": "https://deon.pl/swiat/wiadomosci-z-polski/malopolskie-okradali-cmentarze-na-sadecczyznie-stana-przed-sadem,2954033", "manual_status_code": 0, "page_rating": 32, "page_rating_contents": 100, "page_rating_visits": 0, "page_rating_votes": 0, "permanent": false, "source__id": 83, "source_url": "https://deon.pl/rss", "status_code": 0, "tags": [], "thumbnail": "https://static.deon.pl/storage/image/core_files/2024/10/23/e98e0dccd28eae14b24286d0d734a890/jpg/deon/rss-thumbnail/Depositphotos_621251020_XL.jpg", "title": "Ma\u0142opolskie/ Okradali cmentarze na S\u0105decczy\u017anie; stan\u0105 przed s\u0105dem", "vote": 0}, {"age": null, "album": "", "artist": null, "bookmarked": false, "comments": [], "date_published": "2024-10-23T12:24:49+00:00", "description": "fot. Joanna Adamik | Archidiecezja Krakowska", "id": 1374769, "language": "pl", "link": "https://deon.pl/kosciol/abp-jedraszewski-zlozyl-rezygnacje-nowe-doniesienia-o-nastepcy,2953904", "manual_status_code": 0, "page_rating": 32, "page_rating_contents": 100, "page_rating_visits": 0, "page_rating_votes": 0, "permanent": false, "source__id": 83, "source_url": "https://deon.pl/rss", "status_code": 0, "tags": [], "thumbnail": "https://static.deon.pl/storage/image/core_files/2024/10/23/0e1e3219281535e7b5aabe9e9ae5c181/webp/deon/rss-thumbnail/abp-jedraszewski-o-slowach-jana-pawla-ii-ktore-nabieraja-dzis-szczegolnego-znaczenia.webp", "title": "Abp J\u0119draszewski z\u0142o\u017cy\u0142 rezygnacj\u0119. Nowe doniesienia o nast\u0119pcy", "vote": 0}, {"age": null, "album": "", "artist": null, "bookmarked": false, "comments": [], "date_published": "2024-10-23T11:22:14.911871+00:00", "description": "\u015ap. o. Zygmunt Perz SJ - fot. jezuici.pl/Depositphotos.com (645364042)", "id": 1374375, "language": "pl", "link": "https://deon.pl/kosciol/ostatnia-droga-o-zygmunta-perza-sj,2953805", "manual_status_code": 0, "page_rating": 32, "page_rating_contents": 100, "page_rating_visits": 0, "page_rating_votes": 0, "permanent": false, "source__id": 83, "source_url": "https://deon.pl/rss", "status_code": 0, "tags": [], "thumbnail": "https://static.deon.pl/storage/image/core_files/2024/10/23/a783917801fa1e547f97814b9edeb6f9/png/deon/rss-thumbnail/oz.png", "title": "Ostatnia droga o. Zygmunta Perza SJ", "vote": 0}, {"age": null, "album": "", "artist": null, "bookmarked": false, "comments": [], "date_published": "2024-10-23T11:22:14.434363+00:00", "description": "Depositphotos.com (159360898)", "id": 1374374, "language": "pl", "link": "https://deon.pl/kosciol/komentarze/wracac-do-domu-by-sluchac-przed-mowieniem,2953871", "manual_status_code": 0, "page_rating": 32, "page_rating_contents": 100, "page_rating_visits": 0, "page_rating_votes": 0, "permanent": false, "source__id": 83, "source_url": "https://deon.pl/rss", "status_code": 0, "tags": [], "thumbnail": "https://static.deon.pl/storage/image/core_files/2024/10/23/7b0a1d7d18da5dfef17283a6a9195d89/jpg/deon/rss-thumbnail/Depositphotos_159360898_XL.jpg", "title": "Wraca\u0107 do domu, by s\u0142ucha\u0107 przed m\u00f3wieniem", "vote": 0}, {"age": null, "album": "", "artist": null, "bookmarked": false, "comments": [], "date_published": "2024-10-23T11:22:13.988134+00:00", "description": "Fot. Dobre Media Nowej Ewangelizacji / YouTube", "id": 1374373, "language": "pl", "link": "https://deon.pl/kosciol/zwrot-w-sprawie-ks-michala-olszewskiego--jest-zmiana-zarzutow,2953826", "manual_status_code": 0, "page_rating": 32, "page_rating_contents": 100, "page_rating_visits": 0, "page_rating_votes": 0, "permanent": false, "source__id": 83, "source_url": "https://deon.pl/rss", "status_code": 0, "tags": [], "thumbnail": "https://static.deon.pl/storage/image/core_files/2024/10/23/44e74b13f6ae4d71605bd974ab98c400/webp/deon/rss-thumbnail/pilne-sad-zatrzymanie-ks-olszewskiego-zasadne-i-legalne-obronca-powiadomie-o-tym-komitet-ds-tortur.webp", "title": "Zwrot w sprawie ks. Micha\u0142a Olszewskiego \u2013 jest zmiana zarzut\u00f3w", "vote": 0}, {"age": null, "album": "", "artist": null, "bookmarked": false, "comments": [], "date_published": "2024-10-23T11:22:13.654631+00:00", "description": null, "id": 1374372, "language": "pl", "link": "https://deon.pl/inteligentne-zycie/zdrowie/po-piecdziesiatce-rob-to-codziennie-rano-bedziesz-miec-wiecej-energii,2953829", "manual_status_code": 0, "page_rating": 32, "page_rating_contents": 100, "page_rating_visits": 0, "page_rating_votes": 0, "permanent": false, "source__id": 83, "source_url": "https://deon.pl/rss", "status_code": 0, "tags": [], "thumbnail": "https://static.deon.pl/storage/image/core_files/2024/10/23/6fab27324c484262c2d5a2c9c80aeb1d/jpg/deon/rss-thumbnail/Depositphotos_523000164_XL.jpg", "title": "Po pi\u0119\u0107dziesi\u0105tce r\u00f3b to codziennie rano. B\u0119dziesz mie\u0107 wi\u0119cej energii", "vote": 0}, {"age": null, "album": "", "artist": null, "bookmarked": false, "comments": [], "date_published": "2024-10-23T10:17:01.039318+00:00", "description": "Zdj\u0119cie ilustracyjne. Fot. Depositphotos", "id": 1373996, "language": "pl", "link": "https://deon.pl/po-godzinach/jak-sie-ubrac-na-wszystkich-swietych-to-nie-jest-pokaz-mody,2953652", "manual_status_code": 0, "page_rating": 32, "page_rating_contents": 100, "page_rating_visits": 0, "page_rating_votes": 0, "permanent": false, "source__id": 83, "source_url": "https://deon.pl/rss", "status_code": 0, "tags": [], "thumbnail": "https://static.deon.pl/storage/image/core_files/2024/10/23/6971d994d7ce011540d7adabfbc31784/jpg/deon/rss-thumbnail/Depositphotos_744887800_XL.jpg", "title": "Jak si\u0119 ubra\u0107 na Wszystkich \u015awi\u0119tych? To nie jest pokaz mody", "vote": 0}, {"age": null, "album": "", "artist": null, "bookmarked": false, "comments": [], "date_published": "2024-10-23T09:11:21.135293+00:00", "description": "Fot. Vatican Media", "id": 1373676, "language": "pl", "link": "https://deon.pl/kosciol/serwis-papieski/franciszek-do-polakow-jan-pawel-ii-byl-papiezem-rodziny,2953622", "manual_status_code": 0, "page_rating": 32, "page_rating_contents": 100, "page_rating_visits": 0, "page_rating_votes": 0, "permanent": false, "source__id": 83, "source_url": "https://deon.pl/rss", "status_code": 0, "tags": [], "thumbnail": "https://static.deon.pl/storage/image/core_files/2024/10/23/bfbb18cc0b98ebb8b7eea5867e9f04de/png/deon/rss-thumbnail/Audiencja,%2023.10.2024,%20Vatican%20Media.png", "title": "Franciszek do Polak\u00f3w: Jan Pawe\u0142 II by\u0142 papie\u017cem rodziny", "vote": 0}, {"age": null, "album": "", "artist": null, "bookmarked": false, "comments": [], "date_published": "2024-10-23T09:11:21.006413+00:00", "description": "Ukraina, Kij\u00f3w pa\u017adziernik 2024 (Fot. PAP/EPA/SERGEY DOLZHENKO)", "id": 1373675, "language": "pl", "link": "https://deon.pl/swiat/ukraina-sie-wyludnia-onz-liczba-ludnosci-zmniejszyla-sie-o-ponad-10-mln-,2953643", "manual_status_code": 0, "page_rating": 32, "page_rating_contents": 100, "page_rating_visits": 0, "page_rating_votes": 0, "permanent": false, "source__id": 83, "source_url": "https://deon.pl/rss", "status_code": 0, "tags": [], "thumbnail": "https://static.deon.pl/storage/image/core_files/2024/10/23/67597b5696ee70e3e24047be8b9e836d/jpg/deon/rss-thumbnail/mid-epa11675081_2.jpg", "title": "Ukraina si\u0119 wyludnia. ONZ: liczba ludno\u015bci zmniejszy\u0142a si\u0119 o ponad 10 mln", "vote": 0}, {"age": null, "album": "", "artist": null, "bookmarked": false, "comments": [], "date_published": "2024-10-23T08:06:26.963835+00:00", "description": "Zdj\u0119cie ilustracyjne. Fot. Depositphotos", "id": 1373432, "language": "pl", "link": "https://deon.pl/swiat/osmiomiesieczna-dziewczynka-zostala-uznana-za-zmarla-obudzila-sie-w-trumnie,2953433", "manual_status_code": 0, "page_rating": 32, "page_rating_contents": 100, "page_rating_visits": 0, "page_rating_votes": 0, "permanent": false, "source__id": 83, "source_url": "https://deon.pl/rss", "status_code": 0, "tags": [], "thumbnail": "https://static.deon.pl/storage/image/core_files/2024/10/23/b3f061c36479b85451a6a9d94fc82dd6/jpg/deon/rss-thumbnail/Depositphotos_198800948_XL.jpg", "title": "O\u015bmiomiesi\u0119czna dziewczynka zosta\u0142a uznana za zmar\u0142\u0105. Obudzi\u0142a si\u0119 w trumnie", "vote": 0}, {"age": null, "album": "", "artist": null, "bookmarked": false, "comments": [], "date_published": "2024-10-23T08:06:26.879366+00:00", "description": "Barbara Sienkiewicz w wieku 60 lat urodzi\u0142a bli\u017aniaki (fot. Super Express News / YouTube.com)", "id": 1373431, "language": "pl", "link": "https://deon.pl/po-godzinach/60-latka-z-polski-urodzila-blizniaki-to-nic-w-porownaniu-z-najstarsza-matka-swiata,2953484", "manual_status_code": 0, "page_rating": 32, "page_rating_contents": 100, "page_rating_visits": 0, "page_rating_votes": 0, "permanent": false, "source__id": 83, "source_url": "https://deon.pl/rss", "status_code": 0, "tags": [], "thumbnail": "https://static.deon.pl/storage/image/core_files/2024/10/23/f7663a6b77202c5f8262adae3a149acf/jpg/deon/rss-thumbnail/sienkiewicz_20241023072637.jpg", "title": "60-latka z Polski urodzi\u0142a bli\u017aniaki. To nic w por\u00f3wnaniu z najstarsz\u0105 matk\u0105 \u015bwiata", "vote": 0}, {"age": null, "album": "", "artist": null, "bookmarked": false, "comments": [], "date_published": "2024-10-23T08:06:26.794605+00:00", "description": "Micha\u0142 Koterski a animacji wcieli\u0142 si\u0119 w posta\u0107 Nerona  (Fot. \u201eQuo vadis\u201d)", "id": 1373430, "language": "pl", "link": "https://deon.pl/swiat/quo-vadis-w-animowanej-odslonie-dla-calej-rodziny-michal-koterski-jako-neron,2953406", "manual_status_code": 0, "page_rating": 32, "page_rating_contents": 100, "page_rating_visits": 0, "page_rating_votes": 0, "permanent": false, "source__id": 83, "source_url": "https://deon.pl/rss", "status_code": 0, "tags": [], "thumbnail": "https://static.deon.pl/storage/image/core_files/2024/10/23/8f75e0f6da84b1c0f47b39ed92db446b/jpg/deon/rss-thumbnail/Qvo%20vadis.jpg", "title": "\u201eQuo vadis\u201d w animowanej ods\u0142onie dla ca\u0142ej rodziny. Micha\u0142 Koterski jako Neron", "vote": 0}, {"age": null, "album": "", "artist": null, "bookmarked": false, "comments": [], "date_published": "2024-10-23T08:06:26.706583+00:00", "description": "Papie\u017c Franciszek - fot. Grzegorz Ga\u0142\u0105zka", "id": 1373429, "language": "pl", "link": "https://deon.pl/kosciol/serwis-papieski/franciszek-malzenstwo-potrzebuje-wsparcia-ducha-swietego,2953571", "manual_status_code": 0, "page_rating": 32, "page_rating_contents": 100, "page_rating_visits": 0, "page_rating_votes": 0, "permanent": false, "source__id": 83, "source_url": "https://deon.pl/rss", "status_code": 0, "tags": [], "thumbnail": "https://static.deon.pl/storage/image/core_files/2024/10/23/0d5cc4647781d8b66917046b4de91df5/jpg/deon/rss-thumbnail/_ACC3613_20241023074259.jpg", "title": "Franciszek: ma\u0142\u017ce\u0144stwo potrzebuje wsparcia Ducha \u015awi\u0119tego", "vote": 0}, {"age": null, "album": "", "artist": null, "bookmarked": false, "comments": [], "date_published": "2024-10-23T08:06:26.611062+00:00", "description": "fot. depositphotos.com", "id": 1373428, "language": "pl", "link": "https://deon.pl/po-godzinach/strazaczka-wspomina-akcje-w-kamieniolomie-noc-na-dole-krzaki-malo-co-bylo-widac,2953199", "manual_status_code": 0, "page_rating": 32, "page_rating_contents": 100, "page_rating_visits": 0, "page_rating_votes": 0, "permanent": false, "source__id": 83, "source_url": "https://deon.pl/rss", "status_code": 0, "tags": [], "thumbnail": "https://static.deon.pl/storage/image/core_files/2024/10/22/598bb38ff5b3cd6a0676d11b679b658b/jpg/deon/rss-thumbnail/Depositphotos_221904996_L.jpg", "title": "Stra\u017caczka wspomina akcj\u0119 w kamienio\u0142omie: noc, na dole krzaki, ma\u0142o co by\u0142o wida\u0107", "vote": 0}, {"age": null, "album": "", "artist": null, "bookmarked": false, "comments": [], "date_published": "2024-10-23T07:03:07.614049+00:00", "description": "Zdj\u0119cie ilustracyjne. Fot. Depositphotos", "id": 1373206, "language": "pl", "link": "https://deon.pl/inteligentne-zycie/kiedy-przemoc-psychiczna-staje-sie-niewidzialnym-morderca-duszy,2950016", "manual_status_code": 0, "page_rating": 32, "page_rating_contents": 100, "page_rating_visits": 0, "page_rating_votes": 0, "permanent": false, "source__id": 83, "source_url": "https://deon.pl/rss", "status_code": 0, "tags": [], "thumbnail": "https://static.deon.pl/storage/image/core_files/2024/10/17/083b1ce188c3c50edc4dfb551da48cc9/jpg/deon/rss-thumbnail/Depositphotos_362667930_XL.jpg", "title": "Kiedy przemoc psychiczna staje si\u0119 niewidzialnym morderc\u0105 duszy", "vote": 0}, {"age": null, "album": "", "artist": null, "bookmarked": false, "comments": [], "date_published": "2024-10-23T07:03:07.521285+00:00", "description": "Kamala Harris (fot. PAP/EPA/JIM LO SCALZO)", "id": 1373205, "language": "pl", "link": "https://deon.pl/kosciol/kamala-harris-do-studentow-gloszacych-jezus-jest-panem-jestescie-na-zlym-wiecu,2953418", "manual_status_code": 0, "page_rating": 32, "page_rating_contents": 100, "page_rating_visits": 0, "page_rating_votes": 0, "permanent": false, "source__id": 83, "source_url": "https://deon.pl/rss", "status_code": 0, "tags": [], "thumbnail": "https://static.deon.pl/storage/image/core_files/2024/10/23/9d805bd607bf065e2032e57b2b7a0027/jpg/deon/rss-thumbnail/epa11673385.jpg", "title": "Kamala Harris do student\u00f3w g\u0142osz\u0105cych \"Jezus jest Panem!\": Jeste\u015bcie na z\u0142ym wiecu", "vote": 0}, {"age": null, "album": "", "artist": null, "bookmarked": false, "comments": [], "date_published": "2024-10-23T06:00:00+00:00", "description": "Zdj\u0119cie ilustracyjne (Fot. depositphotos.com/pl/HayDmitriy)", "id": 1373677, "language": "pl", "link": "https://deon.pl/po-godzinach/przepisy/dr-ewa-dabrowska-o-poscie-w-chorobach-metaboliczne-niedoczynnosc-tarczycy-ustepuje-,2933276", "manual_status_code": 0, "page_rating": 32, "page_rating_contents": 100, "page_rating_visits": 0, "page_rating_votes": 0, "permanent": false, "source__id": 83, "source_url": "https://deon.pl/rss", "status_code": 0, "tags": [], "thumbnail": "https://static.deon.pl/storage/image/core_files/2024/9/30/888447179532a2290fa61005cb62cbf7/jpg/deon/rss-thumbnail/Depositphotos_661658698_XL.jpg", "title": "Dr Ewa D\u0105browska o po\u015bcie w chorobach metaboliczne: niedoczynno\u015b\u0107 tarczycy ust\u0119puje", "vote": 0}]