[{"age": null, "album": "", "artist": null, "bookmarked": false, "comments": [], "date_published": "2024-10-23T13:13:56+00:00", "description": "<p>Months after the first teaser of the second season of Severance, Apple TV+ revealed a new trailer highlighting what to expect from the follow-up of &#8230;</p>\n<p>The post <a href=\"https://bgr.com/entertainment/severance-season-2-teaser-trailer-reveals-a-different-lumon-for-mark-scout/\">Severance season 2 teaser trailer reveals a different Lumon for Mark Scout</a> appeared first on <a href=\"https://bgr.com\">BGR</a>.</p>\n", "id": 1375344, "language": "en-US", "link": "https://bgr.com/entertainment/severance-season-2-teaser-trailer-reveals-a-different-lumon-for-mark-scout", "manual_status_code": 0, "page_rating": 32, "page_rating_contents": 100, "page_rating_visits": 0, "page_rating_votes": 0, "permanent": false, "source__id": 29, "source_url": "https://bgr.com/feed", "status_code": 0, "tags": [], "thumbnail": "https://bgr.com/wp-content/uploads/2024/10/severance-season-2-teaser-bgr.jpg?quality=82&h=1000#038;strip=all", "title": "Severance season 2 teaser trailer reveals a different Lumon for Mark Scout", "vote": 0}, {"age": null, "album": "", "artist": null, "bookmarked": false, "comments": [], "date_published": "2024-10-23T13:10:00+00:00", "description": "<p>The iPhone 16&#8216;s signature feature is, without a doubt, Apple Intelligence. That&#8217;s what the iPhone 16 marketing is all about. However, that signature feature is &#8230;</p>\n<p>The post <a href=\"https://bgr.com/tech/apple-exec-pulls-back-the-curtain-on-some-of-apple-intelligences-inner-workings/\">Apple exec pulls back the curtain on some of Apple Intelligence&#8217;s inner workings</a> appeared first on <a href=\"https://bgr.com\">BGR</a>.</p>\n", "id": 1375345, "language": "en-US", "link": "https://bgr.com/tech/apple-exec-pulls-back-the-curtain-on-some-of-apple-intelligences-inner-workings", "manual_status_code": 0, "page_rating": 32, "page_rating_contents": 100, "page_rating_visits": 0, "page_rating_votes": 0, "permanent": false, "source__id": 29, "source_url": "https://bgr.com/feed", "status_code": 0, "tags": [], "thumbnail": "https://bgr.com/wp-content/uploads/2024/08/ios-18-1-apple-intelligence-new-siri-bgr.jpg?quality=82&h=1000#038;strip=all", "title": "Apple exec pulls back the curtain on some of Apple Intelligence\u2019s inner workings", "vote": 0}, {"age": null, "album": "", "artist": null, "bookmarked": false, "comments": [], "date_published": "2024-10-23T12:03:00+00:00", "description": "<p>Today&#8217;s top deals include the deepest discount yet on Apple&#8217;s new Apple Watch Series 10, plus up to $70 off the Ultra 2. You can &#8230;</p>\n<p>The post <a href=\"https://bgr.com/deals/todays-deals-367-apple-watch-series-10-66-14-piece-cookware-set-99-230-piece-craftsman-tool-set-more/\">Today&#8217;s deals: $367 Apple Watch Series 10, $66 14-piece cookware set, $99 230-piece Craftsman tool set, more</a> appeared first on <a href=\"https://bgr.com\">BGR</a>.</p>\n", "id": 1374899, "language": "en-US", "link": "https://bgr.com/deals/todays-deals-367-apple-watch-series-10-66-14-piece-cookware-set-99-230-piece-craftsman-tool-set-more", "manual_status_code": 0, "page_rating": 32, "page_rating_contents": 100, "page_rating_visits": 0, "page_rating_votes": 0, "permanent": false, "source__id": 29, "source_url": "https://bgr.com/feed", "status_code": 0, "tags": [], "thumbnail": "https://bgr.com/wp-content/uploads/2023/04/BGR-Deals-Of-The-Day-2023-Wednesday.jpg?quality=82&h=1000#038;strip=all", "title": "Today\u2019s deals: $367 Apple Watch Series 10, $66 14-piece cookware set, $99 230-piece Craftsman tool set, more", "vote": 0}, {"age": null, "album": "", "artist": null, "bookmarked": false, "comments": [], "date_published": "2024-10-23T11:00:00+00:00", "description": "<p>Opera says the browser experience in two years will be vastly different than it is today. This is why the company is releasing Opera One &#8230;</p>\n<p>The post <a href=\"https://bgr.com/tech/opera-one-r2-update-released-with-new-ai-features-and-enhanced-tab-management/\">Opera One R2 update released with new AI features and enhanced tab management</a> appeared first on <a href=\"https://bgr.com\">BGR</a>.</p>\n", "id": 1374495, "language": "en-US", "link": "https://bgr.com/tech/opera-one-r2-update-released-with-new-ai-features-and-enhanced-tab-management", "manual_status_code": 0, "page_rating": 32, "page_rating_contents": 100, "page_rating_visits": 0, "page_rating_votes": 0, "permanent": false, "source__id": 29, "source_url": "https://bgr.com/feed", "status_code": 0, "tags": [], "thumbnail": "https://bgr.com/wp-content/uploads/2024/10/opera-one-r2-bgr.jpg?quality=82&h=1000#038;strip=all", "title": "Opera One R2 update released with new AI features and enhanced tab management", "vote": 0}, {"age": null, "album": "", "artist": null, "bookmarked": false, "comments": [], "date_published": "2024-10-23T02:22:00+00:00", "description": "<p>Thunderbolts* comes out on May 2nd, 2025, which means we have more than six months to go until we finally learn what that asterisk in &#8230;</p>\n<p>The post <a href=\"https://bgr.com/entertainment/thunderbolts-title-might-be-a-mind-blowing-surprise-you-didnt-see-coming/\">Thunderbolts* title might be a mind-blowing surprise you didn&#8217;t see coming</a> appeared first on <a href=\"https://bgr.com\">BGR</a>.</p>\n", "id": 1372513, "language": "en-US", "link": "https://bgr.com/entertainment/thunderbolts-title-might-be-a-mind-blowing-surprise-you-didnt-see-coming", "manual_status_code": 0, "page_rating": 32, "page_rating_contents": 100, "page_rating_visits": 0, "page_rating_votes": 0, "permanent": false, "source__id": 29, "source_url": "https://bgr.com/feed", "status_code": 0, "tags": [], "thumbnail": "https://bgr.com/wp-content/uploads/2024/09/thunderbolts-teaser-trailer-1-26.jpg?quality=82&h=1000#038;strip=all", "title": "Thunderbolts* title might be a mind-blowing surprise you didn\u2019t see coming", "vote": 0}, {"age": null, "album": "", "artist": null, "bookmarked": false, "comments": [], "date_published": "2024-10-23T01:29:00+00:00", "description": "<p>A TikToker has garnered quite a bit of attention after sharing a video of his homemade robot leaf blower. The entire contraption looks like something &#8230;</p>\n<p>The post <a href=\"https://bgr.com/tech/this-tiktoker-made-a-homemade-robot-leaf-blower/\">This TikToker made a homemade robot leaf blower</a> appeared first on <a href=\"https://bgr.com\">BGR</a>.</p>\n", "id": 1372318, "language": "en-US", "link": "https://bgr.com/tech/this-tiktoker-made-a-homemade-robot-leaf-blower", "manual_status_code": 0, "page_rating": 32, "page_rating_contents": 100, "page_rating_visits": 0, "page_rating_votes": 0, "permanent": false, "source__id": 29, "source_url": "https://bgr.com/feed", "status_code": 0, "tags": [], "thumbnail": "https://bgr.com/wp-content/uploads/2021/08/xiaomi-cyberdog-1.jpg?quality=82&h=1000#038;strip=all", "title": "This TikToker made a homemade robot leaf blower", "vote": 0}, {"age": null, "album": "", "artist": null, "bookmarked": false, "comments": [], "date_published": "2024-10-23T00:36:00+00:00", "description": "<p>In the final episode of Super Smash Bros. director Masahiro Sakurai&#8217;s long-running educational YouTube series, the game designer revealed that he has been working on &#8230;</p>\n<p>The post <a href=\"https://bgr.com/entertainment/super-smash-bros-director-has-been-working-on-a-secret-new-game-for-years/\">Super Smash Bros. director has been working on a secret new game for years</a> appeared first on <a href=\"https://bgr.com\">BGR</a>.</p>\n", "id": 1372104, "language": "en-US", "link": "https://bgr.com/entertainment/super-smash-bros-director-has-been-working-on-a-secret-new-game-for-years", "manual_status_code": 0, "page_rating": 32, "page_rating_contents": 100, "page_rating_visits": 0, "page_rating_votes": 0, "permanent": false, "source__id": 29, "source_url": "https://bgr.com/feed", "status_code": 0, "tags": [], "thumbnail": "https://bgr.com/wp-content/uploads/2024/10/Super-Smash-Bros-Ultimate.jpg?quality=82&h=1000#038;strip=all", "title": "Super Smash Bros. director has been working on a secret new game for years", "vote": 0}]