[{"age": null, "album": "", "artist": null, "bookmarked": false, "comments": [], "date_published": "2024-10-23T14:40:18.467524+00:00", "description": "The number of wildfires so far this year in Greece has reached 9,101, up from 7,163 last year, with 109,000 acres burnt, Kyriakos Mitsotakis said during a parliamentary debate on the matter.", "id": 1375616, "language": "en-US", "link": "https://www.lemonde.fr/en/climate/article/2024/10/23/greek-pm-condemns-most-difficult-climate-year-in-four-decades_6730231_96.html", "manual_status_code": 0, "page_rating": 27, "page_rating_contents": 86, "page_rating_visits": 0, "page_rating_votes": 0, "permanent": false, "source__id": 189, "source_url": "https://www.lemonde.fr/en/rss/une.xml", "status_code": 0, "tags": [], "thumbnail": "https://img.lemde.fr/2024/10/22/699/0/8387/4193/644/322/60/0/9aa712e_4bd5883fdf7b4a828b4519cca7497ddd-0-565911a9262a4766bd02485d5a1e7f81.jpg", "title": "Greek PM condemns most difficult climate year in four decades", "vote": 0}, {"age": null, "album": "", "artist": null, "bookmarked": false, "comments": [], "date_published": "2024-10-23T13:35:57.325579+00:00", "description": "An advisor to Kamala Harris on international issues, the Democratic diplomat is convinced that Vladimir Putin is trying to influence the US presidential election.", "id": 1375195, "language": "en-US", "link": "https://www.lemonde.fr/en/international/article/2024/10/23/wendy-sherman-russia-s-main-purpose-is-to-sow-division-in-the-united-states_6730227_4.html", "manual_status_code": 0, "page_rating": 27, "page_rating_contents": 86, "page_rating_visits": 0, "page_rating_votes": 0, "permanent": false, "source__id": 189, "source_url": "https://www.lemonde.fr/en/rss/une.xml", "status_code": 0, "tags": [], "thumbnail": "https://img.lemde.fr/2024/10/22/548/0/5473/2736/644/322/60/0/0f97992_1729613802540-063-1469219726.jpg", "title": "Wendy Sherman: Russia's 'main purpose is to sow division in the United States'", "vote": 0}, {"age": null, "album": "", "artist": null, "bookmarked": false, "comments": [], "date_published": "2024-10-23T12:56:41+00:00", "description": "Eminem introduced the former president at a rally in Detroit on Tuesday, before Obama started quoting lines from the rapper's hit 'Lose Yourself.'", "id": 1375196, "language": "en-US", "link": "https://www.lemonde.fr/en/united-states/article/2024/10/23/obama-raps-with-eminem-to-rally-support-for-harris-in-detroit_6730224_133.html", "manual_status_code": 0, "page_rating": 27, "page_rating_contents": 86, "page_rating_visits": 0, "page_rating_votes": 0, "permanent": false, "source__id": 189, "source_url": "https://www.lemonde.fr/en/rss/une.xml", "status_code": 0, "tags": [], "thumbnail": "https://img.lemde.fr/2024/10/23/286/0/3431/1715/644/322/60/0/6e1acf3_94522af3991f4a25b50ccbf113ac99c1-1-bf24b9870d314fc0bb0c9f98da1e2d25.jpg", "title": "Obama raps with Eminem to rally support for Harris in Detroit", "vote": 0}, {"age": null, "album": "", "artist": null, "bookmarked": false, "comments": [], "date_published": "2024-10-23T11:24:56.194911+00:00", "description": "Gis\u00e8le Pelicot took the stand on Wednesday to discuss the evidence presented so far in the Vaucluse criminal court, with her ex-husband and the main accused Dominique Pelicot watching from the dock.", "id": 1374400, "language": "en-US", "link": "https://www.lemonde.fr/en/france/article/2024/10/23/french-mass-rape-trial-the-shame-isn-t-ours-to-feel-it-s-theirs-says-gisele-pelicot_6730221_7.html", "manual_status_code": 0, "page_rating": 27, "page_rating_contents": 86, "page_rating_visits": 0, "page_rating_votes": 0, "permanent": false, "source__id": 189, "source_url": "https://www.lemonde.fr/en/rss/une.xml", "status_code": 0, "tags": [], "thumbnail": "https://img.lemde.fr/2024/10/23/216/0/2589/1294/644/322/60/0/6e52a40_2024-10-23t092829z-788845005-rc29qaafuijs-rtrmadp-3-france-justice.JPG", "title": "French mass rape trial: 'The shame isn't ours to feel, it's theirs,' says Gis\u00e8le Pelicot", "vote": 0}, {"age": null, "album": "", "artist": null, "bookmarked": false, "comments": [], "date_published": "2024-10-23T11:01:02+00:00", "description": "US Secretary of State Antony Blinken urged Israel to avoid further escalation with Iran. Israel is fighting Iran-backed Hamas in Gaza and Hezbollah in Lebanon and has pledged to hit back against Iran's October 1 missile strike.", "id": 1374794, "language": "en-US", "link": "https://www.lemonde.fr/en/middle-east-crisis/article/2024/10/23/us-says-now-is-the-time-to-end-gaza-war_6730209_368.html", "manual_status_code": 0, "page_rating": 27, "page_rating_contents": 86, "page_rating_visits": 0, "page_rating_votes": 0, "permanent": false, "source__id": 189, "source_url": "https://www.lemonde.fr/en/rss/une.xml", "status_code": 0, "tags": [], "thumbnail": "https://img.lemde.fr/2024/10/23/0/0/6000/3000/644/322/60/0/78d4c15_5041555-01-06.jpg", "title": "US says 'now is the time' to end Gaza war", "vote": 0}, {"age": null, "album": "", "artist": null, "bookmarked": false, "comments": [], "date_published": "2024-10-23T10:20:05.839146+00:00", "description": "Having stepped up its trade with Russia, which is under Western sanctions, China is promoting the use of national currencies in order to circumvent the dollar's dominance.", "id": 1374037, "language": "en-US", "link": "https://www.lemonde.fr/en/economy/article/2024/10/23/how-the-war-in-ukraine-is-accelerating-international-use-of-the-yuan_6730212_19.html", "manual_status_code": 0, "page_rating": 27, "page_rating_contents": 86, "page_rating_visits": 0, "page_rating_votes": 0, "permanent": false, "source__id": 189, "source_url": "https://www.lemonde.fr/en/rss/une.xml", "status_code": 0, "tags": [], "thumbnail": "https://img.lemde.fr/2024/10/21/612/0/5710/2855/644/322/60/0/654d582_1729514772757-413787.jpg", "title": "How the war in Ukraine is accelerating international use of the yuan", "vote": 0}, {"age": null, "album": "", "artist": null, "bookmarked": false, "comments": [], "date_published": "2024-10-23T10:20:03.350073+00:00", "description": "Judges and other civil servants are said to have improperly obtained disability certificates, enabling them to earn extra income and, potentially, avoid conscription.", "id": 1374036, "language": "en-US", "link": "https://www.lemonde.fr/en/international/article/2024/10/23/ukrainian-prosecutor-general-resigns-amid-corruption-scandals_6730210_4.html", "manual_status_code": 0, "page_rating": 27, "page_rating_contents": 86, "page_rating_visits": 0, "page_rating_votes": 0, "permanent": false, "source__id": 189, "source_url": "https://www.lemonde.fr/en/rss/une.xml", "status_code": 0, "tags": [], "thumbnail": "https://img.lemde.fr/2024/10/23/482/0/5782/2891/644/322/60/0/eda7728_1729665202017-063-1483137212.jpg", "title": "Ukrainian prosecutor general resigns amid corruption scandals", "vote": 0}, {"age": null, "album": "", "artist": null, "bookmarked": false, "comments": [], "date_published": "2024-10-23T10:20:00.067110+00:00", "description": "By describing some of Dominique Pelicot's 50 co-defendants as 'manipulable subjects,' psychiatrist Fran\u00e7ois Amic put the main accused back at the center of the trial. The argument about the need to individualize his co-defendants resurfaced.", "id": 1374034, "language": "en-US", "link": "https://www.lemonde.fr/en/france/article/2024/10/23/at-the-french-mass-rape-trial-defendants-are-given-rare-a-chance-to-reflect-on-their-actions-and-responsibility_6730218_7.html", "manual_status_code": 0, "page_rating": 27, "page_rating_contents": 86, "page_rating_visits": 0, "page_rating_votes": 0, "permanent": false, "source__id": 189, "source_url": "https://www.lemonde.fr/en/rss/une.xml", "status_code": 0, "tags": [], "thumbnail": "https://img.lemde.fr/2024/10/03/500/0/6000/3000/644/322/60/0/46eccb4_2024-10-03t121107z-441468709-rc20daa9uhkg-rtrmadp-3-france-justice.JPG", "title": "At the French mass rape trial, defendants are given rare a chance to reflect on their actions and responsibility", "vote": 0}, {"age": null, "album": "", "artist": null, "bookmarked": false, "comments": [], "date_published": "2024-10-23T09:14:48.275132+00:00", "description": "G\u00fclen, a preacher and opposition figure who died on October 21, founded Hizmet in the 1960s. Tens of thousands of its members fled to the US, Germany and Africa after the failed coup against President Erdogan on July 15, 2016.", "id": 1373702, "language": "en-US", "link": "https://www.lemonde.fr/en/international/article/2024/10/23/fethullah-gulen-s-movement-faces-uncertain-future_6730200_4.html", "manual_status_code": 0, "page_rating": 27, "page_rating_contents": 86, "page_rating_visits": 0, "page_rating_votes": 0, "permanent": false, "source__id": 189, "source_url": "https://www.lemonde.fr/en/rss/une.xml", "status_code": 0, "tags": [], "thumbnail": "https://img.lemde.fr/2024/10/21/544/0/3264/1632/644/322/60/0/9a1f62a_4141eb1604ae45199b5522c8109a8726-0-485f1b8a9b4f46049243f07f80f8a670.jpg", "title": "Fethullah G\u00fclen's movement faces uncertain future", "vote": 0}, {"age": null, "album": "", "artist": null, "bookmarked": false, "comments": [], "date_published": "2024-10-23T09:14:41.377532+00:00", "description": "The Republican candidate is not the first populist in the US, but he has broken the rules observed by his predecessors 30 years ago. His possible re-election on November 5 would profoundly unsettle the democratic system, writes Le Monde columnist Sylvie Kauffmann.", "id": 1373700, "language": "en-US", "link": "https://www.lemonde.fr/en/opinion/article/2024/10/23/seen-from-europe-trump-s-discursive-style-is-not-only-confusing-it-s-completely-off-the-rails_6730199_23.html", "manual_status_code": 0, "page_rating": 27, "page_rating_contents": 86, "page_rating_visits": 0, "page_rating_votes": 0, "permanent": false, "source__id": 189, "source_url": "https://www.lemonde.fr/en/rss/une.xml", "status_code": 0, "tags": [], "thumbnail": "https://img.lemde.fr/2024/10/23/92/0/2584/1292/644/322/60/0/30f3772_fa675601b6a94b4b9b582de4932a5443-0-d49cf8c72f5d46be8f512a0dc6863abb.jpg", "title": "'Seen from Europe, Trump's 'discursive style' is not only confusing, it's completely off the rails'", "vote": 0}, {"age": null, "album": "", "artist": null, "bookmarked": false, "comments": [], "date_published": "2024-10-23T05:30:08+00:00", "description": "This form of online activism, popularized by Anonymous, has been making a strong comeback in recent years. Its growth has notably been driven by governments, who see it as an ideal way of operating undercover.", "id": 1373701, "language": "en-US", "link": "https://www.lemonde.fr/en/pixels/article/2024/10/23/the-new-era-of-hacktivism_6730190_13.html", "manual_status_code": 0, "page_rating": 27, "page_rating_contents": 86, "page_rating_visits": 0, "page_rating_votes": 0, "permanent": false, "source__id": 189, "source_url": "https://www.lemonde.fr/en/rss/une.xml", "status_code": 0, "tags": [], "thumbnail": "https://img.lemde.fr/2024/10/11/115/0/3000/1500/644/322/60/0/ba0d1e8_1728660283980-hacktivisme.jpg", "title": "The new era of hacktivism", "vote": 0}, {"age": null, "album": "", "artist": null, "bookmarked": false, "comments": [], "date_published": "2024-10-23T03:50:14.823071+00:00", "description": "The Jameses are the first father and son to play in the NBA together during the Los Angeles Lakers' season opener against the Minnesota Timberwolves on Tuesday.", "id": 1372620, "language": "en-US", "link": "https://www.lemonde.fr/en/sports/article/2024/10/23/lebron-bronny-james-make-nba-history-with-father-son-appearance_6730185_9.html", "manual_status_code": 0, "page_rating": 27, "page_rating_contents": 86, "page_rating_visits": 0, "page_rating_votes": 0, "permanent": false, "source__id": 189, "source_url": "https://www.lemonde.fr/en/rss/une.xml", "status_code": 0, "tags": [], "thumbnail": "https://img.lemde.fr/2024/10/23/250/0/3000/1500/644/322/60/0/00df53e_5040254-01-06.jpg", "title": "LeBron, Bronny James make NBA history", "vote": 0}, {"age": null, "album": "", "artist": null, "bookmarked": false, "comments": [], "date_published": "2024-10-23T02:45:37.005689+00:00", "description": "Closed for renovation in 2018, the museum is now home to various collections, including the beautiful one by Pierre and Denise L\u00e9vy.", "id": 1372481, "language": "en-US", "link": "https://www.lemonde.fr/en/culture/article/2024/10/23/the-museum-of-modern-art-in-troyes-gets-a-facelift_6730178_30.html", "manual_status_code": 0, "page_rating": 27, "page_rating_contents": 86, "page_rating_visits": 0, "page_rating_votes": 0, "permanent": false, "source__id": 189, "source_url": "https://www.lemonde.fr/en/rss/une.xml", "status_code": 0, "tags": [], "thumbnail": "https://img.lemde.fr/2024/10/09/272/0/6720/3360/644/322/60/0/a432efc_1728478342674-cb-jardin-mam-112.jpg", "title": "The Museum of Modern Art in Troyes gets a facelift", "vote": 0}, {"age": null, "album": "", "artist": null, "bookmarked": false, "comments": [], "date_published": "2024-10-23T02:45:29.792597+00:00", "description": "At school, in the cafeteria, on the street, and sometimes at home too, the noise levels to which children are exposed are high, leading to stress and fatigue.", "id": 1372480, "language": "en-US", "link": "https://www.lemonde.fr/en/intimacy/article/2024/10/23/is-there-too-much-noise-for-our-children_6730182_310.html", "manual_status_code": 0, "page_rating": 27, "page_rating_contents": 86, "page_rating_visits": 0, "page_rating_votes": 0, "permanent": false, "source__id": 189, "source_url": "https://www.lemonde.fr/en/rss/une.xml", "status_code": 0, "tags": [], "thumbnail": "https://img.lemde.fr/2024/10/18/51/0/1280/640/644/322/60/0/361c5a2_1729294809495-street-2805643-1280.jpg", "title": "Is there too much noise for our children?", "vote": 0}, {"age": null, "album": "", "artist": null, "bookmarked": false, "comments": [], "date_published": "2024-10-23T01:37:22.218425+00:00", "description": "Defense ministers from Britain and Germany will sign the agreement in London on Wednesday.", "id": 1372279, "language": "en-US", "link": "https://www.lemonde.fr/en/international/article/2024/10/23/uk-and-germany-to-sign-a-defense-pact-to-counter-russia-s-threat_6730176_4.html", "manual_status_code": 0, "page_rating": 27, "page_rating_contents": 86, "page_rating_visits": 0, "page_rating_votes": 0, "permanent": false, "source__id": 189, "source_url": "https://www.lemonde.fr/en/rss/une.xml", "status_code": 0, "tags": [], "thumbnail": "https://img.lemde.fr/2024/10/21/535/0/6417/3208/644/322/60/0/2141494_2024-10-21t230803z-911301015-rc2aoaaqiunb-rtrmadp-3-britain-politics.JPG", "title": "UK and Germany to sign a defense pact to counter Russia's threat", "vote": 0}, {"age": null, "album": "", "artist": null, "bookmarked": false, "comments": [], "date_published": "2024-10-23T00:35:11.750859+00:00", "description": "The outbreak, which began in late September, spans 10 western states with most of the 49 cases concentrated in Colorado and Nebraska, the CDC said.", "id": 1372015, "language": "en-US", "link": "https://www.lemonde.fr/en/international/article/2024/10/23/one-death-and-dozens-sick-after-severe-e-coli-outbreak-linked-to-mcdonald-s-quarter-pounder-in-several-us-states_6730171_4.html", "manual_status_code": 0, "page_rating": 27, "page_rating_contents": 86, "page_rating_visits": 0, "page_rating_votes": 0, "permanent": false, "source__id": 189, "source_url": "https://www.lemonde.fr/en/rss/une.xml", "status_code": 0, "tags": [], "thumbnail": "https://img.lemde.fr/2024/10/22/347/0/4159/2079/644/322/60/0/a42f823_2024-10-22t223155z-1237944963-rc2xpaawpqf7-rtrmadp-3-mcdonald-s-corp-ecoli.JPG", "title": "One death and dozens sick after severe E. coli outbreak linked to McDonald's Quarter Pounder in several US States", "vote": 0}, {"age": null, "album": "", "artist": null, "bookmarked": false, "comments": [], "date_published": "2024-10-23T00:35:05.681232+00:00", "description": "With 14 days before Election Day, VP Kamala Harris was spending Tuesday in meetings in Washington, DC, and was scheduled to record TV interviews. The former Republican president was campaigning in North Carolina.", "id": 1372014, "language": "en-US", "link": "https://www.lemonde.fr/en/international/article/2024/10/23/trump-calls-harris-lazy-as-hell-vp-says-democrats-are-prepared-if-former-president-declares-victory-prematurely_6730174_4.html", "manual_status_code": 0, "page_rating": 27, "page_rating_contents": 86, "page_rating_visits": 0, "page_rating_votes": 0, "permanent": false, "source__id": 189, "source_url": "https://www.lemonde.fr/en/rss/une.xml", "status_code": 0, "tags": [], "thumbnail": "https://img.lemde.fr/2024/10/22/489/0/5865/2932/644/322/60/0/44fe995_2024-10-22t221432z-381177242-rc2qpaahm0k8-rtrmadp-3-usa-election-obama.JPG", "title": "Trump calls Harris 'lazy as hell,' VP says Democrats are prepared if former president declares victory prematurely", "vote": 0}, {"age": null, "album": "", "artist": null, "bookmarked": false, "comments": [], "date_published": "2024-10-23T00:35:00.109662+00:00", "description": "A dispute with Mexico, which demands an apology from the King of Spain, controversy over the meaning of the national holiday and decolonization within national museums... Spain is entangled in the legacy of the conquest of the Americas.", "id": 1372013, "language": "en-US", "link": "https://www.lemonde.fr/en/international/article/2024/10/23/the-conquista-a-source-of-pride-and-shame_6730170_4.html", "manual_status_code": 0, "page_rating": 27, "page_rating_contents": 86, "page_rating_visits": 0, "page_rating_votes": 0, "permanent": false, "source__id": 189, "source_url": "https://www.lemonde.fr/en/rss/une.xml", "status_code": 0, "tags": [], "thumbnail": "https://img.lemde.fr/2024/10/12/1170/0/7015/3507/644/322/60/0/686d17a_7c564b6d0b754072a070e8b3512fed57-0-2ab6287f9adb4c069c048adca88459e6.jpg", "title": "The Conquista, a source of pride and shame", "vote": 0}]