[{"age": null, "album": "", "artist": null, "bookmarked": false, "comments": [], "date_published": "2024-10-23T10:17:45+00:00", "description": "  \n\n    <figure>\n      <img alt=\"Screenshot from No Man\u2019s Sky The Cursed expedition event featuring a player on an alien planet looking up at a flying saucer with a glowing open hatch.\" src=\"https://cdn.vox-cdn.com/thumbor/x8YaeqYZQRvyW8Hm76lg_K1ND2c=/300x0:3540x2160/1310x873/cdn.vox-cdn.com/uploads/chorus_image/image/73672309/No_Man_s_Sky_The_Cursed_Screen_2.0.png\" />\n        <figcaption>Image: Hello Games</figcaption>\n    </figure>\n\n  <p id=\"1fUBPr\">The <a href=\"https://www.nomanssky.com/2024/10/expedition-sixteen-the-cursed/\">latest <em>No Man\u2019s Sky</em> event</a> will have players straddling the boundary between this world and the next. The Cursed expedition event runs for the next two weeks and features new bosses, new gear, a flying saucer, and a UFO players can make their own.</p>\n<p id=\"LMx73c\">As with every new <em>NMS</em> event, the developers at Hello Games are changing up how the game works. The Cursed takes place in a new universe where the line between life and... unlif", "id": 1375483, "language": null, "link": "https://www.theverge.com/2024/10/23/24277582/no-mans-sky-the-cursed-expedition-halloween-event", "manual_status_code": 0, "page_rating": 27, "page_rating_contents": 85, "page_rating_visits": 0, "page_rating_votes": 0, "permanent": false, "source__id": 359, "source_url": "https://www.theverge.com/rss/index.xml", "status_code": 0, "tags": [], "thumbnail": null, "title": "Get cursed in the latest No Man\u2019s Sky event", "vote": 0}, {"age": null, "album": "", "artist": null, "bookmarked": false, "comments": [], "date_published": "2024-10-23T10:05:34+00:00", "description": "  \n\n    <figure>\n      <img alt=\"A Vision Pro sitting on the back of a couch.\" src=\"https://cdn.vox-cdn.com/thumbor/-ImPqSkluUzNwZ_Bs2bFBJlun1M=/0x0:2700x1800/1310x873/cdn.vox-cdn.com/uploads/chorus_image/image/73672292/246965_vision_pro_VPavic_0001.0.jpg\" />\n        <figcaption>Photo by Vjeran Pavic / The Verge</figcaption>\n    </figure>\n\n  <p id=\"pRxDf9\">A new report from <a href=\"https://www.theinformation.com/articles/apple-sharply-scales-back-production-of-vision-pro\"><em>The Information</em></a> cites \u201cmultiple people\u201d involved in making parts for Apple\u2019s Vision Pro headset to say that production plans have been scaled back in recent months. This follows a Tim Cook interview published this weekend by <a href=\"https://www.wsj.com/style/tim-cook-interview-apple-intelligence-vision-pro-48c59018\"><em>WSJ. Magazine</em></a>, where he said, \u201cObviously I\u2019d like to sell more,\u201d but acknowledged that \u201cAt $3,500, it\u2019s not a mass-market product.\u201d  </p>\n<p id=\"pyF9nN\">That aligns with <a hre", "id": 1375484, "language": null, "link": "https://www.theverge.com/2024/10/23/24277584/apple-vision-pro-manufacturing-cutback", "manual_status_code": 0, "page_rating": 27, "page_rating_contents": 85, "page_rating_visits": 0, "page_rating_votes": 0, "permanent": false, "source__id": 359, "source_url": "https://www.theverge.com/rss/index.xml", "status_code": 0, "tags": [], "thumbnail": null, "title": "Apple\u2019s reportedly slowing down Vision Pro production, for now", "vote": 0}, {"age": null, "album": "", "artist": null, "bookmarked": false, "comments": [], "date_published": "2024-10-23T10:00:00+00:00", "description": "  \n\n    <figure>\n      <img alt=\"\" src=\"https://cdn.vox-cdn.com/thumbor/cZjk38fxDuqdrJJ8d4lQukPuE18=/781x0:9219x5625/1310x873/cdn.vox-cdn.com/uploads/chorus_image/image/73672255/eero_Outdoor_7___Sun.0.jpg\" />\n        <figcaption><em>Eero Outdoor 7 is the company\u2019s first outdoor-rated Wi-Fi access point.</em> | Image: Eero</figcaption>\n    </figure>\n\n  <p id=\"eJPXRG\"></p>\n<p id=\"v9ySd6\">Mesh Wi-Fi pioneer Eero is tackling a new frontier: the outdoors. Today, the Amazon-owned company <a href=\"https://www.aboutamazon.com/news/devices/eero-wifi-outdoor\">announced</a> the <a href=\"https://eero.com/shop/eero-outdoor-7\">Eero Outdoor 7</a>. Starting at $349.99, the dual-band 2.4 and 5Ghz <a href=\"https://www.theverge.com/23902812/wi-fi-7-explained\">Wi-Fi 7 access point</a> boasts an IP66 rating and can provide up to 15,000 square feet of outdoor coverage with speeds of up to 2.1Gbps. That should be enough to stream movies to your outdoor TV or projector, get good connectivity for your securit", "id": 1375485, "language": null, "link": "https://www.theverge.com/2024/10/23/24277515/eero-outdoor-7-wifi-outdoor-access-point-price-release-date-specs", "manual_status_code": 0, "page_rating": 27, "page_rating_contents": 85, "page_rating_visits": 0, "page_rating_votes": 0, "permanent": false, "source__id": 359, "source_url": "https://www.theverge.com/rss/index.xml", "status_code": 0, "tags": [], "thumbnail": null, "title": "Eero\u2019s new product takes Wi-Fi beyond your walls", "vote": 0}, {"age": null, "album": "", "artist": null, "bookmarked": false, "comments": [], "date_published": "2024-10-23T09:49:14+00:00", "description": "  \n\n    <figure>\n      <img alt=\"The Marantz Grand Horizon wireless speaker sitting atop a wooden tripod in a living room.\" src=\"https://cdn.vox-cdn.com/thumbor/EP6eO4kru3FW3TZNL3YaLhsaocI=/0x0:1418x945/1310x873/cdn.vox-cdn.com/uploads/chorus_image/image/73672199/marantz1.0.jpg\" />\n        <figcaption><em>For an extra $700 you buy a matching wooden tripod for Marantz\u2019s new wireless speakers.</em> | Image: Marantz</figcaption>\n    </figure>\n\n  <p id=\"X0dSXm\">Marantz, a 70-year-old brand best known for high-end audio gear like amplifiers and receivers, announced its first speakers this week. The Marantz Horizon and Grand Horizon both pair an array of drivers with a central subwoofer and feature robust wireless connectivity with direct access to streaming services.</p>\n<p id=\"fAMqH2\">Both speakers will be available starting on January 14th, 2025, in three different colorways: midnight sky, moon ray, and champagne. The <a href=\"https://go.redirectingat.com?id=66960X1514734&amp;xs=1&amp;ur", "id": 1375486, "language": null, "link": "https://www.theverge.com/2024/10/23/24277535/marantz-wireless-speaker-grand-horizon-streaming", "manual_status_code": 0, "page_rating": 27, "page_rating_contents": 85, "page_rating_visits": 0, "page_rating_votes": 0, "permanent": false, "source__id": 359, "source_url": "https://www.theverge.com/rss/index.xml", "status_code": 0, "tags": [], "thumbnail": null, "title": "Marantz\u2019s first speakers look like works of art", "vote": 0}, {"age": null, "album": "", "artist": null, "bookmarked": false, "comments": [], "date_published": "2024-10-23T09:00:00+00:00", "description": "  \n\n    <figure>\n      <img alt=\"A still photo from season 2 of Severance.\" src=\"https://cdn.vox-cdn.com/thumbor/UjBYLkFMHUCRN5dpDu-h0XqXSOA=/716x0:3125x1606/1310x873/cdn.vox-cdn.com/uploads/chorus_image/image/73672042/SEV2_first_look_1.0.jpg\" />\n        <figcaption>Image: Apple</figcaption>\n    </figure>\n\n  <p id=\"FPgcWe\">Like a lot of tech companies, Lumon Industries is instituting a return-to-office policy for employees, but of course, this version looks a little scarier than real life. At least, that\u2019s how it seems based on the first proper trailer for <a href=\"https://www.theverge.com/23268501/severance-season-2-trailer-date-apple-tv-plus\">season 2 of <em>Severance</em></a><em>.</em></p>\n<p id=\"Ms8mDZ\">Following last season\u2019s <a href=\"https://www.theverge.com/22929661/severance-review-apple-tv-plus\">incredibly tense finale</a>, the show picks up with Mark S (Adam Scott) heading back to Lumon to find things a little different than he remembers them, including a number of his cowor", "id": 1375048, "language": null, "link": "https://www.theverge.com/2024/10/23/24277021/severance-season-2-trailer-apple-tv-plus", "manual_status_code": 0, "page_rating": 27, "page_rating_contents": 85, "page_rating_visits": 0, "page_rating_votes": 0, "permanent": false, "source__id": 359, "source_url": "https://www.theverge.com/rss/index.xml", "status_code": 0, "tags": [], "thumbnail": null, "title": "Severance looks like a terrifying return to office in new season 2 trailer", "vote": 0}, {"age": null, "album": "", "artist": null, "bookmarked": false, "comments": [], "date_published": "2024-10-23T08:45:00+00:00", "description": "  \n\n    <figure>\n      <img alt=\"\" src=\"https://cdn.vox-cdn.com/thumbor/QWXQNGbd4rlwcSAa8xN-_Zcfa-4=/0x38:2388x1630/1310x873/cdn.vox-cdn.com/uploads/chorus_image/image/73672018/IMG_1015.0.png\" />\n        <figcaption>Image: Adobe</figcaption>\n    </figure>\n\n  <p id=\"2lZKwZ\">Adobe is attempting to lure illustrators to join its creative software platform by <a href=\"https://go.redirectingat.com?id=66960X1514734&amp;xs=1&amp;url=https%3A%2F%2Fwww.adobe.com%2Fproducts%2Ffresco.html&amp;referrer=theverge.com&amp;sref=https%3A%2F%2Fwww.theverge.com%2F2024%2F10%2F23%2F24277533%2Fadobe-fresco-painting-app-free-availablility-procreate\" rel=\"sponsored nofollow noopener\" target=\"_blank\">making its dedicated drawing and painting app</a> entirely free for everyone. Fresco is essentially Adobe\u2019s answer to apps like <a href=\"https://www.theverge.com/2019/9/6/20847944/procreate-5-valkyrie-photoshop-brushes-color-profiles-cmyk\">Procreate</a> and <a href=\"https://www.theverge.com/2023/3/16/23643449/clip", "id": 1375049, "language": null, "link": "https://www.theverge.com/2024/10/23/24277533/adobe-fresco-painting-app-free-availablility-procreate", "manual_status_code": 0, "page_rating": 27, "page_rating_contents": 85, "page_rating_visits": 0, "page_rating_votes": 0, "permanent": false, "source__id": 359, "source_url": "https://www.theverge.com/rss/index.xml", "status_code": 0, "tags": [], "thumbnail": null, "title": "Adobe made its painting app completely free to take on Procreate", "vote": 0}, {"age": null, "album": "", "artist": null, "bookmarked": false, "comments": [], "date_published": "2024-10-23T08:41:05+00:00", "description": "  \n\n    <figure>\n      <img alt=\"Hand holding phone with Instagram icon against illustrated background\" src=\"https://cdn.vox-cdn.com/thumbor/CkIwNEeZ4cbMaiqIa9mBuSc4Ut4=/0x0:2040x1360/1310x873/cdn.vox-cdn.com/uploads/chorus_image/image/73672016/HT014_instagram_0008.0.jpg\" />\n        <figcaption>Illustration by Samar Haddad / The Verge</figcaption>\n    </figure>\n\n  <p id=\"obfXwn\">Anyone who has followed a social network knows that sometimes the most innocuous post can attract unpleasant responses, especially on apps like Instagram, where your content \u2014 whether video, image, or text \u2014 can be out there for anyone to see. There are any number of reasons you might want to set your account to private, even if only temporarily. It would make it so that only people you approve can follow you and see the stuff you post on your grid or in your Stories. </p>\n<p id=\"lpKflV\">This isn\u2019t a perfect solution. For example, although only your followers can see your posts while your account is private, s", "id": 1375050, "language": null, "link": "https://www.theverge.com/24267793/instagram-account-meta-privacy-how-to", "manual_status_code": 0, "page_rating": 27, "page_rating_contents": 85, "page_rating_visits": 0, "page_rating_votes": 0, "permanent": false, "source__id": 359, "source_url": "https://www.theverge.com/rss/index.xml", "status_code": 0, "tags": [], "thumbnail": null, "title": "How to switch your Instagram account from public to private", "vote": 0}, {"age": null, "album": "", "artist": null, "bookmarked": false, "comments": [], "date_published": "2024-10-23T06:35:07+00:00", "description": "  \n\n    <figure>\n      <img alt=\"A trippy graphic displaying a collection of items like paintbrushes, books, phone messages, and a notepad to represent generative AI. A large pair of eyes and hands can be seen at the center of the image.\" src=\"https://cdn.vox-cdn.com/thumbor/S9_ur5sr6BIg5HMjK7lc7XBBC-k=/0x0:2040x1360/1310x873/cdn.vox-cdn.com/uploads/chorus_image/image/73671831/AI_art_chat_H_Jeong_1.0.jpg\" />\n        <figcaption>Illustration by Haein Jeong / The Verge</figcaption>\n    </figure>\n\n  <p id=\"MXRv0H\">The upcoming release of Apple Intelligence has spurred the iPhone maker\u2019s own \u201cwhat is a photo?\u201d moment. In <a href=\"https://www.wsj.com/tech/personal-tech/apple-intelligence-3833c320\">an interview with <em>The Wall Street Journal</em></a>, Apple software chief Craig Federighi said the company is aiming to provide AI-powered image editing tools that preserve photo authenticity.</p>\n<p id=\"FPvO8S\">\u201cOur products, our phones, are used <em>a lot</em>,\u201d said Federighi. \u201cIt\u2019s importa", "id": 1374284, "language": null, "link": "https://www.theverge.com/2024/10/23/24277489/apple-intelligence-iphone-ai-photo-editing-craig-federighi-interview", "manual_status_code": 0, "page_rating": 27, "page_rating_contents": 85, "page_rating_visits": 0, "page_rating_votes": 0, "permanent": false, "source__id": 359, "source_url": "https://www.theverge.com/rss/index.xml", "status_code": 0, "tags": [], "thumbnail": null, "title": "Apple is \u2018concerned\u2019 about AI turning real photos into \u2018fantasy\u2019", "vote": 0}]