[{"age": null, "album": "", "artist": null, "bookmarked": false, "comments": [], "date_published": "2024-10-23T13:51:25+00:00", "description": "\n<div id=\"link_wrapped_content\">\n<body><section class=\"wp-block-bigbite-multi-title\"><div class=\"container\"></div></section>\n\n\n\n<p>Keeping your phone (and other devices) up and running even while on the go is essential these days, so a reliable power bank is something you should have in your pocket or bag at all times.</p>\n\n\n\n<p>Anker is one of the most reliable names in the power bank space, and right now <a href=\"https://www.amazon.com/Anker-High-Speed-Portable-Charger-Battery/dp/B0CZ9LH53B/\">their Zolo power bank is down to $23.03 on Amazon</a>, which is a hefty 40 percent discount off its original $36 MSRP. (Make sure to clip the on-page 20 percent coupon to get this deal price!)</p>\n\n\n\n<p>To start things off, let me just admire how small this power bank is despite packing this much charging power. High-capacity power banks usually look like bricks, but this one is about two-thirds the size of a modern phone. While it\u2019s a <em>tad</em> bulky, it\u2019s still quite portable for sure.</p>", "id": 1375343, "language": null, "link": "https://www.pcworld.com/article/2498290/anker-high-speed-power-bank-with-built-in-usb-c-cable-is-40-off.html", "manual_status_code": 0, "page_rating": 29, "page_rating_contents": 90, "page_rating_visits": 0, "page_rating_votes": 0, "permanent": false, "source__id": 246, "source_url": "https://www.pcworld.com/feed", "status_code": 0, "tags": [], "thumbnail": null, "title": "Anker\u2019s high-speed power bank with built-in USB-C cable is 40% off", "vote": 0}, {"age": null, "album": "", "artist": null, "bookmarked": false, "comments": [], "date_published": "2024-10-23T10:30:00+00:00", "description": "\n<div id=\"link_wrapped_content\">\n<body><section class=\"wp-block-bigbite-multi-title\"><div class=\"container\"></div></section>\n\n\n\n<p>PowerToys Workspaces is one of the latest additions to Microsoft\u2019s suite of PowerToys apps, as well as one of the simplest and most powerful. It takes just a couple of seconds to set up an arrangement of windows exactly how you want, save it, then launch it all with just a click.</p>\n\n\n\n<p>It\u2019s a very easy way to start your day, especially after rebooting your PC or after a long weekend. In fact, I just realized that I \u2014 rather stupidly \u2014 reproduce what Workspaces does every day, when I could have PowerToys do it for me automatically.</p>\n\n\n\n<p>First, a brief recap: <a href=\"https://www.pcworld.com/article/563788/seven-ways-in-which-microsofts-powertoys-improves-my-life.html\">PowerToys is a collection of free Windows utilities</a>, directly from Microsoft. You\u2019ll need to download the app directly from Microsoft, then enable any or all of the PowerToys apps", "id": 1374177, "language": null, "link": "https://www.pcworld.com/article/2490582/how-to-use-powertoys-workspaces-to-finesse-your-windows-desktop.html", "manual_status_code": 0, "page_rating": 29, "page_rating_contents": 90, "page_rating_visits": 0, "page_rating_votes": 0, "permanent": false, "source__id": 246, "source_url": "https://www.pcworld.com/feed", "status_code": 0, "tags": [], "thumbnail": null, "title": "How to use PowerToys Workspaces to finesse your Windows desktop", "vote": 0}, {"age": null, "album": "", "artist": null, "bookmarked": false, "comments": [], "date_published": "2024-10-23T08:00:00+00:00", "description": "\n<div id=\"link_wrapped_content\">\n<body><section class=\"wp-block-bigbite-multi-title\"><div class=\"container\"></div></section>\n\n\n\n<p><strong>TL;DR:</strong>\u00a0Get a three-month membership to\u00a0<a href=\"https://shop.pcworld.com/sales/xbox-game-pass-ultimate-xbox-series-x-s-xbox-one-windows?utm_source=pcworld.com&utm_medium=referral&utm_campaign=xbox-game-pass-ultimate-xbox-series-x-s-xbox-one-windows&utm_term=scsf-607298&utm_content=a0xRn000002TC35IAG&scsonar=1\" target=\"_blank\" rel=\"noreferrer noopener\">Xbox Game Pass Ultimate for $36.49</a>\u00a0and enjoy the cold winter months inside with your Xbox.</p>\n\n\n\n<p>Are you ready to take your gaming experience to the next level? With three months of Xbox Game Pass Ultimate for $36.49, you\u2019ll gain access to an extensive\u00a0<a href=\"https://shop.pcworld.com/sales/xbox-game-pass-ultimate-xbox-series-x-s-xbox-one-windows?utm_source=pcworld.com&utm_medium=referral&utm_campaign=xbox-game-pass-ultimate-xbox-series-x-s-xbox-one-windows&utm_term=scsf-607298&utm_c", "id": 1373519, "language": null, "link": "https://www.pcworld.com/article/2496146/game-to-your-hearts-content-this-winter-with-this-xbox-game-pass-ultimate-deal.html", "manual_status_code": 0, "page_rating": 29, "page_rating_contents": 90, "page_rating_visits": 0, "page_rating_votes": 0, "permanent": false, "source__id": 246, "source_url": "https://www.pcworld.com/feed", "status_code": 0, "tags": [], "thumbnail": null, "title": "Game to your heart\u2019s content this winter with this Xbox Game Pass Ultimate deal", "vote": 0}]