[{"age": null, "album": "", "artist": null, "bookmarked": false, "comments": [], "date_published": "2024-10-23T10:01:34+00:00", "description": "On the first day of Pwn2Own Ireland, participants demonstrated\u00a052 zero-day vulnerabilities across a range of devices, earning a total of $486,250 in cash prizes. [...]", "id": 1375615, "language": "en-US", "link": "https://www.bleepingcomputer.com/news/security/hackers-exploit-52-zero-days-on-the-first-day-of-pwn2own-ireland", "manual_status_code": 0, "page_rating": 27, "page_rating_contents": 86, "page_rating_visits": 0, "page_rating_votes": 0, "permanent": false, "source__id": 40, "source_url": "https://www.bleepingcomputer.com/feed/", "status_code": 0, "tags": [], "thumbnail": null, "title": "Hackers exploit 52 zero-days on the first day of Pwn2Own Ireland", "vote": 0}]