[{"age": null, "album": "", "artist": null, "bookmarked": false, "comments": [], "date_published": "2024-10-23T14:13:40+00:00", "description": "Ad campaign focused on Gaza in key swing states invokes &#039;anti-Semitic and anti-Arab&#039; bigotry, advocate says.", "id": 1375416, "language": "en-US", "link": "https://www.aljazeera.com/news/2024/10/23/how-republican-linked-ads-stir-israel-tensions-to-undermine-kamala-harris?traffic_source=rss", "manual_status_code": 0, "page_rating": 27, "page_rating_contents": 86, "page_rating_visits": 0, "page_rating_votes": 0, "permanent": false, "source__id": 14, "source_url": "https://www.aljazeera.com/xml/rss/all.xml", "status_code": 0, "tags": [], "thumbnail": null, "title": "How Republican-linked ads stir Israel tensions to undermine Kamala Harris", "vote": 0}, {"age": null, "album": "", "artist": null, "bookmarked": false, "comments": [], "date_published": "2024-10-23T14:12:08+00:00", "description": "The US Republican presidential candidate has filed a legal complaint against UK&#039;s governing party for meddling. ", "id": 1375417, "language": "en-US", "link": "https://www.aljazeera.com/news/2024/10/23/why-has-trump-accused-the-uks-labour-party-of-election-interference?traffic_source=rss", "manual_status_code": 0, "page_rating": 27, "page_rating_contents": 86, "page_rating_visits": 0, "page_rating_votes": 0, "permanent": false, "source__id": 14, "source_url": "https://www.aljazeera.com/xml/rss/all.xml", "status_code": 0, "tags": [], "thumbnail": null, "title": "Why has Trump accused the UK\u2019s Labour Party of election interference?", "vote": 0}, {"age": null, "album": "", "artist": null, "bookmarked": false, "comments": [], "date_published": "2024-10-23T13:49:07+00:00", "description": "An unlikely friendship is budding between Budapest and N&#039;Djamena with the goal of stemming migration to Europe.", "id": 1375418, "language": "en-US", "link": "https://www.aljazeera.com/news/2024/10/23/why-is-hungarys-orban-sending-soldiers-to-chad?traffic_source=rss", "manual_status_code": 0, "page_rating": 27, "page_rating_contents": 86, "page_rating_visits": 0, "page_rating_votes": 0, "permanent": false, "source__id": 14, "source_url": "https://www.aljazeera.com/xml/rss/all.xml", "status_code": 0, "tags": [], "thumbnail": null, "title": "Why is Hungary\u2019s Orban sending soldiers to Chad?", "vote": 0}, {"age": null, "album": "", "artist": null, "bookmarked": false, "comments": [], "date_published": "2024-10-23T13:42:50+00:00", "description": "This is a breaking news story, more details to follow.", "id": 1375419, "language": "en-US", "link": "https://www.aljazeera.com/news/2024/10/23/dead-and-wounded-in-attack-near-ankara-turkish-minister-says?traffic_source=rss", "manual_status_code": 0, "page_rating": 27, "page_rating_contents": 86, "page_rating_visits": 0, "page_rating_votes": 0, "permanent": false, "source__id": 14, "source_url": "https://www.aljazeera.com/xml/rss/all.xml", "status_code": 0, "tags": [], "thumbnail": null, "title": "\u2018Dead and wounded\u2019 in attack near Turkey\u2019s Ankara, minister says", "vote": 0}, {"age": null, "album": "", "artist": null, "bookmarked": false, "comments": [], "date_published": "2024-10-23T13:07:04+00:00", "description": "Seoul&#039;s intelligence agency says double the number of soldiers previously stated sent to fight against Ukraine.", "id": 1375420, "language": "en-US", "link": "https://www.aljazeera.com/news/2024/10/23/us-says-evidence-north-korea-has-sent-troops-to-russia?traffic_source=rss", "manual_status_code": 0, "page_rating": 27, "page_rating_contents": 86, "page_rating_visits": 0, "page_rating_votes": 0, "permanent": false, "source__id": 14, "source_url": "https://www.aljazeera.com/xml/rss/all.xml", "status_code": 0, "tags": [], "thumbnail": null, "title": "US says \u2018evidence\u2019 North Korea has sent troops to Russia", "vote": 0}, {"age": null, "album": "", "artist": null, "bookmarked": false, "comments": [], "date_published": "2024-10-23T12:56:26+00:00", "description": "Pro-Palestine protesters at the University of Minnesota were arrested after staging a sit-in inside a university hall.", "id": 1374985, "language": "en-US", "link": "https://www.aljazeera.com/program/newsfeed/2024/10/23/pro-palestinian-protesters-in-us-rename-historic-university-hall?traffic_source=rss", "manual_status_code": 0, "page_rating": 27, "page_rating_contents": 86, "page_rating_visits": 0, "page_rating_votes": 0, "permanent": false, "source__id": 14, "source_url": "https://www.aljazeera.com/xml/rss/all.xml", "status_code": 0, "tags": [], "thumbnail": null, "title": "Pro-Palestinian protesters in US rename historic university hall", "vote": 0}, {"age": null, "album": "", "artist": null, "bookmarked": false, "comments": [], "date_published": "2024-10-23T12:27:25+00:00", "description": "Dozens of blindfolded Palestinian men can be seen being taken away in Israeli military trucks.", "id": 1374986, "language": "en-US", "link": "https://www.aljazeera.com/program/newsfeed/2024/10/23/video-shows-blindfolded-palestinians-taken-for-interrogation?traffic_source=rss", "manual_status_code": 0, "page_rating": 27, "page_rating_contents": 86, "page_rating_visits": 0, "page_rating_votes": 0, "permanent": false, "source__id": 14, "source_url": "https://www.aljazeera.com/xml/rss/all.xml", "status_code": 0, "tags": [], "thumbnail": null, "title": "Video shows blindfolded Palestinians taken for interrogation", "vote": 0}, {"age": null, "album": "", "artist": null, "bookmarked": false, "comments": [], "date_published": "2024-10-23T12:15:02+00:00", "description": "Keir Starmer bats away accusations that Labour volunteers backing Kamala Harris made \u2018illegal&#039; foreign contributions.", "id": 1374987, "language": "en-US", "link": "https://www.aljazeera.com/news/2024/10/23/uk-pm-says-can-have-good-ties-with-trump-after-us-interference-claims?traffic_source=rss", "manual_status_code": 0, "page_rating": 27, "page_rating_contents": 86, "page_rating_visits": 0, "page_rating_votes": 0, "permanent": false, "source__id": 14, "source_url": "https://www.aljazeera.com/xml/rss/all.xml", "status_code": 0, "tags": [], "thumbnail": null, "title": "UK PM says ties with Trump \u2018good\u2019 after US election \u2018interference\u2019 claims", "vote": 0}, {"age": null, "album": "", "artist": null, "bookmarked": false, "comments": [], "date_published": "2024-10-23T11:59:37+00:00", "description": "As Israel intensifies its bombardment of Lebanon, volunteers risk their lives to feed those displaced across the country", "id": 1374988, "language": "en-US", "link": "https://www.aljazeera.com/program/al-jazeera-close-up/2024/10/23/risking-my-life-to-feed-people-displaced-by-israels-war-on-lebanon?traffic_source=rss", "manual_status_code": 0, "page_rating": 27, "page_rating_contents": 86, "page_rating_visits": 0, "page_rating_votes": 0, "permanent": false, "source__id": 14, "source_url": "https://www.aljazeera.com/xml/rss/all.xml", "status_code": 0, "tags": [], "thumbnail": null, "title": "Risking my life to feed people displaced by Israel\u2019s war on Lebanon", "vote": 0}, {"age": null, "album": "", "artist": null, "bookmarked": false, "comments": [], "date_published": "2024-10-23T11:48:51+00:00", "description": "The mining giant faces a potential $47bn lawsuit filed by at least 600,000 people over the 2015 mining disaster.", "id": 1374641, "language": "en-US", "link": "https://www.aljazeera.com/news/2024/10/23/why-are-victims-of-a-brazil-dam-disaster-suing-miner-bhp-in-a-london-court?traffic_source=rss", "manual_status_code": 0, "page_rating": 27, "page_rating_contents": 86, "page_rating_visits": 0, "page_rating_votes": 0, "permanent": false, "source__id": 14, "source_url": "https://www.aljazeera.com/xml/rss/all.xml", "status_code": 0, "tags": [], "thumbnail": null, "title": "Why are victims of a Brazil dam disaster suing miner BHP in a London court?", "vote": 0}, {"age": null, "album": "", "artist": null, "bookmarked": false, "comments": [], "date_published": "2024-10-23T11:09:32+00:00", "description": "We explore the rising influence of the &#039;Greater Israel&#039; ideology amid military tensions in Gaza and Lebanon.", "id": 1374642, "language": "en-US", "link": "https://www.aljazeera.com/program/the-stream/2024/10/23/why-questions-are-being-raised-over-the-greater-israel-ideology?traffic_source=rss", "manual_status_code": 0, "page_rating": 27, "page_rating_contents": 86, "page_rating_visits": 0, "page_rating_votes": 0, "permanent": false, "source__id": 14, "source_url": "https://www.aljazeera.com/xml/rss/all.xml", "status_code": 0, "tags": [], "thumbnail": null, "title": "Why questions are being raised over the Greater Israel ideology?", "vote": 0}, {"age": null, "album": "", "artist": null, "bookmarked": false, "comments": [], "date_published": "2024-10-23T11:09:28+00:00", "description": "Democratic backsliding in Africa reflects global trend towards \u2018strongman politics\u2019 emboldening autocrats.", "id": 1374643, "language": "en-US", "link": "https://www.aljazeera.com/news/2024/10/23/progress-on-african-governance-halts-amidst-war-and-coups-report?traffic_source=rss", "manual_status_code": 0, "page_rating": 27, "page_rating_contents": 86, "page_rating_visits": 0, "page_rating_votes": 0, "permanent": false, "source__id": 14, "source_url": "https://www.aljazeera.com/xml/rss/all.xml", "status_code": 0, "tags": [], "thumbnail": null, "title": "War and instability bring African governance progress to a halt: Report", "vote": 0}, {"age": null, "album": "", "artist": null, "bookmarked": false, "comments": [], "date_published": "2024-10-23T10:55:49+00:00", "description": "Children are underdressed and exposed to the elements a year into Israel&#039;s war on Gaza.", "id": 1374246, "language": "en-US", "link": "https://www.aljazeera.com/features/2024/10/23/gaza-parents-heartbreak-as-childrens-clothes-shoes-fall-to-pieces?traffic_source=rss", "manual_status_code": 0, "page_rating": 27, "page_rating_contents": 86, "page_rating_visits": 0, "page_rating_votes": 0, "permanent": false, "source__id": 14, "source_url": "https://www.aljazeera.com/xml/rss/all.xml", "status_code": 0, "tags": [], "thumbnail": null, "title": "Gaza parents\u2019 heartbreak as children\u2019s clothes, shoes fall to pieces", "vote": 0}, {"age": null, "album": "", "artist": null, "bookmarked": false, "comments": [], "date_published": "2024-10-23T10:55:27+00:00", "description": "Experts doubt that Musk will be prosecuted \u2014 even though he might be violating election laws.", "id": 1374247, "language": "en-US", "link": "https://www.aljazeera.com/news/2024/10/23/will-biden-administration-prosecute-elon-musk-for-his-1m-lottery?traffic_source=rss", "manual_status_code": 0, "page_rating": 27, "page_rating_contents": 86, "page_rating_visits": 0, "page_rating_votes": 0, "permanent": false, "source__id": 14, "source_url": "https://www.aljazeera.com/xml/rss/all.xml", "status_code": 0, "tags": [], "thumbnail": null, "title": "Will Biden administration prosecute Elon Musk for his $1m lottery?", "vote": 0}, {"age": null, "album": "", "artist": null, "bookmarked": false, "comments": [], "date_published": "2024-10-23T10:54:42+00:00", "description": "What drives the popularity of Hungary&#039;s Viktor Orban is not his geopolitical game but his governance model.", "id": 1374248, "language": "en-US", "link": "https://www.aljazeera.com/opinions/2024/10/23/trump-the-eu-and-the-appeal-of-orbanocracy?traffic_source=rss", "manual_status_code": 0, "page_rating": 27, "page_rating_contents": 86, "page_rating_visits": 0, "page_rating_votes": 0, "permanent": false, "source__id": 14, "source_url": "https://www.aljazeera.com/xml/rss/all.xml", "status_code": 0, "tags": [], "thumbnail": null, "title": "Trump, the EU and the appeal of Orbanocracy", "vote": 0}, {"age": null, "album": "", "artist": null, "bookmarked": false, "comments": [], "date_published": "2024-10-23T10:48:23+00:00", "description": "We track the latest polls with less than two weeks to go before US voters choose a new president on November 5.", "id": 1374249, "language": "en-US", "link": "https://www.aljazeera.com/news/2024/10/23/trump-vs-harris-whos-leading-in-the-us-election-polls-as-the-vote-looms?traffic_source=rss", "manual_status_code": 0, "page_rating": 27, "page_rating_contents": 86, "page_rating_visits": 0, "page_rating_votes": 0, "permanent": false, "source__id": 14, "source_url": "https://www.aljazeera.com/xml/rss/all.xml", "status_code": 0, "tags": [], "thumbnail": null, "title": "Trump vs Harris: Who\u2019s leading in the US election polls as the vote looms?", "vote": 0}, {"age": null, "album": "", "artist": null, "bookmarked": false, "comments": [], "date_published": "2024-10-23T10:43:45+00:00", "description": "Opposition calls for non-recognition of vote set to extend Lukashenko\u2019s 30-year rule.", "id": 1374250, "language": "en-US", "link": "https://www.aljazeera.com/news/2024/10/23/belarus-president-lukashenko-to-seek-seventh-term-in-january-vote?traffic_source=rss", "manual_status_code": 0, "page_rating": 27, "page_rating_contents": 86, "page_rating_visits": 0, "page_rating_votes": 0, "permanent": false, "source__id": 14, "source_url": "https://www.aljazeera.com/xml/rss/all.xml", "status_code": 0, "tags": [], "thumbnail": null, "title": "Belarus president Lukashenko to seek seventh term in January vote", "vote": 0}, {"age": null, "album": "", "artist": null, "bookmarked": false, "comments": [], "date_published": "2024-10-23T10:17:57+00:00", "description": "Video shows smoke rising after a series of Israeli air attacks on the city of Tyre in Lebanon.", "id": 1374251, "language": "en-US", "link": "https://www.aljazeera.com/program/newsfeed/2024/10/23/video-israeli-forces-attack-tyre-in-lebanon-and-tell-people-to-leave?traffic_source=rss", "manual_status_code": 0, "page_rating": 27, "page_rating_contents": 86, "page_rating_visits": 0, "page_rating_votes": 0, "permanent": false, "source__id": 14, "source_url": "https://www.aljazeera.com/xml/rss/all.xml", "status_code": 0, "tags": [], "thumbnail": null, "title": "Video: Israeli forces attack Tyre in Lebanon and tell people to leave", "vote": 0}, {"age": null, "album": "", "artist": null, "bookmarked": false, "comments": [], "date_published": "2024-10-23T08:38:09+00:00", "description": "We look at how the two main candidates in the US election plan to change the US economic landscape.", "id": 1373581, "language": "en-US", "link": "https://www.aljazeera.com/program/money-works/2024/10/23/taxes-and-tractors-in-the-us-election?traffic_source=rss", "manual_status_code": 0, "page_rating": 27, "page_rating_contents": 86, "page_rating_visits": 0, "page_rating_votes": 0, "permanent": false, "source__id": 14, "source_url": "https://www.aljazeera.com/xml/rss/all.xml", "status_code": 0, "tags": [], "thumbnail": null, "title": "Taxes and tractors in the US election", "vote": 0}, {"age": null, "album": "", "artist": null, "bookmarked": false, "comments": [], "date_published": "2024-10-23T08:26:10+00:00", "description": "The Brazilian forward scored a hat-trick in Real Madrid&#039;s 5-2 win over Borussia Dortmund in the Champions League.", "id": 1373582, "language": "en-US", "link": "https://www.aljazeera.com/sports/2024/10/23/vinicius-is-going-to-win-the-ballon-dor-says-real-madrid-coach-ancelotti?traffic_source=rss", "manual_status_code": 0, "page_rating": 27, "page_rating_contents": 86, "page_rating_visits": 0, "page_rating_votes": 0, "permanent": false, "source__id": 14, "source_url": "https://www.aljazeera.com/xml/rss/all.xml", "status_code": 0, "tags": [], "thumbnail": null, "title": "Vinicius is going to win the Ballon d\u2019Or, says Real Madrid coach Ancelotti", "vote": 0}, {"age": null, "album": "", "artist": null, "bookmarked": false, "comments": [], "date_published": "2024-10-23T08:23:16+00:00", "description": "Violence has surged in Sinaloa since the arrest in July of the cartel&#039;s co-founder Ismael Zambada, now on trial in US.", "id": 1373583, "language": "en-US", "link": "https://www.aljazeera.com/news/2024/10/23/sinaloa-shootout-mexico-troops-kill-19-suspected-cartel-members?traffic_source=rss", "manual_status_code": 0, "page_rating": 27, "page_rating_contents": 86, "page_rating_visits": 0, "page_rating_votes": 0, "permanent": false, "source__id": 14, "source_url": "https://www.aljazeera.com/xml/rss/all.xml", "status_code": 0, "tags": [], "thumbnail": null, "title": "Sinaloa shootout: Mexico troops kill 19 suspected cartel members", "vote": 0}, {"age": null, "album": "", "artist": null, "bookmarked": false, "comments": [], "date_published": "2024-10-23T08:18:06+00:00", "description": "Israel has carried out numerous deadly attacks since laying siege to the north of the enclave more than two weeks ago.", "id": 1373584, "language": "en-US", "link": "https://www.aljazeera.com/gallery/2024/10/23/palestinians-flee-north-gaza-amid-israeli-bombardment?traffic_source=rss", "manual_status_code": 0, "page_rating": 27, "page_rating_contents": 86, "page_rating_visits": 0, "page_rating_votes": 0, "permanent": false, "source__id": 14, "source_url": "https://www.aljazeera.com/xml/rss/all.xml", "status_code": 0, "tags": [], "thumbnail": null, "title": "Palestinians flee North Gaza amid Israeli bombardment", "vote": 0}, {"age": null, "album": "", "artist": null, "bookmarked": false, "comments": [], "date_published": "2024-10-23T08:14:21+00:00", "description": "Former US President Barack Obama rapped lyrics from Eminem\u2019s \u2018Lose Yourself\u2019 at a Harris rally.", "id": 1373585, "language": "en-US", "link": "https://www.aljazeera.com/program/newsfeed/2024/10/23/video-obama-raps-eminems-lose-yourself-at-harris-rally?traffic_source=rss", "manual_status_code": 0, "page_rating": 27, "page_rating_contents": 86, "page_rating_visits": 0, "page_rating_votes": 0, "permanent": false, "source__id": 14, "source_url": "https://www.aljazeera.com/xml/rss/all.xml", "status_code": 0, "tags": [], "thumbnail": null, "title": "Video: Obama raps Eminem\u2019s \u2018Lose Yourself\u2019 at Harris rally", "vote": 0}, {"age": null, "album": "", "artist": null, "bookmarked": false, "comments": [], "date_published": "2024-10-23T08:03:54+00:00", "description": "Al Jazeera&#039;s defence editor analyses the powers and vulnerabilities of Kyiv&#039;s military as its support system slows down.", "id": 1373586, "language": "en-US", "link": "https://www.aljazeera.com/news/2024/10/23/winter-and-the-bumpy-road-ahead-for-ukraine?traffic_source=rss", "manual_status_code": 0, "page_rating": 27, "page_rating_contents": 86, "page_rating_visits": 0, "page_rating_votes": 0, "permanent": false, "source__id": 14, "source_url": "https://www.aljazeera.com/xml/rss/all.xml", "status_code": 0, "tags": [], "thumbnail": null, "title": "Ukraine\u2019s army readies for high-stakes fight against Russia as winter nears", "vote": 0}, {"age": null, "album": "", "artist": null, "bookmarked": false, "comments": [], "date_published": "2024-10-23T07:21:11+00:00", "description": "Photographs taken second by second show projectile frozen in mid-flight before obliterating the structure.", "id": 1373342, "language": "en-US", "link": "https://www.aljazeera.com/gallery/2024/10/23/images-capture-exact-moment-israeli-missile-hit-building-in-beirut?traffic_source=rss", "manual_status_code": 0, "page_rating": 27, "page_rating_contents": 86, "page_rating_visits": 0, "page_rating_votes": 0, "permanent": false, "source__id": 14, "source_url": "https://www.aljazeera.com/xml/rss/all.xml", "status_code": 0, "tags": [], "thumbnail": null, "title": "Images capture exact moment Israeli missile hit building in Beirut", "vote": 0}, {"age": null, "album": "", "artist": null, "bookmarked": false, "comments": [], "date_published": "2024-10-23T07:00:31+00:00", "description": "Africa is bearing the brunt of climate change despite producing tiny percentage of global emissions.", "id": 1373343, "language": "en-US", "link": "https://www.aljazeera.com/news/2024/10/23/global-warming-worsened-floods-across-africa-scientists?traffic_source=rss", "manual_status_code": 0, "page_rating": 27, "page_rating_contents": 86, "page_rating_visits": 0, "page_rating_votes": 0, "permanent": false, "source__id": 14, "source_url": "https://www.aljazeera.com/xml/rss/all.xml", "status_code": 0, "tags": [], "thumbnail": null, "title": "Global warming worsening deadly flooding in Africa, warn scientists", "vote": 0}, {"age": null, "album": "", "artist": null, "bookmarked": false, "comments": [], "date_published": "2024-10-23T06:33:15+00:00", "description": "Kamala Harris and Donald Trump both targeted Latino voters with their campaign activities on Tuesday.", "id": 1373145, "language": "en-US", "link": "https://www.aljazeera.com/news/2024/10/23/us-election-13-days-left-what-polls-say-what-harris-and-trump-are-up?traffic_source=rss", "manual_status_code": 0, "page_rating": 27, "page_rating_contents": 86, "page_rating_visits": 0, "page_rating_votes": 0, "permanent": false, "source__id": 14, "source_url": "https://www.aljazeera.com/xml/rss/all.xml", "status_code": 0, "tags": [], "thumbnail": null, "title": "US election: 13 days left \u2014 What polls say, what Harris and Trump are up to", "vote": 0}, {"age": null, "album": "", "artist": null, "bookmarked": false, "comments": [], "date_published": "2024-10-23T06:24:40+00:00", "description": "LeBron James shared the court with his 20-year-old son Bronny and later called the moment &#039;one of the greatest gifts&#039;.", "id": 1373146, "language": "en-US", "link": "https://www.aljazeera.com/sports/2024/10/23/lebron-and-bronny-james-share-court-make-nba-history-as-lakers-beat-wolves?traffic_source=rss", "manual_status_code": 0, "page_rating": 27, "page_rating_contents": 86, "page_rating_visits": 0, "page_rating_votes": 0, "permanent": false, "source__id": 14, "source_url": "https://www.aljazeera.com/xml/rss/all.xml", "status_code": 0, "tags": [], "thumbnail": null, "title": "LeBron and Bronny James share court, make NBA history as Lakers beat Wolves", "vote": 0}, {"age": null, "album": "", "artist": null, "bookmarked": false, "comments": [], "date_published": "2024-10-23T05:41:04+00:00", "description": "Taiwanese defence chief says a blockade would have far-reaching consequences for international trade.", "id": 1373147, "language": "en-US", "link": "https://www.aljazeera.com/news/2024/10/23/taiwan-says-blockade-would-be-act-of-war-as-china-holds-more-drills?traffic_source=rss", "manual_status_code": 0, "page_rating": 27, "page_rating_contents": 86, "page_rating_visits": 0, "page_rating_votes": 0, "permanent": false, "source__id": 14, "source_url": "https://www.aljazeera.com/xml/rss/all.xml", "status_code": 0, "tags": [], "thumbnail": null, "title": "Taiwan says blockade would be act of war as China holds more drills", "vote": 0}, {"age": null, "album": "", "artist": null, "bookmarked": false, "comments": [], "date_published": "2024-10-23T03:17:07+00:00", "description": "As the war enters its 971st day, these are the main developments.", "id": 1372718, "language": "en-US", "link": "https://www.aljazeera.com/news/2024/10/23/russia-ukraine-war-list-of-key-events-day-971?traffic_source=rss", "manual_status_code": 0, "page_rating": 27, "page_rating_contents": 86, "page_rating_visits": 0, "page_rating_votes": 0, "permanent": false, "source__id": 14, "source_url": "https://www.aljazeera.com/xml/rss/all.xml", "status_code": 0, "tags": [], "thumbnail": null, "title": "Russia-Ukraine war: List of key events, day 971", "vote": 0}, {"age": null, "album": "", "artist": null, "bookmarked": false, "comments": [], "date_published": "2024-10-23T03:02:04+00:00", "description": "Japanese subway operator&#039;s shares soar as much as 47 percent in biggest listing since 2018.", "id": 1372560, "language": "en-US", "link": "https://www.aljazeera.com/economy/2024/10/23/tokyo-metro-shares-soar-in-japans-biggest-ipo-in-6-years?traffic_source=rss", "manual_status_code": 0, "page_rating": 27, "page_rating_contents": 86, "page_rating_visits": 0, "page_rating_votes": 0, "permanent": false, "source__id": 14, "source_url": "https://www.aljazeera.com/xml/rss/all.xml", "status_code": 0, "tags": [], "thumbnail": null, "title": "Tokyo Metro shares soar in Japan\u2019s biggest IPO in 6 years", "vote": 0}, {"age": null, "album": "", "artist": null, "bookmarked": false, "comments": [], "date_published": "2024-10-23T02:31:31+00:00", "description": "Former New York mayor was one of many associates of Donald Trump who made false claims over 2020 election.", "id": 1372561, "language": "en-US", "link": "https://www.aljazeera.com/news/2024/10/23/giuliani-ordered-to-hand-over-new-york-apartment-to-defamed-election-staff?traffic_source=rss", "manual_status_code": 0, "page_rating": 27, "page_rating_contents": 86, "page_rating_visits": 0, "page_rating_votes": 0, "permanent": false, "source__id": 14, "source_url": "https://www.aljazeera.com/xml/rss/all.xml", "status_code": 0, "tags": [], "thumbnail": null, "title": "Giuliani ordered to hand over New York apartment to defamed election staff", "vote": 0}]