[{"age": null, "album": "", "artist": null, "bookmarked": false, "comments": [], "date_published": "2024-10-23T07:43:13+00:00", "description": "Their wages have always been low. With rising inflation and falling prices paid by Western companies for clothing, they're protesting for better pay \u2014 and hoping the new government will spur change.", "id": 1374797, "language": "en", "link": "https://www.npr.org/sections/goats-and-soda/2024/10/23/g-s1-28960/why-the-garment-workers-of-bangladesh-are-feeling-poorer-than-ever", "manual_status_code": 0, "page_rating": 27, "page_rating_contents": 86, "page_rating_visits": 0, "page_rating_votes": 0, "permanent": false, "source__id": 226, "source_url": "https://feeds.npr.org/1002/rss.xml", "status_code": 0, "tags": [], "thumbnail": null, "title": "Why the garment workers of Bangladesh are feeling poorer than ever", "vote": 0}, {"age": null, "album": "", "artist": null, "bookmarked": false, "comments": [], "date_published": "2024-10-23T06:00:00+00:00", "description": "The U.S. Department of Transportation penalty against American Airlines comes after \"numerous serious violations of the laws protecting airline passengers with disabilities\" over a four-year period.", "id": 1374041, "language": "en", "link": "https://www.npr.org/2024/10/23/g-s1-29341/american-airlines-fine-50-million-passengers-disabilities", "manual_status_code": 0, "page_rating": 27, "page_rating_contents": 86, "page_rating_visits": 0, "page_rating_votes": 0, "permanent": false, "source__id": 226, "source_url": "https://feeds.npr.org/1002/rss.xml", "status_code": 0, "tags": [], "thumbnail": null, "title": "American Airlines fined $50 million for its treatment of passengers with disabilities", "vote": 0}, {"age": null, "album": "", "artist": null, "bookmarked": false, "comments": [], "date_published": "2024-10-23T06:00:00+00:00", "description": "On the campaign trail, former President Donald Trump has threatened to jail reporters who won't give up the sources of leaks and to strip networks of their broadcast licenses for fact-checking him.", "id": 1374040, "language": "en", "link": "https://www.npr.org/2024/10/22/nx-s1-5161480/trump-media-threats-abc-cbs-60-minutes-journalists", "manual_status_code": 0, "page_rating": 27, "page_rating_contents": 86, "page_rating_visits": 0, "page_rating_votes": 0, "permanent": false, "source__id": 226, "source_url": "https://feeds.npr.org/1002/rss.xml", "status_code": 0, "tags": [], "thumbnail": null, "title": "Jailed reporters, silenced networks: What Trump says he'd do to the media if elected", "vote": 0}]