[{"age": null, "album": "", "artist": null, "bookmarked": false, "comments": [], "date_published": "2024-10-23T10:00:00+00:00", "description": "<p>This article by\u00a0Common Dreams is published here as part of the global journalism collaboration Covering Climate Now. A key oil and gas industry group has devised a plan to dismantle Biden-era climate regulations, including on methane emissions, according to an\u00a0investigation\u00a0published Friday in\u00a0The Washington Post. The American Exploration and Production Council, a trade group of&#160;30&#160;oil and [&#8230;]</p>\n<p>The post <a href=\"https://www.desmog.com/2024/10/23/axpc-terrifying-leak-shows-industry-plot-to-worsen-methane-emissions-if-trump-wins/\" data-wpel-link=\"internal\">&#8216;Terrifying&#8217;: Leak Shows Industry Plot to Worsen Methane Emissions \u2014 If Trump Wins</a> appeared first on <a href=\"https://www.desmog.com\" data-wpel-link=\"internal\">DeSmog</a>.</p>\n", "id": 1374042, "language": "en-US", "link": "https://www.desmog.com/2024/10/23/axpc-terrifying-leak-shows-industry-plot-to-worsen-methane-emissions-if-trump-wins", "manual_status_code": 0, "page_rating": 29, "page_rating_contents": 90, "page_rating_visits": 0, "page_rating_votes": 0, "permanent": false, "source__id": 91, "source_url": "https://www.desmog.com/feed", "status_code": 0, "tags": [], "thumbnail": null, "title": "\u2018Terrifying\u2019: Leak Shows Industry Plot to Worsen Methane Emissions \u2014 If Trump Wins", "vote": 0}, {"age": null, "album": "", "artist": null, "bookmarked": false, "comments": [], "date_published": "2024-10-23T05:01:00+00:00", "description": "<p>During September\u2019s Climate Week in New York City, the world&#8217;s major food companies lined up to share their pro-nature credentials, claiming that they are embracing \u201cregenerative agriculture\u201d practices that will reduce their massive carbon footprint.&#160; However, a new report finds that multinational food and ag companies \u2013 such as Cargill, Bayer and Unilever \u2013 which [&#8230;]</p>\n<p>The post <a href=\"https://www.desmog.com/2024/10/22/big-ag-is-using-regenerative-agriculture-to-mask-business-as-usual/\" data-wpel-link=\"internal\">Big Ag Is Using\u00a0 \u2018Regenerative Agriculture\u2019 to Mask Business-as-Usual</a> appeared first on <a href=\"https://www.desmog.com\" data-wpel-link=\"internal\">DeSmog</a>.</p>\n", "id": 1373026, "language": "en-US", "link": "https://www.desmog.com/2024/10/22/big-ag-is-using-regenerative-agriculture-to-mask-business-as-usual", "manual_status_code": 0, "page_rating": 29, "page_rating_contents": 90, "page_rating_visits": 0, "page_rating_votes": 0, "permanent": false, "source__id": 91, "source_url": "https://www.desmog.com/feed", "status_code": 0, "tags": [], "thumbnail": null, "title": "Big Ag Is Using\u00a0 \u2018Regenerative Agriculture\u2019 to Mask Business-as-Usual", "vote": 0}]