[{"age": null, "album": "", "artist": null, "bookmarked": false, "comments": [], "date_published": "2024-10-23T12:32:15+00:00", "description": "Back in July, the Biden FCC voted to make unlocking your phone easier. As a result, the agency is now crafting new rules that would require that wireless carriers unlock customers\u2019 mobile phones within 60days of activation, even if you&#8217;re still under contract. Wireless giant T-Mobile, which used to have a consumer-friendly reputation until its [&#8230;]", "id": 1375090, "language": "en-US", "link": "https://www.techdirt.com/2024/10/23/no-longer-consumer-friendly-t-mobile-fights-fcc-phone-unlocking-effort", "manual_status_code": 0, "page_rating": 29, "page_rating_contents": 90, "page_rating_visits": 0, "page_rating_votes": 0, "permanent": false, "source__id": 325, "source_url": "https://www.techdirt.com/feed", "status_code": 0, "tags": [], "thumbnail": null, "title": "No Longer Consumer Friendly: T-Mobile Fights FCC Phone Unlocking Effort", "vote": 0}, {"age": null, "album": "", "artist": null, "bookmarked": false, "comments": [], "date_published": "2024-10-23T04:19:52+00:00", "description": "As they say, the wheels of justice grind slowly. The presumed upside is that they grind finely, which means every periodic iteration should produce better outcomes. And maybe that&#8217;s true in some cases. (Cases handled in the Fifth Circuit, not so much.) This one&#8217;s in the Fifth Circuit but at least hasn&#8217;t suffered the possible [&#8230;]", "id": 1372748, "language": "en-US", "link": "https://www.techdirt.com/2024/10/22/federal-court-says-sheriff-violated-citizen-journalists-rights-so-hard-theres-no-need-to-bring-in-a-jury", "manual_status_code": 0, "page_rating": 29, "page_rating_contents": 90, "page_rating_visits": 0, "page_rating_votes": 0, "permanent": false, "source__id": 325, "source_url": "https://www.techdirt.com/feed", "status_code": 0, "tags": [], "thumbnail": null, "title": "Federal Court Says Sheriff Violated Citizen Journalist\u2019s Rights So Hard There\u2019s No Need To Bring In A Jury", "vote": 0}, {"age": null, "album": "", "artist": null, "bookmarked": false, "comments": [], "date_published": "2024-10-23T00:12:52+00:00", "description": "A few years ago agricultural equipment giant John Deere found itself&#160;on the receiving end of an antitrust lawsuit&#160;for its efforts to monopolize tractor repair. The lawsuits noted that the company consistently purchased competing repair centers in order to consolidate the sector and force customers into using the company\u2019s own repair facilities, driving up costs and [&#8230;]", "id": 1372233, "language": "en-US", "link": "https://www.techdirt.com/2024/10/22/ftc-investigating-john-deere-over-right-to-repair-violations", "manual_status_code": 0, "page_rating": 29, "page_rating_contents": 90, "page_rating_visits": 0, "page_rating_votes": 0, "permanent": false, "source__id": 325, "source_url": "https://www.techdirt.com/feed", "status_code": 0, "tags": [], "thumbnail": null, "title": "FTC Investigating John Deere Over \u2018Right To Repair\u2019 Violations", "vote": 0}]