[{"age": null, "album": "", "artist": null, "bookmarked": false, "comments": [], "date_published": "2024-10-23T21:08:01.975189+00:00", "description": null, "id": 1375672, "language": null, "link": "https://www.channelnewsasia.com/business/wolfspeed-shelves-plans-build-chip-factory-germany-4698236", "manual_status_code": 0, "page_rating": 26, "page_rating_contents": 82, "page_rating_visits": 0, "page_rating_votes": 0, "permanent": false, "source__id": 66, "source_url": "https://www.channelnewsasia.com/api/v1/rss-outbound-feed?_format=xml", "status_code": 0, "tags": [], "thumbnail": "https://onecms-res.cloudinary.com/image/upload/s--5wHn8VB2--/fl_relative,g_south_east,l_mediacorp:cna:watermark:2024-04:reuters_1,w_0.1/f_auto,q_auto/c_fill,g_auto,h_468,w_830/v1/one-cms/core/2024-10-23t185653z_1_lynxmpek9m0tf_rtroptp_3_usa-china-chips.jpg?itok=tAkQ-7gO", "title": "Wolfspeed shelves plans to build chip factory in Germany", "vote": 0}, {"age": null, "album": "", "artist": null, "bookmarked": false, "comments": [], "date_published": "2024-10-23T21:08:01.617776+00:00", "description": null, "id": 1375671, "language": null, "link": "https://www.channelnewsasia.com/business/t-mobile-beats-estimates-wireless-subscriber-growth-fueled-demand-premium-plans-4698351", "manual_status_code": 0, "page_rating": 26, "page_rating_contents": 82, "page_rating_visits": 0, "page_rating_votes": 0, "permanent": false, "source__id": 66, "source_url": "https://www.channelnewsasia.com/api/v1/rss-outbound-feed?_format=xml", "status_code": 0, "tags": [], "thumbnail": "https://onecms-res.cloudinary.com/image/upload/s--2MOsBD9Q--/fl_relative,g_south_east,l_mediacorp:cna:watermark:2024-04:reuters_1,w_0.1/f_auto,q_auto/c_fill,g_auto,h_468,w_830/v1/one-cms/core/2024-10-23t201314z_2_lynxmpek9m0uh_rtroptp_3_usa-t-mobile-us.jpg?itok=a2XAfpm4", "title": "T-Mobile beats estimates for wireless subscriber growth, fueled by demand for premium plans", "vote": 0}, {"age": null, "album": "", "artist": null, "bookmarked": false, "comments": [], "date_published": "2024-10-23T21:08:01.349278+00:00", "description": null, "id": 1375670, "language": null, "link": "https://www.channelnewsasia.com/sport/atalantas-gasperini-rues-cursed-0-0-champions-league-draw-celtic-4698356", "manual_status_code": 0, "page_rating": 26, "page_rating_contents": 82, "page_rating_visits": 0, "page_rating_votes": 0, "permanent": false, "source__id": 66, "source_url": "https://www.channelnewsasia.com/api/v1/rss-outbound-feed?_format=xml", "status_code": 0, "tags": [], "thumbnail": "https://onecms-res.cloudinary.com/image/upload/s--L-RAvCV2--/fl_relative,g_south_east,l_mediacorp:cna:watermark:2024-04:reuters_1,w_0.1/f_auto,q_auto/c_fill,g_auto,h_468,w_830/v1/one-cms/core/2024-10-23t200551z_1_lynxmpek9m0ui_rtroptp_3_soccer-champions-ata-cel-report.jpg?itok=B9kmWSXM", "title": "Atalanta's Gasperini rues 'cursed' 0-0 Champions League draw with Celtic", "vote": 0}, {"age": null, "album": "", "artist": null, "bookmarked": false, "comments": [], "date_published": "2024-10-23T21:08:00.967251+00:00", "description": null, "id": 1375669, "language": null, "link": "https://www.channelnewsasia.com/business/ibm-misses-third-quarter-revenue-estimates-consulting-drags-shares-fall-4698361", "manual_status_code": 0, "page_rating": 26, "page_rating_contents": 81, "page_rating_visits": 0, "page_rating_votes": 0, "permanent": false, "source__id": 66, "source_url": "https://www.channelnewsasia.com/api/v1/rss-outbound-feed?_format=xml", "status_code": 0, "tags": [], "thumbnail": null, "title": "IBM misses third-quarter revenue estimates as consulting drags; shares fall", "vote": 0}, {"age": null, "album": "", "artist": null, "bookmarked": false, "comments": [], "date_published": "2024-10-23T21:08:00.587028+00:00", "description": null, "id": 1375668, "language": null, "link": "https://www.channelnewsasia.com/sport/uniteds-ten-hag-unfazed-absences-ahead-fenerbahce-test-4698391", "manual_status_code": 0, "page_rating": 26, "page_rating_contents": 82, "page_rating_visits": 0, "page_rating_votes": 0, "permanent": false, "source__id": 66, "source_url": "https://www.channelnewsasia.com/api/v1/rss-outbound-feed?_format=xml", "status_code": 0, "tags": [], "thumbnail": "https://onecms-res.cloudinary.com/image/upload/s--b9zsPklG--/fl_relative,g_south_east,l_mediacorp:cna:watermark:2024-04:reuters_1,w_0.1/f_auto,q_auto/c_fill,g_auto,h_468,w_830/v1/one-cms/core/2024-10-23t203108z_1_lynxmpek9m0v4_rtroptp_3_soccer-europa-fb-mun-preview.jpg?itok=q8xeX7kV", "title": "United's Ten Hag unfazed by absences ahead of Fenerbahce test", "vote": 0}, {"age": null, "album": "", "artist": null, "bookmarked": false, "comments": [], "date_published": "2024-10-23T21:08:00.275935+00:00", "description": null, "id": 1375667, "language": null, "link": "https://www.channelnewsasia.com/world/harris-berates-unhinged-trump-over-hitler-remarks-4698401", "manual_status_code": 0, "page_rating": 26, "page_rating_contents": 82, "page_rating_visits": 0, "page_rating_votes": 0, "permanent": false, "source__id": 66, "source_url": "https://www.channelnewsasia.com/api/v1/rss-outbound-feed?_format=xml", "status_code": 0, "tags": [], "thumbnail": "https://onecms-res.cloudinary.com/image/upload/s--qDp-Rk19--/fl_relative,g_south_east,l_one-cms:core:watermark:ap_data-1,w_0.1/f_auto,q_auto/c_fill,g_auto,h_468,w_830/v1/one-cms/core/election_2024_harris_24796.jpg?itok=0WKrGFzX", "title": "Harris berates 'unhinged' Trump over Hitler remarks", "vote": 0}, {"age": null, "album": "", "artist": null, "bookmarked": false, "comments": [], "date_published": "2024-10-23T21:07:59.991269+00:00", "description": null, "id": 1375666, "language": null, "link": "https://www.channelnewsasia.com/sport/djokovic-withdraws-paris-masters-4698406", "manual_status_code": 0, "page_rating": 26, "page_rating_contents": 82, "page_rating_visits": 0, "page_rating_votes": 0, "permanent": false, "source__id": 66, "source_url": "https://www.channelnewsasia.com/api/v1/rss-outbound-feed?_format=xml", "status_code": 0, "tags": [], "thumbnail": "https://onecms-res.cloudinary.com/image/upload/s--2JknlQcC--/fl_relative,g_south_east,l_mediacorp:cna:watermark:2024-04:reuters_1,w_0.1/f_auto,q_auto/c_fill,g_auto,h_468,w_830/v1/one-cms/core/2024-10-23t204359z_1_lynxmpek9m0vc_rtroptp_3_tennis-saudi.jpg?itok=6nvXdAIY", "title": "Djokovic withdraws from Paris Masters", "vote": 0}, {"age": null, "album": "", "artist": null, "bookmarked": false, "comments": [], "date_published": "2024-10-23T20:02:53.093273+00:00", "description": null, "id": 1375665, "language": null, "link": "https://www.channelnewsasia.com/sport/uruguayan-fans-clash-rio-police-libertadores-semi-4698221", "manual_status_code": 0, "page_rating": 26, "page_rating_contents": 81, "page_rating_visits": 0, "page_rating_votes": 0, "permanent": false, "source__id": 66, "source_url": "https://www.channelnewsasia.com/api/v1/rss-outbound-feed?_format=xml", "status_code": 0, "tags": [], "thumbnail": null, "title": "Uruguayan fans clash with Rio police before Libertadores semi", "vote": 0}, {"age": null, "album": "", "artist": null, "bookmarked": false, "comments": [], "date_published": "2024-10-23T20:02:52.970309+00:00", "description": null, "id": 1375664, "language": null, "link": "https://www.channelnewsasia.com/sport/brest-draw-1-1-leverkusen-end-winning-starts-4698216", "manual_status_code": 0, "page_rating": 26, "page_rating_contents": 81, "page_rating_visits": 0, "page_rating_votes": 0, "permanent": false, "source__id": 66, "source_url": "https://www.channelnewsasia.com/api/v1/rss-outbound-feed?_format=xml", "status_code": 0, "tags": [], "thumbnail": null, "title": "Brest draw 1-1 with Leverkusen to end winning starts", "vote": 0}, {"age": null, "album": "", "artist": null, "bookmarked": false, "comments": [], "date_published": "2024-10-23T20:02:52.829649+00:00", "description": null, "id": 1375663, "language": null, "link": "https://www.channelnewsasia.com/world/brics-leaders-tout-joint-finance-trade-projects-russian-summit-4698181", "manual_status_code": 0, "page_rating": 26, "page_rating_contents": 82, "page_rating_visits": 0, "page_rating_votes": 0, "permanent": false, "source__id": 66, "source_url": "https://www.channelnewsasia.com/api/v1/rss-outbound-feed?_format=xml", "status_code": 0, "tags": [], "thumbnail": "https://onecms-res.cloudinary.com/image/upload/s--MBm7TlJy--/fl_relative,g_south_east,l_one-cms:core:watermark:ap_data-1,w_0.1/f_auto,q_auto/c_fill,g_auto,h_468,w_830/v1/one-cms/core/russia_brics_summit_21675.jpg?itok=XsqIt138", "title": "BRICS leaders tout joint finance, trade projects at Russian summit", "vote": 0}, {"age": null, "album": "", "artist": null, "bookmarked": false, "comments": [], "date_published": "2024-10-23T20:02:52.709052+00:00", "description": null, "id": 1375662, "language": null, "link": "https://www.channelnewsasia.com/sport/wasteful-atalanta-held-0-0-draw-stubborn-celtic-4698241", "manual_status_code": 0, "page_rating": 26, "page_rating_contents": 81, "page_rating_visits": 0, "page_rating_votes": 0, "permanent": false, "source__id": 66, "source_url": "https://www.channelnewsasia.com/api/v1/rss-outbound-feed?_format=xml", "status_code": 0, "tags": [], "thumbnail": null, "title": "Wasteful Atalanta held to 0-0 draw by stubborn Celtic", "vote": 0}, {"age": null, "album": "", "artist": null, "bookmarked": false, "comments": [], "date_published": "2024-10-23T20:02:52.587628+00:00", "description": null, "id": 1375661, "language": null, "link": "https://www.channelnewsasia.com/business/wolfspeed-shelves-plans-build-chip-factory-germany-ft-reports-4698236", "manual_status_code": 0, "page_rating": 26, "page_rating_contents": 82, "page_rating_visits": 0, "page_rating_votes": 0, "permanent": false, "source__id": 66, "source_url": "https://www.channelnewsasia.com/api/v1/rss-outbound-feed?_format=xml", "status_code": 0, "tags": [], "thumbnail": "https://onecms-res.cloudinary.com/image/upload/s--5wHn8VB2--/fl_relative,g_south_east,l_mediacorp:cna:watermark:2024-04:reuters_1,w_0.1/f_auto,q_auto/c_fill,g_auto,h_468,w_830/v1/one-cms/core/2024-10-23t185653z_1_lynxmpek9m0tf_rtroptp_3_usa-china-chips.jpg?itok=tAkQ-7gO", "title": "Wolfspeed shelves plans to build chip factory in Germany, FT reports", "vote": 0}, {"age": null, "album": "", "artist": null, "bookmarked": false, "comments": [], "date_published": "2024-10-23T20:02:52.469115+00:00", "description": null, "id": 1375660, "language": null, "link": "https://www.channelnewsasia.com/world/bomb-scare-forces-evacuation-major-uk-airport-4698276", "manual_status_code": 0, "page_rating": 26, "page_rating_contents": 82, "page_rating_visits": 0, "page_rating_votes": 0, "permanent": false, "source__id": 66, "source_url": "https://www.channelnewsasia.com/api/v1/rss-outbound-feed?_format=xml", "status_code": 0, "tags": [], "thumbnail": "https://onecms-res.cloudinary.com/image/upload/s--_mErJHp4--/fl_relative,g_south_east,l_one-cms:core:watermark:ap_data-1,w_0.1/f_auto,q_auto/c_fill,g_auto,h_468,w_830/v1/one-cms/core/britain_airport_security_alert_36588.jpg?itok=J6T2M_eZ", "title": "Bomb scare forces evacuation of major UK airport", "vote": 0}, {"age": null, "album": "", "artist": null, "bookmarked": false, "comments": [], "date_published": "2024-10-23T20:02:52.342691+00:00", "description": null, "id": 1375659, "language": null, "link": "https://www.channelnewsasia.com/world/us-warns-failure-safeguard-gaza-civilians-could-haunt-israel-4697786", "manual_status_code": 0, "page_rating": 26, "page_rating_contents": 82, "page_rating_visits": 0, "page_rating_votes": 0, "permanent": false, "source__id": 66, "source_url": "https://www.channelnewsasia.com/api/v1/rss-outbound-feed?_format=xml", "status_code": 0, "tags": [], "thumbnail": "https://onecms-res.cloudinary.com/image/upload/s--C4gwR6SF--/fl_relative,g_south_east,l_mediacorp:cna:watermark:2024-04:reuters_1,w_0.1/f_auto,q_auto/c_fill,g_auto,h_468,w_830/v1/one-cms/core/2024-10-23t144939z_1_lynxmpek9m0ms_rtroptp_3_israel-palestinians-gaza-funerals.jpg?itok=R2JtNRTv", "title": "US warns failure to safeguard Gaza civilians could haunt Israel", "vote": 0}, {"age": null, "album": "", "artist": null, "bookmarked": false, "comments": [], "date_published": "2024-10-23T20:02:52.209457+00:00", "description": null, "id": 1375658, "language": null, "link": "https://www.channelnewsasia.com/sport/fury-signs-photo-usyk-punching-him-head-hands-it-usyk-4698336", "manual_status_code": 0, "page_rating": 26, "page_rating_contents": 81, "page_rating_visits": 0, "page_rating_votes": 0, "permanent": false, "source__id": 66, "source_url": "https://www.channelnewsasia.com/api/v1/rss-outbound-feed?_format=xml", "status_code": 0, "tags": [], "thumbnail": null, "title": "Fury signs photo of Usyk punching him in head, hands it to Usyk", "vote": 0}, {"age": null, "album": "", "artist": null, "bookmarked": false, "comments": [], "date_published": "2024-10-23T18:58:53.320501+00:00", "description": null, "id": 1375657, "language": null, "link": "https://www.channelnewsasia.com/asia/chinas-xi-says-early-ceasefire-gaza-key-easing-regional-tensions-xinhua-reports-4698141", "manual_status_code": 0, "page_rating": 26, "page_rating_contents": 82, "page_rating_visits": 0, "page_rating_votes": 0, "permanent": false, "source__id": 66, "source_url": "https://www.channelnewsasia.com/api/v1/rss-outbound-feed?_format=xml", "status_code": 0, "tags": [], "thumbnail": "https://onecms-res.cloudinary.com/image/upload/s--ez0-VW7E--/fl_relative,g_south_east,l_mediacorp:cna:watermark:2024-04:reuters_1,w_0.1/f_auto,q_auto/c_fill,g_auto,h_468,w_830/v1/one-cms/core/2024-10-23t180949z_1_lynxmpek9m0se_rtroptp_3_russia-brics.jpg?itok=NFd1mqov", "title": "China's Xi says early ceasefire in Gaza key to easing regional tensions, Xinhua reports", "vote": 0}, {"age": null, "album": "", "artist": null, "bookmarked": false, "comments": [], "date_published": "2024-10-23T16:48:36.125437+00:00", "description": null, "id": 1375653, "language": null, "link": "https://www.channelnewsasia.com/business/us-watchdog-orders-goldman-sachs-apple-pay-89-million-over-consumer-failures-4697866", "manual_status_code": 0, "page_rating": 26, "page_rating_contents": 81, "page_rating_visits": 0, "page_rating_votes": 0, "permanent": false, "source__id": 66, "source_url": "https://www.channelnewsasia.com/api/v1/rss-outbound-feed?_format=xml", "status_code": 0, "tags": [], "thumbnail": null, "title": "US watchdog orders Goldman Sachs, Apple to pay $89 million over consumer failures", "vote": 0}, {"age": null, "album": "", "artist": null, "bookmarked": false, "comments": [], "date_published": "2024-10-23T16:48:35.848988+00:00", "description": null, "id": 1375652, "language": null, "link": "https://www.channelnewsasia.com/business/startup-hugging-face-aims-cut-ai-costs-open-source-offering-4697966", "manual_status_code": 0, "page_rating": 26, "page_rating_contents": 82, "page_rating_visits": 0, "page_rating_votes": 0, "permanent": false, "source__id": 66, "source_url": "https://www.channelnewsasia.com/api/v1/rss-outbound-feed?_format=xml", "status_code": 0, "tags": [], "thumbnail": "https://onecms-res.cloudinary.com/image/upload/s--yln5IcBq--/fl_relative,g_south_east,l_mediacorp:cna:watermark:2024-04:reuters_1,w_0.1/f_auto,q_auto/c_fill,g_auto,h_468,w_830/v1/one-cms/core/2024-10-23t161915z_1_lynxmpek9m0pz_rtroptp_3_usa-crime-abuse-ai.jpg?itok=yWJpQKbU", "title": "Startup Hugging Face aims to cut AI costs with open source offering", "vote": 0}, {"age": null, "album": "", "artist": null, "bookmarked": false, "comments": [], "date_published": "2024-10-23T15:45:31.903256+00:00", "description": null, "id": 1375645, "language": null, "link": "https://www.channelnewsasia.com/sport/dupont-back-france-squad-november-tests-4697761", "manual_status_code": 0, "page_rating": 26, "page_rating_contents": 82, "page_rating_visits": 0, "page_rating_votes": 0, "permanent": false, "source__id": 66, "source_url": "https://www.channelnewsasia.com/api/v1/rss-outbound-feed?_format=xml", "status_code": 0, "tags": [], "thumbnail": "https://onecms-res.cloudinary.com/image/upload/s--lIgUQMG3--/fl_relative,g_south_east,l_mediacorp:cna:watermark:2024-04:reuters_1,w_0.1/f_auto,q_auto/c_fill,g_auto,h_468,w_830/v1/one-cms/core/2024-10-23t144450z_1_lynxmpek9m0mk_rtroptp_3_rugby-union-france.jpg?itok=uguqwqrX", "title": "Dupont back in France squad for November tests", "vote": 0}, {"age": null, "album": "", "artist": null, "bookmarked": false, "comments": [], "date_published": "2024-10-23T15:45:31.681865+00:00", "description": null, "id": 1375644, "language": null, "link": "https://www.channelnewsasia.com/east-asia/hong-kong-dinosaur-fossils-discovered-species-unconfirmed-4697801", "manual_status_code": 0, "page_rating": 26, "page_rating_contents": 82, "page_rating_visits": 0, "page_rating_votes": 0, "permanent": false, "source__id": 66, "source_url": "https://www.channelnewsasia.com/api/v1/rss-outbound-feed?_format=xml", "status_code": 0, "tags": [], "thumbnail": "https://onecms-res.cloudinary.com/image/upload/s--_7lxTQwI--/fl_relative,g_south_east,l_one-cms:core:watermark:ap_data-1,w_0.1/f_auto,q_auto/c_fill,g_auto,h_468,w_830/v1/mediacorp/cna/image/2024/10/23/dinosaur_fossils_hong_kong.jpg?itok=XdsHpkxL", "title": "Dinosaur fossils discovered for first time in Hong Kong", "vote": 0}, {"age": null, "album": "", "artist": null, "bookmarked": false, "comments": [], "date_published": "2024-10-23T15:45:31.524359+00:00", "description": null, "id": 1375643, "language": null, "link": "https://www.channelnewsasia.com/business/apple-sharply-cuts-back-vision-pro-production-information-reports-4697821", "manual_status_code": 0, "page_rating": 26, "page_rating_contents": 82, "page_rating_visits": 0, "page_rating_votes": 0, "permanent": false, "source__id": 66, "source_url": "https://www.channelnewsasia.com/api/v1/rss-outbound-feed?_format=xml", "status_code": 0, "tags": [], "thumbnail": "https://onecms-res.cloudinary.com/image/upload/s--T23aMMjQ--/fl_relative,g_south_east,l_mediacorp:cna:watermark:2024-04:reuters_1,w_0.1/f_auto,q_auto/c_fill,g_auto,h_468,w_830/v1/one-cms/core/2024-10-23t150634z_1_lynxmpek9m0np_rtroptp_3_apple-vision-pro-singapore.jpg?itok=CAhKz4Ma", "title": "Apple sharply cuts back on Vision Pro production, The Information reports", "vote": 0}, {"age": null, "album": "", "artist": null, "bookmarked": false, "comments": [], "date_published": "2024-10-23T15:45:31.389942+00:00", "description": null, "id": 1375642, "language": null, "link": "https://www.channelnewsasia.com/sport/verstappen-carries-momentum-back-favourite-track-4697836", "manual_status_code": 0, "page_rating": 26, "page_rating_contents": 82, "page_rating_visits": 0, "page_rating_votes": 0, "permanent": false, "source__id": 66, "source_url": "https://www.channelnewsasia.com/api/v1/rss-outbound-feed?_format=xml", "status_code": 0, "tags": [], "thumbnail": "https://onecms-res.cloudinary.com/image/upload/s--qPZVy2ia--/fl_relative,g_south_east,l_mediacorp:cna:watermark:2024-04:reuters_1,w_0.1/f_auto,q_auto/c_fill,g_auto,h_468,w_830/v1/one-cms/core/2024-10-23t151235z_1_lynxmpek9m0nx_rtroptp_3_motor-f1.jpg?itok=sehSu667", "title": "Verstappen carries momentum back to a favourite track ", "vote": 0}, {"age": null, "album": "", "artist": null, "bookmarked": false, "comments": [], "date_published": "2024-10-23T15:45:31.230936+00:00", "description": null, "id": 1375641, "language": null, "link": "https://www.channelnewsasia.com/business/us-watchdog-agency-orders-goldman-sachs-apple-pay-89-million-over-consumer-failures-4697866", "manual_status_code": 0, "page_rating": 26, "page_rating_contents": 81, "page_rating_visits": 0, "page_rating_votes": 0, "permanent": false, "source__id": 66, "source_url": "https://www.channelnewsasia.com/api/v1/rss-outbound-feed?_format=xml", "status_code": 0, "tags": [], "thumbnail": null, "title": "US watchdog agency orders Goldman Sachs, Apple to pay $89 million over consumer failures", "vote": 0}, {"age": null, "album": "", "artist": null, "bookmarked": false, "comments": [], "date_published": "2024-10-23T14:36:04.351556+00:00", "description": null, "id": 1375551, "language": null, "link": "https://www.channelnewsasia.com/sport/mourinho-seeks-winners-medal-and-bonus-if-man-city-are-stripped-titles-4697571", "manual_status_code": 0, "page_rating": 26, "page_rating_contents": 82, "page_rating_visits": 0, "page_rating_votes": 0, "permanent": false, "source__id": 66, "source_url": "https://www.channelnewsasia.com/api/v1/rss-outbound-feed?_format=xml", "status_code": 0, "tags": [], "thumbnail": "https://onecms-res.cloudinary.com/image/upload/s--yE0lw4Nw--/fl_relative,g_south_east,l_mediacorp:cna:watermark:2024-04:reuters_1,w_0.1/f_auto,q_auto/c_fill,g_auto,h_468,w_830/v1/one-cms/core/2024-10-23t132307z_1_lynxmpek9m0jm_rtroptp_3_soccer-europa-fb-mun-preview.jpg?itok=TGnW--5H", "title": "Mourinho seeks winner's medal and bonus if Man City are stripped of titles", "vote": 0}, {"age": null, "album": "", "artist": null, "bookmarked": false, "comments": [], "date_published": "2024-10-23T14:36:04.035176+00:00", "description": null, "id": 1375550, "language": null, "link": "https://www.channelnewsasia.com/east-asia/china-and-india-should-boost-communication-manage-differences-xi-tells-modi-4697606", "manual_status_code": 0, "page_rating": 26, "page_rating_contents": 82, "page_rating_visits": 0, "page_rating_votes": 0, "permanent": false, "source__id": 66, "source_url": "https://www.channelnewsasia.com/api/v1/rss-outbound-feed?_format=xml", "status_code": 0, "tags": [], "thumbnail": "https://onecms-res.cloudinary.com/image/upload/s--uc6icm8C--/fl_relative,g_south_east,l_mediacorp:cna:watermark:2024-04:reuters_1,w_0.1/f_auto,q_auto/c_fill,g_auto,h_468,w_830/v1/one-cms/core/2024-10-23t121715z_1_lynxmpek9m0hj_rtroptp_3_russia-brics-concert.jpg?itok=leSXMyoZ", "title": "China and India should boost communication, manage differences, Xi tells Modi", "vote": 0}, {"age": null, "album": "", "artist": null, "bookmarked": false, "comments": [], "date_published": "2024-10-23T14:36:03.689232+00:00", "description": null, "id": 1375549, "language": null, "link": "https://www.channelnewsasia.com/world/turkiye-says-some-dead-injured-ankara-attack-state-aviation-site-4697546", "manual_status_code": 0, "page_rating": 26, "page_rating_contents": 82, "page_rating_visits": 0, "page_rating_votes": 0, "permanent": false, "source__id": 66, "source_url": "https://www.channelnewsasia.com/api/v1/rss-outbound-feed?_format=xml", "status_code": 0, "tags": [], "thumbnail": "https://onecms-res.cloudinary.com/image/upload/s--R0xxZNhg--/fl_relative,g_south_east,l_mediacorp:cna:watermark:2024-04:reuters_1,w_0.1/f_auto,q_auto/c_fill,g_auto,h_468,w_830/v1/one-cms/core/2024-07-02t094651z_1_lynxmpek610d5_rtroptp_3_turkey-nuclear-usa.jpg?itok=ZHe4GHNf", "title": "Turkiye says some dead, injured after attack at state aviation site", "vote": 0}, {"age": null, "album": "", "artist": null, "bookmarked": false, "comments": [], "date_published": "2024-10-23T14:36:03.350554+00:00", "description": null, "id": 1375548, "language": null, "link": "https://www.channelnewsasia.com/sport/zimbabwe-set-t20-records-massive-win-4697651", "manual_status_code": 0, "page_rating": 26, "page_rating_contents": 81, "page_rating_visits": 0, "page_rating_votes": 0, "permanent": false, "source__id": 66, "source_url": "https://www.channelnewsasia.com/api/v1/rss-outbound-feed?_format=xml", "status_code": 0, "tags": [], "thumbnail": null, "title": "Zimbabwe set T20 records in massive win ", "vote": 0}, {"age": null, "album": "", "artist": null, "bookmarked": false, "comments": [], "date_published": "2024-10-23T14:36:02.832271+00:00", "description": null, "id": 1375547, "language": null, "link": "https://www.channelnewsasia.com/business/stellantis-launch-fleet-evs-fitted-factorial-solid-state-batteries-4697676", "manual_status_code": 0, "page_rating": 26, "page_rating_contents": 81, "page_rating_visits": 0, "page_rating_votes": 0, "permanent": false, "source__id": 66, "source_url": "https://www.channelnewsasia.com/api/v1/rss-outbound-feed?_format=xml", "status_code": 0, "tags": [], "thumbnail": null, "title": "Stellantis to launch fleet of EVs fitted with Factorial solid-state batteries", "vote": 0}, {"age": null, "album": "", "artist": null, "bookmarked": false, "comments": [], "date_published": "2024-10-23T14:36:02.413223+00:00", "description": null, "id": 1375546, "language": null, "link": "https://www.channelnewsasia.com/sport/doris-captain-familiar-looking-ireland-squad-4697681", "manual_status_code": 0, "page_rating": 26, "page_rating_contents": 82, "page_rating_visits": 0, "page_rating_votes": 0, "permanent": false, "source__id": 66, "source_url": "https://www.channelnewsasia.com/api/v1/rss-outbound-feed?_format=xml", "status_code": 0, "tags": [], "thumbnail": "https://onecms-res.cloudinary.com/image/upload/s--LP_GLcK2--/fl_relative,g_south_east,l_mediacorp:cna:watermark:2024-04:reuters_1,w_0.1/f_auto,q_auto/c_fill,g_auto,h_468,w_830/v1/one-cms/core/2024-10-23t140801z_1_lynxmpek9m0l7_rtroptp_3_rugby-union-worldcup-irl-rom.jpg?itok=cvkWYKQc", "title": "Doris to captain familiar looking Ireland squad", "vote": 0}, {"age": null, "album": "", "artist": null, "bookmarked": false, "comments": [], "date_published": "2024-10-23T13:31:21.124565+00:00", "description": "The cash prize is part of the\u00a0Major Games Award\u00a0Programme that rewards SEA, Commonwealth, Asian and Olympic Games medallists.", "id": 1375104, "language": null, "link": "https://www.channelnewsasia.com/sport/kitefoiler-max-maeder-award-250000-historic-paris-olympics-bronze-4696356", "manual_status_code": 0, "page_rating": 27, "page_rating_contents": 86, "page_rating_visits": 0, "page_rating_votes": 0, "permanent": false, "source__id": 66, "source_url": "https://www.channelnewsasia.com/api/v1/rss-outbound-feed?_format=xml", "status_code": 0, "tags": [], "thumbnail": "https://onecms-res.cloudinary.com/image/upload/s--rws7xBXN--/fl_relative,g_south_east,l_mediacorp:cna:watermark:2021-08:cna,w_0.1/f_auto,q_auto/c_fill,g_auto,h_468,w_830/v1/mediacorp/cna/image/2024/10/23/max_maeder_cheque.jpg?itok=eOj59YT_", "title": "Singapore kitefoiler Max Maeder awarded S$250,000 for historic bronze at Paris Olympics", "vote": 0}, {"age": null, "album": "", "artist": null, "bookmarked": false, "comments": [], "date_published": "2024-10-23T13:31:20.970160+00:00", "description": null, "id": 1375103, "language": null, "link": "https://www.channelnewsasia.com/sport/man-utd-and-spurs-are-favourites-europa-league-says-fenerbahces-mourinho-4697486", "manual_status_code": 0, "page_rating": 26, "page_rating_contents": 82, "page_rating_visits": 0, "page_rating_votes": 0, "permanent": false, "source__id": 66, "source_url": "https://www.channelnewsasia.com/api/v1/rss-outbound-feed?_format=xml", "status_code": 0, "tags": [], "thumbnail": "https://onecms-res.cloudinary.com/image/upload/s--UnY7SC-F--/fl_relative,g_south_east,l_mediacorp:cna:watermark:2024-04:reuters_1,w_0.1/f_auto,q_auto/c_fill,g_auto,h_468,w_830/v1/one-cms/core/2024-10-23t124538z_1_lynxmpek9m0is_rtroptp_3_soccer-europa-fb-mun-preview.jpg?itok=PYnhuxIV", "title": "Man Utd and Spurs are favourites for Europa League, says Fenerbahce's Mourinho", "vote": 0}, {"age": null, "album": "", "artist": null, "bookmarked": false, "comments": [], "date_published": "2024-10-23T13:31:20.765299+00:00", "description": null, "id": 1375102, "language": null, "link": "https://www.channelnewsasia.com/sport/son-miss-tottenhams-home-clash-az-alkmaar-4697526", "manual_status_code": 0, "page_rating": 26, "page_rating_contents": 81, "page_rating_visits": 0, "page_rating_votes": 0, "permanent": false, "source__id": 66, "source_url": "https://www.channelnewsasia.com/api/v1/rss-outbound-feed?_format=xml", "status_code": 0, "tags": [], "thumbnail": null, "title": "Son to miss Tottenham's home clash with AZ Alkmaar", "vote": 0}, {"age": null, "album": "", "artist": null, "bookmarked": false, "comments": [], "date_published": "2024-10-23T12:25:56.371195+00:00", "description": null, "id": 1374719, "language": null, "link": "https://www.channelnewsasia.com/business/att-exceeds-wireless-subscriber-estimates-demand-premium-plans-4697156", "manual_status_code": 0, "page_rating": 26, "page_rating_contents": 82, "page_rating_visits": 0, "page_rating_votes": 0, "permanent": false, "source__id": 66, "source_url": "https://www.channelnewsasia.com/api/v1/rss-outbound-feed?_format=xml", "status_code": 0, "tags": [], "thumbnail": "https://onecms-res.cloudinary.com/image/upload/s--8cr8GkQl--/fl_relative,g_south_east,l_mediacorp:cna:watermark:2024-04:reuters_1,w_0.1/f_auto,q_auto/c_fill,g_auto,h_468,w_830/v1/one-cms/core/2024-10-23t103601z_1_lynxmpek9m0e8_rtroptp_3_at-t-results.jpg?itok=37rDVBzc", "title": "AT&T exceeds wireless subscriber estimates on demand for premium plans", "vote": 0}, {"age": null, "album": "", "artist": null, "bookmarked": false, "comments": [], "date_published": "2024-10-23T12:25:56.060828+00:00", "description": null, "id": 1374718, "language": null, "link": "https://www.channelnewsasia.com/business/nigerian-court-orders-release-binance-executive-after-charges-dropped-4697256", "manual_status_code": 0, "page_rating": 26, "page_rating_contents": 81, "page_rating_visits": 0, "page_rating_votes": 0, "permanent": false, "source__id": 66, "source_url": "https://www.channelnewsasia.com/api/v1/rss-outbound-feed?_format=xml", "status_code": 0, "tags": [], "thumbnail": null, "title": "Nigerian court orders release of Binance executive after charges dropped ", "vote": 0}, {"age": null, "album": "", "artist": null, "bookmarked": false, "comments": [], "date_published": "2024-10-23T12:25:55.593078+00:00", "description": null, "id": 1374717, "language": null, "link": "https://www.channelnewsasia.com/sport/spurs-fined-players-misconduct-win-over-west-ham-4697331", "manual_status_code": 0, "page_rating": 26, "page_rating_contents": 81, "page_rating_visits": 0, "page_rating_votes": 0, "permanent": false, "source__id": 66, "source_url": "https://www.channelnewsasia.com/api/v1/rss-outbound-feed?_format=xml", "status_code": 0, "tags": [], "thumbnail": null, "title": "Spurs fined for players' misconduct in win over West Ham", "vote": 0}, {"age": null, "album": "", "artist": null, "bookmarked": false, "comments": [], "date_published": "2024-10-23T12:25:55.120185+00:00", "description": null, "id": 1374716, "language": null, "link": "https://www.channelnewsasia.com/east-asia/brics-summit-china-president-xi-jinping-no-escalation-russia-ukraine-war-4697326", "manual_status_code": 0, "page_rating": 26, "page_rating_contents": 82, "page_rating_visits": 0, "page_rating_votes": 0, "permanent": false, "source__id": 66, "source_url": "https://www.channelnewsasia.com/api/v1/rss-outbound-feed?_format=xml", "status_code": 0, "tags": [], "thumbnail": "https://onecms-res.cloudinary.com/image/upload/s--SyQZyPMW--/c_crop,h_562,w_1000,x_0,y_0/fl_relative,g_south_east,l_one-cms:core:watermark:ap_data-1,w_0.1/f_auto,q_auto/c_fill,g_auto,h_468,w_830/v1/one-cms/core/russia_brics_summit_89378.jpg?itok=vVgzjq4n", "title": "China insists on 'no escalation of fighting' in Ukraine, Xi tells BRICS", "vote": 0}, {"age": null, "album": "", "artist": null, "bookmarked": false, "comments": [], "date_published": "2024-10-23T12:25:54.745644+00:00", "description": null, "id": 1374715, "language": null, "link": "https://www.channelnewsasia.com/sport/reals-courtois-rodrygo-miss-clasico-against-barcelona-leg-injuries-4697351", "manual_status_code": 0, "page_rating": 26, "page_rating_contents": 81, "page_rating_visits": 0, "page_rating_votes": 0, "permanent": false, "source__id": 66, "source_url": "https://www.channelnewsasia.com/api/v1/rss-outbound-feed?_format=xml", "status_code": 0, "tags": [], "thumbnail": null, "title": "Real's Courtois, Rodrygo to miss Clasico against Barcelona with leg injuries", "vote": 0}, {"age": null, "album": "", "artist": null, "bookmarked": false, "comments": [], "date_published": "2024-10-23T12:25:54.325901+00:00", "description": null, "id": 1374714, "language": null, "link": "https://www.channelnewsasia.com/business/analysisretro-bonds-return-80s-speed-up-debt-reworks-cost-4697396", "manual_status_code": 0, "page_rating": 26, "page_rating_contents": 82, "page_rating_visits": 0, "page_rating_votes": 0, "permanent": false, "source__id": 66, "source_url": "https://www.channelnewsasia.com/api/v1/rss-outbound-feed?_format=xml", "status_code": 0, "tags": [], "thumbnail": "https://onecms-res.cloudinary.com/image/upload/s--rBRhqcRj--/fl_relative,g_south_east,l_mediacorp:cna:watermark:2024-04:reuters_1,w_0.1/f_auto,q_auto/c_fill,g_auto,h_468,w_830/v1/one-cms/core/2024-10-23t120644z_1_lynxmpek9m0h8_rtroptp_3_ukraine-crisis-kyiv.jpg?itok=_QcDIfEV", "title": "Analysis:Retro bonds return from the '80s to speed up debt reworks, but at a cost", "vote": 0}, {"age": null, "album": "", "artist": null, "bookmarked": false, "comments": [], "date_published": "2024-10-23T11:20:32.735011+00:00", "description": null, "id": 1374324, "language": null, "link": "https://www.channelnewsasia.com/business/nvidias-design-flaw-blackwell-ai-chips-now-fixed-ceo-says-4697126", "manual_status_code": 0, "page_rating": 26, "page_rating_contents": 81, "page_rating_visits": 0, "page_rating_votes": 0, "permanent": false, "source__id": 66, "source_url": "https://www.channelnewsasia.com/api/v1/rss-outbound-feed?_format=xml", "status_code": 0, "tags": [], "thumbnail": null, "title": "Nvidia's design flaw with Blackwell AI chips now fixed, CEO says", "vote": 0}, {"age": null, "album": "", "artist": null, "bookmarked": false, "comments": [], "date_published": "2024-10-23T11:20:32.214298+00:00", "description": null, "id": 1374323, "language": null, "link": "https://www.channelnewsasia.com/world/north-gaza-polio-campaign-postponed-vaccinations-children-israel-hamas-war-4696846", "manual_status_code": 0, "page_rating": 26, "page_rating_contents": 82, "page_rating_visits": 0, "page_rating_votes": 0, "permanent": false, "source__id": 66, "source_url": "https://www.channelnewsasia.com/api/v1/rss-outbound-feed?_format=xml", "status_code": 0, "tags": [], "thumbnail": "https://onecms-res.cloudinary.com/image/upload/s--8Hh3RDtK--/fl_relative,g_south_east,l_mediacorp:cna:watermark:2024-04:reuters_1,w_0.1/f_auto,q_auto/c_fill,g_auto,h_468,w_830/v1/one-cms/core/2024-10-23t085304z_1_lynxmpek9m0af_rtroptp_3_israel-palestinians-gaza-un.jpg?itok=5Hut7BkI", "title": "North Gaza polio campaign postponed due to violence: WHO", "vote": 0}, {"age": null, "album": "", "artist": null, "bookmarked": false, "comments": [], "date_published": "2024-10-23T11:20:31.895955+00:00", "description": null, "id": 1374322, "language": null, "link": "https://www.channelnewsasia.com/business/att-exceeds-wireless-subscriber-estimates-demand-pricey-unlimited-plans-4697156", "manual_status_code": 0, "page_rating": 26, "page_rating_contents": 82, "page_rating_visits": 0, "page_rating_votes": 0, "permanent": false, "source__id": 66, "source_url": "https://www.channelnewsasia.com/api/v1/rss-outbound-feed?_format=xml", "status_code": 0, "tags": [], "thumbnail": "https://onecms-res.cloudinary.com/image/upload/s--8cr8GkQl--/fl_relative,g_south_east,l_mediacorp:cna:watermark:2024-04:reuters_1,w_0.1/f_auto,q_auto/c_fill,g_auto,h_468,w_830/v1/one-cms/core/2024-10-23t103601z_1_lynxmpek9m0e8_rtroptp_3_at-t-results.jpg?itok=37rDVBzc", "title": "AT&T exceeds wireless subscriber estimates on demand for pricey unlimited plans", "vote": 0}, {"age": null, "album": "", "artist": null, "bookmarked": false, "comments": [], "date_published": "2024-10-23T10:15:39.929200+00:00", "description": null, "id": 1373951, "language": null, "link": "https://www.channelnewsasia.com/singapore/construction-worker-dies-yishun-ring-road-workplace-fatality-manpower-ministry-4696836", "manual_status_code": 0, "page_rating": 26, "page_rating_contents": 82, "page_rating_visits": 0, "page_rating_votes": 0, "permanent": false, "source__id": 66, "source_url": "https://www.channelnewsasia.com/api/v1/rss-outbound-feed?_format=xml", "status_code": 0, "tags": [], "thumbnail": "https://onecms-res.cloudinary.com/image/upload/s--vJJ2-S_7--/f_auto,q_auto/c_fill,g_auto,h_468,w_830/v1/mediacorp/cna/image/2024/10/23/yishun_ring_road_workplace_death.png?itok=mQcXVZa6", "title": "Construction worker dies after being struck by steel gate frame in Yishun", "vote": 0}, {"age": null, "album": "", "artist": null, "bookmarked": false, "comments": [], "date_published": "2024-10-23T10:15:39.815826+00:00", "description": null, "id": 1373950, "language": null, "link": "https://www.channelnewsasia.com/sport/gambhir-backs-struggling-rahul-nz-brace-trial-spin-4696946", "manual_status_code": 0, "page_rating": 26, "page_rating_contents": 82, "page_rating_visits": 0, "page_rating_votes": 0, "permanent": false, "source__id": 66, "source_url": "https://www.channelnewsasia.com/api/v1/rss-outbound-feed?_format=xml", "status_code": 0, "tags": [], "thumbnail": "https://onecms-res.cloudinary.com/image/upload/s--Fx5Cotyi--/fl_relative,g_south_east,l_mediacorp:cna:watermark:2024-04:reuters_1,w_0.1/f_auto,q_auto/c_fill,g_auto,h_468,w_830/v1/one-cms/core/2024-10-23t091736z_1_lynxmpek9m0bb_rtroptp_3_cricket-india.jpg?itok=iVrB9ESu", "title": "Gambhir backs struggling Rahul, NZ brace for trial by spin", "vote": 0}, {"age": null, "album": "", "artist": null, "bookmarked": false, "comments": [], "date_published": "2024-10-23T10:15:39.700573+00:00", "description": null, "id": 1373949, "language": null, "link": "https://www.channelnewsasia.com/world/us-secretary-state-antony-blinken-says-now-time-end-israel-hamas-war-gaza-4696841", "manual_status_code": 0, "page_rating": 26, "page_rating_contents": 82, "page_rating_visits": 0, "page_rating_votes": 0, "permanent": false, "source__id": 66, "source_url": "https://www.channelnewsasia.com/api/v1/rss-outbound-feed?_format=xml", "status_code": 0, "tags": [], "thumbnail": "https://onecms-res.cloudinary.com/image/upload/s--ZFXTIgGU--/fl_relative,g_south_east,l_one-cms:core:watermark:ap_data-1,w_0.1/f_auto,q_auto/c_fill,g_auto,h_468,w_830/v1/one-cms/core/mideast_wars_gaza_reconstruction_84076.jpg?itok=n0eySWwi", "title": "US says 'now is the time' to end Gaza war", "vote": 0}, {"age": null, "album": "", "artist": null, "bookmarked": false, "comments": [], "date_published": "2024-10-23T10:15:39.588031+00:00", "description": null, "id": 1373948, "language": null, "link": "https://www.channelnewsasia.com/business/gold-glitters-us-election-nerves-grow-strong-dollar-dents-stocks-4696181", "manual_status_code": 0, "page_rating": 26, "page_rating_contents": 82, "page_rating_visits": 0, "page_rating_votes": 0, "permanent": false, "source__id": 66, "source_url": "https://www.channelnewsasia.com/api/v1/rss-outbound-feed?_format=xml", "status_code": 0, "tags": [], "thumbnail": "https://onecms-res.cloudinary.com/image/upload/s--0KPhXCt1--/fl_relative,g_south_east,l_mediacorp:cna:watermark:2024-04:reuters_1,w_0.1/f_auto,q_auto/c_fill,g_auto,h_468,w_830/v1/one-cms/core/2024-10-23t054420z_2_lynxmpek9m01w_rtroptp_3_precious-gold-prices.jpg?itok=swLXPkIO", "title": "Gold glitters as US election nerves grow, strong dollar dents stocks", "vote": 0}, {"age": null, "album": "", "artist": null, "bookmarked": false, "comments": [], "date_published": "2024-10-23T10:15:39.470850+00:00", "description": null, "id": 1373947, "language": null, "link": "https://www.channelnewsasia.com/business/eu-antitrust-chief-nominee-vows-intensify-big-tech-crackdown-4696971", "manual_status_code": 0, "page_rating": 26, "page_rating_contents": 82, "page_rating_visits": 0, "page_rating_votes": 0, "permanent": false, "source__id": 66, "source_url": "https://www.channelnewsasia.com/api/v1/rss-outbound-feed?_format=xml", "status_code": 0, "tags": [], "thumbnail": "https://onecms-res.cloudinary.com/image/upload/s--d9UgDxQK--/fl_relative,g_south_east,l_mediacorp:cna:watermark:2024-04:reuters_1,w_0.1/f_auto,q_auto/c_fill,g_auto,h_468,w_830/v1/one-cms/core/2024-10-23t093551z_2_lynxmpek9m0bi_rtroptp_3_eu-antitrust-ribera.jpg?itok=1XxMl04l", "title": "EU antitrust chief nominee vows to intensify Big Tech crackdown", "vote": 0}, {"age": null, "album": "", "artist": null, "bookmarked": false, "comments": [], "date_published": "2024-10-23T10:15:39.334747+00:00", "description": null, "id": 1373946, "language": null, "link": "https://www.channelnewsasia.com/business/tesla-sell-home-batteries-japan-through-yamada-chain-nikkei-reports-4696976", "manual_status_code": 0, "page_rating": 26, "page_rating_contents": 82, "page_rating_visits": 0, "page_rating_votes": 0, "permanent": false, "source__id": 66, "source_url": "https://www.channelnewsasia.com/api/v1/rss-outbound-feed?_format=xml", "status_code": 0, "tags": [], "thumbnail": "https://onecms-res.cloudinary.com/image/upload/s--mY1jA7xW--/fl_relative,g_south_east,l_mediacorp:cna:watermark:2024-04:reuters_1,w_0.1/f_auto,q_auto/c_fill,g_auto,h_468,w_830/v1/one-cms/core/2024-10-23t095350z_1_lynxmpek9m0c0_rtroptp_3_tesla-motors-batteries.jpg?itok=EZH_BQeb", "title": "Tesla to sell home batteries in Japan through Yamada chain, Nikkei reports", "vote": 0}, {"age": null, "album": "", "artist": null, "bookmarked": false, "comments": [], "date_published": "2024-10-23T10:15:39.221907+00:00", "description": null, "id": 1373945, "language": null, "link": "https://www.channelnewsasia.com/business/oil-slips-higher-us-crude-stocks-market-watches-middle-east-4696071", "manual_status_code": 0, "page_rating": 26, "page_rating_contents": 82, "page_rating_visits": 0, "page_rating_votes": 0, "permanent": false, "source__id": 66, "source_url": "https://www.channelnewsasia.com/api/v1/rss-outbound-feed?_format=xml", "status_code": 0, "tags": [], "thumbnail": "https://onecms-res.cloudinary.com/image/upload/s--JykuKjpi--/fl_relative,g_south_east,l_mediacorp:cna:watermark:2024-04:reuters_1,w_0.1/f_auto,q_auto/c_fill,g_auto,h_468,w_830/v1/one-cms/core/2024-10-23t005157z_1_lynxmpek9m00m_rtroptp_3_global-oil-prices.jpg?itok=wgPnFt9Y", "title": "Oil slips on higher US crude stocks; market watches Middle East", "vote": 0}, {"age": null, "album": "", "artist": null, "bookmarked": false, "comments": [], "date_published": "2024-10-23T10:15:39.085663+00:00", "description": null, "id": 1373944, "language": null, "link": "https://www.channelnewsasia.com/east-asia/north-korea-has-sent-3000-troops-russia-ukraine-war-south-korean-lawmakers-say-4696816", "manual_status_code": 0, "page_rating": 26, "page_rating_contents": 82, "page_rating_visits": 0, "page_rating_votes": 0, "permanent": false, "source__id": 66, "source_url": "https://www.channelnewsasia.com/api/v1/rss-outbound-feed?_format=xml", "status_code": 0, "tags": [], "thumbnail": "https://onecms-res.cloudinary.com/image/upload/s---cRV4WiU--/fl_relative,g_south_east,l_one-cms:core:watermark:ap_data-1,w_0.1/f_auto,q_auto/c_fill,g_auto,h_468,w_830/v1/one-cms/core/north_korea_russia_32372.jpg?itok=bNlxP_Rt", "title": "North Korea has sent 3,000 troops to Russia for Ukraine war, South Korean lawmakers say", "vote": 0}, {"age": null, "album": "", "artist": null, "bookmarked": false, "comments": [], "date_published": "2024-10-23T10:15:38.972134+00:00", "description": "More than 700 students were caught vaping and referred to HSA by schools and institutes of higher learning.", "id": 1373943, "language": null, "link": "https://www.channelnewsasia.com/singapore/52-cent-increase-possessing-using-vapes-q3-4696761", "manual_status_code": 0, "page_rating": 27, "page_rating_contents": 86, "page_rating_visits": 0, "page_rating_votes": 0, "permanent": false, "source__id": 66, "source_url": "https://www.channelnewsasia.com/api/v1/rss-outbound-feed?_format=xml", "status_code": 0, "tags": [], "thumbnail": "https://onecms-res.cloudinary.com/image/upload/s--YuZE-QzS--/fl_relative,g_south_east,l_mediacorp:cna:watermark:2024-04:reuters_1,w_0.1/f_auto,q_auto/c_fill,g_auto,h_468,w_830/v1/one-cms/core/2024-07-01t062201z_1_lynxmpek600iq_rtroptp_3_australia-vaping-ban.jpg?itok=DvVa3iYw", "title": "52% rise in number of people caught possessing, using vapes in Q3", "vote": 0}, {"age": null, "album": "", "artist": null, "bookmarked": false, "comments": [], "date_published": "2024-10-23T10:15:38.837107+00:00", "description": null, "id": 1373942, "language": null, "link": "https://www.channelnewsasia.com/singapore/pm-lawrence-wong-visit-samoa-commonwealth-heads-government-meeting-summit-4696536", "manual_status_code": 0, "page_rating": 26, "page_rating_contents": 82, "page_rating_visits": 0, "page_rating_votes": 0, "permanent": false, "source__id": 66, "source_url": "https://www.channelnewsasia.com/api/v1/rss-outbound-feed?_format=xml", "status_code": 0, "tags": [], "thumbnail": "https://onecms-res.cloudinary.com/image/upload/s--Q2s7sNNp--/c_crop,h_807,w_1436,x_81,y_96/fl_relative,g_south_east,l_mediacorp:cna:watermark:2021-08:cna,w_0.1/f_auto,q_auto/c_fill,g_auto,h_468,w_830/v1/mediacorp/cna/image/2024/09/23/DSC_5411.jpg?itok=hViKisiE", "title": "PM Wong to visit Samoa for Commonwealth summit", "vote": 0}, {"age": null, "album": "", "artist": null, "bookmarked": false, "comments": [], "date_published": "2024-10-23T10:15:38.698065+00:00", "description": null, "id": 1373941, "language": null, "link": "https://www.channelnewsasia.com/asia/india-new-delhi-air-pollution-hazardous-4697021", "manual_status_code": 0, "page_rating": 26, "page_rating_contents": 82, "page_rating_visits": 0, "page_rating_votes": 0, "permanent": false, "source__id": 66, "source_url": "https://www.channelnewsasia.com/api/v1/rss-outbound-feed?_format=xml", "status_code": 0, "tags": [], "thumbnail": "https://onecms-res.cloudinary.com/image/upload/s--JU6u1iiN--/fl_relative,g_south_east,l_mediacorp:cna:watermark:2023-11:afp_watermark_14112023,w_0.1/f_auto,q_auto/c_fill,g_auto,h_468,w_830/v1/mediacorp/cna/image/2024/10/23/air_pollution_new_delhi.jpg?itok=gwxCcs9i", "title": "Indian capital chokes as 'hazardous' air pollution returns", "vote": 0}, {"age": null, "album": "", "artist": null, "bookmarked": false, "comments": [], "date_published": "2024-10-23T10:15:38.577700+00:00", "description": "Veteran opposition politician Low Thia Khiang took the stand briefly as the prosecution's fourth witness in the trial of his successor, Pritam Singh.", "id": 1373940, "language": null, "link": "https://www.channelnewsasia.com/singapore/low-thia-khiang-pritam-singh-trial-raeesah-khan-4696996", "manual_status_code": 0, "page_rating": 27, "page_rating_contents": 86, "page_rating_visits": 0, "page_rating_votes": 0, "permanent": false, "source__id": 66, "source_url": "https://www.channelnewsasia.com/api/v1/rss-outbound-feed?_format=xml", "status_code": 0, "tags": [], "thumbnail": "https://onecms-res.cloudinary.com/image/upload/s--30pQF2dO--/fl_relative,g_south_east,l_mediacorp:cna:watermark:2021-08:cna,w_0.1/f_auto,q_auto/c_fill,g_auto,h_468,w_830/v1/mediacorp/cna/image/2024/10/23/Low%20Thia%20Khiang%201.jpg?itok=IzVbekQT", "title": "'If she tells a lie, I think she should apologise': Low Thia Khiang on Raeesah Khan in Pritam Singh's trial", "vote": 0}, {"age": null, "album": "", "artist": null, "bookmarked": false, "comments": [], "date_published": "2024-10-23T10:15:38.467537+00:00", "description": null, "id": 1373939, "language": null, "link": "https://www.channelnewsasia.com/business/facebook-should-keep-up-satirical-harris-walz-nipple-pinching-post-oversight-board-says-4697076", "manual_status_code": 0, "page_rating": 26, "page_rating_contents": 82, "page_rating_visits": 0, "page_rating_votes": 0, "permanent": false, "source__id": 66, "source_url": "https://www.channelnewsasia.com/api/v1/rss-outbound-feed?_format=xml", "status_code": 0, "tags": [], "thumbnail": "https://onecms-res.cloudinary.com/image/upload/s--9eF_KnjR--/fl_relative,g_south_east,l_mediacorp:cna:watermark:2024-04:reuters_1,w_0.1/f_auto,q_auto/c_fill,g_auto,h_468,w_830/v1/one-cms/core/2024-10-23t100653z_1_lynxmpek9m0cp_rtroptp_3_usa-election-meta-platforms.jpg?itok=OMch_OgY", "title": "Facebook should keep up satirical Harris-Walz nipple-pinching post, oversight board says", "vote": 0}, {"age": null, "album": "", "artist": null, "bookmarked": false, "comments": [], "date_published": "2024-10-23T10:15:38.353171+00:00", "description": null, "id": 1373938, "language": null, "link": "https://www.channelnewsasia.com/singapore/fatal-accident-motorcyclist-killed-driver-arrested-careless-driving-kje-4697001", "manual_status_code": 0, "page_rating": 26, "page_rating_contents": 82, "page_rating_visits": 0, "page_rating_votes": 0, "permanent": false, "source__id": 66, "source_url": "https://www.channelnewsasia.com/api/v1/rss-outbound-feed?_format=xml", "status_code": 0, "tags": [], "thumbnail": "https://onecms-res.cloudinary.com/image/upload/s--2d7jA9tH--/f_auto,q_auto/c_fill,g_auto,h_468,w_830/v1/mediacorp/cna/image/2024/10/23/kje_accident.png?itok=CQxW6gbY", "title": "Motorcyclist killed in accident along KJE; lorry driver arrested for careless driving", "vote": 0}, {"age": null, "album": "", "artist": null, "bookmarked": false, "comments": [], "date_published": "2024-10-23T09:10:15.088514+00:00", "description": null, "id": 1373644, "language": null, "link": "https://www.channelnewsasia.com/sport/byjus-payment-dispute-settlement-india-cricket-body-set-aside-top-court-4696751", "manual_status_code": 0, "page_rating": 26, "page_rating_contents": 82, "page_rating_visits": 0, "page_rating_votes": 0, "permanent": false, "source__id": 66, "source_url": "https://www.channelnewsasia.com/api/v1/rss-outbound-feed?_format=xml", "status_code": 0, "tags": [], "thumbnail": "https://onecms-res.cloudinary.com/image/upload/s--52M_10w6--/fl_relative,g_south_east,l_mediacorp:cna:watermark:2024-04:reuters_1,w_0.1/f_auto,q_auto/c_fill,g_auto,h_468,w_830/v1/one-cms/core/2024-10-23t080754z_1_lynxmpek9m099_rtroptp_3_byjus-india.jpg?itok=ouHpDNGq", "title": "Byju's payment dispute settlement with India cricket body set aside by top court", "vote": 0}, {"age": null, "album": "", "artist": null, "bookmarked": false, "comments": [], "date_published": "2024-10-23T09:10:14.959262+00:00", "description": null, "id": 1373643, "language": null, "link": "https://www.channelnewsasia.com/business/south-korean-finance-minister-views-dollar-won-near-1400-new-normal-yonhap-reports-4696756", "manual_status_code": 0, "page_rating": 26, "page_rating_contents": 82, "page_rating_visits": 0, "page_rating_votes": 0, "permanent": false, "source__id": 66, "source_url": "https://www.channelnewsasia.com/api/v1/rss-outbound-feed?_format=xml", "status_code": 0, "tags": [], "thumbnail": "https://onecms-res.cloudinary.com/image/upload/s--Q7R4L4Vd--/fl_relative,g_south_east,l_mediacorp:cna:watermark:2024-04:reuters_1,w_0.1/f_auto,q_auto/c_fill,g_auto,h_468,w_830/v1/one-cms/core/2024-10-23t080921z_1_lynxmpek9m09a_rtroptp_3_imf-worldbank-trilateral.jpg?itok=Z8PGMTQD", "title": "South Korean finance minister views dollar-won near 1,400 as new normal, Yonhap reports", "vote": 0}, {"age": null, "album": "", "artist": null, "bookmarked": false, "comments": [], "date_published": "2024-10-23T09:10:14.755585+00:00", "description": "Pritam Singh, the Leader of the Opposition and Workers' Party chief, is accused of lying to a Committee of Privileges over the Raeesah Khan case.", "id": 1373642, "language": null, "link": "https://www.channelnewsasia.com/singapore/pritam-singh-trial-low-thia-khiang-raeesah-khan-lie-parliament-4684826", "manual_status_code": 0, "page_rating": 27, "page_rating_contents": 86, "page_rating_visits": 0, "page_rating_votes": 0, "permanent": false, "source__id": 66, "source_url": "https://www.channelnewsasia.com/api/v1/rss-outbound-feed?_format=xml", "status_code": 0, "tags": [], "thumbnail": "https://onecms-res.cloudinary.com/image/upload/s--AhGE1T5Z--/fl_relative,g_south_east,l_mediacorp:cna:watermark:2021-08:cna,w_0.1/f_auto,q_auto/c_fill,g_auto,h_468,w_830/v1/mediacorp/cna/image/2024/10/23/img_9508_720.jpg?itok=ne7cwyMR", "title": "Live: Low Thia Khiang takes the stand in Pritam Singh trial ", "vote": 0}, {"age": null, "album": "", "artist": null, "bookmarked": false, "comments": [], "date_published": "2024-10-23T09:10:14.613134+00:00", "description": null, "id": 1373641, "language": null, "link": "https://www.channelnewsasia.com/sport/injured-raducanu-skips-fifth-event-asia-swing-race-be-fit-bjk-cup-4696771", "manual_status_code": 0, "page_rating": 26, "page_rating_contents": 82, "page_rating_visits": 0, "page_rating_votes": 0, "permanent": false, "source__id": 66, "source_url": "https://www.channelnewsasia.com/api/v1/rss-outbound-feed?_format=xml", "status_code": 0, "tags": [], "thumbnail": "https://onecms-res.cloudinary.com/image/upload/s--HQ8hosoV--/fl_relative,g_south_east,l_mediacorp:cna:watermark:2024-04:reuters_1,w_0.1/f_auto,q_auto/c_fill,g_auto,h_468,w_830/v1/one-cms/core/2024-10-23t081900z_1_lynxmpek9m09k_rtroptp_3_tennis-wimbledon.jpg?itok=kO4guWNK", "title": "Injured Raducanu skips fifth event in Asia swing, in race to be fit for BJK Cup", "vote": 0}, {"age": null, "album": "", "artist": null, "bookmarked": false, "comments": [], "date_published": "2024-10-23T09:10:14.491796+00:00", "description": "This is part of the Housing and Development Board\u2019s (HDB) efforts to boost construction efficiency by tapping on automation and robotics.", "id": 1373640, "language": null, "link": "https://www.channelnewsasia.com/singapore/about-half-new-bto-projects-use-more-robots-painting-skimming-works-2025-4693626", "manual_status_code": 0, "page_rating": 27, "page_rating_contents": 86, "page_rating_visits": 0, "page_rating_votes": 0, "permanent": false, "source__id": 66, "source_url": "https://www.channelnewsasia.com/api/v1/rss-outbound-feed?_format=xml", "status_code": 0, "tags": [], "thumbnail": "https://onecms-res.cloudinary.com/image/upload/s--NFXyFnyt--/f_auto,q_auto/c_fill,g_auto,h_468,w_830/v1/mediacorp/cna/image/2024/10/22/robot_painting_skimming_works_hdb.jpg?itok=GeT0J_P9", "title": "About half of new BTO projects to use more robots for painting works from 2025", "vote": 0}, {"age": null, "album": "", "artist": null, "bookmarked": false, "comments": [], "date_published": "2024-10-23T09:10:14.355330+00:00", "description": null, "id": 1373639, "language": null, "link": "https://www.channelnewsasia.com/singapore/coe-premiums-oct-23-cars-motorcycles-commercial-vehicles-prices-2024-4696696", "manual_status_code": 0, "page_rating": 26, "page_rating_contents": 82, "page_rating_visits": 0, "page_rating_votes": 0, "permanent": false, "source__id": 66, "source_url": "https://www.channelnewsasia.com/api/v1/rss-outbound-feed?_format=xml", "status_code": 0, "tags": [], "thumbnail": "https://onecms-res.cloudinary.com/image/upload/s--snsQZaY9--/c_crop,h_576,w_1024,x_0,y_106/fl_relative,g_south_east,l_one-cms:core:watermark:afp_watermark,w_0.1/f_auto,q_auto/c_fill,g_auto,h_468,w_830/v1/mediacorp/cna/image/2022/06/30/000_1su0gx.jpg?itok=gOIbMk4g", "title": "COE prices close lower for all categories in latest bidding exercise", "vote": 0}, {"age": null, "album": "", "artist": null, "bookmarked": false, "comments": [], "date_published": "2024-10-23T09:10:14.195766+00:00", "description": null, "id": 1373638, "language": null, "link": "https://www.channelnewsasia.com/sport/shohei-ohtani-50-50-baseball-sells-record-breaking-us4-39-million-4696791", "manual_status_code": 0, "page_rating": 26, "page_rating_contents": 82, "page_rating_visits": 0, "page_rating_votes": 0, "permanent": false, "source__id": 66, "source_url": "https://www.channelnewsasia.com/api/v1/rss-outbound-feed?_format=xml", "status_code": 0, "tags": [], "thumbnail": "https://onecms-res.cloudinary.com/image/upload/s--wk8yIdEu--/c_crop,h_562,w_1000,x_0,y_13/fl_relative,g_south_east,l_one-cms:core:watermark:ap_data-1,w_0.1/f_auto,q_auto/c_fill,g_auto,h_468,w_830/v1/one-cms/core/dodgers_ohtani_50-50_photo_gallery_baseball_23245.jpg?itok=OIh8kMwP", "title": "Shohei Ohtani's 50-50 baseball sells for record-breaking US$4.39 million", "vote": 0}, {"age": null, "album": "", "artist": null, "bookmarked": false, "comments": [], "date_published": "2024-10-23T09:10:14.000394+00:00", "description": null, "id": 1373637, "language": null, "link": "https://www.channelnewsasia.com/asia/tropical-storm-trami-philippines-deaths-evacuations-flooding-heavy-rain-4696776", "manual_status_code": 0, "page_rating": 26, "page_rating_contents": 82, "page_rating_visits": 0, "page_rating_votes": 0, "permanent": false, "source__id": 66, "source_url": "https://www.channelnewsasia.com/api/v1/rss-outbound-feed?_format=xml", "status_code": 0, "tags": [], "thumbnail": "https://onecms-res.cloudinary.com/image/upload/s--3XivZxoA--/fl_relative,g_south_east,l_mediacorp:cna:watermark:2023-11:afp_watermark_14112023,w_0.1/f_auto,q_auto/c_fill,g_auto,h_468,w_830/v1/mediacorp/cna/image/2024/10/23/tropical_storm_trami.jpg?itok=0s04htcD", "title": "Seven dead, thousands evacuated as Tropical Storm Trami batters Philippines", "vote": 0}, {"age": null, "album": "", "artist": null, "bookmarked": false, "comments": [], "date_published": "2024-10-23T08:05:14.208741+00:00", "description": null, "id": 1373393, "language": null, "link": "https://www.channelnewsasia.com/world/king-charles-arrives-samoa-where-commonwealth-looks-shed-stodgy-image-4696111", "manual_status_code": 0, "page_rating": 26, "page_rating_contents": 82, "page_rating_visits": 0, "page_rating_votes": 0, "permanent": false, "source__id": 66, "source_url": "https://www.channelnewsasia.com/api/v1/rss-outbound-feed?_format=xml", "status_code": 0, "tags": [], "thumbnail": "https://onecms-res.cloudinary.com/image/upload/s--wYr8E9Q7--/fl_relative,g_south_east,l_mediacorp:cna:watermark:2024-04:reuters_1,w_0.1/f_auto,q_auto/c_fill,g_auto,h_468,w_830/v1/mediacorp/cna/image/2024/10/23/2024-10-23t070019z_31299628_rc26qaa89xcd_rtrmadp_3_britain-royals-samoa_0.jpg?itok=6yF7zEXF", "title": "King Charles arrives in Samoa, where Commonwealth looks to shed stodgy image", "vote": 0}, {"age": null, "album": "", "artist": null, "bookmarked": false, "comments": [], "date_published": "2024-10-23T08:05:13.991821+00:00", "description": "Core inflation, which excludes accommodation and private transport, hit 2.8 per cent in September, up slightly from August's figure of 2.7 per cent.", "id": 1373392, "language": null, "link": "https://www.channelnewsasia.com/singapore/singapore-core-inflation-mas-mti-up-second-straight-month-september-2024-4696586", "manual_status_code": 0, "page_rating": 27, "page_rating_contents": 86, "page_rating_visits": 0, "page_rating_votes": 0, "permanent": false, "source__id": 66, "source_url": "https://www.channelnewsasia.com/api/v1/rss-outbound-feed?_format=xml", "status_code": 0, "tags": [], "thumbnail": "https://onecms-res.cloudinary.com/image/upload/s--iESTiiOx--/c_crop,h_900,w_1600,x_0,y_72/f_auto,q_auto/c_fill,g_auto,h_468,w_830/v1/mediacorp/cna/image/2024/06/20/office_workers_cbd_singapore.jpg?itok=31woIlrJ", "title": "Singapore core inflation up for second straight month", "vote": 0}, {"age": null, "album": "", "artist": null, "bookmarked": false, "comments": [], "date_published": "2024-10-23T08:05:13.880278+00:00", "description": "The messages were\u00a0sent in a chat group that former Workers' Party lawmaker Ms Raeesah Khan had with Mr Yudhishthra Nathan and Ms Loh Peiying.", "id": 1373391, "language": null, "link": "https://www.channelnewsasia.com/singapore/pritam-singh-unredacted-messages-yudhishthra-nathan-ang-check-hock-andre-jumabhoy-4696621", "manual_status_code": 0, "page_rating": 27, "page_rating_contents": 86, "page_rating_visits": 0, "page_rating_votes": 0, "permanent": false, "source__id": 66, "source_url": "https://www.channelnewsasia.com/api/v1/rss-outbound-feed?_format=xml", "status_code": 0, "tags": [], "thumbnail": "https://onecms-res.cloudinary.com/image/upload/s--ttE_HvEf--/f_auto,q_auto/c_fill,g_auto,h_468,w_830/v1/mediacorp/cna/image/2024/10/23/5821294808260527594_720.jpg?itok=tv_CzCEP", "title": "Pritam Singh trial: Judge rejects defence's application for ex-WP cadre's unredacted messages", "vote": 0}, {"age": null, "album": "", "artist": null, "bookmarked": false, "comments": [], "date_published": "2024-10-23T08:05:13.762940+00:00", "description": null, "id": 1373390, "language": null, "link": "https://www.channelnewsasia.com/business/airlines-suspend-flights-middle-east-tensions-rise-4535996", "manual_status_code": 0, "page_rating": 26, "page_rating_contents": 81, "page_rating_visits": 0, "page_rating_votes": 0, "permanent": false, "source__id": 66, "source_url": "https://www.channelnewsasia.com/api/v1/rss-outbound-feed?_format=xml", "status_code": 0, "tags": [], "thumbnail": null, "title": "Airlines suspend flights as Middle East tensions rise", "vote": 0}, {"age": null, "album": "", "artist": null, "bookmarked": false, "comments": [], "date_published": "2024-10-23T07:01:36.406275+00:00", "description": null, "id": 1373182, "language": null, "link": "https://www.channelnewsasia.com/business/indian-payments-firm-paytms-shares-jump-nod-new-upi-users-clears-key-risk-4696421", "manual_status_code": 0, "page_rating": 26, "page_rating_contents": 82, "page_rating_visits": 0, "page_rating_votes": 0, "permanent": false, "source__id": 66, "source_url": "https://www.channelnewsasia.com/api/v1/rss-outbound-feed?_format=xml", "status_code": 0, "tags": [], "thumbnail": "https://onecms-res.cloudinary.com/image/upload/s--TwKcatAp--/fl_relative,g_south_east,l_mediacorp:cna:watermark:2024-04:reuters_1,w_0.1/f_auto,q_auto/c_fill,g_auto,h_468,w_830/v1/one-cms/core/2024-10-23t042009z_1_lynxmpek9m035_rtroptp_3_paytm-india-regulation.jpg?itok=_KekVYe3", "title": "Indian payments firm Paytm's shares jump as nod for new UPI users clears key risk", "vote": 0}, {"age": null, "album": "", "artist": null, "bookmarked": false, "comments": [], "date_published": "2024-10-23T07:01:36.033319+00:00", "description": "Since the launch of Op Global in September, Malaysian authorities have arrested 415 individuals linked to Global Ikhwan Services and Business (GISB) Holdings and rescued 625 victims aged between two months and 28 years old.", "id": 1373181, "language": null, "link": "https://www.channelnewsasia.com/asia/gisb-al-arqam-malaysia-child-abuse-human-trafficking-4696476", "manual_status_code": 0, "page_rating": 27, "page_rating_contents": 86, "page_rating_visits": 0, "page_rating_votes": 0, "permanent": false, "source__id": 66, "source_url": "https://www.channelnewsasia.com/api/v1/rss-outbound-feed?_format=xml", "status_code": 0, "tags": [], "thumbnail": "https://onecms-res.cloudinary.com/image/upload/s--uVli6qUn--/f_auto,q_auto/c_fill,g_auto,h_468,w_830/v1/mediacorp/cna/image/2024/10/23/000_36kn4t7_0.jpg?itok=foWhm1Wv", "title": "Malaysia child abuse case: CEO of GISB, wife among 22 people charged with being members of organised crime group", "vote": 0}, {"age": null, "album": "", "artist": null, "bookmarked": false, "comments": [], "date_published": "2024-10-23T07:01:35.632104+00:00", "description": "Southeast Asia's energy demand is expected to more than double by 2040 to meet the region\u2019s needs.", "id": 1373180, "language": null, "link": "https://www.channelnewsasia.com/asia/asean-secretary-general-southeast-asia-climate-change-risks-renewable-energy-4694226", "manual_status_code": 0, "page_rating": 27, "page_rating_contents": 86, "page_rating_visits": 0, "page_rating_votes": 0, "permanent": false, "source__id": 66, "source_url": "https://www.channelnewsasia.com/api/v1/rss-outbound-feed?_format=xml", "status_code": 0, "tags": [], "thumbnail": "https://onecms-res.cloudinary.com/image/upload/s--v8CyfkCN--/f_auto,q_auto/c_fill,g_auto,h_468,w_830/v1/mediacorp/cna/image/2023/09/04/20230904035352-Menlu-ASEAN-sampaikan-pandangan-040923-app-6.JPG?itok=H2R80rsS", "title": "ASEAN states have to \u2018work very closely\u2019 to tackle region\u2019s climate change risks, says bloc\u2019s sec-gen ", "vote": 0}, {"age": null, "album": "", "artist": null, "bookmarked": false, "comments": [], "date_published": "2024-10-23T07:01:35.308516+00:00", "description": null, "id": 1373179, "language": null, "link": "https://www.channelnewsasia.com/sustainability/climate-change-worsened-rains-flood-hit-african-regions-scientists-say-4696271", "manual_status_code": 0, "page_rating": 26, "page_rating_contents": 82, "page_rating_visits": 0, "page_rating_votes": 0, "permanent": false, "source__id": 66, "source_url": "https://www.channelnewsasia.com/api/v1/rss-outbound-feed?_format=xml", "status_code": 0, "tags": [], "thumbnail": "https://onecms-res.cloudinary.com/image/upload/s--E3kCKTPX--/fl_relative,g_south_east,l_mediacorp:cna:watermark:2024-04:reuters_1,w_0.1/f_auto,q_auto/c_fill,g_auto,h_468,w_830/v1/one-cms/core/2024-10-23t030321z_1_lynxmpek9m02a_rtroptp_3_africa-floods-climate-change.jpg?itok=UHWBBVvP", "title": "Climate change worsened rains in flood-hit African regions, scientists say", "vote": 0}, {"age": null, "album": "", "artist": null, "bookmarked": false, "comments": [], "date_published": "2024-10-23T07:01:35.003303+00:00", "description": null, "id": 1373178, "language": null, "link": "https://www.channelnewsasia.com/world/king-charles-visits-samoa-where-commonwealth-looks-shed-stodgy-image-4696111", "manual_status_code": 0, "page_rating": 26, "page_rating_contents": 82, "page_rating_visits": 0, "page_rating_votes": 0, "permanent": false, "source__id": 66, "source_url": "https://www.channelnewsasia.com/api/v1/rss-outbound-feed?_format=xml", "status_code": 0, "tags": [], "thumbnail": "https://onecms-res.cloudinary.com/image/upload/s--qFCe3dQv--/fl_relative,g_south_east,l_mediacorp:cna:watermark:2023-11:afp_watermark_14112023,w_0.1/f_auto,q_auto/c_fill,g_auto,h_468,w_830/v1/mediacorp/cna/image/2024/10/23/000_36kp2fl.jpg?itok=nTv4Og3u", "title": "King Charles visits Samoa, where Commonwealth looks to shed stodgy image", "vote": 0}, {"age": null, "album": "", "artist": null, "bookmarked": false, "comments": [], "date_published": "2024-10-23T07:01:34.607803+00:00", "description": null, "id": 1373177, "language": null, "link": "https://www.channelnewsasia.com/business/japans-nidec-posts-10-rise-second-quarter-operating-profit-4696616", "manual_status_code": 0, "page_rating": 26, "page_rating_contents": 82, "page_rating_visits": 0, "page_rating_votes": 0, "permanent": false, "source__id": 66, "source_url": "https://www.channelnewsasia.com/api/v1/rss-outbound-feed?_format=xml", "status_code": 0, "tags": [], "thumbnail": "https://onecms-res.cloudinary.com/image/upload/s--rORoMrBY--/fl_relative,g_south_east,l_mediacorp:cna:watermark:2024-04:reuters_1,w_0.1/f_auto,q_auto/c_fill,g_auto,h_468,w_830/v1/one-cms/core/2024-10-23t062800z_1_lynxmpek9m06l_rtroptp_3_nidec-results.jpg?itok=YaGV3xBa", "title": "Japan's Nidec posts 10% rise in second-quarter operating profit", "vote": 0}, {"age": null, "album": "", "artist": null, "bookmarked": false, "comments": [], "date_published": "2024-10-23T07:01:34.206411+00:00", "description": "The song is set for release on Thursday (Oct 24).\u00a0", "id": 1373176, "language": null, "link": "https://www.channelnewsasia.com/entertainment/linkin-park-new-single-over-each-other-4696626", "manual_status_code": 0, "page_rating": 27, "page_rating_contents": 86, "page_rating_visits": 0, "page_rating_votes": 0, "permanent": false, "source__id": 66, "source_url": "https://www.channelnewsasia.com/api/v1/rss-outbound-feed?_format=xml", "status_code": 0, "tags": [], "thumbnail": "https://onecms-res.cloudinary.com/image/upload/s--DPO3hgEC--/c_crop,h_900,w_1600,x_0,y_8/f_auto,q_auto/c_fill,g_auto,h_468,w_830/v1/mediacorp/cna/image/2024/09/09/1725603304cropped3787x2840_0.jpg?itok=1Ar_GdlM", "title": "Linkin Park to drop new single this week titled Over Each Other", "vote": 0}, {"age": null, "album": "", "artist": null, "bookmarked": false, "comments": [], "date_published": "2024-10-23T07:01:33.768197+00:00", "description": "In the first half of 2024, there were more than 26,000 reported cases of scams in Singapore - an increase of 16 per cent from the same period last year.", "id": 1373175, "language": null, "link": "https://www.channelnewsasia.com/singapore/scam-victims-scammers-telegram-gasa-summit-google-ai-4696296", "manual_status_code": 0, "page_rating": 27, "page_rating_contents": 86, "page_rating_visits": 0, "page_rating_votes": 0, "permanent": false, "source__id": 66, "source_url": "https://www.channelnewsasia.com/api/v1/rss-outbound-feed?_format=xml", "status_code": 0, "tags": [], "thumbnail": "https://onecms-res.cloudinary.com/image/upload/s--ZVGDNhyx--/f_auto,q_auto/c_fill,g_auto,h_468,w_830/v1/mediacorp/cna/image/2024/10/23/scam_global_anti_scam_alliance.jpg?itok=bleYChYS", "title": "Singapore scam victims lost less money on average this year compared with 2023: Global anti-scam alliance", "vote": 0}, {"age": null, "album": "", "artist": null, "bookmarked": false, "comments": [], "date_published": "2024-10-23T05:55:21.532094+00:00", "description": null, "id": 1372961, "language": null, "link": "https://www.channelnewsasia.com/singapore/multi-storey-sengkang-west-bus-depot-electric-vehicles-lta-4696441", "manual_status_code": 0, "page_rating": 26, "page_rating_contents": 82, "page_rating_visits": 0, "page_rating_votes": 0, "permanent": false, "source__id": 66, "source_url": "https://www.channelnewsasia.com/api/v1/rss-outbound-feed?_format=xml", "status_code": 0, "tags": [], "thumbnail": "https://onecms-res.cloudinary.com/image/upload/s--cFVHAlmr--/f_auto,q_auto/c_fill,g_auto,h_468,w_830/v1/mediacorp/cna/image/2024/10/23/screenshot-1729657450368_0.png?itok=owelJLsy", "title": "New Sengkang West multi-storey depot to support large-scale deployment of electric buses", "vote": 0}, {"age": null, "album": "", "artist": null, "bookmarked": false, "comments": [], "date_published": "2024-10-23T05:55:21.403405+00:00", "description": "Since the launch of Op Global in September, Malaysian authorities have arrested 415 individuals linked to Global Ikhwan Services and Business (GISB) Holdings and rescued 625 victims aged between two months and 28 years old.", "id": 1372960, "language": null, "link": "https://www.channelnewsasia.com/asia/gisb-al-arqam-deviant-malaysia-abuya-sexual-abuse-human-trafficking-children-4696476", "manual_status_code": 0, "page_rating": 27, "page_rating_contents": 86, "page_rating_visits": 0, "page_rating_votes": 0, "permanent": false, "source__id": 66, "source_url": "https://www.channelnewsasia.com/api/v1/rss-outbound-feed?_format=xml", "status_code": 0, "tags": [], "thumbnail": "https://onecms-res.cloudinary.com/image/upload/s--uVli6qUn--/f_auto,q_auto/c_fill,g_auto,h_468,w_830/v1/mediacorp/cna/image/2024/10/23/000_36kn4t7_0.jpg?itok=foWhm1Wv", "title": "Malaysia child abuse case: CEO of GISB, wife among 22 people charged with being members of organised crime group", "vote": 0}, {"age": null, "album": "", "artist": null, "bookmarked": false, "comments": [], "date_published": "2024-10-23T04:50:15.633878+00:00", "description": null, "id": 1372754, "language": null, "link": "https://www.channelnewsasia.com/world/photos-capture-exact-moment-israel-missile-strike-building-lebanon-beirut-hezbollah-4695396", "manual_status_code": 0, "page_rating": 26, "page_rating_contents": 82, "page_rating_visits": 0, "page_rating_votes": 0, "permanent": false, "source__id": 66, "source_url": "https://www.channelnewsasia.com/api/v1/rss-outbound-feed?_format=xml", "status_code": 0, "tags": [], "thumbnail": "https://onecms-res.cloudinary.com/image/upload/s--F0IlXkR2--/fl_relative,g_south_east,l_one-cms:core:watermark:ap_data-1,w_0.1/f_auto,q_auto/c_fill,g_auto,h_468,w_830/v1/mediacorp/cna/image/2024/10/23/ap24296451292047.jpg?itok=knS78v3r", "title": "Photos capture exact moments an Israeli missile strikes building in Beirut", "vote": 0}, {"age": null, "album": "", "artist": null, "bookmarked": false, "comments": [], "date_published": "2024-10-23T04:50:15.249304+00:00", "description": "There are three other Singapore bars in the Top 50:\u00a0New entrants\u00a0Nutmeg &amp; Clove and Analogue Initiative came in at No 28 and No 47, respectively, while Atlas ranked 43rd \u2013 a jump from its 48th position last year.", "id": 1372753, "language": null, "link": "https://www.channelnewsasia.com/dining/worlds-50-best-bars-2024-singapore-bars-4696121", "manual_status_code": 0, "page_rating": 27, "page_rating_contents": 86, "page_rating_visits": 0, "page_rating_votes": 0, "permanent": false, "source__id": 66, "source_url": "https://www.channelnewsasia.com/api/v1/rss-outbound-feed?_format=xml", "status_code": 0, "tags": [], "thumbnail": "https://onecms-res.cloudinary.com/image/upload/s--CYZMwI60--/c_crop,h_2250,w_4000,x_0,y_139/f_auto,q_auto/c_fill,g_auto,h_468,w_830/v1/mediacorp/cna/image/2024/10/23/5.jpg?itok=SXRHg8EI", "title": "World\u2019s 50 Best Bars 2024: Mexico takes top spot, Singapore's Jigger & Pony is 5th on the list", "vote": 0}, {"age": null, "album": "", "artist": null, "bookmarked": false, "comments": [], "date_published": "2024-10-23T04:50:14.927025+00:00", "description": "The 71-year-old Love 972 DJ thanked and assured fans via a video on Facebook.", "id": 1372752, "language": null, "link": "https://www.channelnewsasia.com/entertainment/marcus-chin-second-operation-update-coronary-heart-4696256", "manual_status_code": 0, "page_rating": 27, "page_rating_contents": 86, "page_rating_visits": 0, "page_rating_votes": 0, "permanent": false, "source__id": 66, "source_url": "https://www.channelnewsasia.com/api/v1/rss-outbound-feed?_format=xml", "status_code": 0, "tags": [], "thumbnail": "https://onecms-res.cloudinary.com/image/upload/s--N57yTire--/c_crop,h_900,w_1600,x_0,y_60/f_auto,q_auto/c_fill,g_auto,h_468,w_830/v1/mediacorp/cna/image/2024/10/23/2.jpg?itok=dO5BRM2O", "title": "Veteran actor-DJ Marcus Chin announces his recent 2nd operation a \u2018success\u2019", "vote": 0}, {"age": null, "album": "", "artist": null, "bookmarked": false, "comments": [], "date_published": "2024-10-23T04:50:14.651848+00:00", "description": null, "id": 1372751, "language": null, "link": "https://www.channelnewsasia.com/business/indian-fintech-paytms-shares-jump-nod-signing-new-digital-payment-users-4696421", "manual_status_code": 0, "page_rating": 26, "page_rating_contents": 82, "page_rating_visits": 0, "page_rating_votes": 0, "permanent": false, "source__id": 66, "source_url": "https://www.channelnewsasia.com/api/v1/rss-outbound-feed?_format=xml", "status_code": 0, "tags": [], "thumbnail": "https://onecms-res.cloudinary.com/image/upload/s--TwKcatAp--/fl_relative,g_south_east,l_mediacorp:cna:watermark:2024-04:reuters_1,w_0.1/f_auto,q_auto/c_fill,g_auto,h_468,w_830/v1/one-cms/core/2024-10-23t042009z_1_lynxmpek9m035_rtroptp_3_paytm-india-regulation.jpg?itok=_KekVYe3", "title": "Indian fintech Paytm's shares jump on nod for signing new digital payment users", "vote": 0}, {"age": null, "album": "", "artist": null, "bookmarked": false, "comments": [], "date_published": "2024-10-23T04:50:14.267516+00:00", "description": null, "id": 1372750, "language": null, "link": "https://www.channelnewsasia.com/singapore/clementi-trivelis-murder-death-man-charged-toh-chee-hong-4696056", "manual_status_code": 0, "page_rating": 26, "page_rating_contents": 82, "page_rating_visits": 0, "page_rating_votes": 0, "permanent": false, "source__id": 66, "source_url": "https://www.channelnewsasia.com/api/v1/rss-outbound-feed?_format=xml", "status_code": 0, "tags": [], "thumbnail": "https://onecms-res.cloudinary.com/image/upload/s--xMseY6GJ--/c_crop,h_900,w_1600,x_0,y_75/fl_relative,g_south_east,l_mediacorp:cna:watermark:2021-08:cna,w_0.1/f_auto,q_auto/c_fill,g_auto,h_468,w_830/v1/mediacorp/cna/image/2024/10/21/IMG_9329.jpg?itok=cggE2aWZ", "title": "Clementi HDB death: Man, 50, charged with murder", "vote": 0}, {"age": null, "album": "", "artist": null, "bookmarked": false, "comments": [], "date_published": "2024-10-23T03:45:04.482260+00:00", "description": null, "id": 1372584, "language": null, "link": "https://www.channelnewsasia.com/business/arm-holdings-cancel-qualcomm-chip-design-license-bloomberg-news-reports-4696136", "manual_status_code": 0, "page_rating": 26, "page_rating_contents": 81, "page_rating_visits": 0, "page_rating_votes": 0, "permanent": false, "source__id": 66, "source_url": "https://www.channelnewsasia.com/api/v1/rss-outbound-feed?_format=xml", "status_code": 0, "tags": [], "thumbnail": null, "title": "Arm Holdings to cancel Qualcomm chip design license, Bloomberg News reports", "vote": 0}, {"age": null, "album": "", "artist": null, "bookmarked": false, "comments": [], "date_published": "2024-10-23T03:45:04.176164+00:00", "description": null, "id": 1372583, "language": null, "link": "https://www.channelnewsasia.com/world/mcdonalds-quarter-pounder-linked-one-death-dozens-food-poisonings-us-4696241", "manual_status_code": 0, "page_rating": 26, "page_rating_contents": 82, "page_rating_visits": 0, "page_rating_votes": 0, "permanent": false, "source__id": 66, "source_url": "https://www.channelnewsasia.com/api/v1/rss-outbound-feed?_format=xml", "status_code": 0, "tags": [], "thumbnail": "https://onecms-res.cloudinary.com/image/upload/s--rUmny3Tz--/fl_relative,g_south_east,l_mediacorp:cna:watermark:2023-11:afp_watermark_14112023,w_0.1/f_auto,q_auto/c_fill,g_auto,h_468,w_830/v1/mediacorp/cna/image/2024/10/23/000_36km2ne.jpg?itok=R9awcMQ0", "title": "McDonald's Quarter Pounder linked to one death, dozens of food poisonings in US", "vote": 0}, {"age": null, "album": "", "artist": null, "bookmarked": false, "comments": [], "date_published": "2024-10-23T03:45:04.067251+00:00", "description": null, "id": 1372582, "language": null, "link": "https://www.channelnewsasia.com/business/clothing-retailer-shein-launches-credit-card-mexican-fintech-stori-4696291", "manual_status_code": 0, "page_rating": 26, "page_rating_contents": 82, "page_rating_visits": 0, "page_rating_votes": 0, "permanent": false, "source__id": 66, "source_url": "https://www.channelnewsasia.com/api/v1/rss-outbound-feed?_format=xml", "status_code": 0, "tags": [], "thumbnail": "https://onecms-res.cloudinary.com/image/upload/s--nq98xD_B--/fl_relative,g_south_east,l_mediacorp:cna:watermark:2024-04:reuters_1,w_0.1/f_auto,q_auto/c_fill,g_auto,h_468,w_830/v1/one-cms/core/2024-10-23t030550z_2_lynxmpek9m02b_rtroptp_3_shein-results-britain.jpg?itok=GOgTj463", "title": "Clothing retailer Shein launches credit card with Mexican fintech Stori", "vote": 0}, {"age": null, "album": "", "artist": null, "bookmarked": false, "comments": [], "date_published": "2024-10-23T03:45:03.953056+00:00", "description": null, "id": 1372581, "language": null, "link": "https://www.channelnewsasia.com/sport/lebron-bronny-james-make-nba-history-father-son-appearance-4696311", "manual_status_code": 0, "page_rating": 26, "page_rating_contents": 82, "page_rating_visits": 0, "page_rating_votes": 0, "permanent": false, "source__id": 66, "source_url": "https://www.channelnewsasia.com/api/v1/rss-outbound-feed?_format=xml", "status_code": 0, "tags": [], "thumbnail": "https://onecms-res.cloudinary.com/image/upload/s--ZQr3x8g0--/c_crop,h_562,w_1000,x_0,y_0/fl_relative,g_south_east,l_one-cms:core:watermark:ap_data-1,w_0.1/f_auto,q_auto/c_fill,g_auto,h_468,w_830/v1/one-cms/core/timberwolves_lakers_basketball_38880.jpg?itok=BjYGj32D", "title": "LeBron, Bronny James make NBA history with father-son appearance", "vote": 0}, {"age": null, "album": "", "artist": null, "bookmarked": false, "comments": [], "date_published": "2024-10-23T02:40:28.140591+00:00", "description": null, "id": 1372454, "language": null, "link": "https://www.channelnewsasia.com/business/tokyo-metro-shares-jump-almost-half-market-debut-4696041", "manual_status_code": 0, "page_rating": 26, "page_rating_contents": 82, "page_rating_visits": 0, "page_rating_votes": 0, "permanent": false, "source__id": 66, "source_url": "https://www.channelnewsasia.com/api/v1/rss-outbound-feed?_format=xml", "status_code": 0, "tags": [], "thumbnail": "https://onecms-res.cloudinary.com/image/upload/s--mX-9E9-G--/fl_relative,g_south_east,l_mediacorp:cna:watermark:2024-04:reuters_1,w_0.1/f_auto,q_auto/c_fill,g_auto,h_468,w_830/v1/one-cms/core/2024-10-23t001740z_1_lynxmpek9m00b_rtroptp_3_tokyo-metro-ipo.jpg?itok=yDKcaQq8", "title": "Tokyo Metro shares jump by almost half in market debut", "vote": 0}, {"age": null, "album": "", "artist": null, "bookmarked": false, "comments": [], "date_published": "2024-10-23T02:40:27.815355+00:00", "description": null, "id": 1372453, "language": null, "link": "https://www.channelnewsasia.com/world/zelenskyy-calls-allies-not-hide-respond-north-korean-involvement-war-4695311", "manual_status_code": 0, "page_rating": 26, "page_rating_contents": 82, "page_rating_visits": 0, "page_rating_votes": 0, "permanent": false, "source__id": 66, "source_url": "https://www.channelnewsasia.com/api/v1/rss-outbound-feed?_format=xml", "status_code": 0, "tags": [], "thumbnail": "https://onecms-res.cloudinary.com/image/upload/s--lYS6iicj--/c_crop,h_448,w_797,x_3,y_0/fl_relative,g_south_east,l_mediacorp:cna:watermark:2024-04:reuters_1,w_0.1/f_auto,q_auto/c_fill,g_auto,h_468,w_830/v1/one-cms/core/2024-10-22t171626z_1_lynxmpek9l0nw_rtroptp_3_nato-defence-zelenskiy.jpg?itok=8SaqwuLY", "title": "Zelenskyy calls on allies 'not to hide', respond to North Korean involvement in war", "vote": 0}, {"age": null, "album": "", "artist": null, "bookmarked": false, "comments": [], "date_published": "2024-10-23T02:40:27.347917+00:00", "description": null, "id": 1372452, "language": null, "link": "https://www.channelnewsasia.com/business/fed-outlook-pushes-dollar-2-1-2-month-peak-yen-under-pressure-4696151", "manual_status_code": 0, "page_rating": 26, "page_rating_contents": 82, "page_rating_visits": 0, "page_rating_votes": 0, "permanent": false, "source__id": 66, "source_url": "https://www.channelnewsasia.com/api/v1/rss-outbound-feed?_format=xml", "status_code": 0, "tags": [], "thumbnail": "https://onecms-res.cloudinary.com/image/upload/s--Dm30_Ii4--/fl_relative,g_south_east,l_mediacorp:cna:watermark:2024-04:reuters_1,w_0.1/f_auto,q_auto/c_fill,g_auto,h_468,w_830/v1/one-cms/core/2024-10-23t014135z_1_lynxmpek9m01a_rtroptp_3_usa-election-budget.jpg?itok=WfrZyzNn", "title": "Fed outlook pushes dollar to 2 1/2 month peak; yen under pressure", "vote": 0}, {"age": null, "album": "", "artist": null, "bookmarked": false, "comments": [], "date_published": "2024-10-23T02:40:26.977262+00:00", "description": "The teen's 16-year jail term for killing his schoolmate was upheld by the Court of Appeal.", "id": 1372451, "language": null, "link": "https://www.channelnewsasia.com/singapore/river-valley-high-school-teen-kill-schoolmate-axe-attack-appeal-jail-4693716", "manual_status_code": 0, "page_rating": 27, "page_rating_contents": 86, "page_rating_visits": 0, "page_rating_votes": 0, "permanent": false, "source__id": 66, "source_url": "https://www.channelnewsasia.com/api/v1/rss-outbound-feed?_format=xml", "status_code": 0, "tags": [], "thumbnail": "https://onecms-res.cloudinary.com/image/upload/s--J_RCLaLW--/f_auto,q_auto/c_fill,g_auto,h_468,w_830/v1/tdy-migration/20210725_bk_rvhs_2.jpg?itok=FNY-QSze", "title": "Teenager who killed River Valley High schoolmate with axe loses appeal for shorter jail term", "vote": 0}, {"age": null, "album": "", "artist": null, "bookmarked": false, "comments": [], "date_published": "2024-10-23T02:40:26.390989+00:00", "description": "The botanical studio is the first entry from Singapore to participate in Flora this year. It is also the only representative from Asia this year.", "id": 1372450, "language": null, "link": "https://www.channelnewsasia.com/remarkable-living/humid-house-flora-international-flower-festival-2024-4696126", "manual_status_code": 0, "page_rating": 27, "page_rating_contents": 86, "page_rating_visits": 0, "page_rating_votes": 0, "permanent": false, "source__id": 66, "source_url": "https://www.channelnewsasia.com/api/v1/rss-outbound-feed?_format=xml", "status_code": 0, "tags": [], "thumbnail": "https://onecms-res.cloudinary.com/image/upload/s--0zGD6sON--/c_crop,h_843,w_1500,x_0,y_141/f_auto,q_auto/c_fill,g_auto,h_468,w_830/v1/mediacorp/cna/image/2024/10/23/hero-2-humid_house_flora_international_flower_festival_2024.jpg?itok=b6YtJKbW", "title": "Singapore\u2019s This Humid House wins first prize at the prestigious Flora International Flower Festival 2024", "vote": 0}, {"age": null, "album": "", "artist": null, "bookmarked": false, "comments": [], "date_published": "2024-10-23T02:40:25.933098+00:00", "description": null, "id": 1372449, "language": null, "link": "https://www.channelnewsasia.com/east-asia/north-korea-leader-kim-jong-un-inspect-missile-base-ballistic-weapons-4696216", "manual_status_code": 0, "page_rating": 26, "page_rating_contents": 82, "page_rating_visits": 0, "page_rating_votes": 0, "permanent": false, "source__id": 66, "source_url": "https://www.channelnewsasia.com/api/v1/rss-outbound-feed?_format=xml", "status_code": 0, "tags": [], "thumbnail": "https://onecms-res.cloudinary.com/image/upload/s--H00O7JNP--/fl_relative,g_south_east,l_mediacorp:cna:watermark:2023-11:afp_watermark_14112023,w_0.1/f_auto,q_auto/c_fill,g_auto,h_468,w_830/v1/mediacorp/cna/image/2024/10/23/000_36kl3gp.jpg?itok=1rufc5KG", "title": "North Korean leader Kim inspects missile bases, ballistic weapons", "vote": 0}, {"age": null, "album": "", "artist": null, "bookmarked": false, "comments": [], "date_published": "2024-10-23T02:40:25.530117+00:00", "description": null, "id": 1372448, "language": null, "link": "https://www.channelnewsasia.com/world/same-playbook-voting-falsehoods-mire-us-election-4696201", "manual_status_code": 0, "page_rating": 26, "page_rating_contents": 82, "page_rating_visits": 0, "page_rating_votes": 0, "permanent": false, "source__id": 66, "source_url": "https://www.channelnewsasia.com/api/v1/rss-outbound-feed?_format=xml", "status_code": 0, "tags": [], "thumbnail": "https://onecms-res.cloudinary.com/image/upload/s--pCNf0kMh--/fl_relative,g_south_east,l_mediacorp:cna:watermark:2024-04:reuters_1,w_0.1/f_auto,q_auto/c_fill,g_auto,h_468,w_830/v1/one-cms/core/2024-10-17t191239z_1_lynxmpek9g0q9_rtroptp_3_usa-election.jpg?itok=DQi1jOWQ", "title": "'Same playbook': Voting falsehoods mire US election", "vote": 0}, {"age": null, "album": "", "artist": null, "bookmarked": false, "comments": [], "date_published": "2024-10-23T01:26:30.936009+00:00", "description": null, "id": 1372258, "language": null, "link": "https://www.channelnewsasia.com/east-asia/taiwan-china-warships-sailing-towards-sensitive-strait-4696026", "manual_status_code": 0, "page_rating": 26, "page_rating_contents": 82, "page_rating_visits": 0, "page_rating_votes": 0, "permanent": false, "source__id": 66, "source_url": "https://www.channelnewsasia.com/api/v1/rss-outbound-feed?_format=xml", "status_code": 0, "tags": [], "thumbnail": "https://onecms-res.cloudinary.com/image/upload/s--uw050ItK--/c_crop,h_900,w_1600,x_0,y_83/fl_relative,g_south_east,l_mediacorp:cna:watermark:2024-04:reuters_1,w_0.1/f_auto,q_auto/c_fill,g_auto,h_468,w_830/v1/mediacorp/cna/image/2024/08/27/2024-08-27t010349z_1_lynxmpek7q00r_rtroptp_4_taiwan-china-military.jpg?itok=32Cv4bXW", "title": "Taiwan says Chinese warships sailing towards sensitive strait", "vote": 0}, {"age": null, "album": "", "artist": null, "bookmarked": false, "comments": [], "date_published": "2024-10-23T01:26:30.693893+00:00", "description": null, "id": 1372257, "language": null, "link": "https://www.channelnewsasia.com/business/tokyo-metro-shares-untraded-market-debut-4696041", "manual_status_code": 0, "page_rating": 26, "page_rating_contents": 82, "page_rating_visits": 0, "page_rating_votes": 0, "permanent": false, "source__id": 66, "source_url": "https://www.channelnewsasia.com/api/v1/rss-outbound-feed?_format=xml", "status_code": 0, "tags": [], "thumbnail": "https://onecms-res.cloudinary.com/image/upload/s--mX-9E9-G--/fl_relative,g_south_east,l_mediacorp:cna:watermark:2024-04:reuters_1,w_0.1/f_auto,q_auto/c_fill,g_auto,h_468,w_830/v1/one-cms/core/2024-10-23t001740z_1_lynxmpek9m00b_rtroptp_3_tokyo-metro-ipo.jpg?itok=yDKcaQq8", "title": "Tokyo Metro shares untraded on market debut", "vote": 0}, {"age": null, "album": "", "artist": null, "bookmarked": false, "comments": [], "date_published": "2024-10-23T01:26:30.342364+00:00", "description": null, "id": 1372256, "language": null, "link": "https://www.channelnewsasia.com/business/south-korea-reduce-tax-breaks-oil-products-november-4696051", "manual_status_code": 0, "page_rating": 26, "page_rating_contents": 82, "page_rating_visits": 0, "page_rating_votes": 0, "permanent": false, "source__id": 66, "source_url": "https://www.channelnewsasia.com/api/v1/rss-outbound-feed?_format=xml", "status_code": 0, "tags": [], "thumbnail": "https://onecms-res.cloudinary.com/image/upload/s--DVSgYklL--/fl_relative,g_south_east,l_mediacorp:cna:watermark:2024-04:reuters_1,w_0.1/f_auto,q_auto/c_fill,g_auto,h_468,w_830/v1/one-cms/core/2024-10-23t002708z_1_lynxmpek9m00g_rtroptp_3_southkorea-economy-exporters.jpg?itok=P_YZHPQ2", "title": "South Korea to reduce tax breaks on oil products from November", "vote": 0}]