[{"age": null, "album": "", "artist": null, "bookmarked": false, "comments": [], "date_published": "2024-10-23T03:50:35+00:00", "description": "The \"total loss\" of the communications satellite has affected Intelsat customers around the world.", "id": 1372662, "language": "en-US", "link": "https://www.bbc.com/news/articles/ce8d886l028o", "manual_status_code": 0, "page_rating": 26, "page_rating_contents": 82, "page_rating_visits": 0, "page_rating_votes": 0, "permanent": false, "source__id": 28, "source_url": "https://feeds.bbci.co.uk/news/technology/rss.xml", "status_code": 0, "tags": [], "thumbnail": "https://ichef.bbci.co.uk/ace/standard/240/cpsprodpb/3eab/live/eb800b10-90f1-11ef-8656-21c0988af62a.jpg", "title": "Boeing-made satellite breaks up in space", "vote": 0}]