[{"age": null, "album": "", "artist": null, "bookmarked": false, "comments": [], "date_published": "2024-10-23T08:00:32+00:00", "description": "#funfacts #fyp #cybernews\n\nIf you find this video interesting, don't forget to like, share, and subscribe for more mind-bending explorations into the intricacies of our modern world. Stay informed, and stay curious! \ud83c\udf1f", "id": 1374097, "language": null, "link": "https://www.youtube.com/watch?v=Ycewx_HBifY", "manual_status_code": 0, "page_rating": 27, "page_rating_contents": 86, "page_rating_visits": 0, "page_rating_votes": 0, "permanent": false, "source__id": 433, "source_url": "https://www.youtube.com/feeds/videos.xml?channel_id=UCCsREoj8rSRkEvxWqxr74rQ", "status_code": 0, "tags": [], "thumbnail": "https://i2.ytimg.com/vi/Ycewx_HBifY/hqdefault.jpg", "title": "Researchers in China create 125 terabyte CD #shorts", "vote": 0}]