[{"age": null, "album": "", "artist": null, "bookmarked": false, "comments": [], "date_published": "2024-10-23T06:45:43+00:00", "description": "Intel engineers this morning sent out their newest pull request of \"drm-intel-gt-next\" material to queue in DRM-Next ahead of the upcoming Linux 6.13 merge window. There is a new feature enabled on newer Intel graphics hardware as well as some improvements for very old Intel integrated graphics...", "id": 1374466, "language": "en-us", "link": "https://www.phoronix.com/news/Intel-PXP-GuC-Auto-Teardown", "manual_status_code": 0, "page_rating": 27, "page_rating_contents": 86, "page_rating_visits": 0, "page_rating_votes": 0, "permanent": false, "source__id": 494, "source_url": "https://www.phoronix.com/rss.php", "status_code": 0, "tags": [], "thumbnail": null, "title": "Intel Preps PXP GuC Auto-Teardown & Improvements For Old iGPUs With Linux 6.13", "vote": 0}, {"age": null, "album": "", "artist": null, "bookmarked": false, "comments": [], "date_published": "2024-10-23T06:32:01+00:00", "description": "It was just earlier this week that AMD posted Linux patches to switch EPYC over to using the AMD P-State driver rather than the long-used generic ACPI CPUFreq driver. This should lead to better power efficiency out-of-the-box and is a change being made just for EPYC 9005 \"Turin\" CPUs and future server processors. Already it's looking like this change will be introduced for the upcoming Linux 6.13 merge window...", "id": 1374144, "language": "en-us", "link": "https://www.phoronix.com/news/AMD-P-State-EPYC-Linux-6.13", "manual_status_code": 0, "page_rating": 27, "page_rating_contents": 86, "page_rating_visits": 0, "page_rating_votes": 0, "permanent": false, "source__id": 494, "source_url": "https://www.phoronix.com/rss.php", "status_code": 0, "tags": [], "thumbnail": null, "title": "Linux 6.13 To Default To AMD P-State Driver For EPYC 9005 CPUs", "vote": 0}, {"age": null, "album": "", "artist": null, "bookmarked": false, "comments": [], "date_published": "2024-10-23T06:16:04+00:00", "description": "It was just one and a half years ago that Cloudflare began rolling out OpenBMC on their massive array of servers to replace traditional proprietary Baseboard Management Controller (BMC) firmware stacks. Since the end of last year they've been talking up their successes using OpenBMC and now as we approach two years of their OpenBMC use within production, they continue singing the praise of this open-source, Linux-based BMC software stack...", "id": 1374145, "language": "en-us", "link": "https://www.phoronix.com/news/Cloudflare-OpenBMC-2024", "manual_status_code": 0, "page_rating": 27, "page_rating_contents": 86, "page_rating_visits": 0, "page_rating_votes": 0, "permanent": false, "source__id": 494, "source_url": "https://www.phoronix.com/rss.php", "status_code": 0, "tags": [], "thumbnail": null, "title": "Cloudflare Continues To Praise Open-Source OpenBMC", "vote": 0}, {"age": null, "album": "", "artist": null, "bookmarked": false, "comments": [], "date_published": "2024-10-23T06:07:03+00:00", "description": "Intel has upstreamed the firmware for their \"BlazarU\" core to linux-firmware.git for improving the out-of-the-box wireless experience with newer Intel WiFi adapters...", "id": 1374146, "language": "en-us", "link": "https://www.phoronix.com/news/Intel-BlazarU-WiFi-Firmware", "manual_status_code": 0, "page_rating": 27, "page_rating_contents": 86, "page_rating_visits": 0, "page_rating_votes": 0, "permanent": false, "source__id": 494, "source_url": "https://www.phoronix.com/rss.php", "status_code": 0, "tags": [], "thumbnail": null, "title": "Intel Upstreams Firmware For Newer WiFi Chipsets On Linux", "vote": 0}, {"age": null, "album": "", "artist": null, "bookmarked": false, "comments": [], "date_published": "2024-10-23T00:00:00+00:00", "description": "The Free Software Foundation announced on Tuesday they have begun work on \"freedom in machine learning applications\". Or in particular, a to-be-issued \"statement\" on free machine learning applications for software and the associated scripts and training data...", "id": 1372672, "language": "en-us", "link": "https://www.phoronix.com/news/FSF-Freedom-AI-ML-Software", "manual_status_code": 0, "page_rating": 27, "page_rating_contents": 86, "page_rating_visits": 0, "page_rating_votes": 0, "permanent": false, "source__id": 494, "source_url": "https://www.phoronix.com/rss.php", "status_code": 0, "tags": [], "thumbnail": null, "title": "The Free Software Foundation Finally Has AI / Machine Learning Apps On Their Radar", "vote": 0}]