[{"age": null, "album": "", "artist": null, "bookmarked": false, "comments": [], "date_published": "2024-10-23T13:00:08+00:00", "description": "KubeCon + CloudNativeCon is more than just a tech event\u2014it\u2019s a community! From inspiring talks to building lifelong connections, this event is where learning and collaboration truly thrive. Join us this November in Salt Lake City and be part of the cloud native community.\n\nRegister Today: https://events.linuxfoundation.org/kubecon-cloudnativecon-north-america/\n\n#KubeCon #CloudNativeCon", "id": 1375124, "language": null, "link": "https://www.youtube.com/watch?v=3UfJePN2J9Q", "manual_status_code": 0, "page_rating": 27, "page_rating_contents": 86, "page_rating_visits": 0, "page_rating_votes": 0, "permanent": false, "source__id": 499, "source_url": "https://www.youtube.com/feeds/videos.xml?channel_id=UCfX55Sx5hEFjoC3cNs6mCUQ", "status_code": 0, "tags": [], "thumbnail": "https://i4.ytimg.com/vi/3UfJePN2J9Q/hqdefault.jpg", "title": "A celebration of community! #KubeCon #CloudNativeCon", "vote": 0}]