[{"age": null, "album": "", "artist": null, "bookmarked": false, "comments": [], "date_published": "2024-10-23T14:16:06.986921+00:00", "description": "W siedzibie tureckiej firmy lotniczej TUSAS w Ankarze dosz\u0142o do eksplozji. W mediach pojawi\u0142a si\u0119 informacja, \u017ce mog\u0142o tam doj\u015b\u0107 do zamachu bombowego. S\u0105 ofiary \u015bmiertelne i ranni.", "id": 1375384, "language": "pl-PL", "link": "https://www.polsatnews.pl/wiadomosc/2024-10-23/wybuch-w-siedzibie-firmy-tureckiej-lotniczej-trwa-ewakuacja", "manual_status_code": 0, "page_rating": 27, "page_rating_contents": 86, "page_rating_visits": 0, "page_rating_votes": 0, "permanent": false, "source__id": 257, "source_url": "https://www.polsatnews.pl/rss/swiat.xml", "status_code": 0, "tags": [], "thumbnail": null, "title": "Eksplozja w stolicy Turcji. Pad\u0142y te\u017c strza\u0142y, s\u0105 ofiary", "vote": 0}, {"age": null, "album": "", "artist": null, "bookmarked": false, "comments": [], "date_published": "2024-10-23T14:16:06.658659+00:00", "description": "Wed\u0142ug rzeczniczki MSZ Rosji Marii Zacharowej wyniki wybor\u00f3w i referendum w Mo\u0142dawii zosta\u0142y sfa\u0142szowane, a w przebieg g\u0142osowania miesza\u0142y si\u0119 USA oraz Unia Europejska. Krytyczna reakcja Kremla najpewniej zwi\u0105zana jest z faktem, i\u017c o ma\u0142y w\u0142os w referendum przewa\u017cy\u0142y g\u0142osy zwolennik\u00f3w integracji z UE, a na czele prezydenckiego wy\u015bcigu znalaz\u0142a si\u0119 obecna, proeuropejska liderka.", "id": 1375383, "language": "pl-PL", "link": "https://www.polsatnews.pl/wiadomosc/2024-10-23/marija-zacharowa-oburzona-wyborem-moldawian-zarzuca-falszerstwo", "manual_status_code": 0, "page_rating": 27, "page_rating_contents": 86, "page_rating_visits": 0, "page_rating_votes": 0, "permanent": false, "source__id": 257, "source_url": "https://www.polsatnews.pl/rss/swiat.xml", "status_code": 0, "tags": [], "thumbnail": null, "title": "Marija Zacharowa oburzona wyborem Mo\u0142dawian. Zarzuca fa\u0142szerstwo", "vote": 0}, {"age": null, "album": "", "artist": null, "bookmarked": false, "comments": [], "date_published": "2024-10-23T12:06:21.873071+00:00", "description": "Sekretarz generalny ONZ Antonio Guterres pojawi\u0142 si\u0119 na rosyjskim szczycie pa\u0144stw BRICS. W sieci pojawi\u0142o si\u0119 nagranie, na kt\u00f3rym wida\u0107, \u017ce polityk zosta\u0142 przywitany chlebem i tradycyjnym tatarskim deserem. Nie spodoba\u0142o si\u0119 to stronie ukrai\u0144skiej, kt\u00f3ra wypomnia\u0142a sekretarzowi nieobecno\u015b\u0107 na poprzednim szczycie wsp\u00f3\u0142organizowanym przez Kij\u00f3w. To z\u0142y wyb\u00f3r - komentuje resort.", "id": 1374589, "language": "pl-PL", "link": "https://www.polsatnews.pl/wiadomosc/2024-10-23/szczyt-brics-sekretarz-generalny-onz-powitany-chlebem-i-czak-czakiem", "manual_status_code": 0, "page_rating": 27, "page_rating_contents": 86, "page_rating_visits": 0, "page_rating_votes": 0, "permanent": false, "source__id": 257, "source_url": "https://www.polsatnews.pl/rss/swiat.xml", "status_code": 0, "tags": [], "thumbnail": null, "title": "Szefa ONZ w ogniu krytyki. Przylecia\u0142 na szczyt do Putina", "vote": 0}, {"age": null, "album": "", "artist": null, "bookmarked": false, "comments": [], "date_published": "2024-10-23T12:06:21.765702+00:00", "description": "- Pojawia si\u0119 stare pytanie: czy k\u0142aniamy si\u0119 woli obcej si\u0142y, tym razem z Brukseli, czy te\u017c jej si\u0119 opieramy? (...) Proponuj\u0119, aby nasza odpowied\u017a by\u0142a r\u00f3wnie jasna i jednoznaczna, jak w 1956 r. - m\u00f3wi\u0142 Viktor Orban przy okazji rocznicy narodowego powstania. W ten spos\u00f3b w\u0119gierski premier W\u0119gier przekonywa\u0142 rodak\u00f3w, \u017ce Unia Europejska chce umie\u015bci\u0107 w kraju marionetkowy rz\u0105d.", "id": 1374588, "language": "pl-PL", "link": "https://www.polsatnews.pl/wiadomosc/2024-10-23/viktor-orban-straszy-rodakow-unia-europejska-czy-klaniamy-sie-obcej-sile", "manual_status_code": 0, "page_rating": 27, "page_rating_contents": 86, "page_rating_visits": 0, "page_rating_votes": 0, "permanent": false, "source__id": 257, "source_url": "https://www.polsatnews.pl/rss/swiat.xml", "status_code": 0, "tags": [], "thumbnail": null, "title": "Viktor Orban straszy rodak\u00f3w Uni\u0105 Europejsk\u0105. \"Czy k\u0142aniamy si\u0119 obcej sile?\"", "vote": 0}, {"age": null, "album": "", "artist": null, "bookmarked": false, "comments": [], "date_published": "2024-10-23T12:06:21.654181+00:00", "description": "Wo\u0142odymyr Ze\u0142enski przygotowuje kolejny plan. Media donosz\u0105, \u017ce prezydent Ukrainy zleci\u0142 urz\u0119dnikom opracowanie propozycji koncepcji wewn\u0119trznych dzia\u0142a\u0144, kt\u00f3re mia\u0142yby pom\u00f3c Ukrainie przetrwa\u0107 w warunkach wojny. Inicjatywa ta nie stanowi alternatywy dla planu zwyci\u0119stwa prezentowanego na arenie mi\u0119dzynarodowej.", "id": 1374587, "language": "pl-PL", "link": "https://www.polsatnews.pl/wiadomosc/2024-10-23/zelenski-przygotowuje-kolejny-plan-wydal-juz-rozkaz", "manual_status_code": 0, "page_rating": 27, "page_rating_contents": 86, "page_rating_visits": 0, "page_rating_votes": 0, "permanent": false, "source__id": 257, "source_url": "https://www.polsatnews.pl/rss/swiat.xml", "status_code": 0, "tags": [], "thumbnail": null, "title": "Ze\u0142enski przygotowuje kolejny plan. \"Wyda\u0142 ju\u017c rozkaz\"", "vote": 0}, {"age": null, "album": "", "artist": null, "bookmarked": false, "comments": [], "date_published": "2024-10-23T08:50:14.797332+00:00", "description": "Barack Obama, kt\u00f3ry na finiszu kampanii prezydenckiej w Stanach Zjednoczonych aktywnie wspiera Kamal\u0119 Harris, zaskoczy\u0142 podczas wiecu wyborczego w Detroit. By\u0142y prezydent USA za\u015bpiewa\u0142 fragment s\u0142ynnej piosenki jednego z najbardziej znanych raper\u00f3w na \u015bwiecie - Eminema. Jego wyst\u0119p zosta\u0142 nagrodzony owacj\u0105 publiczno\u015bci.", "id": 1373566, "language": "pl-PL", "link": "https://www.polsatnews.pl/wiadomosc/2024-10-23/barack-obama-zaskoczyl-byly-prezydent-zaczal-rapowac-na-wiecu", "manual_status_code": 0, "page_rating": 27, "page_rating_contents": 86, "page_rating_visits": 0, "page_rating_votes": 0, "permanent": false, "source__id": 257, "source_url": "https://www.polsatnews.pl/rss/swiat.xml", "status_code": 0, "tags": [], "thumbnail": null, "title": "Barack Obama zaskoczy\u0142. By\u0142y prezydent zacz\u0105\u0142 rapowa\u0107", "vote": 0}, {"age": null, "album": "", "artist": null, "bookmarked": false, "comments": [], "date_published": "2024-10-23T08:50:14.466346+00:00", "description": "26 stycznia 2025 r. na Bia\u0142orusi zorganizowane zostan\u0105 wybory prezydenckie - poda\u0142a agencja AFP. Kraj od 1994 r. niezmiennie rz\u0105dzony jest przez Aleksandra \u0141ukaszenk\u0119, kt\u00f3ry ograniczy\u0142 wszelk\u0105 dzia\u0142alno\u015b\u0107 opozycyjn\u0105. Agencja przypomina tak\u017ce, \u017ce w 2022 r. \u0141ukaszenka zgodzi\u0142 si\u0119 na atak Rosji z terenu Bia\u0142orusi na Ukrain\u0119.", "id": 1373565, "language": "pl-PL", "link": "https://www.polsatnews.pl/wiadomosc/2024-10-23/bialorus-zorganizuje-wybory-prezydenckie-podano-date", "manual_status_code": 0, "page_rating": 27, "page_rating_contents": 86, "page_rating_visits": 0, "page_rating_votes": 0, "permanent": false, "source__id": 257, "source_url": "https://www.polsatnews.pl/rss/swiat.xml", "status_code": 0, "tags": [], "thumbnail": null, "title": "Bia\u0142oru\u015b zorganizuje wybory prezydenckie. Podano dat\u0119", "vote": 0}, {"age": null, "album": "", "artist": null, "bookmarked": false, "comments": [], "date_published": "2024-10-23T05:35:19.127027+00:00", "description": "Brytyjski wywiad ustali\u0142, \u017ce Rosja nasili\u0142a swoje ataki na ukrai\u0144skie statki na Morzu Czarnym. Powoduje to nie tylko starty dla Kijowa, ale tak\u017ce w znacznym stopniu op\u00f3\u017ania dostawy na Bliski Wsch\u00f3d i do Afryki. Wielka Brytania wraz z Norwegi\u0105 zapowiedzia\u0142y, \u017ce wyposa\u017c\u0105 ukrai\u0144sk\u0105 marynark\u0119 wojenn\u0105 w lepszy sprz\u0119t taki jak m.in. morskie drony.", "id": 1372917, "language": "pl-PL", "link": "https://www.polsatnews.pl/wiadomosc/2024-10-23/rosja-nasilila-ataki-na-ukrainskie-statki-to-stwarza-globalne-zagrozenie", "manual_status_code": 0, "page_rating": 27, "page_rating_contents": 86, "page_rating_visits": 0, "page_rating_votes": 0, "permanent": false, "source__id": 257, "source_url": "https://www.polsatnews.pl/rss/swiat.xml", "status_code": 0, "tags": [], "thumbnail": null, "title": "Rosja nasili\u0142a ataki na ukrai\u0144skie statki. Putin podj\u0105\u0142 ryzyko", "vote": 0}]