[{"age": null, "album": "", "artist": null, "bookmarked": false, "comments": [], "date_published": "2024-07-02T15:25:45+00:00", "description": "Between January and July this year, the average NFT price dropped from $109.98 to $90.58", "id": 806735, "language": "en", "link": "https://www.gadgets360.com/cryptocurrency/news/nft-average-sale-price-decline-60-percent-march-june-2024-cryptoslam-data-report-6019629", "manual_status_code": 0, "page_rating": 27, "page_rating_contents": 86, "page_rating_visits": 0, "page_rating_votes": 0, "permanent": false, "source": "https://feeds.feedburner.com/gadgets360-latest", "source_obj__id": 124, "status_code": 0, "tags": [], "thumbnail": "https://i.gadgets360cdn.com/large/large_25_1719933841945.jpg", "title": "Average NFT Sale Prices Fell Nearly 60 Percent in Second Quarter of 2024: Report", "user": null, "vote": 0}, {"age": null, "album": "", "artist": null, "bookmarked": false, "comments": [], "date_published": "2024-07-02T14:55:20+00:00", "description": "MSI Crosshair 16 HX Monster Hunter Edition (left) is available in a single Core Black colourway", "id": 806736, "language": "en", "link": "https://www.gadgets360.com/laptops/news/msi-crosshair-16-hx-monster-hunter-edition-price-in-india-claw-launch-sale-specifications-features-6019135", "manual_status_code": 0, "page_rating": 27, "page_rating_contents": 86, "page_rating_visits": 0, "page_rating_votes": 0, "permanent": false, "source": "https://feeds.feedburner.com/gadgets360-latest", "source_obj__id": 124, "status_code": 0, "tags": [], "thumbnail": "https://i.gadgets360cdn.com/large/msi_crosshair_16_hx_monster_hunter_claw_1719930620070.jpg", "title": "MSI Crosshair 16 HX Monster Hunter Edition Launched in India; MSI Claw Availability Announced", "user": null, "vote": 0}, {"age": null, "album": "", "artist": null, "bookmarked": false, "comments": [], "date_published": "2024-07-02T13:26:25+00:00", "description": "Samsung Galaxy M35 5G features a 6.6-inch full-HD+ (1,080x2,340 pixels) AMOLED display", "id": 805429, "language": "en", "link": "https://www.gadgets360.com/mobiles/news/samsung-m35-5g-india-launch-amazon-teaser-prime-day-galaxy-specifications-expected-6018657", "manual_status_code": 0, "page_rating": 27, "page_rating_contents": 86, "page_rating_visits": 0, "page_rating_votes": 0, "permanent": false, "source": "https://feeds.feedburner.com/gadgets360-latest", "source_obj__id": 124, "status_code": 0, "tags": [], "thumbnail": "https://i.gadgets360cdn.com/large/galaxy_m35_5g_samsung_1719925726051.jpg", "title": "Samsung Galaxy M35 5G India Launch Teased, Might Go on Sale During Amazon Prime Day", "user": null, "vote": 0}, {"age": null, "album": "", "artist": null, "bookmarked": false, "comments": [], "date_published": "2024-07-02T13:06:18+00:00", "description": "Ajax Engineering\u2019s Concrete GPT is trained on global construction standards and latest trends", "id": 805430, "language": "en", "link": "https://www.gadgets360.com/ai/news/ajax-engineering-concrete-gpt-launched-enterprise-industry-knowledge-sharing-6018598", "manual_status_code": 0, "page_rating": 27, "page_rating_contents": 86, "page_rating_visits": 0, "page_rating_votes": 0, "permanent": false, "source": "https://feeds.feedburner.com/gadgets360-latest", "source_obj__id": 124, "status_code": 0, "tags": [], "thumbnail": "https://i.gadgets360cdn.com/large/artificial_intelligence_unsplash_1719924888369.jpg", "title": "Ajax Engineering Launches Enterprise-Grade AI Chatbot Concrete GPT for Industry-Focused Knowledge Sharing", "user": null, "vote": 0}, {"age": null, "album": "", "artist": null, "bookmarked": false, "comments": [], "date_published": "2024-07-02T13:03:17+00:00", "description": "CMF Phone 1 will be equipped with a dual rear camera unit", "id": 805431, "language": "en", "link": "https://www.gadgets360.com/mobiles/news/cmf-phone-1-camera-module-design-sensor-confirm-india-launch-july-8-6018346", "manual_status_code": 0, "page_rating": 27, "page_rating_contents": 86, "page_rating_visits": 0, "page_rating_votes": 0, "permanent": false, "source": "https://feeds.feedburner.com/gadgets360-latest", "source_obj__id": 124, "status_code": 0, "tags": [], "thumbnail": "https://i.gadgets360cdn.com/large/cmf_phone_1_x_cmfbynothing_1719919741674.jpg", "title": "CMF Phone 1 to Get a 50-Megapixel Primary Main Camera; Design Details Also Revealed", "user": null, "vote": 0}, {"age": null, "album": "", "artist": null, "bookmarked": false, "comments": [], "date_published": "2024-07-02T12:42:55+00:00", "description": "Xiaomi India's 10th anniversary celebrations kicked off on July 1 and will held till July 31", "id": 805432, "language": "en", "link": "https://www.gadgets360.com/mobiles/news/xiaomi-india-10th-anniversary-celebration-mobile-service-camps-6018385", "manual_status_code": 0, "page_rating": 27, "page_rating_contents": 86, "page_rating_visits": 0, "page_rating_votes": 0, "permanent": false, "source": "https://feeds.feedburner.com/gadgets360-latest", "source_obj__id": 124, "status_code": 0, "tags": [], "thumbnail": "https://i.gadgets360cdn.com/large/xiaomi_10th_anniversary_1719923263758.jpg", "title": "Xiaomi Announces Mobile Service Camps to Commemorate 10th Anniversary in India", "user": null, "vote": 0}, {"age": null, "album": "", "artist": null, "bookmarked": false, "comments": [], "date_published": "2024-07-02T12:37:03+00:00", "description": "Samsung Galaxy S24 FE leaked render seen in a green colourway", "id": 805433, "language": "en", "link": "https://www.gadgets360.com/mobiles/news/samsung-s24-fe-colour-options-leak-galaxy-launch-expected-6017693", "manual_status_code": 0, "page_rating": 27, "page_rating_contents": 86, "page_rating_visits": 0, "page_rating_votes": 0, "permanent": false, "source": "https://feeds.feedburner.com/gadgets360-latest", "source_obj__id": 124, "status_code": 0, "tags": [], "thumbnail": "https://i.gadgets360cdn.com/large/samsung_galaxy_s24_fe_giznext_1718601501686.jpg", "title": "Samsung Galaxy S24 FE Colour Options Tipped Ahead of Expected Launch", "user": null, "vote": 0}, {"age": null, "album": "", "artist": null, "bookmarked": false, "comments": [], "date_published": "2024-07-02T12:06:14+00:00", "description": "Oppo A3 runs on ColorOS 14.0", "id": 805434, "language": "en", "link": "https://www.gadgets360.com/mobiles/news/oppo-a3-price-launch-sale-july-5-specifications-features-6018124", "manual_status_code": 0, "page_rating": 27, "page_rating_contents": 86, "page_rating_visits": 0, "page_rating_votes": 0, "permanent": false, "source": "https://feeds.feedburner.com/gadgets360-latest", "source_obj__id": 124, "status_code": 0, "tags": [], "thumbnail": "https://i.gadgets360cdn.com/large/oppo_a3_green_1719921183937.jpg", "title": "Oppo A3 With Snapdragon 695 5G SoC, 5,000mAh Battery Launched: Price, Specifications", "user": null, "vote": 0}, {"age": null, "album": "", "artist": null, "bookmarked": false, "comments": [], "date_published": "2024-07-02T12:04:23+00:00", "description": "Anthropic said it wants assessment over impacts such as harmful biases, discrimination, and more", "id": 805435, "language": "en", "link": "https://www.gadgets360.com/ai/news/anthropic-fund-initiative-ai-third-party-benchmarks-ai-models-development-6018025", "manual_status_code": 0, "page_rating": 27, "page_rating_contents": 86, "page_rating_visits": 0, "page_rating_votes": 0, "permanent": false, "source": "https://feeds.feedburner.com/gadgets360-latest", "source_obj__id": 124, "status_code": 0, "tags": [], "thumbnail": "https://i.gadgets360cdn.com/large/claude_app_1719920364720.jpg", "title": "Anthropic to Fund Initiative to Develop New Third-Party AI Benchmarks to Assess AI Models", "user": null, "vote": 0}, {"age": null, "album": "", "artist": null, "bookmarked": false, "comments": [], "date_published": "2024-07-02T12:03:03+00:00", "description": "Apple released the visionOS 1.2 update for the Vision Pro headset on June 10", "id": 805436, "language": "en", "link": "https://www.gadgets360.com/wearables/news/vision-pro-update-alternative-payment-options-apple-6017724", "manual_status_code": 0, "page_rating": 27, "page_rating_contents": 86, "page_rating_visits": 0, "page_rating_votes": 0, "permanent": false, "source": "https://feeds.feedburner.com/gadgets360-latest", "source_obj__id": 124, "status_code": 0, "tags": [], "thumbnail": "https://i.gadgets360cdn.com/large/apple_vision_pro_1719918435246.jpg", "title": "Apple\u2019s Brings Alternative Payment Options to Vision Pro in the EU with visionOS 1.2 Update", "user": null, "vote": 0}, {"age": null, "album": "", "artist": null, "bookmarked": false, "comments": [], "date_published": "2024-07-02T10:51:53+00:00", "description": "Google filed a patent for Maps users to navigate to a shared destination from different locations", "id": 805002, "language": "en", "link": "https://www.gadgets360.com/apps/news/google-maps-multi-car-navigation-feature-patent-6017338", "manual_status_code": 0, "page_rating": 27, "page_rating_contents": 86, "page_rating_visits": 0, "page_rating_votes": 0, "permanent": false, "source": "https://feeds.feedburner.com/gadgets360-latest", "source_obj__id": 124, "status_code": 0, "tags": [], "thumbnail": "https://i.gadgets360cdn.com/large/google_maps_patent_1719915263978.jpg", "title": "Google Maps Patent Hints at a Multi-Car Navigation Feature, Enabling Easier Group Travel", "user": null, "vote": 0}, {"age": null, "album": "", "artist": null, "bookmarked": false, "comments": [], "date_published": "2024-07-02T10:50:44+00:00", "description": "Pixel 8 series was launched in October last year", "id": 805003, "language": "en", "link": "https://www.gadgets360.com/mobiles/news/google-pixel-9-hands-on-video-design-pink-colour-variant-specifications-6017380", "manual_status_code": 0, "page_rating": 27, "page_rating_contents": 86, "page_rating_visits": 0, "page_rating_votes": 0, "permanent": false, "source": "https://feeds.feedburner.com/gadgets360-latest", "source_obj__id": 124, "status_code": 0, "tags": [], "thumbnail": "https://i.gadgets360cdn.com/large/pixel_8_series_mint_green_1710245542079.jpg", "title": "Google Pixel 9 Alleged Hands-on Video Shows Off Pink Colour Variant With Rounded Corners", "user": null, "vote": 0}, {"age": null, "album": "", "artist": null, "bookmarked": false, "comments": [], "date_published": "2024-07-02T10:41:41+00:00", "description": "OpenBSD systems are reportedly unaffected by this bug", "id": 804622, "language": "en", "link": "https://www.gadgets360.com/internet/news/openssh-vulnerability-regresshion-identified-14-million-servers-at-risk-report-6017417", "manual_status_code": 0, "page_rating": 27, "page_rating_contents": 86, "page_rating_visits": 0, "page_rating_votes": 0, "permanent": false, "source": "https://feeds.feedburner.com/gadgets360-latest", "source_obj__id": 124, "status_code": 0, "tags": [], "thumbnail": "https://i.gadgets360cdn.com/large/cybersecurity1_reuters_1719916225768.jpg", "title": "OpenSSH Vulnerability regreSSHion Identified, More Than 14 Million Servers at Risk: Report", "user": null, "vote": 0}, {"age": null, "album": "", "artist": null, "bookmarked": false, "comments": [], "date_published": "2024-07-02T10:28:01+00:00", "description": "KoinX will let users download VDA-compliant tax reports, which are essential for filing their ITRs", "id": 804623, "language": "en", "link": "https://www.gadgets360.com/cryptocurrency/news/mudrex-koinx-partnership-process-crypto-taxes-india-users-6017376", "manual_status_code": 0, "page_rating": 27, "page_rating_contents": 86, "page_rating_visits": 0, "page_rating_votes": 0, "permanent": false, "source": "https://feeds.feedburner.com/gadgets360-latest", "source_obj__id": 124, "status_code": 0, "tags": [], "thumbnail": "https://i.gadgets360cdn.com/large/crypto_pexels_Rodnae_Productions_large_1645506207285.jpg", "title": "Mudrex, KoinX Partner to Process Crypto Taxes for Users in India", "user": null, "vote": 0}, {"age": null, "album": "", "artist": null, "bookmarked": false, "comments": [], "date_published": "2024-07-02T09:59:52+00:00", "description": "Dead Rising Deluxe Remaster will feature updated character models", "id": 804624, "language": "en", "link": "https://www.gadgets360.com/games/news/dead-rising-deluxe-remaster-launch-date-announced-pc-ps5-xbox-series-s-x-capcom-6017130", "manual_status_code": 0, "page_rating": 27, "page_rating_contents": 86, "page_rating_visits": 0, "page_rating_votes": 0, "permanent": false, "source": "https://feeds.feedburner.com/gadgets360-latest", "source_obj__id": 124, "status_code": 0, "tags": [], "thumbnail": "https://i.gadgets360cdn.com/large/img_contents2_0_1_1719914224979.jpg", "title": "Dead Rising Deluxe Remaster Will Launch in September, Pre-Orders Now Live", "user": null, "vote": 0}, {"age": null, "album": "", "artist": null, "bookmarked": false, "comments": [], "date_published": "2024-07-02T09:58:07+00:00", "description": "iQoo Z9 Lite 5G will be equipped with a dual rear camera unit", "id": 804625, "language": "en", "link": "https://www.gadgets360.com/mobiles/news/iqoo-z9-lite-5g-india-launch-date-confirm-design-reveal-6016998", "manual_status_code": 0, "page_rating": 27, "page_rating_contents": 86, "page_rating_visits": 0, "page_rating_votes": 0, "permanent": false, "source": "https://feeds.feedburner.com/gadgets360-latest", "source_obj__id": 124, "status_code": 0, "tags": [], "thumbnail": "https://i.gadgets360cdn.com/large/iqoo_z9_lite_5g_iqoo_1719911059223.jpg", "title": "iQoo Z9 Lite 5G India Launch Date Set for July 15; Design Revealed", "user": null, "vote": 0}, {"age": null, "album": "", "artist": null, "bookmarked": false, "comments": [], "date_published": "2024-07-02T09:54:14+00:00", "description": "Apple\u2019s software-driven revenue strategy is reportedly aimed to offset the decline in device sales", "id": 804626, "language": "en", "link": "https://www.gadgets360.com/ai/news/apple-intelligence-paid-subscription-tier-revenue-growth-report-6016740", "manual_status_code": 0, "page_rating": 27, "page_rating_contents": 86, "page_rating_visits": 0, "page_rating_votes": 0, "permanent": false, "source": "https://feeds.feedburner.com/gadgets360-latest", "source_obj__id": 124, "status_code": 0, "tags": [], "thumbnail": "https://i.gadgets360cdn.com/large/iphone_3_1719910716102.jpg", "title": "Apple Could Reportedly Introduce a Paid Apple Intelligence Subscription to Drive Revenue", "user": null, "vote": 0}, {"age": null, "album": "", "artist": null, "bookmarked": false, "comments": [], "date_published": "2024-07-02T09:31:45+00:00", "description": "Samsung Galaxy Tab S10 series is expected to succeed the Samsung Galaxy Tab S9 lineup (pictured)", "id": 804280, "language": "en", "link": "https://www.gadgets360.com/tablets/news/samsung-galaxy-tab-s10-plus-ultra-series-models-launch-report-6016452", "manual_status_code": 0, "page_rating": 27, "page_rating_contents": 86, "page_rating_visits": 0, "page_rating_votes": 0, "permanent": false, "source": "https://feeds.feedburner.com/gadgets360-latest", "source_obj__id": 124, "status_code": 0, "tags": [], "thumbnail": "https://i.gadgets360cdn.com/large/galaxy_tab_s9_series_samsung_1719906100175.jpg", "title": "Samsung Galaxy Tab S10 Series Could Be Launched Without Standard Model: Report", "user": null, "vote": 0}, {"age": null, "album": "", "artist": null, "bookmarked": false, "comments": [], "date_published": "2024-07-02T09:06:29+00:00", "description": "Google's Tensor G5 chipset is expected to debut with the Pixel 10 series next year", "id": 804281, "language": "en", "link": "https://www.gadgets360.com/mobiles/news/pixel-10-tensor-g5-chipset-design-process-report-google-6016594", "manual_status_code": 0, "page_rating": 27, "page_rating_contents": 86, "page_rating_visits": 0, "page_rating_votes": 0, "permanent": false, "source": "https://feeds.feedburner.com/gadgets360-latest", "source_obj__id": 124, "status_code": 0, "tags": [], "thumbnail": "https://i.gadgets360cdn.com/large/google_pixel_1719909360201.jpg", "title": "Google Reportedly Completes Design Process for Tensor G5 Chipset for Pixel 10 Series", "user": null, "vote": 0}, {"age": null, "album": "", "artist": null, "bookmarked": false, "comments": [], "date_published": "2024-07-02T08:41:26+00:00", "description": "The Incognito Mode shortcut was spotted in Google app for Android beta version 15.26.34.29.arm64", "id": 803978, "language": "en", "link": "https://www.gadgets360.com/apps/news/google-app-update-incognito-mode-shortcut-beta-version-6016148", "manual_status_code": 0, "page_rating": 27, "page_rating_contents": 86, "page_rating_visits": 0, "page_rating_votes": 0, "permanent": false, "source": "https://feeds.feedburner.com/gadgets360-latest", "source_obj__id": 124, "status_code": 0, "tags": [], "thumbnail": "https://i.gadgets360cdn.com/large/google_app_unsplash_1719905632508.jpg", "title": "Google App Reportedly Testing New Incognito Mode Shortcut for Quicker Access on Latest Beta Version", "user": null, "vote": 0}, {"age": null, "album": "", "artist": null, "bookmarked": false, "comments": [], "date_published": "2024-07-02T08:36:39+00:00", "description": "Amazon Prime Day Sale 2024 is an exclusive Prime members-only event", "id": 803979, "language": "en", "link": "https://www.gadgets360.com/internet/news/amazon-prime-day-sale-2024-july-20-21-offers-bank-discounts-deals-6016376", "manual_status_code": 0, "page_rating": 27, "page_rating_contents": 86, "page_rating_visits": 0, "page_rating_votes": 0, "permanent": false, "source": "https://feeds.feedburner.com/gadgets360-latest", "source_obj__id": 124, "status_code": 0, "tags": [], "thumbnail": "https://i.gadgets360cdn.com/large/amazon_prime_day_2024_1719907958832.jpg", "title": "Amazon Prime Day Sale 2024 India Dates Announced: Bank Offers, Deals Revealed", "user": null, "vote": 0}, {"age": null, "album": "", "artist": null, "bookmarked": false, "comments": [], "date_published": "2024-07-02T08:18:00+00:00", "description": "Earlier, several photographers criticised Meta for incorrectly labelling their content as AI-generated", "id": 803980, "language": "en", "link": "https://www.gadgets360.com/ai/news/instagram-facebook-made-with-ai-info-label-content-detection-deepfakes-meta-6016133", "manual_status_code": 0, "page_rating": 27, "page_rating_contents": 86, "page_rating_visits": 0, "page_rating_votes": 0, "permanent": false, "source": "https://feeds.feedburner.com/gadgets360-latest", "source_obj__id": 124, "status_code": 0, "tags": [], "thumbnail": "https://i.gadgets360cdn.com/large/meta_ai_info_1719905316924.jpg", "title": "Instagram, Facebook to Display 'AI Info' on Posts Following Backlash Over 'Made With AI' Label", "user": null, "vote": 0}, {"age": null, "album": "", "artist": null, "bookmarked": false, "comments": [], "date_published": "2024-07-02T07:57:51+00:00", "description": "Flex Connect can automatically turning off devices when not in use, according to Samsung", "id": 803981, "language": "en", "link": "https://www.gadgets360.com/smart-home/news/smart-things-energy-flex-connect-program-samsung-6015893", "manual_status_code": 0, "page_rating": 27, "page_rating_contents": 86, "page_rating_visits": 0, "page_rating_votes": 0, "permanent": false, "source": "https://feeds.feedburner.com/gadgets360-latest", "source_obj__id": 124, "status_code": 0, "tags": [], "thumbnail": "https://i.gadgets360cdn.com/large/samsung_smartthings_1719902963487.jpg", "title": "Samsung SmartThings Energy Flex Connect Programme With Energy Consumption Management Launched", "user": null, "vote": 0}, {"age": null, "album": "", "artist": null, "bookmarked": false, "comments": [], "date_published": "2024-07-02T07:52:42+00:00", "description": "Resident Evil Village was released in 2021", "id": 803982, "language": "en", "link": "https://www.gadgets360.com/games/news/resident-evil-9-next-game-in-development-confirmed-capcom-next-6016195", "manual_status_code": 0, "page_rating": 27, "page_rating_contents": 86, "page_rating_visits": 0, "page_rating_votes": 0, "permanent": false, "source": "https://feeds.feedburner.com/gadgets360-latest", "source_obj__id": 124, "status_code": 0, "tags": [], "thumbnail": "https://i.gadgets360cdn.com/large/resident_evil_village_denuvo_1681218410798.jpg", "title": "Next Resident Evil Game Is in Development, Capcom Confirms", "user": null, "vote": 0}, {"age": null, "album": "", "artist": null, "bookmarked": false, "comments": [], "date_published": "2024-07-02T07:38:41+00:00", "description": "Apple is planning to introduce AI features such as Writing Tools and Genmoji", "id": 803739, "language": "en", "link": "https://www.gadgets360.com/ai/news/apple-intelligence-google-gemini-integration-chatgpt-iphone-fall-2024-release-report-6015749", "manual_status_code": 0, "page_rating": 27, "page_rating_contents": 86, "page_rating_visits": 0, "page_rating_votes": 0, "permanent": false, "source": "https://feeds.feedburner.com/gadgets360-latest", "source_obj__id": 124, "status_code": 0, "tags": [], "thumbnail": "https://i.gadgets360cdn.com/large/apple_intelligence_siri_1719901631978.jpg", "title": "Apple Intelligence to Offer Google Gemini AI Integration Alongside ChatGPT on iOS 18: Report", "user": null, "vote": 0}, {"age": null, "album": "", "artist": null, "bookmarked": false, "comments": [], "date_published": "2024-07-02T07:36:14+00:00", "description": "Crypto hackers gained $385 million (roughly Rs. 3,215 crore) in May", "id": 803740, "language": "en", "link": "https://www.gadgets360.com/cryptocurrency/news/crypto-hacks-usd-176-million-losses-june-report-6016194", "manual_status_code": 0, "page_rating": 27, "page_rating_contents": 86, "page_rating_visits": 0, "page_rating_votes": 0, "permanent": false, "source": "https://feeds.feedburner.com/gadgets360-latest", "source_obj__id": 124, "status_code": 0, "tags": [], "thumbnail": "https://i.gadgets360cdn.com/large/large_6_1707193008204.jpg", "title": "Crypto Hacks Reportedly Led to $176 Million in Losses in June; Analytics Firm Flags Over 20 Cryptocurrency Hacks", "user": null, "vote": 0}, {"age": null, "album": "", "artist": null, "bookmarked": false, "comments": [], "date_published": "2024-07-02T07:30:32+00:00", "description": "The Honor Magic flagship product launch event will be held in Shenzhen", "id": 803741, "language": "en", "link": "https://www.gadgets360.com/mobiles/news/honor-magic-v3-vs3-magicpad-2-magicbook-art-14-launch-date-6015734", "manual_status_code": 0, "page_rating": 27, "page_rating_contents": 86, "page_rating_visits": 0, "page_rating_votes": 0, "permanent": false, "source": "https://feeds.feedburner.com/gadgets360-latest", "source_obj__id": 124, "status_code": 0, "tags": [], "thumbnail": "https://i.gadgets360cdn.com/large/Honor_magic_flagship_launch_1719901830921.jpg", "title": "Honor Magic V3, Magic Vs3, MagicPad 2 Launch Date Set for July 12; Honor MagicBook Art 14 to Follow", "user": null, "vote": 0}, {"age": null, "album": "", "artist": null, "bookmarked": false, "comments": [], "date_published": "2024-07-02T07:21:48+00:00", "description": "Vivo Y28s 5G is offered in Mocha Brown and Twinkling Purple shades", "id": 803742, "language": "en", "link": "https://www.gadgets360.com/mobiles/news/vivo-y28s-5g-price-in-india-specifications-ram-storage-options-report-6015673", "manual_status_code": 0, "page_rating": 27, "page_rating_contents": 86, "page_rating_visits": 0, "page_rating_votes": 0, "permanent": false, "source": "https://feeds.feedburner.com/gadgets360-latest", "source_obj__id": 124, "status_code": 0, "tags": [], "thumbnail": "https://i.gadgets360cdn.com/large/vivo_y28s_1719902787756.jpg", "title": "Vivo Y28s 5G Price in India Leaked Ahead of Anticipated Debut: Expected Specifications, Features", "user": null, "vote": 0}, {"age": null, "album": "", "artist": null, "bookmarked": false, "comments": [], "date_published": "2024-07-02T06:28:40+00:00", "description": "Apple released iOS 17.6 Developer Beta 2 update a week after the rollout of first developer beta", "id": 803743, "language": "en", "link": "https://www.gadgets360.com/mobiles/news/ios-17-6-beta-2-update-iphone-features-apple-6015496", "manual_status_code": 0, "page_rating": 27, "page_rating_contents": 86, "page_rating_visits": 0, "page_rating_votes": 0, "permanent": false, "source": "https://feeds.feedburner.com/gadgets360-latest", "source_obj__id": 124, "status_code": 0, "tags": [], "thumbnail": "https://i.gadgets360cdn.com/large/iphone_15_pro_3_unsplash_1719899035492.jpg", "title": "iOS 17.6 Developer Beta 2 Update for iPhone With \u2018Catch Up\u2019 Feature Rolls Out to Beta Testers", "user": null, "vote": 0}, {"age": null, "album": "", "artist": null, "bookmarked": false, "comments": [], "date_published": "2024-07-02T06:01:09+00:00", "description": "Samsung Galaxy Watch 6 (pictured) is expected to get a successor on July 10", "id": 803331, "language": "en", "link": "https://www.gadgets360.com/wearables/news/samsung-watch-7-ultra-price-specifications-leak-galaxy-6015293", "manual_status_code": 0, "page_rating": 27, "page_rating_contents": 86, "page_rating_visits": 0, "page_rating_votes": 0, "permanent": false, "source": "https://feeds.feedburner.com/gadgets360-latest", "source_obj__id": 124, "status_code": 0, "tags": [], "thumbnail": "https://i.gadgets360cdn.com/large/watch_galaxy_6_samsung_1719897691155.jpg", "title": "Samsung Galaxy Watch 7, Galaxy Watch Ultra European Pricing and Detailed Specifications Leaked Ahead of Debut", "user": null, "vote": 0}, {"age": null, "album": "", "artist": null, "bookmarked": false, "comments": [], "date_published": "2024-07-02T05:27:05+00:00", "description": "Realme GT 6 India variant (pictured) launched with a Snapdragon 8s Gen 3 SoC", "id": 803332, "language": "en", "link": "https://www.gadgets360.com/mobiles/news/realme-gt-6-launch-date-china-specifications-features-expected-6015158", "manual_status_code": 0, "page_rating": 27, "page_rating_contents": 86, "page_rating_visits": 0, "page_rating_votes": 0, "permanent": false, "source": "https://feeds.feedburner.com/gadgets360-latest", "source_obj__id": 124, "status_code": 0, "tags": [], "thumbnail": "https://i.gadgets360cdn.com/large/realme_gt_6_realme_4_1719832503040.jpg", "title": "Realme GT 6 Launch Date Set for July 9; Rear Camera Module Design Teased", "user": null, "vote": 0}]