[{"age": null, "album": "", "artist": null, "bookmarked": false, "comments": [], "date_published": "2024-07-02T16:54:53+00:00", "description": "Shield your online activity from scoundrels! Go to https://Surfshark.deals/serpentza and use code serpentza to get a huge discount and up to 4 months extra!\n\nChina's Nowhere Girls are a fast growing phenomenon in China\n\nJoin me for the China Show, a weekly dive into what's happening in China: https://www.youtube.com/advpodcasts\n\nAnd don't forget my secret Monday Show: \nhttps://patreon.com/advpodcasts\n\nSupport Sasha and I on Patreon: http://www.patreon.com/serpentza\nBitcoin - bc1qxfjp2t6x5dpslv59u0jl89m6k643hcn8h2jsvp\nEthereum - 0x6Da150a2A8529110017Ed4db68B3dF0084900280\nPaypal: https://paypal.me/serpentza\n\nDOCUMENTARY LINKS:\n\nConquering China Boxset SPECIAL:\nhttps://vimeo.com/ondemand/conqueringchinaboxset\n\nConquering Southern China:\nhttps://vimeo.com/ondemand/conqueringsouthernchina\n\nConquering Northern China:\nhttps://vimeo.com/ondemand/conqueringnorthernchina\n\nStay Awesome China (my new documentary): https://vimeo.com/ondemand/stayawesomechina\n\nFor Motorcycle adventures around the w", "id": 807155, "language": null, "link": "https://www.youtube.com/watch?v=C4gRzdIyVxw", "manual_status_code": 0, "page_rating": 27, "page_rating_contents": 86, "page_rating_visits": 0, "page_rating_votes": 0, "permanent": false, "source": "https://www.youtube.com/feeds/videos.xml?channel_id=UCl7mAGnY4jh4Ps8rhhh8XZg", "source_obj__id": 302, "status_code": 0, "tags": [], "thumbnail": "https://i4.ytimg.com/vi/C4gRzdIyVxw/hqdefault.jpg", "title": "Who are China's Nowhere Girls?", "user": null, "vote": 0}]