[{"age": null, "album": "", "artist": null, "bookmarked": false, "comments": [], "date_published": "2024-07-02T13:00:25+00:00", "description": "This man is hunting for the bones of those lost in WWII.\n\nCheck out my new channel with Sam Ellis - Search Party: https://youtube.com/@Search-Party\n\nGet access to behind-the-scenes vlogs, my scripts, and extended interviews over at https://www.patreon.com/johnnyharris\n\nDo you have an insider tip or unique information on a story? Do you have a suggestion for a story you want us to cover? Submit to the Tip Line: https://docs.google.com/forms/d/e/1FAIpQLSdpNs1ykIwd7KNkwntN897X_SX9hJ8WiTH_erlLU_bQp2GGLg/viewform?usp=sharing\n\nI made a poster about maps - check it out: https://store.dftba.com/products/all-maps-are-wrong-poster\n\nCustom Presets & LUTs [what we use]: https://store.dftba.com/products/johnny-iz-luts-and-presets\n\nWatch my videos ad-free on Nebula: https://nebula.tv/johnnyharris\n\nAbout: \nJohnny Harris is an Emmy-winning independent journalist and contributor to the New York Times. Based in Washington, DC, Harris reports on interesting trends and stories domestically and around the", "id": 805439, "language": null, "link": "https://www.youtube.com/watch?v=QnYD3dTbqXY", "manual_status_code": 0, "page_rating": 27, "page_rating_contents": 86, "page_rating_visits": 0, "page_rating_votes": 0, "permanent": false, "source": "https://www.youtube.com/feeds/videos.xml?channel_id=UCmGSJVG3mCRXVOP4yZrU1Dw", "source_obj__id": 166, "status_code": 0, "tags": [], "thumbnail": "https://i2.ytimg.com/vi/QnYD3dTbqXY/hqdefault.jpg", "title": "Searching for bones in Okinawa's caves", "user": null, "vote": 0}]