[{"age": null, "album": "", "artist": null, "bookmarked": false, "comments": [], "date_published": "2024-07-02T15:54:15+00:00", "description": "<div class=\"field field--name-body field--type-text-with-summary field--label-hidden\"><div class=\"field__items\"><div class=\"field__item even\"><p>EFF\u2019s summer membership drive ends next week! Through EFF's 34th anniversary:</p><ul><li>Get 2 rare gifts (<em>including a <a href=\"https://www.eff.org/files/2024/06/10/bigfoot_pin.png\" rel=\"noopener noreferrer\" target=\"_blank\">Bigfoot privacy pin</a></em>),</li><li><a href=\"https://eff.org/r.o2px\">Be an EFF member for as little as $20</a>, and</li><li><a href=\"https://eff.org/r.b6k9\">Monthly and annual recurring donations get matched for the first year!</a></li></ul><p>The digital future relies on your support\u2014<strong><a href=\"https://eff.org/r.o2px\">donate today!</a></strong></p><p>We\u2019re back with the final story from our friends, <a href=\"https://www.eff.org/Encryptids\" rel=\"noopener noreferrer\" target=\"_blank\">The Encryptids</a>, who have come out of the woodwork to celebrate EFF\u2019s summer membership drive! These creatures may be mysteriou", "id": 806407, "language": "en", "link": "https://www.eff.org/deeplinks/2024/06/careful-your-marshmallows", "manual_status_code": 0, "page_rating": 27, "page_rating_contents": 86, "page_rating_visits": 0, "page_rating_votes": 0, "permanent": false, "source": "https://www.eff.org/rss/updates.xml", "source_obj__id": 101, "status_code": 0, "tags": [], "thumbnail": null, "title": "Careful with your marshmallows \ud83d\udd25", "user": null, "vote": 0}, {"age": null, "album": "", "artist": null, "bookmarked": false, "comments": [], "date_published": "2024-07-02T07:06:49+00:00", "description": "<div class=\"field field--name-body field--type-text-with-summary field--label-hidden\"><div class=\"field__items\"><div class=\"field__item even\"><p><span>The early internet had a lot of \u201ctechnological self-determination\" \u2014 you could opt out of things, protect your privacy, control your experience. The problem was that it took a fair amount of technical skill to exercise that self-determination. But what if it didn\u2019t? What if the benefits of online privacy, security, interoperability, and free speech were more evenly distributed among all internet users?</span></p>\n<p><div class=\"mytube\" style=\"width: 100%px;\">\n  <div class=\"mytubetrigger\" tabindex=\"0\">\n\n    <img alt=\"play\" class=\"mytubeplay\" src=\"https://www.eff.org/sites/all/modules/custom/mytube/play.png\" />\n    <div class=\"mytubeembedcode\" hidden=\"hidden\">%3Ciframe%20height%3D%2252px%22%20width%3D%22100%25%22%20frameborder%3D%22no%22%20scrolling%3D%22no%22%20seamless%3D%22%22%20src%3D%22https%3A%2F%2Fplayer.simplecast.com%2Fe6c14fe2-a", "id": 803539, "language": "en", "link": "https://www.eff.org/deeplinks/2024/06/podcast-episode-fighting-enshittification", "manual_status_code": 0, "page_rating": 27, "page_rating_contents": 86, "page_rating_visits": 0, "page_rating_votes": 0, "permanent": false, "source": "https://www.eff.org/rss/updates.xml", "source_obj__id": 101, "status_code": 0, "tags": [], "thumbnail": null, "title": "Podcast Episode: Fighting Enshittification", "user": null, "vote": 0}]