[{"age": null, "album": "", "artist": null, "bookmarked": false, "comments": [], "date_published": "2024-07-02T10:54:48+00:00", "description": "\u2611\ufe0f \"Uwolnijcie nas st\u0105d!\" z Wydawnictwa M jest opracowane dzi\u0119ki wielkiej uprzejmo\u015bci tego wydawnictwa. Ksi\u0105\u017cka jest dost\u0119pna pod tym linkiem:\nhttps://tiny.pl/d5rwd\n\nOd roku 2017 kiedy pojawi\u0142a si\u0119 pierwsza wersja tej ksi\u0105\u017cki odnotowali\u015bmy ju\u017c ponad milion wy\u015bwietle\u0144. R\u00f3wnie\u017c druga wersja audiobooka przygotowana przez Roberta i Ludwik\u0119 cieszy\u0142a si\u0119 du\u017c\u0105 popularno\u015bci\u0105. Za zgod\u0105 Wydawnictwa M publikujemy ksi\u0105\u017ck\u0119 po raz trzeci - odnowion\u0105 wizualnie i d\u017awi\u0119kowo. \nTym razem w rol\u0119 Marii wciela si\u0119:\nMagdalena Wo\u017aniak\n@magda_wozniak_17\na Nickiego Eltz'a odtwarza Igor Nadolski.\nKsi\u0105\u017cka-wywiad z Mari\u0105 Simm\u0105 mistyczk\u0105, kt\u00f3ra przez wiele lat rozmawia\u0142a z duszami czy\u015b\u0107cowymi to jej relacja z kilkudziesi\u0119ciu lat obcowania z duszami czy\u015b\u0107cowymi. Z ksi\u0105\u017cki dowiemy si\u0119 czego potrzebuj\u0105 dusze w czy\u015b\u0107cu cierpi\u0105ce, dlaczego wa\u017cna jest msza za zmar\u0142ych i jak mo\u017cemy si\u0119 za nich modli\u0107. Ksi\u0105\u017cka zosta\u0142a opatrzona pozytywn\u0105 opini\u0105 przedstawicieli Ko\u015bcio\u0142a i cho\u0107 nie ma imprimatur z pewno\u015bci\u0105 przyczynia si\u0119\u00a0d", "id": 804715, "language": null, "link": "https://www.youtube.com/watch?v=ubbvuFoeQxM", "manual_status_code": 0, "page_rating": 27, "page_rating_contents": 86, "page_rating_visits": 0, "page_rating_votes": 0, "permanent": false, "source": "https://www.youtube.com/feeds/videos.xml?channel_id=UCL0WiIwugwTXU5YBFvatbNg", "source_obj__id": 178, "status_code": 0, "tags": [], "thumbnail": "https://i2.ytimg.com/vi/ubbvuFoeQxM/hqdefault.jpg", "title": "Uwolnijcie Nas St\u0105d! (cz\u0119\u015b\u0107 15) PIEK\u0141O I SZATAN", "user": null, "vote": 0}]