[{"age": null, "album": "", "artist": null, "bookmarked": false, "comments": [], "date_published": "2024-07-02T16:55:28+00:00", "description": "<img alt=\"How to build a Magic: The Gathering deck\" class=\"webfeedsFeaturedVisual\" height=\"1080\" src=\"https://www.wargamer.com/wp-content/sites/wargamer/2024/07/how-to-build-a-mtg-deck-eye.jpg\" title=\"How to build a Magic: The Gathering deck\" width=\"1920\" />\n\t\t\t\t\t\t\t\t<p>Want to know how to build a Magic: The Gathering&nbsp;deck? It&rsquo;s a difficult skill to master, and the amount of sheer choice can be paralysing at times. We&rsquo;ll run you through the basics and answer all your key deckbuilding questions.&nbsp;Fear not,&nbsp;you&rsquo;ll be a talented deck tinkerer in no time, racking up wins with your own &hellip; <a href=\"https://www.wargamer.com/magic-the-gathering/build-a-deck\">Continued</a></p>\n \t\t\t\t<div>\n\t\t\t\tContinue reading <a href=\"https://www.wargamer.com/magic-the-gathering/build-a-deck\">How to build a Magic: The Gathering deck</a>\n\t\t\t\t</div>\n\t\t\t\tMORE FROM WARGAMER: <a href=\"https://www.wargamer.com/magic-the-gathering/mtg-sets-in-order\">All MTG sets in order</a>, <a hr", "id": 806833, "language": "en-US", "link": "https://www.wargamer.com/magic-the-gathering/build-a-deck", "manual_status_code": 0, "page_rating": 27, "page_rating_contents": 86, "page_rating_visits": 0, "page_rating_votes": 0, "permanent": false, "source": "https://www.wargamer.com/mainrss.xml", "source_obj__id": 384, "status_code": 0, "tags": [], "thumbnail": "https://www.wargamer.com/wp-content/sites/wargamer/2024/07/how-to-build-a-mtg-deck-eye.jpg", "title": "How to build a Magic: The Gathering deck", "user": null, "vote": 0}, {"age": null, "album": "", "artist": null, "bookmarked": false, "comments": [], "date_published": "2024-07-02T16:14:27+00:00", "description": "<img alt=\"All DnD languages 5e explained\" class=\"webfeedsFeaturedVisual\" height=\"1080\" src=\"https://www.wargamer.com/wp-content/sites/wargamer/2023/10/dnd-languages-5e-conversation.jpg\" title=\"All DnD languages 5e explained\" width=\"1920\" />\n\t\t\t\t\t\t\t\t<p>There are 16 core <strong>DnD languages</strong> in fifth edition. While every Dungeons and Dragons character can speak to each other in Common, they may also know other <strong>D&amp;D languages</strong> thanks to their background. This guide explains all languages in DnD (including the rarest ones), and it can help you decide which are worth your character learning.</p>\n<p>Your choice of <a href=\"https://www.wargamer.com/dnd/classes\">DnD classes</a> and <a href=\"https://www.wargamer.com/dnd/races\">DnD races</a> will influence which languages your character can speak, but don\u2019t feel like you have to pick the most obvious options. If you\u2019re a plane-hopping Ranger, it makes perfect sense to know languages from unusual places. Similarly, a", "id": 806834, "language": "en-US", "link": "https://www.wargamer.com/dnd/languages", "manual_status_code": 0, "page_rating": 27, "page_rating_contents": 86, "page_rating_visits": 0, "page_rating_votes": 0, "permanent": false, "source": "https://www.wargamer.com/mainrss.xml", "source_obj__id": 384, "status_code": 0, "tags": [], "thumbnail": "https://www.wargamer.com/wp-content/sites/wargamer/2023/10/dnd-languages-5e-conversation.jpg", "title": "All DnD languages 5e explained", "user": null, "vote": 0}, {"age": null, "album": "", "artist": null, "bookmarked": false, "comments": [], "date_published": "2024-07-02T16:06:32+00:00", "description": "<img alt=\"Oh god, the new DnD books have a DLC chart\" class=\"webfeedsFeaturedVisual\" height=\"1080\" src=\"https://www.wargamer.com/wp-content/sites/wargamer/2024/07/dnd-core-books-covers.jpg\" title=\"Oh god, the new DnD books have a DLC chart\" width=\"1920\" />\n\t\t\t\t\t\t\t\t<p>Wizards of the Coast has revealed a videogame DLC-style pre-order chart to explain the bundle options fans have when pre-ordering the new Dungeons and Dragons core books, and to emphasise the &ldquo;savings&rdquo; available from buying the bigger bundles. But to find the actual price of the bundles, you have to go to the DnD Beyond &hellip; <a href=\"https://www.wargamer.com/dnd/pre-orders-dlc-chart\">Continued</a></p>\n \t\t\t\t<div>\n\t\t\t\tContinue reading <a href=\"https://www.wargamer.com/dnd/pre-orders-dlc-chart\">Oh god, the new DnD books have a DLC chart</a>\n\t\t\t\t</div>", "id": 806402, "language": "en-US", "link": "https://www.wargamer.com/dnd/pre-orders-dlc-chart", "manual_status_code": 0, "page_rating": 27, "page_rating_contents": 86, "page_rating_visits": 0, "page_rating_votes": 0, "permanent": false, "source": "https://www.wargamer.com/mainrss.xml", "source_obj__id": 384, "status_code": 0, "tags": [], "thumbnail": "https://www.wargamer.com/wp-content/sites/wargamer/2024/07/dnd-core-books-covers.jpg", "title": "Oh god, the new DnD books have a DLC chart", "user": null, "vote": 0}, {"age": null, "album": "", "artist": null, "bookmarked": false, "comments": [], "date_published": "2024-07-02T15:56:00+00:00", "description": "<img alt=\"Warhammer 40k Tyranids\" class=\"webfeedsFeaturedVisual\" height=\"1080\" src=\"https://www.wargamer.com/wp-content/sites/wargamer/2022/04/warhammer-40k-tyranids.jpg\" title=\"Warhammer 40k Tyranids\" width=\"1920\" />\n\t\t\t\t\t\t\t\t<p class=\"entry-update mce-active-element\" contenteditable=\"false\" id=\"pcgnUT-123\"><strong>02/07/2024</strong>\u00a0This guide was originally written by Alex McHugh in October 2023 - since then it's been substantially overhauled with more lore and new rules by Timothy Linward.</p>\n<p>The<strong>\u00a0Warhammer 40k Tyranids</strong>\u00a0are a\u00a0collection of alien species from beyond the boundaries of our galaxy, bound together by the massive psychic will of the Hive Mind, and driven by an insatiable hunger. This guide explains the lore of the Tyranid Hive Fleets, as well as the key rules for how they play in Warhammer 40,000.</p>\n \t\t\t\t<div>\n\t\t\t\tContinue reading <a href=\"https://www.wargamer.com/warhammer-40k/tyranids\">Warhammer 40k Tyranids</a>\n\t\t\t\t</div>\n\t\t\t\tMORE FROM WARGAMER:", "id": 806403, "language": "en-US", "link": "https://www.wargamer.com/warhammer-40k/tyranids", "manual_status_code": 0, "page_rating": 27, "page_rating_contents": 86, "page_rating_visits": 0, "page_rating_votes": 0, "permanent": false, "source": "https://www.wargamer.com/mainrss.xml", "source_obj__id": 384, "status_code": 0, "tags": [], "thumbnail": "https://www.wargamer.com/wp-content/sites/wargamer/2022/04/warhammer-40k-tyranids.jpg", "title": "Warhammer 40k Tyranids", "user": null, "vote": 0}, {"age": null, "album": "", "artist": null, "bookmarked": false, "comments": [], "date_published": "2024-07-02T14:15:48+00:00", "description": "<img alt=\"Secret Lair MTG card sees 435% price spike\" class=\"webfeedsFeaturedVisual\" height=\"1080\" src=\"https://www.wargamer.com/wp-content/sites/wargamer/2024/07/mtg-price-spike-geralfs-messenger-header.jpg\" title=\"Secret Lair MTG card sees 435% price spike\" width=\"1920\" />\n\t\t\t\t\t\t\t\t<p>The Secret Lair MTG card Geralf&rsquo;s Messenger is spiking in price, jumping from $2.80 in mid-June to $15 today. This card, from the Finally! Left-Handed Magic Cards Secret Lair is up 435%, Obviously MTG Secret Lair cards are more susceptible to spikes, as fewer&nbsp;copies&nbsp;were printed, but it seems there&rsquo;s increased demand for this card in &hellip; <a href=\"https://www.wargamer.com/magic-the-gathering/geralfs-messenger-price-spike\">Continued</a></p>\n \t\t\t\t<div>\n\t\t\t\tContinue reading <a href=\"https://www.wargamer.com/magic-the-gathering/geralfs-messenger-price-spike\">Secret Lair MTG card sees 435% price spike</a>\n\t\t\t\t</div>\n\t\t\t\tMORE FROM WARGAMER: <a href=\"https://www.wargamer.com/magic-the", "id": 805853, "language": "en-US", "link": "https://www.wargamer.com/magic-the-gathering/geralfs-messenger-price-spike", "manual_status_code": 0, "page_rating": 27, "page_rating_contents": 86, "page_rating_visits": 0, "page_rating_votes": 0, "permanent": false, "source": "https://www.wargamer.com/mainrss.xml", "source_obj__id": 384, "status_code": 0, "tags": [], "thumbnail": "https://www.wargamer.com/wp-content/sites/wargamer/2024/07/mtg-price-spike-geralfs-messenger-header.jpg", "title": "Secret Lair MTG card sees 435% price spike", "user": null, "vote": 0}, {"age": null, "album": "", "artist": null, "bookmarked": false, "comments": [], "date_published": "2024-07-02T13:26:55+00:00", "description": "<img alt=\"DnD&#8217;s official virtual tabletop is winning me over\" class=\"webfeedsFeaturedVisual\" height=\"1080\" src=\"https://www.wargamer.com/wp-content/sites/wargamer/2024/07/dnd-virtual-tabletop-maps-2.jpg\" title=\"DnD&#8217;s official virtual tabletop is winning me over\" width=\"1920\" />\n\t\t\t\t\t\t\t\t<p>At first, I was skeptical about Maps, D&amp;D&rsquo;s first-party virtual tabletop. Wizards of the Coast was entering the VTT market at such a late stage, and it seemed impossible that Maps could offer me something I couldn&rsquo;t already get elsewhere. But after a play session, I&rsquo;m officially won over. Maps is just so damn easy &hellip; <a href=\"https://www.wargamer.com/dnd/maps-virtual-tabletop\">Continued</a></p>\n \t\t\t\t<div>\n\t\t\t\tContinue reading <a href=\"https://www.wargamer.com/dnd/maps-virtual-tabletop\">DnD&#8217;s official virtual tabletop is winning me over</a>\n\t\t\t\t</div>\n\t\t\t\tMORE FROM WARGAMER: <a href=\"https://www.wargamer.com/dnd/classes\">DnD classes guide</a>, <a href=\"htt", "id": 805504, "language": "en-US", "link": "https://www.wargamer.com/dnd/maps-virtual-tabletop", "manual_status_code": 0, "page_rating": 27, "page_rating_contents": 86, "page_rating_visits": 0, "page_rating_votes": 0, "permanent": false, "source": "https://www.wargamer.com/mainrss.xml", "source_obj__id": 384, "status_code": 0, "tags": [], "thumbnail": "https://www.wargamer.com/wp-content/sites/wargamer/2024/07/dnd-virtual-tabletop-maps-2.jpg", "title": "DnD\u2019s official virtual tabletop is winning me over", "user": null, "vote": 0}, {"age": null, "album": "", "artist": null, "bookmarked": false, "comments": [], "date_published": "2024-07-02T11:14:16+00:00", "description": "<img alt=\"MTG&#8217;s upcoming Foundations set could stay in Standard forever\" class=\"webfeedsFeaturedVisual\" height=\"1080\" src=\"https://www.wargamer.com/wp-content/sites/wargamer/2024/07/mtg-foundations-standard-legal.jpg\" title=\"MTG&#8217;s upcoming Foundations set could stay in Standard forever\" width=\"1920\" />\n\t\t\t\t\t\t\t\t<p>This year&rsquo;s beginner-friendly November set, Magic: The Gathering Foundations, is designed to remain legal in Standard, arguably the game&rsquo;s &lsquo;default&rsquo; format, for five years, rotating out in the distant future of 2029. But now head designer Mark Rosewater has revealed that it&rsquo;ll actually be around &ldquo;at least until 2029&rdquo;, and Wizards might choose to extend &hellip; <a href=\"https://www.wargamer.com/magic-the-gathering/foundations-standard-legal\">Continued</a></p>\n \t\t\t\t<div>\n\t\t\t\tContinue reading <a href=\"https://www.wargamer.com/magic-the-gathering/foundations-standard-legal\">MTG&#8217;s upcoming Foundations set could stay in S", "id": 804663, "language": "en-US", "link": "https://www.wargamer.com/magic-the-gathering/foundations-standard-legal", "manual_status_code": 0, "page_rating": 27, "page_rating_contents": 86, "page_rating_visits": 0, "page_rating_votes": 0, "permanent": false, "source": "https://www.wargamer.com/mainrss.xml", "source_obj__id": 384, "status_code": 0, "tags": [], "thumbnail": "https://www.wargamer.com/wp-content/sites/wargamer/2024/07/mtg-foundations-standard-legal.jpg", "title": "MTG\u2019s upcoming Foundations set could stay in Standard forever", "user": null, "vote": 0}, {"age": null, "album": "", "artist": null, "bookmarked": false, "comments": [], "date_published": "2024-07-02T10:59:35+00:00", "description": "<img alt=\"Indie mini maker designs a Warhammer 40k X-wing mashup\" class=\"webfeedsFeaturedVisual\" height=\"1080\" src=\"https://www.wargamer.com/wp-content/sites/wargamer/2024/07/warhammer-40k-x-wing-mortian-fighter.jpg\" title=\"Indie mini maker designs a Warhammer 40k X-wing mashup\" width=\"1920\" />\n\t\t\t\t\t\t\t\t<p>If you&rsquo;ve ever wondered what the Adeptus Mechanicus&rsquo; tech priests would do with the plans to a Star Wars X-Wing, look no further than this upcoming design by German mini studio Mortian Tank. Mortian specializes in creating vehicles that would look right at home in the Warhammer 40,000 universe, but this new fighter has also &hellip; <a href=\"https://www.wargamer.com/warhammer-40k/x-wing-fighter-mortian-tank\">Continued</a></p>\n \t\t\t\t<div>\n\t\t\t\tContinue reading <a href=\"https://www.wargamer.com/warhammer-40k/x-wing-fighter-mortian-tank\">Indie mini maker designs a Warhammer 40k X-wing mashup</a>\n\t\t\t\t</div>\n\t\t\t\tMORE FROM WARGAMER: <a href=\"https://www.wargamer.com/warhammer-40k", "id": 804664, "language": "en-US", "link": "https://www.wargamer.com/warhammer-40k/x-wing-fighter-mortian-tank", "manual_status_code": 0, "page_rating": 27, "page_rating_contents": 86, "page_rating_visits": 0, "page_rating_votes": 0, "permanent": false, "source": "https://www.wargamer.com/mainrss.xml", "source_obj__id": 384, "status_code": 0, "tags": [], "thumbnail": "https://www.wargamer.com/wp-content/sites/wargamer/2024/07/warhammer-40k-x-wing-mortian-fighter.jpg", "title": "Indie mini maker designs a Warhammer 40k X-wing mashup", "user": null, "vote": 0}, {"age": null, "album": "", "artist": null, "bookmarked": false, "comments": [], "date_published": "2024-07-02T10:41:11+00:00", "description": "<img alt=\"Baldur&#8217;s Gate 3 helped DnD fix spells for new 2024 books\" class=\"webfeedsFeaturedVisual\" height=\"1080\" src=\"https://www.wargamer.com/wp-content/sites/wargamer/2024/07/dnd-baldurs-gate-3-spells-1.jpg\" title=\"Baldur&#8217;s Gate 3 helped DnD fix spells for new 2024 books\" width=\"1920\" />\n\t\t\t\t\t\t\t\t<p>Every spell in the new Player&rsquo;s Handbook for Dungeons and Dragons is getting an upgrade, and Baldur&rsquo;s Gate 3 helped inspire some of these changes. This was confirmed by lead D&amp;D designer Jeremy Crawford in a YouTube video from July 1, where he describes his struggle to use fifth edition&rsquo;s more &ldquo;painful&rdquo; spells in the &hellip; <a href=\"https://www.wargamer.com/dnd/baldurs-gate-3-spells\">Continued</a></p>\n \t\t\t\t<div>\n\t\t\t\tContinue reading <a href=\"https://www.wargamer.com/dnd/baldurs-gate-3-spells\">Baldur&#8217;s Gate 3 helped DnD fix spells for new 2024 books</a>\n\t\t\t\t</div>\n\t\t\t\tMORE FROM WARGAMER: <a href=\"https://www.wargamer.com/dnd/classes\">Dn", "id": 804340, "language": "en-US", "link": "https://www.wargamer.com/dnd/baldurs-gate-3-spells", "manual_status_code": 0, "page_rating": 27, "page_rating_contents": 86, "page_rating_visits": 0, "page_rating_votes": 0, "permanent": false, "source": "https://www.wargamer.com/mainrss.xml", "source_obj__id": 384, "status_code": 0, "tags": [], "thumbnail": "https://www.wargamer.com/wp-content/sites/wargamer/2024/07/dnd-baldurs-gate-3-spells-1.jpg", "title": "Baldur\u2019s Gate 3 helped DnD fix spells for new 2024 books", "user": null, "vote": 0}]