[{"age": null, "album": "", "artist": null, "bookmarked": false, "comments": [], "date_published": "2024-07-02T11:00:00+00:00", "description": "The cybersecurity threat landscape has witnessed a dramatic and alarming rise in the average ransomware payment, an increase exceeding 500%. Sophos, a global leader in cybersecurity, revealed in its annual \"State of Ransomware 2024\" report that the average ransom payment has increased 500% in the last year with organizations that paid a ransom reporting an average payment of $2 million, up from", "id": 804493, "language": "en-US", "link": "https://thehackernews.com/2024/07/how-mfa-failures-are-fueling-500-surge.html", "manual_status_code": 0, "page_rating": 27, "page_rating_contents": 86, "page_rating_visits": 0, "page_rating_votes": 0, "permanent": false, "source": "https://feeds.feedburner.com/TheHackersNews", "source_obj__id": 343, "status_code": 0, "tags": [], "thumbnail": null, "title": "How MFA Failures are Fueling a 500% Surge in Ransomware Losses", "user": null, "vote": 0}, {"age": null, "album": "", "artist": null, "bookmarked": false, "comments": [], "date_published": "2024-07-02T10:28:00+00:00", "description": "Modern CPUs from Intel, including Raptor Lake and Alder Lake, have been found vulnerable to a new side-channel attack that could be exploited to leak sensitive information from the processors.\nThe attack, codenamed Indirector by security researchers Luyi Li, Hosein Yavarzadeh, and Dean Tullsen, leverages shortcomings identified in Indirect Branch Predictor (IBP) and the Branch Target Buffer (BTB", "id": 804494, "language": "en-US", "link": "https://thehackernews.com/2024/07/new-intel-cpu-vulnerability-indirector.html", "manual_status_code": 0, "page_rating": 27, "page_rating_contents": 86, "page_rating_visits": 0, "page_rating_votes": 0, "permanent": false, "source": "https://feeds.feedburner.com/TheHackersNews", "source_obj__id": 343, "status_code": 0, "tags": [], "thumbnail": null, "title": "New Intel CPU Vulnerability 'Indirector' Exposes Sensitive Data", "user": null, "vote": 0}, {"age": null, "album": "", "artist": null, "bookmarked": false, "comments": [], "date_published": "2024-07-02T05:10:00+00:00", "description": "Meta's decision to offer an ad-free subscription in the European Union (E.U.) has faced a new setback after regulators accused the social media behemoth of breaching the bloc's competition rules by forcing users to choose between seeing ads or paying to avoid them.\nThe European Commission said the company's \"pay or consent\" advertising model is in contravention of the Digital Markets Act (DMA).", "id": 803326, "language": "en-US", "link": "https://thehackernews.com/2024/07/metas-pay-or-consent-approach-faces-eu.html", "manual_status_code": 0, "page_rating": 27, "page_rating_contents": 86, "page_rating_visits": 0, "page_rating_votes": 0, "permanent": false, "source": "https://feeds.feedburner.com/TheHackersNews", "source_obj__id": 343, "status_code": 0, "tags": [], "thumbnail": null, "title": "Meta's 'Pay or Consent' Approach Faces E.U. Competition Rules Scrutiny", "user": null, "vote": 0}, {"age": null, "album": "", "artist": null, "bookmarked": false, "comments": [], "date_published": "2024-07-02T04:48:00+00:00", "description": "A China-nexus cyber espionage group named Velvet Ant has been observed exploiting a zero-day flaw in Cisco NX-OS Software used in its switches to deliver malware.\nThe vulnerability, tracked as CVE-2024-20399 (CVSS score: 6.0), concerns a case of command injection that allows an authenticated, local attacker to execute arbitrary commands as root on the underlying operating system of an affected", "id": 803327, "language": "en-US", "link": "https://thehackernews.com/2024/07/chinese-hackers-exploiting-cisco.html", "manual_status_code": 0, "page_rating": 27, "page_rating_contents": 86, "page_rating_visits": 0, "page_rating_votes": 0, "permanent": false, "source": "https://feeds.feedburner.com/TheHackersNews", "source_obj__id": 343, "status_code": 0, "tags": [], "thumbnail": null, "title": "Chinese Hackers Exploiting Cisco Switches Zero-Day to Deliver Malware", "user": null, "vote": 0}, {"age": null, "album": "", "artist": null, "bookmarked": false, "comments": [], "date_published": "2024-07-02T04:29:00+00:00", "description": "An Australian man has been charged with running a fake Wi-Fi access point during a domestic flight with an aim to steal user credentials and data.\nThe unnamed 42-year-old \"allegedly established fake free Wi-Fi access points, which mimicked legitimate networks, to capture personal data from unsuspecting victims who mistakenly connected to them,\" the Australian Federal Police (AFP) said in a press", "id": 803078, "language": "en-US", "link": "https://thehackernews.com/2024/07/australian-man-charged-for-fake-wi-fi.html", "manual_status_code": 0, "page_rating": 27, "page_rating_contents": 86, "page_rating_visits": 0, "page_rating_votes": 0, "permanent": false, "source": "https://feeds.feedburner.com/TheHackersNews", "source_obj__id": 343, "status_code": 0, "tags": [], "thumbnail": null, "title": "Australian Man Charged for Fake Wi-Fi Scam on Domestic Flights", "user": null, "vote": 0}]