[{"age": null, "album": "", "artist": null, "bookmarked": false, "comments": [], "date_published": "2024-07-02T21:49:52+00:00", "description": "NPR's Ari Shapiro talks with Jeffrey Rosen of the National Constitution Center about expanded presidential power in the wake of the Supreme Court's decision in Donald Trump's immunity case.", "id": 808775, "language": "en-US", "link": "https://www.npr.org/2024/07/02/nx-s1-5026545/new-presidential-immunity-ruling-goes-against-what-founders-intended-scholar-says", "manual_status_code": 0, "page_rating": 27, "page_rating_contents": 86, "page_rating_visits": 0, "page_rating_votes": 0, "permanent": false, "source": "https://feeds.npr.org/1001/rss.xml", "source_obj__id": 242, "status_code": 0, "tags": [], "thumbnail": null, "title": "New presidential immunity ruling goes against what founders intended, scholar says", "user": null, "vote": 0}, {"age": null, "album": "", "artist": null, "bookmarked": false, "comments": [], "date_published": "2024-07-02T21:12:48+00:00", "description": "The New Mexico village of Ruidoso is under a flood watch until midnight. This weekend more than 160 people had to be rescued by the National Guard after rains washed debris off hillsides burned in a massive wildfire that started in June.", "id": 808377, "language": "en-US", "link": "https://www.npr.org/2024/07/02/nx-s1-5026594/new-mexico-village-is-on-alert-as-devastating-flash-floods-follow-june-wildfires", "manual_status_code": 0, "page_rating": 27, "page_rating_contents": 86, "page_rating_visits": 0, "page_rating_votes": 0, "permanent": false, "source": "https://feeds.npr.org/1001/rss.xml", "source_obj__id": 242, "status_code": 0, "tags": [], "thumbnail": null, "title": "New Mexico village is on alert as devastating flash floods follow June wildfires", "user": null, "vote": 0}, {"age": null, "album": "", "artist": null, "bookmarked": false, "comments": [], "date_published": "2024-07-02T20:43:45+00:00", "description": "The Tour de France is cycling's most famous race. But riders are struggling more than ever to manage themselves increasingly intense heat conditions. Here are some of their most innovative strategies", "id": 808378, "language": "en-US", "link": "https://www.npr.org/2024/07/02/nx-s1-5023057/cyclists-get-creative-to-deal-with-heat-during-tour-de-france", "manual_status_code": 0, "page_rating": 27, "page_rating_contents": 86, "page_rating_visits": 0, "page_rating_votes": 0, "permanent": false, "source": "https://feeds.npr.org/1001/rss.xml", "source_obj__id": 242, "status_code": 0, "tags": [], "thumbnail": null, "title": "Cyclists get creative to deal with heat during Tour de France", "user": null, "vote": 0}, {"age": null, "album": "", "artist": null, "bookmarked": false, "comments": [], "date_published": "2024-07-02T20:38:29+00:00", "description": "American eagles have made a remarkable recovery from their low numbers in the 1960s. Now, there are so many, that they compete for habitat with humans and get hurt.", "id": 808379, "language": "en-US", "link": "https://www.npr.org/2024/07/02/nx-s1-5025621/a-wildlife-rehab-center-has-seen-a-record-number-of-eagles-as-their-population-grows", "manual_status_code": 0, "page_rating": 27, "page_rating_contents": 86, "page_rating_visits": 0, "page_rating_votes": 0, "permanent": false, "source": "https://feeds.npr.org/1001/rss.xml", "source_obj__id": 242, "status_code": 0, "tags": [], "thumbnail": null, "title": "A wildlife rehab center has seen a record number of eagles as their population grows", "user": null, "vote": 0}, {"age": null, "album": "", "artist": null, "bookmarked": false, "comments": [], "date_published": "2024-07-02T20:36:19+00:00", "description": "A proposed rule from the the Occupational Safety and Health Administration would for the first time set in place regulations to better protect workers from extreme heat.<br /><br />", "id": 808380, "language": "en-US", "link": "https://www.npr.org/2024/07/02/nx-s1-5026745/extreme-heat-protections-for-workers-osha", "manual_status_code": 0, "page_rating": 27, "page_rating_contents": 86, "page_rating_visits": 0, "page_rating_votes": 0, "permanent": false, "source": "https://feeds.npr.org/1001/rss.xml", "source_obj__id": 242, "status_code": 0, "tags": [], "thumbnail": null, "title": "A new federal rule could offer protection from extreme heat to millions of workers", "user": null, "vote": 0}, {"age": null, "album": "", "artist": null, "bookmarked": false, "comments": [], "date_published": "2024-07-02T20:36:05+00:00", "description": "By testing the drug rapamycin as a way to prevent gum disease \u2014 often associated with heart disease and dementia \u2014 researchers may learn more about if it slows age-related diseases.", "id": 808381, "language": "en-US", "link": "https://www.npr.org/2024/07/02/nx-s1-5008777-e1/rapamycin-is-being-studied-to-see-if-it-can-slow-down-age-related-diseases-in-humans", "manual_status_code": 0, "page_rating": 27, "page_rating_contents": 86, "page_rating_visits": 0, "page_rating_votes": 0, "permanent": false, "source": "https://feeds.npr.org/1001/rss.xml", "source_obj__id": 242, "status_code": 0, "tags": [], "thumbnail": null, "title": "Rapamycin is being studied to see if it can slow down age-related diseases in humans", "user": null, "vote": 0}, {"age": null, "album": "", "artist": null, "bookmarked": false, "comments": [], "date_published": "2024-07-02T20:26:31+00:00", "description": "In this busy year of national elections around the world, NPR's Ari Shapiro talks with election watchers from Ghana, Venezuela and Georgia about how democracy is being challenged where they are.", "id": 808382, "language": "en-US", "link": "https://www.npr.org/2024/07/02/nx-s1-5017738/biggest-election-year-in-modern-history-will-democracy-prevail", "manual_status_code": 0, "page_rating": 27, "page_rating_contents": 86, "page_rating_visits": 0, "page_rating_votes": 0, "permanent": false, "source": "https://feeds.npr.org/1001/rss.xml", "source_obj__id": 242, "status_code": 0, "tags": [], "thumbnail": null, "title": "Biggest election year in modern history: Will democracy prevail?", "user": null, "vote": 0}, {"age": null, "album": "", "artist": null, "bookmarked": false, "comments": [], "date_published": "2024-07-02T20:23:33+00:00", "description": "NPR's Ailsa Chang speaks with UNICEF executive director Catherine Russell about her visit to Sudan and what she saw about the toll the country's civil war has had on children.", "id": 808383, "language": "en-US", "link": "https://www.npr.org/2024/07/02/nx-s1-5025669/sudans-civil-war-continues-to-pay-a-heavy-toll-on-the-countrys-children", "manual_status_code": 0, "page_rating": 27, "page_rating_contents": 86, "page_rating_visits": 0, "page_rating_votes": 0, "permanent": false, "source": "https://feeds.npr.org/1001/rss.xml", "source_obj__id": 242, "status_code": 0, "tags": [], "thumbnail": null, "title": "Sudan\u2019s civil war continues to pay a heavy toll on the country\u2019s children", "user": null, "vote": 0}, {"age": null, "album": "", "artist": null, "bookmarked": false, "comments": [], "date_published": "2024-07-02T20:23:31+00:00", "description": "We look at how people in the U.S. feel about their country and its institutions, according to NPR polling. In 2003, 70% said they're \"extremely proud\" to be American. By 2023, it was down to 39%.", "id": 808384, "language": "en-US", "link": "https://www.npr.org/2024/07/02/nx-s1-5025630/how-americans-feel-about-their-country-and-its-institutions", "manual_status_code": 0, "page_rating": 27, "page_rating_contents": 86, "page_rating_visits": 0, "page_rating_votes": 0, "permanent": false, "source": "https://feeds.npr.org/1001/rss.xml", "source_obj__id": 242, "status_code": 0, "tags": [], "thumbnail": null, "title": "How Americans feel about their country and its institutions", "user": null, "vote": 0}, {"age": null, "album": "", "artist": null, "bookmarked": false, "comments": [], "date_published": "2024-07-02T20:10:49+00:00", "description": "An official inquiry is under way to determine what caused the stampede at a religious gathering in northern India.", "id": 808096, "language": "en-US", "link": "https://www.npr.org/2024/07/02/nx-s1-5026729/india-stampede-deaths-hindu-event", "manual_status_code": 0, "page_rating": 27, "page_rating_contents": 86, "page_rating_visits": 0, "page_rating_votes": 0, "permanent": false, "source": "https://feeds.npr.org/1001/rss.xml", "source_obj__id": 242, "status_code": 0, "tags": [], "thumbnail": null, "title": "116 people are killed in one of India's deadliest stampedes", "user": null, "vote": 0}, {"age": null, "album": "", "artist": null, "bookmarked": false, "comments": [], "date_published": "2024-07-02T20:09:01+00:00", "description": "For the first time, the Supreme Court this week gave presidents a substantial amount of immunity from prosecution. Experts think it could have shielded Richard Nixon.", "id": 808097, "language": "en-US", "link": "https://www.npr.org/2024/07/02/nx-s1-5026444/what-the-supreme-courts-presidential-immunity-ruling-may-have-meant-for-nixon", "manual_status_code": 0, "page_rating": 27, "page_rating_contents": 86, "page_rating_visits": 0, "page_rating_votes": 0, "permanent": false, "source": "https://feeds.npr.org/1001/rss.xml", "source_obj__id": 242, "status_code": 0, "tags": [], "thumbnail": null, "title": "What the Supreme Court\u2019s presidential immunity ruling may have meant for Nixon", "user": null, "vote": 0}, {"age": null, "album": "", "artist": null, "bookmarked": false, "comments": [], "date_published": "2024-07-02T18:54:47+00:00", "description": "Read is accused of killing her boyfriend, but alleges a cover-up by his fellow cops. The high-drama case ended in a mistrial and with the lead investigator dismissed. Prosecutors now plan to retry it.", "id": 807650, "language": "en-US", "link": "https://www.npr.org/2024/07/02/nx-s1-5026443/karen-read-murder-trial-mistrial-explained", "manual_status_code": 0, "page_rating": 27, "page_rating_contents": 86, "page_rating_visits": 0, "page_rating_votes": 0, "permanent": false, "source": "https://feeds.npr.org/1001/rss.xml", "source_obj__id": 242, "status_code": 0, "tags": [], "thumbnail": null, "title": "Karen Read's high-drama murder trial ended with a hung jury. Here's what to know", "user": null, "vote": 0}, {"age": null, "album": "", "artist": null, "bookmarked": false, "comments": [], "date_published": "2024-07-02T18:36:03+00:00", "description": "The parole commission says Peltier, 79, will be eligible for another parole hearing in 2026. He's serving life in prison for killing two FBI agents during a standoff on the Pine Ridge Indian Reservation.", "id": 807651, "language": "en-US", "link": "https://www.npr.org/2024/07/02/nx-s1-5026755/leonard-peltier-denied-parole", "manual_status_code": 0, "page_rating": 27, "page_rating_contents": 86, "page_rating_visits": 0, "page_rating_votes": 0, "permanent": false, "source": "https://feeds.npr.org/1001/rss.xml", "source_obj__id": 242, "status_code": 0, "tags": [], "thumbnail": null, "title": "Indigenous activist Leonard Peltier denied parole for 1975 killings of 2 FBI agents", "user": null, "vote": 0}, {"age": null, "album": "", "artist": null, "bookmarked": false, "comments": [], "date_published": "2024-07-02T18:01:27+00:00", "description": "Rep. Lloyd Doggett represents a safe Texas seat. He says he had hopes President Biden's debate performance would give him a boost. \"It did not,\" Doggett said.", "id": 807204, "language": "en-US", "link": "https://www.npr.org/2024/07/02/nx-s1-5026728/first-democrat-calls-on-biden-to-withdraw-doggett-texas", "manual_status_code": 0, "page_rating": 27, "page_rating_contents": 86, "page_rating_visits": 0, "page_rating_votes": 0, "permanent": false, "source": "https://feeds.npr.org/1001/rss.xml", "source_obj__id": 242, "status_code": 0, "tags": [], "thumbnail": null, "title": "Rep. Doggett calls on Biden to withdraw. He's the first Democrat in Congress to do so", "user": null, "vote": 0}, {"age": null, "album": "", "artist": null, "bookmarked": false, "comments": [], "date_published": "2024-07-02T17:00:31+00:00", "description": "After tearing through parts of the southeast Caribbean, Beryl was tracking towards Jamaica on Tuesday with maximum sustained winds around 160 miles per hour.", "id": 807205, "language": "en-US", "link": "https://www.npr.org/2024/07/02/nx-s1-5026426/hurricane-beryl-jamaica-forecast", "manual_status_code": 0, "page_rating": 27, "page_rating_contents": 86, "page_rating_visits": 0, "page_rating_votes": 0, "permanent": false, "source": "https://feeds.npr.org/1001/rss.xml", "source_obj__id": 242, "status_code": 0, "tags": [], "thumbnail": null, "title": "Hurricane Beryl, now a powerful Category 5 storm, barrels toward Jamaica", "user": null, "vote": 0}, {"age": null, "album": "", "artist": null, "bookmarked": false, "comments": [], "date_published": "2024-07-02T13:49:51+00:00", "description": "Tubal ligations doubled in the 16 months following the <em>Dobbs </em>decision. Vasectomies also increased, but men still get sterilized much less often than women.<br />", "id": 805765, "language": "en-US", "link": "https://www.npr.org/sections/shots-health-news/2024/07/02/nx-s1-5025682/tubal-ligation-tied-vasectomy-ob-gyns-more-requests-sterilization-after-dobbs-roe-overturned", "manual_status_code": 0, "page_rating": 27, "page_rating_contents": 86, "page_rating_visits": 0, "page_rating_votes": 0, "permanent": false, "source": "https://feeds.npr.org/1001/rss.xml", "source_obj__id": 242, "status_code": 0, "tags": [], "thumbnail": null, "title": "How ob-gyns are handling more requests for sterilization after \u2018Roe\u2019 was overturned", "user": null, "vote": 0}, {"age": null, "album": "", "artist": null, "bookmarked": false, "comments": [], "date_published": "2024-07-02T13:10:50+00:00", "description": "Five common scenarios you may encounter while dining out with a large party \u2014 and how to handle the bill fairly while being considerate of your server.", "id": 805374, "language": "en-US", "link": "https://www.npr.org/2024/07/02/g-s1-7053/the-etiquette-of-splitting-the-check", "manual_status_code": 0, "page_rating": 27, "page_rating_contents": 86, "page_rating_visits": 0, "page_rating_votes": 0, "permanent": false, "source": "https://feeds.npr.org/1001/rss.xml", "source_obj__id": 242, "status_code": 0, "tags": [], "thumbnail": null, "title": "Dining out with a big group? Learn the social etiquette of splitting the check", "user": null, "vote": 0}, {"age": null, "album": "", "artist": null, "bookmarked": false, "comments": [], "date_published": "2024-07-02T12:01:36+00:00", "description": "The Supreme Court\u2019s ruling on presidential immunity is expected to delay Trump\u2019s Jan. 6 case until after the election. Plus, travel tips for a 4th of July that\u2019s set to break records.<br />", "id": 804973, "language": "en-US", "link": "https://www.npr.org/2024/07/02/g-s1-7670/up-first-newsletter-scotus-immunity-ruling-july-4th-travel-tips", "manual_status_code": 0, "page_rating": 27, "page_rating_contents": 86, "page_rating_visits": 0, "page_rating_votes": 0, "permanent": false, "source": "https://feeds.npr.org/1001/rss.xml", "source_obj__id": 242, "status_code": 0, "tags": [], "thumbnail": null, "title": "SCOTUS immunity ruling helps Trump, angers Democrats. Plus, July 4th travel tips", "user": null, "vote": 0}, {"age": null, "album": "", "artist": null, "bookmarked": false, "comments": [], "date_published": "2024-07-02T11:16:01+00:00", "description": "NPR's Michel Martin speaks with Rep. Bennie Thompson (D-Miss.), ex-chairman of the Jan. 6 committee, about the implications of the Supreme Court's decision for Donald Trump's immunity case.", "id": 804586, "language": "en-US", "link": "https://www.npr.org/2024/07/02/nx-s1-5025168/what-does-the-presidential-immunity-decision-mean-for-the-jan-6-case-against-trump", "manual_status_code": 0, "page_rating": 27, "page_rating_contents": 86, "page_rating_visits": 0, "page_rating_votes": 0, "permanent": false, "source": "https://feeds.npr.org/1001/rss.xml", "source_obj__id": 242, "status_code": 0, "tags": [], "thumbnail": null, "title": "What does the presidential immunity decision mean for the Jan. 6 case against Trump?", "user": null, "vote": 0}, {"age": null, "album": "", "artist": null, "bookmarked": false, "comments": [], "date_published": "2024-07-02T11:00:00+00:00", "description": "Schools like the University of Mississippi School of Medicine are trying to recruit more Black students. But they face a swell of Republican opposition to diversity, equity, and inclusion efforts.", "id": 804587, "language": "en-US", "link": "https://www.npr.org/sections/shots-health-news/2024/07/02/nx-s1-5025660/medical-schools-recruit-black-students-dei-doctors", "manual_status_code": 0, "page_rating": 27, "page_rating_contents": 86, "page_rating_visits": 0, "page_rating_votes": 0, "permanent": false, "source": "https://feeds.npr.org/1001/rss.xml", "source_obj__id": 242, "status_code": 0, "tags": [], "thumbnail": null, "title": "Med schools face a new obstacle in the push to train more Black doctors", "user": null, "vote": 0}, {"age": null, "album": "", "artist": null, "bookmarked": false, "comments": [], "date_published": "2024-07-02T10:30:00+00:00", "description": "Four years ago, Americans began creating new businesses at a record rate. The boom is still here, and it could be a great sign for the U.S. economy.", "id": 804588, "language": "en-US", "link": "https://www.npr.org/sections/planet-money/2024/07/02/g-s1-7139/economy-startup-boom-america-productivity", "manual_status_code": 0, "page_rating": 27, "page_rating_contents": 86, "page_rating_visits": 0, "page_rating_votes": 0, "permanent": false, "source": "https://feeds.npr.org/1001/rss.xml", "source_obj__id": 242, "status_code": 0, "tags": [], "thumbnail": null, "title": "America's startup boom is still going strong. Here's what it means for the economy", "user": null, "vote": 0}, {"age": null, "album": "", "artist": null, "bookmarked": false, "comments": [], "date_published": "2024-07-02T09:19:30+00:00", "description": "As part of Morning Edition's July 4th celebrations, we hear the stories of two new U.S. citizens, Joanne and Andy Daw who migrated from the U.K. What does it mean for them to be an American?", "id": 803956, "language": "en-US", "link": "https://www.npr.org/2024/07/02/nx-s1-5021768/stories-of-new-u-s-citizens-2-people-who-became-naturalized-citizens-on-flag-day", "manual_status_code": 0, "page_rating": 27, "page_rating_contents": 86, "page_rating_visits": 0, "page_rating_votes": 0, "permanent": false, "source": "https://feeds.npr.org/1001/rss.xml", "source_obj__id": 242, "status_code": 0, "tags": [], "thumbnail": null, "title": "Stories of new U.S. citizens: 2 people who became naturalized citizens on Flag Day", "user": null, "vote": 0}, {"age": null, "album": "", "artist": null, "bookmarked": false, "comments": [], "date_published": "2024-07-02T09:16:24+00:00", "description": "In California, a bill on artificial intelligence is drawing attention -- and criticism -- from the state's massive tech industry. NPR's A Martinez speaks with its sponsor, state Sen. Scott Wiener.", "id": 803957, "language": "en-US", "link": "https://www.npr.org/2024/07/02/nx-s1-5020317/calif-bill-would-take-steps-to-ensure-ai-models-wont-cause-catastrophic-events", "manual_status_code": 0, "page_rating": 27, "page_rating_contents": 86, "page_rating_visits": 0, "page_rating_votes": 0, "permanent": false, "source": "https://feeds.npr.org/1001/rss.xml", "source_obj__id": 242, "status_code": 0, "tags": [], "thumbnail": null, "title": "Calif. bill would take steps to ensure AI models won't cause catastrophic events", "user": null, "vote": 0}, {"age": null, "album": "", "artist": null, "bookmarked": false, "comments": [], "date_published": "2024-07-02T09:10:22+00:00", "description": "Riders who participate in InTandem Cycling in New York find out it's more than just riding a bike and more than just exercise. It's socialization, good for your mental health and its teamwork.", "id": 803958, "language": "en-US", "link": "https://www.npr.org/2024/07/02/nx-s1-5018682/nonprofit-pairs-sighted-riders-with-visually-impaired-riders-on-tandem-bikes-for-free", "manual_status_code": 0, "page_rating": 27, "page_rating_contents": 86, "page_rating_visits": 0, "page_rating_votes": 0, "permanent": false, "source": "https://feeds.npr.org/1001/rss.xml", "source_obj__id": 242, "status_code": 0, "tags": [], "thumbnail": null, "title": "Nonprofit pairs sighted riders with visually impaired riders on tandem bikes for free", "user": null, "vote": 0}, {"age": null, "album": "", "artist": null, "bookmarked": false, "comments": [], "date_published": "2024-07-02T08:33:40+00:00", "description": "With immunity ruling, the Supreme Court is again the focus of politics. Hurricane Beryl is so strong, in part because of record high ocean temps. Catholic Church names its first millennial saint.", "id": 803959, "language": "en-US", "link": "https://www.npr.org/2024/07/02/nx-s1-5020119/morning-news-brief", "manual_status_code": 0, "page_rating": 27, "page_rating_contents": 86, "page_rating_visits": 0, "page_rating_votes": 0, "permanent": false, "source": "https://feeds.npr.org/1001/rss.xml", "source_obj__id": 242, "status_code": 0, "tags": [], "thumbnail": null, "title": "Morning news brief", "user": null, "vote": 0}, {"age": null, "album": "", "artist": null, "bookmarked": false, "comments": [], "date_published": "2024-07-02T08:25:20+00:00", "description": "The visit comes the day after Hungary took over the rotating six-month presidency of the European Union, a position that has little real power but can be used to set the tone of the bloc's agenda.", "id": 803960, "language": "en-US", "link": "https://www.npr.org/2024/07/02/nx-s1-5026348/orban-hungary-ukraine-kyiv-meets-with-zelenskyy", "manual_status_code": 0, "page_rating": 27, "page_rating_contents": 86, "page_rating_visits": 0, "page_rating_votes": 0, "permanent": false, "source": "https://feeds.npr.org/1001/rss.xml", "source_obj__id": 242, "status_code": 0, "tags": [], "thumbnail": null, "title": "Hungary's Orb\u00e1n in Kyiv for talks with Zelenskyy in first visit since the war began", "user": null, "vote": 0}, {"age": null, "album": "", "artist": null, "bookmarked": false, "comments": [], "date_published": "2024-07-02T07:59:42+00:00", "description": "The Chinese coast guard boards vessels in waters China considers its own -- including waters around one Taiwanese island, where residents have long been caught in the middle of tensions with China.", "id": 803715, "language": "en-US", "link": "https://www.npr.org/2024/07/02/nx-s1-5005442/analysts-say-china-patrols-within-the-restricted-water-of-kinmen-to-intimidate-taiwan", "manual_status_code": 0, "page_rating": 27, "page_rating_contents": 86, "page_rating_visits": 0, "page_rating_votes": 0, "permanent": false, "source": "https://feeds.npr.org/1001/rss.xml", "source_obj__id": 242, "status_code": 0, "tags": [], "thumbnail": null, "title": "Analysts say China patrols within the restricted water of Kinmen to intimidate Taiwan", "user": null, "vote": 0}, {"age": null, "album": "", "artist": null, "bookmarked": false, "comments": [], "date_published": "2024-07-02T07:38:44+00:00", "description": "Boston is adorning trains with googly eyes. Silly, yes. Is it charming riders?", "id": 803716, "language": "en-US", "link": "https://www.npr.org/2024/07/02/nx-s1-5025191/boston-commuters-are-seeing-a-new-feature-on-their-trains-googly-eyes", "manual_status_code": 0, "page_rating": 27, "page_rating_contents": 86, "page_rating_visits": 0, "page_rating_votes": 0, "permanent": false, "source": "https://feeds.npr.org/1001/rss.xml", "source_obj__id": 242, "status_code": 0, "tags": [], "thumbnail": null, "title": "Boston commuters are seeing a new feature on their trains: googly eyes", "user": null, "vote": 0}, {"age": null, "album": "", "artist": null, "bookmarked": false, "comments": [], "date_published": "2024-07-02T07:36:47+00:00", "description": "The Supreme Court's opinion granting broad immunity to former President Trump from prosecution will likely place the court at the center of the presidential campaign.", "id": 803717, "language": "en-US", "link": "https://www.npr.org/2024/07/02/nx-s1-5025872/the-supreme-court-is-again-the-focus-of-politics-with-its-trump-immunity-ruling", "manual_status_code": 0, "page_rating": 27, "page_rating_contents": 86, "page_rating_visits": 0, "page_rating_votes": 0, "permanent": false, "source": "https://feeds.npr.org/1001/rss.xml", "source_obj__id": 242, "status_code": 0, "tags": [], "thumbnail": null, "title": "The Supreme Court is again the focus of politics with its Trump immunity ruling", "user": null, "vote": 0}, {"age": null, "album": "", "artist": null, "bookmarked": false, "comments": [], "date_published": "2024-07-02T07:34:25+00:00", "description": "NPR's Steve Inskeep speaks with senior CNN reporter Edward-Isaac Dovere about what it would take to get an alternative candidate for the Democratic presidential nomination.", "id": 803718, "language": "en-US", "link": "https://www.npr.org/2024/07/02/nx-s1-5025170/if-biden-were-to-end-his-reelection-bid-what-happens-next-for-democrats", "manual_status_code": 0, "page_rating": 27, "page_rating_contents": 86, "page_rating_visits": 0, "page_rating_votes": 0, "permanent": false, "source": "https://feeds.npr.org/1001/rss.xml", "source_obj__id": 242, "status_code": 0, "tags": [], "thumbnail": null, "title": "If Biden were to end his reelection bid, what happens next for Democrats?", "user": null, "vote": 0}, {"age": null, "album": "", "artist": null, "bookmarked": false, "comments": [], "date_published": "2024-07-02T07:29:31+00:00", "description": "Record rains in southern Brazil due to climate change have many officials thinking about relocating towns. That would be hard for many who don't want to leave despite inevitable reoccurring floods.", "id": 803719, "language": "en-US", "link": "https://www.npr.org/2024/07/02/nx-s1-5011978/brazils-extreme-weather-is-creating-the-likelihood-of-climate-change-refugees", "manual_status_code": 0, "page_rating": 27, "page_rating_contents": 86, "page_rating_visits": 0, "page_rating_votes": 0, "permanent": false, "source": "https://feeds.npr.org/1001/rss.xml", "source_obj__id": 242, "status_code": 0, "tags": [], "thumbnail": null, "title": "Brazil's extreme weather is creating the likelihood of climate change refugees", "user": null, "vote": 0}, {"age": null, "album": "", "artist": null, "bookmarked": false, "comments": [], "date_published": "2024-07-02T07:26:59+00:00", "description": "Hurricane Beryl is an unusually strong storm for this time of year and it gained strength unusually fast. That's in part because of record high ocean temperatures driven by climate change.", "id": 803720, "language": "en-US", "link": "https://www.npr.org/2024/07/02/nx-s1-5025129/record-temperatures-driven-by-climate-change-help-to-fuel-hurricane-beryl", "manual_status_code": 0, "page_rating": 27, "page_rating_contents": 86, "page_rating_visits": 0, "page_rating_votes": 0, "permanent": false, "source": "https://feeds.npr.org/1001/rss.xml", "source_obj__id": 242, "status_code": 0, "tags": [], "thumbnail": null, "title": "Record temperatures, driven by climate change, help to fuel Hurricane Beryl", "user": null, "vote": 0}, {"age": null, "album": "", "artist": null, "bookmarked": false, "comments": [], "date_published": "2024-07-02T07:25:19+00:00", "description": "The Catholic Church has approved for canonization its first millennial saint, Carlo Acutis. Known as God's Influencer, Acutis represents a new way to view sainthood in the modern era.", "id": 803721, "language": "en-US", "link": "https://www.npr.org/2024/07/02/nx-s1-5025184/teenager-who-died-in-2006-will-become-the-catholic-churchs-first-millennial-saint", "manual_status_code": 0, "page_rating": 27, "page_rating_contents": 86, "page_rating_visits": 0, "page_rating_votes": 0, "permanent": false, "source": "https://feeds.npr.org/1001/rss.xml", "source_obj__id": 242, "status_code": 0, "tags": [], "thumbnail": null, "title": "Teenager who died in 2006 will become the Catholic Church's first millennial saint", "user": null, "vote": 0}, {"age": null, "album": "", "artist": null, "bookmarked": false, "comments": [], "date_published": "2024-07-02T07:23:34+00:00", "description": "The U.S. men's soccer team is out of the Copa America with a loss to Uruguay in group play. The early exit adds to questions about the team's future as it co-hosts the World Cup in two years.", "id": 803722, "language": "en-US", "link": "https://www.npr.org/2024/07/02/nx-s1-5025895/the-u-s-is-eliminated-from-copa-america-with-a-1-0-loss-to-uruguay", "manual_status_code": 0, "page_rating": 27, "page_rating_contents": 86, "page_rating_visits": 0, "page_rating_votes": 0, "permanent": false, "source": "https://feeds.npr.org/1001/rss.xml", "source_obj__id": 242, "status_code": 0, "tags": [], "thumbnail": null, "title": "The U.S. is eliminated from Copa America with a 1-0 loss to Uruguay", "user": null, "vote": 0}, {"age": null, "album": "", "artist": null, "bookmarked": false, "comments": [], "date_published": "2024-07-02T06:23:26+00:00", "description": "As of March of this year, Chicken Soup for the Soul had about $414 million in assets and $970 million in debts. Shares for the public company have fallen more than 90% over the last year.", "id": 803496, "language": "en-US", "link": "https://www.npr.org/2024/07/02/nx-s1-5026335/redbox-chicken-soup-for-the-soul-chapter-11-bankruptcy", "manual_status_code": 0, "page_rating": 27, "page_rating_contents": 86, "page_rating_visits": 0, "page_rating_votes": 0, "permanent": false, "source": "https://feeds.npr.org/1001/rss.xml", "source_obj__id": 242, "status_code": 0, "tags": [], "thumbnail": null, "title": "Redbox owner Chicken Soup for the Soul files for Chapter 11 bankruptcy protection", "user": null, "vote": 0}, {"age": null, "album": "", "artist": null, "bookmarked": false, "comments": [], "date_published": "2024-07-02T06:13:26+00:00", "description": "Osaka will next play American Emma Navarro in the second round of the tournament.", "id": 803497, "language": "en-US", "link": "https://www.npr.org/2024/07/02/g-s1-7644/naomi-osaka-wimbledon-tennis", "manual_status_code": 0, "page_rating": 27, "page_rating_contents": 86, "page_rating_visits": 0, "page_rating_votes": 0, "permanent": false, "source": "https://feeds.npr.org/1001/rss.xml", "source_obj__id": 242, "status_code": 0, "tags": [], "thumbnail": null, "title": "Naomi Osaka wins her first Wimbledon tennis match in 6 years", "user": null, "vote": 0}, {"age": null, "album": "", "artist": null, "bookmarked": false, "comments": [], "date_published": "2024-07-02T06:00:39+00:00", "description": "Children are more than half of the nearly 580,000 people who have become homeless in the last four months, the U.N.'s children agency said.", "id": 803315, "language": "en-US", "link": "https://www.npr.org/2024/07/02/nx-s1-5026332/haiti-gang-violence-displaced-300-000-children-un-says", "manual_status_code": 0, "page_rating": 27, "page_rating_contents": 86, "page_rating_visits": 0, "page_rating_votes": 0, "permanent": false, "source": "https://feeds.npr.org/1001/rss.xml", "source_obj__id": 242, "status_code": 0, "tags": [], "thumbnail": null, "title": "Gang violence in Haiti has displaced 300,000 children, the United Nations says", "user": null, "vote": 0}, {"age": null, "album": "", "artist": null, "bookmarked": false, "comments": [], "date_published": "2024-07-02T05:30:37+00:00", "description": "U.S. District Judge James Cain, Jr. sided with the states, granting a preliminary injunction that puts the Biden administration\u2019s delay consideration of projects aimed at LNG exports on hold.", "id": 803316, "language": "en-US", "link": "https://www.npr.org/2024/07/02/g-s1-7645/judge-sides-with-16-states-putting-on-pause-bidens-delay-of-consideration-of-gas-export-projects", "manual_status_code": 0, "page_rating": 27, "page_rating_contents": 86, "page_rating_visits": 0, "page_rating_votes": 0, "permanent": false, "source": "https://feeds.npr.org/1001/rss.xml", "source_obj__id": 242, "status_code": 0, "tags": [], "thumbnail": null, "title": "Judge puts a pause on White House delay of consideration of gas export projects", "user": null, "vote": 0}, {"age": null, "album": "", "artist": null, "bookmarked": false, "comments": [], "date_published": "2024-07-02T04:27:31+00:00", "description": "The United States was eliminated from the Copa America with a 1-0 loss to Uruguay, a defeat sure to increase pressure to replace coach Gregg Berhalter before the 2026 World Cup.", "id": 803137, "language": "en-US", "link": "https://www.npr.org/2024/07/02/g-s1-7640/us-eliminated-copa-america", "manual_status_code": 0, "page_rating": 27, "page_rating_contents": 86, "page_rating_visits": 0, "page_rating_votes": 0, "permanent": false, "source": "https://feeds.npr.org/1001/rss.xml", "source_obj__id": 242, "status_code": 0, "tags": [], "thumbnail": null, "title": "The U.S. is eliminated from Copa America, increasing the pressure to fire its coach", "user": null, "vote": 0}, {"age": null, "album": "", "artist": null, "bookmarked": false, "comments": [], "date_published": "2024-07-02T00:07:14+00:00", "description": "The president said the court's decision puts \"virtually no limits on what a president can do.\"", "id": 802326, "language": "en-US", "link": "https://www.npr.org/2024/07/01/nx-s1-5025769/biden-scotus", "manual_status_code": 0, "page_rating": 27, "page_rating_contents": 86, "page_rating_visits": 0, "page_rating_votes": 0, "permanent": false, "source": "https://feeds.npr.org/1001/rss.xml", "source_obj__id": 242, "status_code": 0, "tags": [], "thumbnail": null, "title": "Biden says Supreme Court's immunity ruling 'undermines the rule of law'", "user": null, "vote": 0}]