[{"age": null, "album": "", "artist": null, "bookmarked": false, "comments": [], "date_published": "2024-07-02T17:34:05+00:00", "description": "<p>Extradited Medellin crime lord Diego Fernando Murillo, a.k.a. &#8220;Don Berna,&#8221; asked President Gustavo Petro to allow him to take part in peacebuilding efforts in Colombia. In a letter to the&#8230;</p>\n<p>The post <a href=\"https://colombiareports.com/medellins-extradited-crime-boss-wants-to-be-peace-promoter-in-colombia/\">Medellin&#8217;s extradited crime boss wants to be peace promoter in Colombia</a> appeared first on <a href=\"https://colombiareports.com\">Colombia News | Colombia Reports</a>.</p>", "id": 807403, "language": "en-US", "link": "https://colombiareports.com/medellins-extradited-crime-boss-wants-to-be-peace-promoter-in-colombia", "manual_status_code": 0, "page_rating": 29, "page_rating_contents": 90, "page_rating_visits": 0, "page_rating_votes": 0, "permanent": false, "source": "https://colombiareports.com/feed", "source_obj__id": 77, "status_code": 0, "tags": [], "thumbnail": null, "title": "Medellin\u2019s extradited crime boss wants to be peace promoter in Colombia", "user": null, "vote": 0}, {"age": null, "album": "", "artist": null, "bookmarked": false, "comments": [], "date_published": "2024-07-02T14:10:59+00:00", "description": "<p>Colombia&#8217;s police said they have arrested a founder and a regional chief of organized crime group Tren de Aragua over the past week. Last week, police arrested Salomon Fernandez, the&#8230;</p>\n<p>The post <a href=\"https://colombiareports.com/colombia-arrests-two-tren-de-aragua-bosses/\">Colombia arrests two Tren de Aragua bosses</a> appeared first on <a href=\"https://colombiareports.com\">Colombia News | Colombia Reports</a>.</p>", "id": 805987, "language": "en-US", "link": "https://colombiareports.com/colombia-arrests-two-tren-de-aragua-bosses", "manual_status_code": 0, "page_rating": 29, "page_rating_contents": 90, "page_rating_visits": 0, "page_rating_votes": 0, "permanent": false, "source": "https://colombiareports.com/feed", "source_obj__id": 77, "status_code": 0, "tags": [], "thumbnail": null, "title": "Colombia arrests two Tren de Aragua bosses", "user": null, "vote": 0}]