[{"age": null, "album": "", "artist": null, "bookmarked": false, "comments": [], "date_published": "2024-07-02T22:29:11+00:00", "description": "Hello guys and gals, it's me Mutahar again! This time we take a look at how Nintendo is going after a reseller of the Mig Switch cartridges by burying them financially and obtaining all the purchase records of people who've bought the newest technology that allows you to run game backups, me included. Thanks for watching!\nLike, Comment and Subscribe for more videos!", "id": 809002, "language": null, "link": "https://www.youtube.com/watch?v=oDmwQewr9TU", "manual_status_code": 0, "page_rating": 27, "page_rating_contents": 86, "page_rating_visits": 0, "page_rating_votes": 0, "permanent": false, "source": "https://www.youtube.com/feeds/videos.xml?channel_id=UCtMVHI3AJD4Qk4hcbZnI9ZQ", "source_obj__id": 309, "status_code": 0, "tags": [], "thumbnail": "https://i4.ytimg.com/vi/oDmwQewr9TU/hqdefault.jpg", "title": "Nintendo Could Take Legal Action Against Us...", "user": null, "vote": 0}, {"age": null, "album": "", "artist": null, "bookmarked": false, "comments": [], "date_published": "2024-07-02T03:16:15+00:00", "description": "", "id": 802899, "language": null, "link": "https://www.youtube.com/watch?v=GfECfXLIW-s", "manual_status_code": 0, "page_rating": 26, "page_rating_contents": 82, "page_rating_visits": 0, "page_rating_votes": 0, "permanent": false, "source": "https://www.youtube.com/feeds/videos.xml?channel_id=UCtMVHI3AJD4Qk4hcbZnI9ZQ", "source_obj__id": 309, "status_code": 0, "tags": [], "thumbnail": "https://i4.ytimg.com/vi/GfECfXLIW-s/hqdefault.jpg", "title": "I've Had a Pretty Wild Weekend...", "user": null, "vote": 0}]