[{"age": null, "album": "", "artist": null, "bookmarked": false, "comments": [], "date_published": "2024-07-02T21:32:44+00:00", "description": "I colorized , restored and I added a sky visual effect and created a sound design for this video of Vancouver, Canada 1920s, shows the city before the Second World War, with public transport and cars on streets full of pedestrians and cyclists. Other views of Vancouver's nature And these forests and the other And these forests and the lake, Then we have magnificent scenes at the beach,\n\nVideo Restoration Process:\n\u2714 FPS boosted to 60 frames per second \n\u2714 Image resolution boosted up to HD \n\u2714 Improved video sharpness and brightness \n\u2714 Colorized only for the ambiance (not historically accurate)\n\u2714sound design added only for the ambiance\n\u2714restoration:(stabilisation,denoise,cleand,deblur) \n\nPlease, be aware that colorization colors are not real and fake, colorization was made only for the ambiance and do not represent real historical data.\n\nB&amp;W Video Source: Library and Archives Canada, Jean-Jacques Joly fonds, 2006-0135 IDC 377634\n\n- - - - - - - - - - - - - - - - - - - -\n\ud83d\udce8 Contact me at", "id": 808779, "language": null, "link": "https://www.youtube.com/watch?v=SeSg7_UB0Pg", "manual_status_code": 0, "page_rating": 27, "page_rating_contents": 86, "page_rating_visits": 0, "page_rating_votes": 0, "permanent": false, "source": "https://www.youtube.com/feeds/videos.xml?channel_id=UC1W8ShdwtfgjRHdbl1Lctcw", "source_obj__id": 222, "status_code": 0, "tags": [], "thumbnail": "https://i4.ytimg.com/vi/SeSg7_UB0Pg/hqdefault.jpg", "title": "Vancouver, Canada 1920s in color [60fps,Remastered] w/sound design added", "user": null, "vote": 0}]