[{"age": null, "album": "", "artist": null, "bookmarked": false, "comments": [], "date_published": "2024-07-02T22:24:35+00:00", "description": "<p>Margalit Fox's new book uncovers the fascinating life and capers of Fredericka Mandelbaum, who fenced stolen property and orchestrated complicated jewel heists and bank robberies</p>\n<p>The post <a href=\"https://www.timesofisrael.com/how-a-jewish-german-woman-in-ny-became-americas-first-major-crime-boss-in-1859/\">How a Jewish German woman in NY became America&#8217;s first major crime boss in 1859</a> appeared first on <a href=\"https://www.timesofisrael.com\">The Times of Israel</a>.</p>\n<figure><img border=\"0\" class=\"type:primaryImage\" height=\"100\" src=\"https://static.timesofisrael.com/www/uploads/2024/06/BeFunky-collage3-24-2-1024x640.jpeg\" title=\"How a Jewish German woman in NY became America&#8217;s first major crime boss in 1859\" width=\"160\" /></figure>", "id": 808897, "language": "en-US", "link": "https://www.timesofisrael.com/how-a-jewish-german-woman-in-ny-became-americas-first-major-crime-boss-in-1859", "manual_status_code": 0, "page_rating": 27, "page_rating_contents": 86, "page_rating_visits": 0, "page_rating_votes": 0, "permanent": false, "source": "https://www.timesofisrael.com/feed", "source_obj__id": 358, "status_code": 0, "tags": [], "thumbnail": null, "title": "How a Jewish German woman in NY became America\u2019s first major crime boss in 1859", "user": null, "vote": 0}, {"age": null, "album": "", "artist": null, "bookmarked": false, "comments": [], "date_published": "2024-07-02T22:01:35+00:00", "description": "<p>Move said aimed at pacifying ICJ by showing Israel is prosecuting individuals for inflammatory comments amid war with Hamas; far-right minister: \u2018Deep state\u2019 trying to undermine me</p>\n<p>The post <a href=\"https://www.timesofisrael.com/state-prosecutor-seeking-probe-of-ben-gvir-for-anti-gazan-incitement-report/\">State prosecutor seeking probe of Ben Gvir for anti-Gazan incitement &#8212; report</a> appeared first on <a href=\"https://www.timesofisrael.com\">The Times of Israel</a>.</p>\n<figure><img border=\"0\" class=\"type:primaryImage\" height=\"100\" src=\"https://static.timesofisrael.com/www/uploads/2024/07/F240702CG04-e1719948957157-1024x640.jpg\" title=\"State prosecutor seeking probe of Ben Gvir for anti-Gazan incitement &#8212; report\" width=\"160\" /></figure>", "id": 808898, "language": "en-US", "link": "https://www.timesofisrael.com/state-prosecutor-seeking-probe-of-ben-gvir-for-anti-gazan-incitement-report", "manual_status_code": 0, "page_rating": 27, "page_rating_contents": 86, "page_rating_visits": 0, "page_rating_votes": 0, "permanent": false, "source": "https://www.timesofisrael.com/feed", "source_obj__id": 358, "status_code": 0, "tags": [], "thumbnail": null, "title": "State prosecutor seeking probe of Ben Gvir for anti-Gazan incitement \u2014 report", "user": null, "vote": 0}, {"age": null, "album": "", "artist": null, "bookmarked": false, "comments": [], "date_published": "2024-07-02T20:55:54+00:00", "description": "<p>State Department says all tax revenues must be transferred after finance minister agreed to partial release, adds corresponding banking deal should be extended for 12 months, not 4</p>\n<p>The post <a href=\"https://www.timesofisrael.com/us-nods-at-smotrichs-steps-to-ease-pa-financial-crisis-but-calls-them-insufficient/\">US nods at Smotrich&#8217;s steps to ease PA financial crisis, but calls them insufficient</a> appeared first on <a href=\"https://www.timesofisrael.com\">The Times of Israel</a>.</p>\n<figure><img border=\"0\" class=\"type:primaryImage\" height=\"100\" src=\"https://static.timesofisrael.com/www/uploads/2024/06/F221026GE17-1024x640.jpg\" title=\"US nods at Smotrich&#8217;s steps to ease PA financial crisis, but calls them insufficient\" width=\"160\" /></figure>", "id": 808700, "language": "en-US", "link": "https://www.timesofisrael.com/us-nods-at-smotrichs-steps-to-ease-pa-financial-crisis-but-calls-them-insufficient", "manual_status_code": 0, "page_rating": 27, "page_rating_contents": 86, "page_rating_visits": 0, "page_rating_votes": 0, "permanent": false, "source": "https://www.timesofisrael.com/feed", "source_obj__id": 358, "status_code": 0, "tags": [], "thumbnail": null, "title": "US nods at Smotrich\u2019s steps to ease PA financial crisis, but calls them insufficient", "user": null, "vote": 0}, {"age": null, "album": "", "artist": null, "bookmarked": false, "comments": [], "date_published": "2024-07-02T20:48:06+00:00", "description": "<p>Murdered by Hamas terrorists while fleeing the Psyduck music festival on October 7</p>\n<p>The post <a href=\"https://www.timesofisrael.com/yuval-ben-yehuda-26-dog-lover-was-the-sun-and-the-light/\">Yuval Ben Yehuda, 26: Dog lover was &#8216;the sun and the light&#8217;</a> appeared first on <a href=\"https://www.timesofisrael.com\">The Times of Israel</a>.</p>\n<figure><img border=\"0\" class=\"type:primaryImage\" height=\"100\" src=\"https://static.timesofisrael.com/www/uploads/2024/06/241665948_4943271079022193_3660838133819583098_n-e1718883917520-1024x640.jpg\" title=\"Yuval Ben Yehuda, 26: Dog lover was &#8216;the sun and the light&#8217;\" width=\"160\" /></figure>", "id": 808701, "language": "en-US", "link": "https://www.timesofisrael.com/yuval-ben-yehuda-26-dog-lover-was-the-sun-and-the-light", "manual_status_code": 0, "page_rating": 27, "page_rating_contents": 86, "page_rating_visits": 0, "page_rating_votes": 0, "permanent": false, "source": "https://www.timesofisrael.com/feed", "source_obj__id": 358, "status_code": 0, "tags": [], "thumbnail": null, "title": "Yuval Ben Yehuda, 26: Dog lover was \u2018the sun and the light\u2019", "user": null, "vote": 0}, {"age": null, "album": "", "artist": null, "bookmarked": false, "comments": [], "date_published": "2024-07-02T20:38:21+00:00", "description": "<p>Proposed legislation would ban UN's Palestinian aid agency from operating in Israel, remove employees' legal immunities and brand it a terrorist organization</p>\n<p>The post <a href=\"https://www.timesofisrael.com/knesset-committee-discusses-trio-of-bills-aimed-at-shutting-down-unrwa/\">Knesset committee discusses trio of bills aimed at shutting down UNRWA</a> appeared first on <a href=\"https://www.timesofisrael.com\">The Times of Israel</a>.</p>\n<figure><img border=\"0\" class=\"type:primaryImage\" height=\"100\" src=\"https://static.timesofisrael.com/www/uploads/2024/07/NOAM1739-1024x640.jpg\" title=\"Knesset committee discusses trio of bills aimed at shutting down UNRWA\" width=\"160\" /></figure>", "id": 808291, "language": "en-US", "link": "https://www.timesofisrael.com/knesset-committee-discusses-trio-of-bills-aimed-at-shutting-down-unrwa", "manual_status_code": 0, "page_rating": 27, "page_rating_contents": 86, "page_rating_visits": 0, "page_rating_votes": 0, "permanent": false, "source": "https://www.timesofisrael.com/feed", "source_obj__id": 358, "status_code": 0, "tags": [], "thumbnail": null, "title": "Knesset committee discusses trio of bills aimed at shutting down UNRWA", "user": null, "vote": 0}, {"age": null, "album": "", "artist": null, "bookmarked": false, "comments": [], "date_published": "2024-07-02T19:50:10+00:00", "description": "<p>But Naim Qassem is unclear how terror group would respond if war dies down without official truce; 15 rockets fired at Kiryat Shmona, sparking fires</p>\n<p>The post <a href=\"https://www.timesofisrael.com/hezbollahs-no-2-says-terror-group-will-halt-its-attacks-if-gaza-ceasefire-reached/\">Hezbollah&#8217;s No. 2 says terror group will halt its attacks if Gaza ceasefire reached</a> appeared first on <a href=\"https://www.timesofisrael.com\">The Times of Israel</a>.</p>\n<figure><img border=\"0\" class=\"type:primaryImage\" height=\"100\" src=\"https://static.timesofisrael.com/www/uploads/2024/07/AP24184541329385-1-e1719938048557-1024x640.jpg\" title=\"Hezbollah&#8217;s No. 2 says terror group will halt its attacks if Gaza ceasefire reached\" width=\"160\" /></figure>", "id": 808292, "language": "en-US", "link": "https://www.timesofisrael.com/hezbollahs-no-2-says-terror-group-will-halt-its-attacks-if-gaza-ceasefire-reached", "manual_status_code": 0, "page_rating": 27, "page_rating_contents": 86, "page_rating_visits": 0, "page_rating_votes": 0, "permanent": false, "source": "https://www.timesofisrael.com/feed", "source_obj__id": 358, "status_code": 0, "tags": [], "thumbnail": null, "title": "Hezbollah\u2019s No. 2 says terror group will halt its attacks if Gaza ceasefire reached", "user": null, "vote": 0}, {"age": null, "album": "", "artist": null, "bookmarked": false, "comments": [], "date_published": "2024-07-02T19:49:53+00:00", "description": "<p>Statement from Texan lawmaker is first in party, with 81-year-old US leader working to convince governors that he is of sound body and mind after halting, stumbling debate</p>\n<p>The post <a href=\"https://www.timesofisrael.com/house-democrat-publicly-urges-biden-to-quit-race-as-president-seeks-to-reassure-party/\">House Democrat publicly urges Biden to quit race, as president seeks to reassure party</a> appeared first on <a href=\"https://www.timesofisrael.com\">The Times of Israel</a>.</p>\n<figure><img border=\"0\" class=\"type:primaryImage\" height=\"100\" src=\"https://static.timesofisrael.com/www/uploads/2024/06/AP24180118723856-1024x640.jpg\" title=\"House Democrat publicly urges Biden to quit race, as president seeks to reassure party\" width=\"160\" /></figure>", "id": 808293, "language": "en-US", "link": "https://www.timesofisrael.com/house-democrat-publicly-urges-biden-to-quit-race-as-president-seeks-to-reassure-party", "manual_status_code": 0, "page_rating": 27, "page_rating_contents": 86, "page_rating_visits": 0, "page_rating_votes": 0, "permanent": false, "source": "https://www.timesofisrael.com/feed", "source_obj__id": 358, "status_code": 0, "tags": [], "thumbnail": null, "title": "House Democrat publicly urges Biden to quit race, as president seeks to reassure party", "user": null, "vote": 0}, {"age": null, "album": "", "artist": null, "bookmarked": false, "comments": [], "date_published": "2024-07-02T19:26:00+00:00", "description": "<p>Oversight board finds prohibition on the word 'shaheed,' sometimes used to honor terrorists, has failed to account for a broad range of meanings</p>\n<p>The post <a href=\"https://www.timesofisrael.com/meta-to-end-overbroad-ban-on-arabic-term-for-martyr-on-facebook-instagram/\">Meta to end &#8216;overbroad&#8217; ban on Arabic term for &#8216;martyr&#8217; on Facebook, Instagram</a> appeared first on <a href=\"https://www.timesofisrael.com\">The Times of Israel</a>.</p>\n<figure><img border=\"0\" class=\"type:primaryImage\" height=\"100\" src=\"https://static.timesofisrael.com/www/uploads/2024/03/AP24036560362261-1024x640.jpg\" title=\"Meta to end &#8216;overbroad&#8217; ban on Arabic term for &#8216;martyr&#8217; on Facebook, Instagram\" width=\"160\" /></figure>", "id": 807874, "language": "en-US", "link": "https://www.timesofisrael.com/meta-to-end-overbroad-ban-on-arabic-term-for-martyr-on-facebook-instagram", "manual_status_code": 0, "page_rating": 27, "page_rating_contents": 86, "page_rating_visits": 0, "page_rating_votes": 0, "permanent": false, "source": "https://www.timesofisrael.com/feed", "source_obj__id": 358, "status_code": 0, "tags": [], "thumbnail": null, "title": "Meta to end \u2018overbroad\u2019 ban on Arabic term for \u2018martyr\u2019 on Facebook, Instagram", "user": null, "vote": 0}, {"age": null, "album": "", "artist": null, "bookmarked": false, "comments": [], "date_published": "2024-07-02T19:25:49+00:00", "description": "<p>'They are basically asking for a blank check to appoint rabbis as they see fit,' says Rabbi Seth Farber; Shas MK argues bill 'not connected at all' to the controversial legislation</p>\n<p>The post <a href=\"https://www.timesofisrael.com/new-bill-on-funding-religious-councils-raises-concerns-over-revival-of-rabbis-bill/\">New bill on funding religious councils raises concerns over revival of Rabbis Bill</a> appeared first on <a href=\"https://www.timesofisrael.com\">The Times of Israel</a>.</p>\n<figure><img border=\"0\" class=\"type:primaryImage\" height=\"100\" src=\"https://static.timesofisrael.com/www/uploads/2024/07/D_ST4396-1024x640.jpg\" title=\"New bill on funding religious councils raises concerns over revival of Rabbis Bill\" width=\"160\" /></figure>", "id": 807875, "language": "en-US", "link": "https://www.timesofisrael.com/new-bill-on-funding-religious-councils-raises-concerns-over-revival-of-rabbis-bill", "manual_status_code": 0, "page_rating": 27, "page_rating_contents": 86, "page_rating_visits": 0, "page_rating_votes": 0, "permanent": false, "source": "https://www.timesofisrael.com/feed", "source_obj__id": 358, "status_code": 0, "tags": [], "thumbnail": null, "title": "New bill on funding religious councils raises concerns over revival of Rabbis Bill", "user": null, "vote": 0}, {"age": null, "album": "", "artist": null, "bookmarked": false, "comments": [], "date_published": "2024-07-02T18:20:09+00:00", "description": "<p>Liora Argamani laid to rest 3.5 weeks after daughter's rescue from Gaza; Noa thanks her for holding on so that they could be reunited one last time 'against all odds'</p>\n<p>The post <a href=\"https://www.timesofisrael.com/you-made-me-the-strong-person-i-am-says-ex-hostage-noa-argamani-at-mothers-funeral/\">&#8216;You made me the strong person I am,&#8217; says ex-hostage Noa Argamani at mother&#8217;s funeral</a> appeared first on <a href=\"https://www.timesofisrael.com\">The Times of Israel</a>.</p>\n<figure><img border=\"0\" class=\"type:primaryImage\" height=\"100\" src=\"https://static.timesofisrael.com/www/uploads/2024/07/F240702DG04-1024x640.jpg\" title=\"&#8216;You made me the strong person I am,&#8217; says ex-hostage Noa Argamani at mother&#8217;s funeral\" width=\"160\" /></figure>", "id": 807488, "language": "en-US", "link": "https://www.timesofisrael.com/you-made-me-the-strong-person-i-am-says-ex-hostage-noa-argamani-at-mothers-funeral", "manual_status_code": 0, "page_rating": 27, "page_rating_contents": 86, "page_rating_visits": 0, "page_rating_votes": 0, "permanent": false, "source": "https://www.timesofisrael.com/feed", "source_obj__id": 358, "status_code": 0, "tags": [], "thumbnail": null, "title": "\u2018You made me the strong person I am,\u2019 says ex-hostage Noa Argamani at mother\u2019s funeral", "user": null, "vote": 0}, {"age": null, "album": "", "artist": null, "bookmarked": false, "comments": [], "date_published": "2024-07-02T18:16:05+00:00", "description": "<p>Demonstrators hold up march for 45 minutes until organizers cancel event, citing public safety; police say they could have dealt with protest, but organizers said not to interfere</p>\n<p>The post <a href=\"https://www.timesofisrael.com/anti-israel-protesters-force-premature-end-to-toronto-pride-parade/\">Anti-Israel protesters force premature end to Toronto Pride Parade</a> appeared first on <a href=\"https://www.timesofisrael.com\">The Times of Israel</a>.</p>\n<figure><img border=\"0\" class=\"type:primaryImage\" height=\"100\" src=\"https://static.timesofisrael.com/www/uploads/2024/07/vlcsnap-2024-07-02-18h39m33s442-copy-1024x640.jpg\" title=\"Anti-Israel protesters force premature end to Toronto Pride Parade\" width=\"160\" /></figure>", "id": 807489, "language": "en-US", "link": "https://www.timesofisrael.com/anti-israel-protesters-force-premature-end-to-toronto-pride-parade", "manual_status_code": 0, "page_rating": 27, "page_rating_contents": 86, "page_rating_visits": 0, "page_rating_votes": 0, "permanent": false, "source": "https://www.timesofisrael.com/feed", "source_obj__id": 358, "status_code": 0, "tags": [], "thumbnail": null, "title": "Anti-Israel protesters force premature end to Toronto Pride Parade", "user": null, "vote": 0}, {"age": null, "album": "", "artist": null, "bookmarked": false, "comments": [], "date_published": "2024-07-02T17:26:06+00:00", "description": "<p>Jewish community groups slam 'act of antisemitic vandalism'; most headstones pushed over face down, making it difficult to notify families amid police probe</p>\n<p>The post <a href=\"https://www.timesofisrael.com/176-gravestones-vandalized-in-2-jewish-cemeteries-in-ohio/\">176 gravestones vandalized in 2 Jewish cemeteries in Ohio</a> appeared first on <a href=\"https://www.timesofisrael.com\">The Times of Israel</a>.</p>\n<figure><img border=\"0\" class=\"type:primaryImage\" height=\"100\" src=\"https://static.timesofisrael.com/www/uploads/2024/07/7-2-24-cemetery-e1719936479217-1024x640.jpg\" title=\"176 gravestones vandalized in 2 Jewish cemeteries in Ohio\" width=\"160\" /></figure>", "id": 807076, "language": "en-US", "link": "https://www.timesofisrael.com/176-gravestones-vandalized-in-2-jewish-cemeteries-in-ohio", "manual_status_code": 0, "page_rating": 27, "page_rating_contents": 86, "page_rating_visits": 0, "page_rating_votes": 0, "permanent": false, "source": "https://www.timesofisrael.com/feed", "source_obj__id": 358, "status_code": 0, "tags": [], "thumbnail": null, "title": "176 gravestones vandalized in 2 Jewish cemeteries in Ohio", "user": null, "vote": 0}, {"age": null, "album": "", "artist": null, "bookmarked": false, "comments": [], "date_published": "2024-07-02T17:20:49+00:00", "description": "<p>Jerusalem is trying to forge a path to non-Hamas governance, but hope of working with Strip's powerful families seem dampened by fears of retribution, as terror group still dominant</p>\n<p>The post <a href=\"https://www.timesofisrael.com/israel-wants-local-clans-to-run-gaza-after-the-war-but-the-candidates-are-refusing/\">Israel wants local clans to run Gaza after the war. But the candidates are refusing</a> appeared first on <a href=\"https://www.timesofisrael.com\">The Times of Israel</a>.</p>\n<figure><img border=\"0\" class=\"type:primaryImage\" height=\"100\" src=\"https://static.timesofisrael.com/www/uploads/2024/07/AP24067503565601-1024x640.jpg\" title=\"Israel wants local clans to run Gaza after the war. But the candidates are refusing\" width=\"160\" /></figure>", "id": 807077, "language": "en-US", "link": "https://www.timesofisrael.com/israel-wants-local-clans-to-run-gaza-after-the-war-but-the-candidates-are-refusing", "manual_status_code": 0, "page_rating": 27, "page_rating_contents": 86, "page_rating_visits": 0, "page_rating_votes": 0, "permanent": false, "source": "https://www.timesofisrael.com/feed", "source_obj__id": 358, "status_code": 0, "tags": [], "thumbnail": null, "title": "Israel wants local clans to run Gaza after the war. But the candidates are refusing", "user": null, "vote": 0}, {"age": null, "album": "", "artist": null, "bookmarked": false, "comments": [], "date_published": "2024-07-02T17:15:00+00:00", "description": "<p>Matanyahu Englman says mutual recriminations between government officials over release of Mohammad Abu Salmiya raise concerns of fundamental problem in decision-making processes</p>\n<p>The post <a href=\"https://www.timesofisrael.com/state-comptroller-to-mull-probing-failures-over-release-of-shifa-hospital-director/\">State comptroller to mull probing failures over release of Shifa Hospital director</a> appeared first on <a href=\"https://www.timesofisrael.com\">The Times of Israel</a>.</p>\n<figure><img border=\"0\" class=\"type:primaryImage\" height=\"100\" src=\"https://static.timesofisrael.com/www/uploads/2024/07/AFP__20240701__36263UZ__v1__HighRes__PalestinianIsraelConflictDetainees-e1719853700943-1024x640.jpg\" title=\"State comptroller to mull probing failures over release of Shifa Hospital director\" width=\"160\" /></figure>", "id": 807078, "language": "en-US", "link": "https://www.timesofisrael.com/state-comptroller-to-mull-probing-failures-over-release-of-shifa-hospital-director", "manual_status_code": 0, "page_rating": 27, "page_rating_contents": 86, "page_rating_visits": 0, "page_rating_votes": 0, "permanent": false, "source": "https://www.timesofisrael.com/feed", "source_obj__id": 358, "status_code": 0, "tags": [], "thumbnail": null, "title": "State comptroller to mull probing failures over release of Shifa Hospital director", "user": null, "vote": 0}, {"age": null, "album": "", "artist": null, "bookmarked": false, "comments": [], "date_published": "2024-07-02T16:28:11+00:00", "description": "<p>In latest sign of rift between Netanyahu and generals, NYT says security officials believe ceasefire is best way to release hostages; army responds it is committed to all war goals</p>\n<p>The post <a href=\"https://www.timesofisrael.com/report-says-idf-brass-backing-truce-even-if-it-leaves-hamas-in-power-pm-wont-happen/\">Report says IDF brass backing truce even if it leaves Hamas in power; PM: Won\u2019t happen</a> appeared first on <a href=\"https://www.timesofisrael.com\">The Times of Israel</a>.</p>\n<figure><img border=\"0\" class=\"type:primaryImage\" height=\"100\" src=\"https://static.timesofisrael.com/www/uploads/2024/07/AFP__20240702__362C9YZ__v1__HighRes__IsraelPalestinianConflict-e1719925512140-1024x640.jpg\" title=\"Report says IDF brass backing truce even if it leaves Hamas in power; PM: Won\u2019t happen\" width=\"160\" /></figure>", "id": 806574, "language": "en-US", "link": "https://www.timesofisrael.com/report-says-idf-brass-backing-truce-even-if-it-leaves-hamas-in-power-pm-wont-happen", "manual_status_code": 0, "page_rating": 27, "page_rating_contents": 86, "page_rating_visits": 0, "page_rating_votes": 0, "permanent": false, "source": "https://www.timesofisrael.com/feed", "source_obj__id": 358, "status_code": 0, "tags": [], "thumbnail": null, "title": "Report says IDF brass backing truce even if it leaves Hamas in power; PM: Won\u2019t happen", "user": null, "vote": 0}, {"age": null, "album": "", "artist": null, "bookmarked": false, "comments": [], "date_published": "2024-07-02T15:34:20+00:00", "description": "<p>Despite several large mega-funding deals over the past three months, the high-tech sector is struggling to raise money, according to research by RISE Israel</p>\n<p>The post <a href=\"https://www.timesofisrael.com/decline-in-investors-negative-sentiment-over-gaza-war-extremely-concerning-study/\">Decline in investors, negative sentiment over Gaza war &#8216;extremely concerning&#8217; \u2014 study</a> appeared first on <a href=\"https://www.timesofisrael.com\">The Times of Israel</a>.</p>\n<figure><img border=\"0\" class=\"type:primaryImage\" height=\"100\" src=\"https://static.timesofisrael.com/www/uploads/2016/03/herzliyapituach1-1024x640.jpg\" title=\"Decline in investors, negative sentiment over Gaza war &#8216;extremely concerning&#8217; \u2014 study\" width=\"160\" /></figure>", "id": 806575, "language": "en-US", "link": "https://www.timesofisrael.com/decline-in-investors-negative-sentiment-over-gaza-war-extremely-concerning-study", "manual_status_code": 0, "page_rating": 27, "page_rating_contents": 86, "page_rating_visits": 0, "page_rating_votes": 0, "permanent": false, "source": "https://www.timesofisrael.com/feed", "source_obj__id": 358, "status_code": 0, "tags": [], "thumbnail": null, "title": "Decline in investors, negative sentiment over Gaza war \u2018extremely concerning\u2019 \u2014 study", "user": null, "vote": 0}, {"age": null, "album": "", "artist": null, "bookmarked": false, "comments": [], "date_published": "2024-07-02T15:21:15+00:00", "description": "<p>Orthodox Jewish Israeli runner Beatie Deutsch cites missing Tokyo 2020 since race fell on Shabbat rest day, as competitors of multiple religions balance faith with sport</p>\n<p>The post <a href=\"https://www.timesofisrael.com/facing-hurdles-devout-athletes-want-sports-bodies-to-do-more-to-accommodate-religion/\">Facing hurdles, devout athletes want sports bodies to do more to accommodate religion</a> appeared first on <a href=\"https://www.timesofisrael.com\">The Times of Israel</a>.</p>\n<figure><img border=\"0\" class=\"type:primaryImage\" height=\"100\" src=\"https://static.timesofisrael.com/www/uploads/2024/07/AP24179321560621-1024x640.jpg\" title=\"Facing hurdles, devout athletes want sports bodies to do more to accommodate religion\" width=\"160\" /></figure>", "id": 806576, "language": "en-US", "link": "https://www.timesofisrael.com/facing-hurdles-devout-athletes-want-sports-bodies-to-do-more-to-accommodate-religion", "manual_status_code": 0, "page_rating": 27, "page_rating_contents": 86, "page_rating_visits": 0, "page_rating_votes": 0, "permanent": false, "source": "https://www.timesofisrael.com/feed", "source_obj__id": 358, "status_code": 0, "tags": [], "thumbnail": null, "title": "Facing hurdles, devout athletes want sports bodies to do more to accommodate religion", "user": null, "vote": 0}, {"age": null, "album": "", "artist": null, "bookmarked": false, "comments": [], "date_published": "2024-07-02T15:07:51+00:00", "description": "<p>Ami Dror said PM's home should be razed and all memory of him expunged; reported investigation comes after Herzog warns inflammatory rhetoric may lead to violence</p>\n<p>The post <a href=\"https://www.timesofisrael.com/incitement-probe-said-opened-against-prominent-activist-who-called-netanyahu-satan/\">Incitement probe said opened against prominent activist who called Netanyahu &#8216;Satan&#8217;</a> appeared first on <a href=\"https://www.timesofisrael.com\">The Times of Israel</a>.</p>\n<figure><img border=\"0\" class=\"type:primaryImage\" height=\"100\" src=\"https://static.timesofisrael.com/www/uploads/2024/07/Screenshot-2024-07-02-134255-e1719917610128-1024x640.png\" title=\"Incitement probe said opened against prominent activist who called Netanyahu &#8216;Satan&#8217;\" width=\"160\" /></figure>", "id": 806577, "language": "en-US", "link": "https://www.timesofisrael.com/incitement-probe-said-opened-against-prominent-activist-who-called-netanyahu-satan", "manual_status_code": 0, "page_rating": 27, "page_rating_contents": 86, "page_rating_visits": 0, "page_rating_votes": 0, "permanent": false, "source": "https://www.timesofisrael.com/feed", "source_obj__id": 358, "status_code": 0, "tags": [], "thumbnail": null, "title": "Incitement probe said opened against prominent activist who called Netanyahu \u2018Satan\u2019", "user": null, "vote": 0}, {"age": null, "album": "", "artist": null, "bookmarked": false, "comments": [], "date_published": "2024-07-02T14:11:15+00:00", "description": "<p>National Unity files bill to cancel lawmakers' summer break, but it needs coalition support to pass in time; hostage's daughter to MKs: 'There are 120 hostages and you're going free'</p>\n<p>The post <a href=\"https://www.timesofisrael.com/opposition-hostage-families-press-coalition-to-nix-upcoming-3-month-knesset-recess/\">Opposition, hostage families press coalition to nix upcoming 3-month Knesset recess</a> appeared first on <a href=\"https://www.timesofisrael.com\">The Times of Israel</a>.</p>\n<figure><img border=\"0\" class=\"type:primaryImage\" height=\"100\" src=\"https://static.timesofisrael.com/www/uploads/2024/07/F240701YS148-1024x640.jpg\" title=\"Opposition, hostage families press coalition to nix upcoming 3-month Knesset recess\" width=\"160\" /></figure>", "id": 805671, "language": "en-US", "link": "https://www.timesofisrael.com/opposition-hostage-families-press-coalition-to-nix-upcoming-3-month-knesset-recess", "manual_status_code": 0, "page_rating": 27, "page_rating_contents": 86, "page_rating_visits": 0, "page_rating_votes": 0, "permanent": false, "source": "https://www.timesofisrael.com/feed", "source_obj__id": 358, "status_code": 0, "tags": [], "thumbnail": null, "title": "Opposition, hostage families press coalition to nix upcoming 3-month Knesset recess", "user": null, "vote": 0}, {"age": null, "album": "", "artist": null, "bookmarked": false, "comments": [], "date_published": "2024-07-02T14:09:15+00:00", "description": "<p>Study appears to emphasize outlying malnutrition results, does not disclose mortality data, leading some experts to question the basis of its new projections</p>\n<p>The post <a href=\"https://www.timesofisrael.com/new-gaza-famine-report-reveals-grim-march-predictions-were-vastly-exaggerated/\">New Gaza famine report reveals grim March predictions were vastly exaggerated</a> appeared first on <a href=\"https://www.timesofisrael.com\">The Times of Israel</a>.</p>\n<figure><img border=\"0\" class=\"type:primaryImage\" height=\"100\" src=\"https://static.timesofisrael.com/www/uploads/2024/06/AP24167792861723-1024x640.jpg\" title=\"New Gaza famine report reveals grim March predictions were vastly exaggerated\" width=\"160\" /></figure>", "id": 805672, "language": "en-US", "link": "https://www.timesofisrael.com/new-gaza-famine-report-reveals-grim-march-predictions-were-vastly-exaggerated", "manual_status_code": 0, "page_rating": 27, "page_rating_contents": 86, "page_rating_visits": 0, "page_rating_votes": 0, "permanent": false, "source": "https://www.timesofisrael.com/feed", "source_obj__id": 358, "status_code": 0, "tags": [], "thumbnail": null, "title": "New Gaza famine report reveals grim March predictions were vastly exaggerated", "user": null, "vote": 0}, {"age": null, "album": "", "artist": null, "bookmarked": false, "comments": [], "date_published": "2024-07-02T13:33:50+00:00", "description": "<p>Rebel group says American oil tanker in Red Sea struck for 2nd time this week, along with other ships in Arabian, Mediterranean seas, Indian Ocean; claims not yet verified</p>\n<p>The post <a href=\"https://www.timesofisrael.com/yemens-houthis-claim-to-attack-israeli-us-uk-vessels-across-4-bodies-of-water/\">Yemen&#8217;s Houthis claim to attack Israeli, US, UK vessels across 4 bodies of water</a> appeared first on <a href=\"https://www.timesofisrael.com\">The Times of Israel</a>.</p>\n<figure><img border=\"0\" class=\"type:primaryImage\" height=\"100\" src=\"https://static.timesofisrael.com/www/uploads/2024/07/AFP__20240628__34ZP6WP__v1__HighRes__YemenPalestinianIsraelConflictProtest-e1719925237427-1024x640.jpg\" title=\"Yemen&#8217;s Houthis claim to attack Israeli, US, UK vessels across 4 bodies of water\" width=\"160\" /></figure>", "id": 805673, "language": "en-US", "link": "https://www.timesofisrael.com/yemens-houthis-claim-to-attack-israeli-us-uk-vessels-across-4-bodies-of-water", "manual_status_code": 0, "page_rating": 27, "page_rating_contents": 86, "page_rating_visits": 0, "page_rating_votes": 0, "permanent": false, "source": "https://www.timesofisrael.com/feed", "source_obj__id": 358, "status_code": 0, "tags": [], "thumbnail": null, "title": "Yemen\u2019s Houthis claim to attack Israeli, US, UK vessels across 4 bodies of water", "user": null, "vote": 0}, {"age": null, "album": "", "artist": null, "bookmarked": false, "comments": [], "date_published": "2024-07-02T13:25:36+00:00", "description": "<p>How Israel's war in Gaza has affected employment, quality of life, and private and public spending, and how this is expressed in the data</p>\n<p>The post <a href=\"https://www.timesofisrael.com/israels-economy-seems-to-be-doing-okay-but-is-everything-as-it-seems/\">Israel&#8217;s economy seems to be doing okay, but is everything as it seems?</a> appeared first on <a href=\"https://www.timesofisrael.com\">The Times of Israel</a>.</p>\n<figure><img border=\"0\" class=\"type:primaryImage\" height=\"100\" src=\"https://static.timesofisrael.com/www/uploads/2023/01/F201129MA15-1024x640.jpg\" title=\"Israel&#8217;s economy seems to be doing okay, but is everything as it seems?\" width=\"160\" /></figure>", "id": 805674, "language": "en-US", "link": "https://www.timesofisrael.com/israels-economy-seems-to-be-doing-okay-but-is-everything-as-it-seems", "manual_status_code": 0, "page_rating": 27, "page_rating_contents": 86, "page_rating_visits": 0, "page_rating_votes": 0, "permanent": false, "source": "https://www.timesofisrael.com/feed", "source_obj__id": 358, "status_code": 0, "tags": [], "thumbnail": null, "title": "Israel\u2019s economy seems to be doing okay, but is everything as it seems?", "user": null, "vote": 0}, {"age": null, "album": "", "artist": null, "bookmarked": false, "comments": [], "date_published": "2024-07-02T12:38:06+00:00", "description": "<p>On the verge of a sweeping win, the Labour Party is very different from the one pummeled at the polls in 2019, and Jewish Brits are as pleased as any about it</p>\n<p>The post <a href=\"https://www.timesofisrael.com/how-uks-starmer-shook-off-predecessor-corbyns-far-left-legacy-and-unpopularity/\">How UK&#8217;s Starmer shook off predecessor Corbyn\u2019s far-left legacy &#8212; and unpopularity</a> appeared first on <a href=\"https://www.timesofisrael.com\">The Times of Israel</a>.</p>\n<figure><img border=\"0\" class=\"type:primaryImage\" height=\"100\" src=\"https://static.timesofisrael.com/www/uploads/2024/07/AFP__20240626__34ZG8TV__v1__HighRes__BritainPoliticsElectionVoteDebate-1024x640.jpg\" title=\"How UK&#8217;s Starmer shook off predecessor Corbyn\u2019s far-left legacy &#8212; and unpopularity\" width=\"160\" /></figure>", "id": 805214, "language": "en-US", "link": "https://www.timesofisrael.com/how-uks-starmer-shook-off-predecessor-corbyns-far-left-legacy-and-unpopularity", "manual_status_code": 0, "page_rating": 27, "page_rating_contents": 86, "page_rating_visits": 0, "page_rating_votes": 0, "permanent": false, "source": "https://www.timesofisrael.com/feed", "source_obj__id": 358, "status_code": 0, "tags": [], "thumbnail": null, "title": "How UK\u2019s Starmer shook off predecessor Corbyn\u2019s far-left legacy \u2014 and unpopularity", "user": null, "vote": 0}, {"age": null, "album": "", "artist": null, "bookmarked": false, "comments": [], "date_published": "2024-07-02T12:14:45+00:00", "description": "<p>Master Sgt. (res.) Nadav Elchanan Knoller,\u00a0Maj. (res.) Eyal Avnion, killed in central Gaza; IDF assessments find vast majority of Strip's population now in 'humanitarian zone'</p>\n<p>The post <a href=\"https://www.timesofisrael.com/two-soldiers-killed-in-gaza-combat-as-idf-strikes-terror-targets-in-khan-younis/\">Two soldiers killed in Gaza combat as IDF strikes terror targets in Khan Younis</a> appeared first on <a href=\"https://www.timesofisrael.com\">The Times of Israel</a>.</p>\n<figure><img border=\"0\" class=\"type:primaryImage\" height=\"100\" src=\"https://static.timesofisrael.com/www/uploads/2024/07/fallen2-1024x640.jpeg\" title=\"Two soldiers killed in Gaza combat as IDF strikes terror targets in Khan Younis\" width=\"160\" /></figure>", "id": 805215, "language": "en-US", "link": "https://www.timesofisrael.com/two-soldiers-killed-in-gaza-combat-as-idf-strikes-terror-targets-in-khan-younis", "manual_status_code": 0, "page_rating": 27, "page_rating_contents": 86, "page_rating_visits": 0, "page_rating_votes": 0, "permanent": false, "source": "https://www.timesofisrael.com/feed", "source_obj__id": 358, "status_code": 0, "tags": [], "thumbnail": null, "title": "Two soldiers killed in Gaza combat as IDF strikes terror targets in Khan Younis", "user": null, "vote": 0}, {"age": null, "album": "", "artist": null, "bookmarked": false, "comments": [], "date_published": "2024-07-02T11:35:52+00:00", "description": "<p>Security officials say electric work critical for Israeli campaign against Hamas; vast majority of Gaza population now in humanitarian zone, where facility's water will be sent</p>\n<p>The post <a href=\"https://www.timesofisrael.com/israel-boosts-power-to-gaza-desalination-plant-in-bid-to-avert-humanitarian-crisis/\">Israel boosts power to Gaza desalination plant in bid to avert humanitarian crisis</a> appeared first on <a href=\"https://www.timesofisrael.com\">The Times of Israel</a>.</p>\n<figure><img border=\"0\" class=\"type:primaryImage\" height=\"100\" src=\"https://static.timesofisrael.com/www/uploads/2024/07/lineselecgaza-1024x640.jpg\" title=\"Israel boosts power to Gaza desalination plant in bid to avert humanitarian crisis\" width=\"160\" /></figure>", "id": 804817, "language": "en-US", "link": "https://www.timesofisrael.com/israel-boosts-power-to-gaza-desalination-plant-in-bid-to-avert-humanitarian-crisis", "manual_status_code": 0, "page_rating": 27, "page_rating_contents": 86, "page_rating_visits": 0, "page_rating_votes": 0, "permanent": false, "source": "https://www.timesofisrael.com/feed", "source_obj__id": 358, "status_code": 0, "tags": [], "thumbnail": null, "title": "Israel boosts power to Gaza desalination plant in bid to avert humanitarian crisis", "user": null, "vote": 0}, {"age": null, "album": "", "artist": null, "bookmarked": false, "comments": [], "date_published": "2024-07-02T10:42:44+00:00", "description": "<p>Though few pro-Palestinian independent candidates are likely to win a seat in parliament, organizers of 'The Muslim Vote' drive aim to send a message to larger parties </p>\n<p>The post <a href=\"https://www.timesofisrael.com/uk-campaigners-seek-to-harness-anger-at-gaza-war-among-muslim-voters/\">UK campaigners seek to harness anger at Gaza war among Muslim voters</a> appeared first on <a href=\"https://www.timesofisrael.com\">The Times of Israel</a>.</p>\n<figure><img border=\"0\" class=\"type:primaryImage\" height=\"100\" src=\"https://static.timesofisrael.com/www/uploads/2024/07/AFP__20240615__34WV28Z__v1__HighRes__WarInGazaThreatensLabourVoteAmongUkMuslimsAtGen-1024x640.jpg\" title=\"UK campaigners seek to harness anger at Gaza war among Muslim voters\" width=\"160\" /></figure>", "id": 804483, "language": "en-US", "link": "https://www.timesofisrael.com/uk-campaigners-seek-to-harness-anger-at-gaza-war-among-muslim-voters", "manual_status_code": 0, "page_rating": 27, "page_rating_contents": 86, "page_rating_visits": 0, "page_rating_votes": 0, "permanent": false, "source": "https://www.timesofisrael.com/feed", "source_obj__id": 358, "status_code": 0, "tags": [], "thumbnail": null, "title": "UK campaigners seek to harness anger at Gaza war among Muslim voters", "user": null, "vote": 0}, {"age": null, "album": "", "artist": null, "bookmarked": false, "comments": [], "date_published": "2024-07-02T10:10:28+00:00", "description": "<p>Moped rider Adi Mizrahi stabbed Yuri Volkov in the chest during an argument after almost running into victim's wife</p>\n<p>The post <a href=\"https://www.timesofisrael.com/holon-man-gets-16-years-for-stabbing-man-to-death-in-2022-road-rage-incident/\">Holon man gets 16 years for stabbing man to death in 2022 road rage incident</a> appeared first on <a href=\"https://www.timesofisrael.com\">The Times of Israel</a>.</p>\n<figure><img border=\"0\" class=\"type:primaryImage\" height=\"100\" src=\"https://static.timesofisrael.com/www/uploads/2024/07/F240129FFF21-1024x640.jpg\" title=\"Holon man gets 16 years for stabbing man to death in 2022 road rage incident\" width=\"160\" /></figure>", "id": 804484, "language": "en-US", "link": "https://www.timesofisrael.com/holon-man-gets-16-years-for-stabbing-man-to-death-in-2022-road-rage-incident", "manual_status_code": 0, "page_rating": 27, "page_rating_contents": 86, "page_rating_visits": 0, "page_rating_votes": 0, "permanent": false, "source": "https://www.timesofisrael.com/feed", "source_obj__id": 358, "status_code": 0, "tags": [], "thumbnail": null, "title": "Holon man gets 16 years for stabbing man to death in 2022 road rage incident", "user": null, "vote": 0}, {"age": null, "album": "", "artist": null, "bookmarked": false, "comments": [], "date_published": "2024-07-02T09:59:19+00:00", "description": "<p>Revolutionary Guard aerospace chief Amir Ali Hajizadeh says he doesn't know how many rockets would be used, but is 'hopeful' for opportunity to follow up April barrage of hundreds</p>\n<p>The post <a href=\"https://www.timesofisrael.com/iranian-general-says-itching-to-carry-out-another-direct-missile-attack-on-israel/\">Iranian general says itching to carry out another direct missile attack on Israel</a> appeared first on <a href=\"https://www.timesofisrael.com\">The Times of Israel</a>.</p>\n<figure><img border=\"0\" class=\"type:primaryImage\" height=\"100\" src=\"https://static.timesofisrael.com/www/uploads/2024/07/Screenshot-2024-07-02-at-12.12.47\u202fPM-e1719911728263-1024x640.jpeg\" title=\"Iranian general says itching to carry out another direct missile attack on Israel\" width=\"160\" /></figure>", "id": 804485, "language": "en-US", "link": "https://www.timesofisrael.com/iranian-general-says-itching-to-carry-out-another-direct-missile-attack-on-israel", "manual_status_code": 0, "page_rating": 27, "page_rating_contents": 86, "page_rating_visits": 0, "page_rating_votes": 0, "permanent": false, "source": "https://www.timesofisrael.com/feed", "source_obj__id": 358, "status_code": 0, "tags": [], "thumbnail": null, "title": "Iranian general says itching to carry out another direct missile attack on Israel", "user": null, "vote": 0}, {"age": null, "album": "", "artist": null, "bookmarked": false, "comments": [], "date_published": "2024-07-02T09:55:17+00:00", "description": "<p>Legal reporter Jeremy Sharon discusses how the army could address recruitment of ultra-Orthodox young men as per a High Court order, plus a ruling on Jordan Valley livestock</p>\n<p>The post <a href=\"https://www.timesofisrael.com/daily-briefing-july-2-day-270-how-the-idf-could-conscript-haredi-yeshiva-students/\">Daily Briefing July 2: Day 270 &#8211; How the IDF could conscript Haredi yeshiva students</a> appeared first on <a href=\"https://www.timesofisrael.com\">The Times of Israel</a>.</p>\n<figure><img border=\"0\" class=\"type:primaryImage\" height=\"100\" src=\"https://static.timesofisrael.com/www/uploads/2024/07/F240630CG156-1024x640.jpg\" title=\"Daily Briefing July 2: Day 270 &#8211; How the IDF could conscript Haredi yeshiva students\" width=\"160\" /></figure>", "id": 804486, "language": "en-US", "link": "https://www.timesofisrael.com/daily-briefing-july-2-day-270-how-the-idf-could-conscript-haredi-yeshiva-students", "manual_status_code": 0, "page_rating": 27, "page_rating_contents": 86, "page_rating_visits": 0, "page_rating_votes": 0, "permanent": false, "source": "https://www.timesofisrael.com/feed", "source_obj__id": 358, "status_code": 0, "tags": [], "thumbnail": null, "title": "Daily Briefing July 2: Day 270 \u2013 How the IDF could conscript Haredi yeshiva students", "user": null, "vote": 0}, {"age": null, "album": "", "artist": null, "bookmarked": false, "comments": [], "date_published": "2024-07-02T09:05:20+00:00", "description": "<p>Amichai Chikli claims Netanyahu shares his opinion that anti-immigration politician, who wants to limit public expressions of religion, is good for Israel</p>\n<p>The post <a href=\"https://www.timesofisrael.com/far-right-le-pen-would-be-excellent-as-french-president-says-likud-minister/\">Far-right Le Pen would be \u2018excellent\u2019 as French president, says Likud minister</a> appeared first on <a href=\"https://www.timesofisrael.com\">The Times of Israel</a>.</p>\n<figure><img border=\"0\" class=\"type:primaryImage\" height=\"100\" src=\"https://static.timesofisrael.com/www/uploads/2024/07/F240625CG123-1024x640.jpg\" title=\"Far-right Le Pen would be \u2018excellent\u2019 as French president, says Likud minister\" width=\"160\" /></figure>", "id": 804145, "language": "en-US", "link": "https://www.timesofisrael.com/far-right-le-pen-would-be-excellent-as-french-president-says-likud-minister", "manual_status_code": 0, "page_rating": 27, "page_rating_contents": 86, "page_rating_visits": 0, "page_rating_votes": 0, "permanent": false, "source": "https://www.timesofisrael.com/feed", "source_obj__id": 358, "status_code": 0, "tags": [], "thumbnail": null, "title": "Far-right Le Pen would be \u2018excellent\u2019 as French president, says Likud minister", "user": null, "vote": 0}, {"age": null, "album": "", "artist": null, "bookmarked": false, "comments": [], "date_published": "2024-07-02T06:42:06+00:00", "description": "<p>Data shows consumer prices in Israel second only to South Korea among 38 developed countries; telecom prices are the only bright spot, at 30% cheaper than average</p>\n<p>The post <a href=\"https://www.timesofisrael.com/food-and-beverage-prices-in-israel-52-higher-than-oecd-average-report/\">Food and beverage prices in Israel 52% higher than OECD average &#8212; report</a> appeared first on <a href=\"https://www.timesofisrael.com\">The Times of Israel</a>.</p>\n<figure><img border=\"0\" class=\"type:primaryImage\" height=\"100\" src=\"https://static.timesofisrael.com/www/uploads/2023/04/F220717YS14-1024x640.jpg\" title=\"Food and beverage prices in Israel 52% higher than OECD average &#8212; report\" width=\"160\" /></figure>", "id": 803630, "language": "en-US", "link": "https://www.timesofisrael.com/food-and-beverage-prices-in-israel-52-higher-than-oecd-average-report", "manual_status_code": 0, "page_rating": 27, "page_rating_contents": 86, "page_rating_visits": 0, "page_rating_votes": 0, "permanent": false, "source": "https://www.timesofisrael.com/feed", "source_obj__id": 358, "status_code": 0, "tags": [], "thumbnail": null, "title": "Food and beverage prices in Israel 52% higher than OECD average \u2014 report", "user": null, "vote": 0}, {"age": null, "album": "", "artist": null, "bookmarked": false, "comments": [], "date_published": "2024-07-02T06:37:49+00:00", "description": "<p>Contestants will compete under wild card system in boxing, judo, swimming, shooting and taekwondo events</p>\n<p>The post <a href=\"https://www.timesofisrael.com/six-athletes-including-one-woman-in-palestinian-team-for-paris-olympics/\">Six athletes, including one woman, in Palestinian team for Paris Olympics</a> appeared first on <a href=\"https://www.timesofisrael.com\">The Times of Israel</a>.</p>\n<figure><img border=\"0\" class=\"type:primaryImage\" height=\"100\" src=\"https://static.timesofisrael.com/www/uploads/2024/07/AP24183623748908-1024x640.jpg\" title=\"Six athletes, including one woman, in Palestinian team for Paris Olympics\" width=\"160\" /></figure>", "id": 803631, "language": "en-US", "link": "https://www.timesofisrael.com/six-athletes-including-one-woman-in-palestinian-team-for-paris-olympics", "manual_status_code": 0, "page_rating": 27, "page_rating_contents": 86, "page_rating_visits": 0, "page_rating_votes": 0, "permanent": false, "source": "https://www.timesofisrael.com/feed", "source_obj__id": 358, "status_code": 0, "tags": [], "thumbnail": null, "title": "Six athletes, including one woman, in Palestinian team for Paris Olympics", "user": null, "vote": 0}, {"age": null, "album": "", "artist": null, "bookmarked": false, "comments": [], "date_published": "2024-07-02T06:17:27+00:00", "description": "<p>Democrats seethe after judges rule 6-3 former US presidents immune from prosecution for 'official acts,' including parts of Jan. 6 insurrection, clearing hurdle for GOP candidate</p>\n<p>The post <a href=\"https://www.timesofisrael.com/the-president-is-now-a-king-us-supreme-court-grants-trump-near-total-immunity/\">&#8216;The President is now a king&#8217;: US Supreme Court grants Trump near-total immunity</a> appeared first on <a href=\"https://www.timesofisrael.com\">The Times of Israel</a>.</p>\n<figure><img border=\"0\" class=\"type:primaryImage\" height=\"100\" src=\"https://static.timesofisrael.com/www/uploads/2024/07/AFP__20240701__36288RK__v1__HighRes__UsVoteJusticeTrumpImmunity-e1719895036970-1024x640.jpg\" title=\"&#8216;The President is now a king&#8217;: US Supreme Court grants Trump near-total immunity\" width=\"160\" /></figure>", "id": 803439, "language": "en-US", "link": "https://www.timesofisrael.com/the-president-is-now-a-king-us-supreme-court-grants-trump-near-total-immunity", "manual_status_code": 0, "page_rating": 27, "page_rating_contents": 86, "page_rating_visits": 0, "page_rating_votes": 0, "permanent": false, "source": "https://www.timesofisrael.com/feed", "source_obj__id": 358, "status_code": 0, "tags": [], "thumbnail": null, "title": "\u2018The President is now a king\u2019: US Supreme Court grants Trump near-total immunity", "user": null, "vote": 0}, {"age": null, "album": "", "artist": null, "bookmarked": false, "comments": [], "date_published": "2024-07-02T06:16:25+00:00", "description": "<p>Judge says non-pregnant plaintiffs don't have standing to argue post-Roe v. Wade limitations on in-vitro fertilization infringe on their religious freedom</p>\n<p>The post <a href=\"https://www.timesofisrael.com/kentucky-court-rejects-jewish-womens-challenge-to-states-abortion-laws/\">Kentucky court rejects Jewish women&#8217;s challenge to state&#8217;s abortion laws</a> appeared first on <a href=\"https://www.timesofisrael.com\">The Times of Israel</a>.</p>\n<figure><img border=\"0\" class=\"type:primaryImage\" height=\"100\" src=\"https://static.timesofisrael.com/www/uploads/2024/07/AP24065116818524-e1719898929446-1024x640.jpg\" title=\"Kentucky court rejects Jewish women&#8217;s challenge to state&#8217;s abortion laws\" width=\"160\" /></figure>", "id": 803440, "language": "en-US", "link": "https://www.timesofisrael.com/kentucky-court-rejects-jewish-womens-challenge-to-states-abortion-laws", "manual_status_code": 0, "page_rating": 27, "page_rating_contents": 86, "page_rating_visits": 0, "page_rating_votes": 0, "permanent": false, "source": "https://www.timesofisrael.com/feed", "source_obj__id": 358, "status_code": 0, "tags": [], "thumbnail": null, "title": "Kentucky court rejects Jewish women\u2019s challenge to state\u2019s abortion laws", "user": null, "vote": 0}, {"age": null, "album": "", "artist": null, "bookmarked": false, "comments": [], "date_published": "2024-07-02T06:00:38+00:00", "description": "<p>On Oct. 7, Israel's $1 billion border fence sensors were blinded by cheap Hamas drones. Companies developing solutions claim they still face resistance from the defense establishment</p>\n<p>The post <a href=\"https://www.timesofisrael.com/in-war-with-low-tech-foe-startups-could-prevent-costly-failings-so-why-dont-they/\">In war with low-tech foe, startups could prevent costly failings &#8211; so why don&#8217;t they?</a> appeared first on <a href=\"https://www.timesofisrael.com\">The Times of Israel</a>.</p>\n<figure><img border=\"0\" class=\"type:primaryImage\" height=\"100\" src=\"https://static.timesofisrael.com/www/uploads/2023/10/33XP69D-highres-1024x640.jpg\" title=\"In war with low-tech foe, startups could prevent costly failings &#8211; so why don&#8217;t they?\" width=\"160\" /></figure>", "id": 803441, "language": "en-US", "link": "https://www.timesofisrael.com/in-war-with-low-tech-foe-startups-could-prevent-costly-failings-so-why-dont-they", "manual_status_code": 0, "page_rating": 27, "page_rating_contents": 86, "page_rating_visits": 0, "page_rating_votes": 0, "permanent": false, "source": "https://www.timesofisrael.com/feed", "source_obj__id": 358, "status_code": 0, "tags": [], "thumbnail": null, "title": "In war with low-tech foe, startups could prevent costly failings \u2013 so why don\u2019t they?", "user": null, "vote": 0}, {"age": null, "album": "", "artist": null, "bookmarked": false, "comments": [], "date_published": "2024-07-02T05:53:00+00:00", "description": "<p>Hospital says Liora Argamani spent her final days with her daughter, who was freed from captivity in Gaza last month in an IDF raid</p>\n<p>The post <a href=\"https://www.timesofisrael.com/mother-of-hostage-noa-argamani-dies-of-cancer-three-weeks-after-daughters-rescue/\">Mother of hostage Noa Argamani dies of cancer three weeks after daughter&#8217;s rescue</a> appeared first on <a href=\"https://www.timesofisrael.com\">The Times of Israel</a>.</p>\n<figure><img border=\"0\" class=\"type:primaryImage\" height=\"100\" src=\"https://static.timesofisrael.com/www/uploads/2023/11/Screen-Shot-2023-11-29-at-4.27.02-PM-1024x640.png\" title=\"Mother of hostage Noa Argamani dies of cancer three weeks after daughter&#8217;s rescue\" width=\"160\" /></figure>", "id": 803442, "language": "en-US", "link": "https://www.timesofisrael.com/mother-of-hostage-noa-argamani-dies-of-cancer-three-weeks-after-daughters-rescue", "manual_status_code": 0, "page_rating": 27, "page_rating_contents": 86, "page_rating_visits": 0, "page_rating_votes": 0, "permanent": false, "source": "https://www.timesofisrael.com/feed", "source_obj__id": 358, "status_code": 0, "tags": [], "thumbnail": null, "title": "Mother of hostage Noa Argamani dies of cancer three weeks after daughter\u2019s rescue", "user": null, "vote": 0}, {"age": null, "album": "", "artist": null, "bookmarked": false, "comments": [], "date_published": "2024-07-02T05:52:56+00:00", "description": "<p>Bringing together Jewish and Arab activists under slogan \u2018only peace can bring security,' event features historian Yuval Noah Harari and former MK Ayman Odeh as keynote speakers</p>\n<p>The post <a href=\"https://www.timesofisrael.com/at-tel-aviv-confab-israels-embattled-peace-camp-seeks-to-revive-itself-post-oct-7/\">At Tel Aviv confab, Israel&#8217;s embattled peace camp seeks to revive itself post-Oct. 7</a> appeared first on <a href=\"https://www.timesofisrael.com\">The Times of Israel</a>.</p>\n<figure><img border=\"0\" class=\"type:primaryImage\" height=\"100\" src=\"https://static.timesofisrael.com/www/uploads/2024/07/F240701TN44-1024x640.jpg\" title=\"At Tel Aviv confab, Israel&#8217;s embattled peace camp seeks to revive itself post-Oct. 7\" width=\"160\" /></figure>", "id": 803443, "language": "en-US", "link": "https://www.timesofisrael.com/at-tel-aviv-confab-israels-embattled-peace-camp-seeks-to-revive-itself-post-oct-7", "manual_status_code": 0, "page_rating": 27, "page_rating_contents": 86, "page_rating_visits": 0, "page_rating_votes": 0, "permanent": false, "source": "https://www.timesofisrael.com/feed", "source_obj__id": 358, "status_code": 0, "tags": [], "thumbnail": null, "title": "At Tel Aviv confab, Israel\u2019s embattled peace camp seeks to revive itself post-Oct. 7", "user": null, "vote": 0}, {"age": null, "album": "", "artist": null, "bookmarked": false, "comments": [], "date_published": "2024-07-02T03:30:31+00:00", "description": "<p>'The senseless scapegoating of Jews did not begin or end with the Holocaust,' say 7 museums after 'Genocide in Gaza' scrawled over photo of child who survived Nazi genocide</p>\n<p>The post <a href=\"https://www.timesofisrael.com/us-holocaust-museums-slam-vandalism-in-seattle-after-police-say-its-not-a-hate-crime/\">US Holocaust museums slam vandalism in Seattle after police say it&#8217;s not a hate crime</a> appeared first on <a href=\"https://www.timesofisrael.com\">The Times of Israel</a>.</p>\n<figure><img border=\"0\" class=\"type:primaryImage\" height=\"100\" src=\"https://static.timesofisrael.com/www/uploads/2024/07/7E68AC8C-BB55-4A8C-AA9B-F17869EC791B_1_201_a-e1719890206126-1024x640.jpeg\" title=\"US Holocaust museums slam vandalism in Seattle after police say it&#8217;s not a hate crime\" width=\"160\" /></figure>", "id": 803073, "language": "en-US", "link": "https://www.timesofisrael.com/us-holocaust-museums-slam-vandalism-in-seattle-after-police-say-its-not-a-hate-crime", "manual_status_code": 0, "page_rating": 27, "page_rating_contents": 86, "page_rating_visits": 0, "page_rating_votes": 0, "permanent": false, "source": "https://www.timesofisrael.com/feed", "source_obj__id": 358, "status_code": 0, "tags": [], "thumbnail": null, "title": "US Holocaust museums slam vandalism in Seattle after police say it\u2019s not a hate crime", "user": null, "vote": 0}, {"age": null, "album": "", "artist": null, "bookmarked": false, "comments": [], "date_published": "2024-07-02T02:52:03+00:00", "description": "<p>Probe said opened against protest leader who called for \u2018wiping out the memory of Netanyahu\u2019 * Biden slams US Supreme Court\u2019s immunity ruling, in first White House remarks since debate</p>\n<p>The post <a href=\"https://www.timesofisrael.com/liveblog-july-02-2024/\">Lufthansa Group suspends nighttime flights to Beirut amid Israel-Hezbollah fighting</a> appeared first on <a href=\"https://www.timesofisrael.com\">The Times of Israel</a>.</p>\n<figure><img border=\"0\" class=\"type:primaryImage\" height=\"100\" src=\"https://static.timesofisrael.com/www/uploads/2024/07/F240701AMA15-e1719888103364-1024x640.jpg\" title=\"Lufthansa Group suspends nighttime flights to Beirut amid Israel-Hezbollah fighting\" width=\"160\" /></figure>", "id": 802857, "language": "en-US", "link": "https://www.timesofisrael.com/liveblog-july-02-2024", "manual_status_code": 0, "page_rating": 27, "page_rating_contents": 86, "page_rating_visits": 0, "page_rating_votes": 0, "permanent": false, "source": "https://www.timesofisrael.com/feed", "source_obj__id": 358, "status_code": 0, "tags": [], "thumbnail": null, "title": "Lufthansa Group suspends nighttime flights to Beirut amid Israel-Hezbollah fighting", "user": null, "vote": 0}, {"age": null, "album": "", "artist": null, "bookmarked": false, "comments": [], "date_published": "2024-07-02T02:09:11+00:00", "description": "<p>Ron Shapira, who will replace Aharon Barak as Israel's ad hoc judge, has previously said The Hague-based court 'embodies and takes to the extreme all the flaws of legal discourse'</p>\n<p>The post <a href=\"https://www.timesofisrael.com/professor-who-called-icj-unworthy-of-any-trust-tapped-as-judge-in-genocide-case/\">Professor who called ICJ \u2018unworthy of any trust\u2019 tapped as judge in genocide case</a> appeared first on <a href=\"https://www.timesofisrael.com\">The Times of Israel</a>.</p>\n<figure><img border=\"0\" class=\"type:primaryImage\" height=\"100\" src=\"https://static.timesofisrael.com/www/uploads/2024/07/Ron-Shapira-e1719865541721-1024x640.jpeg\" title=\"Professor who called ICJ \u2018unworthy of any trust\u2019 tapped as judge in genocide case\" width=\"160\" /></figure>", "id": 802697, "language": "en-US", "link": "https://www.timesofisrael.com/professor-who-called-icj-unworthy-of-any-trust-tapped-as-judge-in-genocide-case", "manual_status_code": 0, "page_rating": 27, "page_rating_contents": 86, "page_rating_visits": 0, "page_rating_votes": 0, "permanent": false, "source": "https://www.timesofisrael.com/feed", "source_obj__id": 358, "status_code": 0, "tags": [], "thumbnail": null, "title": "Professor who called ICJ \u2018unworthy of any trust\u2019 tapped as judge in genocide case", "user": null, "vote": 0}, {"age": null, "album": "", "artist": null, "bookmarked": false, "comments": [], "date_published": "2024-07-02T01:28:17+00:00", "description": "<p>Low-tech innovation resulting in far quicker treatment earns surgeon Eyal Sela praise from Galilee Medical Center head, who hails initiative as 'thinking outside the box'</p>\n<p>The post <a href=\"https://www.timesofisrael.com/in-israeli-first-doctor-uses-metal-detector-to-find-shrapnel-in-wounded-soldiers/\">In Israeli first, doctor uses metal detector to find shrapnel in wounded soldiers</a> appeared first on <a href=\"https://www.timesofisrael.com\">The Times of Israel</a>.</p>\n<figure><img border=\"0\" class=\"type:primaryImage\" height=\"100\" src=\"https://static.timesofisrael.com/www/uploads/2024/06/Dr.-Eyal-Sela-with-the-metal-detector-credit_Roni-Albert-1-e1719480044755-1024x640.jpg\" title=\"In Israeli first, doctor uses metal detector to find shrapnel in wounded soldiers\" width=\"160\" /></figure>", "id": 802698, "language": "en-US", "link": "https://www.timesofisrael.com/in-israeli-first-doctor-uses-metal-detector-to-find-shrapnel-in-wounded-soldiers", "manual_status_code": 0, "page_rating": 27, "page_rating_contents": 86, "page_rating_visits": 0, "page_rating_votes": 0, "permanent": false, "source": "https://www.timesofisrael.com/feed", "source_obj__id": 358, "status_code": 0, "tags": [], "thumbnail": null, "title": "In Israeli first, doctor uses metal detector to find shrapnel in wounded soldiers", "user": null, "vote": 0}, {"age": null, "album": "", "artist": null, "bookmarked": false, "comments": [], "date_published": "2024-07-02T00:42:45+00:00", "description": "<p>Signaling fresh offensive, army publishes list of areas in southern Gaza city whose residents should leave for their safety; troops find, destroy major Islamic Jihad rocket factory</p>\n<p>The post <a href=\"https://www.timesofisrael.com/idf-tells-gazans-to-evacuate-some-khan-younis-neighborhoods-in-wake-of-rocket-attack/\">IDF tells Gazans to evacuate some Khan Younis neighborhoods in wake of rocket attack</a> appeared first on <a href=\"https://www.timesofisrael.com\">The Times of Israel</a>.</p>\n<figure><img border=\"0\" class=\"type:primaryImage\" height=\"100\" src=\"https://static.timesofisrael.com/www/uploads/2024/07/AP24183700041641-1024x640.jpg\" title=\"IDF tells Gazans to evacuate some Khan Younis neighborhoods in wake of rocket attack\" width=\"160\" /></figure>", "id": 802484, "language": "en-US", "link": "https://www.timesofisrael.com/idf-tells-gazans-to-evacuate-some-khan-younis-neighborhoods-in-wake-of-rocket-attack", "manual_status_code": 0, "page_rating": 27, "page_rating_contents": 86, "page_rating_visits": 0, "page_rating_votes": 0, "permanent": false, "source": "https://www.timesofisrael.com/feed", "source_obj__id": 358, "status_code": 0, "tags": [], "thumbnail": null, "title": "IDF tells Gazans to evacuate some Khan Younis neighborhoods in wake of rocket attack", "user": null, "vote": 0}]