[{"age": null, "album": "", "artist": null, "bookmarked": false, "comments": [], "date_published": "2024-07-02T16:00:37+00:00", "description": "Osio\u0142 atakuje m\u0142od\u0105 koz\u0119, kt\u00f3ra przypadkowo wesz\u0142a na jego wybieg, chwyta j\u0105 w z\u0119by i szarpi\u0105c nosi po ca\u0142ym wybiegu. Dlaczego os\u0142y s\u0105 tak agresywne?\n\n\ud83d\udc49 Patronite \u25ba https://patronite.pl/magia_natury\n__________\nAutor kana\u0142u nie ro\u015bci sobie praw do materia\u0142\u00f3w wykorzystanych w filmie. Materia\u0142y wykorzystane s\u0105 w ramach prawa dozwolonego u\u017cytku w celu zobrazowania, edukowania i lepszego zrozumienia zagadnienia lub pochodz\u0105 z serwis\u00f3w udost\u0119pniaj\u0105cych darmowe materia\u0142y.\n\nThe author of the channel does not claim any rights to the material used in the video. The materials are used under fair use law to illustrate, educate and better understand the issue, or they come from websites that provide free materials.", "id": 806668, "language": null, "link": "https://www.youtube.com/watch?v=eSXO1V32D50", "manual_status_code": 0, "page_rating": 27, "page_rating_contents": 86, "page_rating_visits": 0, "page_rating_votes": 0, "permanent": false, "source": "https://www.youtube.com/feeds/videos.xml?channel_id=UCfDX69pxC4q6yKSaugs196g", "source_obj__id": 461, "status_code": 0, "tags": [], "thumbnail": "https://i2.ytimg.com/vi/eSXO1V32D50/hqdefault.jpg", "title": "Osio\u0142 Chwyta w Szcz\u0119ki Ko\u017al\u0119", "user": null, "vote": 0}]