[{"age": null, "album": "", "artist": null, "bookmarked": false, "comments": [], "date_published": "2024-07-02T16:00:00+00:00", "description": "<p>n my showcase post today, I&#8217;m presenting my version of Sister Tariana Palos. Painted in the golden armour of The Order of the Golden Light, she is one of my favourite models from the Adepta Sororitas range. Click here for more pictures, a 360-degree view,...</p>\n<p>The post <a href=\"https://taleofpainters.com/2024/07/showcase-sisters-of-battle-tariana-palos-inc-tutorial/\">Showcase: Sisters of Battle Tariana Palos (inc. tutorial)</a> appeared first on <a href=\"https://taleofpainters.com\">Tale of Painters</a>.</p>", "id": 806694, "language": "en-GB", "link": "https://taleofpainters.com/2024/07/showcase-sisters-of-battle-tariana-palos-inc-tutorial", "manual_status_code": 0, "page_rating": 29, "page_rating_contents": 91, "page_rating_visits": 0, "page_rating_votes": 0, "permanent": false, "source": "https://taleofpainters.com/feed", "source_obj__id": 323, "status_code": 0, "tags": [], "thumbnail": "https://taleofpainters.com/wp-content/uploads/2024/07/Sisters_of_Battle_Tariana_Palos_gold_armour_cinematic_shot_featured.jpg", "title": "Showcase: Sisters of Battle Tariana Palos (inc. tutorial)", "user": null, "vote": 0}]