[{"age": null, "album": "", "artist": null, "bookmarked": false, "comments": [], "date_published": "2024-07-02T22:49:16+00:00", "description": "Hannah, a 13-year-old white rhinoceros, has delivered a newborn calf in a rare zoo birth for the almost endangered species.", "id": 809010, "language": "en-UK", "link": "https://time.com/6994693/white-rhino-born-chilean-zoo-endangered-species", "manual_status_code": 0, "page_rating": 32, "page_rating_contents": 100, "page_rating_visits": 0, "page_rating_votes": 0, "permanent": false, "source": "https://time.com/feed", "source_obj__id": 316, "status_code": 0, "tags": [], "thumbnail": null, "title": "White Rhino Born in a Chilean Zoo Gives Boost to the Near-Endangered Species", "user": null, "vote": 0}, {"age": null, "album": "", "artist": null, "bookmarked": false, "comments": [], "date_published": "2024-07-02T22:39:37+00:00", "description": "Federal health officials are\u00a0investigating a possible death\u00a0and dozens of illnesses tied to recalled \u201cmicrodosing\u201d candies laced with a chemical found in mushrooms.", "id": 809011, "language": "en-UK", "link": "https://time.com/6994682/diamond-shruumz-microdosing-candies-death-illnesses-fda", "manual_status_code": 0, "page_rating": 32, "page_rating_contents": 100, "page_rating_visits": 0, "page_rating_votes": 0, "permanent": false, "source": "https://time.com/feed", "source_obj__id": 316, "status_code": 0, "tags": [], "thumbnail": null, "title": "Diamond Shruumz Microdosing Candies May Be Linked to Death and Dozen of Illnesses, FDA Says", "user": null, "vote": 0}, {"age": null, "album": "", "artist": null, "bookmarked": false, "comments": [], "date_published": "2024-07-02T22:30:39+00:00", "description": "U.S. new-vehicle sales rose only slightly in the second quarter, despite larger discounts and slightly lower prices.", "id": 809012, "language": "en-UK", "link": "https://time.com/6994677/new-vehicle-sales-barely-rose-second-quarter", "manual_status_code": 0, "page_rating": 32, "page_rating_contents": 100, "page_rating_visits": 0, "page_rating_votes": 0, "permanent": false, "source": "https://time.com/feed", "source_obj__id": 316, "status_code": 0, "tags": [], "thumbnail": null, "title": "New Vehicle Sales Barely Rose in the Second Quarter, Despite Deals", "user": null, "vote": 0}, {"age": null, "album": "", "artist": null, "bookmarked": false, "comments": [], "date_published": "2024-07-02T22:08:36+00:00", "description": "Eli Lilly's new drug, donanemab, targets amyloid proteins and slows cognitive decline more than others in its class.", "id": 808736, "language": "en-UK", "link": "https://time.com/6993586/donanemab-effective-alzheimers-drug", "manual_status_code": 0, "page_rating": 32, "page_rating_contents": 100, "page_rating_visits": 0, "page_rating_votes": 0, "permanent": false, "source": "https://time.com/feed", "source_obj__id": 316, "status_code": 0, "tags": [], "thumbnail": null, "title": "A New Alzheimer\u2019s Drug May Be the Most Effective One Yet", "user": null, "vote": 0}, {"age": null, "album": "", "artist": null, "bookmarked": false, "comments": [], "date_published": "2024-07-02T20:57:26+00:00", "description": "Here are the most prominent Democrats to urge Biden to withdraw so far.", "id": 808345, "language": "en-UK", "link": "https://time.com/6994628/democrats-biden-drop-out", "manual_status_code": 0, "page_rating": 32, "page_rating_contents": 100, "page_rating_visits": 0, "page_rating_votes": 0, "permanent": false, "source": "https://time.com/feed", "source_obj__id": 316, "status_code": 0, "tags": [], "thumbnail": null, "title": "The Democrats Calling For Biden to Withdraw From the 2024 Election", "user": null, "vote": 0}, {"age": null, "album": "", "artist": null, "bookmarked": false, "comments": [], "date_published": "2024-07-02T20:38:17+00:00", "description": "\"Let\u2019s deal with what we\u2019ve got,\" Harris said at a recent fundraiser.", "id": 808346, "language": "en-UK", "link": "https://time.com/6994583/kamala-harris-doggett-poll", "manual_status_code": 0, "page_rating": 32, "page_rating_contents": 100, "page_rating_visits": 0, "page_rating_votes": 0, "permanent": false, "source": "https://time.com/feed", "source_obj__id": 316, "status_code": 0, "tags": [], "thumbnail": null, "title": "Kamala Harris\u2019 Balancing Act", "user": null, "vote": 0}, {"age": null, "album": "", "artist": null, "bookmarked": false, "comments": [], "date_published": "2024-07-02T19:51:21+00:00", "description": "\"Is this an episode or is this a condition?\" asked Nancy Pelosi.", "id": 808059, "language": "en-UK", "link": "https://time.com/6994546/biden-doggett-pelosi-debate", "manual_status_code": 0, "page_rating": 32, "page_rating_contents": 100, "page_rating_visits": 0, "page_rating_votes": 0, "permanent": false, "source": "https://time.com/feed", "source_obj__id": 316, "status_code": 0, "tags": [], "thumbnail": null, "title": "Democrats Are Finally Saying It Aloud: Biden Might Not Be Up For This", "user": null, "vote": 0}, {"age": null, "album": "", "artist": null, "bookmarked": false, "comments": [], "date_published": "2024-07-02T18:37:17+00:00", "description": "The Food and Drug Administration approved Eli Lilly\u2019s Kisunla for mild or early cases of dementia caused by Alzheimer\u2019s.", "id": 808060, "language": "en-UK", "link": "https://time.com/6994563/fda-approve-eli-lilly-alzheimers-drug", "manual_status_code": 0, "page_rating": 32, "page_rating_contents": 100, "page_rating_visits": 0, "page_rating_votes": 0, "permanent": false, "source": "https://time.com/feed", "source_obj__id": 316, "status_code": 0, "tags": [], "thumbnail": null, "title": "FDA Approves Second Alzheimer\u2019s Drug That Can Modestly Slow Disease", "user": null, "vote": 0}, {"age": null, "album": "", "artist": null, "bookmarked": false, "comments": [], "date_published": "2024-07-02T17:37:11+00:00", "description": "Playing sleep limbo\u2014how long can you go?\u2014is a dangerous game.", "id": 807620, "language": "en-UK", "link": "https://time.com/6994478/how-much-sleep-do-you-need", "manual_status_code": 0, "page_rating": 32, "page_rating_contents": 100, "page_rating_visits": 0, "page_rating_votes": 0, "permanent": false, "source": "https://time.com/feed", "source_obj__id": 316, "status_code": 0, "tags": [], "thumbnail": null, "title": "What\u2019s the Least Amount of Sleep You Need to Get?", "user": null, "vote": 0}, {"age": null, "album": "", "artist": null, "bookmarked": false, "comments": [], "date_published": "2024-07-02T16:32:04+00:00", "description": "Victims of a serial sperm donor featured in a new documentary speak out on the dangers of fertility fraud and how it changed their lives forever.", "id": 806630, "language": "en-UK", "link": "https://time.com/6991846/the-man-with-1000-kids-true-story-netflix", "manual_status_code": 0, "page_rating": 32, "page_rating_contents": 100, "page_rating_visits": 0, "page_rating_votes": 0, "permanent": false, "source": "https://time.com/feed", "source_obj__id": 316, "status_code": 0, "tags": [], "thumbnail": null, "title": "Victims Behind\u00a0Netflix\u2019s The Man With 1000 Kids\u00a0Speak Out on the Dangers of Serial Sperm Donors", "user": null, "vote": 0}, {"age": null, "album": "", "artist": null, "bookmarked": false, "comments": [], "date_published": "2024-07-02T16:00:00+00:00", "description": "The Franco-American alliance first flourished in Newport, R.I., helping to win the U.S. to win independence.", "id": 806631, "language": "en-UK", "link": "https://time.com/6992001/rhode-island-franco-american-alliance", "manual_status_code": 0, "page_rating": 32, "page_rating_contents": 100, "page_rating_visits": 0, "page_rating_votes": 0, "permanent": false, "source": "https://time.com/feed", "source_obj__id": 316, "status_code": 0, "tags": [], "thumbnail": null, "title": "The Deep Roots of the Franco-American Alliance", "user": null, "vote": 0}, {"age": null, "album": "", "artist": null, "bookmarked": false, "comments": [], "date_published": "2024-07-02T15:48:18+00:00", "description": "Jeffrey Sonnenfeld and Steven Tian give five lessons on how Joe Biden can get back on track before his campaign spirals out of control.", "id": 806632, "language": "en-UK", "link": "https://time.com/6994479/biden-debate-campaign", "manual_status_code": 0, "page_rating": 32, "page_rating_contents": 100, "page_rating_visits": 0, "page_rating_votes": 0, "permanent": false, "source": "https://time.com/feed", "source_obj__id": 316, "status_code": 0, "tags": [], "thumbnail": null, "title": "Should Joe Biden Stop His Presidential Campaign? Here\u2019s How He Can Still Fire Back", "user": null, "vote": 0}, {"age": null, "album": "", "artist": null, "bookmarked": false, "comments": [], "date_published": "2024-07-02T15:41:00+00:00", "description": "Rudy Giuliani was disbarred in New York after a court found he repeatedly made false statements about Donald Trump's 2020 election loss.", "id": 806633, "language": "en-UK", "link": "https://time.com/6994507/rudy-giuliani-disbarred-new-york", "manual_status_code": 0, "page_rating": 32, "page_rating_contents": 100, "page_rating_visits": 0, "page_rating_votes": 0, "permanent": false, "source": "https://time.com/feed", "source_obj__id": 316, "status_code": 0, "tags": [], "thumbnail": null, "title": "Rudy Giuliani Disbarred in NY After Lies About Trump\u2019s 2020 Election Loss", "user": null, "vote": 0}, {"age": null, "album": "", "artist": null, "bookmarked": false, "comments": [], "date_published": "2024-07-02T15:34:49+00:00", "description": "To include anti-tank weapons, interceptors and munitions for Patriot and other air defense systems.", "id": 806634, "language": "en-UK", "link": "https://time.com/6994503/lloyd-austin-us-additional-ukraine-aid", "manual_status_code": 0, "page_rating": 32, "page_rating_contents": 100, "page_rating_visits": 0, "page_rating_votes": 0, "permanent": false, "source": "https://time.com/feed", "source_obj__id": 316, "status_code": 0, "tags": [], "thumbnail": null, "title": "Defense Secretary Austin Says U.S. Will Provide $2.3 Billion More in Military Aid to Ukraine", "user": null, "vote": 0}, {"age": null, "album": "", "artist": null, "bookmarked": false, "comments": [], "date_published": "2024-07-02T13:07:10+00:00", "description": "It is the earliest major hurricane to reach Category 5 intensity in the Atlantic Ocean. Here's what to know.", "id": 805290, "language": "en-UK", "link": "https://time.com/6994446/hurricane-beryl-shatters-storm-records", "manual_status_code": 0, "page_rating": 32, "page_rating_contents": 100, "page_rating_visits": 0, "page_rating_votes": 0, "permanent": false, "source": "https://time.com/feed", "source_obj__id": 316, "status_code": 0, "tags": [], "thumbnail": null, "title": "How Hurricane Beryl Is Shattering Storm Records", "user": null, "vote": 0}, {"age": null, "album": "", "artist": null, "bookmarked": false, "comments": [], "date_published": "2024-07-02T12:18:01+00:00", "description": "North Korea said Tuesday it had test-fired a new tactical ballistic missile, a claim disputed by South Korean officials and experts.", "id": 804933, "language": "en-UK", "link": "https://time.com/6994435/north-korea-warhead", "manual_status_code": 0, "page_rating": 32, "page_rating_contents": 100, "page_rating_visits": 0, "page_rating_votes": 0, "permanent": false, "source": "https://time.com/feed", "source_obj__id": 316, "status_code": 0, "tags": [], "thumbnail": null, "title": "North Korea Brags of New Missile With \u2018Super-Large Warhead.\u2019 Here\u2019s What to Know", "user": null, "vote": 0}, {"age": null, "album": "", "artist": null, "bookmarked": false, "comments": [], "date_published": "2024-07-02T12:01:31+00:00", "description": "More than 150 people were also admitted to hospitals after the crush in a village in Hathras district of Uttar Pradesh state.", "id": 804934, "language": "en-UK", "link": "https://time.com/6994432/deadly-stampede-india-hathras-uttar-pradash", "manual_status_code": 0, "page_rating": 32, "page_rating_contents": 100, "page_rating_visits": 0, "page_rating_votes": 0, "permanent": false, "source": "https://time.com/feed", "source_obj__id": 316, "status_code": 0, "tags": [], "thumbnail": null, "title": "At Least 27 Are Killed in a Stampede at a Religious Event in India, Officials Say", "user": null, "vote": 0}, {"age": null, "album": "", "artist": null, "bookmarked": false, "comments": [], "date_published": "2024-07-02T12:00:00+00:00", "description": "The growing evidence that\u2014even heading into this year\u2019s election\u2014Americans are less divided than you may think.", "id": 804936, "language": "en-UK", "link": "https://time.com/6990721/us-politics-polarization-myth", "manual_status_code": 0, "page_rating": 32, "page_rating_contents": 100, "page_rating_visits": 0, "page_rating_votes": 0, "permanent": false, "source": "https://time.com/feed", "source_obj__id": 316, "status_code": 0, "tags": [], "thumbnail": null, "title": "The Growing Evidence That Americans Are Less Divided Than You May Think", "user": null, "vote": 0}, {"age": null, "album": "", "artist": null, "bookmarked": false, "comments": [], "date_published": "2024-07-02T12:00:00+00:00", "description": "Philip Schuyler is a reminder of how the things we rightly celebrate about that period are intertwined with the things from which we recoil.", "id": 804935, "language": "en-UK", "link": "https://time.com/6992004/philip-schuyler-monument-history", "manual_status_code": 0, "page_rating": 32, "page_rating_contents": 100, "page_rating_visits": 0, "page_rating_votes": 0, "permanent": false, "source": "https://time.com/feed", "source_obj__id": 316, "status_code": 0, "tags": [], "thumbnail": null, "title": "There\u2019s Still More to Learn From the Debate Over American Monuments", "user": null, "vote": 0}, {"age": null, "album": "", "artist": null, "bookmarked": false, "comments": [], "date_published": "2024-07-02T11:00:00+00:00", "description": "Richard Ocejo explores the devastating long-term effects gentrification has on rural areas.", "id": 804547, "language": "en-UK", "link": "https://time.com/6992970/gentrification-small-towns-essay", "manual_status_code": 0, "page_rating": 32, "page_rating_contents": 100, "page_rating_visits": 0, "page_rating_votes": 0, "permanent": false, "source": "https://time.com/feed", "source_obj__id": 316, "status_code": 0, "tags": [], "thumbnail": null, "title": "When Gentrification Comes to Small Towns", "user": null, "vote": 0}, {"age": null, "album": "", "artist": null, "bookmarked": false, "comments": [], "date_published": "2024-07-02T09:50:00+00:00", "description": "An Air Europa flight bound for Uruguay had to emergency land in Brazil so dozens injured by turbulence could be treated.", "id": 804548, "language": "en-UK", "link": "https://time.com/6994422/air-europa-flight-turbulence-injuries-brazil-uruguay-singapore", "manual_status_code": 0, "page_rating": 32, "page_rating_contents": 100, "page_rating_visits": 0, "page_rating_votes": 0, "permanent": false, "source": "https://time.com/feed", "source_obj__id": 316, "status_code": 0, "tags": [], "thumbnail": null, "title": "What to Know About Severe Turbulence That\u2019s Wreaking Havoc on Flights Around the World", "user": null, "vote": 0}, {"age": null, "album": "", "artist": null, "bookmarked": false, "comments": [], "date_published": "2024-07-02T08:15:19+00:00", "description": "The visit comes a day after Hungary took over the E.U.\u2019s rotating presidency, a role that has little power but can be used to set the tone of the bloc\u2019s agenda.", "id": 803920, "language": "en-UK", "link": "https://time.com/6994407/hungary-orban-ukraine-kyiv-visit-zelensky-peace-talks-russia-eu", "manual_status_code": 0, "page_rating": 32, "page_rating_contents": 100, "page_rating_visits": 0, "page_rating_votes": 0, "permanent": false, "source": "https://time.com/feed", "source_obj__id": 316, "status_code": 0, "tags": [], "thumbnail": null, "title": "Hungary\u2019s Putin-Friendly Leader Makes Rare Ukraine Visit to Talk Peace", "user": null, "vote": 0}, {"age": null, "album": "", "artist": null, "bookmarked": false, "comments": [], "date_published": "2024-07-02T08:15:00+00:00", "description": "High bacteria levels might throw a wrench in your holiday plans. Here are the risks and how to stay safe.", "id": 803921, "language": "en-UK", "link": "https://time.com/6994408/bacteria-beach-closures-massachussetts-california-michigan-new-york", "manual_status_code": 0, "page_rating": 32, "page_rating_contents": 100, "page_rating_visits": 0, "page_rating_votes": 0, "permanent": false, "source": "https://time.com/feed", "source_obj__id": 316, "status_code": 0, "tags": [], "thumbnail": null, "title": "What to Know as High Bacteria Levels Cause Beach Closures Across the United States", "user": null, "vote": 0}, {"age": null, "album": "", "artist": null, "bookmarked": false, "comments": [], "date_published": "2024-07-02T05:00:00+00:00", "description": "Instead of fighting for a title over the next few weeks, fans of Team USA will be debating Gregg Berhalter\u2019s fitness for his job\u2014once again.", "id": 803283, "language": "en-UK", "link": "https://time.com/6994397/us-soccer-loss-copa-america-disappointment-fire-coach-gregg-berhalter", "manual_status_code": 0, "page_rating": 32, "page_rating_contents": 100, "page_rating_visits": 0, "page_rating_votes": 0, "permanent": false, "source": "https://time.com/feed", "source_obj__id": 316, "status_code": 0, "tags": [], "thumbnail": null, "title": "Disappointing Early Exit From Copa Am\u00e9rica Raises Doubts Instead of Hopes for U.S. Soccer", "user": null, "vote": 0}, {"age": null, "album": "", "artist": null, "bookmarked": false, "comments": [], "date_published": "2024-07-02T02:23:13+00:00", "description": "As 'Lost' comes to Netflix, a look back at the most divisive final episodes, from 'Seinfeld' to 'The Sopranos'", "id": 802742, "language": "en-UK", "link": "https://time.com/6994291/most-controversial-tv-finales", "manual_status_code": 0, "page_rating": 32, "page_rating_contents": 100, "page_rating_visits": 0, "page_rating_votes": 0, "permanent": false, "source": "https://time.com/feed", "source_obj__id": 316, "status_code": 0, "tags": [], "thumbnail": null, "title": "The 15 Most Controversial TV Finales of All Time", "user": null, "vote": 0}, {"age": null, "album": "", "artist": null, "bookmarked": false, "comments": [], "date_published": "2024-07-02T01:30:00+00:00", "description": "Singapore will lower the threshold for checks on cash deposits received by casinos to try to prevent exploitation by criminal organizations.", "id": 802743, "language": "en-UK", "link": "https://time.com/6994378/singapore-casino-cash-rules-criminal-terrorism-exploitation", "manual_status_code": 0, "page_rating": 32, "page_rating_contents": 100, "page_rating_visits": 0, "page_rating_votes": 0, "permanent": false, "source": "https://time.com/feed", "source_obj__id": 316, "status_code": 0, "tags": [], "thumbnail": null, "title": "Singapore Cracks Down on Casino Cash Deposits to Counter Exploitation by Criminals", "user": null, "vote": 0}, {"age": null, "album": "", "artist": null, "bookmarked": false, "comments": [], "date_published": "2024-07-02T01:27:38+00:00", "description": "President Biden told voters on Monday that it will be left to them to judge Donald Trump for encouraging a mob to violently attack the Capitol on Jan. 6, 2021, hours after the Supreme Court issued a ruling granting U.S. Presidents immunity from prosecution for official acts. The decision means that Trump is unlikely to&#8230;", "id": 802744, "language": "en-UK", "link": "https://time.com/6994374/biden-supreme-court-trump", "manual_status_code": 0, "page_rating": 32, "page_rating_contents": 100, "page_rating_visits": 0, "page_rating_votes": 0, "permanent": false, "source": "https://time.com/feed", "source_obj__id": 316, "status_code": 0, "tags": [], "thumbnail": null, "title": "Biden: Supreme Court Ruling Means Trump Would Be Above the Law If Re-Elected", "user": null, "vote": 0}]