[{"age": null, "album": "", "artist": null, "bookmarked": false, "comments": [], "date_published": "2024-07-02T16:07:22+00:00", "description": "All the Best Movie & Series News from June 2024 | Subscribe \u27a4 https://abo.yt/ki | 2024 Movie News Show | More News https://KinoCheck.com/news\n\n00:00 One Piece Season 2\n01:45 Elden Ring Movie Adaptation\n03:03 Deadpool x Spider-Man\n04:15 Inside Out 3\n05:25 Harry Potter Series\n06:41 Fast & Furious 11\n08:22 Shrek 5 & Donkey Spin-Off\n09:33 Fantastic Four\n10:52 GoT: A Knight of the Seven Kingdoms\n12:05 Spaceballs 2\n13:26 Soulm4te\n14:33 Street Fighter\n16:03 Resistor\n16:59 Formula 1\n18:14 LotR: The War of the Rohirrim\n20:03 Predator: Badlands\n21:09 Welcome to Derry\n22:13 300 Series\n23:07 Godzilla x Kong 2\n24:01 Toy Story 5\n25:15 Transformers x G.I. Joe\n26:29 Moana Live-Action Movie\n27:31 The Boys Season 5\n28:24 Watch Dogs Movie Adaptation\n29:14 Hunger Games Spin-Off\n30:19 Avengers 5\n32:20 Hotel Transylvania Spin-Off\n\nMost popular movies right now \u27a4 https://amzo.in/bestsellermovies | Most wanted movies of all time \u27a4 https://amzo.in/wishlistmovies\n\nNote | News with courtesy of all involved publ", "id": 806554, "language": null, "link": "https://www.youtube.com/watch?v=iD6MOU5QKvI", "manual_status_code": 0, "page_rating": 27, "page_rating_contents": 86, "page_rating_visits": 0, "page_rating_votes": 0, "permanent": false, "source": "https://www.youtube.com/feeds/videos.xml?channel_id=UCLRlryMfL8ffxzrtqv0_k_w", "source_obj__id": 173, "status_code": 0, "tags": [], "thumbnail": "https://i2.ytimg.com/vi/iD6MOU5QKvI/hqdefault.jpg", "title": "THE BEST MOVIE NEWS 2024 (June)", "user": null, "vote": 0}, {"age": null, "album": "", "artist": null, "bookmarked": false, "comments": [], "date_published": "2024-07-02T14:18:30+00:00", "description": "Official Jackpot! Movie Trailer 2024 | Subscribe \u27a4 https://abo.yt/ki | Awkwafina Movie Trailer | Prime Video: 15 Aug 2024 | More https://KinoCheck.com/movie/5va/jackpot-2024?utm_source=youtube&amp;utm_medium=description\nSet in a very near future where a Grand Lottery has been founded in economically struggling California. The only caveat? If you want to legitimately claim the award, you must murder the winner before sunset.\n\nJackpot! rent/buy \u27a4 https://amzo.in/movie/5va/jackpot-2024\nMost popular movies right now \u27a4 https://amzo.in/bestsellermovies\nMost wanted movies of all time \u27a4 https://amzo.in/wishlistmovies\n\nJackpot! (2024) is the new comedy movie starring Awkwafina, John Cena and Simu Liu.\n\nNote | #Jackpot #Trailer courtesy of Amazon Prime Video. | All Rights Reserved. | https://amzo.in are affiliate-links. That add no additional cost to you, but will support our work through a small commission. | #KinoCheck\u00ae", "id": 805699, "language": null, "link": "https://www.youtube.com/watch?v=UaIXUOGvOFA", "manual_status_code": 0, "page_rating": 27, "page_rating_contents": 86, "page_rating_visits": 0, "page_rating_votes": 0, "permanent": false, "source": "https://www.youtube.com/feeds/videos.xml?channel_id=UCLRlryMfL8ffxzrtqv0_k_w", "source_obj__id": 173, "status_code": 0, "tags": [], "thumbnail": "https://i2.ytimg.com/vi/UaIXUOGvOFA/hqdefault.jpg", "title": "JACKPOT! Trailer (2024) John Cena", "user": null, "vote": 0}, {"age": null, "album": "", "artist": null, "bookmarked": false, "comments": [], "date_published": "2024-07-02T13:05:31+00:00", "description": "Official My Old Ass Movie Trailer 2024 | Subscribe \u27a4 https://abo.yt/ki | Maisy Stella Movie Trailer | Cinema: 13 Sep 2024 | More https://KinoCheck.com/movie/6iz/my-old-ass-2024?utm_source=youtube&amp;utm_medium=description\nIn this fresh coming-of-age story, an 18th birthday mushroom trip brings free-spirited Elliott face-to-face with her wisecracking 39-year-old self. But when Elliott\u2019s \u201cold ass\u201d starts handing out warnings about what her younger self should and shouldn\u2019t do, Elliott realizes she has to rethink everything about family, love, and what\u2019s becoming a transformative summer.\n\nMy Old Ass rent/buy \u27a4 https://amzo.in/movie/6iz/my-old-ass-2024\nMost popular movies right now \u27a4 https://amzo.in/bestsellermovies\nMost wanted movies of all time \u27a4 https://amzo.in/wishlistmovies\n\nMy Old Ass (2024) is the new drama starring Maisy Stella, Percy Hynes White and Aubrey Plaza.\n\nNote | #MyOldAss #Trailer courtesy of Amazon Prime Video. | All Rights Reserved. | https://amzo.in are affiliate-lin", "id": 805221, "language": null, "link": "https://www.youtube.com/watch?v=ucEnIROtVSw", "manual_status_code": 0, "page_rating": 27, "page_rating_contents": 86, "page_rating_visits": 0, "page_rating_votes": 0, "permanent": false, "source": "https://www.youtube.com/feeds/videos.xml?channel_id=UCLRlryMfL8ffxzrtqv0_k_w", "source_obj__id": 173, "status_code": 0, "tags": [], "thumbnail": "https://i2.ytimg.com/vi/ucEnIROtVSw/hqdefault.jpg", "title": "MY OLD ASS Trailer (2024) Aubrey Plaza", "user": null, "vote": 0}]