[{"age": null, "album": "", "artist": null, "bookmarked": false, "comments": [], "date_published": "2024-07-02T17:00:30+00:00", "description": "Honest Trailers | Beverly Hills Cop\nVoice Narration: Jon Bailey aka Epic Voice Guy\nTitle Design: Robert Holtby\nWritten by: Spencer Gilbert, Lon Harris\nProduced by: Spencer Gilbert\nEdited by: Kevin Williamsen\nPost-Production Manager: Emin Bassavand\nContent Manager: Miko\u0142aj Kossakowski\nPost-Production Specialist: Rebecca Castaneda\nVP Content: Max Dionne\n\n#honesttrailers #beverlyhillscop #entertainment #trailer", "id": 806931, "language": null, "link": "https://www.youtube.com/watch?v=i_ovyMXf7Z8", "manual_status_code": 0, "page_rating": 27, "page_rating_contents": 86, "page_rating_visits": 0, "page_rating_votes": 0, "permanent": false, "source": "https://www.youtube.com/feeds/videos.xml?channel_id=UCOpcACMWblDls9Z6GERVi1A", "source_obj__id": 296, "status_code": 0, "tags": [], "thumbnail": "https://i2.ytimg.com/vi/i_ovyMXf7Z8/hqdefault.jpg", "title": "Honest Trailers | Beverly Hills Cop", "user": null, "vote": 0}]