[{"age": null, "album": "", "artist": null, "bookmarked": false, "comments": [], "date_published": "2024-07-02T18:50:21+00:00", "description": "<p><img alt=\"brazil corn maize\" src=\"https://fotos.perfil.com/2023/04/21/trim/540/304/brazil-corn-maize-1551494.jpg\" /></p>Argentina is preparing corn shipments to China that will be the first in 15 years, the latest move by the two countries to expand agricultural trade.\n <a href=\"https://www.batimes.com.ar/news/economy/argentina-poised-for-first-china-corn-cargoes-in-15-years.phtml\">Leer m\u00e1s</a>", "id": 807754, "language": "en", "link": "https://www.batimes.com.ar/news/economy/argentina-poised-for-first-china-corn-cargoes-in-15-years.phtml", "manual_status_code": 0, "page_rating": 26, "page_rating_contents": 82, "page_rating_visits": 0, "page_rating_votes": 0, "permanent": false, "source": "https://www.batimes.com.ar/feed", "source_obj__id": 20, "status_code": 0, "tags": [], "thumbnail": "https://fotos.perfil.com/2023/04/21/trim/540/304/brazil-corn-maize-1551494.jpg", "title": "Argentina poised for first China corn cargoes in 15 years", "user": null, "vote": 0}, {"age": null, "album": "", "artist": null, "bookmarked": false, "comments": [], "date_published": "2024-07-02T18:35:15+00:00", "description": "<p><img alt=\"President Javier Milei at the G7 Leaders Summit in Italy, 2024.\" src=\"https://fotos.perfil.com/2024/07/02/trim/540/304/president-javier-milei-at-the-g7-leaders-summit-in-italy-2024-1829018.jpg\" /></p>President Milei brands Luiz In\u00e1cio Lula da Silva \u201can idiot dinosaur\u201d and a Communist, escalating long-running feud on eve of his visit to Brazil. <a href=\"https://www.batimes.com.ar/news/latin-america/milei-calls-lula-an-idiot-dinosaur-ahead-of-brazil-visit.phtml\">Leer m\u00e1s</a>", "id": 807755, "language": "en", "link": "https://www.batimes.com.ar/news/latin-america/milei-calls-lula-an-idiot-dinosaur-ahead-of-brazil-visit.phtml", "manual_status_code": 0, "page_rating": 26, "page_rating_contents": 82, "page_rating_visits": 0, "page_rating_votes": 0, "permanent": false, "source": "https://www.batimes.com.ar/feed", "source_obj__id": 20, "status_code": 0, "tags": [], "thumbnail": "https://fotos.perfil.com/2024/07/02/trim/540/304/president-javier-milei-at-the-g7-leaders-summit-in-italy-2024-1829018.jpg", "title": "Milei calls Lula an \u2018idiot dinosaur\u2019 ahead of Brazil visit", "user": null, "vote": 0}, {"age": null, "album": "", "artist": null, "bookmarked": false, "comments": [], "date_published": "2024-07-02T15:10:48+00:00", "description": "<p><img alt=\"Luis Arce, Javier Milei,\" src=\"https://fotos.perfil.com/2024/07/02/trim/540/304/luis-arce-javier-milei-1828871.jpg\" /></p>Javier Milei doubles down on his criticism of Bolivian government's \"staged fraud\" and Brazilian President Lula, calling the veteran leftist \"the perfect idiot.\"\n <a href=\"https://www.batimes.com.ar/news/latin-america/milei-again-casts-doubt-on-coup-claim-by-bolivias-government.phtml\">Leer m\u00e1s</a>", "id": 806408, "language": "en", "link": "https://www.batimes.com.ar/news/latin-america/milei-again-casts-doubt-on-coup-claim-by-bolivias-government.phtml", "manual_status_code": 0, "page_rating": 26, "page_rating_contents": 82, "page_rating_visits": 0, "page_rating_votes": 0, "permanent": false, "source": "https://www.batimes.com.ar/feed", "source_obj__id": 20, "status_code": 0, "tags": [], "thumbnail": "https://fotos.perfil.com/2024/07/02/trim/540/304/luis-arce-javier-milei-1828871.jpg", "title": "Milei doubles down on criticism of Bolivia\u2019s government, Lula", "user": null, "vote": 0}, {"age": null, "album": "", "artist": null, "bookmarked": false, "comments": [], "date_published": "2024-07-02T14:30:53+00:00", "description": "<p><img alt=\"President Javier Milei.\" src=\"https://fotos.perfil.com/2024/06/26/trim/540/304/president-javier-milei-1825519.jpg\" /></p>Argentine banking stocks in New York are tumbling as the government slashes interest rates and crimps new borrowing. <a href=\"https://www.batimes.com.ar/news/economy/president-milei-proves-boon-and-curse-for-argentine-bank-stocks.phtml\">Leer m\u00e1s</a>", "id": 805862, "language": "en", "link": "https://www.batimes.com.ar/news/economy/president-milei-proves-boon-and-curse-for-argentine-bank-stocks.phtml", "manual_status_code": 0, "page_rating": 26, "page_rating_contents": 82, "page_rating_visits": 0, "page_rating_votes": 0, "permanent": false, "source": "https://www.batimes.com.ar/feed", "source_obj__id": 20, "status_code": 0, "tags": [], "thumbnail": "https://fotos.perfil.com/2024/06/26/trim/540/304/president-javier-milei-1825519.jpg", "title": "President Milei proves boon and curse for Argentine bank stocks", "user": null, "vote": 0}, {"age": null, "album": "", "artist": null, "bookmarked": false, "comments": [], "date_published": "2024-07-02T14:09:02+00:00", "description": "<p><img alt=\"Nicol\u00e1s Maduro\" src=\"https://fotos.perfil.com/2024/07/02/trim/540/304/nicolas-maduro-1828842.jpg\" /></p>Nicol\u00e1s Maduro on Monday announced the resumption of dialogue with the United States. <a href=\"https://www.batimes.com.ar/news/latin-america/venezuelas-maduro-says-talks-to-resume-with-united-states.phtml\">Leer m\u00e1s</a>", "id": 805863, "language": "en", "link": "https://www.batimes.com.ar/news/latin-america/venezuelas-maduro-says-talks-to-resume-with-united-states.phtml", "manual_status_code": 0, "page_rating": 26, "page_rating_contents": 82, "page_rating_visits": 0, "page_rating_votes": 0, "permanent": false, "source": "https://www.batimes.com.ar/feed", "source_obj__id": 20, "status_code": 0, "tags": [], "thumbnail": "https://fotos.perfil.com/2024/07/02/trim/540/304/nicolas-maduro-1828842.jpg", "title": "Venezuela's Maduro says talks to resume with United States", "user": null, "vote": 0}]