[{"age": null, "album": "", "artist": null, "bookmarked": false, "comments": [], "date_published": "2024-10-31T22:03:13+00:00", "description": null, "id": 1425398, "language": null, "link": "https://simonwillison.net/2024/Oct/31/lord-howe/#atom-everything", "manual_status_code": 0, "page_rating": 28, "page_rating_contents": 87, "page_rating_visits": 0, "page_rating_votes": 0, "permanent": false, "source__id": 423, "source_url": "https://simonwillison.net/atom/everything", "status_code": 0, "tags": [], "thumbnail": null, "title": "Australia/Lord_Howe is the weirdest timezone", "vote": 0}]