[{"age": null, "album": "", "artist": null, "bookmarked": false, "comments": [], "date_published": "2024-10-31T20:10:02+00:00", "description": "*Thanks to Game of Thrones Legends for Sponsoring this Video!*\nDownload Game of Thrones Legends with our link: https://gotl.onelink.me/W7zw/tft10 to get 50 Gold, 3,000 food and a daily summon token! Secure your legacy now!\n\nThe Book of Bill and its website ARG thisisnotawebsitedotcom.com told us exactly what's next for our beloved Gravity Falls franchise. So, what are Bill Cipher and Alex Hirsch up to these days? And what what is next for Dipper Pines? Let's analyze...\n\nExplore the website \u25ba https://thisisnotawebsitedotcom.com/\n\nCheck out the Gravity Falls Community on Reddit \u25ba https://www.reddit.com/r/gravityfalls/\n\u2010\u2010\u2010\u2010\u2010\u2010\u2010\u2010\u2010\u2010\u2010\u2010\u2010\u2010\u2010\u2010\u2010\u2010\u2010\u2010\u2010\u2010\u2010\u2010\u2010\u2010\u2010\u2010\u2010\u2010\u2010\u2010\u2010\u2010\u2010\u2010\u2010\u2010\u2010\u2010\u2010\u2010\u2010\u2010\u2010\u2010\u2010\u2010\u2010\u2010\n*Credits:*\nWriters:  Forrest Lee, Brett Turley\nEditors:  JayskiBean, Koen Verhagen, Axellent\nSound Designer: Yosi Berman\n\u2010\u2010\u2010\u2010\u2010\u2010\u2010\u2010\u2010\u2010\u2010\u2010\u2010\u2010\u2010\u2010\u2010\u2010\u2010\u2010\u2010\u2010\u2010\u2010\u2010\u2010\u2010\u2010\u2010\u2010\u2010\u2010\u2010\u2010\u2010\u2010\u2010\u2010\u2010\u2010\u2010\u2010\u2010\u2010\u2010\u2010\u2010\u2010\u2010\u2010\nNeed Royalty Free Music for your Content? Try Epidemic Sound.\nGet Your 30 Day Free Trial Now \u25ba http://share.epidemicsound.com/TheFilmTheorists\n\u2010\u2010\u2010\u2010\u2010\u2010\u2010\u2010", "id": 1425112, "language": null, "link": "https://www.youtube.com/watch?v=CIyEqtmZCWA", "manual_status_code": 0, "page_rating": 27, "page_rating_contents": 86, "page_rating_visits": 0, "page_rating_votes": 0, "permanent": false, "source__id": 339, "source_url": "https://www.youtube.com/feeds/videos.xml?channel_id=UC3sznuotAs2ohg_U__Jzj_Q", "status_code": 0, "tags": [], "thumbnail": "https://i4.ytimg.com/vi/CIyEqtmZCWA/hqdefault.jpg", "title": "Film Theory: The Book of Bill ARG Reveals the Future of Gravity Falls!", "vote": 0}]