[{"age": null, "album": "", "artist": null, "bookmarked": false, "comments": [], "date_published": "2024-10-31T15:29:48+00:00", "description": "\u261f\u261f Awesome T-Shirts! Sponsors! Books! \u261f\u261f\n\nEpisode details: https://github.com/lefticus/cpp_weekly/issues/374\n\nT-SHIRTS AVAILABLE!\n\n\u25ba The best C++ T-Shirts anywhere! https://my-store-d16a2f.creator-spring.com/\n\n\nWANT MORE JASON?\n\n\u25ba My Training Classes: http://emptycrate.com/training.html\n\u25ba Follow me on twitter: https://twitter.com/lefticus\n\n\nSUPPORT THE CHANNEL\n\n\u25ba Patreon: https://www.patreon.com/lefticus \n\u25ba Github Sponsors: https://github.com/sponsors/lefticus\n\u25ba Paypal Donation: https://www.paypal.com/donate/?hosted_button_id=PQ4A2V6ZZFQEU\n\n\nGET INVOLVED\n\n\u25ba Video Idea List: https://github.com/lefticus/cpp_weekly/issues\n\n\nJASON'S BOOKS\n\n\u25ba C++23 Best Practices\n  Amazon Paperback: https://amzn.to/47MEAhj\n  Leanpub Ebook: https://leanpub.com/cpp23_best_practices/\n\n\u25ba C++ Best Practices\n  Amazon Paperback: https://amzn.to/3wpAU3Z\n  Leanpub Ebook: https://leanpub.com/cppbestpractices\n\n\nJASON'S PUZZLE BOOKS\n\n\u25ba Object Lifetime Puzzlers Book 1\n  Amazon Paperback: https://amzn.to/3g6Ervj\n  Lean", "id": 1422830, "language": null, "link": "https://www.youtube.com/watch?v=MHx7koK4ML4", "manual_status_code": 0, "page_rating": 27, "page_rating_contents": 86, "page_rating_visits": 0, "page_rating_votes": 0, "permanent": false, "source__id": 48, "source_url": "https://www.youtube.com/feeds/videos.xml?channel_id=UCxHAlbZQNFU2LgEtiqd2Maw", "status_code": 0, "tags": [], "thumbnail": "https://i2.ytimg.com/vi/MHx7koK4ML4/hqdefault.jpg", "title": "I paid 10 artists to make my portrait!", "vote": 0}]