[{"age": null, "album": "", "artist": null, "bookmarked": false, "comments": [], "date_published": "2024-10-31T13:59:27+00:00", "description": "In this video, we're bringing you the biggest cybersecurity news.\n\ud83e\udd77 Secure your online activities - Check out a VPN with the best discount - https://cnews.link/get-nordvpn/5hgnnhtNoO0/\n\n\ud83d\uddc3\ufe0f Take Control of YOUR data - use an EXCLUSIVE deal - https://cnews.link/get-aura/5hgnnhtNoO0/\n\n\ud83d\udd11 Protect YOUR accounts - Get THE BEST password manager offer - https://cnews.link/get-1password/5hgnnhtNoO0/\n\n\ud83d\udcf0  Wondering what's been happening in the world of cybersecurity? Get a quick rundown of the latest news and events in our recap series: https://youtu.be/jC6vrLdQPb0\n\n\ud83d\udc8c Stay up-to-date on the latest cybersecurity trends and news by subscribing to our Cybernews newsletter: https://cnews.link/newsletter/\n\n\ud83c\udf10 Looking for even more cybersecurity insights and resources? Visit our website for exclusive content, expert advice, and more: https://cnews.link/website/\n\n\ud83d\udcac Stay connected with us on social media for the latest news, insights, and discussions around cybersecurity: https://linktr.ee/Cybernews\n\n//T", "id": 1423382, "language": null, "link": "https://www.youtube.com/watch?v=5hgnnhtNoO0", "manual_status_code": 0, "page_rating": 27, "page_rating_contents": 86, "page_rating_visits": 0, "page_rating_votes": 0, "permanent": false, "source__id": 433, "source_url": "https://www.youtube.com/feeds/videos.xml?channel_id=UCCsREoj8rSRkEvxWqxr74rQ", "status_code": 0, "tags": [], "thumbnail": "https://i2.ytimg.com/vi/5hgnnhtNoO0/hqdefault.jpg", "title": "Fake Meta Ads, Russian-APT Phishing & AI Drones | cybernews.com", "vote": 0}, {"age": null, "album": "", "artist": null, "bookmarked": false, "comments": [], "date_published": "2024-10-31T12:00:25+00:00", "description": "#funfacts #fyp #cybernews\n\nIf you find this video interesting, don't forget to like, share, and subscribe for more mind-bending explorations into the intricacies of our modern world. Stay informed, and stay curious! \ud83c\udf1f", "id": 1422003, "language": null, "link": "https://www.youtube.com/watch?v=LstvAk6jQ9g", "manual_status_code": 0, "page_rating": 27, "page_rating_contents": 86, "page_rating_visits": 0, "page_rating_votes": 0, "permanent": false, "source__id": 433, "source_url": "https://www.youtube.com/feeds/videos.xml?channel_id=UCCsREoj8rSRkEvxWqxr74rQ", "status_code": 0, "tags": [], "thumbnail": "https://i1.ytimg.com/vi/LstvAk6jQ9g/hqdefault.jpg", "title": "Russia Fines Google A Massive Amount #shorts", "vote": 0}]