[{"age": null, "album": "", "artist": null, "bookmarked": false, "comments": [], "date_published": "2024-10-31T20:27:00+00:00", "description": "\n    \n    <img src=\"https://tvn24.pl/najnowsze/cdn-zdjecie-9767526-imagetitle/alternates/LANDSCAPE_1280\" alt=\"Guardiola bije na alarm. \"Jeste\u015bmy w powa\u017cnych tarapatach\"\" />\n    Pora\u017cka z Tottenhamem nie by\u0142a najgorsz\u0105 informacj\u0105 dla mistrz\u00f3w Anglii. \n    \n    ", "id": 1425146, "language": "pl-PL", "link": "https://eurosport.tvn24.pl/pilka-nozna/puchar-ligi-angielskiej/2024-2025/savinho-i-manuel-akanji-z-kontuzjami-po-meczu-tottenham-manchester-city_sto20050031/story.shtml?source=rss", "manual_status_code": 0, "page_rating": 29, "page_rating_contents": 90, "page_rating_visits": 0, "page_rating_votes": 0, "permanent": false, "source__id": 318, "source_url": "https://tvn24.pl/najwazniejsze.xml", "status_code": 0, "tags": [], "thumbnail": null, "title": "Guardiola bije na alarm. \"Jeste\u015bmy w powa\u017cnych tarapatach\"", "vote": 0}, {"age": null, "album": "", "artist": null, "bookmarked": false, "comments": [], "date_published": "2024-10-31T19:29:00+00:00", "description": "\n    \n    <img src=\"https://tvn24.pl/najnowsze/cdn-zdjecie-9716648-antoni-macierewicz-ph8150303/alternates/LANDSCAPE_1280\" alt=\"\"Ci\u0105gle wraca i ci\u0105gle b\u0119dzie wraca\u0142\". Wszystkie role Antoniego Macierewicza \" />\n    O fenomenie polityka do zada\u0144 specjalnych w reporta\u017cu Arkadiusza Wierzuka. \n    \n    ", "id": 1424763, "language": "pl-PL", "link": "https://tvn24.pl/go/programy,7/czarno-na-bialym-odcinki,11367/odcinek-1928,S00E1928,765070?source=rss", "manual_status_code": 0, "page_rating": 29, "page_rating_contents": 90, "page_rating_visits": 0, "page_rating_votes": 0, "permanent": false, "source__id": 318, "source_url": "https://tvn24.pl/najwazniejsze.xml", "status_code": 0, "tags": [], "thumbnail": null, "title": "\"Ci\u0105gle wraca i ci\u0105gle b\u0119dzie wraca\u0142\". Wszystkie role Antoniego Macierewicza ", "vote": 0}, {"age": null, "album": "", "artist": null, "bookmarked": false, "comments": [], "date_published": "2024-10-31T19:02:00+00:00", "description": "\n    \n    <img src=\"https://tvn24.pl/najnowsze/cdn-zdjecie-3185291-imagetitle-ph8161441/alternates/LANDSCAPE_1280\" alt=\"\u015awi\u0105tek i Sabalenka w wieczorowych kreacjach. Wsp\u00f3lnie wyre\u017cyserowa\u0142y film\" />\n    Materia\u0142 szybko sta\u0142 si\u0119 popularny w sieci.\n    \n    ", "id": 1424288, "language": "pl-PL", "link": "https://eurosport.tvn24.pl/tenis/mistrzostwa-wta/2024/swiatek-i-sabalenka-w-wieczorowych-kreacjach.-wspolnie-wyrezyserowaly-film_sto20050076/story.shtml?source=rss", "manual_status_code": 0, "page_rating": 29, "page_rating_contents": 90, "page_rating_visits": 0, "page_rating_votes": 0, "permanent": false, "source__id": 318, "source_url": "https://tvn24.pl/najwazniejsze.xml", "status_code": 0, "tags": [], "thumbnail": null, "title": "\u015awi\u0105tek i Sabalenka w wieczorowych kreacjach. Wsp\u00f3lnie wyre\u017cyserowa\u0142y film", "vote": 0}, {"age": null, "album": "", "artist": null, "bookmarked": false, "comments": [], "date_published": "2024-10-31T18:02:48+00:00", "description": "\n    \n    <img src=\"https://tvn24.pl/najnowsze/cdn-zdjecie-5494474-imagetitle-ph8133447/alternates/LANDSCAPE_1280\" alt=\"Pot\u0119\u017cne kary po awanturze w hicie Superligi\" />\n    Nie b\u0119d\u0105 mogli prowadzi\u0107 swoich zespo\u0142\u00f3w z \u0142awki w sze\u015bciu najbli\u017cszych spotkaniach ekstraklasy.\n    \n    ", "id": 1423929, "language": "pl-PL", "link": "https://eurosport.tvn24.pl/pilka-reczna/orlen-superliga/2024-2025/potezne-kary-po-awanturze-w-hicie-superligi_sto20050061/story.shtml?source=rss", "manual_status_code": 0, "page_rating": 29, "page_rating_contents": 90, "page_rating_visits": 0, "page_rating_votes": 0, "permanent": false, "source__id": 318, "source_url": "https://tvn24.pl/najwazniejsze.xml", "status_code": 0, "tags": [], "thumbnail": null, "title": "Pot\u0119\u017cne kary po awanturze w hicie Superligi", "vote": 0}, {"age": null, "album": "", "artist": null, "bookmarked": false, "comments": [], "date_published": "2024-10-31T17:09:45+00:00", "description": "\n    \n    <img src=\"https://tvn24.pl/najnowsze/cdn-zdjecie-9841400-pap-20231211-00n-ph8108169/alternates/LANDSCAPE_1280\" alt=\"\"The Cure\" wraca z kolejnym studyjnym albumem\" />\n    Po 16 latach brytyjska grupa \"The Cure\" wraca z kolejnym studyjnym albumem.\n    \n    ", "id": 1423928, "language": "pl-PL", "link": "https://fakty.tvn24.pl/fakty-po-poludniu/the-cure-wraca-z-kolejnym-studyjnym-albumem-st8161255?source=rss", "manual_status_code": 0, "page_rating": 29, "page_rating_contents": 90, "page_rating_visits": 0, "page_rating_votes": 0, "permanent": false, "source__id": 318, "source_url": "https://tvn24.pl/najwazniejsze.xml", "status_code": 0, "tags": [], "thumbnail": null, "title": "\"The Cure\" wraca z kolejnym studyjnym albumem", "vote": 0}, {"age": null, "album": "", "artist": null, "bookmarked": false, "comments": [], "date_published": "2024-10-31T16:31:25+00:00", "description": "\n    \n    <img src=\"https://tvn24.pl/najnowsze/cdn-zdjecie-8460189-senator-golba-superwizjer-ph8161217/alternates/LANDSCAPE_1280\" alt=\"\"Powiedzia\u0142 mi: ja ci\u0119 zniszcz\u0119. Dotrzyma\u0142 s\u0142owa\". Historia spektakularnej kariery senatora   \" />\n    Mieczys\u0142aw Golba - malarz i muzyk, kt\u00f3ry odnalaz\u0142 si\u0119 r\u00f3wnie\u017c w biznesie i polityce. By\u0142 pos\u0142em, teraz jest senatorem, a ostatnio zosta\u0142 nawet wiceprezesem PZPN. \n    \n    ", "id": 1423927, "language": "pl-PL", "link": "https://tvn24.pl/go/programy,7/superwizjer-odcinki,10894/odcinek-1079,S00E1079,1494474?source=rss", "manual_status_code": 0, "page_rating": 29, "page_rating_contents": 90, "page_rating_visits": 0, "page_rating_votes": 0, "permanent": false, "source__id": 318, "source_url": "https://tvn24.pl/najwazniejsze.xml", "status_code": 0, "tags": [], "thumbnail": null, "title": "\"Powiedzia\u0142 mi: ja ci\u0119 zniszcz\u0119. Dotrzyma\u0142 s\u0142owa\". Historia spektakularnej kariery senatora   ", "vote": 0}, {"age": null, "album": "", "artist": null, "bookmarked": false, "comments": [], "date_published": "2024-10-31T14:43:00+00:00", "description": "\n    \n    <img src=\"https://tvn24.pl/najnowsze/cdn-zdjecie-1466150-wta-finals-2024-iga-swiatek-powalczy-o-tytul-ph8161030/alternates/LANDSCAPE_1280\" alt=\"\u015awi\u0105tek powalczy o gigantyczn\u0105 nagrod\u0119\" />\n    Tym wyst\u0119pem Polka ko\u0144czy sezon 2024. \n    \n    ", "id": 1422476, "language": "pl-PL", "link": "https://eurosport.tvn24.pl/tenis/mistrzostwa-wta/2024/wta-finals-2024-terminarz-wyniki-i-tabela-kiedy-gra-swiatek_sto20049765/story.shtml?source=rss", "manual_status_code": 0, "page_rating": 29, "page_rating_contents": 90, "page_rating_visits": 0, "page_rating_votes": 0, "permanent": false, "source__id": 318, "source_url": "https://tvn24.pl/najwazniejsze.xml", "status_code": 0, "tags": [], "thumbnail": null, "title": "\u015awi\u0105tek powalczy o gigantyczn\u0105 nagrod\u0119", "vote": 0}, {"age": null, "album": "", "artist": null, "bookmarked": false, "comments": [], "date_published": "2024-10-31T14:08:00+00:00", "description": "\n    \n    <img src=\"https://tvn24.pl/najnowsze/cdn-zdjecie-6836363-imagetitle/alternates/LANDSCAPE_1280\" alt=\"Mistrz \u015bwiata chce zmiany lokalizacji fina\u0142owego wy\u015bcigu sezonu\" />\n    Solidaryzuje si\u0119 z poszkodowanymi w powodzi.\n    \n    ", "id": 1422477, "language": "pl-PL", "link": "https://eurosport.tvn24.pl/motorcycle-racing/powodz-w-hiszpanii.-marc-marquez-solidarny-z-poszkodowanymi_sto20049911/story.shtml?source=rss", "manual_status_code": 0, "page_rating": 29, "page_rating_contents": 90, "page_rating_visits": 0, "page_rating_votes": 0, "permanent": false, "source__id": 318, "source_url": "https://tvn24.pl/najwazniejsze.xml", "status_code": 0, "tags": [], "thumbnail": null, "title": "Mistrz \u015bwiata chce zmiany lokalizacji fina\u0142owego wy\u015bcigu sezonu", "vote": 0}, {"age": null, "album": "", "artist": null, "bookmarked": false, "comments": [], "date_published": "2024-10-31T13:51:15+00:00", "description": "\n    \n    <img src=\"https://tvn24.pl/najnowsze/cdn-zdjecie-6359788-imagetitle/alternates/LANDSCAPE_1280\" alt=\"Rewolucja w skokach narciarskich\" />\n     \"Wkraczamy w trzyetapow\u0105 faz\u0119 zmian\".\n    \n    ", "id": 1422475, "language": "pl-PL", "link": "https://eurosport.tvn24.pl/skoki-narciarskie/puchar-swiata-w-skokach-narciarskich.-od-sezonu-20262027-lata-wspolny-kalendarz-kobiet-i-mezczyzn_sto20049953/story.shtml?source=rss", "manual_status_code": 0, "page_rating": 29, "page_rating_contents": 90, "page_rating_visits": 0, "page_rating_votes": 0, "permanent": false, "source__id": 318, "source_url": "https://tvn24.pl/najwazniejsze.xml", "status_code": 0, "tags": [], "thumbnail": null, "title": "Rewolucja w skokach narciarskich", "vote": 0}, {"age": null, "album": "", "artist": null, "bookmarked": false, "comments": [], "date_published": "2024-10-31T12:32:00+00:00", "description": "\n    \n    <img src=\"https://tvn24.pl/najnowsze/cdn-zdjecie-1851108-imagetitle/alternates/LANDSCAPE_1280\" alt=\"Historyczne punkty syna LeBrona Jamesa. \"To jakie\u015b szale\u0144stwo\"\" />\n    I to jeszcze w Cleveland. \n    \n    ", "id": 1421955, "language": "pl-PL", "link": "https://eurosport.tvn24.pl/koszykowka/nba/2024-2025/bronny-james-syn-lebrona-zdobyl-pierwsze-ligowe-punkty-w-karierze_sto20049951/story.shtml?source=rss", "manual_status_code": 0, "page_rating": 29, "page_rating_contents": 90, "page_rating_visits": 0, "page_rating_votes": 0, "permanent": false, "source__id": 318, "source_url": "https://tvn24.pl/najwazniejsze.xml", "status_code": 0, "tags": [], "thumbnail": null, "title": "Historyczne punkty syna LeBrona Jamesa. \"To jakie\u015b szale\u0144stwo\"", "vote": 0}, {"age": null, "album": "", "artist": null, "bookmarked": false, "comments": [], "date_published": "2024-10-31T11:44:43+00:00", "description": "\n    \n    <img src=\"https://tvn24.pl/najnowsze/cdn-zdjecie-2122216-imagetitle/alternates/LANDSCAPE_1280\" alt=\"Katastrofalna pow\u00f3d\u017a w Hiszpanii. Problem z meczem Realu\" />\n    Chodzi o mecz w Walencji. \n    \n    ", "id": 1421508, "language": "pl-PL", "link": "https://eurosport.tvn24.pl/pilka-nozna/primera-division/2024-2025/mecz-valencia-cf-real-madryt-ma-zostac-przelozony-z-powodu-powodzi_sto20049864/story.shtml?source=rss", "manual_status_code": 0, "page_rating": 29, "page_rating_contents": 90, "page_rating_visits": 0, "page_rating_votes": 0, "permanent": false, "source__id": 318, "source_url": "https://tvn24.pl/najwazniejsze.xml", "status_code": 0, "tags": [], "thumbnail": null, "title": "Katastrofalna pow\u00f3d\u017a w Hiszpanii. Problem z meczem Realu", "vote": 0}, {"age": null, "album": "", "artist": null, "bookmarked": false, "comments": [], "date_published": "2024-10-31T11:10:00+00:00", "description": "\n    \n    <img src=\"https://tvn24.pl/najnowsze/cdn-zdjecie-3033379-imagetitle/alternates/LANDSCAPE_1280\" alt=\"Druga m\u0142odo\u015b\u0107 Lewandowskiego. Hiszpanie przewiduj\u0105, ile jeszcze strzeli goli\" />\n    Robert Lewandowski strzela jak na zawo\u0142anie, w tempie lepszym od swojego rekordowego sezonu w Bundeslidze. W Hiszpanii coraz cz\u0119\u015bciej s\u0142ycha\u0107 g\u0142osy, \u017ce prze\u017cywa drug\u0105 m\u0142odo\u015b\u0107. - My\u015bl\u0119, \u017ce mo\u017ce nie utrzyma\u0107 obecnego tempa, ale osi\u0105gnie granic\u0119 30 goli w lidze - uwa\u017ca w rozmowie z eurosport.pl Sergi de Juan z dziennika \"AS\".\n    \n    ", "id": 1421118, "language": "pl-PL", "link": "https://eurosport.tvn24.pl/pilka-nozna/primera-division/2024-2025/robert-lewandowski-zmierza-po-druga-korone-krola-strzelcow-w-la-liga.-hiszpanscy-dziennikarze-o-napastniku-fc-barcelony_sto20049913/story.shtml?source=rss", "manual_status_code": 0, "page_rating": 29, "page_rating_contents": 90, "page_rating_visits": 0, "page_rating_votes": 0, "permanent": false, "source__id": 318, "source_url": "https://tvn24.pl/najwazniejsze.xml", "status_code": 0, "tags": [], "thumbnail": null, "title": "Druga m\u0142odo\u015b\u0107 Lewandowskiego. Hiszpanie przewiduj\u0105, ile jeszcze strzeli goli", "vote": 0}, {"age": null, "album": "", "artist": null, "bookmarked": false, "comments": [], "date_published": "2024-10-31T09:42:00+00:00", "description": "\n    \n    <img src=\"https://tvn24.pl/najnowsze/cdn-zdjecie-9705624-imagetitle/alternates/LANDSCAPE_1280\" alt=\"\u015awi\u0105tek i Sabalenka razem na korcie. \"Padaj\u0105 strza\u0142y\"\" />\n    W najbli\u017csz\u0105 niedziel\u0119 Iga \u015awi\u0105tek rozpocznie zmagania w ko\u0144cz\u0105cym sezon turnieju WTA Finals. Polka mocno trenuje przed startem imprezy w Rijadzie.\n    \n    ", "id": 1420718, "language": "pl-PL", "link": "https://eurosport.tvn24.pl/tenis/mistrzostwa-wta/2024/iga-swiatek-odbyla-wspolny-trening-z-aryna-sabalenka_sto20049892/story.shtml?source=rss", "manual_status_code": 0, "page_rating": 29, "page_rating_contents": 90, "page_rating_visits": 0, "page_rating_votes": 0, "permanent": false, "source__id": 318, "source_url": "https://tvn24.pl/najwazniejsze.xml", "status_code": 0, "tags": [], "thumbnail": null, "title": "\u015awi\u0105tek i Sabalenka razem na korcie. \"Padaj\u0105 strza\u0142y\"", "vote": 0}, {"age": null, "album": "", "artist": null, "bookmarked": false, "comments": [], "date_published": "2024-10-31T09:28:12+00:00", "description": "\n    \n    <img src=\"https://tvn24.pl/najnowsze/cdn-zdjecie-9927975-imagetitle-ph8160039/alternates/LANDSCAPE_1280\" alt=\"Kiedy i o kt\u00f3rej godzinie pierwszy mecz \u015awi\u0105tek w Rijadzie\" />\n    Pojedynek Grupy Pomara\u0144czowej wiceliderka \u015bwiatowego rankingu rozegra z Barbor\u0105 Krejcikov\u0105. \n    \n    ", "id": 1420719, "language": "pl-PL", "link": "https://eurosport.tvn24.pl/tenis/mistrzostwa-wta/2024/iga-swiatek-barbora-krejcikova.-kiedy-pierwszy-mecz-polki-w-wta-finals-2024_sto20049794/story.shtml?source=rss", "manual_status_code": 0, "page_rating": 29, "page_rating_contents": 90, "page_rating_visits": 0, "page_rating_votes": 0, "permanent": false, "source__id": 318, "source_url": "https://tvn24.pl/najwazniejsze.xml", "status_code": 0, "tags": [], "thumbnail": null, "title": "Kiedy i o kt\u00f3rej godzinie pierwszy mecz \u015awi\u0105tek w Rijadzie", "vote": 0}, {"age": null, "album": "", "artist": null, "bookmarked": false, "comments": [], "date_published": "2024-10-31T08:25:29+00:00", "description": "\n    \n    <img src=\"https://tvn24.pl/najnowsze/cdn-zdjecie-1595433-imagetitle/alternates/LANDSCAPE_1280\" alt=\"Polska tenisistka nie zatrzymuje si\u0119 w Chinach\" />\n    Kolejne zwyci\u0119stwo Katarzyny Piter.\n    \n    ", "id": 1420470, "language": "pl-PL", "link": "https://eurosport.tvn24.pl/tenis/wta-nanchang-debel/2024/katarzyna-piter-awansowala-do-polfinalu-debla-w-turnieju-wta-250-w-jiujiang_sto20049880/story.shtml?source=rss", "manual_status_code": 0, "page_rating": 29, "page_rating_contents": 90, "page_rating_visits": 0, "page_rating_votes": 0, "permanent": false, "source__id": 318, "source_url": "https://tvn24.pl/najwazniejsze.xml", "status_code": 0, "tags": [], "thumbnail": null, "title": "Polska tenisistka nie zatrzymuje si\u0119 w Chinach", "vote": 0}, {"age": null, "album": "", "artist": null, "bookmarked": false, "comments": [], "date_published": "2024-10-31T07:06:00+00:00", "description": "\n    \n    <img src=\"https://tvn24.pl/najnowsze/cdn-zdjecie-5058388-imagetitle/alternates/LANDSCAPE_1280\" alt=\"B\u0142ysk Sochana na marne. Spurs przegrali kolejny mecz\" />\n    Ulegli na wyje\u017adzie Oklahoma City Thunder 93:105.\n    \n    ", "id": 1420078, "language": "pl-PL", "link": "https://eurosport.tvn24.pl/koszykowka/nba/2024-2025/oklahoma-city-thunder-san-antonio-spurs-wynik-i-relacja-z-meczu.-jak-zagral-jeremy-sochan_sto20049858/story.shtml?source=rss", "manual_status_code": 0, "page_rating": 29, "page_rating_contents": 90, "page_rating_visits": 0, "page_rating_votes": 0, "permanent": false, "source__id": 318, "source_url": "https://tvn24.pl/najwazniejsze.xml", "status_code": 0, "tags": [], "thumbnail": null, "title": "B\u0142ysk Sochana na marne. Spurs przegrali kolejny mecz", "vote": 0}, {"age": null, "album": "", "artist": null, "bookmarked": false, "comments": [], "date_published": "2024-10-31T06:52:39+00:00", "description": "\n    \n    <img src=\"https://tvn24.pl/najnowsze/cdn-zdjecie-3978234-imagetitle/alternates/LANDSCAPE_1280\" alt=\"Dlaczego Industria przegra\u0142a? Trener o tym, czego zabrak\u0142o dru\u017cynie\" />\n    Ta\u0142ant Dujszebajew ma powody do niepokoju. \n    \n    ", "id": 1420079, "language": "pl-PL", "link": "https://eurosport.tvn24.pl/pilka-reczna/liga-mistrzow/2024-2025/talant-dujszebajew-trener-industrii-kielce-o-meczu-z-otp-bank-pick-szeged-w-lidze-mistrzow-pilkarzy-recznych_sto20049861/story.shtml?source=rss", "manual_status_code": 0, "page_rating": 29, "page_rating_contents": 90, "page_rating_visits": 0, "page_rating_votes": 0, "permanent": false, "source__id": 318, "source_url": "https://tvn24.pl/najwazniejsze.xml", "status_code": 0, "tags": [], "thumbnail": null, "title": "Dlaczego Industria przegra\u0142a? Trener o tym, czego zabrak\u0142o dru\u017cynie", "vote": 0}, {"age": null, "album": "", "artist": null, "bookmarked": false, "comments": [], "date_published": "2024-10-31T05:17:55+00:00", "description": "\n    \n    <img src=\"https://tvn24.pl/najnowsze/cdn-zdjecie-3556146-imagetitle/alternates/LANDSCAPE_1280\" alt=\"Kiedy Grand Prix Sao Paulo w Formule 1?\" />\n    Na brazylijskim torze Interlagos odb\u0119dzie 21. runda mistrzostw \u015bwiata.\n    \n    ", "id": 1419886, "language": "pl-PL", "link": "https://eurosport.tvn24.pl/formula-1/grand-prix-sao-paulo-terminarz.-kiedy-treningi-kwalifikacje-i-wyscig-formula-1_sto20049790/story.shtml?source=rss", "manual_status_code": 0, "page_rating": 29, "page_rating_contents": 90, "page_rating_visits": 0, "page_rating_votes": 0, "permanent": false, "source__id": 318, "source_url": "https://tvn24.pl/najwazniejsze.xml", "status_code": 0, "tags": [], "thumbnail": null, "title": "Kiedy Grand Prix Sao Paulo w Formule 1?", "vote": 0}]