[{"age": null, "album": "", "artist": null, "bookmarked": false, "comments": [], "date_published": "2024-10-31T20:38:36+00:00", "description": "Sandy Petersen is the creator of \u2018Call of Cthulhu,\u2019 the popular RPG inspired by the works of the fantasy author, as well as the designer of the famous video game \u2018Doom\u2019", "id": 1425011, "language": "en", "link": "https://english.elpais.com/culture/2024-10-31/how-lovecraft-found-new-fans-thanks-to-a-terrifying-role-playing-game.html", "manual_status_code": 0, "page_rating": 27, "page_rating_contents": 86, "page_rating_visits": 0, "page_rating_votes": 0, "permanent": false, "source__id": 99, "source_url": "https://feeds.elpais.com/mrss-s/pages/ep/site/english.elpais.com/portada", "status_code": 0, "tags": [], "thumbnail": "https://images.english.elpais.com/resizer/v2/HC33P3QDWZE3LG4ELCDVPXMI6M.jpg?auth=bd14b0f9bdf164f4dd6ca1bb470f97bfa9772e1afe6606c4de65b34830c8fddd", "title": "How Lovecraft found new fans thanks to a terrifying role-playing game", "vote": 0}, {"age": null, "album": "", "artist": null, "bookmarked": false, "comments": [], "date_published": "2024-10-31T19:05:01+00:00", "description": "The U.N. reports that in 2023, four out of 10 war fatalities were women, as civilian casualties surged due to conflicts like the Gaza offensive", "id": 1425012, "language": "en", "link": "https://english.elpais.com/international/2024-10-31/percentage-of-women-killed-in-armed-conflicts-doubles-in-one-year.html", "manual_status_code": 0, "page_rating": 27, "page_rating_contents": 86, "page_rating_visits": 0, "page_rating_votes": 0, "permanent": false, "source__id": 99, "source_url": "https://feeds.elpais.com/mrss-s/pages/ep/site/english.elpais.com/portada", "status_code": 0, "tags": [], "thumbnail": "https://images.english.elpais.com/resizer/v2/NOSHGN3TDIMAZBGKM24U2ZL5SQ.jpg?auth=dc0f9b7d66996305a4af68c89a766e7bcb76949f0430de77bbad00b5e5ec12c8", "title": "Percentage of women killed in armed conflicts doubles in one year", "vote": 0}, {"age": null, "album": "", "artist": null, "bookmarked": false, "comments": [], "date_published": "2024-10-31T18:04:10+00:00", "description": "The UCLA academic, who received the prestigious MacArthur Fellowship in 2019, predicts that border management will continue to tighten regardless of who wins the election   ", "id": 1424228, "language": "en", "link": "https://english.elpais.com/usa/elections/2024-10-31/kelly-lytle-hernandez-historian-immigration-control-is-the-perfect-tool-for-an-autocrat-like-trump.html", "manual_status_code": 0, "page_rating": 27, "page_rating_contents": 86, "page_rating_visits": 0, "page_rating_votes": 0, "permanent": false, "source__id": 99, "source_url": "https://feeds.elpais.com/mrss-s/pages/ep/site/english.elpais.com/portada", "status_code": 0, "tags": [], "thumbnail": "https://images.english.elpais.com/resizer/v2/YLAZ6GAHU5BYLB3JS5HSZPE2HE.jpg?auth=19acb58cf003d53dd67dd9d024d1084aa5a009603f108cfd550e98caa5e3647b", "title": "Kelly Lytle-Hern\u00e1ndez, historian: \u2018Immigration control is the perfect tool for an autocrat like Trump\u2019", "vote": 0}, {"age": null, "album": "", "artist": null, "bookmarked": false, "comments": [], "date_published": "2024-10-31T18:03:47+00:00", "description": "According to one poll, 68% of this electorate plans to vote for the Republican candidate, doubling the figure he received in 2016", "id": 1424227, "language": "en", "link": "https://english.elpais.com/usa/elections/2024-10-31/floridas-cuban-american-voters-a-story-of-republican-love-and-trump-fervor.html", "manual_status_code": 0, "page_rating": 27, "page_rating_contents": 86, "page_rating_visits": 0, "page_rating_votes": 0, "permanent": false, "source__id": 99, "source_url": "https://feeds.elpais.com/mrss-s/pages/ep/site/english.elpais.com/portada", "status_code": 0, "tags": [], "thumbnail": "https://images.english.elpais.com/resizer/v2/E3M4BI6YWBHNVJCP7RMOZAHKQU.jpg?auth=4abcf1a90407247de39d734f54d140ee0736172b1c139dff0bfdb10920b3c337", "title": "Florida\u2019s Cuban-American voters: A story of Republican love and Trump fervor", "vote": 0}, {"age": null, "album": "", "artist": null, "bookmarked": false, "comments": [], "date_published": "2024-10-31T14:35:57+00:00", "description": "A judge, a doctor, police officers and officials are accused of having hidden the bodies that arrived on the beaches of Buenos Aires after being thrown from military planes", "id": 1422778, "language": "en", "link": "https://english.elpais.com/international/2024-10-31/after-45-years-argentina-brings-those-who-covered-up-the-dictatorships-death-flights-to-trial.html", "manual_status_code": 0, "page_rating": 27, "page_rating_contents": 86, "page_rating_visits": 0, "page_rating_votes": 0, "permanent": false, "source__id": 99, "source_url": "https://feeds.elpais.com/mrss-s/pages/ep/site/english.elpais.com/portada", "status_code": 0, "tags": [], "thumbnail": "https://images.english.elpais.com/resizer/v2/XU57IVJ33ZDJ3L55VQTQEFOWUQ.JPG?auth=8c8b35721db1f526401d2c3c580277c4b4c7a747f8eb137afef26dc4ffadbc16", "title": "After 45 years, Argentina brings those who covered up the dictatorship\u2019s death flights to trial", "vote": 0}, {"age": null, "album": "", "artist": null, "bookmarked": false, "comments": [], "date_published": "2024-10-31T14:21:07+00:00", "description": "Three cities in northern Mexico have imposed bans on costumes that fully cover the face, citing difficulties in identifying individuals amid the surge in organized crime", "id": 1423335, "language": "en", "link": "https://english.elpais.com/international/2024-10-31/no-masks-in-public-spaces-mexico-tightens-restrictions-on-halloween-celebrations-due-to-rising-violence.html", "manual_status_code": 0, "page_rating": 27, "page_rating_contents": 86, "page_rating_visits": 0, "page_rating_votes": 0, "permanent": false, "source__id": 99, "source_url": "https://feeds.elpais.com/mrss-s/pages/ep/site/english.elpais.com/portada", "status_code": 0, "tags": [], "thumbnail": "https://images.english.elpais.com/resizer/v2/UYEX5FNJ5JB5NOBJO4DNMHGNQ4.jpg?auth=1206ee07175312b6b2372489933b1881514b4f8b8a7a27268c94d7e785ffab38", "title": "No masks in public spaces: Mexico tightens restrictions on Halloween celebrations due to rising violence", "vote": 0}, {"age": null, "album": "", "artist": null, "bookmarked": false, "comments": [], "date_published": "2024-10-31T12:07:42+00:00", "description": "A study warns that these events, which claimed more than 570,000 lives and included the heat waves of 2022 and 2023, were more severe and likely due to global warming", "id": 1421848, "language": "en", "link": "https://english.elpais.com/climate/2024-10-31/climate-change-intensified-the-10-deadliest-extreme-events-of-the-past-20-years.html", "manual_status_code": 0, "page_rating": 27, "page_rating_contents": 86, "page_rating_visits": 0, "page_rating_votes": 0, "permanent": false, "source__id": 99, "source_url": "https://feeds.elpais.com/mrss-s/pages/ep/site/english.elpais.com/portada", "status_code": 0, "tags": [], "thumbnail": "https://images.english.elpais.com/resizer/v2/BTMPV2K5UZAGLHW52XHW45FGLA.jpg?auth=46173c5b3b062d10e4c5d07f9648a697075d65683dd16fdcd9a3299fdc13ad1e", "title": "Climate change intensified the 10 deadliest extreme events of the past 20 years", "vote": 0}, {"age": null, "album": "", "artist": null, "bookmarked": false, "comments": [], "date_published": "2024-10-31T11:29:22+00:00", "description": "The refusal of his government to negotiate with Hamas on the release of captives in Gaza led to more than 100 soldiers announcing in a letter to the prime minister that they would no longer wear the uniform", "id": 1421388, "language": "en", "link": "https://english.elpais.com/international/2024-10-31/israeli-deserters-against-netanyahu-i-would-re-enlist-if-we-were-fighting-to-get-the-hostages-back.html", "manual_status_code": 0, "page_rating": 27, "page_rating_contents": 86, "page_rating_visits": 0, "page_rating_votes": 0, "permanent": false, "source__id": 99, "source_url": "https://feeds.elpais.com/mrss-s/pages/ep/site/english.elpais.com/portada", "status_code": 0, "tags": [], "thumbnail": "https://images.english.elpais.com/resizer/v2/W55UMZASNBFZVOO2FNPWPXTM4Q.JPG?auth=a0b9c10f83a5135c877a178171dcbe7cd34c719fb6a2097028d77e9f45579a29", "title": "Israeli deserters against Netanyahu: \u2018I would re-enlist if we were fighting to get the hostages back\u2019", "vote": 0}, {"age": null, "album": "", "artist": null, "bookmarked": false, "comments": [], "date_published": "2024-10-31T10:40:59+00:00", "description": "The Democratic candidate has a lead of up to 30 percentage points in the female vote, while the Republican is ahead in the polls by a dozen points among men", "id": 1421387, "language": "en", "link": "https://english.elpais.com/usa/elections/2024-10-31/the-gender-electoral-gap-is-widening-in-the-united-states-men-are-for-trump-and-women-for-harris.html", "manual_status_code": 0, "page_rating": 27, "page_rating_contents": 86, "page_rating_visits": 0, "page_rating_votes": 0, "permanent": false, "source__id": 99, "source_url": "https://feeds.elpais.com/mrss-s/pages/ep/site/english.elpais.com/portada", "status_code": 0, "tags": [], "thumbnail": "https://images.english.elpais.com/resizer/v2/SHQATSDL74GWVCS7ATQV5YZ6T4.jpg?auth=1ad24bf3c4c2cf7169f10ee161fb0290e4574809e0b9e2129b3b710c834c5004", "title": "The gender electoral gap is widening in the United States: Men are for Trump and women for Harris", "vote": 0}]