[{"age": null, "album": "", "artist": null, "bookmarked": false, "comments": [], "date_published": "2024-10-31T23:06:59+00:00", "description": "House Republicans referred the former New York governor for prosecution. His insistence on a faulty memory makes that outcome unlikely.", "id": 1425756, "language": "en-us", "link": "https://www.nytimes.com/2024/10/31/nyregion/cuomo-lies-covid-justice.html", "manual_status_code": 0, "page_rating": 27, "page_rating_contents": 86, "page_rating_visits": 0, "page_rating_votes": 0, "permanent": false, "source__id": 229, "source_url": "https://rss.nytimes.com/services/xml/rss/nyt/HomePage.xml", "status_code": 0, "tags": [], "thumbnail": "https://static01.nyt.com/images/2024/10/31/multimedia/31ny-cuomo-gvlt/31ny-cuomo-gvlt-mediumSquareAt3X.jpg", "title": "Cuomo Told a House Panel His Memory Was Hazy. Is That a Perjury Defense?", "vote": 0}, {"age": null, "album": "", "artist": null, "bookmarked": false, "comments": [], "date_published": "2024-10-31T23:05:48+00:00", "description": "The aerospace manufacturer\u2019s largest union said it would put the contract to a vote on Monday by its 33,000 members, who rejected two earlier agreements.", "id": 1425755, "language": "en-us", "link": "https://www.nytimes.com/2024/10/31/business/boeing-strike-union-deal.html", "manual_status_code": 0, "page_rating": 27, "page_rating_contents": 86, "page_rating_visits": 0, "page_rating_votes": 0, "permanent": false, "source__id": 229, "source_url": "https://rss.nytimes.com/services/xml/rss/nyt/HomePage.xml", "status_code": 0, "tags": [], "thumbnail": "https://static01.nyt.com/images/2024/10/23/multimedia/BOEING-VOTE-02-jzhm/BOEING-VOTE-02-jzhm-mediumSquareAt3X.jpg", "title": "Boeing Reaches New Deal With Union in Hopes of Ending Strike", "vote": 0}, {"age": null, "album": "", "artist": null, "bookmarked": false, "comments": [], "date_published": "2024-10-31T23:02:08+00:00", "description": "In an arrest warrant for Edoardo Almagi\u00e0, a Princeton-educated antiquities dealer, the Manhattan district attorney\u2019s office detailed what it described as decades of illicit transactions.", "id": 1425758, "language": "en-us", "link": "https://www.nytimes.com/2024/10/31/arts/design/looted-artifacts-charges-edoardo-almagia.html", "manual_status_code": 0, "page_rating": 27, "page_rating_contents": 86, "page_rating_visits": 0, "page_rating_votes": 0, "permanent": false, "source__id": 229, "source_url": "https://rss.nytimes.com/services/xml/rss/nyt/HomePage.xml", "status_code": 0, "tags": [], "thumbnail": null, "title": "Investigators Say a High-Profile Dealer Trafficked 2,000 Looted Artifacts", "vote": 0}, {"age": null, "album": "", "artist": null, "bookmarked": false, "comments": [], "date_published": "2024-10-31T23:00:07+00:00", "description": "Many of Donald Trump\u2019s supporters are unprepared for what\u2019s coming if he wins.", "id": 1425753, "language": "en-us", "link": "https://www.nytimes.com/2024/10/31/opinion/trump-musk-mike-johnson.html", "manual_status_code": 0, "page_rating": 27, "page_rating_contents": 86, "page_rating_visits": 0, "page_rating_votes": 0, "permanent": false, "source__id": 229, "source_url": "https://rss.nytimes.com/services/xml/rss/nyt/HomePage.xml", "status_code": 0, "tags": [], "thumbnail": "https://static01.nyt.com/images/2024/11/01/multimedia/31krugman1-hzck/31krugman1-hzck-mediumSquareAt3X.jpg", "title": "Leopards Are Telling You That They Will Eat YOUR Face", "vote": 0}, {"age": null, "album": "", "artist": null, "bookmarked": false, "comments": [], "date_published": "2024-10-31T22:32:10+00:00", "description": "President Biden hosted his final pre-election international visitor in the Oval Office, where the talk focused on the Middle East and Europe. But uncertainty in the United States hung over the meeting.", "id": 1425757, "language": "en-us", "link": "https://www.nytimes.com/2024/10/31/us/politics/biden-cyprus-meeting.html", "manual_status_code": 0, "page_rating": 27, "page_rating_contents": 86, "page_rating_visits": 0, "page_rating_votes": 0, "permanent": false, "source__id": 229, "source_url": "https://rss.nytimes.com/services/xml/rss/nyt/HomePage.xml", "status_code": 0, "tags": [], "thumbnail": "https://static01.nyt.com/images/2024/10/31/multimedia/31dc-biden-cyprus-hkgt/31dc-biden-cyprus-hkgt-mediumSquareAt3X.jpg", "title": "As Election Nears, Foreign Leaders Fear \u2018a Vacuum\u2019 in American Leadership", "vote": 0}, {"age": null, "album": "", "artist": null, "bookmarked": false, "comments": [], "date_published": "2024-10-31T22:04:37+00:00", "description": "Kamala Harris seized on Donald Trump\u2019s latest comments about women, and the Trump team lashed out over a remark about his female allies by Mark Cuban, a top Harris supporter.", "id": 1425536, "language": "en-us", "link": "https://www.nytimes.com/2024/10/31/us/politics/harris-trump-women-arizona-las-vegas-nevada.html", "manual_status_code": 0, "page_rating": 27, "page_rating_contents": 86, "page_rating_visits": 0, "page_rating_votes": 0, "permanent": false, "source__id": 229, "source_url": "https://rss.nytimes.com/services/xml/rss/nyt/HomePage.xml", "status_code": 0, "tags": [], "thumbnail": "https://static01.nyt.com/images/2024/10/31/multimedia/31pol-campaign-sub-jbcv/31pol-campaign-sub-jbcv-mediumSquareAt3X.jpg", "title": "Harris and Trump Trade Attacks Over Gender, and Mark Cuban Enters the Fray", "vote": 0}, {"age": null, "album": "", "artist": null, "bookmarked": false, "comments": [], "date_published": "2024-10-31T21:40:21+00:00", "description": "Also, Russia is making swift advances in Ukraine. Here\u2019s the latest at the end of Thursday.", "id": 1425754, "language": "en-us", "link": "https://www.nytimes.com/2024/10/31/briefing/harris-trump-white-women-russia-ukraine-gains.html", "manual_status_code": 0, "page_rating": 27, "page_rating_contents": 86, "page_rating_visits": 0, "page_rating_votes": 0, "permanent": false, "source__id": 229, "source_url": "https://rss.nytimes.com/services/xml/rss/nyt/HomePage.xml", "status_code": 0, "tags": [], "thumbnail": "https://static01.nyt.com/images/2024/10/31/multimedia/31evening-nl-pol-harris-whitewomen/31pol-harris-whitewomen-topart-wfjg-mediumSquareAt3X.jpg", "title": "White Women Could Decide the Election", "vote": 0}, {"age": null, "album": "", "artist": null, "bookmarked": false, "comments": [], "date_published": "2024-10-31T21:35:56+00:00", "description": "The Silicon Valley chip maker has struggled to turn around its fortunes after missing opportunities and poor execution.", "id": 1425218, "language": "en-us", "link": "https://www.nytimes.com/2024/10/31/technology/intel-earnings-loss.html", "manual_status_code": 0, "page_rating": 27, "page_rating_contents": 86, "page_rating_visits": 0, "page_rating_votes": 0, "permanent": false, "source__id": 229, "source_url": "https://rss.nytimes.com/services/xml/rss/nyt/HomePage.xml", "status_code": 0, "tags": [], "thumbnail": "https://static01.nyt.com/images/2024/10/31/multimedia/31intel-mwvq/31intel-mwvq-mediumSquareAt3X.jpg", "title": "Intel Posts $16.6 Billion Quarterly Loss, Its Biggest Ever", "vote": 0}, {"age": null, "album": "", "artist": null, "bookmarked": false, "comments": [], "date_published": "2024-10-31T21:24:51+00:00", "description": "Suzanne Nossel, who has led the free expression group since 2013, is leaving after a year of intense criticism of its response to the war in Gaza.", "id": 1425223, "language": "en-us", "link": "https://www.nytimes.com/2024/10/31/arts/pen-america-suzanne-nossel.html", "manual_status_code": 0, "page_rating": 27, "page_rating_contents": 86, "page_rating_visits": 0, "page_rating_votes": 0, "permanent": false, "source__id": 229, "source_url": "https://rss.nytimes.com/services/xml/rss/nyt/HomePage.xml", "status_code": 0, "tags": [], "thumbnail": "https://static01.nyt.com/images/2024/10/31/multimedia/31PEN-NOSSEL-fjlm/31PEN-NOSSEL-fjlm-mediumSquareAt3X.jpg", "title": "Suzanne Nossel, PEN America Leader, to Leave Embattled Organization", "vote": 0}, {"age": null, "album": "", "artist": null, "bookmarked": false, "comments": [], "date_published": "2024-10-31T21:23:32+00:00", "description": "The star Atlanta rapper admitted to six counts, including participating in criminal street gang activity, ending his role in the longest trial in Georgia history.", "id": 1425221, "language": "en-us", "link": "https://www.nytimes.com/2024/10/31/arts/music/young-thug-guilty-plea-ysl-young-slime-life-trial.html", "manual_status_code": 0, "page_rating": 27, "page_rating_contents": 86, "page_rating_visits": 0, "page_rating_votes": 0, "permanent": false, "source__id": 229, "source_url": "https://rss.nytimes.com/services/xml/rss/nyt/HomePage.xml", "status_code": 0, "tags": [], "thumbnail": "https://static01.nyt.com/images/2024/10/31/arts/31young-thug-top/31young-thug-top-mediumSquareAt3X.jpg", "title": "Young Thug Pleads Guilty in YSL Case Nearly a Year Into Trial", "vote": 0}, {"age": null, "album": "", "artist": null, "bookmarked": false, "comments": [], "date_published": "2024-10-31T21:10:57+00:00", "description": "Sales for the iPhone maker were up 4 percent to $94.9 billion. But a $14.4 billion tax bill cut profits that would have topped expectations.", "id": 1425219, "language": "en-us", "link": "https://www.nytimes.com/2024/10/31/technology/apple-profit-earnings.html", "manual_status_code": 0, "page_rating": 27, "page_rating_contents": 86, "page_rating_visits": 0, "page_rating_votes": 0, "permanent": false, "source__id": 229, "source_url": "https://rss.nytimes.com/services/xml/rss/nyt/HomePage.xml", "status_code": 0, "tags": [], "thumbnail": "https://static01.nyt.com/images/2024/10/31/multimedia/31apple-2-qkhw/31apple-2-qkhw-mediumSquareAt3X.jpg", "title": "Apple\u2019s Quarterly Profit Down Because of Tax Payment in Europe", "vote": 0}, {"age": null, "album": "", "artist": null, "bookmarked": false, "comments": [], "date_published": "2024-10-31T21:10:29+00:00", "description": "The financing efforts follow that of rival OpenAI, which recently closed a funding round that valued it at $157 billion.", "id": 1425216, "language": "en-us", "link": "https://www.nytimes.com/2024/10/31/technology/elon-musk-xai-valuation.html", "manual_status_code": 0, "page_rating": 27, "page_rating_contents": 86, "page_rating_visits": 0, "page_rating_votes": 0, "permanent": false, "source__id": 229, "source_url": "https://rss.nytimes.com/services/xml/rss/nyt/HomePage.xml", "status_code": 0, "tags": [], "thumbnail": "https://static01.nyt.com/images/2024/10/31/multimedia/31musk-xai-tpjk/31musk-xai-tpjk-mediumSquareAt3X.jpg", "title": "Elon Musk\u2019s xAI in Funding Talks That Could Value Company at $40 Billion", "vote": 0}, {"age": null, "album": "", "artist": null, "bookmarked": false, "comments": [], "date_published": "2024-10-31T20:51:17+00:00", "description": "The tech giant\u2019s cloud computing business picked up steam and its retail business showed resiliency.", "id": 1425217, "language": "en-us", "link": "https://www.nytimes.com/2024/10/31/business/amazon-q3-earnings.html", "manual_status_code": 0, "page_rating": 27, "page_rating_contents": 86, "page_rating_visits": 0, "page_rating_votes": 0, "permanent": false, "source__id": 229, "source_url": "https://rss.nytimes.com/services/xml/rss/nyt/HomePage.xml", "status_code": 0, "tags": [], "thumbnail": "https://static01.nyt.com/images/2024/10/31/multimedia/31AMAZON-EARNINGS-1-01-zthg/31AMAZON-EARNINGS-1-01-zthg-mediumSquareAt3X.jpg", "title": "Amazon Stock Jumps After Earnings Report Record $15.3 Billion Profit", "vote": 0}, {"age": null, "album": "", "artist": null, "bookmarked": false, "comments": [], "date_published": "2024-10-31T20:33:37+00:00", "description": "Messages among leaders at Harvard and other universities, published by House Republicans, reveal discussions on how to balance public statements about the war and how to negotiate with protesters.", "id": 1424836, "language": "en-us", "link": "https://www.nytimes.com/2024/10/31/us/harvard-oct-7-emails-israel-hamas-attack.html", "manual_status_code": 0, "page_rating": 27, "page_rating_contents": 86, "page_rating_visits": 0, "page_rating_votes": 0, "permanent": false, "source__id": 229, "source_url": "https://rss.nytimes.com/services/xml/rss/nyt/HomePage.xml", "status_code": 0, "tags": [], "thumbnail": "https://static01.nyt.com/images/2024/10/31/multimedia/31nat-antisemitism-01-wkbt/31nat-antisemitism-01-wkbt-mediumSquareAt3X.jpg", "title": "Internal Emails Show Harvard Leaders Debating Response to Hamas Attack", "vote": 0}, {"age": null, "album": "", "artist": null, "bookmarked": false, "comments": [], "date_published": "2024-10-31T20:17:30+00:00", "description": "Hundreds of fires are burning in New Jersey and Connecticut as the region experiences a spell of unusually warm fall weather.", "id": 1425222, "language": "en-us", "link": "https://www.nytimes.com/2024/10/31/nyregion/new-jersey-connecticut-wildfires-drought.html", "manual_status_code": 0, "page_rating": 27, "page_rating_contents": 86, "page_rating_visits": 0, "page_rating_votes": 0, "permanent": false, "source__id": 229, "source_url": "https://rss.nytimes.com/services/xml/rss/nyt/HomePage.xml", "status_code": 0, "tags": [], "thumbnail": "https://static01.nyt.com/images/2024/10/30/multimedia/30drought-wildfires-bmlw/30drought-wildfires-bmlw-mediumSquareAt3X.jpg", "title": "Rare Autumn Drought in Northeast Brings a Spate of Wildfires", "vote": 0}, {"age": null, "album": "", "artist": null, "bookmarked": false, "comments": [], "date_published": "2024-10-31T19:28:45+00:00", "description": "There\u2019s plenty going on there, but it\u2019s not senility. It\u2019s \u201cextravagance.\u201d", "id": 1425220, "language": "en-us", "link": "https://www.nytimes.com/2024/10/31/opinion/donald-trump-speech-aging.html", "manual_status_code": 0, "page_rating": 27, "page_rating_contents": 86, "page_rating_visits": 0, "page_rating_votes": 0, "permanent": false, "source__id": 229, "source_url": "https://rss.nytimes.com/services/xml/rss/nyt/HomePage.xml", "status_code": 0, "tags": [], "thumbnail": "https://static01.nyt.com/images/2024/10/31/opinion/31mcwhorter-newsletter-image/31mcwhorter-newsletter-image-mediumSquareAt3X.jpg", "title": "Donald Trump Is Bored", "vote": 0}, {"age": null, "album": "", "artist": null, "bookmarked": false, "comments": [], "date_published": "2024-10-31T18:28:34.912999+00:00", "description": "After he was mugged, he took a therapist\u2019s advice to work with \u201cdifficult students at a difficult school.\u201d They ignored him until the lessons turned to business.", "id": 1424043, "language": "en-us", "link": "https://www.nytimes.com/2024/10/28/nyregion/steve-mariotti-dead.html", "manual_status_code": 0, "page_rating": 27, "page_rating_contents": 86, "page_rating_visits": 0, "page_rating_votes": 0, "permanent": false, "source__id": 229, "source_url": "https://rss.nytimes.com/services/xml/rss/nyt/HomePage.xml", "status_code": 0, "tags": [], "thumbnail": "https://static01.nyt.com/images/2024/10/28/multimedia/28mariotti1-fklc/28mariotti1-fklc-mediumSquareAt3X.jpg", "title": "Steve Mariotti, Whose Trauma Led Him to Help Youths at Risk, Dies at 71", "vote": 0}, {"age": null, "album": "", "artist": null, "bookmarked": false, "comments": [], "date_published": "2024-10-31T18:28:32.886110+00:00", "description": "The Labour Party is betting that extra spending on public services and more investment will eventually revitalize the country\u2019s stagnant economy.", "id": 1424042, "language": "en-us", "link": "https://www.nytimes.com/2024/10/31/business/2024-uk-budget-summary.html", "manual_status_code": 0, "page_rating": 27, "page_rating_contents": 86, "page_rating_visits": 0, "page_rating_votes": 0, "permanent": false, "source__id": 229, "source_url": "https://rss.nytimes.com/services/xml/rss/nyt/HomePage.xml", "status_code": 0, "tags": [], "thumbnail": "https://static01.nyt.com/images/2024/10/31/multimedia/31uk-budget-explainer-wzcq/31uk-budget-explainer-wzcq-mediumSquareAt3X.jpg", "title": "U.K. Budget Makes a Big Bet on Spending for Growth", "vote": 0}, {"age": null, "album": "", "artist": null, "bookmarked": false, "comments": [], "date_published": "2024-10-31T18:28:30.778192+00:00", "description": "Being disabled shouldn\u2019t mean being ignored.", "id": 1424041, "language": "en-us", "link": "https://www.nytimes.com/live/2024/10/30/opinion/thepoint/hey-bus-driver-why-cant-you-see-us", "manual_status_code": 0, "page_rating": 27, "page_rating_contents": 86, "page_rating_visits": 0, "page_rating_votes": 0, "permanent": false, "source__id": 229, "source_url": "https://rss.nytimes.com/services/xml/rss/nyt/HomePage.xml", "status_code": 0, "tags": [], "thumbnail": null, "title": "Hey, Bus Driver: Why Can\u2019t You See Us?", "vote": 0}, {"age": null, "album": "", "artist": null, "bookmarked": false, "comments": [], "date_published": "2024-10-31T18:28:28.118742+00:00", "description": "Our vote won\u2019t be a reaction to racist jokes.", "id": 1424040, "language": "en-us", "link": "https://www.nytimes.com/2024/10/31/opinion/moreno-miranda-martin-puerto-rico.html", "manual_status_code": 0, "page_rating": 27, "page_rating_contents": 86, "page_rating_visits": 0, "page_rating_votes": 0, "permanent": false, "source__id": 229, "source_url": "https://rss.nytimes.com/services/xml/rss/nyt/HomePage.xml", "status_code": 0, "tags": [], "thumbnail": "https://static01.nyt.com/images/2024/10/31/opinion/31martin-image/31martin-image-mediumSquareAt3X.jpg", "title": "Ricky Martin, Lin Manuel Miranda and Rita Moreno Respond for Puerto Rico", "vote": 0}, {"age": null, "album": "", "artist": null, "bookmarked": false, "comments": [], "date_published": "2024-10-31T18:28:26.053565+00:00", "description": "In 2022, the pop singer and songwriter canceled a world tour to focus on his mental health. Returning with a stripped-down album, he has a mature new message for his fans.", "id": 1424039, "language": "en-us", "link": "https://www.nytimes.com/2024/10/31/arts/music/shawn-mendes.html", "manual_status_code": 0, "page_rating": 27, "page_rating_contents": 86, "page_rating_visits": 0, "page_rating_votes": 0, "permanent": false, "source__id": 229, "source_url": "https://rss.nytimes.com/services/xml/rss/nyt/HomePage.xml", "status_code": 0, "tags": [], "thumbnail": "https://static01.nyt.com/images/2024/10/31/multimedia/mendes-promo2-lpkg/mendes-promo2-lpkg-mediumSquareAt3X.jpg", "title": "Shawn Mendes Walked Away From Stardom. He\u2019s Ready to Talk About It.", "vote": 0}, {"age": null, "album": "", "artist": null, "bookmarked": false, "comments": [], "date_published": "2024-10-31T18:28:23.472242+00:00", "description": "Donald Trump has won white women, the country\u2019s largest voting bloc, for two elections running. White female Democrats are trying to stop that from happening again, but it may be an uphill fight.", "id": 1424038, "language": "en-us", "link": "https://www.nytimes.com/2024/10/31/us/politics/white-women-harris-trump-2024-election.html", "manual_status_code": 0, "page_rating": 27, "page_rating_contents": 86, "page_rating_visits": 0, "page_rating_votes": 0, "permanent": false, "source__id": 229, "source_url": "https://rss.nytimes.com/services/xml/rss/nyt/HomePage.xml", "status_code": 0, "tags": [], "thumbnail": "https://static01.nyt.com/images/2024/10/31/multimedia/31pol-harris-whitewomen-topart-pjvc/31pol-harris-whitewomen-topart-pjvc-mediumSquareAt3X.jpg", "title": "They Want to Ensure That, This Time, White Women Vote for a Woman", "vote": 0}, {"age": null, "album": "", "artist": null, "bookmarked": false, "comments": [], "date_published": "2024-10-31T18:12:16+00:00", "description": "Unlikely friendships can make America a better place.", "id": 1425538, "language": "en-us", "link": "https://www.nytimes.com/2024/10/31/opinion/kamala-harris-cheney-trump.html", "manual_status_code": 0, "page_rating": 27, "page_rating_contents": 86, "page_rating_visits": 0, "page_rating_votes": 0, "permanent": false, "source__id": 229, "source_url": "https://rss.nytimes.com/services/xml/rss/nyt/HomePage.xml", "status_code": 0, "tags": [], "thumbnail": "https://static01.nyt.com/images/2024/10/31/opinion/31french-newsletter-image/31french-newsletter-image-mediumSquareAt3X.jpg", "title": "The Harris-Cheney Partnership Is Not Just a Marriage of Convenience", "vote": 0}, {"age": null, "album": "", "artist": null, "bookmarked": false, "comments": [], "date_published": "2024-10-31T18:00:09+00:00", "description": "British data shows that children conceived and born during a period of sugar rationing were less likely to develop diabetes or high blood pressure later in life.", "id": 1424403, "language": "en-us", "link": "https://www.nytimes.com/2024/10/31/health/sugar-rationing-britain-health-experiment.html", "manual_status_code": 0, "page_rating": 27, "page_rating_contents": 86, "page_rating_visits": 0, "page_rating_votes": 0, "permanent": false, "source__id": 229, "source_url": "https://rss.nytimes.com/services/xml/rss/nyt/HomePage.xml", "status_code": 0, "tags": [], "thumbnail": "https://static01.nyt.com/images/2024/10/31/science/31-sugar-promo/31-sugar-promo-mediumSquareAt3X.jpg", "title": "Sugar Rationing Lowered Diabetes and Hypertension in British Children", "vote": 0}, {"age": null, "album": "", "artist": null, "bookmarked": false, "comments": [], "date_published": "2024-10-31T16:52:45+00:00", "description": "Skewed polls and anonymous betting markets are building up Republicans\u2019 expectations. Donald Trump could use that to challenge the result.", "id": 1425752, "language": "en-us", "link": "https://www.nytimes.com/2024/10/31/us/politics/trump-harris-partisan-polls.html", "manual_status_code": 0, "page_rating": 27, "page_rating_contents": 86, "page_rating_visits": 0, "page_rating_votes": 0, "permanent": false, "source__id": 229, "source_url": "https://rss.nytimes.com/services/xml/rss/nyt/HomePage.xml", "status_code": 0, "tags": [], "thumbnail": "https://static01.nyt.com/images/2024/10/31/us/politics/31pol-expectations-top/31pol-expectations-top-mediumSquareAt3X.jpg", "title": "Why the Right Thinks Trump Is Running Away With the Race", "vote": 0}, {"age": null, "album": "", "artist": null, "bookmarked": false, "comments": [], "date_published": "2024-10-31T15:29:40+00:00", "description": "To prepare for ever-longer shopping season, thousands of employees were assembled for a retail jamboree in Florida\u2019s August heat.", "id": 1423582, "language": "en-us", "link": "https://www.nytimes.com/2024/10/31/business/walmart-holiday-shopping-workers.html", "manual_status_code": 0, "page_rating": 27, "page_rating_contents": 86, "page_rating_visits": 0, "page_rating_votes": 0, "permanent": false, "source__id": 229, "source_url": "https://rss.nytimes.com/services/xml/rss/nyt/HomePage.xml", "status_code": 0, "tags": [], "thumbnail": "https://static01.nyt.com/images/2024/10/17/multimedia/00Walmart-Holiday-01-qmvl/00Walmart-Holiday-01-qmvl-mediumSquareAt3X.jpg", "title": "Walmart Holiday Shopping Plans Are Laid Months Before Black Friday", "vote": 0}, {"age": null, "album": "", "artist": null, "bookmarked": false, "comments": [], "date_published": "2024-10-31T15:00:41+00:00", "description": "One son couldn\u2019t prevent his father from giving about $1 million in savings to con artists, including one posing as a female wrestling star. The two became estranged.", "id": 1423025, "language": "en-us", "link": "https://www.nytimes.com/2024/10/31/business/scam-con-artist-family-savings.html", "manual_status_code": 0, "page_rating": 27, "page_rating_contents": 86, "page_rating_visits": 0, "page_rating_votes": 0, "permanent": false, "source__id": 229, "source_url": "https://rss.nytimes.com/services/xml/rss/nyt/HomePage.xml", "status_code": 0, "tags": [], "thumbnail": "https://static01.nyt.com/images/2024/10/28/multimedia/SCAMS-PSYCHOLOGY-06-gjbc/SCAMS-PSYCHOLOGY-06-gjbc-mediumSquareAt3X.jpg", "title": "Their Parents Are Giving Money to Scammers. They Can\u2019t Stop Them.", "vote": 0}, {"age": null, "album": "", "artist": null, "bookmarked": false, "comments": [], "date_published": "2024-10-31T12:52:55+00:00", "description": "Overall inflation slowed in September from a year earlier, though some signs of stubbornness lingered under the surface.", "id": 1421649, "language": "en-us", "link": "https://www.nytimes.com/2024/10/31/business/economy/pce-inflation-fed-september.html", "manual_status_code": 0, "page_rating": 27, "page_rating_contents": 86, "page_rating_visits": 0, "page_rating_votes": 0, "permanent": false, "source__id": 229, "source_url": "https://rss.nytimes.com/services/xml/rss/nyt/HomePage.xml", "status_code": 0, "tags": [], "thumbnail": "https://static01.nyt.com/images/2024/10/31/multimedia/31dc-pce-ktjb/31dc-pce-ktjb-mediumSquareAt3X.jpg", "title": "The Fed\u2019s Preferred Inflation Gauge Cooled Overall in September", "vote": 0}, {"age": null, "album": "", "artist": null, "bookmarked": false, "comments": [], "date_published": "2024-10-31T10:00:24+00:00", "description": "Plus, the Dodgers win the World Series.", "id": 1420825, "language": "en-us", "link": "https://www.nytimes.com/2024/10/31/podcasts/election-fears-harris-biden.html", "manual_status_code": 0, "page_rating": 27, "page_rating_contents": 86, "page_rating_visits": 0, "page_rating_votes": 0, "permanent": false, "source__id": 229, "source_url": "https://rss.nytimes.com/services/xml/rss/nyt/HomePage.xml", "status_code": 0, "tags": [], "thumbnail": "https://static01.nyt.com/images/2024/10/31/multimedia/31michigan-election-headlines-ltkj/31michigan-election-headlines-ltkj-mediumSquareAt3X.jpg", "title": "The Harris Campaign Distances Biden, and Floods Wreak Havoc in Spain", "vote": 0}, {"age": null, "album": "", "artist": null, "bookmarked": false, "comments": [], "date_published": "2024-10-31T09:06:35+00:00", "description": "Will he be remembered as American democracy\u2019s savior \u2014 or as a midwife to its ruin?", "id": 1420535, "language": "en-us", "link": "https://www.nytimes.com/2024/10/31/opinion/biden-election-legacy.html", "manual_status_code": 0, "page_rating": 27, "page_rating_contents": 86, "page_rating_visits": 0, "page_rating_votes": 0, "permanent": false, "source__id": 229, "source_url": "https://rss.nytimes.com/services/xml/rss/nyt/HomePage.xml", "status_code": 0, "tags": [], "thumbnail": null, "title": "Biden\u2019s Stake in This Election Is Like Nobody Else\u2019s", "vote": 0}, {"age": null, "album": "", "artist": null, "bookmarked": false, "comments": [], "date_published": "2024-10-31T09:05:30+00:00", "description": "It\u2019s not easy being a dot of blue in Trump country.", "id": 1420537, "language": "en-us", "link": "https://www.nytimes.com/2024/10/31/opinion/georgia-harris-trump-election.html", "manual_status_code": 0, "page_rating": 27, "page_rating_contents": 86, "page_rating_visits": 0, "page_rating_votes": 0, "permanent": false, "source__id": 229, "source_url": "https://rss.nytimes.com/services/xml/rss/nyt/HomePage.xml", "status_code": 0, "tags": [], "thumbnail": "https://static01.nyt.com/images/2024/10/31/multimedia/31gay1-jkvz/31gay1-jkvz-mediumSquareAt3X.jpg", "title": "In Georgia, Harris Supporters Pull Together and Fight the Odds", "vote": 0}, {"age": null, "album": "", "artist": null, "bookmarked": false, "comments": [], "date_published": "2024-10-31T09:05:18+00:00", "description": "Thomas DiNapoli, the New York State comptroller, found that management lapses had caused delays for people who needed permanent housing.", "id": 1421650, "language": "en-us", "link": "https://www.nytimes.com/2024/10/31/nyregion/cityfheps-housing-vouchers-audit.html", "manual_status_code": 0, "page_rating": 27, "page_rating_contents": 86, "page_rating_visits": 0, "page_rating_votes": 0, "permanent": false, "source__id": 229, "source_url": "https://rss.nytimes.com/services/xml/rss/nyt/HomePage.xml", "status_code": 0, "tags": [], "thumbnail": "https://static01.nyt.com/images/2024/10/31/multimedia/31ny-housing-vouchers-01-fvpz/31ny-housing-vouchers-01-fvpz-mediumSquareAt3X.jpg", "title": "N.Y.C. Housing Voucher Program Is \u2018Plagued With Problems,\u2019 Audit Says", "vote": 0}, {"age": null, "album": "", "artist": null, "bookmarked": false, "comments": [], "date_published": "2024-10-31T09:05:05+00:00", "description": "The former first lady\u2019s new book shows that she still doesn\u2019t care.", "id": 1420536, "language": "en-us", "link": "https://www.nytimes.com/2024/10/31/opinion/melania-trump-donald-campaign.html", "manual_status_code": 0, "page_rating": 27, "page_rating_contents": 86, "page_rating_visits": 0, "page_rating_votes": 0, "permanent": false, "source__id": 229, "source_url": "https://rss.nytimes.com/services/xml/rss/nyt/HomePage.xml", "status_code": 0, "tags": [], "thumbnail": "https://static01.nyt.com/images/2024/10/31/multimedia/31lozada-bptj/31lozada-bptj-mediumSquareAt3X.jpg", "title": "Donald and Melania Trump Were Made for Each Other", "vote": 0}, {"age": null, "album": "", "artist": null, "bookmarked": false, "comments": [], "date_published": "2024-10-31T09:04:42+00:00", "description": "Consumers still give the economy poor marks, though the job market is strong and price increases have faded for months.", "id": 1420824, "language": "en-us", "link": "https://www.nytimes.com/2024/10/31/business/economy/inflation-prices-economy.html", "manual_status_code": 0, "page_rating": 27, "page_rating_contents": 86, "page_rating_visits": 0, "page_rating_votes": 0, "permanent": false, "source__id": 229, "source_url": "https://rss.nytimes.com/services/xml/rss/nyt/HomePage.xml", "status_code": 0, "tags": [], "thumbnail": "https://static01.nyt.com/images/2024/10/30/multimedia/DC-InflationSalience-01-ftbh/DC-InflationSalience-01-ftbh-mediumSquareAt3X.jpg", "title": "Inflation Is Basically Back to Normal. Why Do Voters Still Feel Blah?", "vote": 0}, {"age": null, "album": "", "artist": null, "bookmarked": false, "comments": [], "date_published": "2024-10-31T09:04:34+00:00", "description": "The Vermont senator\u2019s appearances on the trail to support Vice President Kamala Harris stand in stark contrast to her optimistic message.", "id": 1420826, "language": "en-us", "link": "https://www.nytimes.com/2024/10/31/us/politics/bernie-sanders-kamala-harris.html", "manual_status_code": 0, "page_rating": 27, "page_rating_contents": 86, "page_rating_visits": 0, "page_rating_votes": 0, "permanent": false, "source__id": 229, "source_url": "https://rss.nytimes.com/services/xml/rss/nyt/HomePage.xml", "status_code": 0, "tags": [], "thumbnail": "https://static01.nyt.com/images/2024/10/30/multimedia/30pol-dark-bernie-ftbw/30pol-dark-bernie-ftbw-mediumSquareAt3X.jpg", "title": "A Fiery Bernie Sanders Courts Blue-Collar Voters", "vote": 0}, {"age": null, "album": "", "artist": null, "bookmarked": false, "comments": [], "date_published": "2024-10-31T09:04:15+00:00", "description": "Music hasn\u2019t had its #MeToo moment. But a transformation in how the industry works means toxic gatekeepers no longer wield the power they once did.", "id": 1420538, "language": "en-us", "link": "https://www.nytimes.com/2024/10/31/opinion/p-diddy-sean-combs-music-business-reform.html", "manual_status_code": 0, "page_rating": 27, "page_rating_contents": 86, "page_rating_visits": 0, "page_rating_votes": 0, "permanent": false, "source__id": 229, "source_url": "https://rss.nytimes.com/services/xml/rss/nyt/HomePage.xml", "status_code": 0, "tags": [], "thumbnail": null, "title": "Sean Combs Is a Chance to Remake the Music Industry", "vote": 0}, {"age": null, "album": "", "artist": null, "bookmarked": false, "comments": [], "date_published": "2024-10-31T09:03:41+00:00", "description": "A plan would demolish aged housing projects in Chelsea and build new homes and thousands of additional apartments. It could be a game changer.", "id": 1420831, "language": "en-us", "link": "https://www.nytimes.com/2024/10/31/arts/design/radical-plans-for-public-housing-stir-up-hope-and-doubt.html", "manual_status_code": 0, "page_rating": 27, "page_rating_contents": 86, "page_rating_visits": 0, "page_rating_votes": 0, "permanent": false, "source__id": 229, "source_url": "https://rss.nytimes.com/services/xml/rss/nyt/HomePage.xml", "status_code": 0, "tags": [], "thumbnail": "https://static01.nyt.com/images/2024/10/29/multimedia/00kimmelman-nycha1-jkpv/00kimmelman-nycha1-jkpv-mediumSquareAt3X.jpg", "title": "Radical Plans for Public Housing Stir Up Hope, and Doubt", "vote": 0}, {"age": null, "album": "", "artist": null, "bookmarked": false, "comments": [], "date_published": "2024-10-31T09:02:39+00:00", "description": "Both sides are trying to make their opponents sound extreme. Here is what studies and data show about when and why abortions happen later in pregnancy.", "id": 1420827, "language": "en-us", "link": "https://www.nytimes.com/2024/10/31/us/abortion-late-term-pregnancy-ballot.html", "manual_status_code": 0, "page_rating": 27, "page_rating_contents": 86, "page_rating_visits": 0, "page_rating_votes": 0, "permanent": false, "source__id": 229, "source_url": "https://rss.nytimes.com/services/xml/rss/nyt/HomePage.xml", "status_code": 0, "tags": [], "thumbnail": "https://static01.nyt.com/images/2024/10/31/multimedia/31NAT-ABORTION-mjhp/31NAT-ABORTION-mjhp-mediumSquareAt3X.jpg", "title": "What Data Shows About Late Abortions as States Prepare to Vote on Measures", "vote": 0}, {"age": null, "album": "", "artist": null, "bookmarked": false, "comments": [], "date_published": "2024-10-31T09:02:34+00:00", "description": "As libraries become public stages for social problems \u2014 homelessness, drug use, mental health \u2014 the people who work there are burning out.", "id": 1423581, "language": "en-us", "link": "https://www.nytimes.com/2024/10/31/well/mind/librarian-trauma-homeless-drugs-mental-illness.html", "manual_status_code": 0, "page_rating": 27, "page_rating_contents": 86, "page_rating_visits": 0, "page_rating_votes": 0, "permanent": false, "source__id": 229, "source_url": "https://rss.nytimes.com/services/xml/rss/nyt/HomePage.xml", "status_code": 0, "tags": [], "thumbnail": "https://static01.nyt.com/images/2024/10/29/multimedia/WELL-LIBRARIAN-TRAUMA2-lkbt/WELL-LIBRARIAN-TRAUMA2-lkbt-mediumSquareAt3X.jpg", "title": "Librarians Struggle With Mental Health After Traumatic Events at Work", "vote": 0}, {"age": null, "album": "", "artist": null, "bookmarked": false, "comments": [], "date_published": "2024-10-31T09:01:22+00:00", "description": "Consumers claim they were duped by a vacation club managed by Hyatt. Some are locked into 40-year, $50,000 contracts that they say offer few rewards.", "id": 1423023, "language": "en-us", "link": "https://www.nytimes.com/2024/10/31/realestate/unlimited-vacation-club-hyatt-contracts-deception.html", "manual_status_code": 0, "page_rating": 27, "page_rating_contents": 86, "page_rating_visits": 0, "page_rating_votes": 0, "permanent": false, "source__id": 229, "source_url": "https://rss.nytimes.com/services/xml/rss/nyt/HomePage.xml", "status_code": 0, "tags": [], "thumbnail": "https://static01.nyt.com/images/2024/10/28/realestate/28uvc-grid/28uvc-grid-mediumSquareAt3X.jpg", "title": "Customers Say a Vacation Club Managed by Hyatt Tricked Them Into Signing Pricey Contracts", "vote": 0}, {"age": null, "album": "", "artist": null, "bookmarked": false, "comments": [], "date_published": "2024-10-31T07:01:05+00:00", "description": "The former pitcher and his family go all out for Halloween, turning their northern New Jersey home into a trick-or-treater\u2019s paradise.", "id": 1423024, "language": "en-us", "link": "https://www.nytimes.com/2024/10/31/nyregion/cc-sabathia-yankees-halloween-alpine.html", "manual_status_code": 0, "page_rating": 27, "page_rating_contents": 86, "page_rating_visits": 0, "page_rating_votes": 0, "permanent": false, "source__id": 229, "source_url": "https://rss.nytimes.com/services/xml/rss/nyt/HomePage.xml", "status_code": 0, "tags": [], "thumbnail": "https://static01.nyt.com/images/2024/10/31/multimedia/31sabathia-halloween--01-fblw/31sabathia-halloween--01-fblw-mediumSquareAt3X.jpg", "title": "C. C. Sabathia Ruled Yankee Stadium. Now He\u2019s the King of Halloween.", "vote": 0}, {"age": null, "album": "", "artist": null, "bookmarked": false, "comments": [], "date_published": "2024-10-31T07:00:36+00:00", "description": "Dwindling open spaces and fast-fading traditions threaten a pursuit that can trace its roots back centuries. Animal rights activists would not be sad to see it go.", "id": 1420832, "language": "en-us", "link": "https://www.nytimes.com/2024/10/31/nyregion/pigeon-racing-nj.html", "manual_status_code": 0, "page_rating": 27, "page_rating_contents": 86, "page_rating_visits": 0, "page_rating_votes": 0, "permanent": false, "source__id": 229, "source_url": "https://rss.nytimes.com/services/xml/rss/nyt/HomePage.xml", "status_code": 0, "tags": [], "thumbnail": "https://static01.nyt.com/images/2024/11/03/nyregion/03nj-pigeon-racing-01-cgbf/03nj-pigeon-racing-01-cgbf-mediumSquareAt3X.jpg", "title": "Mike Tyson, Marlon Brando, G.I. Joe: The Old-World Art of Pigeon Racing", "vote": 0}, {"age": null, "album": "", "artist": null, "bookmarked": false, "comments": [], "date_published": "2024-10-31T07:00:33+00:00", "description": "Running a marathon can take the mind on its own strange and sometimes unpredictable journey.", "id": 1420829, "language": "en-us", "link": "https://www.nytimes.com/2024/10/31/sports/nyc-marathon-mental-game.html", "manual_status_code": 0, "page_rating": 27, "page_rating_contents": 86, "page_rating_visits": 0, "page_rating_votes": 0, "permanent": false, "source__id": 229, "source_url": "https://rss.nytimes.com/services/xml/rss/nyt/HomePage.xml", "status_code": 0, "tags": [], "thumbnail": null, "title": "What Do Marathon Runners Think About for 26.2 Miles?", "vote": 0}, {"age": null, "album": "", "artist": null, "bookmarked": false, "comments": [], "date_published": "2024-10-31T07:00:22+00:00", "description": "\u201cIt\u2019s about being prepared, but also being able to pivot,\u201d said Justin O\u2019Neill, one of the editors who programs the home page at night.", "id": 1424402, "language": "en-us", "link": "https://www.nytimes.com/2024/10/31/insider/how-the-home-page-comes-together-on-election-night.html", "manual_status_code": 0, "page_rating": 27, "page_rating_contents": 86, "page_rating_visits": 0, "page_rating_votes": 0, "permanent": false, "source__id": 229, "source_url": "https://rss.nytimes.com/services/xml/rss/nyt/HomePage.xml", "status_code": 0, "tags": [], "thumbnail": null, "title": "How The Times\u2019s Home Page Comes Together on Election Night", "vote": 0}, {"age": null, "album": "", "artist": null, "bookmarked": false, "comments": [], "date_published": "2024-10-31T07:00:14+00:00", "description": "Everything you need to know about Sunday\u2019s five-borough race.", "id": 1420830, "language": "en-us", "link": "https://www.nytimes.com/2024/10/31/nyregion/nyc-marathon-guide.html", "manual_status_code": 0, "page_rating": 27, "page_rating_contents": 86, "page_rating_visits": 0, "page_rating_votes": 0, "permanent": false, "source__id": 229, "source_url": "https://rss.nytimes.com/services/xml/rss/nyt/HomePage.xml", "status_code": 0, "tags": [], "thumbnail": "https://static01.nyt.com/images/2024/10/31/multimedia/31nycm-guide-01-ckmp/31nycm-guide-01-ckmp-mediumSquareAt3X.jpg", "title": "NYC Marathon Guide 2024: The Route, Start Times and More", "vote": 0}, {"age": null, "album": "", "artist": null, "bookmarked": false, "comments": [], "date_published": "2024-10-31T06:36:48+00:00", "description": "The undead monsters we know from movies and TV are distortions of a figure with roots in the religious practices of Haiti.", "id": 1420828, "language": "en-us", "link": "https://www.nytimes.com/2024/10/30/arts/design/zombies-quai-branly-paris.html", "manual_status_code": 0, "page_rating": 27, "page_rating_contents": 86, "page_rating_visits": 0, "page_rating_votes": 0, "permanent": false, "source__id": 229, "source_url": "https://rss.nytimes.com/services/xml/rss/nyt/HomePage.xml", "status_code": 0, "tags": [], "thumbnail": null, "title": "Zombies Are Real? A Museum Tries to Bury a Hollywood Myth.", "vote": 0}, {"age": null, "album": "", "artist": null, "bookmarked": false, "comments": [], "date_published": "2024-10-31T06:15:57+00:00", "description": "The comment shocked \u201ceveryone who couldn\u2019t believe Joe successfully logged onto Zoom,\u201d the guest host of \u201cGutfeld\u201d said.", "id": 1420833, "language": "en-us", "link": "https://www.nytimes.com/2024/10/31/arts/television/late-night-biden-garbage.html", "manual_status_code": 0, "page_rating": 27, "page_rating_contents": 86, "page_rating_visits": 0, "page_rating_votes": 0, "permanent": false, "source__id": 229, "source_url": "https://rss.nytimes.com/services/xml/rss/nyt/HomePage.xml", "status_code": 0, "tags": [], "thumbnail": null, "title": "Late Night Reacts to Biden\u2019s \u2018Garbage\u2019 Remark", "vote": 0}, {"age": null, "album": "", "artist": null, "bookmarked": false, "comments": [], "date_published": "2024-10-31T05:00:05+00:00", "description": "An attack on culture divides the very people who should be in direct dialogue, reading each other\u2019s books. It cannot be that the solution to conflict is to read less, and not more.", "id": 1419796, "language": "en-us", "link": "https://www.nytimes.com/2024/10/31/opinion/israel-palestinians-cultural-boycott.html", "manual_status_code": 0, "page_rating": 27, "page_rating_contents": 86, "page_rating_visits": 0, "page_rating_votes": 0, "permanent": false, "source__id": 229, "source_url": "https://rss.nytimes.com/services/xml/rss/nyt/HomePage.xml", "status_code": 0, "tags": [], "thumbnail": "https://static01.nyt.com/images/2024/10/31/opinion/31harris/31harris-mediumSquareAt3X.jpg", "title": "Boycotting Israeli Culture Helps No One", "vote": 0}, {"age": null, "album": "", "artist": null, "bookmarked": false, "comments": [], "date_published": "2024-10-31T04:01:13+00:00", "description": "The Biden administration will place a hub of a newly created national semiconductor technology center in upstate New York.", "id": 1420834, "language": "en-us", "link": "https://www.nytimes.com/2024/10/31/business/economy/new-york-chip-research-center.html", "manual_status_code": 0, "page_rating": 27, "page_rating_contents": 86, "page_rating_visits": 0, "page_rating_votes": 0, "permanent": false, "source__id": 229, "source_url": "https://rss.nytimes.com/services/xml/rss/nyt/HomePage.xml", "status_code": 0, "tags": [], "thumbnail": "https://static01.nyt.com/images/2024/10/30/multimedia/DC-CHIPS-06-zwct/DC-CHIPS-06-zwct-mediumSquareAt3X.jpg", "title": "New York State Chosen as National Center for Chip Manufacturing Research", "vote": 0}, {"age": null, "album": "", "artist": null, "bookmarked": false, "comments": [], "date_published": "2024-10-31T04:00:14+00:00", "description": "A brutal price war, sudden shifts in consumer demand and human rights issues in Xinjiang have left VW stumbling in a market it led for 40 years.", "id": 1419795, "language": "en-us", "link": "https://www.nytimes.com/2024/10/31/business/volkswagen-china.html", "manual_status_code": 0, "page_rating": 27, "page_rating_contents": 86, "page_rating_visits": 0, "page_rating_votes": 0, "permanent": false, "source__id": 229, "source_url": "https://rss.nytimes.com/services/xml/rss/nyt/HomePage.xml", "status_code": 0, "tags": [], "thumbnail": "https://static01.nyt.com/images/2024/10/30/multimedia/00VW-Xinjiang-01-tvhm/00VW-Xinjiang-01-tvhm-mediumSquareAt3X.jpg", "title": "How Volkswagen Lost Its Way in China", "vote": 0}, {"age": null, "album": "", "artist": null, "bookmarked": false, "comments": [], "date_published": "2024-10-31T04:00:13+00:00", "description": "More than half a million people were killed in 10 disasters that climate change worsened, according to a new report.", "id": 1419797, "language": "en-us", "link": "https://www.nytimes.com/2024/10/31/climate/climate-disasters-cop29-election.html", "manual_status_code": 0, "page_rating": 27, "page_rating_contents": 86, "page_rating_visits": 0, "page_rating_votes": 0, "permanent": false, "source__id": 229, "source_url": "https://rss.nytimes.com/services/xml/rss/nyt/HomePage.xml", "status_code": 0, "tags": [], "thumbnail": "https://static01.nyt.com/images/2024/10/31/multimedia/31cli-climate-disasters-01-mbpf/31cli-climate-disasters-01-mbpf-mediumSquareAt3X.jpg", "title": "Half a Million People Killed in Deadliest Weather Disasters Since 2004", "vote": 0}, {"age": null, "album": "", "artist": null, "bookmarked": false, "comments": [], "date_published": "2024-10-31T01:45:58+00:00", "description": "The Republican-led House subcommittee asked the Justice Department to investigate Mr. Cuomo for possible prosecution for \u201cfalse statements\u201d in his testimony.", "id": 1419323, "language": "en-us", "link": "https://www.nytimes.com/2024/10/30/nyregion/cuomo-crime-covid-hearing.html", "manual_status_code": 0, "page_rating": 27, "page_rating_contents": 86, "page_rating_visits": 0, "page_rating_votes": 0, "permanent": false, "source__id": 229, "source_url": "https://rss.nytimes.com/services/xml/rss/nyt/HomePage.xml", "status_code": 0, "tags": [], "thumbnail": "https://static01.nyt.com/images/2024/10/31/multimedia/31ny-cuomo-01-pwkj/31ny-cuomo-01-pwkj-mediumSquareAt3X.jpg", "title": "House Covid Panel Refers Andrew Cuomo for Potential Prosecution", "vote": 0}]