[
    {
        "age": null,
        "album": "",
        "author": null,
        "bookmarked": false,
        "comments": [],
        "date_dead_since": null,
        "date_published": "2024-12-21T22:53:20+00:00",
        "description": "<p><a href=\"https://www.rmf24.pl/fakty/swiat/news-fala-podpalen-i-eksplozji-w-rosji-winni-telefoniczni-oszusci,nId,7880377\"><img src=\"https://interia-s.pluscdn.pl/fala-podpalen-i-eksplozji-w-rosji-winni-telefoniczni-oszusci/000KC8BKQOAE5GW8-C307.jpg\" alt=\"Fala podpale\u0144 i eksplozji w Rosji. Winni &quot;telefoniczni oszu\u015bci&quot;\" align=\"left\" /></a>W ci\u0105gu ostatnich dw\u00f3ch dni w Moskwie, Petersburgu i kilku innych rosyjskich miastach odnotowano kilkadziesi\u0105t przypadk\u00f3w niekontrolowanych eksplozji fajerwerk\u00f3w i podpale\u0144. W powietrze wylatywa\u0142y bankomaty, samochody, a ogie\u0144 pojawia\u0142 si\u0119 nawet w urz\u0119dach rejestracji i poboru do wojska.</p><br clear=\"all\" />",
        "id": 1759090,
        "language": "pl",
        "link": "https://www.rmf24.pl/fakty/swiat/news-fala-podpalen-i-eksplozji-w-rosji-winni-telefoniczni-oszusci,nId,7880377",
        "manual_status_code": 0,
        "page_rating": 29,
        "page_rating_contents": 90,
        "page_rating_visits": 0,
        "page_rating_votes": 0,
        "permanent": false,
        "source__id": 268,
        "source_url": "https://www.rmf24.pl/feed",
        "status_code": 0,
        "tags": [],
        "thumbnail": null,
        "title": "Fala podpale\u0144 i eksplozji w Rosji. Winni \"telefoniczni oszu\u015bci\"",
        "vote": 0
    },
    {
        "age": null,
        "album": "",
        "author": null,
        "bookmarked": false,
        "comments": [],
        "date_dead_since": null,
        "date_published": "2024-12-21T21:48:48+00:00",
        "description": "<p><a href=\"https://www.rmf24.pl/raporty/raport-izrael-w-stanie-wojny/news-huti-maja-bron-hipersoniczna-pocisk-z-jemenu-przebil-sie-prz,nId,7880371\"><img src=\"https://interia-s.pluscdn.pl/huti-maja-bron-hipersoniczna-pocisk-z-jemenu-przebil-sie-prz/000KC86HW7AS5DDU-C307.jpg\" alt=\"Huti maj\u0105 bro\u0144 hipersoniczn\u0105? Pocisk z Jemenu przebi\u0142 si\u0119 przez \u017belazn\u0105 Kopu\u0142\u0119\" align=\"left\" /></a>Si\u0142y izraelskie (IDF) i ameryka\u0144skie zaatakowa\u0142y w rejonie stolicy Jemenu - Sany. To prawdopodobna odpowied\u017a na nocny atak Huti, kt\u00f3rych pocisk balistyczny spad\u0142 w okolicy Tel Awiwu, nieprzechwycony przez systemy obronne Izraela.</p><br clear=\"all\" />",
        "id": 1758875,
        "language": "pl",
        "link": "https://www.rmf24.pl/raporty/raport-izrael-w-stanie-wojny/news-huti-maja-bron-hipersoniczna-pocisk-z-jemenu-przebil-sie-prz,nId,7880371",
        "manual_status_code": 0,
        "page_rating": 29,
        "page_rating_contents": 90,
        "page_rating_visits": 0,
        "page_rating_votes": 0,
        "permanent": false,
        "source__id": 268,
        "source_url": "https://www.rmf24.pl/feed",
        "status_code": 0,
        "tags": [],
        "thumbnail": null,
        "title": "Huti maj\u0105 bro\u0144 hipersoniczn\u0105? Pocisk z Jemenu przebi\u0142 si\u0119 przez \u017belazn\u0105 Kopu\u0142\u0119",
        "vote": 0
    },
    {
        "age": null,
        "album": "",
        "author": null,
        "bookmarked": false,
        "comments": [],
        "date_dead_since": null,
        "date_published": "2024-12-21T19:47:01.726923+00:00",
        "description": "<p><a href=\"https://www.rmf24.pl/raporty/raport-wojna-z-rosja/news-tylko-bezzalogowe-maszyny-ukraincy-zaatakowali-rosjan-bez-ud,nId,7880358\"><img src=\"https://interia-s.pluscdn.pl/tylko-bezzalogowe-maszyny-ukraincy-zaatakowali-rosjan-bez-ud/000KC81YNOG7PWFF-C307.jpg\" alt=\"Tylko bezza\u0142ogowe maszyny. Ukrai\u0144cy zaatakowali Rosjan bez udzia\u0142u piechoty\" align=\"left\" /></a>Ukrai\u0144skie Si\u0142y Zbrojne poinformowa\u0142y o przeprowadzeniu pierwszego w historii ataku naziemnego wy\u0142\u0105cznie przy u\u017cyciu maszyn. Na rosyjskie pozycje mia\u0142y uderzy\u0107 drony i pojazdy bezza\u0142ogowe wyposa\u017cone w bro\u0144 paln\u0105. Do ataku mia\u0142o doj\u015b\u0107 na p\u00f3\u0142noc od Charkowa.</p><br clear=\"all\" />",
        "id": 1758335,
        "language": "pl",
        "link": "https://www.rmf24.pl/raporty/raport-wojna-z-rosja/news-tylko-bezzalogowe-maszyny-ukraincy-zaatakowali-rosjan-bez-ud,nId,7880358",
        "manual_status_code": 0,
        "page_rating": 29,
        "page_rating_contents": 90,
        "page_rating_visits": 0,
        "page_rating_votes": 0,
        "permanent": false,
        "source__id": 268,
        "source_url": "https://www.rmf24.pl/feed",
        "status_code": 0,
        "tags": [],
        "thumbnail": null,
        "title": "Tylko bezza\u0142ogowe maszyny. Ukrai\u0144cy zaatakowali Rosjan bez udzia\u0142u piechoty",
        "vote": 0
    },
    {
        "age": null,
        "album": "",
        "author": null,
        "bookmarked": false,
        "comments": [],
        "date_dead_since": null,
        "date_published": "2024-12-21T19:31:23+00:00",
        "description": "<p><a href=\"https://www.rmf24.pl/ciekawostki/news-najkrotszy-dzien-roku-tysiace-osob-swietowalo-w-stonehenge,nId,7880356\"><img src=\"https://interia-s.pluscdn.pl/najkrotszy-dzien-roku-tysiace-osob-swietowalo-w-stonehenge/000KC7VM1PHC9AL8-C307.jpg\" alt=\"\u200bNajkr\u00f3tszy dzie\u0144 roku. Tysi\u0105ce os\u00f3b \u015bwi\u0119towa\u0142o w Stonehenge\" align=\"left\" /></a>4,5 tysi\u0105ca os\u00f3b w Stonehenge \u015bwi\u0119towa\u0142o w sobot\u0119 o \u015bwicie przesilenie zimowe, czyli najkr\u00f3tszy dzie\u0144 roku na p\u00f3\u0142kuli p\u00f3\u0142nocnej. 100 tys. os\u00f3b z ca\u0142ego \u015bwiata ogl\u0105da\u0142o te obchody online w czasie rzeczywistym. &quot;To moment odnowy, odrodzenia, wchodzimy w nowy rok, a jednocze\u015bnie rozmy\u015blamy nad tym, co si\u0119 wydarzy\u0142o w roku minionym&quot; - komentowa\u0142 jeden z uczestnik\u00f3w.</p><br clear=\"all\" />",
        "id": 1758336,
        "language": "pl",
        "link": "https://www.rmf24.pl/ciekawostki/news-najkrotszy-dzien-roku-tysiace-osob-swietowalo-w-stonehenge,nId,7880356",
        "manual_status_code": 0,
        "page_rating": 29,
        "page_rating_contents": 90,
        "page_rating_visits": 0,
        "page_rating_votes": 0,
        "permanent": false,
        "source__id": 268,
        "source_url": "https://www.rmf24.pl/feed",
        "status_code": 0,
        "tags": [],
        "thumbnail": null,
        "title": "\u200bNajkr\u00f3tszy dzie\u0144 roku. Tysi\u0105ce os\u00f3b \u015bwi\u0119towa\u0142o w Stonehenge",
        "vote": 0
    },
    {
        "age": null,
        "album": "",
        "author": null,
        "bookmarked": false,
        "comments": [],
        "date_dead_since": null,
        "date_published": "2024-12-21T18:30:23.438360+00:00",
        "description": "<p><a href=\"https://www.rmf24.pl/regiony/poznan/news-ostoja-ciemnego-nieba-gdzie-i-jak-obserwowac-noca-gwiazdy,nId,7879647\"><img src=\"https://interia-s.pluscdn.pl/ostoja-ciemnego-nieba-gdzie-i-jak-obserwowac-noca-gwiazdy/000KC3YXBLY4NWNI-C307.jpg\" alt=\"Ostoja Ciemnego Nieba. Gdzie i jak obserwowa\u0107 noc\u0105 gwiazdy?\" align=\"left\" /></a>S\u0105 w Polsce miejsca, w kt\u00f3rych ogl\u0105danie gwiazd i nocnego nieba jest szczeg\u00f3lnie proste i przyjemne. Ostoje Ciemnego Nieba to specjalnie przygotowane tereny przeznaczone do samodzielnej obserwacji tego, co daje nam niebo noc\u0105.</p><br clear=\"all\" />",
        "id": 1758057,
        "language": "pl",
        "link": "https://www.rmf24.pl/regiony/poznan/news-ostoja-ciemnego-nieba-gdzie-i-jak-obserwowac-noca-gwiazdy,nId,7879647",
        "manual_status_code": 0,
        "page_rating": 29,
        "page_rating_contents": 90,
        "page_rating_visits": 0,
        "page_rating_votes": 0,
        "permanent": false,
        "source__id": 268,
        "source_url": "https://www.rmf24.pl/feed",
        "status_code": 0,
        "tags": [],
        "thumbnail": null,
        "title": "Ostoja Ciemnego Nieba. Gdzie i jak obserwowa\u0107 noc\u0105 gwiazdy?",
        "vote": 0
    },
    {
        "age": null,
        "album": "",
        "author": null,
        "bookmarked": false,
        "comments": [],
        "date_dead_since": null,
        "date_published": "2024-12-21T18:30:23.230508+00:00",
        "description": "<p><a href=\"https://www.rmf24.pl/fakty/swiat/news-sily-zbrojne-danii-yi-peng-3-opuscil-ciesnine-kattegat,nId,7880343\"><img src=\"https://interia-s.pluscdn.pl/sily-zbrojne-danii-yi-peng-3-opuscil-ciesnine-kattegat/000KC7T4MBQRLQU6-C307.jpg\" alt=\"Si\u0142y Zbrojne Danii: Yi Peng 3 opu\u015bci\u0142 cie\u015bnin\u0119 Kattegat\" align=\"left\" /></a>Chi\u0144ski statek, kt\u00f3rego za\u0142og\u0119 podejrzewa si\u0119 o sabota\u017c na Morzu Ba\u0142tyckim, opuszcza cie\u015bnin\u0119 Kattegat, gdzie cumowa\u0142 od miesi\u0105ca obserwowany przez du\u0144sk\u0105 marynark\u0119 wojenn\u0105.</p><br clear=\"all\" />",
        "id": 1758056,
        "language": "pl",
        "link": "https://www.rmf24.pl/fakty/swiat/news-sily-zbrojne-danii-yi-peng-3-opuscil-ciesnine-kattegat,nId,7880343",
        "manual_status_code": 0,
        "page_rating": 29,
        "page_rating_contents": 90,
        "page_rating_visits": 0,
        "page_rating_votes": 0,
        "permanent": false,
        "source__id": 268,
        "source_url": "https://www.rmf24.pl/feed",
        "status_code": 0,
        "tags": [],
        "thumbnail": null,
        "title": "Si\u0142y Zbrojne Danii: Yi Peng 3 opu\u015bci\u0142 cie\u015bnin\u0119 Kattegat",
        "vote": 0
    },
    {
        "age": null,
        "album": "",
        "author": null,
        "bookmarked": false,
        "comments": [],
        "date_dead_since": null,
        "date_published": "2024-12-21T17:25:54.358658+00:00",
        "description": "<p><a href=\"https://www.rmf24.pl/polityka/news-fico-ma-w-poniedzialek-poleciec-do-putina,nId,7880335\"><img src=\"https://interia-s.pluscdn.pl/fico-ma-w-poniedzialek-poleciec-do-putina/000KC7QTKX3KK7C5-C307.jpg\" alt=\"Fico ma w poniedzia\u0142ek polecie\u0107 do Putina\" align=\"left\" /></a>Prezydent Serbii Aleksander Vuci\u0107 poinformowa\u0142, \u017ce premier S\u0142owacji Robert Fico ma spotka\u0107 si\u0119 z W\u0142adimirem Putinem. Tematem rozmowy ma by\u0107 wygasaj\u0105ca umowa o przesyle rosyjskiego gazu przez Ukrain\u0119 do Europy.</p><br clear=\"all\" />",
        "id": 1757830,
        "language": "pl",
        "link": "https://www.rmf24.pl/polityka/news-fico-ma-w-poniedzialek-poleciec-do-putina,nId,7880335",
        "manual_status_code": 0,
        "page_rating": 29,
        "page_rating_contents": 90,
        "page_rating_visits": 0,
        "page_rating_votes": 0,
        "permanent": false,
        "source__id": 268,
        "source_url": "https://www.rmf24.pl/feed",
        "status_code": 0,
        "tags": [],
        "thumbnail": null,
        "title": "Fico ma w poniedzia\u0142ek polecie\u0107 do Putina",
        "vote": 0
    },
    {
        "age": null,
        "album": "",
        "author": null,
        "bookmarked": false,
        "comments": [],
        "date_dead_since": null,
        "date_published": "2024-12-21T17:25:53.490547+00:00",
        "description": "<p><a href=\"https://www.rmf24.pl/sport/pilka-nozna/news-walukiewicz-polozyl-sie-na-ziemi-zniesiono-go-na-noszach-nie,nId,7880341\"><img src=\"https://interia-s.pluscdn.pl/walukiewicz-polozyl-sie-na-ziemi-zniesiono-go-na-noszach-nie/000KC7QMHGRJFJHQ-C307.jpg\" alt=\"Walukiewicz po\u0142o\u017cy\u0142 si\u0119 na ziemi, zniesiono go na noszach. \u200bNiepokoj\u0105ce sceny z Turynu\" align=\"left\" /></a>W trakcie meczu Serie A Torino - Bologna Sebastian Walukiewicz, obro\u0144ca reprezentacji Polski, nagle poczu\u0142 si\u0119 \u017ale i po\u0142o\u017cy\u0142 na murawie. Nie by\u0142 w stanie dalej gra\u0107, zosta\u0142 zniesiony na noszach w 35. minucie meczu i przewieziony do szpitala.\n</p><br clear=\"all\" />",
        "id": 1757828,
        "language": "pl",
        "link": "https://www.rmf24.pl/sport/pilka-nozna/news-walukiewicz-polozyl-sie-na-ziemi-zniesiono-go-na-noszach-nie,nId,7880341",
        "manual_status_code": 0,
        "page_rating": 29,
        "page_rating_contents": 90,
        "page_rating_visits": 0,
        "page_rating_votes": 0,
        "permanent": false,
        "source__id": 268,
        "source_url": "https://www.rmf24.pl/feed",
        "status_code": 0,
        "tags": [],
        "thumbnail": null,
        "title": "Walukiewicz po\u0142o\u017cy\u0142 si\u0119 na ziemi, zniesiono go na noszach. \u200bNiepokoj\u0105ce sceny z Turynu",
        "vote": 0
    },
    {
        "age": null,
        "album": "",
        "author": null,
        "bookmarked": false,
        "comments": [],
        "date_dead_since": null,
        "date_published": "2024-12-21T17:11:14+00:00",
        "description": "<p><a href=\"https://www.rmf24.pl/raport-skoki-narciarskie-2024-25/news-ps-w-skokach-w-engelbergu-wygrywa-austriak-polacy-poza-pierw,nId,7880330\"><img src=\"https://interia-s.pluscdn.pl/ps-w-skokach-w-engelbergu-wygrywa-austriak-polacy-poza-pierw/000KC7LNM8APPICA-C307.jpg\" alt=\"P\u015a w skokach w Engelbergu: Wygrywa Austriak, Polacy poza pierwsz\u0105 &quot;10&quot;\" align=\"left\" /></a>Konkurs skok\u00f3w narciarskich w Engelbergu wygra\u0142 Austriak Jan Hoerl. Najlepszy z Polak\u00f3w Pawe\u0142 W\u0105sek uko\u0144czy\u0142 zawody na 11. miejscu. Do drugiej rundy awansowali tak\u017ce Kamil Stoch i Aleksander Zniszczo\u0142.</p><br clear=\"all\" />",
        "id": 1757829,
        "language": "pl",
        "link": "https://www.rmf24.pl/raport-skoki-narciarskie-2024-25/news-ps-w-skokach-w-engelbergu-wygrywa-austriak-polacy-poza-pierw,nId,7880330",
        "manual_status_code": 0,
        "page_rating": 29,
        "page_rating_contents": 90,
        "page_rating_visits": 0,
        "page_rating_votes": 0,
        "permanent": false,
        "source__id": 268,
        "source_url": "https://www.rmf24.pl/feed",
        "status_code": 0,
        "tags": [],
        "thumbnail": null,
        "title": "P\u015a w skokach w Engelbergu: Wygrywa Austriak, Polacy poza pierwsz\u0105 \"10\"",
        "vote": 0
    },
    {
        "age": null,
        "album": "",
        "author": null,
        "bookmarked": false,
        "comments": [],
        "date_dead_since": null,
        "date_published": "2024-12-21T16:50:09+00:00",
        "description": "<p><a href=\"https://www.rmf24.pl/fakty/swiat/news-papiez-jest-chory-i-nie-spotka-sie-z-wiernymi,nId,7880326\"><img src=\"https://interia-s.pluscdn.pl/papiez-jest-chory-i-nie-spotka-sie-z-wiernymi/000KC7KIDYPPDTYE-C307.jpg\" alt=\"Papie\u017c jest chory i nie spotka si\u0119 z wiernymi\" align=\"left\" /></a>Papie\u017c nie spotka si\u0119 z wiernymi w niedziel\u0119, a modlitw\u0119 Anio\u0142 Pa\u0144ski odm\u00f3wi w kaplicy Domu \u015awi\u0119tej Marty. Franciszek jest przezi\u0119biony, a w Rzymie panuje ch\u0142\u00f3d.</p><br clear=\"all\" />",
        "id": 1757831,
        "language": "pl",
        "link": "https://www.rmf24.pl/fakty/swiat/news-papiez-jest-chory-i-nie-spotka-sie-z-wiernymi,nId,7880326",
        "manual_status_code": 0,
        "page_rating": 29,
        "page_rating_contents": 90,
        "page_rating_visits": 0,
        "page_rating_votes": 0,
        "permanent": false,
        "source__id": 268,
        "source_url": "https://www.rmf24.pl/feed",
        "status_code": 0,
        "tags": [],
        "thumbnail": null,
        "title": "Papie\u017c jest chory i nie spotka si\u0119 z wiernymi",
        "vote": 0
    },
    {
        "age": null,
        "album": "",
        "author": null,
        "bookmarked": false,
        "comments": [],
        "date_dead_since": null,
        "date_published": "2024-12-21T16:20:45.966834+00:00",
        "description": "<p><a href=\"https://www.rmf24.pl/polityka/news-tusk-to-nie-ja-bede-w-trudnej-sytuacji-tylko-orban-powiedzia,nId,7880324\"><img src=\"https://interia-s.pluscdn.pl/tusk-to-nie-ja-bede-w-trudnej-sytuacji-tylko-orban-powiedzia/000KC7IG2JLD27UN-C307.jpg\" alt=\"\u200bTusk: To nie ja b\u0119d\u0119 w trudnej sytuacji, tylko Orban. Powiedzia\u0142em mu to\" align=\"left\" /></a>&quot;Premier W\u0119gier Viktor Orban nie lubi rozlicze\u0144. Powiedzia\u0142 mi to wprost, t\u0142umacz\u0105c decyzj\u0119 o azylu&quot; - napisa\u0142 premier Donald Tusk w serwisie X po rozmowie z szefem w\u0119gierskiego rz\u0105du ws. decyzji o azylu dla pos\u0142a PiS Marcina Romanowskiego, poszukiwanego ENA. &quot;Je\u015bli mia\u0142oby doj\u015b\u0107 do jakich\u015b dziwnych, niezgodnych z prawem europejskim decyzji w Budapeszcie, typu azyl polityczny i nierespektowanie ENA, to nie ja b\u0119d\u0119 w trudnej sytuacji, tylko Viktor Orban. Powiedzia\u0142em mu to&quot; - podkre\u015bla Tusk.</p><br clear=\"all\" />",
        "id": 1757553,
        "language": "pl",
        "link": "https://www.rmf24.pl/polityka/news-tusk-to-nie-ja-bede-w-trudnej-sytuacji-tylko-orban-powiedzia,nId,7880324",
        "manual_status_code": 0,
        "page_rating": 29,
        "page_rating_contents": 90,
        "page_rating_visits": 0,
        "page_rating_votes": 0,
        "permanent": false,
        "source__id": 268,
        "source_url": "https://www.rmf24.pl/feed",
        "status_code": 0,
        "tags": [],
        "thumbnail": null,
        "title": "\u200bTusk: To nie ja b\u0119d\u0119 w trudnej sytuacji, tylko Orban. Powiedzia\u0142em mu to",
        "vote": 0
    },
    {
        "age": null,
        "album": "",
        "author": null,
        "bookmarked": false,
        "comments": [],
        "date_dead_since": null,
        "date_published": "2024-12-21T15:15:21.495766+00:00",
        "description": "<p><a href=\"https://www.rmf24.pl/fakty/swiat/news-dramat-w-ukrainskim-zoo-lampart-zaatakowal-pracownika,nId,7880311\"><img src=\"https://interia-s.pluscdn.pl/dramat-w-ukrainskim-zoo-lampart-zaatakowal-pracownika/000KC6PXV0CQPAE4-C307.jpg\" alt=\"Dramat w ukrai\u0144skim zoo. Lampart zaatakowa\u0142 pracownika\" align=\"left\" /></a>Lampart zaatakowa\u0142 pracownika w odeskim zoo. M\u0119\u017cczyzna chcia\u0142 posprz\u0105ta\u0107 klatk\u0119 drapie\u017cnika \u2013 nie wiedzia\u0142 jednak, \u017ce zwierz\u0119 znajduje si\u0119 niedaleko. Poszkodowany zosta\u0142 przewieziony do szpitala z licznymi urazami g\u0142owy, szyi i kr\u0119gos\u0142upa.</p><br clear=\"all\" />",
        "id": 1757297,
        "language": "pl",
        "link": "https://www.rmf24.pl/fakty/swiat/news-dramat-w-ukrainskim-zoo-lampart-zaatakowal-pracownika,nId,7880311",
        "manual_status_code": 0,
        "page_rating": 29,
        "page_rating_contents": 90,
        "page_rating_visits": 0,
        "page_rating_votes": 0,
        "permanent": false,
        "source__id": 268,
        "source_url": "https://www.rmf24.pl/feed",
        "status_code": 0,
        "tags": [],
        "thumbnail": null,
        "title": "Dramat w ukrai\u0144skim zoo. Lampart zaatakowa\u0142 pracownika",
        "vote": 0
    },
    {
        "age": null,
        "album": "",
        "author": null,
        "bookmarked": false,
        "comments": [],
        "date_dead_since": null,
        "date_published": "2024-12-21T15:15:21.081834+00:00",
        "description": "<p><a href=\"https://www.rmf24.pl/fakty/swiat/news-autobus-w-plomieniach-i-dziesiatki-ofiar-makabryczny-wypadek,nId,7880306\"><img src=\"https://interia-s.pluscdn.pl/autobus-w-plomieniach-i-dziesiatki-ofiar-makabryczny-wypadek/000KC6Q4YRV7C4KG-C307.jpg\" alt=\"Autobus w p\u0142omieniach i dziesi\u0105tki ofiar. Makabryczny wypadek w Brazylii\" align=\"left\" /></a>W Brazylii nieopodal miasta Teofilo Otoni kierowca straci\u0142 kontrol\u0119 nad autokarem, kt\u00f3ry zderzy\u0142 si\u0119 czo\u0142owo z nadje\u017cd\u017caj\u0105c\u0105 ci\u0119\u017car\u00f3wk\u0105. Jak informuj\u0105 brazylijski s\u0142u\u017cby, w wypadku zgin\u0119\u0142y co najmniej 22 osoby.</p><br clear=\"all\" />",
        "id": 1757296,
        "language": "pl",
        "link": "https://www.rmf24.pl/fakty/swiat/news-autobus-w-plomieniach-i-dziesiatki-ofiar-makabryczny-wypadek,nId,7880306",
        "manual_status_code": 0,
        "page_rating": 29,
        "page_rating_contents": 90,
        "page_rating_visits": 0,
        "page_rating_votes": 0,
        "permanent": false,
        "source__id": 268,
        "source_url": "https://www.rmf24.pl/feed",
        "status_code": 0,
        "tags": [],
        "thumbnail": null,
        "title": "Autobus w p\u0142omieniach i dziesi\u0105tki ofiar. Makabryczny wypadek w Brazylii",
        "vote": 0
    },
    {
        "age": null,
        "album": "",
        "author": null,
        "bookmarked": false,
        "comments": [],
        "date_dead_since": null,
        "date_published": "2024-12-21T14:10:14.129563+00:00",
        "description": "<p><a href=\"https://www.rmf24.pl/sport/news-fury-kontra-usyk-ekspert-o-faworycie-presji-i-zarobkach-boks,nId,7880284\"><img src=\"https://interia-s.pluscdn.pl/fury-kontra-usyk-ekspert-o-faworycie-presji-i-zarobkach-boks/000KC6GRTEG46MK2-C307.jpg\" alt=\"Fury kontra Usyk. Ekspert o faworycie, presji i zarobkach bokser\u00f3w\" align=\"left\" /></a>&quot;My\u015bl\u0119, \u017ce zdaniem ekspert\u00f3w i bukmacher\u00f3w faworytem jest O\u0142eksandr Usyk&quot; - powiedzia\u0142 Piotr Jagie\u0142\u0142o, dziennikarz TVP Sport, kt\u00f3ry by\u0142 go\u015bciem Krzysztofa Urbaniaka w Radiu RMF24. Walka Usyka z Tysonem Fury zaplanowana jest na sobot\u0119. Do podzia\u0142u dla obu bokser\u00f3w - za t\u0119 walk\u0119 - przewidziane jest 190 mln dolar\u00f3w.</p><br clear=\"all\" />",
        "id": 1756998,
        "language": "pl",
        "link": "https://www.rmf24.pl/sport/news-fury-kontra-usyk-ekspert-o-faworycie-presji-i-zarobkach-boks,nId,7880284",
        "manual_status_code": 0,
        "page_rating": 29,
        "page_rating_contents": 90,
        "page_rating_visits": 0,
        "page_rating_votes": 0,
        "permanent": false,
        "source__id": 268,
        "source_url": "https://www.rmf24.pl/feed",
        "status_code": 0,
        "tags": [],
        "thumbnail": null,
        "title": "Fury kontra Usyk. Ekspert o faworycie, presji i zarobkach bokser\u00f3w",
        "vote": 0
    },
    {
        "age": null,
        "album": "",
        "author": null,
        "bookmarked": false,
        "comments": [],
        "date_dead_since": null,
        "date_published": "2024-12-21T13:05:21.614734+00:00",
        "description": "<p><a href=\"https://www.rmf24.pl/regiony/poznan/news-potracil-smiertelnie-kobiete-na-pasach-grozi-mu-do-8-lat-wie,nId,7880288\"><img src=\"https://interia-s.pluscdn.pl/potracil-smiertelnie-kobiete-na-pasach-grozi-mu-do-8-lat-wie/000KC6GEH7KBT8NL-C307.jpg\" alt=\"Potr\u0105ci\u0142 \u015bmiertelnie kobiet\u0119 na pasach. Grozi mu do 8 lat wi\u0119zienia\" align=\"left\" /></a>Nawet 8 lat wi\u0119zienia - taka kara mo\u017ce spotka\u0107 23-latka, kt\u00f3ry w niedziel\u0119 15 grudnia \u015bmiertelnie potr\u0105ci\u0142 kobiet\u0119 na przej\u015bciu dla pieszych w Go\u0142uchowie (woj. wielkopolskie). M\u0119\u017cczy\u017anie postawiono zarzut nieumy\u015blnego naruszenia zasad bezpiecze\u0144stwa w ruchu drogowym.</p><br clear=\"all\" />",
        "id": 1756728,
        "language": "pl",
        "link": "https://www.rmf24.pl/regiony/poznan/news-potracil-smiertelnie-kobiete-na-pasach-grozi-mu-do-8-lat-wie,nId,7880288",
        "manual_status_code": 0,
        "page_rating": 29,
        "page_rating_contents": 90,
        "page_rating_visits": 0,
        "page_rating_votes": 0,
        "permanent": false,
        "source__id": 268,
        "source_url": "https://www.rmf24.pl/feed",
        "status_code": 0,
        "tags": [],
        "thumbnail": null,
        "title": "Potr\u0105ci\u0142 \u015bmiertelnie kobiet\u0119 na pasach. Grozi mu do 8 lat wi\u0119zienia",
        "vote": 0
    },
    {
        "age": null,
        "album": "",
        "author": null,
        "bookmarked": false,
        "comments": [],
        "date_dead_since": null,
        "date_published": "2024-12-21T13:05:21.437781+00:00",
        "description": "<p><a href=\"https://www.rmf24.pl/regiony/rzeszow/news-nowe-przejscie-graniczne-otwarte-na-podkarpaciu,nId,7880290\"><img src=\"https://interia-s.pluscdn.pl/nowe-przejscie-graniczne-otwarte-na-podkarpaciu/000KC6G9Y2BGELR2-C307.jpg\" alt=\"Nowe przej\u015bcie graniczne otwarte na Podkarpaciu\" align=\"left\" /></a>Drogowe przej\u015bcie graniczne Malhowice-Ni\u017cankowice (woj. podkarpackie) zosta\u0142o dzi\u015b uroczy\u015bcie otwarte. &quot;Sprawne przekraczanie granicy w obydwie strony jest z naszego punktu widzenia wa\u017cnym elementem wsparcia dla Ukrainy&quot; - powiedzia\u0142 minister spraw wewn\u0119trznych i administracji Tomasz Siemoniak.</p><br clear=\"all\" />",
        "id": 1756727,
        "language": "pl",
        "link": "https://www.rmf24.pl/regiony/rzeszow/news-nowe-przejscie-graniczne-otwarte-na-podkarpaciu,nId,7880290",
        "manual_status_code": 0,
        "page_rating": 29,
        "page_rating_contents": 90,
        "page_rating_visits": 0,
        "page_rating_votes": 0,
        "permanent": false,
        "source__id": 268,
        "source_url": "https://www.rmf24.pl/feed",
        "status_code": 0,
        "tags": [],
        "thumbnail": null,
        "title": "Nowe przej\u015bcie graniczne otwarte na Podkarpaciu",
        "vote": 0
    },
    {
        "age": null,
        "album": "",
        "author": null,
        "bookmarked": false,
        "comments": [],
        "date_dead_since": null,
        "date_published": "2024-12-21T13:05:21.216359+00:00",
        "description": "<p><a href=\"https://www.rmf24.pl/pogoda/news-czy-swieta-beda-biale-wyjasnia-synoptyk-imgw,nId,7880277\"><img src=\"https://interia-s.pluscdn.pl/czy-swieta-beda-biale-wyjasnia-synoptyk-imgw/000KC6DWPN4NYWNI-C307.jpg\" alt=\"Czy \u015bwi\u0119ta b\u0119d\u0105 bia\u0142e? Wyja\u015bnia synoptyk IMGW\" align=\"left\" /></a>&quot;Niestety, na przewa\u017caj\u0105cym obszarze kraju to nie b\u0119d\u0105 bia\u0142e \u015bwi\u0119ta&quot; - powiedzia\u0142 w rozmowie z Krzysztofem Urbaniakiem w Radiu RMF24 synoptyk Instytutu Meteorologii i Gospodarki Wodnej Piotr Szuster. Jak zaznaczy\u0142, \u015bniegu mo\u017cna spodziewa\u0107 si\u0119 jedynie na po\u0142udniu Polski - g\u0142\u00f3wnie w g\u00f3rach.</p><br clear=\"all\" />",
        "id": 1756726,
        "language": "pl",
        "link": "https://www.rmf24.pl/pogoda/news-czy-swieta-beda-biale-wyjasnia-synoptyk-imgw,nId,7880277",
        "manual_status_code": 0,
        "page_rating": 29,
        "page_rating_contents": 90,
        "page_rating_visits": 0,
        "page_rating_votes": 0,
        "permanent": false,
        "source__id": 268,
        "source_url": "https://www.rmf24.pl/feed",
        "status_code": 0,
        "tags": [],
        "thumbnail": null,
        "title": "Czy \u015bwi\u0119ta b\u0119d\u0105 bia\u0142e? Wyja\u015bnia synoptyk IMGW",
        "vote": 0
    },
    {
        "age": null,
        "album": "",
        "author": null,
        "bookmarked": false,
        "comments": [],
        "date_dead_since": null,
        "date_published": "2024-12-21T13:05:20.984983+00:00",
        "description": "<p><a href=\"https://www.rmf24.pl/fakty/swiat/news-scholz-na-miejscu-zamachu-w-magdeburgu-straszny-czyn,nId,7880283\"><img src=\"https://interia-s.pluscdn.pl/scholz-na-miejscu-zamachu-w-magdeburgu-straszny-czyn/000KC6E9TTLHQ7TJ-C307.jpg\" alt=\"Scholz na miejscu zamachu w Magdeburgu. &quot;Straszny czyn&quot;\" align=\"left\" /></a>&quot;C\u00f3\u017c za strasznym czynem jest zranienie i zabicie tylu ludzi z tak\u0105 brutalno\u015bci\u0105&quot; - powiedzia\u0142 Olaf Scholz. Kanclerz Niemiec dotar\u0142 w sobot\u0119 do Magdeburga na miejsce pi\u0105tkowego ataku na jarmark bo\u017conarodzeniowy.</p><br clear=\"all\" />",
        "id": 1756725,
        "language": "pl",
        "link": "https://www.rmf24.pl/fakty/swiat/news-scholz-na-miejscu-zamachu-w-magdeburgu-straszny-czyn,nId,7880283",
        "manual_status_code": 0,
        "page_rating": 29,
        "page_rating_contents": 90,
        "page_rating_visits": 0,
        "page_rating_votes": 0,
        "permanent": false,
        "source__id": 268,
        "source_url": "https://www.rmf24.pl/feed",
        "status_code": 0,
        "tags": [],
        "thumbnail": null,
        "title": "Scholz na miejscu zamachu w Magdeburgu. \"Straszny czyn\"",
        "vote": 0
    },
    {
        "age": null,
        "album": "",
        "author": null,
        "bookmarked": false,
        "comments": [],
        "date_dead_since": null,
        "date_published": "2024-12-21T12:00:08.123518+00:00",
        "description": "<p><a href=\"https://www.rmf24.pl/sport/news-iga-swiatek-wygrywa-w-world-tennis-league-w-abu-zabi,nId,7880270\"><img src=\"https://interia-s.pluscdn.pl/iga-swiatek-wygrywa-w-world-tennis-league-w-abu-zabi/000KC6B5FID9645A-C307.jpg\" alt=\"Iga \u015awi\u0105tek wygrywa w World Tennis League w Abu Zabi\" align=\"left\" /></a>Podczas trzeciego dnia turnieju pokazowego World Tennis League w Abu Zabi Iga \u015awi\u0105tek na pocz\u0105tku pokona\u0142a Jelen\u0119 Rybakin\u0119 6:3, a p\u00f3\u017aniej wraz z Paul\u0105 Bados\u0105 wygra\u0142y w deblu 6:2 z dru\u017cyn\u0105 &quot;Soko\u0142\u00f3w&quot; (Falcons). Fina\u0142 turnieju w niedziel\u0119. </p><br clear=\"all\" />",
        "id": 1756485,
        "language": "pl",
        "link": "https://www.rmf24.pl/sport/news-iga-swiatek-wygrywa-w-world-tennis-league-w-abu-zabi,nId,7880270",
        "manual_status_code": 0,
        "page_rating": 29,
        "page_rating_contents": 90,
        "page_rating_visits": 0,
        "page_rating_votes": 0,
        "permanent": false,
        "source__id": 268,
        "source_url": "https://www.rmf24.pl/feed",
        "status_code": 0,
        "tags": [],
        "thumbnail": null,
        "title": "Iga \u015awi\u0105tek wygrywa w World Tennis League w Abu Zabi",
        "vote": 0
    },
    {
        "age": null,
        "album": "",
        "author": null,
        "bookmarked": false,
        "comments": [],
        "date_dead_since": null,
        "date_published": "2024-12-21T12:00:07.709383+00:00",
        "description": "<p><a href=\"https://www.rmf24.pl/regiony/warszawa/news-radiowoz-na-sygnale-zderzyl-sie-z-osobowka-w-warszawie,nId,7880274\"><img src=\"https://interia-s.pluscdn.pl/radiowoz-na-sygnale-zderzyl-sie-z-osobowka-w-warszawie/000KC6BBN867GP82-C307.jpg\" alt=\"Radiow\u00f3z na sygnale zderzy\u0142 si\u0119 z osob\u00f3wk\u0105 w Warszawie\" align=\"left\" /></a>Kolizja radiowozu jad\u0105cego na sygnale z samochodem osobowym na warszawskim Wilanowie - dowiedzia\u0142 si\u0119 reporter RMF FM. Nikomu nic powa\u017cnego si\u0119 nie sta\u0142o, jednak oba pojazdy s\u0105 bardzo mocno uszkodzone. </p><br clear=\"all\" />",
        "id": 1756484,
        "language": "pl",
        "link": "https://www.rmf24.pl/regiony/warszawa/news-radiowoz-na-sygnale-zderzyl-sie-z-osobowka-w-warszawie,nId,7880274",
        "manual_status_code": 0,
        "page_rating": 29,
        "page_rating_contents": 90,
        "page_rating_visits": 0,
        "page_rating_votes": 0,
        "permanent": false,
        "source__id": 268,
        "source_url": "https://www.rmf24.pl/feed",
        "status_code": 0,
        "tags": [],
        "thumbnail": null,
        "title": "Radiow\u00f3z na sygnale zderzy\u0142 si\u0119 z osob\u00f3wk\u0105 w Warszawie",
        "vote": 0
    },
    {
        "age": null,
        "album": "",
        "author": null,
        "bookmarked": false,
        "comments": [],
        "date_dead_since": null,
        "date_published": "2024-12-21T12:00:07.538257+00:00",
        "description": "<p><a href=\"https://www.rmf24.pl/fakty/swiat/news-kolejni-polscy-politycy-dostana-azyl-na-wegrzech-deklaracja-,nId,7880267\"><img src=\"https://interia-s.pluscdn.pl/kolejni-polscy-politycy-dostana-azyl-na-wegrzech-deklaracja/000KC69BM4RKGMRX-C307.jpg\" alt=\"Kolejni polscy politycy dostan\u0105 azyl na W\u0119grzech? Deklaracja Orbana\" align=\"left\" /></a>Przypadek udzielenia azylu Marcinowi Romanowskiemu nie b\u0119dzie zapewne ostatni \u2013 powiedzia\u0142 premier W\u0119gier Viktor Orban na konferencji prasowej w Budapeszcie. Pose\u0142 Prawa i Sprawiedliwo\u015bci jest podejrzany w aferze Funduszu Sprawiedliwo\u015bci. </p><br clear=\"all\" />",
        "id": 1756483,
        "language": "pl",
        "link": "https://www.rmf24.pl/fakty/swiat/news-kolejni-polscy-politycy-dostana-azyl-na-wegrzech-deklaracja-,nId,7880267",
        "manual_status_code": 0,
        "page_rating": 29,
        "page_rating_contents": 90,
        "page_rating_visits": 0,
        "page_rating_votes": 0,
        "permanent": false,
        "source__id": 268,
        "source_url": "https://www.rmf24.pl/feed",
        "status_code": 0,
        "tags": [],
        "thumbnail": null,
        "title": "Kolejni polscy politycy dostan\u0105 azyl na W\u0119grzech? Deklaracja Orbana",
        "vote": 0
    },
    {
        "age": null,
        "album": "",
        "author": null,
        "bookmarked": false,
        "comments": [],
        "date_dead_since": null,
        "date_published": "2024-12-21T11:03:00+00:00",
        "description": "<p><a href=\"https://www.rmf24.pl/raporty/raport-boze-narodzenie-2024/news-struffoli-pyszny-wloski-deser-idealny-na-swiateczny-stol,nId,7876186\"><img src=\"https://interia-s.pluscdn.pl/struffoli-pyszny-wloski-deser-idealny-na-swiateczny-stol/000KAQXFTFO7X4P8-C307.jpg\" alt=\"Struffoli - pyszny w\u0142oski deser idealny na \u015bwi\u0105teczny st\u00f3\u0142\" align=\"left\" /></a>Jest s\u0142odki, kolorowy i bardzo apetyczny. Nie musisz by\u0107 mistrzem kuchni, by szybko go przygotowa\u0107 i zachwyci\u0107 bliskich przy \u015bwi\u0105tecznym stole. Struffoli to deser, kt\u00f3ry kochaj\u0105 W\u0142osi. Jak go zrobi\u0107? Rozmawiali\u015bmy o tym z Katarzyn\u0105 Ceha\u0144czuk - Polk\u0105 od 30 lat mieszkaj\u0105c\u0105 ko\u0142o Neapolu. </p><br clear=\"all\" />",
        "id": 1757832,
        "language": "pl",
        "link": "https://www.rmf24.pl/raporty/raport-boze-narodzenie-2024/news-struffoli-pyszny-wloski-deser-idealny-na-swiateczny-stol,nId,7876186",
        "manual_status_code": 0,
        "page_rating": 29,
        "page_rating_contents": 90,
        "page_rating_visits": 0,
        "page_rating_votes": 0,
        "permanent": false,
        "source__id": 268,
        "source_url": "https://www.rmf24.pl/feed",
        "status_code": 0,
        "tags": [],
        "thumbnail": null,
        "title": "Struffoli - pyszny w\u0142oski deser idealny na \u015bwi\u0105teczny st\u00f3\u0142",
        "vote": 0
    },
    {
        "age": null,
        "album": "",
        "author": null,
        "bookmarked": false,
        "comments": [],
        "date_dead_since": null,
        "date_published": "2024-12-21T10:58:37+00:00",
        "description": "<p><a href=\"https://www.rmf24.pl/regiony/rzeszow/news-policyjna-oblawa-na-uzbrojonych-napastnikow-kolo-przemysla-p,nId,7880250\"><img src=\"https://interia-s.pluscdn.pl/policyjna-oblawa-na-uzbrojonych-napastnikow-kolo-przemysla-p/000KC67E5435GX9K-C307.jpg\" alt=\"Policyjna ob\u0142awa na uzbrojonych napastnik\u00f3w ko\u0142o Przemy\u015bla. Postrzelili m\u0119\u017cczyzn\u0119\" align=\"left\" /></a>Policyjna ob\u0142awa w okolicach Przemy\u015bla ma Podkarpaciu. Jak dowiedzia\u0142 si\u0119 reporter RMF FM, funkcjonariusze szukaj\u0105 uzbrojonych napastnik\u00f3w, kt\u00f3rzy w Knia\u017cycach ranili m\u0119\u017cczyzn\u0119. </p><br clear=\"all\" />",
        "id": 1756482,
        "language": "pl",
        "link": "https://www.rmf24.pl/regiony/rzeszow/news-policyjna-oblawa-na-uzbrojonych-napastnikow-kolo-przemysla-p,nId,7880250",
        "manual_status_code": 0,
        "page_rating": 29,
        "page_rating_contents": 90,
        "page_rating_visits": 0,
        "page_rating_votes": 0,
        "permanent": false,
        "source__id": 268,
        "source_url": "https://www.rmf24.pl/feed",
        "status_code": 0,
        "tags": [],
        "thumbnail": null,
        "title": "Policyjna ob\u0142awa na uzbrojonych napastnik\u00f3w ko\u0142o Przemy\u015bla. Postrzelili m\u0119\u017cczyzn\u0119",
        "vote": 0
    },
    {
        "age": null,
        "album": "",
        "author": null,
        "bookmarked": false,
        "comments": [],
        "date_dead_since": null,
        "date_published": "2024-12-21T10:55:35.928660+00:00",
        "description": "<p><a href=\"https://www.rmf24.pl/regiony/krakow/news-trzy-tony-karmy-dla-czworonogow-rmf-fm-z-prezentami-dla-schr,nId,7880256\"><img src=\"https://interia-s.pluscdn.pl/trzy-tony-karmy-dla-czworonogow-rmf-fm-z-prezentami-dla-schr/000KC669CF37OWHQ-C307.jpg\" alt=\"Trzy tony karmy dla czworonog\u00f3w. RMF FM z prezentami dla schronisk\" align=\"left\" /></a>Trzy tony karmy i kilkaset legowisk dla ps\u00f3w i kot\u00f3w dostarczymy tej zimy do schronisk w ca\u0142ej Polsce. W\u0142a\u015bnie startuje akcja RMF FM, w ramach kt\u00f3rej odwiedzamy i przekazujemy potrzebne dary dla czworonog\u00f3w. Dzi\u015b zawitali\u015bmy do Krakowa.</p><br clear=\"all\" />",
        "id": 1756236,
        "language": "pl",
        "link": "https://www.rmf24.pl/regiony/krakow/news-trzy-tony-karmy-dla-czworonogow-rmf-fm-z-prezentami-dla-schr,nId,7880256",
        "manual_status_code": 0,
        "page_rating": 29,
        "page_rating_contents": 90,
        "page_rating_visits": 0,
        "page_rating_votes": 0,
        "permanent": false,
        "source__id": 268,
        "source_url": "https://www.rmf24.pl/feed",
        "status_code": 0,
        "tags": [],
        "thumbnail": null,
        "title": "Trzy tony karmy dla czworonog\u00f3w. RMF FM z prezentami dla schronisk",
        "vote": 0
    },
    {
        "age": null,
        "album": "",
        "author": null,
        "bookmarked": false,
        "comments": [],
        "date_dead_since": null,
        "date_published": "2024-12-21T10:55:35.120398+00:00",
        "description": "<p><a href=\"https://www.rmf24.pl/regiony/rzeszow/news-policyjna-oblawa-na-uzbrojonych-napastnikow-kolo-przemysla,nId,7880250\"><img src=\"https://interia-s.pluscdn.pl/policyjna-oblawa-na-uzbrojonych-napastnikow-kolo-przemysla/000KC67E5435GX9K-C307.jpg\" alt=\"Policyjna ob\u0142awa na uzbrojonych napastnik\u00f3w ko\u0142o Przemy\u015bla\" align=\"left\" /></a>Policyjna ob\u0142awa w okolicach Przemy\u015bla ma Podkarpaciu. Jak dowiedzia\u0142 si\u0119 reporter RMF FM, funkcjonariusze szukaj\u0105 uzbrojonych napastnik\u00f3w, kt\u00f3rzy w Knia\u017cycach ranili m\u0119\u017cczyzn\u0119. </p><br clear=\"all\" />",
        "id": 1756234,
        "language": "pl",
        "link": "https://www.rmf24.pl/regiony/rzeszow/news-policyjna-oblawa-na-uzbrojonych-napastnikow-kolo-przemysla,nId,7880250",
        "manual_status_code": 0,
        "page_rating": 29,
        "page_rating_contents": 90,
        "page_rating_visits": 0,
        "page_rating_votes": 0,
        "permanent": false,
        "source__id": 268,
        "source_url": "https://www.rmf24.pl/feed",
        "status_code": 0,
        "tags": [],
        "thumbnail": null,
        "title": "Policyjna ob\u0142awa na uzbrojonych napastnik\u00f3w ko\u0142o Przemy\u015bla",
        "vote": 0
    },
    {
        "age": null,
        "album": "",
        "author": null,
        "bookmarked": false,
        "comments": [],
        "date_dead_since": null,
        "date_published": "2024-12-21T10:13:36+00:00",
        "description": "<p><a href=\"https://www.rmf24.pl/fakty/swiat/news-sprawca-masakry-w-magdeburgu-uslyszy-zarzuty-morderstwa,nId,7880240\"><img src=\"https://interia-s.pluscdn.pl/sprawca-masakry-w-magdeburgu-uslyszy-zarzuty-morderstwa/000KC615PSUTMNGB-C307.jpg\" alt=\"Sprawca masakry w Magdeburgu us\u0142yszy zarzuty morderstwa\" align=\"left\" /></a>Do pi\u0119ciu wzros\u0142a liczba ofiar \u015bmiertelnych pi\u0105tkowego ataku na jarmark bo\u017conarodzeniowy w Magdeburgu - poinformowa\u0142 w sobot\u0119 w po\u0142udnie premier Saksonii-Anhalt Reiner Haseloff. Doda\u0142, \u017ce w sumie ponad 200 os\u00f3b zosta\u0142o rannych, w tym wiele powa\u017cnie. Niemieckie s\u0142u\u017cby poda\u0142y, \u017ce w\u015br\u00f3d zabitych jest dziecko. Prokuratura przygotowuje zarzuty dla sprawcy ataku nazywanego &quot;terrorystycznym&quot;.</p><br clear=\"all\" />",
        "id": 1757554,
        "language": "pl",
        "link": "https://www.rmf24.pl/fakty/swiat/news-sprawca-masakry-w-magdeburgu-uslyszy-zarzuty-morderstwa,nId,7880240",
        "manual_status_code": 0,
        "page_rating": 29,
        "page_rating_contents": 90,
        "page_rating_visits": 0,
        "page_rating_votes": 0,
        "permanent": false,
        "source__id": 268,
        "source_url": "https://www.rmf24.pl/feed",
        "status_code": 0,
        "tags": [],
        "thumbnail": null,
        "title": "Sprawca masakry w Magdeburgu us\u0142yszy zarzuty morderstwa",
        "vote": 0
    },
    {
        "age": null,
        "album": "",
        "author": null,
        "bookmarked": false,
        "comments": [],
        "date_dead_since": null,
        "date_published": "2024-12-21T09:50:09.606636+00:00",
        "description": "<p><a href=\"https://www.rmf24.pl/fakty/polska/news-bedzie-swiadczenie-mieszkaniowe-dla-sluzb-mundurowych-jest-p,nId,7879235\"><img src=\"https://interia-s.pluscdn.pl/bedzie-swiadczenie-mieszkaniowe-dla-sluzb-mundurowych-jest-p/000KBZ1YRV67GO4H-C307.jpg\" alt=\"B\u0119dzie \u015bwiadczenie mieszkaniowe dla s\u0142u\u017cb mundurowych? Jest projekt\" align=\"left\" /></a>&quot;Jest projekt przepis\u00f3w w sprawie \u015bwiadczenia mieszkaniowego dla funkcjonariuszy s\u0142u\u017cb mundurowych podleg\u0142ych MSWiA, o kt\u00f3re walczyli\u015bmy. To krok w dobrym kierunku&quot; - m\u00f3wi\u0105 zwi\u0105zkowcy. Przedstawiciele s\u0142u\u017cb spotkali si\u0119 z ministerialnym zespo\u0142em.</p><br clear=\"all\" />",
        "id": 1756035,
        "language": "pl",
        "link": "https://www.rmf24.pl/fakty/polska/news-bedzie-swiadczenie-mieszkaniowe-dla-sluzb-mundurowych-jest-p,nId,7879235",
        "manual_status_code": 0,
        "page_rating": 29,
        "page_rating_contents": 90,
        "page_rating_visits": 0,
        "page_rating_votes": 0,
        "permanent": false,
        "source__id": 268,
        "source_url": "https://www.rmf24.pl/feed",
        "status_code": 0,
        "tags": [],
        "thumbnail": null,
        "title": "B\u0119dzie \u015bwiadczenie mieszkaniowe dla s\u0142u\u017cb mundurowych? Jest projekt",
        "vote": 0
    },
    {
        "age": null,
        "album": "",
        "author": null,
        "bookmarked": false,
        "comments": [],
        "date_dead_since": null,
        "date_published": "2024-12-21T09:50:00+00:00",
        "description": "<p><a href=\"https://www.rmf24.pl/raporty/raport-boze-narodzenie-2024/news-pizza-i-pasterka-pachnaca-rybami-jak-wygladaja-swieta-w-pols,nId,7876391\"><img src=\"https://interia-s.pluscdn.pl/pizza-i-pasterka-pachnaca-rybami-jak-wygladaja-swieta-w-pols/000KB2WV9656I0F8-C307.jpg\" alt=\"Pizza i pasterka pachn\u0105ca rybami. Jak wygl\u0105daj\u0105 \u015bwi\u0119ta w polsko-w\u0142oskiej rodzinie?\" align=\"left\" /></a>Jak \u015bwi\u0119tuje si\u0119 Bo\u017ce Narodzenie w domu, w kt\u00f3rym mieszaj\u0105 si\u0119 w\u0142oskie i polskie tradycje? Jakie potrawy trafiaj\u0105 na st\u00f3\u0142 i kto je przygotowuje? M.in. o tym dziennikarze RMF FM rozmawiali z Katarzyn\u0105 Ceha\u0144czuk - Polk\u0105 od 30 lat mieszkaj\u0105c\u0105 kilkana\u015bcie kilometr\u00f3w od Neapolu - i jej m\u0119\u017cem Gino. </p><br clear=\"all\" />",
        "id": 1756037,
        "language": "pl",
        "link": "https://www.rmf24.pl/raporty/raport-boze-narodzenie-2024/news-pizza-i-pasterka-pachnaca-rybami-jak-wygladaja-swieta-w-pols,nId,7876391",
        "manual_status_code": 0,
        "page_rating": 29,
        "page_rating_contents": 90,
        "page_rating_visits": 0,
        "page_rating_votes": 0,
        "permanent": false,
        "source__id": 268,
        "source_url": "https://www.rmf24.pl/feed",
        "status_code": 0,
        "tags": [],
        "thumbnail": null,
        "title": "Pizza i pasterka pachn\u0105ca rybami. Jak wygl\u0105daj\u0105 \u015bwi\u0119ta w polsko-w\u0142oskiej rodzinie?",
        "vote": 0
    },
    {
        "age": null,
        "album": "",
        "author": null,
        "bookmarked": false,
        "comments": [],
        "date_dead_since": null,
        "date_published": "2024-12-21T09:44:06+00:00",
        "description": "<p><a href=\"https://www.rmf24.pl/regiony/krakow/news-koniec-remontu-w-centrum-krakowa-zwierzyniecka-i-kosciuszki-,nId,7880233\"><img src=\"https://interia-s.pluscdn.pl/koniec-remontu-w-centrum-krakowa-zwierzyniecka-i-kosciuszki/000KC5Z5GH3XJX09-C307.jpg\" alt=\"Koniec remontu w centrum Krakowa. Zwierzyniecka i Ko\u015bciuszki otwarte\" align=\"left\" /></a>Koniec remontu w centrum Krakowa. W sobot\u0119 na ulice Ko\u015bciuszki i Zwierzynieck\u0105 wr\u00f3ci\u0142 ruch tramwajowy i samochodowy. Przebudowa trwa\u0142a prawie 1,5 roku i kosztowa\u0142a 94 miliony z\u0142otych. </p><br clear=\"all\" />",
        "id": 1756036,
        "language": "pl",
        "link": "https://www.rmf24.pl/regiony/krakow/news-koniec-remontu-w-centrum-krakowa-zwierzyniecka-i-kosciuszki-,nId,7880233",
        "manual_status_code": 0,
        "page_rating": 29,
        "page_rating_contents": 90,
        "page_rating_visits": 0,
        "page_rating_votes": 0,
        "permanent": false,
        "source__id": 268,
        "source_url": "https://www.rmf24.pl/feed",
        "status_code": 0,
        "tags": [],
        "thumbnail": null,
        "title": "Koniec remontu w centrum Krakowa. Zwierzyniecka i Ko\u015bciuszki otwarte",
        "vote": 0
    },
    {
        "age": null,
        "album": "",
        "author": null,
        "bookmarked": false,
        "comments": [],
        "date_dead_since": null,
        "date_published": "2024-12-21T08:59:45+00:00",
        "description": "<p><a href=\"https://www.rmf24.pl/fakty/swiat/news-rosnie-bilans-ofiar-zamachu-w-magdeburgu,nId,7880240\"><img src=\"https://i.iplsc.com/rosnie-bilans-ofiar-zamachu-w-magdeburgu/000KC61H77FIC6US-C405.jpg\" alt=\"Ro\u015bnie bilans ofiar zamachu w Magdeburgu\" align=\"left\" /></a></p><br clear=\"all\" />",
        "id": 1756034,
        "language": "pl",
        "link": "https://www.rmf24.pl/fakty/swiat/news-rosnie-bilans-ofiar-zamachu-w-magdeburgu,nId,7880240",
        "manual_status_code": 0,
        "page_rating": 29,
        "page_rating_contents": 90,
        "page_rating_visits": 0,
        "page_rating_votes": 0,
        "permanent": false,
        "source__id": 268,
        "source_url": "https://www.rmf24.pl/feed",
        "status_code": 0,
        "tags": [],
        "thumbnail": null,
        "title": "Ro\u015bnie bilans ofiar zamachu w Magdeburgu",
        "vote": 0
    },
    {
        "age": null,
        "album": "",
        "author": null,
        "bookmarked": false,
        "comments": [],
        "date_dead_since": null,
        "date_published": "2024-12-21T08:59:45+00:00",
        "description": "<p><a href=\"https://www.rmf24.pl/polityka/news-tusk-zwrocil-sie-do-dudy-i-pis-u-po-zamachu-w-magdeburgu,nId,7880259\"><img src=\"https://i.iplsc.com/tusk-zwrocil-sie-do-dudy-i-pis-u-po-zamachu-w-magdeburgu/000KC66Z2LVMGFQH-C405.jpg\" alt=\"Tusk zwr\u00f3ci\u0142 si\u0119 do Dudy i PiS-u po zamachu w Magdeburgu\" align=\"left\" /></a></p><br clear=\"all\" />",
        "id": 1756233,
        "language": "pl",
        "link": "https://www.rmf24.pl/polityka/news-tusk-zwrocil-sie-do-dudy-i-pis-u-po-zamachu-w-magdeburgu,nId,7880259",
        "manual_status_code": 0,
        "page_rating": 29,
        "page_rating_contents": 90,
        "page_rating_visits": 0,
        "page_rating_votes": 0,
        "permanent": false,
        "source__id": 268,
        "source_url": "https://www.rmf24.pl/feed",
        "status_code": 0,
        "tags": [],
        "thumbnail": null,
        "title": "Tusk zwr\u00f3ci\u0142 si\u0119 do Dudy i PiS-u po zamachu w Magdeburgu",
        "vote": 0
    },
    {
        "age": null,
        "album": "",
        "author": null,
        "bookmarked": false,
        "comments": [],
        "date_dead_since": null,
        "date_published": "2024-12-21T08:45:37.719332+00:00",
        "description": "<p><a href=\"https://www.rmf24.pl/raporty/raport-wojna-z-rosja/news-ukraina-ze-wsparciem-od-mfw-fundusz-przekaze-ponad-miliard-d,nId,7880223\"><img src=\"https://interia-s.pluscdn.pl/ukraina-ze-wsparciem-od-mfw-fundusz-przekaze-ponad-miliard-d/000KC5VMVC5P4FU0-C307.jpg\" alt=\"Ukraina ze wsparciem od MFW. Fundusz przeka\u017ce ponad miliard dolar\u00f3w\" align=\"left\" /></a>Ju\u017c nied\u0142ugo do Ukrainy pop\u0142ynie kolejna pomoc finansowa. Mi\u0119dzynarodowy Fundusz Walutowy (MFW) zatwierdzi\u0142 kolejn\u0105 transze wsparcia w wysoko\u015bci 1,1 mld dolar\u00f3w. Jak zapewni\u0142, mimo trudnych warunk\u00f3w, gospodarka kraju jest odporna.</p><br clear=\"all\" />",
        "id": 1755848,
        "language": "pl",
        "link": "https://www.rmf24.pl/raporty/raport-wojna-z-rosja/news-ukraina-ze-wsparciem-od-mfw-fundusz-przekaze-ponad-miliard-d,nId,7880223",
        "manual_status_code": 0,
        "page_rating": 29,
        "page_rating_contents": 90,
        "page_rating_visits": 0,
        "page_rating_votes": 0,
        "permanent": false,
        "source__id": 268,
        "source_url": "https://www.rmf24.pl/feed",
        "status_code": 0,
        "tags": [],
        "thumbnail": null,
        "title": "Ukraina ze wsparciem od MFW. Fundusz przeka\u017ce ponad miliard dolar\u00f3w",
        "vote": 0
    },
    {
        "age": null,
        "album": "",
        "author": null,
        "bookmarked": false,
        "comments": [],
        "date_dead_since": null,
        "date_published": "2024-12-21T08:45:36.946056+00:00",
        "description": "<p><a href=\"https://www.rmf24.pl/regiony/slaskie/news-wstrzas-w-kopalni-marcel-w-radlinie-poszkodowani-gornicy,nId,7880227\"><img src=\"https://interia-s.pluscdn.pl/wstrzas-w-kopalni-marcel-w-radlinie-poszkodowani-gornicy/000KC5Y0MGDJMIP2-C307.jpg\" alt=\"Wstrz\u0105s w kopalni Marcel w Radlinie. Poszkodowani g\u00f3rnicy\" align=\"left\" /></a>Trzech g\u00f3rnik\u00f3w zosta\u0142o poszkodowanych po wstrz\u0105sie, do kt\u00f3rego dosz\u0142o w pi\u0105tek p\u00f3\u017anym wieczorem w kopalni Marcel w Radlinie na \u015al\u0105sku. </p><br clear=\"all\" />",
        "id": 1755847,
        "language": "pl",
        "link": "https://www.rmf24.pl/regiony/slaskie/news-wstrzas-w-kopalni-marcel-w-radlinie-poszkodowani-gornicy,nId,7880227",
        "manual_status_code": 0,
        "page_rating": 29,
        "page_rating_contents": 90,
        "page_rating_visits": 0,
        "page_rating_votes": 0,
        "permanent": false,
        "source__id": 268,
        "source_url": "https://www.rmf24.pl/feed",
        "status_code": 0,
        "tags": [],
        "thumbnail": null,
        "title": "Wstrz\u0105s w kopalni Marcel w Radlinie. Poszkodowani g\u00f3rnicy",
        "vote": 0
    },
    {
        "age": null,
        "album": "",
        "author": null,
        "bookmarked": false,
        "comments": [],
        "date_dead_since": null,
        "date_published": "2024-12-21T08:45:36.061780+00:00",
        "description": "<p><a href=\"https://www.rmf24.pl/tylko-w-rmf24/rozmowy/news-szefernaker-tragedia-w-magdeburgu-to-efekt-polityki-otwartyc,nId,7879408\"><img src=\"https://i.iplsc.com/szefernaker-tragedia-w-magdeburgu-to-efekt-polityki-otwartyc/000KC5WJBPOAFA4S-C405.jpg\" alt=\"Szefernaker: Tragedia w Magdeburgu to efekt polityki otwartych drzwi\" align=\"left\" /></a></p><br clear=\"all\" />",
        "id": 1755846,
        "language": "pl",
        "link": "https://www.rmf24.pl/tylko-w-rmf24/rozmowy/news-szefernaker-tragedia-w-magdeburgu-to-efekt-polityki-otwartyc,nId,7879408",
        "manual_status_code": 0,
        "page_rating": 29,
        "page_rating_contents": 90,
        "page_rating_visits": 0,
        "page_rating_votes": 0,
        "permanent": false,
        "source__id": 268,
        "source_url": "https://www.rmf24.pl/feed",
        "status_code": 0,
        "tags": [],
        "thumbnail": null,
        "title": "Szefernaker: Tragedia w Magdeburgu to efekt polityki otwartych drzwi",
        "vote": 0
    },
    {
        "age": null,
        "album": "",
        "author": null,
        "bookmarked": false,
        "comments": [],
        "date_dead_since": null,
        "date_published": "2024-12-21T08:30:00+00:00",
        "description": "<p><a href=\"https://www.rmf24.pl/tylko-w-rmf24/rozmowy/news-szefernaker-czarnek-bedzie-stal-na-czele-ruchu-ochrony-wybor,nId,7879408\"><img src=\"https://interia-s.pluscdn.pl/szefernaker-czarnek-bedzie-stal-na-czele-ruchu-ochrony-wybor/000KC5XY82N4JGLQ-C307.jpg\" alt=\"Szefernaker: Czarnek b\u0119dzie sta\u0142 na czele ruchu ochrony wybor\u00f3w\" align=\"left\" /></a>&quot;Ta tragedia to efekt polityki &quot;Herzlich willkommen&quot;, polityki otwartych drzwi&quot; - m\u00f3wi\u0142 w RMF FM pose\u0142 PiS, by\u0142y wiceszef MSWiA Pawe\u0142 Szefernaker, odnosz\u0105c si\u0119 do zamachu na uczestnik\u00f3w jarmarku \u015bwi\u0105tecznego w niemieckim Magdeburgu. &quot;Klasa polityczna w Europie niczego si\u0119 nie nauczy\u0142a. Europa musi zmieni\u0107 strategi\u0119 i polityk\u0119 migracyjn\u0105&quot; - doda\u0142. Zdradzi\u0142 te\u017c, \u017ce by\u0142y minister edukacji Przemys\u0142aw Czarnek stanie na czele organizowanego przez parti\u0119 Jaros\u0142awa Kaczy\u0144skiego ruchu ochrony wybor\u00f3w. </p><br clear=\"all\" />",
        "id": 1756235,
        "language": "pl",
        "link": "https://www.rmf24.pl/tylko-w-rmf24/rozmowy/news-szefernaker-czarnek-bedzie-stal-na-czele-ruchu-ochrony-wybor,nId,7879408",
        "manual_status_code": 0,
        "page_rating": 29,
        "page_rating_contents": 90,
        "page_rating_visits": 0,
        "page_rating_votes": 0,
        "permanent": false,
        "source__id": 268,
        "source_url": "https://www.rmf24.pl/feed",
        "status_code": 0,
        "tags": [],
        "thumbnail": null,
        "title": "Szefernaker: Czarnek b\u0119dzie sta\u0142 na czele ruchu ochrony wybor\u00f3w",
        "vote": 0
    },
    {
        "age": null,
        "album": "",
        "author": null,
        "bookmarked": false,
        "comments": [],
        "date_dead_since": null,
        "date_published": "2024-12-21T07:40:07.665999+00:00",
        "description": "<p><a href=\"https://www.rmf24.pl/fakty/swiat/news-grubas-czeka-na-graczy-do-zgarniecia-4-mln-euro,nId,7880221\"><img src=\"https://interia-s.pluscdn.pl/grubas-czeka-na-graczy-do-zgarniecia-4-mln-euro/000KC5U5LNGELTB3-C307.jpg\" alt=\"&quot;Grubas&quot; czeka na graczy. Do zgarni\u0119cia 4 mln euro\" align=\"left\" /></a>Cztery miliony euro to najwy\u017csza nagroda, tzw. Grubas, w hiszpa\u0144skiej loterii - najstarszym i najwi\u0119kszym tego typu losowaniu na \u015bwiecie. W niedzielne przedpo\u0142udnie miliony Hiszpan\u00f3w wstrzymaj\u0105 oddech w oczekiwaniu na szcz\u0119\u015bliwe numery loterii bo\u017conarodzeniowej.</p><br clear=\"all\" />",
        "id": 1755644,
        "language": "pl",
        "link": "https://www.rmf24.pl/fakty/swiat/news-grubas-czeka-na-graczy-do-zgarniecia-4-mln-euro,nId,7880221",
        "manual_status_code": 0,
        "page_rating": 29,
        "page_rating_contents": 90,
        "page_rating_visits": 0,
        "page_rating_votes": 0,
        "permanent": false,
        "source__id": 268,
        "source_url": "https://www.rmf24.pl/feed",
        "status_code": 0,
        "tags": [],
        "thumbnail": null,
        "title": "\"Grubas\" czeka na graczy. Do zgarni\u0119cia 4 mln euro",
        "vote": 0
    },
    {
        "age": null,
        "album": "",
        "author": null,
        "bookmarked": false,
        "comments": [],
        "date_dead_since": null,
        "date_published": "2024-12-21T07:40:06.184198+00:00",
        "description": "<p><a href=\"https://www.rmf24.pl/polityka/news-romanowski-bede-walczyl-z-panoszeniem-sie-w-ojczyznie-polity,nId,7880207\"><img src=\"https://interia-s.pluscdn.pl/romanowski-bede-walczyl-z-panoszeniem-sie-w-ojczyznie-polity/000KC5Q5RN2979OM-C307.jpg\" alt=\"Romanowski: B\u0119d\u0119 walczy\u0142 z panoszeniem si\u0119 w Ojczy\u017anie politycznych bandyt\u00f3w\" align=\"left\" /></a>&quot;Nie oczekuj\u0119 ani nadzwyczajnego traktowania, ani nie zamierzam uchyla\u0107 si\u0119 od wyja\u015bnienia absurdalnych zarzut\u00f3w. Ale czym\u015b podstawowym jest, aby by\u0142o to dokonane przed niezale\u017cnymi, apolitycznymi i bezstronnymi organami wymiaru sprawiedliwo\u015bci. Tymczasem aktualnie mamy do czynienia z przest\u0119pcami, kt\u00f3rzy zagarn\u0119li kierownicze funkcje w prokuraturze i dzia\u0142aj\u0105 jako narz\u0119dzie politycznej zemsty&quot; - stwierdzi\u0142 w mediach spo\u0142eczno\u015bciowych pose\u0142 Prawa i Sprawiedliwo\u015bci Marcin Romanowski. Polityk podejrzany w aferze Funduszu Sprawiedliwo\u015bci, kt\u00f3ry...</p><br clear=\"all\" />",
        "id": 1755642,
        "language": "pl",
        "link": "https://www.rmf24.pl/polityka/news-romanowski-bede-walczyl-z-panoszeniem-sie-w-ojczyznie-polity,nId,7880207",
        "manual_status_code": 0,
        "page_rating": 29,
        "page_rating_contents": 90,
        "page_rating_visits": 0,
        "page_rating_votes": 0,
        "permanent": false,
        "source__id": 268,
        "source_url": "https://www.rmf24.pl/feed",
        "status_code": 0,
        "tags": [],
        "thumbnail": null,
        "title": "Romanowski: B\u0119d\u0119 walczy\u0142 z panoszeniem si\u0119 w Ojczy\u017anie politycznych bandyt\u00f3w",
        "vote": 0
    },
    {
        "age": null,
        "album": "",
        "author": null,
        "bookmarked": false,
        "comments": [],
        "date_dead_since": null,
        "date_published": "2024-12-21T07:40:05.528808+00:00",
        "description": "<p><a href=\"https://www.rmf24.pl/tylko-w-rmf24/rozmowy/news-pawel-szefernaker-gosciem-krzysztofa-ziemca-w-rmf-fm,nId,7879408\"><img src=\"https://interia-s.pluscdn.pl/pawel-szefernaker-gosciem-krzysztofa-ziemca-w-rmf-fm/000KC0ET6LFDN3H8-C307.jpg\" alt=\"Pawe\u0142 Szefernaker Go\u015bciem Krzysztofa Ziemca w RMF FM\" align=\"left\" /></a>Pawe\u0142 Szefernaker, szef kampanii Karola Nawrockiego, pose\u0142 PiS, jest Go\u015bciem Krzysztofa Ziemca w RMF FM. Porozmawiamy m.in. o wyborach prezydenckich. Zapytamy o plany kandydata popieranego przez PiS na pierwsze tygodnie oficjalnej kampanii. </p><br clear=\"all\" />",
        "id": 1755641,
        "language": "pl",
        "link": "https://www.rmf24.pl/tylko-w-rmf24/rozmowy/news-pawel-szefernaker-gosciem-krzysztofa-ziemca-w-rmf-fm,nId,7879408",
        "manual_status_code": 0,
        "page_rating": 29,
        "page_rating_contents": 90,
        "page_rating_visits": 0,
        "page_rating_votes": 0,
        "permanent": false,
        "source__id": 268,
        "source_url": "https://www.rmf24.pl/feed",
        "status_code": 0,
        "tags": [],
        "thumbnail": null,
        "title": "Pawe\u0142 Szefernaker Go\u015bciem Krzysztofa Ziemca w RMF FM",
        "vote": 0
    },
    {
        "age": null,
        "album": "",
        "author": null,
        "bookmarked": false,
        "comments": [],
        "date_dead_since": null,
        "date_published": "2024-12-21T07:35:11+00:00",
        "description": "<p><a href=\"https://www.rmf24.pl/fakty/polska/news-juz-dzis-poczatek-astronomicznej-zimy,nId,7880208\"><img src=\"https://interia-s.pluscdn.pl/juz-dzis-poczatek-astronomicznej-zimy/000KC5RMBNE0UAVM-C307.jpg\" alt=\"Ju\u017c dzi\u015b pocz\u0105tek astronomicznej zimy\" align=\"left\" /></a>S\u0142o\u0144ce przekracza w sobot\u0119 punkt przesilenia zimowego, rozpoczynaj\u0105c astronomiczn\u0105 zim\u0119. Z t\u0105 por\u0105 roku kojarz\u0105 si\u0119 niskie temperatury, d\u0142ugie noce i kr\u00f3tkie dni. To tak\u017ce okazja do zobaczenia na niebie, wzgl\u0119dnie wczesnym wieczorem, ciekawych obiekt\u00f3w astronomicznych.</p><br clear=\"all\" />",
        "id": 1755643,
        "language": "pl",
        "link": "https://www.rmf24.pl/fakty/polska/news-juz-dzis-poczatek-astronomicznej-zimy,nId,7880208",
        "manual_status_code": 0,
        "page_rating": 29,
        "page_rating_contents": 90,
        "page_rating_visits": 0,
        "page_rating_votes": 0,
        "permanent": false,
        "source__id": 268,
        "source_url": "https://www.rmf24.pl/feed",
        "status_code": 0,
        "tags": [],
        "thumbnail": null,
        "title": "Ju\u017c dzi\u015b pocz\u0105tek astronomicznej zimy",
        "vote": 0
    },
    {
        "age": null,
        "album": "",
        "author": null,
        "bookmarked": false,
        "comments": [],
        "date_dead_since": null,
        "date_published": "2024-12-21T06:36:11+00:00",
        "description": "<p><a href=\"https://www.rmf24.pl/regiony/szczecin/news-final-akcji-kaszanka-7-0-samochody-dla-hospicjum-od-sluchacz,nId,7880201\"><img src=\"https://interia-s.pluscdn.pl/final-akcji-kaszanka-7-0-samochody-dla-hospicjum-od-sluchacz/000KC6M430QO97BY-C307.jpg\" alt=\"Fina\u0142 akcji KASZANKA 7.0. Samochody dla hospicjum od S\u0142uchaczy RMF FM\" align=\"left\" /></a>W Szczecinie odby\u0142 si\u0119 w sobot\u0119 fina\u0142 naszej akcji KASZANKA 7.0 na rzecz Zachodniopomorskiego Hospicjum dla Dzieci i Doros\u0142ych. Plac\u00f3wka opiekuj\u0105ca si\u0119 ma\u0142ymi pacjentami otrzyma\u0142a od S\u0142uchaczy RMF FM dwa samochody dla lekarzy, piel\u0119gniarek i rehabilitant\u00f3w. Tymi pojazdami ka\u017cdego dnia hospicyjne zespo\u0142y b\u0119d\u0105 doje\u017cd\u017ca\u0107 do nieuleczalnie chorych pacjent\u00f3w. Wybrali\u015bmy samochody, do kt\u00f3rych mo\u017cna w\u0142o\u017cy\u0107 urz\u0105dzenia medyczne czy sprz\u0119t rehabilitacyjny.</p><br clear=\"all\" />",
        "id": 1758621,
        "language": "pl",
        "link": "https://www.rmf24.pl/regiony/szczecin/news-final-akcji-kaszanka-7-0-samochody-dla-hospicjum-od-sluchacz,nId,7880201",
        "manual_status_code": 0,
        "page_rating": 29,
        "page_rating_contents": 90,
        "page_rating_visits": 0,
        "page_rating_votes": 0,
        "permanent": false,
        "source__id": 268,
        "source_url": "https://www.rmf24.pl/feed",
        "status_code": 0,
        "tags": [],
        "thumbnail": null,
        "title": "Fina\u0142 akcji KASZANKA 7.0. Samochody dla hospicjum od S\u0142uchaczy RMF FM",
        "vote": 0
    },
    {
        "age": null,
        "album": "",
        "author": null,
        "bookmarked": false,
        "comments": [],
        "date_dead_since": null,
        "date_published": "2024-12-21T06:35:15.545362+00:00",
        "description": "<p><a href=\"https://www.rmf24.pl/regiony/szczecin/news-akcja-kaszanka-7-0-dzis-wielki-final-samochody-dla-hospicjum,nId,7880201\"><img src=\"https://interia-s.pluscdn.pl/akcja-kaszanka-7-0-dzis-wielki-final-samochody-dla-hospicjum/000KC5NPO82KOPKO-C307.jpg\" alt=\"Akcja KASZANKA 7.0, dzi\u015b wielki fina\u0142. Samochody dla hospicjum od S\u0142uchaczy RMF FM\" align=\"left\" /></a>W Szczecinie dzi\u015b fina\u0142 naszej akcji KASZANKA 7.0 na rzecz Zachodniopomorskiego Hospicjum dla Dzieci. Plac\u00f3wka opiekuj\u0105ca si\u0119 ma\u0142ymi pacjentami otrzyma od S\u0142uchaczy RMF FM dwa samochody dla lekarzy, piel\u0119gniarek i rehabilitant\u00f3w. Tymi pojazdami ka\u017cdego dnia hospicyjne zespo\u0142y b\u0119d\u0105 doje\u017cd\u017ca\u0107 do nieuleczalnie chorych pacjent\u00f3w. Wybrali\u015bmy samochody, do kt\u00f3rych mo\u017cna w\u0142o\u017cy\u0107 urz\u0105dzenia medyczne czy sprz\u0119t rehabilitacyjny.</p><br clear=\"all\" />",
        "id": 1755516,
        "language": "pl",
        "link": "https://www.rmf24.pl/regiony/szczecin/news-akcja-kaszanka-7-0-dzis-wielki-final-samochody-dla-hospicjum,nId,7880201",
        "manual_status_code": 0,
        "page_rating": 29,
        "page_rating_contents": 90,
        "page_rating_visits": 0,
        "page_rating_votes": 0,
        "permanent": false,
        "source__id": 268,
        "source_url": "https://www.rmf24.pl/feed",
        "status_code": 0,
        "tags": [],
        "thumbnail": null,
        "title": "Akcja KASZANKA 7.0, dzi\u015b wielki fina\u0142. Samochody dla hospicjum od S\u0142uchaczy RMF FM",
        "vote": 0
    },
    {
        "age": null,
        "album": "",
        "author": null,
        "bookmarked": false,
        "comments": [],
        "date_dead_since": null,
        "date_published": "2024-12-21T06:35:15.202015+00:00",
        "description": "<p><a href=\"https://www.rmf24.pl/fakty/polska/news-donald-trump-juz-wkrotce-w-polsce-dostanie-zaproszenie-na-sz,nId,7880205\"><img src=\"https://interia-s.pluscdn.pl/donald-trump-juz-wkrotce-w-polsce-dostanie-zaproszenie-na-sz/000KC5PZ91BL1EU3-C307.jpg\" alt=\"Donald Trump ju\u017c wkr\u00f3tce w Polsce? Dostanie zaproszenie na szczyt\" align=\"left\" /></a>Prezydent USA Donald Trump zostanie zaproszony na szczyt Inicjatywy Tr\u00f3jmorza, kt\u00f3ry odb\u0119dzie si\u0119 pod koniec kwietnia w Warszawie. Trump w 2017 r. wzi\u0105\u0142 udzia\u0142 w takim spotkaniu, wi\u0119c jego obecno\u015b\u0107 na szczycie w 2025 r. stanowi\u0142aby pewn\u0105 klamr\u0119 - powiedzia\u0142 szef prezydenckiego Biura Polityki Mi\u0119dzynarodowej Mieszko Pawlak.</p><br clear=\"all\" />",
        "id": 1755515,
        "language": "pl",
        "link": "https://www.rmf24.pl/fakty/polska/news-donald-trump-juz-wkrotce-w-polsce-dostanie-zaproszenie-na-sz,nId,7880205",
        "manual_status_code": 0,
        "page_rating": 29,
        "page_rating_contents": 90,
        "page_rating_visits": 0,
        "page_rating_votes": 0,
        "permanent": false,
        "source__id": 268,
        "source_url": "https://www.rmf24.pl/feed",
        "status_code": 0,
        "tags": [],
        "thumbnail": null,
        "title": "Donald Trump ju\u017c wkr\u00f3tce w Polsce? Dostanie zaproszenie na szczyt",
        "vote": 0
    },
    {
        "age": null,
        "album": "",
        "author": null,
        "bookmarked": false,
        "comments": [],
        "date_dead_since": null,
        "date_published": "2024-12-21T05:30:03.329269+00:00",
        "description": "<p><a href=\"https://www.rmf24.pl/fakty/swiat/news-bialy-dom-i-musk-po-zamachu-w-magdeburgu-mocne-slowa-o-schol,nId,7880200\"><img src=\"https://interia-s.pluscdn.pl/bialy-dom-i-musk-po-zamachu-w-magdeburgu-mocne-slowa-o-schol/000KC5N04FV2OAD2-C307.jpg\" alt=\"Bia\u0142y Dom i Musk po zamachu w Magdeburgu. Mocne s\u0142owa o Scholzu\" align=\"left\" /></a>Stany Zjednoczone zabra\u0142y g\u0142os po masakrze na jarmarku \u015bwi\u0105tecznym w niemieckim Magdeburgu. USA s\u0105 &quot;wstrz\u0105\u015bni\u0119te i zasmucone tragicznymi wiadomo\u015bciami&quot; z Magdeburga - oznajmi\u0142 Departament Stanu USA. &quot;Scholz powinien natychmiast ust\u0105pi\u0107. Niekompetentny g\u0142upiec&quot; - napisa\u0142 Elon Musk na platformie X.</p><br clear=\"all\" />",
        "id": 1755332,
        "language": "pl",
        "link": "https://www.rmf24.pl/fakty/swiat/news-bialy-dom-i-musk-po-zamachu-w-magdeburgu-mocne-slowa-o-schol,nId,7880200",
        "manual_status_code": 0,
        "page_rating": 29,
        "page_rating_contents": 90,
        "page_rating_visits": 0,
        "page_rating_votes": 0,
        "permanent": false,
        "source__id": 268,
        "source_url": "https://www.rmf24.pl/feed",
        "status_code": 0,
        "tags": [],
        "thumbnail": null,
        "title": "Bia\u0142y Dom i Musk po zamachu w Magdeburgu. Mocne s\u0142owa o Scholzu",
        "vote": 0
    },
    {
        "age": null,
        "album": "",
        "author": null,
        "bookmarked": false,
        "comments": [],
        "date_dead_since": null,
        "date_published": "2024-12-21T02:12:17.935063+00:00",
        "description": "<p><a href=\"https://www.rmf24.pl/fakty/swiat/news-kim-jest-sprawca-zamachu-na-swiatecznym-jarmarku-w-magdeburg,nId,7880199\"><img src=\"https://interia-s.pluscdn.pl/kim-jest-sprawca-zamachu-na-swiatecznym-jarmarku-w-magdeburg/000KC5IBMHKFERMU-C307.jpg\" alt=\"Kim jest sprawca zamachu na \u015bwi\u0105tecznym jarmarku w Magdeburgu? \" align=\"left\" /></a>Podejrzany o atak na jarmarku w Magdeburgu to Taleb A. - legalnie mieszkaj\u0105cy w Niemczech saudyjski lekarz psychiatrii. Tydzie\u0144 temu zamie\u015bci\u0142 w sieci materia\u0142 wideo, na kt\u00f3rym przez ponad 45 minut m\u00f3wi\u0142 o pa\u0144stwie niemieckim, kt\u00f3re wed\u0142ug niego ma prowadzi\u0107 tajn\u0105 operacj\u0119 maj\u0105c\u0105 na celu polowanie na muzu\u0142man\u00f3w z Arabii Saudyjskiej na ca\u0142ym \u015bwiecie. </p><br clear=\"all\" />",
        "id": 1754897,
        "language": "pl",
        "link": "https://www.rmf24.pl/fakty/swiat/news-kim-jest-sprawca-zamachu-na-swiatecznym-jarmarku-w-magdeburg,nId,7880199",
        "manual_status_code": 0,
        "page_rating": 29,
        "page_rating_contents": 90,
        "page_rating_visits": 0,
        "page_rating_votes": 0,
        "permanent": false,
        "source__id": 268,
        "source_url": "https://www.rmf24.pl/feed",
        "status_code": 0,
        "tags": [],
        "thumbnail": null,
        "title": "Kim jest sprawca zamachu na \u015bwi\u0105tecznym jarmarku w Magdeburgu?",
        "vote": 0
    }
]