[
    {
        "age": null,
        "album": "",
        "author": "Magia Natury",
        "bookmarked": false,
        "comments": [],
        "date_dead_since": null,
        "date_published": "2024-12-21T10:00:45+00:00",
        "description": "To, \u017ce ludzie przed tysi\u0105cami lat polowali na mamuty nie ulega najmniejszej w\u0105tpliwo\u015bci. Skamienia\u0142e ko\u015bci tych wielkich tr\u0105bowc\u00f3w nosz\u0105 \u015blady obr\u00f3bki, dowodz\u0105c, \u017ce ich mi\u0119so by\u0142o \u0107wiartowane i porcjowane. Niekt\u00f3re ko\u015bci nosz\u0105 tak\u017ce \u015blady wbitych w nie grot\u00f3w, kt\u00f3rymi najwyra\u017aniej zabijano te zwierz\u0119ta. Ludzie w paleolicie byli blisko zwi\u0105zani z mamutami. Wykorzystywali ich sk\u00f3ry, ko\u015bci, budowano z nich domy, a tak\u017ce wyrabiano narz\u0119dzia i ozdoby. Czy jednak w\u0142\u00f3cznie stanowi\u0142y g\u0142\u00f3wn\u0105 bro\u0144 w walce z mamutami, czy mo\u017ce tak jak widzimy to na tym filmie, mamuty by\u0142y \u0142apane np. w ogromne sieci, a dopiero potem dobijane w\u0142\u00f3czniami? A mo\u017ce istnia\u0142y tak\u017ce inne rozwi\u0105zania, kt\u00f3re do tej pory umyka\u0142y naukowcom? \n\n\ud83d\udc49 Patronite \u25ba https://patronite.pl/magia_natury\n__________\nAutor kana\u0142u nie ro\u015bci sobie praw do materia\u0142\u00f3w wykorzystanych w filmie. Materia\u0142y wykorzystane s\u0105 w ramach prawa dozwolonego u\u017cytku w celu zobrazowania, edukowania i lepszego zrozumienia zagadnienia lub pochodz\u0105 z serwis\u00f3w udo",
        "id": 1756176,
        "language": null,
        "link": "https://www.youtube.com/watch?v=l3AP_eDqhSc",
        "manual_status_code": 0,
        "page_rating": 27,
        "page_rating_contents": 86,
        "page_rating_visits": 0,
        "page_rating_votes": 0,
        "permanent": false,
        "source__id": 461,
        "source_url": "https://www.youtube.com/feeds/videos.xml?channel_id=UCfDX69pxC4q6yKSaugs196g",
        "status_code": 0,
        "tags": [],
        "thumbnail": "https://i1.ytimg.com/vi/l3AP_eDqhSc/hqdefault.jpg",
        "title": "Jak Polowano na MAMUTY - Nowa Teoria! - Atomowa Bro\u0144 Paleolitu",
        "vote": 0
    }
]