[
    {
        "age": null,
        "album": "",
        "author": "Max",
        "bookmarked": false,
        "comments": [],
        "date_dead_since": null,
        "date_published": "2024-12-21T23:00:13+00:00",
        "description": "Buddy (Will Ferrell) exposes the mall Santa Claus (Artie Lange) as a fake.\n\nElf is streaming on Max.\n\nAbout Max:\nMax is the culture-defining entertainment service for every mood. With a variety of genres that include your favorite series and movies from iconic brands and treasured franchises, it delivers irresistible stories every time. From reuniting with life-long favorites to uncovering new ones you haven\u2019t discovered yet, there's something for every moment, every feeling, every you.\n\nIt\u2019s all here. Iconic series, award-winning movies, fresh originals, and family favorites featuring the worlds of Harry Potter, the DC Universe, and HBO. Discover the best entertainment for every mood.\n#WarnerBrosDiscovery #streamonmax \n\nSUBSCRIBE TO MAX\nhttps://streamonm.ax/3vgR69B\n\nGET MAX\nhttps://streamonm.ax/4a83GYO\n\nFOLLOW MAX\nFollow Max on YouTube: https://streamonm.ax/YouTube\nFollow Max on Instagram: https://streamonm.ax/Instagram\nFollow Max on TikTok: https://streamonm.ax/TikTok\nFollow Max on",
        "id": 1759137,
        "language": null,
        "link": "https://www.youtube.com/watch?v=Kh3bbC_CbAk",
        "manual_status_code": 0,
        "page_rating": 27,
        "page_rating_contents": 86,
        "page_rating_visits": 0,
        "page_rating_votes": 0,
        "permanent": false,
        "source__id": 455,
        "source_url": "https://www.youtube.com/feeds/videos.xml?channel_id=UCx-KWLTKlB83hDI6UKECtJQ",
        "status_code": 0,
        "tags": [],
        "thumbnail": "https://i4.ytimg.com/vi/Kh3bbC_CbAk/hqdefault.jpg",
        "title": "Buddy the Elf Exposes Santa | Elf | Max",
        "vote": 0
    },
    {
        "age": null,
        "album": "",
        "author": "Max",
        "bookmarked": false,
        "comments": [],
        "date_dead_since": null,
        "date_published": "2024-12-21T19:00:13+00:00",
        "description": "Joker: Folie \u00e0 Deux is now streaming exclusively on Max. \n\n#JokerMovie #JoaquinPhoenix #ArthurFleck #LadyGaga #LeeQuinzel #Joker\n\nAbout Max:\nMax is the culture-defining entertainment service for every mood. With a variety of genres that include your favorite series and movies from iconic brands and treasured franchises, it delivers irresistible stories every time. From reuniting with life-long favorites to uncovering new ones you haven\u2019t discovered yet, there's something for every moment, every feeling, every you.\n\nIt\u2019s all here. Iconic series, award-winning movies, fresh originals, and family favorites featuring the worlds of Harry Potter, the DC Universe, and HBO. Discover the best entertainment for every mood.\n#WarnerBrosDiscovery #streamonmax \n\nSUBSCRIBE TO MAX\nhttps://streamonm.ax/3vgR69B\n\nGET MAX\nhttps://streamonm.ax/4a83GYO\n\nFOLLOW MAX\nFollow Max on YouTube: https://streamonm.ax/YouTube\nFollow Max on Instagram: https://streamonm.ax/Instagram\nFollow Max on TikTok: https://strea",
        "id": 1758414,
        "language": null,
        "link": "https://www.youtube.com/watch?v=ENR06pIzpI4",
        "manual_status_code": 0,
        "page_rating": 27,
        "page_rating_contents": 86,
        "page_rating_visits": 0,
        "page_rating_votes": 0,
        "permanent": false,
        "source__id": 455,
        "source_url": "https://www.youtube.com/feeds/videos.xml?channel_id=UCx-KWLTKlB83hDI6UKECtJQ",
        "status_code": 0,
        "tags": [],
        "thumbnail": "https://i2.ytimg.com/vi/ENR06pIzpI4/hqdefault.jpg",
        "title": "Mother.",
        "vote": 0
    },
    {
        "age": null,
        "album": "",
        "author": "Max",
        "bookmarked": false,
        "comments": [],
        "date_dead_since": null,
        "date_published": "2024-12-21T17:00:03+00:00",
        "description": "Stream the season finale of the HBO Original Series Dune: Prophecy tomorrow at 9 pm ET on Max.\n\n#HBO #DuneProphecy #JoshHeuston #ConstantineCorrino #Dune\n\nAbout Max:\nMax is the culture-defining entertainment service for every mood. With a variety of genres that include your favorite series and movies from iconic brands and treasured franchises, it delivers irresistible stories every time. From reuniting with life-long favorites to uncovering new ones you haven\u2019t discovered yet, there's something for every moment, every feeling, every you.\n\nIt\u2019s all here. Iconic series, award-winning movies, fresh originals, and family favorites featuring the worlds of Harry Potter, the DC Universe, and HBO. Discover the best entertainment for every mood.\n#WarnerBrosDiscovery #streamonmax \n\nSUBSCRIBE TO MAX\nhttps://streamonm.ax/3vgR69B\n\nGET MAX\nhttps://streamonm.ax/4a83GYO\n\nFOLLOW MAX\nFollow Max on YouTube: https://streamonm.ax/YouTube\nFollow Max on Instagram: https://streamonm.ax/Instagram\nFollow Max",
        "id": 1757893,
        "language": null,
        "link": "https://www.youtube.com/watch?v=4jJnBiRN_4s",
        "manual_status_code": 0,
        "page_rating": 27,
        "page_rating_contents": 86,
        "page_rating_visits": 0,
        "page_rating_votes": 0,
        "permanent": false,
        "source__id": 455,
        "source_url": "https://www.youtube.com/feeds/videos.xml?channel_id=UCx-KWLTKlB83hDI6UKECtJQ",
        "status_code": 0,
        "tags": [],
        "thumbnail": "https://i1.ytimg.com/vi/4jJnBiRN_4s/hqdefault.jpg",
        "title": "Definitely watching for the plot.",
        "vote": 0
    },
    {
        "age": null,
        "album": "",
        "author": "Max",
        "bookmarked": false,
        "comments": [],
        "date_dead_since": null,
        "date_published": "2024-12-21T15:00:57+00:00",
        "description": "From Max and  @magnolianetwork, all episodes of #SecondChanceStage are now streaming on Max.\n\nAbout Max:\nMax is the culture-defining entertainment service for every mood. With a variety of genres that include your favorite series and movies from iconic brands and treasured franchises, it delivers irresistible stories every time. From reuniting with life-long favorites to uncovering new ones you haven\u2019t discovered yet, there's something for every moment, every feeling, every you.\n\nIt\u2019s all here. Iconic series, award-winning movies, fresh originals, and family favorites featuring the worlds of Harry Potter, the DC Universe, and HBO. Discover the best entertainment for every mood.\n#WarnerBrosDiscovery #streamonmax \n\nSUBSCRIBE TO MAX\nhttps://streamonm.ax/3vgR69B\n\nGET MAX\nhttps://streamonm.ax/4a83GYO\n\nFOLLOW MAX\nFollow Max on YouTube: https://streamonm.ax/YouTube\nFollow Max on Instagram: https://streamonm.ax/Instagram\nFollow Max on TikTok: https://streamonm.ax/TikTok\nFollow Max on Twitter",
        "id": 1757362,
        "language": null,
        "link": "https://www.youtube.com/watch?v=s4Jq3iWQd-A",
        "manual_status_code": 0,
        "page_rating": 27,
        "page_rating_contents": 86,
        "page_rating_visits": 0,
        "page_rating_votes": 0,
        "permanent": false,
        "source__id": 455,
        "source_url": "https://www.youtube.com/feeds/videos.xml?channel_id=UCx-KWLTKlB83hDI6UKECtJQ",
        "status_code": 0,
        "tags": [],
        "thumbnail": "https://i4.ytimg.com/vi/s4Jq3iWQd-A/hqdefault.jpg",
        "title": "Go behind the scenes of #SecondChanceStage with Emmanuel Acho.",
        "vote": 0
    },
    {
        "age": null,
        "album": "",
        "author": "Max",
        "bookmarked": false,
        "comments": [],
        "date_dead_since": null,
        "date_published": "2024-12-21T01:00:20+00:00",
        "description": "The HBO Original Series The Sopranos is streaming on Max. \n\nAbout Max:\nMax is the culture-defining entertainment service for every mood. With a variety of genres that include your favorite series and movies from iconic brands and treasured franchises, it delivers irresistible stories every time. From reuniting with life-long favorites to uncovering new ones you haven\u2019t discovered yet, there's something for every moment, every feeling, every you.\n\nIt\u2019s all here. Iconic series, award-winning movies, fresh originals, and family favorites featuring the worlds of Harry Potter, the DC Universe, and HBO. Discover the best entertainment for every mood.\n#WarnerBrosDiscovery #streamonmax \n\nSUBSCRIBE TO MAX\nhttps://streamonm.ax/3vgR69B\n\nGET MAX\nhttps://streamonm.ax/4a83GYO\n\nFOLLOW MAX\nFollow Max on YouTube: https://streamonm.ax/YouTube\nFollow Max on Instagram: https://streamonm.ax/Instagram\nFollow Max on TikTok: https://streamonm.ax/TikTok\nFollow Max on Twitter: https://streamonm.ax/Twitter\nFol",
        "id": 1754722,
        "language": null,
        "link": "https://www.youtube.com/watch?v=U0NSRDz23uY",
        "manual_status_code": 0,
        "page_rating": 27,
        "page_rating_contents": 86,
        "page_rating_visits": 0,
        "page_rating_votes": 0,
        "permanent": false,
        "source__id": 455,
        "source_url": "https://www.youtube.com/feeds/videos.xml?channel_id=UCx-KWLTKlB83hDI6UKECtJQ",
        "status_code": 0,
        "tags": [],
        "thumbnail": "https://i2.ytimg.com/vi/U0NSRDz23uY/hqdefault.jpg",
        "title": "The Mezzo-Sopranos.",
        "vote": 0
    }
]