[
    {
        "age": null,
        "album": "",
        "author": "Brodie Robertson",
        "bookmarked": false,
        "comments": [],
        "date_dead_since": null,
        "date_published": "2024-12-21T20:00:13+00:00",
        "description": "I've talked about the need for a proper Wayland workspace protocol for a long time and I don't know how I didn't realize this but that's a thing that was already being worked on.\n\n==========Support The Channel==========\n\u25ba Patreon: https://brodierobertson.xyz/patreon\n\u25ba Paypal: https://brodierobertson.xyz/paypal\n\u25ba Liberapay: https://brodierobertson.xyz/liberapay\n\u25ba Amazon USA: https://brodierobertson.xyz/amazonusa\n\n==========Resources==========\nWlr MR: https://github.com/swaywm/wlr-protocols/pull/35\nWlr Issue: https://github.com/swaywm/wlr-protocols/issues/10\nKDE Issue: https://phabricator.kde.org/T4457#64699\nGitlab MR: https://gitlab.freedesktop.org/wayland/wayland-protocols/-/merge_requests/40\n\n\n=========Video Platforms==========\n\ud83c\udfa5 Odysee: https://brodierobertson.xyz/odysee\n\ud83c\udfa5 Podcast: https://techovertea.xyz/youtube\n\ud83c\udfae Gaming: https://brodierobertson.xyz/gaming\n\n==========Social Media==========\n\ud83c\udfa4 Discord: https://brodierobertson.xyz/discord\n\ud83d\udc26 Twitter: https://brodierobertson.xyz/twitte",
        "id": 1758679,
        "language": null,
        "link": "https://www.youtube.com/watch?v=PYq2LbQXQWs",
        "manual_status_code": 0,
        "page_rating": 27,
        "page_rating_contents": 86,
        "page_rating_visits": 0,
        "page_rating_votes": 0,
        "permanent": false,
        "source__id": 45,
        "source_url": "https://www.youtube.com/feeds/videos.xml?channel_id=UCld68syR8Wi-GY_n4CaoJGA",
        "status_code": 0,
        "tags": [],
        "thumbnail": "https://i1.ytimg.com/vi/PYq2LbQXQWs/hqdefault.jpg",
        "title": "Wayland Finally Has A Proper Workspace Protocol",
        "vote": 0
    }
]