[
    {
        "age": null,
        "album": "",
        "author": null,
        "bookmarked": false,
        "comments": [],
        "date_dead_since": null,
        "date_published": "2024-12-21T21:21:51+00:00",
        "description": "Slovakian Prime Minister Robert Fico's fears for energy security are unfounded, senior Ukrainian official tells POLITICO.",
        "id": 1758854,
        "language": "en-US",
        "link": "https://www.politico.eu/article/slovakia-profiting-from-war-with-russian-gas-transit-gambit-kyiv-blasts/?utm_source=RSS_Feed&utm_medium=RSS&utm_campaign=RSS_Syndication",
        "manual_status_code": 0,
        "page_rating": 29,
        "page_rating_contents": 90,
        "page_rating_visits": 0,
        "page_rating_votes": 0,
        "permanent": false,
        "source__id": 247,
        "source_url": "https://www.politico.eu/feed",
        "status_code": 0,
        "tags": [],
        "thumbnail": null,
        "title": "Slovakia profiting from war with Russian gas transit gambit, Kyiv charges",
        "vote": 0
    },
    {
        "age": null,
        "album": "",
        "author": null,
        "bookmarked": false,
        "comments": [],
        "date_dead_since": null,
        "date_published": "2024-12-21T16:36:06+00:00",
        "description": "A campaign from a governing center-right party may have been hijacked to benefit far-right candidate C\u0103lin Georgescu, snoop.ro report shows.",
        "id": 1757776,
        "language": "en-US",
        "link": "https://www.politico.eu/article/investigation-ties-romanian-liberals-tiktok-campaign-pro-russia-candidate-calin-georgescu/?utm_source=RSS_Feed&utm_medium=RSS&utm_campaign=RSS_Syndication",
        "manual_status_code": 0,
        "page_rating": 29,
        "page_rating_contents": 90,
        "page_rating_visits": 0,
        "page_rating_votes": 0,
        "permanent": false,
        "source__id": 247,
        "source_url": "https://www.politico.eu/feed",
        "status_code": 0,
        "tags": [],
        "thumbnail": null,
        "title": "Report ties Romanian liberals to TikTok campaign that fueled pro-Russia candidate",
        "vote": 0
    },
    {
        "age": null,
        "album": "",
        "author": null,
        "bookmarked": false,
        "comments": [],
        "date_dead_since": null,
        "date_published": "2024-12-21T16:17:12+00:00",
        "description": "Reports that suspect was a refugee from Saudi Arabia who hated Muslims raises complicated questions during German election campaign.",
        "id": 1757777,
        "language": "en-US",
        "link": "https://www.politico.eu/article/insane-magdeburg-christmas-market-attack-germany-politicians-islamophobia-far-right/?utm_source=RSS_Feed&utm_medium=RSS&utm_campaign=RSS_Syndication",
        "manual_status_code": 0,
        "page_rating": 29,
        "page_rating_contents": 90,
        "page_rating_visits": 0,
        "page_rating_votes": 0,
        "permanent": false,
        "source__id": 247,
        "source_url": "https://www.politico.eu/feed",
        "status_code": 0,
        "tags": [],
        "thumbnail": null,
        "title": "\u2018Insane\u2019 Magdeburg Christmas market attack turns up heat on Germany\u2019s politicians",
        "vote": 0
    },
    {
        "age": null,
        "album": "",
        "author": null,
        "bookmarked": false,
        "comments": [],
        "date_dead_since": null,
        "date_published": "2024-12-21T14:54:32+00:00",
        "description": "Pistorius wants a reform of Germany's debt brake to allow for more military spending.",
        "id": 1757519,
        "language": "en-US",
        "link": "https://www.politico.eu/article/german-army-must-be-ready-for-war-if-putin-attacks-defense-pistorius-says-deficit-debt-brake-conflict/?utm_source=RSS_Feed&utm_medium=RSS&utm_campaign=RSS_Syndication",
        "manual_status_code": 0,
        "page_rating": 29,
        "page_rating_contents": 90,
        "page_rating_visits": 0,
        "page_rating_votes": 0,
        "permanent": false,
        "source__id": 247,
        "source_url": "https://www.politico.eu/feed",
        "status_code": 0,
        "tags": [],
        "thumbnail": null,
        "title": "German troops must be \u2018fit\u2019 for war if Putin attacks, Defense Minister Pistorius says",
        "vote": 0
    },
    {
        "age": null,
        "album": "",
        "author": null,
        "bookmarked": false,
        "comments": [],
        "date_dead_since": null,
        "date_published": "2024-12-21T12:07:27+00:00",
        "description": "Trump's request would involve more than doubling NATO's current spending target.",
        "id": 1756682,
        "language": "en-US",
        "link": "https://www.politico.eu/article/reports-donald-trump-nato-members-increase-defence-spending/?utm_source=RSS_Feed&utm_medium=RSS&utm_campaign=RSS_Syndication",
        "manual_status_code": 0,
        "page_rating": 29,
        "page_rating_contents": 90,
        "page_rating_visits": 0,
        "page_rating_votes": 0,
        "permanent": false,
        "source__id": 247,
        "source_url": "https://www.politico.eu/feed",
        "status_code": 0,
        "tags": [],
        "thumbnail": null,
        "title": "Trump reportedly wants NATO members to boost defense spending to 5 percent of GDP",
        "vote": 0
    },
    {
        "age": null,
        "album": "",
        "author": null,
        "bookmarked": false,
        "comments": [],
        "date_dead_since": null,
        "date_published": "2024-12-21T03:01:00+00:00",
        "description": "Drawing the top stories around the globe.",
        "id": 1755039,
        "language": "en-US",
        "link": "https://www.politico.eu/article/worlds-cartoonists-on-this-weeks-events-139/?utm_source=RSS_Feed&utm_medium=RSS&utm_campaign=RSS_Syndication",
        "manual_status_code": 0,
        "page_rating": 29,
        "page_rating_contents": 90,
        "page_rating_visits": 0,
        "page_rating_votes": 0,
        "permanent": false,
        "source__id": 247,
        "source_url": "https://www.politico.eu/feed",
        "status_code": 0,
        "tags": [],
        "thumbnail": null,
        "title": "World\u2019s cartoonists on this week\u2019s events",
        "vote": 0
    }
]