[
    {
        "age": null,
        "album": "",
        "author": null,
        "bookmarked": false,
        "comments": [],
        "date_dead_since": null,
        "date_published": "2024-12-21T23:51:21+00:00",
        "description": "<table> <tr><td> <a href=\"https://www.reddit.com/r/Weird/comments/1hjmfq5/got_this_in_the_mail/\"> <img src=\"https://preview.redd.it/oa4e5alnha8e1.jpeg?width=640&amp;crop=smart&amp;auto=webp&amp;s=3100d37c5a5e1cf423ba132ffe1d06c538b8bd20\" alt=\"Got this in the mail\" title=\"Got this in the mail\" /> </a> </td><td> <!-- SC_OFF --><div class=\"md\"><p>I have no idea why I received this. It\u2019s a thin silk scarf, about three feet long when unfolded. The envelope is about four inches by three inches. The scarf is covering up my address and phone number on the envelope. Anyone receive anything similar?</p> </div><!-- SC_ON --> &#32; submitted by &#32; <a href=\"https://www.reddit.com/user/Oldhouse42\"> /u/Oldhouse42 </a> <br/> <span><a href=\"https://i.redd.it/oa4e5alnha8e1.jpeg\">[link]</a></span> &#32; <span><a href=\"https://www.reddit.com/r/Weird/comments/1hjmfq5/got_this_in_the_mail/\">[comments]</a></span> </td></tr></table>",
        "id": 1759238,
        "language": null,
        "link": "https://www.reddit.com/r/Weird/comments/1hjmfq5/got_this_in_the_mail",
        "manual_status_code": 0,
        "page_rating": 27,
        "page_rating_contents": 86,
        "page_rating_visits": 0,
        "page_rating_votes": 0,
        "permanent": false,
        "source__id": 546,
        "source_url": "https://www.reddit.com/r/Weird/.rss",
        "status_code": 0,
        "tags": [],
        "thumbnail": "https://preview.redd.it/oa4e5alnha8e1.jpeg?width=640&crop=smart&auto=webp&s=3100d37c5a5e1cf423ba132ffe1d06c538b8bd20",
        "title": "Got this in the mail",
        "vote": 0
    },
    {
        "age": null,
        "album": "",
        "author": null,
        "bookmarked": false,
        "comments": [],
        "date_dead_since": null,
        "date_published": "2024-12-21T23:17:50+00:00",
        "description": "&#32; submitted by &#32; <a href=\"https://www.reddit.com/user/Sufficient_Muscle670\"> /u/Sufficient_Muscle670 </a> <br/> <span><a href=\"https://bogleech.com/halloween/hall24-zymoglyphic\">[link]</a></span> &#32; <span><a href=\"https://www.reddit.com/r/Weird/comments/1hjltbs/halloween_2024_the_zymoglyphic_museum/\">[comments]</a></span>",
        "id": 1759239,
        "language": null,
        "link": "https://www.reddit.com/r/Weird/comments/1hjltbs/halloween_2024_the_zymoglyphic_museum",
        "manual_status_code": 0,
        "page_rating": 27,
        "page_rating_contents": 85,
        "page_rating_visits": 0,
        "page_rating_votes": 0,
        "permanent": false,
        "source__id": 546,
        "source_url": "https://www.reddit.com/r/Weird/.rss",
        "status_code": 0,
        "tags": [],
        "thumbnail": null,
        "title": "Halloween 2024: The Zymoglyphic Museum",
        "vote": 0
    },
    {
        "age": null,
        "album": "",
        "author": null,
        "bookmarked": false,
        "comments": [],
        "date_dead_since": null,
        "date_published": "2024-12-21T21:53:38+00:00",
        "description": "<table> <tr><td> <a href=\"https://www.reddit.com/r/Weird/comments/1hjk4su/my_amazon_packages_are_smoldering_and_im_not_home/\"> <img src=\"https://preview.redd.it/82dmk5inw98e1.jpeg?width=640&amp;crop=smart&amp;auto=webp&amp;s=8bf7608c592a1058720455af17c2791b58c6be81\" alt=\"My Amazon Packages are smoldering And I\u2019m not home. Nothing I ordered should steam or smoke. Would you open it? \" title=\"My Amazon Packages are smoldering And I\u2019m not home. Nothing I ordered should steam or smoke. Would you open it? \" /> </a> </td><td> &#32; submitted by &#32; <a href=\"https://www.reddit.com/user/PissedCaucasian\"> /u/PissedCaucasian </a> <br/> <span><a href=\"https://i.redd.it/82dmk5inw98e1.jpeg\">[link]</a></span> &#32; <span><a href=\"https://www.reddit.com/r/Weird/comments/1hjk4su/my_amazon_packages_are_smoldering_and_im_not_home/\">[comments]</a></span> </td></tr></table>",
        "id": 1759043,
        "language": null,
        "link": "https://www.reddit.com/r/Weird/comments/1hjk4su/my_amazon_packages_are_smoldering_and_im_not_home",
        "manual_status_code": 0,
        "page_rating": 27,
        "page_rating_contents": 86,
        "page_rating_visits": 0,
        "page_rating_votes": 0,
        "permanent": false,
        "source__id": 546,
        "source_url": "https://www.reddit.com/r/Weird/.rss",
        "status_code": 0,
        "tags": [],
        "thumbnail": "https://preview.redd.it/82dmk5inw98e1.jpeg?width=640&crop=smart&auto=webp&s=8bf7608c592a1058720455af17c2791b58c6be81",
        "title": "My Amazon Packages are smoldering And I\u2019m not home. Nothing I ordered should steam or smoke. Would you open it?",
        "vote": 0
    },
    {
        "age": null,
        "album": "",
        "author": null,
        "bookmarked": false,
        "comments": [],
        "date_dead_since": null,
        "date_published": "2024-12-21T21:48:59+00:00",
        "description": "<table> <tr><td> <a href=\"https://www.reddit.com/r/Weird/comments/1hjk1if/trump_continues_on_with_his_grifting_now_selling/\"> <img src=\"https://b.thumbs.redditmedia.com/eebXCHGdRjJAR_GQwWjDqrPRaafWO6K4wv2HvkuUFZo.jpg\" alt=\"trump continues on with his grifting, now selling his own rendition of the bible\u2026\" title=\"trump continues on with his grifting, now selling his own rendition of the bible\u2026\" /> </a> </td><td> <!-- SC_OFF --><div class=\"md\"><p>you can even get an autographed trump bible for $1,000! \ud83d\ude44</p> </div><!-- SC_ON --> &#32; submitted by &#32; <a href=\"https://www.reddit.com/user/N4TETHAGR8\"> /u/N4TETHAGR8 </a> <br/> <span><a href=\"https://www.reddit.com/gallery/1hjk1if\">[link]</a></span> &#32; <span><a href=\"https://www.reddit.com/r/Weird/comments/1hjk1if/trump_continues_on_with_his_grifting_now_selling/\">[comments]</a></span> </td></tr></table>",
        "id": 1759044,
        "language": null,
        "link": "https://www.reddit.com/r/Weird/comments/1hjk1if/trump_continues_on_with_his_grifting_now_selling",
        "manual_status_code": 0,
        "page_rating": 27,
        "page_rating_contents": 86,
        "page_rating_visits": 0,
        "page_rating_votes": 0,
        "permanent": false,
        "source__id": 546,
        "source_url": "https://www.reddit.com/r/Weird/.rss",
        "status_code": 0,
        "tags": [],
        "thumbnail": "https://b.thumbs.redditmedia.com/eebXCHGdRjJAR_GQwWjDqrPRaafWO6K4wv2HvkuUFZo.jpg",
        "title": "trump continues on with his grifting, now selling his own rendition of the bible\u2026",
        "vote": 0
    },
    {
        "age": null,
        "album": "",
        "author": null,
        "bookmarked": false,
        "comments": [],
        "date_dead_since": null,
        "date_published": "2024-12-21T21:14:59+00:00",
        "description": "<table> <tr><td> <a href=\"https://www.reddit.com/r/Weird/comments/1hjjcuk/my_husband_talks_in_his_sleep_and_this_is_some_of/\"> <img src=\"https://preview.redd.it/ans7sb2rp98e1.jpeg?width=640&amp;crop=smart&amp;auto=webp&amp;s=2f71f667b82fa0b9f1f42e30a77e938734b31d6d\" alt=\"My husband talks in his sleep and this is some of what I\u2019ve caught.\" title=\"My husband talks in his sleep and this is some of what I\u2019ve caught.\" /> </a> </td><td> &#32; submitted by &#32; <a href=\"https://www.reddit.com/user/JessBeeBlue\"> /u/JessBeeBlue </a> <br/> <span><a href=\"https://i.redd.it/ans7sb2rp98e1.jpeg\">[link]</a></span> &#32; <span><a href=\"https://www.reddit.com/r/Weird/comments/1hjjcuk/my_husband_talks_in_his_sleep_and_this_is_some_of/\">[comments]</a></span> </td></tr></table>",
        "id": 1758841,
        "language": null,
        "link": "https://www.reddit.com/r/Weird/comments/1hjjcuk/my_husband_talks_in_his_sleep_and_this_is_some_of",
        "manual_status_code": 0,
        "page_rating": 27,
        "page_rating_contents": 86,
        "page_rating_visits": 0,
        "page_rating_votes": 0,
        "permanent": false,
        "source__id": 546,
        "source_url": "https://www.reddit.com/r/Weird/.rss",
        "status_code": 0,
        "tags": [],
        "thumbnail": "https://preview.redd.it/ans7sb2rp98e1.jpeg?width=640&crop=smart&auto=webp&s=2f71f667b82fa0b9f1f42e30a77e938734b31d6d",
        "title": "My husband talks in his sleep and this is some of what I\u2019ve caught.",
        "vote": 0
    },
    {
        "age": null,
        "album": "",
        "author": null,
        "bookmarked": false,
        "comments": [],
        "date_dead_since": null,
        "date_published": "2024-12-21T20:47:39+00:00",
        "description": "<table> <tr><td> <a href=\"https://www.reddit.com/r/Weird/comments/1hjisuv/somebody_lint_rolled_my_car/\"> <img src=\"https://b.thumbs.redditmedia.com/u_3Q9-vOvknDbXOF--2Usjf9mC7HB8ZlcCJ46FQtRzs.jpg\" alt=\"Somebody lint rolled my car?\" title=\"Somebody lint rolled my car?\" /> </a> </td><td> <!-- SC_OFF --><div class=\"md\"><p>I havent driven in days, I get in my car for work and somebody left a lint roller. I dont even have a lint roller. And no, I dont have a gas leak</p> </div><!-- SC_ON --> &#32; submitted by &#32; <a href=\"https://www.reddit.com/user/dingus-croissant\"> /u/dingus-croissant </a> <br/> <span><a href=\"https://www.reddit.com/gallery/1hjisuv\">[link]</a></span> &#32; <span><a href=\"https://www.reddit.com/r/Weird/comments/1hjisuv/somebody_lint_rolled_my_car/\">[comments]</a></span> </td></tr></table>",
        "id": 1758842,
        "language": null,
        "link": "https://www.reddit.com/r/Weird/comments/1hjisuv/somebody_lint_rolled_my_car",
        "manual_status_code": 0,
        "page_rating": 27,
        "page_rating_contents": 86,
        "page_rating_visits": 0,
        "page_rating_votes": 0,
        "permanent": false,
        "source__id": 546,
        "source_url": "https://www.reddit.com/r/Weird/.rss",
        "status_code": 0,
        "tags": [],
        "thumbnail": "https://b.thumbs.redditmedia.com/u_3Q9-vOvknDbXOF--2Usjf9mC7HB8ZlcCJ46FQtRzs.jpg",
        "title": "Somebody lint rolled my car?",
        "vote": 0
    },
    {
        "age": null,
        "album": "",
        "author": null,
        "bookmarked": false,
        "comments": [],
        "date_dead_since": null,
        "date_published": "2024-12-21T20:32:02+00:00",
        "description": "<table> <tr><td> <a href=\"https://www.reddit.com/r/Weird/comments/1hjihf6/captured_something_weird_in_the_sky_at_community/\"> <img src=\"https://b.thumbs.redditmedia.com/IPBpG4vm0zb_-pkImm4w5ys_2BdtEAN_3-Cz1onBsIE.jpg\" alt=\"Captured something weird in the sky at community concert - can anyone identify?\" title=\"Captured something weird in the sky at community concert - can anyone identify?\" /> </a> </td><td> &#32; submitted by &#32; <a href=\"https://www.reddit.com/user/Iz_Buckner\"> /u/Iz_Buckner </a> <br/> <span><a href=\"https://www.reddit.com/gallery/1hjihf6\">[link]</a></span> &#32; <span><a href=\"https://www.reddit.com/r/Weird/comments/1hjihf6/captured_something_weird_in_the_sky_at_community/\">[comments]</a></span> </td></tr></table>",
        "id": 1758558,
        "language": null,
        "link": "https://www.reddit.com/r/Weird/comments/1hjihf6/captured_something_weird_in_the_sky_at_community",
        "manual_status_code": 0,
        "page_rating": 27,
        "page_rating_contents": 86,
        "page_rating_visits": 0,
        "page_rating_votes": 0,
        "permanent": false,
        "source__id": 546,
        "source_url": "https://www.reddit.com/r/Weird/.rss",
        "status_code": 0,
        "tags": [],
        "thumbnail": "https://b.thumbs.redditmedia.com/IPBpG4vm0zb_-pkImm4w5ys_2BdtEAN_3-Cz1onBsIE.jpg",
        "title": "Captured something weird in the sky at community concert - can anyone identify?",
        "vote": 0
    },
    {
        "age": null,
        "album": "",
        "author": null,
        "bookmarked": false,
        "comments": [],
        "date_dead_since": null,
        "date_published": "2024-12-21T19:13:34+00:00",
        "description": "<table> <tr><td> <a href=\"https://www.reddit.com/r/Weird/comments/1hjgv1d/my_friend_found_this_wierd_claw_on_a_beach_maybe/\"> <img src=\"https://preview.redd.it/3zugwea3498e1.jpeg?width=640&amp;crop=smart&amp;auto=webp&amp;s=7b2441a0e73d57b05b0eac7a21aba12461733306\" alt=\"My friend found this wierd claw on a beach, maybe a unformed diamond\" title=\"My friend found this wierd claw on a beach, maybe a unformed diamond\" /> </a> </td><td> &#32; submitted by &#32; <a href=\"https://www.reddit.com/user/Stephen_Is_handsome\"> /u/Stephen_Is_handsome </a> <br/> <span><a href=\"https://i.redd.it/3zugwea3498e1.jpeg\">[link]</a></span> &#32; <span><a href=\"https://www.reddit.com/r/Weird/comments/1hjgv1d/my_friend_found_this_wierd_claw_on_a_beach_maybe/\">[comments]</a></span> </td></tr></table>",
        "id": 1758259,
        "language": null,
        "link": "https://www.reddit.com/r/Weird/comments/1hjgv1d/my_friend_found_this_wierd_claw_on_a_beach_maybe",
        "manual_status_code": 0,
        "page_rating": 27,
        "page_rating_contents": 86,
        "page_rating_visits": 0,
        "page_rating_votes": 0,
        "permanent": false,
        "source__id": 546,
        "source_url": "https://www.reddit.com/r/Weird/.rss",
        "status_code": 0,
        "tags": [],
        "thumbnail": "https://preview.redd.it/3zugwea3498e1.jpeg?width=640&crop=smart&auto=webp&s=7b2441a0e73d57b05b0eac7a21aba12461733306",
        "title": "My friend found this wierd claw on a beach, maybe a unformed diamond",
        "vote": 0
    },
    {
        "age": null,
        "album": "",
        "author": null,
        "bookmarked": false,
        "comments": [],
        "date_dead_since": null,
        "date_published": "2024-12-21T18:58:21+00:00",
        "description": "<table> <tr><td> <a href=\"https://www.reddit.com/r/Weird/comments/1hjgj9b/this_curious_george_cosplay_i_found_whilst/\"> <img src=\"https://b.thumbs.redditmedia.com/WXuSEGisKmgbXiDXJyaJKlTffT2BbCeEpuw5vroLE7A.jpg\" alt=\"This curious George cosplay? I found whilst looking for reference images online \" title=\"This curious George cosplay? I found whilst looking for reference images online \" /> </a> </td><td> &#32; submitted by &#32; <a href=\"https://www.reddit.com/user/the_orange_alligator\"> /u/the_orange_alligator </a> <br/> <span><a href=\"https://www.reddit.com/gallery/1hjgj9b\">[link]</a></span> &#32; <span><a href=\"https://www.reddit.com/r/Weird/comments/1hjgj9b/this_curious_george_cosplay_i_found_whilst/\">[comments]</a></span> </td></tr></table>",
        "id": 1758258,
        "language": null,
        "link": "https://www.reddit.com/r/Weird/comments/1hjgj9b/this_curious_george_cosplay_i_found_whilst",
        "manual_status_code": 0,
        "page_rating": 27,
        "page_rating_contents": 86,
        "page_rating_visits": 0,
        "page_rating_votes": 0,
        "permanent": false,
        "source__id": 546,
        "source_url": "https://www.reddit.com/r/Weird/.rss",
        "status_code": 0,
        "tags": [],
        "thumbnail": "https://b.thumbs.redditmedia.com/WXuSEGisKmgbXiDXJyaJKlTffT2BbCeEpuw5vroLE7A.jpg",
        "title": "This curious George cosplay? I found whilst looking for reference images online",
        "vote": 0
    },
    {
        "age": null,
        "album": "",
        "author": null,
        "bookmarked": false,
        "comments": [],
        "date_dead_since": null,
        "date_published": "2024-12-21T16:49:20+00:00",
        "description": "<table> <tr><td> <a href=\"https://www.reddit.com/r/Weird/comments/1hjdqpe/weird_note_found_in_with_other_napkins/\"> <img src=\"https://preview.redd.it/9f1gkmyce88e1.png?width=640&amp;crop=smart&amp;auto=webp&amp;s=330b4eb14bc3108c9ab998c374959fa3ee3a5d4e\" alt=\"Weird note found in with other napkins. \" title=\"Weird note found in with other napkins. \" /> </a> </td><td> <!-- SC_OFF --><div class=\"md\"><p>A customer found this in our napkin carrier. We don&#39;t know any Teds either. </p> </div><!-- SC_ON --> &#32; submitted by &#32; <a href=\"https://www.reddit.com/user/dancady123\"> /u/dancady123 </a> <br/> <span><a href=\"https://i.redd.it/9f1gkmyce88e1.png\">[link]</a></span> &#32; <span><a href=\"https://www.reddit.com/r/Weird/comments/1hjdqpe/weird_note_found_in_with_other_napkins/\">[comments]</a></span> </td></tr></table>",
        "id": 1757756,
        "language": null,
        "link": "https://www.reddit.com/r/Weird/comments/1hjdqpe/weird_note_found_in_with_other_napkins",
        "manual_status_code": 0,
        "page_rating": 27,
        "page_rating_contents": 86,
        "page_rating_visits": 0,
        "page_rating_votes": 0,
        "permanent": false,
        "source__id": 546,
        "source_url": "https://www.reddit.com/r/Weird/.rss",
        "status_code": 0,
        "tags": [],
        "thumbnail": "https://preview.redd.it/9f1gkmyce88e1.png?width=640&crop=smart&auto=webp&s=330b4eb14bc3108c9ab998c374959fa3ee3a5d4e",
        "title": "Weird note found in with other napkins.",
        "vote": 0
    },
    {
        "age": null,
        "album": "",
        "author": null,
        "bookmarked": false,
        "comments": [],
        "date_dead_since": null,
        "date_published": "2024-12-21T15:58:59+00:00",
        "description": "<table> <tr><td> <a href=\"https://www.reddit.com/r/Weird/comments/1hjcouh/facebook_account_center_suddenly_added_another/\"> <img src=\"https://preview.redd.it/iy0q1kmd588e1.png?width=640&amp;crop=smart&amp;auto=webp&amp;s=1ad56f5606f66121be30e73e89b52fc3b91e26f7\" alt=\"Facebook account center suddenly added another account with my same name but different email address that I don't even own\" title=\"Facebook account center suddenly added another account with my same name but different email address that I don't even own\" /> </a> </td><td> &#32; submitted by &#32; <a href=\"https://www.reddit.com/user/gyve169\"> /u/gyve169 </a> <br/> <span><a href=\"https://i.redd.it/iy0q1kmd588e1.png\">[link]</a></span> &#32; <span><a href=\"https://www.reddit.com/r/Weird/comments/1hjcouh/facebook_account_center_suddenly_added_another/\">[comments]</a></span> </td></tr></table>",
        "id": 1757496,
        "language": null,
        "link": "https://www.reddit.com/r/Weird/comments/1hjcouh/facebook_account_center_suddenly_added_another",
        "manual_status_code": 0,
        "page_rating": 27,
        "page_rating_contents": 86,
        "page_rating_visits": 0,
        "page_rating_votes": 0,
        "permanent": false,
        "source__id": 546,
        "source_url": "https://www.reddit.com/r/Weird/.rss",
        "status_code": 0,
        "tags": [],
        "thumbnail": "https://preview.redd.it/iy0q1kmd588e1.png?width=640&crop=smart&auto=webp&s=1ad56f5606f66121be30e73e89b52fc3b91e26f7",
        "title": "Facebook account center suddenly added another account with my same name but different email address that I don't even own",
        "vote": 0
    },
    {
        "age": null,
        "album": "",
        "author": null,
        "bookmarked": false,
        "comments": [],
        "date_dead_since": null,
        "date_published": "2024-12-21T11:14:15+00:00",
        "description": "<table> <tr><td> <a href=\"https://www.reddit.com/r/Weird/comments/1hj7tte/diaphonized_frog/\"> <img src=\"https://a.thumbs.redditmedia.com/8xyt_reGceHVh5LbggpW5f3RbbEaE7UJYrF5VlgdPi4.jpg\" alt=\"Diaphonized frog\" title=\"Diaphonized frog\" /> </a> </td><td> &#32; submitted by &#32; <a href=\"https://www.reddit.com/user/bree908\"> /u/bree908 </a> <br/> <span><a href=\"https://www.reddit.com/gallery/1hj7tte\">[link]</a></span> &#32; <span><a href=\"https://www.reddit.com/r/Weird/comments/1hj7tte/diaphonized_frog/\">[comments]</a></span> </td></tr></table>",
        "id": 1756403,
        "language": null,
        "link": "https://www.reddit.com/r/Weird/comments/1hj7tte/diaphonized_frog",
        "manual_status_code": 0,
        "page_rating": 27,
        "page_rating_contents": 86,
        "page_rating_visits": 0,
        "page_rating_votes": 0,
        "permanent": false,
        "source__id": 546,
        "source_url": "https://www.reddit.com/r/Weird/.rss",
        "status_code": 0,
        "tags": [],
        "thumbnail": "https://a.thumbs.redditmedia.com/8xyt_reGceHVh5LbggpW5f3RbbEaE7UJYrF5VlgdPi4.jpg",
        "title": "Diaphonized frog",
        "vote": 0
    },
    {
        "age": null,
        "album": "",
        "author": null,
        "bookmarked": false,
        "comments": [],
        "date_dead_since": null,
        "date_published": "2024-12-21T08:04:54+00:00",
        "description": "<table> <tr><td> <a href=\"https://www.reddit.com/r/Weird/comments/1hj5cl8/odd_words_found_at_bus_stop_in_yellow_cream_what/\"> <img src=\"https://b.thumbs.redditmedia.com/RLYJd1pd0DtPvr891EtvLOVokYmwaXChqn4AjPChc6E.jpg\" alt=\"Odd words found at bus stop in yellow cream. What does it say?\" title=\"Odd words found at bus stop in yellow cream. What does it say?\" /> </a> </td><td> &#32; submitted by &#32; <a href=\"https://www.reddit.com/user/Sanbaddy\"> /u/Sanbaddy </a> <br/> <span><a href=\"https://www.reddit.com/gallery/1hj5cl8\">[link]</a></span> &#32; <span><a href=\"https://www.reddit.com/r/Weird/comments/1hj5cl8/odd_words_found_at_bus_stop_in_yellow_cream_what/\">[comments]</a></span> </td></tr></table>",
        "id": 1755789,
        "language": null,
        "link": "https://www.reddit.com/r/Weird/comments/1hj5cl8/odd_words_found_at_bus_stop_in_yellow_cream_what",
        "manual_status_code": 0,
        "page_rating": 27,
        "page_rating_contents": 86,
        "page_rating_visits": 0,
        "page_rating_votes": 0,
        "permanent": false,
        "source__id": 546,
        "source_url": "https://www.reddit.com/r/Weird/.rss",
        "status_code": 0,
        "tags": [],
        "thumbnail": "https://b.thumbs.redditmedia.com/RLYJd1pd0DtPvr891EtvLOVokYmwaXChqn4AjPChc6E.jpg",
        "title": "Odd words found at bus stop in yellow cream. What does it say?",
        "vote": 0
    },
    {
        "age": null,
        "album": "",
        "author": null,
        "bookmarked": false,
        "comments": [],
        "date_dead_since": null,
        "date_published": "2024-12-21T07:13:08+00:00",
        "description": "<table> <tr><td> <a href=\"https://www.reddit.com/r/Weird/comments/1hj4nyc/got_this_weird_text_what_now/\"> <img src=\"https://preview.redd.it/i3mpkj9kj58e1.jpeg?width=640&amp;crop=smart&amp;auto=webp&amp;s=170d8415c22e1b788a6c4c58732e3baba48e44ea\" alt=\"Got this weird text what now? \" title=\"Got this weird text what now? \" /> </a> </td><td> <!-- SC_OFF --><div class=\"md\"><p>For added context this was a totally random text I&#39;ve never been to West Virginia but some of the content within the message seems disturbing and the area code does check out. Any explanation? </p> </div><!-- SC_ON --> &#32; submitted by &#32; <a href=\"https://www.reddit.com/user/MeinFailure1945\"> /u/MeinFailure1945 </a> <br/> <span><a href=\"https://i.redd.it/i3mpkj9kj58e1.jpeg\">[link]</a></span> &#32; <span><a href=\"https://www.reddit.com/r/Weird/comments/1hj4nyc/got_this_weird_text_what_now/\">[comments]</a></span> </td></tr></table>",
        "id": 1755623,
        "language": null,
        "link": "https://www.reddit.com/r/Weird/comments/1hj4nyc/got_this_weird_text_what_now",
        "manual_status_code": 0,
        "page_rating": 27,
        "page_rating_contents": 86,
        "page_rating_visits": 0,
        "page_rating_votes": 0,
        "permanent": false,
        "source__id": 546,
        "source_url": "https://www.reddit.com/r/Weird/.rss",
        "status_code": 0,
        "tags": [],
        "thumbnail": "https://preview.redd.it/i3mpkj9kj58e1.jpeg?width=640&crop=smart&auto=webp&s=170d8415c22e1b788a6c4c58732e3baba48e44ea",
        "title": "Got this weird text what now?",
        "vote": 0
    },
    {
        "age": null,
        "album": "",
        "author": null,
        "bookmarked": false,
        "comments": [],
        "date_dead_since": null,
        "date_published": "2024-12-21T04:13:49+00:00",
        "description": "<!-- SC_OFF --><div class=\"md\"><p>It\u2019s not itchy nor bothers me, it\u2019s kinda just there like it\u2019s my little buddy. But it\u2019s been here for a month and hasn\u2019t left.</p> </div><!-- SC_ON --> &#32; submitted by &#32; <a href=\"https://www.reddit.com/user/jessluvvsoup\"> /u/jessluvvsoup </a> <br/> <span><a href=\"https://i.redd.it/bc420mujn48e1.jpeg\">[link]</a></span> &#32; <span><a href=\"https://www.reddit.com/r/Weird/comments/1hj1xuk/weird_circle_on_my_leg/\">[comments]</a></span>",
        "id": 1755186,
        "language": null,
        "link": "https://www.reddit.com/r/Weird/comments/1hj1xuk/weird_circle_on_my_leg",
        "manual_status_code": 0,
        "page_rating": 27,
        "page_rating_contents": 85,
        "page_rating_visits": 0,
        "page_rating_votes": 0,
        "permanent": false,
        "source__id": 546,
        "source_url": "https://www.reddit.com/r/Weird/.rss",
        "status_code": 0,
        "tags": [],
        "thumbnail": null,
        "title": "weird circle on my leg",
        "vote": 0
    },
    {
        "age": null,
        "album": "",
        "author": null,
        "bookmarked": false,
        "comments": [],
        "date_dead_since": null,
        "date_published": "2024-12-21T03:56:29+00:00",
        "description": "<table> <tr><td> <a href=\"https://www.reddit.com/r/Weird/comments/1hj1nly/hungry_hand/\"> <img src=\"https://preview.redd.it/keqmb06hk48e1.jpeg?width=640&amp;crop=smart&amp;auto=webp&amp;s=86add55cdfdbbc5d231ef76ce0ee2ec51c1f1fb0\" alt=\"Hungry hand\" title=\"Hungry hand\" /> </a> </td><td> <!-- SC_OFF --><div class=\"md\"><p>I was just minding my own business on YouTube and then I see this live stream of someone who was filming on his toaster, while giving his hand a 5 course meal</p> </div><!-- SC_ON --> &#32; submitted by &#32; <a href=\"https://www.reddit.com/user/Historical-Garage435\"> /u/Historical-Garage435 </a> <br/> <span><a href=\"https://i.redd.it/keqmb06hk48e1.jpeg\">[link]</a></span> &#32; <span><a href=\"https://www.reddit.com/r/Weird/comments/1hj1nly/hungry_hand/\">[comments]</a></span> </td></tr></table>",
        "id": 1755187,
        "language": null,
        "link": "https://www.reddit.com/r/Weird/comments/1hj1nly/hungry_hand",
        "manual_status_code": 0,
        "page_rating": 27,
        "page_rating_contents": 86,
        "page_rating_visits": 0,
        "page_rating_votes": 0,
        "permanent": false,
        "source__id": 546,
        "source_url": "https://www.reddit.com/r/Weird/.rss",
        "status_code": 0,
        "tags": [],
        "thumbnail": "https://preview.redd.it/keqmb06hk48e1.jpeg?width=640&crop=smart&auto=webp&s=86add55cdfdbbc5d231ef76ce0ee2ec51c1f1fb0",
        "title": "Hungry hand",
        "vote": 0
    },
    {
        "age": null,
        "album": "",
        "author": null,
        "bookmarked": false,
        "comments": [],
        "date_dead_since": null,
        "date_published": "2024-12-21T03:29:59+00:00",
        "description": "<table> <tr><td> <a href=\"https://www.reddit.com/r/Weird/comments/1hj17lz/michael_myers_mask_found_deep_in_the_woods/\"> <img src=\"https://b.thumbs.redditmedia.com/CXd5lJQXD_XVmSElAhqVxrUutnlmyNmoDHlQiRX0Ixg.jpg\" alt=\"Michael Myers mask found deep in the woods. \" title=\"Michael Myers mask found deep in the woods. \" /> </a> </td><td> &#32; submitted by &#32; <a href=\"https://www.reddit.com/user/ElwoodMC\"> /u/ElwoodMC </a> <br/> <span><a href=\"https://www.reddit.com/gallery/1hj17lz\">[link]</a></span> &#32; <span><a href=\"https://www.reddit.com/r/Weird/comments/1hj17lz/michael_myers_mask_found_deep_in_the_woods/\">[comments]</a></span> </td></tr></table>",
        "id": 1755185,
        "language": null,
        "link": "https://www.reddit.com/r/Weird/comments/1hj17lz/michael_myers_mask_found_deep_in_the_woods",
        "manual_status_code": 0,
        "page_rating": 27,
        "page_rating_contents": 86,
        "page_rating_visits": 0,
        "page_rating_votes": 0,
        "permanent": false,
        "source__id": 546,
        "source_url": "https://www.reddit.com/r/Weird/.rss",
        "status_code": 0,
        "tags": [],
        "thumbnail": "https://b.thumbs.redditmedia.com/CXd5lJQXD_XVmSElAhqVxrUutnlmyNmoDHlQiRX0Ixg.jpg",
        "title": "Michael Myers mask found deep in the woods.",
        "vote": 0
    },
    {
        "age": null,
        "album": "",
        "author": null,
        "bookmarked": false,
        "comments": [],
        "date_dead_since": null,
        "date_published": "2024-12-21T03:02:45+00:00",
        "description": "<table> <tr><td> <a href=\"https://www.reddit.com/r/Weird/comments/1hj0qtn/on_the_back_of_a_work_truck_yesterday/\"> <img src=\"https://preview.redd.it/gjtbcmxva48e1.jpeg?width=640&amp;crop=smart&amp;auto=webp&amp;s=abad01e0892dc043121c7bdedac26c70a95b6c46\" alt=\"On the Back of a Work Truck Yesterday\" title=\"On the Back of a Work Truck Yesterday\" /> </a> </td><td> <!-- SC_OFF --><div class=\"md\"><p>Is she pretty? </p> </div><!-- SC_ON --> &#32; submitted by &#32; <a href=\"https://www.reddit.com/user/CatsEatGrass\"> /u/CatsEatGrass </a> <br/> <span><a href=\"https://i.redd.it/gjtbcmxva48e1.jpeg\">[link]</a></span> &#32; <span><a href=\"https://www.reddit.com/r/Weird/comments/1hj0qtn/on_the_back_of_a_work_truck_yesterday/\">[comments]</a></span> </td></tr></table>",
        "id": 1755033,
        "language": null,
        "link": "https://www.reddit.com/r/Weird/comments/1hj0qtn/on_the_back_of_a_work_truck_yesterday",
        "manual_status_code": 0,
        "page_rating": 27,
        "page_rating_contents": 86,
        "page_rating_visits": 0,
        "page_rating_votes": 0,
        "permanent": false,
        "source__id": 546,
        "source_url": "https://www.reddit.com/r/Weird/.rss",
        "status_code": 0,
        "tags": [],
        "thumbnail": "https://preview.redd.it/gjtbcmxva48e1.jpeg?width=640&crop=smart&auto=webp&s=abad01e0892dc043121c7bdedac26c70a95b6c46",
        "title": "On the Back of a Work Truck Yesterday",
        "vote": 0
    },
    {
        "age": null,
        "album": "",
        "author": null,
        "bookmarked": false,
        "comments": [],
        "date_dead_since": null,
        "date_published": "2024-12-21T01:48:01+00:00",
        "description": "<table> <tr><td> <a href=\"https://www.reddit.com/r/Weird/comments/1hizf6f/unexplained_photo_in_my_phone_of_a_location_that/\"> <img src=\"https://b.thumbs.redditmedia.com/8XHOQQAih3bNOEARToDfYHVnHSiZSa_c0zuv8BMm7Kw.jpg\" alt=\"Unexplained photo in my phone of a location that doesn\u2019t really exist\" title=\"Unexplained photo in my phone of a location that doesn\u2019t really exist\" /> </a> </td><td> <!-- SC_OFF --><div class=\"md\"><p>Okay this sounds so weird. </p> <p>I watched the show Shameless for the first time <strong>this year</strong>, loved it. The time frame is really important here. </p> <p>Snapchat notifies me 2 months ago that I have memories from this time in previous years, and it shows me this photo from 2019. </p> <p>This photo is one of the main locations in the show Shameless. This struck me as odd, seeing as I only watched the show this year. Then, as seen on the second photo, I looked to see the details and it told me the exact metrics of the photo taken on the exact iPhone mod",
        "id": 1754843,
        "language": null,
        "link": "https://www.reddit.com/r/Weird/comments/1hizf6f/unexplained_photo_in_my_phone_of_a_location_that",
        "manual_status_code": 0,
        "page_rating": 27,
        "page_rating_contents": 86,
        "page_rating_visits": 0,
        "page_rating_votes": 0,
        "permanent": false,
        "source__id": 546,
        "source_url": "https://www.reddit.com/r/Weird/.rss",
        "status_code": 0,
        "tags": [],
        "thumbnail": "https://b.thumbs.redditmedia.com/8XHOQQAih3bNOEARToDfYHVnHSiZSa_c0zuv8BMm7Kw.jpg",
        "title": "Unexplained photo in my phone of a location that doesn\u2019t really exist",
        "vote": 0
    },
    {
        "age": null,
        "album": "",
        "author": null,
        "bookmarked": false,
        "comments": [],
        "date_dead_since": null,
        "date_published": "2024-12-21T01:01:56+00:00",
        "description": "<table> <tr><td> <a href=\"https://www.reddit.com/r/Weird/comments/1hiykvc/found_this_image_on_a_phone_of_mine_circa/\"> <img src=\"https://preview.redd.it/cehwb10cp38e1.jpeg?width=640&amp;crop=smart&amp;auto=webp&amp;s=db7c4d359dd4a04c1f108bc9f4f8607116531e87\" alt=\"Found this image on a phone of mine. Circa June/July 2014. Taken in Amsterdam.\" title=\"Found this image on a phone of mine. Circa June/July 2014. Taken in Amsterdam.\" /> </a> </td><td> <!-- SC_OFF --><div class=\"md\"><p>Anyone know what was going on here?</p> </div><!-- SC_ON --> &#32; submitted by &#32; <a href=\"https://www.reddit.com/user/shikkui\"> /u/shikkui </a> <br/> <span><a href=\"https://i.redd.it/cehwb10cp38e1.jpeg\">[link]</a></span> &#32; <span><a href=\"https://www.reddit.com/r/Weird/comments/1hiykvc/found_this_image_on_a_phone_of_mine_circa/\">[comments]</a></span> </td></tr></table>",
        "id": 1754842,
        "language": null,
        "link": "https://www.reddit.com/r/Weird/comments/1hiykvc/found_this_image_on_a_phone_of_mine_circa",
        "manual_status_code": 0,
        "page_rating": 27,
        "page_rating_contents": 86,
        "page_rating_visits": 0,
        "page_rating_votes": 0,
        "permanent": false,
        "source__id": 546,
        "source_url": "https://www.reddit.com/r/Weird/.rss",
        "status_code": 0,
        "tags": [],
        "thumbnail": "https://preview.redd.it/cehwb10cp38e1.jpeg?width=640&crop=smart&auto=webp&s=db7c4d359dd4a04c1f108bc9f4f8607116531e87",
        "title": "Found this image on a phone of mine. Circa June/July 2014. Taken in Amsterdam.",
        "vote": 0
    }
]