[
    {
        "age": null,
        "album": "",
        "author": "Glink",
        "bookmarked": false,
        "comments": [],
        "date_dead_since": null,
        "date_published": "2024-12-21T02:46:00+00:00",
        "description": "Check out our digital magazine that covers IRL artists and culture:\nhttps://generationtelevision.com/\n\nhttps://www.patreon.com/Glink\nsupport my work on here and gain access to exclusive videos and bonus footage\n\nhttps://twitter.com/GlinkLive\nKeep up with me on Twitter for updates and memes\n\nhttps://www.instagram.com/glink_between_worlds/\nI share what I've been up to on Instagram\n\nhttps://discord.gg/xtwYypf\nDiscord community\n\nhttps://www.shopglink.com/\nMerch designed from handrawn art",
        "id": 1755120,
        "language": null,
        "link": "https://www.youtube.com/watch?v=SWVJ1K4cxGs",
        "manual_status_code": 0,
        "page_rating": 27,
        "page_rating_contents": 86,
        "page_rating_visits": 0,
        "page_rating_votes": 0,
        "permanent": false,
        "source__id": 135,
        "source_url": "https://www.youtube.com/feeds/videos.xml?channel_id=UCNTqu16j3F6RbtHZI-3untg",
        "status_code": 0,
        "tags": [],
        "thumbnail": "https://i4.ytimg.com/vi/SWVJ1K4cxGs/hqdefault.jpg",
        "title": "The New Wave of Art: Techno-Tribalism | Carolina Kleine Samson",
        "vote": 0
    }
]