[
    {
        "age": null,
        "album": "",
        "author": null,
        "bookmarked": false,
        "comments": [],
        "date_dead_since": null,
        "date_published": "2024-12-21T09:19:00+00:00",
        "description": "Lousy tools are dangerous. They endanger our safety (physical or emotional) and undermine our work. Lousy tools are pretty easy to avoid, because they reveal themselves whenever we use them. Great tools are magical. They multiply our effort, amplify the quality of our work and delight us, all at once. It&#8217;s mediocre tools that we [&#8230;]",
        "id": 1755987,
        "language": "en-US",
        "link": "https://seths.blog/2024/12/mediocre-tools",
        "manual_status_code": 0,
        "page_rating": 32,
        "page_rating_contents": 100,
        "page_rating_visits": 0,
        "page_rating_votes": 0,
        "permanent": false,
        "source__id": 303,
        "source_url": "https://seths.blog/feed",
        "status_code": 0,
        "tags": [],
        "thumbnail": null,
        "title": "Mediocre tools",
        "vote": 0
    }
]