[
    {
        "age": null,
        "album": "",
        "author": null,
        "bookmarked": false,
        "comments": [],
        "date_dead_since": null,
        "date_published": "2024-12-21T22:24:10.440040+00:00",
        "description": "China\u2019s often-used bilateral consultation mechanism doesn\u2019t always work, but it does help defuse conflicts, experts say.",
        "id": 1758991,
        "language": "en",
        "link": "https://www.scmp.com/news/china/diplomacy/article/3290698/maintain-calm-south-china-sea-beijing-just-reaches-bilateral-playbook?utm_source=rss_feed",
        "manual_status_code": 0,
        "page_rating": 27,
        "page_rating_contents": 86,
        "page_rating_visits": 0,
        "page_rating_votes": 0,
        "permanent": false,
        "source__id": 67,
        "source_url": "https://www.scmp.com/rss/4/feed",
        "status_code": 0,
        "tags": [],
        "thumbnail": "https://cdn.i-scmp.com/sites/default/files/styles/1280x720/public/d8/images/canvas/2024/12/13/fc381714-8c7b-4fc5-99bf-40b2236c8d2b_180ccf03.jpg?itok=T6wJegCu",
        "title": "To maintain calm in the South China Sea, Beijing just reaches for the bilateral playbook",
        "vote": 0
    },
    {
        "age": null,
        "album": "",
        "author": null,
        "bookmarked": false,
        "comments": [],
        "date_dead_since": null,
        "date_published": "2024-12-21T15:56:04.840618+00:00",
        "description": "China\u2019s sale of fifth-generation jets to South Asian ally could recalibrate regional dynamics and Pakistan-India rivalry, observers say.",
        "id": 1757445,
        "language": "en",
        "link": "https://www.scmp.com/news/china/military/article/3291826/pakistans-reported-j-35-deal-shows-chinese-stealth-fighter-ready-global-market-analysts?utm_source=rss_feed",
        "manual_status_code": 0,
        "page_rating": 27,
        "page_rating_contents": 86,
        "page_rating_visits": 0,
        "page_rating_votes": 0,
        "permanent": false,
        "source__id": 67,
        "source_url": "https://www.scmp.com/rss/4/feed",
        "status_code": 0,
        "tags": [],
        "thumbnail": "https://cdn.i-scmp.com/sites/default/files/styles/1280x720/public/d8/images/canvas/2024/12/21/a540e23c-0b5f-42ac-a81c-67d65dc2f4ba_f904aef4.jpg?itok=uQoA9y6i",
        "title": "Pakistan\u2019s reported J-35 deal shows Chinese stealth fighter is ready for global market: analysts",
        "vote": 0
    },
    {
        "age": null,
        "album": "",
        "author": null,
        "bookmarked": false,
        "comments": [],
        "date_dead_since": null,
        "date_published": "2024-12-21T14:50:41.955742+00:00",
        "description": "US-China ties to \u2018get rockier\u2019, Chinese political scientist Yan Xuetong warns, but also sees Trump term benefiting China \u2018in several ways\u2019.",
        "id": 1757133,
        "language": "en",
        "link": "https://www.scmp.com/news/china/diplomacy/article/3291836/china-not-dreading-trump-20-reforms-will-decide-who-wins-big-power-game?utm_source=rss_feed",
        "manual_status_code": 0,
        "page_rating": 27,
        "page_rating_contents": 86,
        "page_rating_visits": 0,
        "page_rating_votes": 0,
        "permanent": false,
        "source__id": 67,
        "source_url": "https://www.scmp.com/rss/4/feed",
        "status_code": 0,
        "tags": [],
        "thumbnail": "https://cdn.i-scmp.com/sites/default/files/styles/1280x720/public/d8/images/canvas/2024/12/21/04344f85-45c7-4580-b9f9-c24153054a45_1499eca1.jpg?itok=dHMLQ49v",
        "title": "China \u2018not dreading\u2019 Trump 2.0, but reforms will decide who wins big power game",
        "vote": 0
    },
    {
        "age": null,
        "album": "",
        "author": null,
        "bookmarked": false,
        "comments": [],
        "date_dead_since": null,
        "date_published": "2024-12-21T12:40:46.645182+00:00",
        "description": "It\u2019s expected to speed up \u2018arrival of diamond era\u2019 in electronics, photonics and more, according to team from Hong Kong and mainland China.",
        "id": 1756623,
        "language": "en",
        "link": "https://www.scmp.com/news/china/science/article/3291758/scientists-say-theyve-found-fast-simple-way-turn-diamonds-flexible-membrane?utm_source=rss_feed",
        "manual_status_code": 0,
        "page_rating": 27,
        "page_rating_contents": 86,
        "page_rating_visits": 0,
        "page_rating_votes": 0,
        "permanent": false,
        "source__id": 67,
        "source_url": "https://www.scmp.com/rss/4/feed",
        "status_code": 0,
        "tags": [],
        "thumbnail": "https://cdn.i-scmp.com/sites/default/files/styles/1280x720/public/d8/images/canvas/2024/12/20/0353f9c9-c52e-43ff-ac56-9a8b6024b0d3_8ba23a23.jpg?itok=eHMjxgN6",
        "title": "Scientists say they\u2019ve found a fast, simple way to turn diamonds into flexible membrane",
        "vote": 0
    },
    {
        "age": null,
        "album": "",
        "author": null,
        "bookmarked": false,
        "comments": [],
        "date_dead_since": null,
        "date_published": "2024-12-21T12:40:44.659123+00:00",
        "description": "Li uses trip to Zhejiang to reaffirm support for overseas investors and private domestic players.",
        "id": 1756622,
        "language": "en",
        "link": "https://www.scmp.com/news/china/politics/article/3291842/chinese-premier-li-qiang-makes-new-overtures-foreign-firms-pledging-more-access-and-services?utm_source=rss_feed",
        "manual_status_code": 0,
        "page_rating": 27,
        "page_rating_contents": 86,
        "page_rating_visits": 0,
        "page_rating_votes": 0,
        "permanent": false,
        "source__id": 67,
        "source_url": "https://www.scmp.com/rss/4/feed",
        "status_code": 0,
        "tags": [],
        "thumbnail": "https://cdn.i-scmp.com/sites/default/files/styles/1280x720/public/d8/images/canvas/2024/12/21/42612d51-5c5e-47f2-8fcd-c86888197276_b8068ed7.jpg?itok=kNvlPkP2",
        "title": "Chinese Premier Li Qiang makes new overtures to foreign firms, pledging more access and services",
        "vote": 0
    },
    {
        "age": null,
        "album": "",
        "author": null,
        "bookmarked": false,
        "comments": [],
        "date_dead_since": null,
        "date_published": "2024-12-21T11:36:01.142890+00:00",
        "description": "The medium-lift helicopter is seen as China\u2019s answer to America\u2019s Sikorsky UH-60 Black Hawk.",
        "id": 1756365,
        "language": "en",
        "link": "https://www.scmp.com/news/china/military/article/3291845/chinas-advanced-z-20-helicopter-model-spotted-coastguard-ship-second-navy-boost?utm_source=rss_feed",
        "manual_status_code": 0,
        "page_rating": 27,
        "page_rating_contents": 86,
        "page_rating_visits": 0,
        "page_rating_votes": 0,
        "permanent": false,
        "source__id": 67,
        "source_url": "https://www.scmp.com/rss/4/feed",
        "status_code": 0,
        "tags": [],
        "thumbnail": "https://cdn.i-scmp.com/sites/default/files/styles/1280x720/public/d8/images/canvas/2024/12/21/094da201-e23c-4375-8594-9316dcb9869f_e3a0aa16.jpg?itok=9RHHWlSb",
        "title": "China\u2019s advanced Z-20 helicopter model spotted on coastguard ship in \u2018second navy\u2019 boost",
        "vote": 0
    },
    {
        "age": null,
        "album": "",
        "author": null,
        "bookmarked": false,
        "comments": [],
        "date_dead_since": null,
        "date_published": "2024-12-21T10:30:50.005256+00:00",
        "description": "Beijing kicks off new push to promote sport beloved by Xi Jinping. But will corruption and money troubles block China\u2019s football ambitions?",
        "id": 1756163,
        "language": "en",
        "link": "https://www.scmp.com/news/china/politics/article/3291824/why-chinas-goal-football-greatness-still-long-shot-despite-renewed-focus?utm_source=rss_feed",
        "manual_status_code": 0,
        "page_rating": 27,
        "page_rating_contents": 86,
        "page_rating_visits": 0,
        "page_rating_votes": 0,
        "permanent": false,
        "source__id": 67,
        "source_url": "https://www.scmp.com/rss/4/feed",
        "status_code": 0,
        "tags": [],
        "thumbnail": "https://cdn.i-scmp.com/sites/default/files/styles/1280x720/public/d8/images/canvas/2024/12/21/3525bb9e-cd0f-434d-8381-80f0c2ebdad5_cb6cb305.jpg?itok=na44csMq",
        "title": "Why China\u2019s goal of football greatness is still a long shot despite renewed focus",
        "vote": 0
    },
    {
        "age": null,
        "album": "",
        "author": null,
        "bookmarked": false,
        "comments": [],
        "date_dead_since": null,
        "date_published": "2024-12-21T08:20:30.356499+00:00",
        "description": "Flights and group tours are already booking up weeks ahead of the eight-day public holiday, which begins on January 28.",
        "id": 1755763,
        "language": "en",
        "link": "https://www.scmp.com/economy/china-economy/article/3291722/china-sees-surge-travel-demand-extended-lunar-new-year-holiday?utm_source=rss_feed",
        "manual_status_code": 0,
        "page_rating": 27,
        "page_rating_contents": 86,
        "page_rating_visits": 0,
        "page_rating_votes": 0,
        "permanent": false,
        "source__id": 67,
        "source_url": "https://www.scmp.com/rss/4/feed",
        "status_code": 0,
        "tags": [],
        "thumbnail": "https://cdn.i-scmp.com/sites/default/files/styles/1280x720/public/d8/images/canvas/2024/12/20/1483ac1b-5163-4d60-8295-64ed9bb87b9d_f1b7213a.jpg?itok=TmOWKVK4",
        "title": "China sees surge in travel demand for extended Lunar New Year holiday",
        "vote": 0
    },
    {
        "age": null,
        "album": "",
        "author": null,
        "bookmarked": false,
        "comments": [],
        "date_dead_since": null,
        "date_published": "2024-12-21T06:10:50.722380+00:00",
        "description": "Public views of China in sub-Saharan countries are overwhelmingly positive, Asia Society survey shows, though the West might feel otherwise.",
        "id": 1755454,
        "language": "en",
        "link": "https://www.scmp.com/news/china/diplomacy/article/3291711/africas-love-china-built-belt-and-road-foundation?utm_source=rss_feed",
        "manual_status_code": 0,
        "page_rating": 27,
        "page_rating_contents": 86,
        "page_rating_visits": 0,
        "page_rating_votes": 0,
        "permanent": false,
        "source__id": 67,
        "source_url": "https://www.scmp.com/rss/4/feed",
        "status_code": 0,
        "tags": [],
        "thumbnail": "https://cdn.i-scmp.com/sites/default/files/styles/1280x720/public/d8/images/canvas/2024/12/21/1319a967-1b1d-40f0-8749-44a692dbba6f_78ed174d.jpg?itok=b2bi1XLv",
        "title": "Africa\u2019s love for China is built on a belt and road foundation",
        "vote": 0
    },
    {
        "age": null,
        "album": "",
        "author": null,
        "bookmarked": false,
        "comments": [],
        "date_dead_since": null,
        "date_published": "2024-12-21T04:01:54.954038+00:00",
        "description": "Chinese researchers and companies such as ByteDance made up a greater share of the 37-year-old AI conference this year, but some could not secure visas.",
        "id": 1755154,
        "language": "en",
        "link": "https://www.scmp.com/tech/tech-trends/article/3291723/neurips-ai-olympics-gets-new-hurdles-canada-us-china-tech-competition?utm_source=rss_feed",
        "manual_status_code": 0,
        "page_rating": 27,
        "page_rating_contents": 86,
        "page_rating_visits": 0,
        "page_rating_votes": 0,
        "permanent": false,
        "source__id": 67,
        "source_url": "https://www.scmp.com/rss/4/feed",
        "status_code": 0,
        "tags": [],
        "thumbnail": "https://cdn.i-scmp.com/sites/default/files/styles/1280x720/public/d8/images/canvas/2024/12/20/08c87ef5-a56a-463c-af27-c97d32dc4e1d_2a53ea86.jpg?itok=ePLmSxhH",
        "title": "NeurIPS, the \u2018AI Olympics\u2019, gets new hurdles in Canada with US-China tech competition",
        "vote": 0
    },
    {
        "age": null,
        "album": "",
        "author": null,
        "bookmarked": false,
        "comments": [],
        "date_dead_since": null,
        "date_published": "2024-12-21T04:01:51.558477+00:00",
        "description": "As the head of PLA ideology comes under investigation, President Xi once again emphasises loyalty to the party for China\u2019s military.",
        "id": 1755153,
        "language": "en",
        "link": "https://www.scmp.com/news/china/military/article/3291773/china-investigating-senior-military-official-miao-hua-will-it-affect-pla?utm_source=rss_feed",
        "manual_status_code": 0,
        "page_rating": 27,
        "page_rating_contents": 86,
        "page_rating_visits": 0,
        "page_rating_votes": 0,
        "permanent": false,
        "source__id": 67,
        "source_url": "https://www.scmp.com/rss/4/feed",
        "status_code": 0,
        "tags": [],
        "thumbnail": "https://cdn.i-scmp.com/sites/default/files/styles/1280x720/public/d8/images/canvas/2024/12/20/292506aa-177a-4349-a821-d0e0636215f1_9d62b357.jpg?itok=AVTXAwvP",
        "title": "China is investigating senior military official Miao Hua. Will it affect the PLA?",
        "vote": 0
    },
    {
        "age": null,
        "album": "",
        "author": null,
        "bookmarked": false,
        "comments": [],
        "date_dead_since": null,
        "date_published": "2024-12-21T02:57:04.737620+00:00",
        "description": "Rocks brought back indicate lunar magnetic field may have shot up about 2.8 billion years ago, Chinese study in Nature says.",
        "id": 1754993,
        "language": "en",
        "link": "https://www.scmp.com/news/china/science/article/3291734/moon-rocks-chinas-change-6-mission-test-apollo-views-lunar-magnetic-field?utm_source=rss_feed",
        "manual_status_code": 0,
        "page_rating": 27,
        "page_rating_contents": 86,
        "page_rating_visits": 0,
        "page_rating_votes": 0,
        "permanent": false,
        "source__id": 67,
        "source_url": "https://www.scmp.com/rss/4/feed",
        "status_code": 0,
        "tags": [],
        "thumbnail": "https://cdn.i-scmp.com/sites/default/files/styles/1280x720/public/d8/images/canvas/2024/12/20/c7590f7f-3588-427d-876f-d781467df599_be8c54ff.jpg?itok=1iobxF3d",
        "title": "Moon rocks from China\u2019s Chang\u2019e 6 mission test Apollo views on lunar magnetic field",
        "vote": 0
    },
    {
        "age": null,
        "album": "",
        "author": null,
        "bookmarked": false,
        "comments": [],
        "date_dead_since": null,
        "date_published": "2024-12-21T01:52:12.106952+00:00",
        "description": "A quarter of \u2018new economy\u2019 job openings this year on the Maimai platform have been directly related to AI, as Big Tech firms fight for top talent.",
        "id": 1754785,
        "language": "en",
        "link": "https://www.scmp.com/tech/tech-trends/article/3291716/china-faces-ai-talent-shortage-otherwise-booming-new-economy-sector-report-finds?utm_source=rss_feed",
        "manual_status_code": 0,
        "page_rating": 27,
        "page_rating_contents": 86,
        "page_rating_visits": 0,
        "page_rating_votes": 0,
        "permanent": false,
        "source__id": 67,
        "source_url": "https://www.scmp.com/rss/4/feed",
        "status_code": 0,
        "tags": [],
        "thumbnail": "https://cdn.i-scmp.com/sites/default/files/styles/1280x720/public/d8/images/canvas/2024/12/20/2da9bce8-d094-4344-a635-5c0f14f4c320_495aa573.jpg?itok=DFtGt5Q_",
        "title": "China faces AI talent shortage in an otherwise booming \u2018new economy\u2019 sector, report finds",
        "vote": 0
    }
]