[
    {
        "age": null,
        "album": "",
        "author": null,
        "bookmarked": false,
        "comments": [],
        "date_dead_since": null,
        "date_published": "2024-12-21T20:43:05+00:00",
        "description": null,
        "id": 1758650,
        "language": "en-UK",
        "link": "https://www.telegraph.co.uk/darts/2024/12/21/luke-littler-vs-ryan-meikle-live-world-darts-championship",
        "manual_status_code": 0,
        "page_rating": 24,
        "page_rating_contents": 76,
        "page_rating_visits": 0,
        "page_rating_votes": 0,
        "permanent": false,
        "source__id": 357,
        "source_url": "https://www.telegraph.co.uk/rss.xml",
        "status_code": 0,
        "tags": [],
        "thumbnail": null,
        "title": "Luke Littler vs Ryan Meikle: Latest updates from World Darts Championship",
        "vote": 0
    },
    {
        "age": null,
        "album": "",
        "author": null,
        "bookmarked": false,
        "comments": [],
        "date_dead_since": null,
        "date_published": "2024-12-21T18:42:51+00:00",
        "description": "<![CDATA[<p><a class=\"ck-custom-link\" href=\"https://www.telegraph.co.uk/tyson-fury/\">Tyson Fury</a> seeks revenge against <a class=\"ck-custom-link\" href=\"https://www.telegraph.co.uk/oleksandr-usyk/\">Oleksandr Usyk</a> in Riyadh, Saudi Arabia, as the two heavyweight boxers <a class=\"ck-custom-link\" href=\"https://www.telegraph.co.uk/boxing/2024/12/21/tyson-fury-vs-oleksandr-usyk-when-date-tv-undercard/\">go toe-to-toe for the second time</a>.</p>]]>",
        "id": 1758129,
        "language": "en-UK",
        "link": "https://www.telegraph.co.uk/boxing/2024/12/21/fury-vs-usyk-2-live-boxing-fight-updates-undercard-results",
        "manual_status_code": 0,
        "page_rating": 26,
        "page_rating_contents": 81,
        "page_rating_visits": 0,
        "page_rating_votes": 0,
        "permanent": false,
        "source__id": 357,
        "source_url": "https://www.telegraph.co.uk/rss.xml",
        "status_code": 0,
        "tags": [],
        "thumbnail": null,
        "title": "Tyson Fury vs Oleksandr Usyk 2 live: Latest fight updates and undercard results",
        "vote": 0
    },
    {
        "age": null,
        "album": "",
        "author": null,
        "bookmarked": false,
        "comments": [],
        "date_dead_since": null,
        "date_published": "2024-12-21T16:26:35+00:00",
        "description": null,
        "id": 1757580,
        "language": "en-UK",
        "link": "https://www.telegraph.co.uk/football/2024/12/21/crystal-palace-vs-arsenal-live-score-latest-premier-league",
        "manual_status_code": 0,
        "page_rating": 24,
        "page_rating_contents": 76,
        "page_rating_visits": 0,
        "page_rating_votes": 0,
        "permanent": false,
        "source__id": 357,
        "source_url": "https://www.telegraph.co.uk/rss.xml",
        "status_code": 0,
        "tags": [],
        "thumbnail": null,
        "title": "Crystal Palace vs Arsenal: Score and latest Premier League updates",
        "vote": 0
    },
    {
        "age": null,
        "album": "",
        "author": null,
        "bookmarked": false,
        "comments": [],
        "date_dead_since": null,
        "date_published": "2024-12-21T14:18:52+00:00",
        "description": null,
        "id": 1757012,
        "language": "en-UK",
        "link": "https://www.telegraph.co.uk/rugby-union/2024/12/21/leicester-tigers-v-bristol-live-score-latest-premiership",
        "manual_status_code": 0,
        "page_rating": 24,
        "page_rating_contents": 76,
        "page_rating_visits": 0,
        "page_rating_votes": 0,
        "permanent": false,
        "source__id": 357,
        "source_url": "https://www.telegraph.co.uk/rss.xml",
        "status_code": 0,
        "tags": [],
        "thumbnail": null,
        "title": "Leicester Tigers v Bristol Bears: Score and latest updates from the Premiership",
        "vote": 0
    },
    {
        "age": null,
        "album": "",
        "author": null,
        "bookmarked": false,
        "comments": [],
        "date_dead_since": null,
        "date_published": "2024-12-21T14:00:00+00:00",
        "description": "<![CDATA[I was proud to serve my country, but I didn&rsquo;t understand why my life was crumbling &ndash; that&rsquo;s where the Army Development Fund stepped in]]>",
        "id": 1757013,
        "language": "en-UK",
        "link": "https://www.telegraph.co.uk/christmas/2024/12/21/ptsd-army-benevolent-fund-support-dog",
        "manual_status_code": 0,
        "page_rating": 26,
        "page_rating_contents": 81,
        "page_rating_visits": 0,
        "page_rating_votes": 0,
        "permanent": false,
        "source__id": 357,
        "source_url": "https://www.telegraph.co.uk/rss.xml",
        "status_code": 0,
        "tags": [],
        "thumbnail": null,
        "title": "A military deployment gave me PTSD. My service dog saved me",
        "vote": 0
    },
    {
        "age": null,
        "album": "",
        "author": null,
        "bookmarked": false,
        "comments": [],
        "date_dead_since": null,
        "date_published": "2024-12-21T13:51:00+00:00",
        "description": null,
        "id": 1757014,
        "language": "en-UK",
        "link": "https://www.telegraph.co.uk/football/2024/12/21/premier-league-live-score-updates-newcastle-west-ham-forest",
        "manual_status_code": 0,
        "page_rating": 24,
        "page_rating_contents": 76,
        "page_rating_visits": 0,
        "page_rating_votes": 0,
        "permanent": false,
        "source__id": 357,
        "source_url": "https://www.telegraph.co.uk/rss.xml",
        "status_code": 0,
        "tags": [],
        "thumbnail": null,
        "title": "Premier League latest: Lineups and news before 3pm kick-offs",
        "vote": 0
    },
    {
        "age": null,
        "album": "",
        "author": null,
        "bookmarked": false,
        "comments": [],
        "date_dead_since": null,
        "date_published": "2024-12-21T11:59:33+00:00",
        "description": null,
        "id": 1756509,
        "language": "en-UK",
        "link": "https://www.telegraph.co.uk/football/2024/12/21/aston-villa-vs-man-city-live-score-latest-premier-league",
        "manual_status_code": 0,
        "page_rating": 24,
        "page_rating_contents": 76,
        "page_rating_visits": 0,
        "page_rating_votes": 0,
        "permanent": false,
        "source__id": 357,
        "source_url": "https://www.telegraph.co.uk/rss.xml",
        "status_code": 0,
        "tags": [],
        "thumbnail": null,
        "title": "Aston Villa vs Manchester City: Latest Premier League news and lineups from Villa Park",
        "vote": 0
    },
    {
        "age": null,
        "album": "",
        "author": null,
        "bookmarked": false,
        "comments": [],
        "date_dead_since": null,
        "date_published": "2024-12-21T11:00:00+00:00",
        "description": "<![CDATA[With over three-quarters of Britons admitting to &lsquo;bending the rules&rsquo;, here&rsquo;s how to be victorious this Christmas &ndash; whatever it takes]]>",
        "id": 1756260,
        "language": "en-UK",
        "link": "https://www.telegraph.co.uk/christmas/2024/12/21/how-to-cheat-board-games",
        "manual_status_code": 0,
        "page_rating": 26,
        "page_rating_contents": 81,
        "page_rating_visits": 0,
        "page_rating_votes": 0,
        "permanent": false,
        "source__id": 357,
        "source_url": "https://www.telegraph.co.uk/rss.xml",
        "status_code": 0,
        "tags": [],
        "thumbnail": null,
        "title": "How to cheat at all your favourite board games",
        "vote": 0
    },
    {
        "age": null,
        "album": "",
        "author": null,
        "bookmarked": false,
        "comments": [],
        "date_dead_since": null,
        "date_published": "2024-12-21T10:15:16+00:00",
        "description": "<![CDATA[Plus: what the fighters are saying in the build-up to Saturday&rsquo;s fight, the clash of styles and their respective records]]>",
        "id": 1756261,
        "language": "en-UK",
        "link": "https://www.telegraph.co.uk/boxing/2024/12/21/tyson-fury-vs-oleksandr-usyk-when-date-tv-undercard",
        "manual_status_code": 0,
        "page_rating": 26,
        "page_rating_contents": 81,
        "page_rating_visits": 0,
        "page_rating_votes": 0,
        "permanent": false,
        "source__id": 357,
        "source_url": "https://www.telegraph.co.uk/rss.xml",
        "status_code": 0,
        "tags": [],
        "thumbnail": null,
        "title": "Fury vs Usyk 2: What time is tonight\u2019s fight, how to watch and who is on the undercard",
        "vote": 0
    },
    {
        "age": null,
        "album": "",
        "author": null,
        "bookmarked": false,
        "comments": [],
        "date_dead_since": null,
        "date_published": "2024-12-21T08:00:00+00:00",
        "description": "<![CDATA[Long tormented by great white sharks, now surfers and swimmers in the Cape are being attacked by crazed seals carrying the deadly virus]]>",
        "id": 1755869,
        "language": "en-UK",
        "link": "https://www.telegraph.co.uk/global-health/science-and-disease/rabid-seals-south-african-beach-goers-warned-disease",
        "manual_status_code": 0,
        "page_rating": 26,
        "page_rating_contents": 81,
        "page_rating_visits": 0,
        "page_rating_votes": 0,
        "permanent": false,
        "source__id": 357,
        "source_url": "https://www.telegraph.co.uk/rss.xml",
        "status_code": 0,
        "tags": [],
        "thumbnail": null,
        "title": "Rabid seas: South African beach goers warned to watch out for seals infected with deadly virus",
        "vote": 0
    },
    {
        "age": null,
        "album": "",
        "author": null,
        "bookmarked": false,
        "comments": [],
        "date_dead_since": null,
        "date_published": "2024-12-21T03:19:42+00:00",
        "description": "<![CDATA[<p>At least 14 people were injured in a missile strike on Tel Aviv, the economic centre of Israel, in the early hours of Saturday.</p>]]>",
        "id": 1755093,
        "language": "en-UK",
        "link": "https://www.telegraph.co.uk/world-news/2024/12/21/israel-hamas-gaza-war-iran-yemen-tel-aviv-latest",
        "manual_status_code": 0,
        "page_rating": 26,
        "page_rating_contents": 81,
        "page_rating_visits": 0,
        "page_rating_votes": 0,
        "permanent": false,
        "source__id": 357,
        "source_url": "https://www.telegraph.co.uk/rss.xml",
        "status_code": 0,
        "tags": [],
        "thumbnail": null,
        "title": "Israel-Hamas war latest: Missile hits Tel Aviv",
        "vote": 0
    }
]