[
    {
        "age": null,
        "album": "",
        "author": null,
        "bookmarked": false,
        "comments": [],
        "date_dead_since": null,
        "date_published": "2024-12-21T15:00:00+00:00",
        "description": "<p>A former Chief Executive of the charity Mermaids, Susie Green, has vowed to defy the nationwide ban on puberty blockers at her new trans clinic by importing the drugs via the EU.</p>\n<p>The post <a href=\"https://dailysceptic.org/2024/12/21/former-mermaids-chief-vows-to-defy-puberty-blocker-ban-at-new-trans-clinic/\">Former Mermaids Chief Vows to Defy Puberty Blocker Ban at New Trans Clinic</a> appeared first on <a href=\"https://dailysceptic.org\">The Daily Sceptic</a>.</p>",
        "id": 1757370,
        "language": "en-US",
        "link": "https://dailysceptic.org/2024/12/21/former-mermaids-chief-vows-to-defy-puberty-blocker-ban-at-new-trans-clinic",
        "manual_status_code": 0,
        "page_rating": 30,
        "page_rating_contents": 95,
        "page_rating_visits": 0,
        "page_rating_votes": 0,
        "permanent": false,
        "source__id": 89,
        "source_url": "https://dailysceptic.org/feed",
        "status_code": 0,
        "tags": [],
        "thumbnail": null,
        "title": "Former Mermaids Chief Vows to Defy Puberty Blocker Ban at New Trans Clinic",
        "vote": 0
    },
    {
        "age": null,
        "album": "",
        "author": null,
        "bookmarked": false,
        "comments": [],
        "date_dead_since": null,
        "date_published": "2024-12-21T13:00:00+00:00",
        "description": "<p>More than half of people in the U.K. receive more in benefits than they contribute in taxes, official figures show \u2013 and it's only going to get worse. No wonder we can't afford anything.</p>\n<p>The post <a href=\"https://dailysceptic.org/2024/12/21/majority-of-brits-receive-more-in-benefits-than-they-pay-in-taxes/\">Majority of Brits Receive More in Benefits Than They Pay in Taxes</a> appeared first on <a href=\"https://dailysceptic.org\">The Daily Sceptic</a>.</p>",
        "id": 1756798,
        "language": "en-US",
        "link": "https://dailysceptic.org/2024/12/21/majority-of-brits-receive-more-in-benefits-than-they-pay-in-taxes",
        "manual_status_code": 0,
        "page_rating": 30,
        "page_rating_contents": 95,
        "page_rating_visits": 0,
        "page_rating_votes": 0,
        "permanent": false,
        "source__id": 89,
        "source_url": "https://dailysceptic.org/feed",
        "status_code": 0,
        "tags": [],
        "thumbnail": null,
        "title": "Majority of Brits Receive More in Benefits Than They Pay in Taxes",
        "vote": 0
    },
    {
        "age": null,
        "album": "",
        "author": null,
        "bookmarked": false,
        "comments": [],
        "date_dead_since": null,
        "date_published": "2024-12-21T11:00:00+00:00",
        "description": "<p>German democracy, which is somehow shaken to its foundations whenever\u00a0anybody holds a TV debate with the wrong person, is once again on life support after Elon Musk tweeted support for AfD, says Eugyppius.</p>\n<p>The post <a href=\"https://dailysceptic.org/2024/12/21/in-latest-threat-to-german-democracy-dangerous-fascist-elon-musk-tweets-six-words-about-alternative-fur-deutschland/\">In Latest Threat to German Democracy, Dangerous Fascist Elon Musk Tweets Six Words About Alternative f\u00fcr Deutschland</a> appeared first on <a href=\"https://dailysceptic.org\">The Daily Sceptic</a>.</p>",
        "id": 1756303,
        "language": "en-US",
        "link": "https://dailysceptic.org/2024/12/21/in-latest-threat-to-german-democracy-dangerous-fascist-elon-musk-tweets-six-words-about-alternative-fur-deutschland",
        "manual_status_code": 0,
        "page_rating": 30,
        "page_rating_contents": 95,
        "page_rating_visits": 0,
        "page_rating_votes": 0,
        "permanent": false,
        "source__id": 89,
        "source_url": "https://dailysceptic.org/feed",
        "status_code": 0,
        "tags": [],
        "thumbnail": null,
        "title": "In Latest Threat to German Democracy, Dangerous Fascist Elon Musk Tweets Six Words About Alternative f\u00fcr Deutschland",
        "vote": 0
    },
    {
        "age": null,
        "album": "",
        "author": null,
        "bookmarked": false,
        "comments": [],
        "date_dead_since": null,
        "date_published": "2024-12-21T09:00:00+00:00",
        "description": "<p>Minutes of key meetings held in September 2021 in which Chris Whitty and the UK CMOs overruled the Government's vaccine advisers to push through Covid vaccination of children have been released \u2013 and they're damning.</p>\n<p>The post <a href=\"https://dailysceptic.org/2024/12/21/minutes-of-meetings-where-chris-whitty-overruled-government-vaccine-advisers-to-force-through-covid-vaccination-of-children-released/\">Minutes of Meetings Where Chris Whitty Overruled Government Vaccine Advisers to Force Through Covid Vaccination of Children Released</a> appeared first on <a href=\"https://dailysceptic.org\">The Daily Sceptic</a>.</p>",
        "id": 1755913,
        "language": "en-US",
        "link": "https://dailysceptic.org/2024/12/21/minutes-of-meetings-where-chris-whitty-overruled-government-vaccine-advisers-to-force-through-covid-vaccination-of-children-released",
        "manual_status_code": 0,
        "page_rating": 30,
        "page_rating_contents": 95,
        "page_rating_visits": 0,
        "page_rating_votes": 0,
        "permanent": false,
        "source__id": 89,
        "source_url": "https://dailysceptic.org/feed",
        "status_code": 0,
        "tags": [],
        "thumbnail": null,
        "title": "Minutes of Meetings Where Chris Whitty Overruled Government Vaccine Advisers to Force Through Covid Vaccination of Children Released",
        "vote": 0
    },
    {
        "age": null,
        "album": "",
        "author": null,
        "bookmarked": false,
        "comments": [],
        "date_dead_since": null,
        "date_published": "2024-12-21T07:00:00+00:00",
        "description": "<p>The word of the year is \"Manifest\", says the Cambridge Dictionary. What does it mean? Here's an example, says Prof James Alexander: public health busybodies were 'manifesting' when they confected the Covid 'pandemic'.</p>\n<p>The post <a href=\"https://dailysceptic.org/2024/12/21/to-manifest-a-crisis/\">To Manifest a Crisis</a> appeared first on <a href=\"https://dailysceptic.org\">The Daily Sceptic</a>.</p>",
        "id": 1755557,
        "language": "en-US",
        "link": "https://dailysceptic.org/2024/12/21/to-manifest-a-crisis",
        "manual_status_code": 0,
        "page_rating": 30,
        "page_rating_contents": 95,
        "page_rating_visits": 0,
        "page_rating_votes": 0,
        "permanent": false,
        "source__id": 89,
        "source_url": "https://dailysceptic.org/feed",
        "status_code": 0,
        "tags": [],
        "thumbnail": null,
        "title": "To Manifest a Crisis",
        "vote": 0
    },
    {
        "age": null,
        "album": "",
        "author": null,
        "bookmarked": false,
        "comments": [],
        "date_dead_since": null,
        "date_published": "2024-12-21T02:45:19+00:00",
        "description": "<p>A summary of the most interesting stories in the past 24 hours that challenge the prevailing orthodoxy about the \u2018climate emergency\u2019, public health \u2018crises\u2019 and the supposed moral defects of Western civilisation.</p>\n<p>The post <a href=\"https://dailysceptic.org/2024/12/21/news-round-up-1379/\">News Round-Up</a> appeared first on <a href=\"https://dailysceptic.org\">The Daily Sceptic</a>.</p>",
        "id": 1755116,
        "language": "en-US",
        "link": "https://dailysceptic.org/2024/12/21/news-round-up-1379",
        "manual_status_code": 0,
        "page_rating": 30,
        "page_rating_contents": 95,
        "page_rating_visits": 0,
        "page_rating_votes": 0,
        "permanent": false,
        "source__id": 89,
        "source_url": "https://dailysceptic.org/feed",
        "status_code": 0,
        "tags": [],
        "thumbnail": null,
        "title": "News Round-Up",
        "vote": 0
    }
]