[
    {
        "age": null,
        "album": "",
        "author": null,
        "bookmarked": false,
        "comments": [],
        "date_dead_since": null,
        "date_published": "2024-12-21T18:21:29+00:00",
        "description": "<p>Darktable 5.0 open-source raw image editor is now available for download with new features, improvements, and enhanced camera support. Here\u2019s what\u2019s new!</p>\n<p>The post <a href=\"https://9to5linux.com/darktable-5-0-open-source-raw-image-editor-officially-released-heres-whats-new\">Darktable 5.0 Open-Source RAW Image Editor Officially Released, Here\u2019s What\u2019s New</a> appeared first on <a href=\"https://9to5linux.com\">9to5Linux</a> - do not reproduce this article without permission. This RSS feed is intended for readers, not scrapers.</p>",
        "id": 1758166,
        "language": "en-US",
        "link": "https://9to5linux.com/darktable-5-0-open-source-raw-image-editor-officially-released-heres-whats-new",
        "manual_status_code": 0,
        "page_rating": 29,
        "page_rating_contents": 90,
        "page_rating_visits": 0,
        "page_rating_votes": 0,
        "permanent": false,
        "source__id": 6,
        "source_url": "https://9to5linux.com/category/news/feed",
        "status_code": 0,
        "tags": [],
        "thumbnail": null,
        "title": "Darktable 5.0 Open-Source RAW Image Editor Officially Released, Here\u2019s What\u2019s New",
        "vote": 0
    },
    {
        "age": null,
        "album": "",
        "author": null,
        "bookmarked": false,
        "comments": [],
        "date_dead_since": null,
        "date_published": "2024-12-21T15:58:11+00:00",
        "description": "<p>CachyOS snapshot for December 2024 is now available for download with AutoFDO kernel as default across all supported architectures, as well as other improvements.</p>\n<p>The post <a href=\"https://9to5linux.com/cachyos-now-uses-autofdo-kernel-as-default-across-all-supported-architectures\">CachyOS Now Uses AutoFDO Kernel as Default Across All Supported Architectures</a> appeared first on <a href=\"https://9to5linux.com\">9to5Linux</a> - do not reproduce this article without permission. This RSS feed is intended for readers, not scrapers.</p>",
        "id": 1757634,
        "language": "en-US",
        "link": "https://9to5linux.com/cachyos-now-uses-autofdo-kernel-as-default-across-all-supported-architectures",
        "manual_status_code": 0,
        "page_rating": 29,
        "page_rating_contents": 90,
        "page_rating_visits": 0,
        "page_rating_votes": 0,
        "permanent": false,
        "source__id": 6,
        "source_url": "https://9to5linux.com/category/news/feed",
        "status_code": 0,
        "tags": [],
        "thumbnail": null,
        "title": "CachyOS Now Uses AutoFDO Kernel as Default Across All Supported Architectures",
        "vote": 0
    }
]