[
    {
        "age": null,
        "album": "",
        "author": null,
        "bookmarked": false,
        "comments": [],
        "date_dead_since": null,
        "date_published": "2024-12-21T13:45:07+00:00",
        "description": "In time for editing any end-of-year/holiday photos, Darktable 5.0 is out today as a major update to this open-source RAW photography workflow application...",
        "id": 1758216,
        "language": "en-us",
        "link": "https://www.phoronix.com/news/Darktable-5.0",
        "manual_status_code": 0,
        "page_rating": 27,
        "page_rating_contents": 86,
        "page_rating_visits": 0,
        "page_rating_votes": 0,
        "permanent": false,
        "source__id": 494,
        "source_url": "https://www.phoronix.com/rss.php",
        "status_code": 0,
        "tags": [],
        "thumbnail": null,
        "title": "Darktable 5.0 Released With Many UI/UX Improvements",
        "vote": 0
    },
    {
        "age": null,
        "album": "",
        "author": null,
        "bookmarked": false,
        "comments": [],
        "date_dead_since": null,
        "date_published": "2024-12-21T10:21:28+00:00",
        "description": "The CachyOS December 2024 update is out today as the newest monthly release to this performance-optimized, Arch Linux based operating system...",
        "id": 1757437,
        "language": "en-us",
        "link": "https://www.phoronix.com/news/CachyOS-December-2024",
        "manual_status_code": 0,
        "page_rating": 27,
        "page_rating_contents": 86,
        "page_rating_visits": 0,
        "page_rating_votes": 0,
        "permanent": false,
        "source__id": 494,
        "source_url": "https://www.phoronix.com/rss.php",
        "status_code": 0,
        "tags": [],
        "thumbnail": null,
        "title": "CachyOS Update Now Uses AutoFDO-Optimized Kernel, Rusticl Driver",
        "vote": 0
    },
    {
        "age": null,
        "album": "",
        "author": null,
        "bookmarked": false,
        "comments": [],
        "date_dead_since": null,
        "date_published": "2024-12-21T09:31:30+00:00",
        "description": "The latest work that Raspberry Pi is working to upstream to the mainline Linux kernel is a HEVC/H.265 video decode driver that works on Raspberry Pi 4 and Raspberry Pi 5 single board computers...",
        "id": 1757130,
        "language": "en-us",
        "link": "https://www.phoronix.com/news/Raspberry-Pi-HEVC-H265-Decode",
        "manual_status_code": 0,
        "page_rating": 27,
        "page_rating_contents": 86,
        "page_rating_visits": 0,
        "page_rating_votes": 0,
        "permanent": false,
        "source__id": 494,
        "source_url": "https://www.phoronix.com/rss.php",
        "status_code": 0,
        "tags": [],
        "thumbnail": null,
        "title": "Raspberry Pi HEVC Decoder Driver Posted For Linux Kernel Review",
        "vote": 0
    },
    {
        "age": null,
        "album": "",
        "author": null,
        "bookmarked": false,
        "comments": [],
        "date_dead_since": null,
        "date_published": "2024-12-21T08:44:06+00:00",
        "description": "The widely-used Curl project has removed support for its Rust-written Hyper HTTP back-end that they were experimentally shipping for several years. The removal of this Rust back-end comes from having little end-user and developer interest in this portion of the code...",
        "id": 1756872,
        "language": "en-us",
        "link": "https://www.phoronix.com/news/Curl-Drops-Rust-Hyper-Backend",
        "manual_status_code": 0,
        "page_rating": 27,
        "page_rating_contents": 86,
        "page_rating_visits": 0,
        "page_rating_votes": 0,
        "permanent": false,
        "source__id": 494,
        "source_url": "https://www.phoronix.com/rss.php",
        "status_code": 0,
        "tags": [],
        "thumbnail": null,
        "title": "Curl Drops Support For Hyper Rust HTTP Backend Citing Little Demand",
        "vote": 0
    },
    {
        "age": null,
        "album": "",
        "author": null,
        "bookmarked": false,
        "comments": [],
        "date_dead_since": null,
        "date_published": "2024-12-21T06:48:00+00:00",
        "description": "AdaptiveCpp 24.10 is out today as this implementation of SYCL and C++ standard parallelism for CPUs and GPUs across hardware vendors. This compiler for C++ heterogeneous programming models has tacked on more features and additional performance optimizations with this update...",
        "id": 1756611,
        "language": "en-us",
        "link": "https://www.phoronix.com/news/AdaptiveCpp-24.10",
        "manual_status_code": 0,
        "page_rating": 27,
        "page_rating_contents": 86,
        "page_rating_visits": 0,
        "page_rating_votes": 0,
        "permanent": false,
        "source__id": 494,
        "source_url": "https://www.phoronix.com/rss.php",
        "status_code": 0,
        "tags": [],
        "thumbnail": null,
        "title": "AdaptiveCpp 24.10 Delivers More Performance Optimizations",
        "vote": 0
    },
    {
        "age": null,
        "album": "",
        "author": null,
        "bookmarked": false,
        "comments": [],
        "date_dead_since": null,
        "date_published": "2024-12-21T06:21:57+00:00",
        "description": "It's not only KDE seeing nice improvements ahead of the holidays but GNOME developers were also busy this week preparing new improvements to their open-source desktop stack. There's been some rather exciting changes on the GNOME front as we prepare to cap off the year...",
        "id": 1756356,
        "language": "en-us",
        "link": "https://www.phoronix.com/news/GNOME-Pre-Christmas-2024",
        "manual_status_code": 0,
        "page_rating": 27,
        "page_rating_contents": 86,
        "page_rating_visits": 0,
        "page_rating_votes": 0,
        "permanent": false,
        "source__id": 494,
        "source_url": "https://www.phoronix.com/rss.php",
        "status_code": 0,
        "tags": [],
        "thumbnail": null,
        "title": "GNOME User Sharing Ported From C To Rust, libadwaita Adds Adaptive Preview Mode",
        "vote": 0
    },
    {
        "age": null,
        "album": "",
        "author": null,
        "bookmarked": false,
        "comments": [],
        "date_dead_since": null,
        "date_published": "2024-12-21T05:58:54+00:00",
        "description": "While the Christmas holidays are quickly approach, KDE developers remain busy working on new features for the upcoming Plasma 6.3 desktop as well as continuing to land many bug fixes...",
        "id": 1756357,
        "language": "en-us",
        "link": "https://www.phoronix.com/news/Plasma-6.3-Better-Joystick",
        "manual_status_code": 0,
        "page_rating": 27,
        "page_rating_contents": 86,
        "page_rating_visits": 0,
        "page_rating_votes": 0,
        "permanent": false,
        "source__id": 494,
        "source_url": "https://www.phoronix.com/rss.php",
        "status_code": 0,
        "tags": [],
        "thumbnail": null,
        "title": "KDE Plasma 6.3 Improving Game Controller Joystick Support, Many Fixes",
        "vote": 0
    }
]