[
    {
        "age": null,
        "album": "",
        "author": "gameranx",
        "bookmarked": false,
        "comments": [],
        "date_dead_since": null,
        "date_published": "2024-12-21T16:00:02+00:00",
        "description": "We've got some scary games that are surprisingly challenging. \nSubscribe for more: https://www.youtube.com/gameranxTV?sub_confirmation=1     \n\n0:00 Intro \n0:22 Number 10\n2:27 Number 9\n5:11 Number 8\n7:36 Number 7\n9:16 Number 6\n11:02 Number 5\n12:59 Number 4\n14:07 Number 3\n15:20 Number 2\n17:50 Number 1 \n20:22 Bonus",
        "id": 1757654,
        "language": null,
        "link": "https://www.youtube.com/watch?v=41WsJOypJ8o",
        "manual_status_code": 0,
        "page_rating": 27,
        "page_rating_contents": 86,
        "page_rating_visits": 0,
        "page_rating_votes": 0,
        "permanent": false,
        "source__id": 128,
        "source_url": "https://www.youtube.com/feeds/videos.xml?channel_id=UCNvzD7Z-g64bPXxGzaQaa4g",
        "status_code": 0,
        "tags": [],
        "thumbnail": "https://i1.ytimg.com/vi/41WsJOypJ8o/hqdefault.jpg",
        "title": "10 HARD Horror Games That Will Make You Beg for Mercy",
        "vote": 0
    }
]