[
    {
        "age": null,
        "album": "",
        "author": null,
        "bookmarked": false,
        "comments": [],
        "date_dead_since": null,
        "date_published": "2024-12-21T19:47:59+00:00",
        "description": "<!-- SC_OFF --><div class=\"md\"><p>Hi everyone do you hace any suggesintions about providers of hosting Django apps? </p> </div><!-- SC_ON --> &#32; submitted by &#32; <a href=\"https://www.reddit.com/user/daniicod\"> /u/daniicod </a> <br/> <span><a href=\"https://www.reddit.com/r/django/comments/1hjhkps/django_webhosting/\">[link]</a></span> &#32; <span><a href=\"https://www.reddit.com/r/django/comments/1hjhkps/django_webhosting/\">[comments]</a></span>",
        "id": 1758481,
        "language": null,
        "link": "https://www.reddit.com/r/django/comments/1hjhkps/django_webhosting",
        "manual_status_code": 0,
        "page_rating": 27,
        "page_rating_contents": 85,
        "page_rating_visits": 0,
        "page_rating_votes": 0,
        "permanent": false,
        "source__id": 491,
        "source_url": "https://www.reddit.com/r/django/.rss",
        "status_code": 0,
        "tags": [],
        "thumbnail": null,
        "title": "Django webhosting",
        "vote": 0
    },
    {
        "age": null,
        "album": "",
        "author": null,
        "bookmarked": false,
        "comments": [],
        "date_dead_since": null,
        "date_published": "2024-12-21T14:48:08+00:00",
        "description": "<!-- SC_OFF --><div class=\"md\"><p><a href=\"https://www.youtube.com/@djangoroad\">https://www.youtube.com/@djangoroad</a> This was her YouTube channel, and her videos really helped me in deploying a containerized Django app for a client (No, seriously, I would&#39;ve been fk if I didn&#39;t watch her video.)</p> </div><!-- SC_ON --> &#32; submitted by &#32; <a href=\"https://www.reddit.com/user/jericho1050\"> /u/jericho1050 </a> <br/> <span><a href=\"https://www.reddit.com/r/django/comments/1hjb9u8/djangoroad_youtube_channel_gone_ive_tried_to_look/\">[link]</a></span> &#32; <span><a href=\"https://www.reddit.com/r/django/comments/1hjb9u8/djangoroad_youtube_channel_gone_ive_tried_to_look/\">[comments]</a></span>",
        "id": 1757387,
        "language": null,
        "link": "https://www.reddit.com/r/django/comments/1hjb9u8/djangoroad_youtube_channel_gone_ive_tried_to_look",
        "manual_status_code": 0,
        "page_rating": 27,
        "page_rating_contents": 85,
        "page_rating_visits": 0,
        "page_rating_votes": 0,
        "permanent": false,
        "source__id": 491,
        "source_url": "https://www.reddit.com/r/django/.rss",
        "status_code": 0,
        "tags": [],
        "thumbnail": null,
        "title": "Djangoroad YouTube channel gone? I've tried to look for the WSGI video for a refresher, but it seems like her channel is gone. :(",
        "vote": 0
    },
    {
        "age": null,
        "album": "",
        "author": null,
        "bookmarked": false,
        "comments": [],
        "date_dead_since": null,
        "date_published": "2024-12-21T13:25:35+00:00",
        "description": "<!-- SC_OFF --><div class=\"md\"><p>Hi everyone,</p> <p>I have a fully synchronous Django app running on Gunicorn with Uvicorn workers. However, I\u2019ve run into a problem: I want to use Gunicorn\u2019s instrumentation features and server hooks (pre_request, and post_request), but these aren\u2019t supported with Uvicorn workers.</p> <p>I\u2019m debating whether to switch from Uvicorn workers to Gunicorn\u2019s default synchronous workers. I\u2019ve read that Uvicorn workers can still offer better performance, even for synchronous apps, so I\u2019m not sure if I should switch or not.</p> <p>Should I consider alternatives for instrumentation and server hooks, or would it be better to migrate to normal Gunicorn workers? I\u2019d appreciate any advice or recommendations.</p> <p>Thanks in advance!</p> </div><!-- SC_ON --> &#32; submitted by &#32; <a href=\"https://www.reddit.com/user/Hewett555\"> /u/Hewett555 </a> <br/> <span><a href=\"https://www.reddit.com/r/django/comments/1hj9seo/gunicorn_vs_gunicorn_with_uvicorn_workers/\">[l",
        "id": 1756814,
        "language": null,
        "link": "https://www.reddit.com/r/django/comments/1hj9seo/gunicorn_vs_gunicorn_with_uvicorn_workers",
        "manual_status_code": 0,
        "page_rating": 27,
        "page_rating_contents": 85,
        "page_rating_visits": 0,
        "page_rating_votes": 0,
        "permanent": false,
        "source__id": 491,
        "source_url": "https://www.reddit.com/r/django/.rss",
        "status_code": 0,
        "tags": [],
        "thumbnail": null,
        "title": "Gunicorn vs Gunicorn with Uvicorn workers",
        "vote": 0
    },
    {
        "age": null,
        "album": "",
        "author": null,
        "bookmarked": false,
        "comments": [],
        "date_dead_since": null,
        "date_published": "2024-12-21T03:15:27+00:00",
        "description": "<!-- SC_OFF --><div class=\"md\"><p>I need to accomplish three real-time tasks using Django Channels. I need to track the status of my users (if they are online or offline), I need to send them notifications while they&#39;re on the site and I need to manage a live chat. I could maintain three separate WebSocket connections to three different consumers but that would be a pretty inefficient use of ressources.</p> <p>I would prefer to have one <em>main</em> WebSocket connection with a single consumer that dispatches the requests made to it to three <em>sub-consumers</em> to make it nice, clean and efficient while maintaining a clear separation between the three tasks.</p> <p><strong>How do I do this?</strong></p> </div><!-- SC_ON --> &#32; submitted by &#32; <a href=\"https://www.reddit.com/user/Affectionate-Ad-7865\"> /u/Affectionate-Ad-7865 </a> <br/> <span><a href=\"https://www.reddit.com/r/django/comments/1hj0yq1/how_to_make_a_main_consumer_that_dispatches/\">[link]</a></span> &#32; <sp",
        "id": 1755123,
        "language": null,
        "link": "https://www.reddit.com/r/django/comments/1hj0yq1/how_to_make_a_main_consumer_that_dispatches",
        "manual_status_code": 0,
        "page_rating": 27,
        "page_rating_contents": 85,
        "page_rating_visits": 0,
        "page_rating_votes": 0,
        "permanent": false,
        "source__id": 491,
        "source_url": "https://www.reddit.com/r/django/.rss",
        "status_code": 0,
        "tags": [],
        "thumbnail": null,
        "title": "How to make a main consumer that dispatches requests to multiple sub-consumers",
        "vote": 0
    }
]