[
    {
        "age": null,
        "album": "",
        "author": "Jordan B Peterson",
        "bookmarked": false,
        "comments": [],
        "date_dead_since": null,
        "date_published": "2024-12-21T19:00:13+00:00",
        "description": null,
        "id": 1758417,
        "language": null,
        "link": "https://www.youtube.com/watch?v=R-kYgxPdjYg",
        "manual_status_code": 0,
        "page_rating": 26,
        "page_rating_contents": 82,
        "page_rating_visits": 0,
        "page_rating_votes": 0,
        "permanent": false,
        "source__id": 167,
        "source_url": "https://www.youtube.com/feeds/videos.xml?channel_id=UCL_f53ZEJxp8TtlOkHwMV9Q",
        "status_code": 0,
        "tags": [],
        "thumbnail": "https://i3.ytimg.com/vi/R-kYgxPdjYg/hqdefault.jpg",
        "title": "The Last Shall Be First | The Gospels",
        "vote": 0
    }
]