[
    {
        "age": null,
        "album": "",
        "author": "Dr. John Campbell",
        "bookmarked": false,
        "comments": [],
        "date_dead_since": null,
        "date_published": "2024-12-21T23:38:19+00:00",
        "description": null,
        "id": 1759243,
        "language": null,
        "link": "https://www.youtube.com/watch?v=sVpFs2VTgf8",
        "manual_status_code": 0,
        "page_rating": 26,
        "page_rating_contents": 82,
        "page_rating_visits": 0,
        "page_rating_votes": 0,
        "permanent": false,
        "source__id": 96,
        "source_url": "https://www.youtube.com/feeds/videos.xml?channel_id=UCF9IOB2TExg3QIBupFtBDxg",
        "status_code": 0,
        "tags": [],
        "thumbnail": "https://i4.ytimg.com/vi/sVpFs2VTgf8/hqdefault.jpg",
        "title": "2024 White results",
        "vote": 0
    },
    {
        "age": null,
        "album": "",
        "author": "Dr. John Campbell",
        "bookmarked": false,
        "comments": [],
        "date_dead_since": null,
        "date_published": "2024-12-21T20:21:17+00:00",
        "description": null,
        "id": 1758566,
        "language": null,
        "link": "https://www.youtube.com/watch?v=aW-3NmJQyas",
        "manual_status_code": 0,
        "page_rating": 26,
        "page_rating_contents": 82,
        "page_rating_visits": 0,
        "page_rating_votes": 0,
        "permanent": false,
        "source__id": 96,
        "source_url": "https://www.youtube.com/feeds/videos.xml?channel_id=UCF9IOB2TExg3QIBupFtBDxg",
        "status_code": 0,
        "tags": [],
        "thumbnail": "https://i2.ytimg.com/vi/aW-3NmJQyas/hqdefault.jpg",
        "title": "Evidence for getting the vitamin D right",
        "vote": 0
    },
    {
        "age": null,
        "album": "",
        "author": "Dr. John Campbell",
        "bookmarked": false,
        "comments": [],
        "date_dead_since": null,
        "date_published": "2024-12-21T18:14:02+00:00",
        "description": null,
        "id": 1758016,
        "language": null,
        "link": "https://www.youtube.com/watch?v=mtLxBRygqoo",
        "manual_status_code": 0,
        "page_rating": 26,
        "page_rating_contents": 82,
        "page_rating_visits": 0,
        "page_rating_votes": 0,
        "permanent": false,
        "source__id": 96,
        "source_url": "https://www.youtube.com/feeds/videos.xml?channel_id=UCF9IOB2TExg3QIBupFtBDxg",
        "status_code": 0,
        "tags": [],
        "thumbnail": "https://i2.ytimg.com/vi/mtLxBRygqoo/hqdefault.jpg",
        "title": "Correct low vitamin D in cancer treatment",
        "vote": 0
    },
    {
        "age": null,
        "album": "",
        "author": "Dr. John Campbell",
        "bookmarked": false,
        "comments": [],
        "date_dead_since": null,
        "date_published": "2024-12-21T18:02:04+00:00",
        "description": null,
        "id": 1758017,
        "language": null,
        "link": "https://www.youtube.com/watch?v=oNqr-0FP7Mk",
        "manual_status_code": 0,
        "page_rating": 26,
        "page_rating_contents": 82,
        "page_rating_visits": 0,
        "page_rating_votes": 0,
        "permanent": false,
        "source__id": 96,
        "source_url": "https://www.youtube.com/feeds/videos.xml?channel_id=UCF9IOB2TExg3QIBupFtBDxg",
        "status_code": 0,
        "tags": [],
        "thumbnail": "https://i4.ytimg.com/vi/oNqr-0FP7Mk/hqdefault.jpg",
        "title": "21 December 2024",
        "vote": 0
    },
    {
        "age": null,
        "album": "",
        "author": "Dr. John Campbell",
        "bookmarked": false,
        "comments": [],
        "date_dead_since": null,
        "date_published": "2024-12-21T17:49:32+00:00",
        "description": null,
        "id": 1758018,
        "language": null,
        "link": "https://www.youtube.com/watch?v=uMEGkydpsdg",
        "manual_status_code": 0,
        "page_rating": 26,
        "page_rating_contents": 82,
        "page_rating_visits": 0,
        "page_rating_votes": 0,
        "permanent": false,
        "source__id": 96,
        "source_url": "https://www.youtube.com/feeds/videos.xml?channel_id=UCF9IOB2TExg3QIBupFtBDxg",
        "status_code": 0,
        "tags": [],
        "thumbnail": "https://i2.ytimg.com/vi/uMEGkydpsdg/hqdefault.jpg",
        "title": "Vitamin D and cancer treatment with Professor Dalglish",
        "vote": 0
    }
]