[{"age": null, "album": "", "artist": null, "bookmarked": false, "comments": [], "date_published": "2024-10-20T16:46:52+00:00", "description": "If you want to chat about buying my van email me here\nvoltswagonsale@gmail.com\n\nGo follow Kira and Brett at Solar Rolla\nhttps://www.youtube.com/@UCFxsrz7GsBj053Bl8KLMkQg \nhttp://www.instagram.com/solarrolla\nhttp://www.tiktok.com/@solarrolla\nhttps://solarrolla.com/\n\nPlease support us on Patreon... https://bit.ly/RayaandLouisPatreon\n\nOur couples channel\nhttps://www.youtube.com/rayaandlouis\n\nthanks to Beth & Jamarl for editing\nhttps://www.youtube.com/c/BethandJamarl\n\nfollow what I'm up to\nhttp://www.instagram.com/louiscole\nhttp://www.tiktok.com/@funforlouis\nhttp://www.twitter.com/louiscole\nhttp://www.facebook.com/louiscole\n\nMake sure you subscribe for New Videos! http://www.youtube.com/subscription_center?add_user=funforlouis\n\nBig thanks to the Music by\nhttps://soundcloud.com/conoralbert\nEpidemic Sound (unlimited copyright free music) http://share.epidemicsound.com/qcWWh\n\nMusic wanted!!\nIf you are a music producer and would like me to use your music (funky jazz hiphop vibes) please email", "id": 1357671, "language": null, "link": "https://www.youtube.com/watch?v=mDdrL_Zb9N8", "manual_status_code": 0, "page_rating": 27, "page_rating_contents": 86, "page_rating_visits": 0, "page_rating_votes": 0, "permanent": false, "source__id": 122, "source_url": "https://www.youtube.com/feeds/videos.xml?channel_id=UCVrvnobbNGGMsS5n2mJwfOg", "status_code": 0, "tags": [], "thumbnail": "https://i2.ytimg.com/vi/mDdrL_Zb9N8/hqdefault.jpg", "title": "Building a Solar Powered Boat - Infinite Range", "vote": 0}]