[{"age": null, "album": "", "artist": null, "bookmarked": false, "comments": [], "date_published": "2024-10-20T20:00:18+00:00", "description": "Order today at http://www.1775coffee.com/BRAND - code BRAND to save 15% off your order\n\nWatch my new Locals series 'The Oracles' here: https://russellbrand.locals.com/upost/6159441/the-last-pandemic-and-the-next-pandemic\n\nWATCH me LIVE weekdays on Rumble: https://bit.ly/russellbrand-rumble\n\nWatch my exclusive LIVE weekly special, \u201cBreak Bread\u201d, get access to all of my interviews a week early, send in questions for me to respond to with guests, and more HERE: https://bit.ly/joinlocals\n\nAll links: https://linktr.ee/RussellBrand", "id": 1358349, "language": null, "link": "https://www.youtube.com/watch?v=UrXeUr0ZmhA", "manual_status_code": 0, "page_rating": 27, "page_rating_contents": 86, "page_rating_visits": 0, "page_rating_votes": 0, "permanent": false, "source__id": 286, "source_url": "https://www.youtube.com/feeds/videos.xml?channel_id=UCswH8ovgUp5Bdg-0_JTYFNw", "status_code": 0, "tags": [], "thumbnail": "https://i2.ytimg.com/vi/UrXeUr0ZmhA/hqdefault.jpg", "title": "Tucker Carlson\u2019s Mind Blown As Guest Drops Terrifying Health Data", "vote": 0}, {"age": null, "album": "", "artist": null, "bookmarked": false, "comments": [], "date_published": "2024-10-20T17:08:24+00:00", "description": "Go to http://rumble.com/premium/brand and use code BRAND to save $10 off!\n\nWatch my new Locals series 'The Oracles' here: https://russellbrand.locals.com/upost/6159441/the-last-pandemic-and-the-next-pandemic\n\nWATCH me LIVE weekdays on Rumble: https://bit.ly/russellbrand-rumble\n\nWatch my exclusive LIVE weekly special, \u201cBreak Bread\u201d, get access to all of my interviews a week early, send in questions for me to respond to with guests, and more HERE: https://bit.ly/joinlocals\n\nAll links: https://linktr.ee/RussellBrand", "id": 1357886, "language": null, "link": "https://www.youtube.com/watch?v=_svubfy57yg", "manual_status_code": 0, "page_rating": 27, "page_rating_contents": 86, "page_rating_visits": 0, "page_rating_votes": 0, "permanent": false, "source__id": 286, "source_url": "https://www.youtube.com/feeds/videos.xml?channel_id=UCswH8ovgUp5Bdg-0_JTYFNw", "status_code": 0, "tags": [], "thumbnail": "https://i4.ytimg.com/vi/_svubfy57yg/hqdefault.jpg", "title": "\u201cThey\u2019re Trying To DE-NATIONALISE The US Population! Col. Douglas Macgregor On The Border Crisis", "vote": 0}]