[{"age": null, "album": "", "artist": null, "bookmarked": false, "comments": [], "date_published": "2024-10-20T15:35:50+00:00", "description": "Bethesda thinks fans expect too much from them...do you agree?\nSubscribe for more: https://www.youtube.com/gameranxTV?sub_confirmation=1", "id": 1357390, "language": null, "link": "https://www.youtube.com/watch?v=dQpjQakAmC0", "manual_status_code": 0, "page_rating": 27, "page_rating_contents": 86, "page_rating_visits": 0, "page_rating_votes": 0, "permanent": false, "source__id": 128, "source_url": "https://www.youtube.com/feeds/videos.xml?channel_id=UCNvzD7Z-g64bPXxGzaQaa4g", "status_code": 0, "tags": [], "thumbnail": "https://i1.ytimg.com/vi/dQpjQakAmC0/hqdefault.jpg", "title": "What the Hell is Going on With BETHESDA?", "vote": 0}]