[{"age": null, "album": "", "artist": null, "bookmarked": false, "comments": [], "date_published": "2024-10-20T19:28:03+00:00", "description": "We have an early look at the upcoming iPhone SE from Apple.", "id": 1358690, "language": "en-US", "link": "https://www.forbes.com/sites/ewanspence/2024/10/20/apple-iphone-16-pro-max-iphone-se-design-leak-specs-apple-intelligence-new-iphone", "manual_status_code": 0, "page_rating": 27, "page_rating_contents": 86, "page_rating_visits": 0, "page_rating_votes": 0, "permanent": false, "source__id": 117, "source_url": "https://www.forbes.com/innovation/feed2", "status_code": 0, "tags": [], "thumbnail": "https://imageio.forbes.com/specials-images/imageserve/6352a1976ab4d7c1914361bb/0x0.jpg?width=960", "title": "New iPhone Leak Reveals Apple\u2019s Latest Design Decisions", "vote": 0}, {"age": null, "album": "", "artist": null, "bookmarked": false, "comments": [], "date_published": "2024-10-20T18:57:51+00:00", "description": "Individuals recognize that extreme weather events disrupt their lives and investments. They are willing to bear additional costs to protect against such disruptions", "id": 1358691, "language": "en-US", "link": "https://www.forbes.com/sites/prakashdolsak/2024/10/20/hurricanes-helene-and-milton-should-motivate-us-to-bury-power-lines", "manual_status_code": 0, "page_rating": 27, "page_rating_contents": 86, "page_rating_visits": 0, "page_rating_votes": 0, "permanent": false, "source__id": 117, "source_url": "https://www.forbes.com/innovation/feed2", "status_code": 0, "tags": [], "thumbnail": "https://imageio.forbes.com/specials-images/imageserve/67157e4ff474bc4a2839ab28/0x0.jpg?width=960", "title": "Hurricanes Helene And Milton Should Motivate Us To Bury Power Lines", "vote": 0}, {"age": null, "album": "", "artist": null, "bookmarked": false, "comments": [], "date_published": "2024-10-20T18:03:36+00:00", "description": "Three MacBook Pro laptops will be launched before Halloween, but Apple has something hiding in the shadows you should pay attention to.", "id": 1358562, "language": "en-US", "link": "https://www.forbes.com/sites/ewanspence/2024/10/20/apple-macbook-pro-m4-macbook-air-macos-apple-intelligence-price-new-macbook", "manual_status_code": 0, "page_rating": 27, "page_rating_contents": 86, "page_rating_visits": 0, "page_rating_votes": 0, "permanent": false, "source__id": 117, "source_url": "https://www.forbes.com/innovation/feed2", "status_code": 0, "tags": [], "thumbnail": "https://imageio.forbes.com/specials-images/imageserve/670af9859629ac3b5eda0d14/0x0.jpg?width=960", "title": "Forget The New MacBook Pro, Apple Has Something Much Better", "vote": 0}, {"age": null, "album": "", "artist": null, "bookmarked": false, "comments": [], "date_published": "2024-10-20T18:00:00+00:00", "description": "Looking for some help with Monday's Quordle words? Some hints and the answers are right here.", "id": 1358563, "language": "en-US", "link": "https://www.forbes.com/sites/krisholt/2024/10/20/todays-quordle-hints-and-answers-for-monday-october-21", "manual_status_code": 0, "page_rating": 27, "page_rating_contents": 86, "page_rating_visits": 0, "page_rating_votes": 0, "permanent": false, "source__id": 117, "source_url": "https://www.forbes.com/innovation/feed2", "status_code": 0, "tags": [], "thumbnail": "https://imageio.forbes.com/specials-images/imageserve/65b6c7d6cb80b6d1dba147b6/0x0.jpg?width=960", "title": "Today\u2019s \u2018Quordle\u2019 Hints And Answers For Monday, October 21", "vote": 0}, {"age": null, "album": "", "artist": null, "bookmarked": false, "comments": [], "date_published": "2024-10-20T17:30:00+00:00", "description": "Looking for some help with Monday's NYT Connections? Some hints and the answers are right here.", "id": 1358564, "language": "en-US", "link": "https://www.forbes.com/sites/krisholt/2024/10/20/nyt-connections-today-help-hints-answers-monday-october-21-498", "manual_status_code": 0, "page_rating": 27, "page_rating_contents": 86, "page_rating_visits": 0, "page_rating_votes": 0, "permanent": false, "source__id": 117, "source_url": "https://www.forbes.com/innovation/feed2", "status_code": 0, "tags": [], "thumbnail": "https://imageio.forbes.com/specials-images/imageserve/64de654d82fd643c3ad8ae1f/0x0.jpg?width=960", "title": "Today\u2019s NYT \u2018Connections\u2019 Hints And Answers For Monday, October 21", "vote": 0}, {"age": null, "album": "", "artist": null, "bookmarked": false, "comments": [], "date_published": "2024-10-20T17:13:11+00:00", "description": "The Internet Archive has confirmed a third security breach on October 20, 2024, in what has become a series of escalating cyberattacks.", "id": 1358369, "language": "en-US", "link": "https://www.forbes.com/sites/larsdaniel/2024/10/20/internet-archive-breached-again-third-cyber-attack-in-october-2024", "manual_status_code": 0, "page_rating": 27, "page_rating_contents": 86, "page_rating_visits": 0, "page_rating_votes": 0, "permanent": false, "source__id": 117, "source_url": "https://www.forbes.com/innovation/feed2", "status_code": 0, "tags": [], "thumbnail": "https://imageio.forbes.com/specials-images/imageserve/6715685a2ccdda223b975ec7/0x0.jpg?width=960&precrop=4207%2C1971%2Cx0%2Cy0", "title": "Internet Archive Breached Again\u2013Third Cyber Attack In October 2024", "vote": 0}, {"age": null, "album": "", "artist": null, "bookmarked": false, "comments": [], "date_published": "2024-10-20T16:32:50+00:00", "description": "Nothing about this show feels at all believable and none of the stakes feel urgent.", "id": 1358370, "language": "en-US", "link": "https://www.forbes.com/sites/erikkain/2024/10/20/the-walking-dead-daryl-dixon-the-book-of-carol-episode-4-review---everyone-sucks", "manual_status_code": 0, "page_rating": 27, "page_rating_contents": 86, "page_rating_visits": 0, "page_rating_votes": 0, "permanent": false, "source__id": 117, "source_url": "https://www.forbes.com/innovation/feed2", "status_code": 0, "tags": [], "thumbnail": "https://imageio.forbes.com/specials-images/imageserve/671541aaf99ea0f78f5b1be8/0x0.jpg?width=960", "title": "\u2018The Walking Dead: Daryl Dixon, The Book Of Carol\u2019 Episode 4 Review \u2014 Everyone Sucks", "vote": 0}, {"age": null, "album": "", "artist": null, "bookmarked": false, "comments": [], "date_published": "2024-10-20T16:15:07+00:00", "description": "Your heart deserves more than just going through the motions\u2014it craves real connection.", "id": 1358157, "language": "en-US", "link": "https://www.forbes.com/sites/traversmark/2024/10/20/5-signs-youre-in-a-functional-but-loveless-relationship-by-a-psychologist", "manual_status_code": 0, "page_rating": 27, "page_rating_contents": 86, "page_rating_visits": 0, "page_rating_votes": 0, "permanent": false, "source__id": 117, "source_url": "https://www.forbes.com/innovation/feed2", "status_code": 0, "tags": [], "thumbnail": "https://imageio.forbes.com/specials-images/imageserve/6714e86222d0fd6831e407e9/0x0.jpg?width=960&precrop=2112%2C989%2Cx56%2Cy36", "title": "5 Signs You\u2019re In A \u2018Functional But Loveless\u2019 Relationship\u2014By A Psychologist", "vote": 0}, {"age": null, "album": "", "artist": null, "bookmarked": false, "comments": [], "date_published": "2024-10-20T16:15:00+00:00", "description": "Samsung Galaxy users are suddenly left behind\u2014is it now possible to catch Google\u2019s Pixel.", "id": 1358159, "language": "en-US", "link": "https://www.forbes.com/sites/zakdoffman/2024/10/20/surprise-for-samsung-s24-ultra-s23-ultra-z-fold-6-z-flip-6-galaxy-users", "manual_status_code": 0, "page_rating": 27, "page_rating_contents": 86, "page_rating_visits": 0, "page_rating_votes": 0, "permanent": false, "source__id": 117, "source_url": "https://www.forbes.com/innovation/feed2", "status_code": 0, "tags": [], "thumbnail": "https://imageio.forbes.com/specials-images/imageserve/67155e6d2508edcb3450b4d7/0x0.jpg?width=960&precrop=836%2C649%2Cx660%2Cy226", "title": "Samsung\u2019s Update Mistake\u2014More Bad News For Millions Of Galaxy Users", "vote": 0}, {"age": null, "album": "", "artist": null, "bookmarked": false, "comments": [], "date_published": "2024-10-20T16:15:00+00:00", "description": "The mantis shrimp\u2019s astonishing punch, cancer-detecting vision and remarkable capacity for cellular repair make it an unexpected subject of scientific fascination.", "id": 1358158, "language": "en-US", "link": "https://www.forbes.com/sites/scotttravers/2024/10/20/the-mantis-shrimp-is-a-true-scientific-marvel-heres-why", "manual_status_code": 0, "page_rating": 27, "page_rating_contents": 86, "page_rating_visits": 0, "page_rating_votes": 0, "permanent": false, "source__id": 117, "source_url": "https://www.forbes.com/innovation/feed2", "status_code": 0, "tags": [], "thumbnail": "https://imageio.forbes.com/specials-images/imageserve/67110f513baad88e33b2fe65/0x0.jpg?width=960&precrop=1815%2C1021%2Cx0%2Cy103", "title": "The \u2018Mantis Shrimp\u2019 Is A True Scientific Marvel\u2014Here\u2019s Why", "vote": 0}, {"age": null, "album": "", "artist": null, "bookmarked": false, "comments": [], "date_published": "2024-10-20T14:53:06+00:00", "description": "Motherboard manufacturer MaxSun has listed the Ryzen 7 9800X and its specifications in a CPU support list, seemingly conforming these details for the first time.", "id": 1358160, "language": "en-US", "link": "https://www.forbes.com/sites/antonyleather/2024/10/20/amd-ryzen-7-9800x3d-confirmed-but-theres-bad-news", "manual_status_code": 0, "page_rating": 27, "page_rating_contents": 86, "page_rating_visits": 0, "page_rating_votes": 0, "permanent": false, "source__id": 117, "source_url": "https://www.forbes.com/innovation/feed2", "status_code": 0, "tags": [], "thumbnail": "https://imageio.forbes.com/specials-images/imageserve/67155148a68553d58e09fd0d/0x0.jpg?width=960", "title": "AMD Ryzen 7 9800X3D Confirmed But There\u2019s Bad News", "vote": 0}, {"age": null, "album": "", "artist": null, "bookmarked": false, "comments": [], "date_published": "2024-10-20T14:08:31+00:00", "description": "Sonos may be about to release a new pair of headphones, even more premium than the Sonos Ace, but without a price increase. ", "id": 1357907, "language": "en-US", "link": "https://www.forbes.com/sites/davidphelan/2024/10/20/sonos-to-launch-premium-headphones-and-slash-price-of-sonos-ace-report-claims", "manual_status_code": 0, "page_rating": 27, "page_rating_contents": 86, "page_rating_visits": 0, "page_rating_votes": 0, "permanent": false, "source__id": 117, "source_url": "https://www.forbes.com/innovation/feed2", "status_code": 0, "tags": [], "thumbnail": "https://imageio.forbes.com/specials-images/imageserve/671546dd928177a3873c2f47/0x0.jpg?width=960", "title": "Sonos To Launch Premium Headphones And Slash Price Of Sonos Ace, Report Claims", "vote": 0}, {"age": null, "album": "", "artist": null, "bookmarked": false, "comments": [], "date_published": "2024-10-20T13:36:16+00:00", "description": "iPhone users are reporting significant battery drain and iOS 18 looks to be the culprit. What\u2019s going on?", "id": 1357725, "language": "en-US", "link": "https://www.forbes.com/sites/ewanspence/2024/10/20/apple-iphone-16-pro-ios-18-battery-new-iphone-problems", "manual_status_code": 0, "page_rating": 27, "page_rating_contents": 86, "page_rating_visits": 0, "page_rating_votes": 0, "permanent": false, "source__id": 117, "source_url": "https://www.forbes.com/innovation/feed2", "status_code": 0, "tags": [], "thumbnail": "https://imageio.forbes.com/specials-images/imageserve/67139442c3ffdbb77a16dd53/0x0.jpg?width=960", "title": "New iPhone 16 Pro Reports Highlight Latest Battery Problems", "vote": 0}, {"age": null, "album": "", "artist": null, "bookmarked": false, "comments": [], "date_published": "2024-10-20T13:16:52+00:00", "description": "On second thought, let's not have a town meeting. They're a waste of time.", "id": 1357726, "language": "en-US", "link": "https://www.forbes.com/sites/erikkain/2024/10/20/from-season-3-episode-5-review-the-worst-town-meeting-ever", "manual_status_code": 0, "page_rating": 27, "page_rating_contents": 86, "page_rating_visits": 0, "page_rating_votes": 0, "permanent": false, "source__id": 117, "source_url": "https://www.forbes.com/innovation/feed2", "status_code": 0, "tags": [], "thumbnail": "https://imageio.forbes.com/specials-images/imageserve/67152ab2ebd4326288585a1c/0x0.jpg?width=960", "title": "\u2018FROM\u2019 Season 3, Episode 5 Review: The Worst Town Meeting Ever", "vote": 0}, {"age": null, "album": "", "artist": null, "bookmarked": false, "comments": [], "date_published": "2024-10-20T13:00:00+00:00", "description": "Find out the essential steps to take if your Facebook account is hacked. Secure your profile, recover access, and protect your personal information.", "id": 1357727, "language": "en-US", "link": "https://www.forbes.com/sites/emmawoollacott/article/what-to-do-facebook-hacking", "manual_status_code": 0, "page_rating": 27, "page_rating_contents": 86, "page_rating_visits": 0, "page_rating_votes": 0, "permanent": false, "source__id": 117, "source_url": "https://www.forbes.com/innovation/feed2", "status_code": 0, "tags": [], "thumbnail": "https://imageio.forbes.com/specials-images/imageserve/671174f7fd670e1cc12b63f9/0x0.jpg?width=960", "title": "Here\u2019s What To Do If Your Facebook Account Gets Hacked", "vote": 0}, {"age": null, "album": "", "artist": null, "bookmarked": false, "comments": [], "date_published": "2024-10-20T12:54:50+00:00", "description": "Bolt, Bolt EUV, or the EV version of the Blazer, Silverado, or Equinox owners can now charge at Tesla superchargers. Plus how to snag a third-party adapter for less.", "id": 1357729, "language": "en-US", "link": "https://www.forbes.com/sites/anthonykarcz/2024/10/20/how-to-charge-your-chevrolet-ev-at-a-tesla-supercharger", "manual_status_code": 0, "page_rating": 27, "page_rating_contents": 86, "page_rating_visits": 0, "page_rating_votes": 0, "permanent": false, "source__id": 117, "source_url": "https://www.forbes.com/innovation/feed2", "status_code": 0, "tags": [], "thumbnail": "https://imageio.forbes.com/specials-images/imageserve/6715305972680f495e1739f1/0x0.jpg?width=960&precrop=6000%2C3375%2Cx0%2Cy310", "title": "How To Charge Your Chevrolet EV At A Tesla Supercharger", "vote": 0}, {"age": null, "album": "", "artist": null, "bookmarked": false, "comments": [], "date_published": "2024-10-20T12:29:05+00:00", "description": "Everything from security and usability through to picture and sound quality compared and contrasted. Which best-selling brand comes out on top?", "id": 1357486, "language": "en-US", "link": "https://www.forbes.com/sites/johnarcher/2024/10/20/samsung-75qn90d-vs-tcl-75c855k-two-popular-75-inch-tv-giants-go-head-to-head", "manual_status_code": 0, "page_rating": 27, "page_rating_contents": 86, "page_rating_visits": 0, "page_rating_votes": 0, "permanent": false, "source__id": 117, "source_url": "https://www.forbes.com/innovation/feed2", "status_code": 0, "tags": [], "thumbnail": "https://imageio.forbes.com/specials-images/imageserve/671521d4327611c9cc9fa12e/0x0.jpg?width=960", "title": "Samsung 75QN90D Vs TCL 75C855K: Two Popular 75-Inch TV Giants Go Head To Head", "vote": 0}, {"age": null, "album": "", "artist": null, "bookmarked": false, "comments": [], "date_published": "2024-10-20T11:20:27+00:00", "description": "I enjoyed and learned a lot during my short visit to Tunisia, Kenya and South Africa to meet with local section members and companies in Africa.", "id": 1357262, "language": "en-US", "link": "https://www.forbes.com/sites/tomcoughlin/2024/10/20/africa-trip-to-tunisia-kenya-and-south-africa-exposed-ieee-opportunities", "manual_status_code": 0, "page_rating": 27, "page_rating_contents": 86, "page_rating_visits": 0, "page_rating_votes": 0, "permanent": false, "source__id": 117, "source_url": "https://www.forbes.com/innovation/feed2", "status_code": 0, "tags": [], "thumbnail": "https://imageio.forbes.com/specials-images/imageserve/67151dc8d2c0a4fb51d46003/0x0.jpg?width=960", "title": "Africa Trip To Tunisia, Kenya And South Africa Exposed IEEE Opportunities", "vote": 0}, {"age": null, "album": "", "artist": null, "bookmarked": false, "comments": [], "date_published": "2024-10-20T11:12:58+00:00", "description": "New artificial intelligence engines like Meta Movie Gen will give us new personalized video with some strings attached. ", "id": 1357263, "language": "en-US", "link": "https://www.forbes.com/sites/johnwerner/2024/10/20/movies-of-the-future-are-here-now-with-meta-movie-gen", "manual_status_code": 0, "page_rating": 27, "page_rating_contents": 86, "page_rating_visits": 0, "page_rating_votes": 0, "permanent": false, "source__id": 117, "source_url": "https://www.forbes.com/innovation/feed2", "status_code": 0, "tags": [], "thumbnail": "https://imageio.forbes.com/specials-images/imageserve/67151d39130d22a1efc79d7d/0x0.jpg?width=960", "title": "Movies Of The Future Are Here Now With Meta Movie Gen", "vote": 0}, {"age": null, "album": "", "artist": null, "bookmarked": false, "comments": [], "date_published": "2024-10-20T11:00:00+00:00", "description": "Learn how to detect if your Facebook account has been hacked. Here are the key signs to watch out for and the steps to secure your account from intruders.", "id": 1357264, "language": "en-US", "link": "https://www.forbes.com/sites/emmawoollacott/article/how-to-know-if-your-facebook-is-hacked", "manual_status_code": 0, "page_rating": 27, "page_rating_contents": 86, "page_rating_visits": 0, "page_rating_votes": 0, "permanent": false, "source__id": 117, "source_url": "https://www.forbes.com/innovation/feed2", "status_code": 0, "tags": [], "thumbnail": "https://imageio.forbes.com/specials-images/imageserve/6711696c79933d0d708d2761/0x0.jpg?width=960", "title": "Here\u2019s How To Know If Your Facebook Has Been Hacked: 4 Signs", "vote": 0}, {"age": null, "album": "", "artist": null, "bookmarked": false, "comments": [], "date_published": "2024-10-20T10:30:59+00:00", "description": "Explore the new social contract redefining work. From the future of less work to remote flexibility, quiet quitting, and career autonomy, how work is being transformed.", "id": 1357265, "language": "en-US", "link": "https://www.forbes.com/sites/niritcohen/2024/10/20/forget-work-life-balance-its-the-future-of-less-work", "manual_status_code": 0, "page_rating": 27, "page_rating_contents": 86, "page_rating_visits": 0, "page_rating_votes": 0, "permanent": false, "source__id": 117, "source_url": "https://www.forbes.com/innovation/feed2", "status_code": 0, "tags": [], "thumbnail": "https://imageio.forbes.com/specials-images/imageserve/670e4238405dd038a4ec5d49/0x0.jpg?width=960", "title": "Forget Work Life Balance. It\u2019s The Future Of Less Work", "vote": 0}, {"age": null, "album": "", "artist": null, "bookmarked": false, "comments": [], "date_published": "2024-10-20T10:00:00+00:00", "description": "Seventeen years and 45 professional MMA bouts were enough for Daniel Pineda. The 39-year-old UFC veteran called it a career following his loss to Darren Elkins. ", "id": 1357036, "language": "en-US", "link": "https://www.forbes.com/sites/brianmazique/2024/10/20/ufc-veteran-retires-after-fight-of-the-night-performance", "manual_status_code": 0, "page_rating": 27, "page_rating_contents": 86, "page_rating_visits": 0, "page_rating_votes": 0, "permanent": false, "source__id": 117, "source_url": "https://www.forbes.com/innovation/feed2", "status_code": 0, "tags": [], "thumbnail": "https://imageio.forbes.com/specials-images/imageserve/67148310a417c9226db8d3ac/0x0.jpg?width=960&precrop=1518%2C852%2Cx139%2Cy0", "title": "UFC Veteran Retires After Fight Of The Night Performance", "vote": 0}, {"age": null, "album": "", "artist": null, "bookmarked": false, "comments": [], "date_published": "2024-10-20T09:43:41+00:00", "description": "Carbon dioxide\u2019s role in warming early exoplanetary atmospheres is likely necessary to create a habitable zone.  But it could be a problem for complex life.", "id": 1357038, "language": "en-US", "link": "https://www.forbes.com/sites/brucedorminey/2024/10/20/carbon-dioxide-may-have-squelched-ets-evolution-in-the-milky-way", "manual_status_code": 0, "page_rating": 27, "page_rating_contents": 86, "page_rating_visits": 0, "page_rating_votes": 0, "permanent": false, "source__id": 117, "source_url": "https://www.forbes.com/innovation/feed2", "status_code": 0, "tags": [], "thumbnail": "https://imageio.forbes.com/specials-images/imageserve/671506a29690730fbbe75888/0x0.jpg?width=960", "title": "Carbon Dioxide May Have Squelched E.T.\u2019s Evolution In The Milky Way", "vote": 0}, {"age": null, "album": "", "artist": null, "bookmarked": false, "comments": [], "date_published": "2024-10-20T09:43:15+00:00", "description": "Block Blast! is one of the most popular games in the world right now, and I just spent hours playing it after thinking I\u2019d try it for 20 minutes. ", "id": 1357039, "language": "en-US", "link": "https://www.forbes.com/sites/mikestubbs/2024/10/20/i-lost-an-entire-saturday-to-block-blast-the-hit-mobile-puzzle-game", "manual_status_code": 0, "page_rating": 27, "page_rating_contents": 86, "page_rating_visits": 0, "page_rating_votes": 0, "permanent": false, "source__id": 117, "source_url": "https://www.forbes.com/innovation/feed2", "status_code": 0, "tags": [], "thumbnail": "https://imageio.forbes.com/specials-images/imageserve/671507f5cb0f21d40db76c1e/0x0.jpg?width=960", "title": "I Lost An Entire Saturday To \u2018Block Blast\u2019, The Hit Mobile Puzzle Game", "vote": 0}, {"age": null, "album": "", "artist": null, "bookmarked": false, "comments": [], "date_published": "2024-10-20T09:12:28+00:00", "description": "Google has launched a new price promotion for the Pixel 9. ", "id": 1356787, "language": "en-US", "link": "https://www.forbes.com/sites/jaymcgregor/2024/10/20/google-pixel-9-pro-xl-pixel-9-pro-fold-new-deal-trade-in-prices", "manual_status_code": 0, "page_rating": 27, "page_rating_contents": 86, "page_rating_visits": 0, "page_rating_votes": 0, "permanent": false, "source__id": 117, "source_url": "https://www.forbes.com/innovation/feed2", "status_code": 0, "tags": [], "thumbnail": "https://imageio.forbes.com/specials-images/imageserve/6700f1ed7a87fba255f560b5/0x0.jpg?width=960", "title": "Google Launches New Pixel 9 Pro Deal Ahead Of Black Friday", "vote": 0}, {"age": null, "album": "", "artist": null, "bookmarked": false, "comments": [], "date_published": "2024-10-20T09:12:14+00:00", "description": "October marks the beginning of Breast Cancer Awareness Month, which should behoove all of us to understand the most important aspects of breast cancer.", "id": 1356788, "language": "en-US", "link": "https://www.forbes.com/sites/omerawan/2024/10/20/here-is-what-to-know-about-breast-cancer", "manual_status_code": 0, "page_rating": 27, "page_rating_contents": 86, "page_rating_visits": 0, "page_rating_votes": 0, "permanent": false, "source__id": 117, "source_url": "https://www.forbes.com/innovation/feed2", "status_code": 0, "tags": [], "thumbnail": "https://imageio.forbes.com/specials-images/imageserve/66e9a80893fbf8126e78488e/0x0.jpg?width=960", "title": "Here Is What To Know About Breast Cancer", "vote": 0}, {"age": null, "album": "", "artist": null, "bookmarked": false, "comments": [], "date_published": "2024-10-20T09:04:00+00:00", "description": "Here are three things to know: you can help stop climate change and make yourself healthier. There is no such thing as cheap food. Growing food is a political act.", "id": 1356789, "language": "en-US", "link": "https://www.forbes.com/sites/erikkobayashisolomon/2024/10/20/cast-your-vote-for-better-food-and-stronger-communities", "manual_status_code": 0, "page_rating": 27, "page_rating_contents": 86, "page_rating_visits": 0, "page_rating_votes": 0, "permanent": false, "source__id": 117, "source_url": "https://www.forbes.com/innovation/feed2", "status_code": 0, "tags": [], "thumbnail": "https://imageio.forbes.com/specials-images/imageserve/670ebf7a4679b9a9977cbc91/0x0.jpg?width=960", "title": "Cast Your Vote For Better Food And Stronger Communities", "vote": 0}, {"age": null, "album": "", "artist": null, "bookmarked": false, "comments": [], "date_published": "2024-10-20T09:00:28+00:00", "description": "With attacks likely, it\u2019s critical users update their devices \u201cas soon as possible.\u201d", "id": 1356790, "language": "en-US", "link": "https://www.forbes.com/sites/zakdoffman/2024/10/20/microsoft-security-warning-for-apple-macbook-users-asmacbook-pro-m4-nearly-here", "manual_status_code": 0, "page_rating": 27, "page_rating_contents": 86, "page_rating_visits": 0, "page_rating_votes": 0, "permanent": false, "source__id": 117, "source_url": "https://www.forbes.com/innovation/feed2", "status_code": 0, "tags": [], "thumbnail": "https://imageio.forbes.com/specials-images/imageserve/6714fad0261144d0d74bd70d/0x0.jpg?width=960", "title": "Microsoft Warns Millions Of Apple Users\u2014Update Now To Stop Dangerous Hacking Threat", "vote": 0}, {"age": null, "album": "", "artist": null, "bookmarked": false, "comments": [], "date_published": "2024-10-20T08:56:46+00:00", "description": "New research reveals how flirtation can drive a wedge between even the strongest of couples. Here\u2019s why, even in small doses, it can sabotage a relationship. ", "id": 1356791, "language": "en-US", "link": "https://www.forbes.com/sites/traversmark/2024/10/20/2-ways-the-flirting-paradox-threatens-relationships-by-a-psychologist", "manual_status_code": 0, "page_rating": 27, "page_rating_contents": 86, "page_rating_visits": 0, "page_rating_votes": 0, "permanent": false, "source__id": 117, "source_url": "https://www.forbes.com/innovation/feed2", "status_code": 0, "tags": [], "thumbnail": "https://imageio.forbes.com/specials-images/imageserve/66c342b7100a2f35001bf4e9/0x0.jpg?width=960&precrop=1700%2C796%2Cx0%2Cy0", "title": "2 Ways The \u2018Flirting Paradox\u2019 Threatens Relationships\u2014By A Psychologist", "vote": 0}, {"age": null, "album": "", "artist": null, "bookmarked": false, "comments": [], "date_published": "2024-10-20T08:47:20+00:00", "description": "With comet C/2023 A3 (Tsuchinshan-ATLAS) visible after sunset, astronomers are reporting new \"all of nothing\" comet, called C/2024 S1 (Atlas). Here's what to know. ", "id": 1356792, "language": "en-US", "link": "https://www.forbes.com/sites/jamiecartereurope/2024/10/20/the-truth-about-the-new-halloween-comet-that-could-shine-this-week", "manual_status_code": 0, "page_rating": 27, "page_rating_contents": 86, "page_rating_visits": 0, "page_rating_votes": 0, "permanent": false, "source__id": 117, "source_url": "https://www.forbes.com/innovation/feed2", "status_code": 0, "tags": [], "thumbnail": "https://imageio.forbes.com/specials-images/imageserve/66edb1659d2f6a7a50a8f133/0x0.jpg?width=960&precrop=3953%2C2222%2Cx0%2Cy0", "title": "The Truth About The New \u2018Halloween Comet\u2019 That Could Shine This Week", "vote": 0}, {"age": null, "album": "", "artist": null, "bookmarked": false, "comments": [], "date_published": "2024-10-20T08:34:59+00:00", "description": "Launched October 19th, 2024, the GoogleDoodle celebrates the discovery and description of Staurikosaurus, one of the oldest known theropod dinosaurs.", "id": 1356793, "language": "en-US", "link": "https://www.forbes.com/sites/davidbressan/2024/10/20/googledoodle-celebrates-one-of-oldest-known-dinosaurs", "manual_status_code": 0, "page_rating": 27, "page_rating_contents": 86, "page_rating_visits": 0, "page_rating_votes": 0, "permanent": false, "source__id": 117, "source_url": "https://www.forbes.com/innovation/feed2", "status_code": 0, "tags": [], "thumbnail": "https://imageio.forbes.com/specials-images/imageserve/6714e8e42e57723489f50613/0x0.jpg?width=960", "title": "GoogleDoodle Celebrates One Of Oldest Known Dinosaurs", "vote": 0}, {"age": null, "album": "", "artist": null, "bookmarked": false, "comments": [], "date_published": "2024-10-20T08:00:00+00:00", "description": "Are you not entertained?", "id": 1356550, "language": "en-US", "link": "https://www.forbes.com/sites/erikkain/2024/10/20/heres-what-critics-are-saying-about-gladiator-2-ahead-of-release", "manual_status_code": 0, "page_rating": 27, "page_rating_contents": 86, "page_rating_visits": 0, "page_rating_votes": 0, "permanent": false, "source__id": 117, "source_url": "https://www.forbes.com/innovation/feed2", "status_code": 0, "tags": [], "thumbnail": "https://imageio.forbes.com/specials-images/imageserve/6714132cc3015fa3ab9b5f52/0x0.jpg?width=960", "title": "Here\u2019s What Critics Are Saying About \u2018Gladiator 2\u2019 Ahead Of Release", "vote": 0}, {"age": null, "album": "", "artist": null, "bookmarked": false, "comments": [], "date_published": "2024-10-20T07:00:00+00:00", "description": "With their 60mm dynamic drivers and real American Black Walnut earcups, the FiiO FT1 closed-back headphone are rather special and sound a little different.  ", "id": 1356345, "language": "en-US", "link": "https://www.forbes.com/sites/marksparrow/2024/10/20/fiios-affordable-ft1-closed-back-headphones-are-solid-performers", "manual_status_code": 0, "page_rating": 27, "page_rating_contents": 86, "page_rating_visits": 0, "page_rating_votes": 0, "permanent": false, "source__id": 117, "source_url": "https://www.forbes.com/innovation/feed2", "status_code": 0, "tags": [], "thumbnail": "https://imageio.forbes.com/specials-images/imageserve/670e8974786907db1fc6dda5/0x0.jpg?width=960", "title": "FiiO\u2019s Affordable FT1 Closed-Back Headphones Are Solid Performers", "vote": 0}, {"age": null, "album": "", "artist": null, "bookmarked": false, "comments": [], "date_published": "2024-10-20T06:19:49+00:00", "description": "Government issues emergency update warning for all Windows users, with existing security fixes likely \u201cinsufficient.\u201d", "id": 1356346, "language": "en-US", "link": "https://www.forbes.com/sites/zakdoffman/2024/10/20/microsoft-warning-for-14-billion-windows-10-windows-11-users-get-free-upgrade", "manual_status_code": 0, "page_rating": 27, "page_rating_contents": 86, "page_rating_visits": 0, "page_rating_votes": 0, "permanent": false, "source__id": 117, "source_url": "https://www.forbes.com/innovation/feed2", "status_code": 0, "tags": [], "thumbnail": "https://imageio.forbes.com/specials-images/imageserve/66cd8ee9b5b1fd02b236a1b3/0x0.jpg?width=960&precrop=957%2C559%2Cx1240%2Cy470", "title": "Microsoft Windows Deadline\u201410 Days To Update Or Stop Using Your PC", "vote": 0}, {"age": null, "album": "", "artist": null, "bookmarked": false, "comments": [], "date_published": "2024-10-20T05:00:00+00:00", "description": "Solar Foods is the best-known producer of protein using microbes and CO2. But there are hurdles to regulation of novel foods in the EU, where the company is based.", "id": 1356148, "language": "en-US", "link": "https://www.forbes.com/sites/christinero/2024/10/20/protein-from-air-has-a-complex-path-to-eu-approval", "manual_status_code": 0, "page_rating": 27, "page_rating_contents": 86, "page_rating_visits": 0, "page_rating_votes": 0, "permanent": false, "source__id": 117, "source_url": "https://www.forbes.com/innovation/feed2", "status_code": 0, "tags": [], "thumbnail": "https://imageio.forbes.com/specials-images/imageserve/6713737c0da9819405c0362d/0x0.jpg?width=960", "title": "Protein From Air Has A Complex Path To EU Approval", "vote": 0}, {"age": null, "album": "", "artist": null, "bookmarked": false, "comments": [], "date_published": "2024-10-20T04:45:00+00:00", "description": "The UK and Chile are proposing at the UN\u2019s biodiversity conference COP16 in Colombia that fungi receive the same status to animals and plants. This could help foster and funding research.", "id": 1355982, "language": "en-US", "link": "https://www.forbes.com/sites/danieladelorenzo/2024/10/20/why-fungi-could-get-the-status-of-kingdom-and-why-it-matters", "manual_status_code": 0, "page_rating": 27, "page_rating_contents": 86, "page_rating_visits": 0, "page_rating_votes": 0, "permanent": false, "source__id": 117, "source_url": "https://www.forbes.com/innovation/feed2", "status_code": 0, "tags": [], "thumbnail": "https://imageio.forbes.com/specials-images/imageserve/6712c8d55e4aef32217afe15/0x0.jpg?width=960", "title": "Why Fungi Could Get The Status Of \u2018Kingdom\u2019 And Why It Matters", "vote": 0}, {"age": null, "album": "", "artist": null, "bookmarked": false, "comments": [], "date_published": "2024-10-20T04:00:00+00:00", "description": "All but two of the fights at UFC Vegas 99 went the distance. Usually, when that happens, it is easy to determine which fighters will receive a performance bonus. ", "id": 1355983, "language": "en-US", "link": "https://www.forbes.com/sites/brianmazique/2024/10/20/ufc-fighter-denied-a-bonus-after-grossly-missing-weight", "manual_status_code": 0, "page_rating": 27, "page_rating_contents": 86, "page_rating_visits": 0, "page_rating_votes": 0, "permanent": false, "source__id": 117, "source_url": "https://www.forbes.com/innovation/feed2", "status_code": 0, "tags": [], "thumbnail": "https://imageio.forbes.com/specials-images/imageserve/67148c65d06caa864ef869b3/0x0.jpg?width=960&precrop=1983%2C1114%2Cx0%2Cy0", "title": "UFC Fighter Denied A Bonus After Grossly Missing Weight", "vote": 0}, {"age": null, "album": "", "artist": null, "bookmarked": false, "comments": [], "date_published": "2024-10-20T02:30:00+00:00", "description": "Conor McGregor placed a huge bet against Francis Ngannou on Saturday night, but things didn't go his way as The Predator made his triumphant return to MMA.", "id": 1355712, "language": "en-US", "link": "https://www.forbes.com/sites/brianmazique/2024/10/20/conor-mcgregor-loses-big-in-failed-bet-against-former-ufc-champion", "manual_status_code": 0, "page_rating": 27, "page_rating_contents": 86, "page_rating_visits": 0, "page_rating_votes": 0, "permanent": false, "source__id": 117, "source_url": "https://www.forbes.com/innovation/feed2", "status_code": 0, "tags": [], "thumbnail": "https://imageio.forbes.com/specials-images/imageserve/66f22760c33363d77c94643d/0x0.jpg?width=960&precrop=2079%2C1169%2Cx547%2Cy176", "title": "Conor McGregor Loses Big In Failed Bet Against Former UFC Champion", "vote": 0}, {"age": null, "album": "", "artist": null, "bookmarked": false, "comments": [], "date_published": "2024-10-20T02:22:42+00:00", "description": "Generative AI being boosted via improving the logic used to solve problems. A new technique Thought Preference Optimization shows insightful advances. Here's the scoop.", "id": 1355713, "language": "en-US", "link": "https://www.forbes.com/sites/lanceeliot/2024/10/20/improving-generative-ai-thought-patterns-to-deliver-smarter-results-via-metas-thought-preference-optimization", "manual_status_code": 0, "page_rating": 27, "page_rating_contents": 86, "page_rating_visits": 0, "page_rating_votes": 0, "permanent": false, "source__id": 117, "source_url": "https://www.forbes.com/innovation/feed2", "status_code": 0, "tags": [], "thumbnail": "https://imageio.forbes.com/specials-images/imageserve/67142ebe11368452de010d5c/0x0.jpg?width=960&precrop=2893%2C2170%2Cx180%2Cy0", "title": "Improving Generative AI Thought Patterns To Deliver Smarter Results Via Meta\u2019s Thought Preference Optimization", "vote": 0}, {"age": null, "album": "", "artist": null, "bookmarked": false, "comments": [], "date_published": "2024-10-20T00:30:00+00:00", "description": "How, when, and where to look to see Comet C/2023 A3 (Tsuchinshan-ATLAS) after sunset this Sunday, Oct. 20, with sky charts, before it gradually fades from view. ", "id": 1355445, "language": "en-US", "link": "https://www.forbes.com/sites/jamiecartereurope/2024/10/20/comet-tracker-for-sunday-when-and-where-to-see-it-tonight", "manual_status_code": 0, "page_rating": 27, "page_rating_contents": 86, "page_rating_visits": 0, "page_rating_votes": 0, "permanent": false, "source__id": 117, "source_url": "https://www.forbes.com/innovation/feed2", "status_code": 0, "tags": [], "thumbnail": "https://imageio.forbes.com/specials-images/imageserve/670a6b1225731cb8ac4a0bd0/0x0.jpg?width=960&precrop=1368%2C768%2Cx0%2Cy0", "title": "Comet Tracker Tonight: Sunday Is Your Last Chance \u2014 Don\u2019t Miss It", "vote": 0}, {"age": null, "album": "", "artist": null, "bookmarked": false, "comments": [], "date_published": "2024-10-20T00:07:46+00:00", "description": "Bakhram Murtazaliev scored the biggest upset in boxing this weekend with a huge TKO win over Tim Tszyu. It wasn't even close as the Russian dropped Tszyu four times.", "id": 1355446, "language": "en-US", "link": "https://www.forbes.com/sites/brianmazique/2024/10/20/bakhram-murtazaliev-shockingly-upsets-tim-tszyu-with-savage-tko", "manual_status_code": 0, "page_rating": 27, "page_rating_contents": 86, "page_rating_visits": 0, "page_rating_votes": 0, "permanent": false, "source__id": 117, "source_url": "https://www.forbes.com/innovation/feed2", "status_code": 0, "tags": [], "thumbnail": "https://imageio.forbes.com/specials-images/imageserve/671476304399d84cc333bb33/0x0.jpg?width=960&precrop=2671%2C1503%2Cx0%2Cy4", "title": "Bakhram Murtazaliev Shockingly Upsets Tim Tszyu With Savage TKO", "vote": 0}, {"age": null, "album": "", "artist": null, "bookmarked": false, "comments": [], "date_published": "2024-10-20T00:07:00+00:00", "description": "Catch declines of up to a staggering 95% over the past decade shows the grave threat looming over their existence.", "id": 1355447, "language": "en-US", "link": "https://www.forbes.com/sites/melissacristinamarquez/2024/10/20/insights-from-indias-fishing-harbours-on-the-plight-of-rhino-rays", "manual_status_code": 0, "page_rating": 27, "page_rating_contents": 86, "page_rating_visits": 0, "page_rating_votes": 0, "permanent": false, "source__id": 117, "source_url": "https://www.forbes.com/innovation/feed2", "status_code": 0, "tags": [], "thumbnail": "https://imageio.forbes.com/specials-images/imageserve/65f923358dfd7d15a511cb12/0x0.jpg?width=960", "title": "Insights From India\u2019s Fishing Harbours On The Plight Of Rhino Rays", "vote": 0}]