[{"age": null, "album": "", "artist": null, "bookmarked": false, "comments": [], "date_published": "2024-10-20T21:35:50+00:00", "description": "Colleagues remember Marcelo Perez as outspoken champion of Indigenous, labour rights in Mexican state of Chiapas.", "id": 1358627, "language": "en-US", "link": "https://www.aljazeera.com/news/2024/10/20/priest-shot-dead-in-southern-mexico-after-leaving-sunday-service?traffic_source=rss", "manual_status_code": 0, "page_rating": 27, "page_rating_contents": 86, "page_rating_visits": 0, "page_rating_votes": 0, "permanent": false, "source__id": 14, "source_url": "https://www.aljazeera.com/xml/rss/all.xml", "status_code": 0, "tags": [], "thumbnail": null, "title": "Priest shot dead in southern Mexico after leaving Sunday service", "vote": 0}, {"age": null, "album": "", "artist": null, "bookmarked": false, "comments": [], "date_published": "2024-10-20T20:34:51+00:00", "description": "UNIFIL says Israeli forces &#039;deliberately&#039; damaged one of its positions in southern Lebanon.", "id": 1358441, "language": "en-US", "link": "https://www.aljazeera.com/news/2024/10/20/israel-demolished-watchtower-in-latest-attack-on-un-lebanon-peacekeepers?traffic_source=rss", "manual_status_code": 0, "page_rating": 27, "page_rating_contents": 86, "page_rating_visits": 0, "page_rating_votes": 0, "permanent": false, "source__id": 14, "source_url": "https://www.aljazeera.com/xml/rss/all.xml", "status_code": 0, "tags": [], "thumbnail": null, "title": "Israel \u2018demolished\u2019 watchtower in latest attack on UN Lebanon peacekeepers", "vote": 0}, {"age": null, "album": "", "artist": null, "bookmarked": false, "comments": [], "date_published": "2024-10-20T19:58:15+00:00", "description": "Forty-four countries have been declared malaria free, but there were still 249 million cases in 2022. ", "id": 1358243, "language": "en-US", "link": "https://www.aljazeera.com/news/2024/10/20/historic-egypt-declared-malaria-free-by-the-world-health-organization?traffic_source=rss", "manual_status_code": 0, "page_rating": 27, "page_rating_contents": 86, "page_rating_visits": 0, "page_rating_votes": 0, "permanent": false, "source__id": 14, "source_url": "https://www.aljazeera.com/xml/rss/all.xml", "status_code": 0, "tags": [], "thumbnail": null, "title": "\u2018Historic\u2019: Egypt declared malaria free by the World Health Organization", "vote": 0}, {"age": null, "album": "", "artist": null, "bookmarked": false, "comments": [], "date_published": "2024-10-20T19:42:11+00:00", "description": "Plan to give $1m per day until November 5 election could violate law against using cash to induce voting, experts say.", "id": 1358244, "language": "en-US", "link": "https://www.aljazeera.com/news/2024/10/20/us-election-legal-experts-question-elon-musks-planned-cash-giveaways?traffic_source=rss", "manual_status_code": 0, "page_rating": 27, "page_rating_contents": 86, "page_rating_visits": 0, "page_rating_votes": 0, "permanent": false, "source__id": 14, "source_url": "https://www.aljazeera.com/xml/rss/all.xml", "status_code": 0, "tags": [], "thumbnail": null, "title": "US election: Legal experts question Elon Musk\u2019s planned cash giveaways", "vote": 0}, {"age": null, "album": "", "artist": null, "bookmarked": false, "comments": [], "date_published": "2024-10-20T19:30:08+00:00", "description": "Israel has intensified attacks across Lebanon, leaving cities and villages devastated.  ", "id": 1358245, "language": "en-US", "link": "https://www.aljazeera.com/news/2024/10/20/gallant-says-israel-destroying-hezbollah-as-bombing-of-lebanon-escalates?traffic_source=rss", "manual_status_code": 0, "page_rating": 27, "page_rating_contents": 86, "page_rating_visits": 0, "page_rating_votes": 0, "permanent": false, "source__id": 14, "source_url": "https://www.aljazeera.com/xml/rss/all.xml", "status_code": 0, "tags": [], "thumbnail": null, "title": "Gallant says Israel \u2018destroying\u2019 Hezbollah as bombing of Lebanon escalates", "vote": 0}, {"age": null, "album": "", "artist": null, "bookmarked": false, "comments": [], "date_published": "2024-10-20T18:36:35+00:00", "description": "Sanjay Kumar Verma, who is being expelled from Canada, says had &#039;nothing at all&#039; to do with Hardeep Singh Nijjar murder.", "id": 1357974, "language": "en-US", "link": "https://www.aljazeera.com/news/2024/10/20/indias-envoy-to-canada-rejects-involvement-in-sikh-activists-killing?traffic_source=rss", "manual_status_code": 0, "page_rating": 27, "page_rating_contents": 86, "page_rating_visits": 0, "page_rating_votes": 0, "permanent": false, "source__id": 14, "source_url": "https://www.aljazeera.com/xml/rss/all.xml", "status_code": 0, "tags": [], "thumbnail": null, "title": "India\u2019s envoy to Canada rejects involvement in Sikh activist\u2019s killing", "vote": 0}, {"age": null, "album": "", "artist": null, "bookmarked": false, "comments": [], "date_published": "2024-10-20T17:37:22+00:00", "description": "EU froze accession talks after Georgia government passed controversial &#039;foreign influence law&#039; earlier this year.", "id": 1357775, "language": "en-US", "link": "https://www.aljazeera.com/news/2024/10/20/georgians-rally-in-support-of-eu-membership-ahead-of-elections?traffic_source=rss", "manual_status_code": 0, "page_rating": 27, "page_rating_contents": 86, "page_rating_visits": 0, "page_rating_votes": 0, "permanent": false, "source__id": 14, "source_url": "https://www.aljazeera.com/xml/rss/all.xml", "status_code": 0, "tags": [], "thumbnail": null, "title": "Georgians rally in support of EU membership ahead of elections", "vote": 0}, {"age": null, "album": "", "artist": null, "bookmarked": false, "comments": [], "date_published": "2024-10-20T17:25:34+00:00", "description": "US economist Richard Wolff weighs in on BRICS, the systemic problems of the US economy, and the future of Israel.", "id": 1357776, "language": "en-US", "link": "https://www.aljazeera.com/program/the-bottom-line/2024/10/20/are-brics-countries-already-challenging-the-us-led-world-order?traffic_source=rss", "manual_status_code": 0, "page_rating": 27, "page_rating_contents": 86, "page_rating_visits": 0, "page_rating_votes": 0, "permanent": false, "source__id": 14, "source_url": "https://www.aljazeera.com/xml/rss/all.xml", "status_code": 0, "tags": [], "thumbnail": null, "title": "Are BRICS countries already challenging the US-led world order?", "vote": 0}, {"age": null, "album": "", "artist": null, "bookmarked": false, "comments": [], "date_published": "2024-10-20T17:19:35+00:00", "description": "The reported defection comes as Sudan&#039;s army attempts to push back its former ally, the paramilitary RSF. ", "id": 1357777, "language": "en-US", "link": "https://www.aljazeera.com/news/2024/10/20/sudans-army-claims-first-defection-of-senior-rsf-commander?traffic_source=rss", "manual_status_code": 0, "page_rating": 27, "page_rating_contents": 86, "page_rating_visits": 0, "page_rating_votes": 0, "permanent": false, "source__id": 14, "source_url": "https://www.aljazeera.com/xml/rss/all.xml", "status_code": 0, "tags": [], "thumbnail": null, "title": "Sudan\u2019s army claims first defection of senior RSF commander", "vote": 0}, {"age": null, "album": "", "artist": null, "bookmarked": false, "comments": [], "date_published": "2024-10-20T17:07:27+00:00", "description": "Democrats hold a slim majority in Congress&#039;s upper chamber. But that lead could erode with 34 Senate seats up for grabs.", "id": 1357778, "language": "en-US", "link": "https://www.aljazeera.com/news/2024/10/20/us-election-the-2024-senate-races-that-could-decide-party-control?traffic_source=rss", "manual_status_code": 0, "page_rating": 27, "page_rating_contents": 86, "page_rating_visits": 0, "page_rating_votes": 0, "permanent": false, "source__id": 14, "source_url": "https://www.aljazeera.com/xml/rss/all.xml", "status_code": 0, "tags": [], "thumbnail": null, "title": "Could the US Senate flip to the right? Eight races to watch this election", "vote": 0}, {"age": null, "album": "", "artist": null, "bookmarked": false, "comments": [], "date_published": "2024-10-20T16:36:20+00:00", "description": "Donald Trump chartered a 727 for Nelson Mandela&#039;s 1990 trip to the US. But it wasn\u2019t a gift.", "id": 1357553, "language": "en-US", "link": "https://www.aljazeera.com/features/2024/10/20/mandela-travelled-on-trumps-plane-in-1990-who-paid-for-it?traffic_source=rss", "manual_status_code": 0, "page_rating": 27, "page_rating_contents": 86, "page_rating_visits": 0, "page_rating_votes": 0, "permanent": false, "source__id": 14, "source_url": "https://www.aljazeera.com/xml/rss/all.xml", "status_code": 0, "tags": [], "thumbnail": null, "title": "Mandela travelled on Trump\u2019s plane in 1990: Who paid for it?", "vote": 0}, {"age": null, "album": "", "artist": null, "bookmarked": false, "comments": [], "date_published": "2024-10-20T16:04:27+00:00", "description": "Kyiv has also struck storage infrastructure at a military airfield, in a rare aerial attack on Russia.", "id": 1357554, "language": "en-US", "link": "https://www.aljazeera.com/news/2024/10/20/ukraine-strikes-key-russian-explosives-manufacturer-general-staff-says?traffic_source=rss", "manual_status_code": 0, "page_rating": 27, "page_rating_contents": 86, "page_rating_visits": 0, "page_rating_votes": 0, "permanent": false, "source__id": 14, "source_url": "https://www.aljazeera.com/xml/rss/all.xml", "status_code": 0, "tags": [], "thumbnail": null, "title": "Ukraine strikes key Russian explosives manufacturer, general staff says", "vote": 0}, {"age": null, "album": "", "artist": null, "bookmarked": false, "comments": [], "date_published": "2024-10-20T13:47:38+00:00", "description": "The Israeli army has released footage showing dozens of Palestinians being rounded up in besieged northern Gaza.", "id": 1357111, "language": "en-US", "link": "https://www.aljazeera.com/program/newsfeed/2024/10/20/israel-releases-footage-of-its-military-rounding-up-palestinians-in-gaza?traffic_source=rss", "manual_status_code": 0, "page_rating": 27, "page_rating_contents": 86, "page_rating_visits": 0, "page_rating_votes": 0, "permanent": false, "source__id": 14, "source_url": "https://www.aljazeera.com/xml/rss/all.xml", "status_code": 0, "tags": [], "thumbnail": null, "title": "Israel releases footage of its military rounding up Palestinians in Gaza", "vote": 0}, {"age": null, "album": "", "artist": null, "bookmarked": false, "comments": [], "date_published": "2024-10-20T12:55:30+00:00", "description": "Video shows the moment a multi-storey building collapses in Kenya\u2019s capital, Nairobi. ", "id": 1356884, "language": "en-US", "link": "https://www.aljazeera.com/program/newsfeed/2024/10/20/video-see-the-moment-a-seven-storey-building-collapses-in-nairobi-kenya?traffic_source=rss", "manual_status_code": 0, "page_rating": 27, "page_rating_contents": 86, "page_rating_visits": 0, "page_rating_votes": 0, "permanent": false, "source__id": 14, "source_url": "https://www.aljazeera.com/xml/rss/all.xml", "status_code": 0, "tags": [], "thumbnail": null, "title": "Video: See the moment a seven-storey building collapses in Nairobi, Kenya", "vote": 0}, {"age": null, "album": "", "artist": null, "bookmarked": false, "comments": [], "date_published": "2024-10-20T12:52:35+00:00", "description": "Prosecutors said accused exchanged information with a member of ISIL and was planning to use firearms in his assault.", "id": 1356885, "language": "en-US", "link": "https://www.aljazeera.com/news/2024/10/20/libyan-arrested-in-germany-on-suspicion-of-planning-israeli-embassy-attack?traffic_source=rss", "manual_status_code": 0, "page_rating": 27, "page_rating_contents": 86, "page_rating_visits": 0, "page_rating_votes": 0, "permanent": false, "source__id": 14, "source_url": "https://www.aljazeera.com/xml/rss/all.xml", "status_code": 0, "tags": [], "thumbnail": null, "title": "Libyan arrested in Germany on suspicion of planning Israeli embassy attack", "vote": 0}, {"age": null, "album": "", "artist": null, "bookmarked": false, "comments": [], "date_published": "2024-10-20T12:24:11+00:00", "description": "The Black South African singer defied the odds to become a household name in the US. Then she was cancelled.", "id": 1356886, "language": "en-US", "link": "https://www.aljazeera.com/features/2024/10/20/why-shouldnt-power-be-black-how-miriam-makeba-won-and-lost-the-us?traffic_source=rss", "manual_status_code": 0, "page_rating": 27, "page_rating_contents": 86, "page_rating_visits": 0, "page_rating_votes": 0, "permanent": false, "source__id": 14, "source_url": "https://www.aljazeera.com/xml/rss/all.xml", "status_code": 0, "tags": [], "thumbnail": null, "title": "\u2018Why shouldn\u2019t power be Black\u2019? How Miriam Makeba won and lost the US", "vote": 0}, {"age": null, "album": "", "artist": null, "bookmarked": false, "comments": [], "date_published": "2024-10-20T12:03:12+00:00", "description": "An Israeli air strike hit a residential block killing close to 100 Palestinians while they slept in Beit Lahiya. ", "id": 1356640, "language": "en-US", "link": "https://www.aljazeera.com/program/newsfeed/2024/10/20/israeli-massacre-in-north-gazas-beit-lahiya?traffic_source=rss", "manual_status_code": 0, "page_rating": 27, "page_rating_contents": 86, "page_rating_visits": 0, "page_rating_votes": 0, "permanent": false, "source__id": 14, "source_url": "https://www.aljazeera.com/xml/rss/all.xml", "status_code": 0, "tags": [], "thumbnail": null, "title": "Israeli massacre in north Gaza\u2019s Beit Lahiya", "vote": 0}, {"age": null, "album": "", "artist": null, "bookmarked": false, "comments": [], "date_published": "2024-10-20T11:54:43+00:00", "description": "Video shows the shocking moment a crowd of Palestinians are attacked as they try to help a badly wounded person.", "id": 1356641, "language": "en-US", "link": "https://www.aljazeera.com/program/newsfeed/2024/10/20/crowd-of-palestinians-helping-shredded-child-come-under-attack-in-gaza?traffic_source=rss", "manual_status_code": 0, "page_rating": 27, "page_rating_contents": 86, "page_rating_visits": 0, "page_rating_votes": 0, "permanent": false, "source__id": 14, "source_url": "https://www.aljazeera.com/xml/rss/all.xml", "status_code": 0, "tags": [], "thumbnail": null, "title": "Crowd of Palestinians helping \u2018shredded child\u2019 come under attack in Gaza", "vote": 0}, {"age": null, "album": "", "artist": null, "bookmarked": false, "comments": [], "date_published": "2024-10-20T11:29:28+00:00", "description": "The use of Palestinian civilians as \u2018human baits\u2019 in Gaza demonstrates how racism informs Israel\u2019s warfare practices.", "id": 1356642, "language": "en-US", "link": "https://www.aljazeera.com/opinions/2024/10/20/israel-has-taken-human-shields-to-a-whole-new-criminal-level?traffic_source=rss", "manual_status_code": 0, "page_rating": 27, "page_rating_contents": 86, "page_rating_visits": 0, "page_rating_votes": 0, "permanent": false, "source__id": 14, "source_url": "https://www.aljazeera.com/xml/rss/all.xml", "status_code": 0, "tags": [], "thumbnail": null, "title": "Israel has taken human shields to a whole new criminal level", "vote": 0}, {"age": null, "album": "", "artist": null, "bookmarked": false, "comments": [], "date_published": "2024-10-20T11:18:49+00:00", "description": "The storm is forecast to reach eastern Cuba on Sunday, bringing heavy rains, while millions remain without electricity.", "id": 1356643, "language": "en-US", "link": "https://www.aljazeera.com/news/2024/10/20/hurricane-oscar-barrels-towards-cuba-amid-crippling-power-outage?traffic_source=rss", "manual_status_code": 0, "page_rating": 27, "page_rating_contents": 86, "page_rating_visits": 0, "page_rating_votes": 0, "permanent": false, "source__id": 14, "source_url": "https://www.aljazeera.com/xml/rss/all.xml", "status_code": 0, "tags": [], "thumbnail": null, "title": "Hurricane Oscar barrels towards Cuba amid crippling power outage", "vote": 0}, {"age": null, "album": "", "artist": null, "bookmarked": false, "comments": [], "date_published": "2024-10-20T10:57:37+00:00", "description": "Star footballer returns to training and travels with Saudi Pro League club Al Hilal before Champions AFC League match.", "id": 1356445, "language": "en-US", "link": "https://www.aljazeera.com/sports/2024/10/20/brazils-neymar-set-to-return-to-al-hilal-after-long-injury-layoff?traffic_source=rss", "manual_status_code": 0, "page_rating": 27, "page_rating_contents": 86, "page_rating_visits": 0, "page_rating_votes": 0, "permanent": false, "source__id": 14, "source_url": "https://www.aljazeera.com/xml/rss/all.xml", "status_code": 0, "tags": [], "thumbnail": null, "title": "Brazil\u2019s Neymar set to return for Al Hilal after long injury layoff", "vote": 0}, {"age": null, "album": "", "artist": null, "bookmarked": false, "comments": [], "date_published": "2024-10-20T10:45:06+00:00", "description": "The Israeli PM has seized every opportunity to expand the fighting, and to sink any possible ceasefires.", "id": 1356446, "language": "en-US", "link": "https://www.aljazeera.com/news/2024/10/20/why-netanyahu-wont-let-israel-stop-fighting-after-killing-hamass-sinwar?traffic_source=rss", "manual_status_code": 0, "page_rating": 27, "page_rating_contents": 86, "page_rating_visits": 0, "page_rating_votes": 0, "permanent": false, "source__id": 14, "source_url": "https://www.aljazeera.com/xml/rss/all.xml", "status_code": 0, "tags": [], "thumbnail": null, "title": "Why Netanyahu won\u2019t let Israel stop fighting after killing Hamas\u2019s Sinwar", "vote": 0}, {"age": null, "album": "", "artist": null, "bookmarked": false, "comments": [], "date_published": "2024-10-20T09:56:42+00:00", "description": "As war in Ukraine rages, twin votes will determine if ex-Soviet republic leaves Russia&#039;s orbit and moves towards West.", "id": 1356210, "language": "en-US", "link": "https://www.aljazeera.com/news/2024/10/20/moldova-votes-for-president-eu-path-amid-russian-interference-allegations?traffic_source=rss", "manual_status_code": 0, "page_rating": 27, "page_rating_contents": 86, "page_rating_visits": 0, "page_rating_votes": 0, "permanent": false, "source__id": 14, "source_url": "https://www.aljazeera.com/xml/rss/all.xml", "status_code": 0, "tags": [], "thumbnail": null, "title": "Moldova votes for president, EU path amid Russian interference allegations", "vote": 0}, {"age": null, "album": "", "artist": null, "bookmarked": false, "comments": [], "date_published": "2024-10-20T09:17:50+00:00", "description": "Tearful Ngannou dedicates his comprehensive heavyweight title win to the memory of his late 15-month-old son Kobe.", "id": 1356211, "language": "en-US", "link": "https://www.aljazeera.com/gallery/2024/10/20/cameroons-francis-ngannou-knocks-out-renan-ferreira-in-mma-return?traffic_source=rss", "manual_status_code": 0, "page_rating": 27, "page_rating_contents": 86, "page_rating_visits": 0, "page_rating_votes": 0, "permanent": false, "source__id": 14, "source_url": "https://www.aljazeera.com/xml/rss/all.xml", "status_code": 0, "tags": [], "thumbnail": null, "title": "Cameroon\u2019s Francis Ngannou knocks out Renan Ferreira in MMA return", "vote": 0}, {"age": null, "album": "", "artist": null, "bookmarked": false, "comments": [], "date_published": "2024-10-20T09:12:43+00:00", "description": "Former general won the February presidential race with nearly 60 percent of the vote to succeed Joko Widodo.", "id": 1356212, "language": "en-US", "link": "https://www.aljazeera.com/news/2024/10/20/prabowo-vows-to-fight-corruption-as-he-is-sworn-in-as-indonesias-president?traffic_source=rss", "manual_status_code": 0, "page_rating": 27, "page_rating_contents": 86, "page_rating_visits": 0, "page_rating_votes": 0, "permanent": false, "source__id": 14, "source_url": "https://www.aljazeera.com/xml/rss/all.xml", "status_code": 0, "tags": [], "thumbnail": null, "title": "Prabowo vows to fight corruption as he is sworn in as Indonesia\u2019s president", "vote": 0}, {"age": null, "album": "", "artist": null, "bookmarked": false, "comments": [], "date_published": "2024-10-20T08:17:06+00:00", "description": "A team of engineers and construction specialists will begin an investigation into why the gangway collapsed.", "id": 1356043, "language": "en-US", "link": "https://www.aljazeera.com/news/2024/10/20/several-killed-as-ferry-dock-collapses-on-us-atlantic-coast-off-georgia?traffic_source=rss", "manual_status_code": 0, "page_rating": 27, "page_rating_contents": 86, "page_rating_visits": 0, "page_rating_votes": 0, "permanent": false, "source__id": 14, "source_url": "https://www.aljazeera.com/xml/rss/all.xml", "status_code": 0, "tags": [], "thumbnail": null, "title": "Seven killed as ferry dock collapses on US Atlantic coast off Georgia", "vote": 0}, {"age": null, "album": "", "artist": null, "bookmarked": false, "comments": [], "date_published": "2024-10-20T07:41:19+00:00", "description": "Bereaved parents, doctors, aid workers and former US officials describe the human toll of Israel&#039;s restrictions on aid.", "id": 1355891, "language": "en-US", "link": "https://www.aljazeera.com/features/longform/2024/10/20/starving-since-the-day-he-was-born-how-famine-stalks-gazas-children?traffic_source=rss", "manual_status_code": 0, "page_rating": 27, "page_rating_contents": 86, "page_rating_visits": 0, "page_rating_votes": 0, "permanent": false, "source__id": 14, "source_url": "https://www.aljazeera.com/xml/rss/all.xml", "status_code": 0, "tags": [], "thumbnail": null, "title": "Starving since the day he was born: How famine stalks Gaza\u2019s children", "vote": 0}, {"age": null, "album": "", "artist": null, "bookmarked": false, "comments": [], "date_published": "2024-10-20T07:40:53+00:00", "description": "Rachin Ravindra and Will Young guide Black Caps home on fifth day of the rain-hit first Test in Bengaluru.", "id": 1355892, "language": "en-US", "link": "https://www.aljazeera.com/sports/2024/10/20/india-vs-new-zealand-black-caps-record-first-test-win-in-india-since-1988?traffic_source=rss", "manual_status_code": 0, "page_rating": 27, "page_rating_contents": 86, "page_rating_visits": 0, "page_rating_votes": 0, "permanent": false, "source__id": 14, "source_url": "https://www.aljazeera.com/xml/rss/all.xml", "status_code": 0, "tags": [], "thumbnail": null, "title": "India vs New Zealand: Black Caps record first Test win in India since 1988", "vote": 0}, {"age": null, "album": "", "artist": null, "bookmarked": false, "comments": [], "date_published": "2024-10-20T07:37:29+00:00", "description": "Attack levels a multistorey residential building, with many people trapped under the rubble and rescue efforts hampered.", "id": 1355893, "language": "en-US", "link": "https://www.aljazeera.com/news/2024/10/20/dozens-killed-in-israeli-strike-in-northern-gazas-beit-lahiya?traffic_source=rss", "manual_status_code": 0, "page_rating": 27, "page_rating_contents": 86, "page_rating_visits": 0, "page_rating_votes": 0, "permanent": false, "source__id": 14, "source_url": "https://www.aljazeera.com/xml/rss/all.xml", "status_code": 0, "tags": [], "thumbnail": null, "title": "At least 73 killed in Israeli strike in northern Gaza\u2019s Beit Lahiya", "vote": 0}, {"age": null, "album": "", "artist": null, "bookmarked": false, "comments": [], "date_published": "2024-10-20T07:28:12+00:00", "description": "Bedouins lived in Wadi as-Seeq for 50 years. After October 7, they were forced out of their homes. ", "id": 1355894, "language": "en-US", "link": "https://www.aljazeera.com/features/longform/2024/10/20/no-other-land-palestinian-bedouins-forced-out-under-cover-of-gaza-war?traffic_source=rss", "manual_status_code": 0, "page_rating": 27, "page_rating_contents": 86, "page_rating_visits": 0, "page_rating_votes": 0, "permanent": false, "source__id": 14, "source_url": "https://www.aljazeera.com/xml/rss/all.xml", "status_code": 0, "tags": [], "thumbnail": null, "title": "\u2018No other land\u2019: Palestinian Bedouins forced out under cover of Gaza war", "vote": 0}, {"age": null, "album": "", "artist": null, "bookmarked": false, "comments": [], "date_published": "2024-10-20T07:13:51+00:00", "description": "Marquez overcomes a drop outside the top 10 to battle his way back in front and win his third race of the season.", "id": 1355895, "language": "en-US", "link": "https://www.aljazeera.com/sports/2024/10/20/marc-marquez-wins-australian-motogp-after-epic-battle-with-jorge-martin?traffic_source=rss", "manual_status_code": 0, "page_rating": 27, "page_rating_contents": 86, "page_rating_visits": 0, "page_rating_votes": 0, "permanent": false, "source__id": 14, "source_url": "https://www.aljazeera.com/xml/rss/all.xml", "status_code": 0, "tags": [], "thumbnail": null, "title": "Marc Marquez wins Australian MotoGP after epic battle with Jorge Martin", "vote": 0}, {"age": null, "album": "", "artist": null, "bookmarked": false, "comments": [], "date_published": "2024-10-20T06:48:24+00:00", "description": "Inter Miami beat New England 6-2 to break the MLS regular season points record and seal a berth at the Club World Cup.", "id": 1355750, "language": "en-US", "link": "https://www.aljazeera.com/sports/2024/10/20/messi-scores-hat-trick-as-inter-miami-enter-club-world-cup-2025?traffic_source=rss", "manual_status_code": 0, "page_rating": 27, "page_rating_contents": 86, "page_rating_visits": 0, "page_rating_votes": 0, "permanent": false, "source__id": 14, "source_url": "https://www.aljazeera.com/xml/rss/all.xml", "status_code": 0, "tags": [], "thumbnail": null, "title": "Messi scores hat-trick as Inter Miami enter Club World Cup 2025", "vote": 0}, {"age": null, "album": "", "artist": null, "bookmarked": false, "comments": [], "date_published": "2024-10-20T06:36:06+00:00", "description": "As the war enters its 968th day, these are the main developments.", "id": 1355751, "language": "en-US", "link": "https://www.aljazeera.com/news/2024/10/20/russia-ukraine-conflict-list-of-key-events-day-968?traffic_source=rss", "manual_status_code": 0, "page_rating": 27, "page_rating_contents": 86, "page_rating_visits": 0, "page_rating_votes": 0, "permanent": false, "source__id": 14, "source_url": "https://www.aljazeera.com/xml/rss/all.xml", "status_code": 0, "tags": [], "thumbnail": null, "title": "Russia-Ukraine war: List of key events, day 968", "vote": 0}, {"age": null, "album": "", "artist": null, "bookmarked": false, "comments": [], "date_published": "2024-10-20T02:16:47+00:00", "description": "What&#039;s the latest on the race between Kamala Harris and Donald Trump? Al Jazeera breaks down the week&#039;s election news.", "id": 1355382, "language": "en-US", "link": "https://www.aljazeera.com/news/2024/10/20/state-of-the-race-five-takeaways-seventeen-days-out-from-us-election?traffic_source=rss", "manual_status_code": 0, "page_rating": 27, "page_rating_contents": 86, "page_rating_visits": 0, "page_rating_votes": 0, "permanent": false, "source__id": 14, "source_url": "https://www.aljazeera.com/xml/rss/all.xml", "status_code": 0, "tags": [], "thumbnail": null, "title": "State of the race: Five takeaways 17 days out from the US election", "vote": 0}]