[{"age": null, "album": "", "artist": null, "bookmarked": false, "comments": [], "date_published": "2024-10-20T18:00:08+00:00", "description": "Odcinek zawiera fragment sponsorowany Orange Flex - https://bit.ly/4dVxicL\nLink do materia\u0142u z latania dronem DJI Air 3S - https://youtu.be/CpsSGRIr6KY\n\nW odcinku:\n00:00 Wst\u0119p\n01:18 Dobry wiecz\u00f3r!\n01:22 \u0179r\u00f3d\u0142a energii AI\n05:53 Jakiego smartwatcha wybra\u0107? \u2013 najta\u0144sze zegarki\n08:03 Smartwatche \u015bredniop\u00f3\u0142kowe\n09:59 REKLAMA \u2013 Orange Flex\n10:22 Smartwatche \u015bredniop\u00f3\u0142kowe cd.\n12:48 Smartwatche ULTRA\n14:11 DJI Air 3S \u2013 z Warszawy zrobi Nowy Jork\n19:27 Przegl\u0105d news\u00f3w technologicznych\n20:09 Zako\u0144czenie\n20:23 Zno\u015bnego tygodnia!", "id": 1357880, "language": null, "link": "https://www.youtube.com/watch?v=3C3FIwq_x7g", "manual_status_code": 0, "page_rating": 27, "page_rating_contents": 86, "page_rating_visits": 0, "page_rating_votes": 0, "permanent": false, "source__id": 179, "source_url": "https://www.youtube.com/feeds/videos.xml?channel_id=UCLr4hMhk_2KE0GUBSBrspGA", "status_code": 0, "tags": [], "thumbnail": "https://i4.ytimg.com/vi/3C3FIwq_x7g/hqdefault.jpg", "title": "Tech Week - Jak zrobi\u0107 z Warszawy Nowy Jork i jaki smartwatch wybra\u0107?", "vote": 0}, {"age": null, "album": "", "artist": null, "bookmarked": false, "comments": [], "date_published": "2024-10-20T14:49:27+00:00", "description": "Wystartowa\u0142em, polecia\u0142em kawa\u0142ek do przodu, a potem kawa\u0142ek do ty\u0142u. Ustawienia kamery totalnie standardowe -  4k 30 fps, \u017cadnych p\u0142askich profili. Na monta\u017cu \u017cadnych dodatkowych filtr\u00f3w. Je\u017celi wygl\u0105da kiepsko to wina konwersji youtuba (no bo nie moja przecie\u017c ;)", "id": 1357230, "language": null, "link": "https://www.youtube.com/watch?v=CpsSGRIr6KY", "manual_status_code": 0, "page_rating": 27, "page_rating_contents": 86, "page_rating_visits": 0, "page_rating_votes": 0, "permanent": false, "source__id": 179, "source_url": "https://www.youtube.com/feeds/videos.xml?channel_id=UCLr4hMhk_2KE0GUBSBrspGA", "status_code": 0, "tags": [], "thumbnail": "https://i4.ytimg.com/vi/CpsSGRIr6KY/hqdefault.jpg", "title": "Warszawa Pole Mokotowskie by DJI AIR 3S", "vote": 0}]