[{"age": null, "album": "", "artist": null, "bookmarked": false, "comments": [], "date_published": "2024-10-20T15:00:00+00:00", "description": null, "id": 1357266, "language": "en-US", "link": "https://bookriot.com/enter-to-win-100-to-bookshop-org", "manual_status_code": 0, "page_rating": 30, "page_rating_contents": 94, "page_rating_visits": 0, "page_rating_votes": 0, "permanent": false, "source__id": 30, "source_url": "https://bookriot.com/feed", "status_code": 0, "tags": [], "thumbnail": null, "title": "Enter to Win $100 to Bookshop.org!", "vote": 0}, {"age": null, "album": "", "artist": null, "bookmarked": false, "comments": [], "date_published": "2024-10-20T15:00:00+00:00", "description": "Amazon introduces the first color-screen Kindle, Taylor Swift will publish her first book, and more of the week's biggest news.", "id": 1357267, "language": "en-US", "link": "https://bookriot.com/today-in-books-october-20-2024", "manual_status_code": 0, "page_rating": 30, "page_rating_contents": 95, "page_rating_visits": 0, "page_rating_votes": 0, "permanent": false, "source__id": 30, "source_url": "https://bookriot.com/feed", "status_code": 0, "tags": [], "thumbnail": "https://s2982.pcdn.co/wp-content/uploads/2024/09/woman-reading-in-bed-1.jpg.optimal.jpg", "title": "The Week\u2019s Biggest Book News", "vote": 0}, {"age": null, "album": "", "artist": null, "bookmarked": false, "comments": [], "date_published": "2024-10-20T12:30:00+00:00", "description": "What's your favorite recent book cover?", "id": 1356794, "language": "en-US", "link": "https://bookriot.com/cover-craft-8-of-the-best-romantasy-covers", "manual_status_code": 0, "page_rating": 30, "page_rating_contents": 95, "page_rating_visits": 0, "page_rating_votes": 0, "permanent": false, "source__id": 30, "source_url": "https://bookriot.com/feed", "status_code": 0, "tags": [], "thumbnail": "https://s2982.pcdn.co/wp-content/uploads/2024/10/table.png", "title": "Cover Craft: 8 of the Best Romantasy Covers", "vote": 0}, {"age": null, "album": "", "artist": null, "bookmarked": false, "comments": [], "date_published": "2024-10-20T12:00:00+00:00", "description": "A Guide to Bookstore Customers, Award-Winning Fantasy, MId-Century Queer Romance, and More in Today's Best Book Deals", "id": 1356551, "language": "en-US", "link": "https://bookriot.com/book-riots-deals-of-the-day-for-october-20-2024", "manual_status_code": 0, "page_rating": 30, "page_rating_contents": 95, "page_rating_visits": 0, "page_rating_votes": 0, "permanent": false, "source__id": 30, "source_url": "https://bookriot.com/feed", "status_code": 0, "tags": [], "thumbnail": "https://s2982.pcdn.co/wp-content/uploads/2024/10/deals-102024.jpg.optimal.jpg", "title": "Book Riot\u2019s Deals of the Day for October 20, 2024", "vote": 0}]