[{"age": null, "album": "", "artist": null, "bookmarked": false, "comments": [], "date_published": "2024-10-20T22:49:25+00:00", "description": "Israel&#8217;s military announced Sunday it is now taking aim at the Lebanon-based Hezbollah&#8217;s financial arm and will attack a \u201clarge number of targets\u201d in Beirut and elsewhere. Explosions began in Beirut&#8217;s southern suburbs about an hour later. Evacuation warnings affected southern Beirut, the eastern Bekaa valley, and parts of southern Lebanon. The Al-Qard al-Hassan, sanctioned [&#8230;]", "id": 1358751, "language": "en-US", "link": "https://www.theepochtimes.com/world/israel-says-it-will-target-hezbollahs-financial-arm-and-begins-striking-beirut-5744705", "manual_status_code": 0, "page_rating": 27, "page_rating_contents": 86, "page_rating_visits": 0, "page_rating_votes": 0, "permanent": false, "source__id": 106, "source_url": "https://feed.theepochtimes.com/world/feed", "status_code": 0, "tags": [], "thumbnail": "https://img.theepochtimes.com/assets/uploads/2024/10/20/id5744716-Israel-strike-AP24294754460742-1080x720.jpg", "title": "Israel Says It Will Target Hezbollah\u2019s Financial Arm and Begins Striking Beirut", "vote": 0}, {"age": null, "album": "", "artist": null, "bookmarked": false, "comments": [], "date_published": "2024-10-20T20:12:39+00:00", "description": "&#8220;Deeply shocked&#8221; is how diaspora groups describe their reaction to a report that the governing Liberals may suspend regular meetings of a Commons committee dedicated to studying Canada-China relations. &#8220;We are deeply shocked by the recent proposal from members of your committee to suspend regular meetings,&#8221; said nine Hong Kong community groups in an Oct. [&#8230;]", "id": 1358252, "language": "en-US", "link": "https://www.theepochtimes.com/world/suspending-china-committee-sends-the-wrong-message-amid-interference-concerns-diaspora-groups-say-5743876", "manual_status_code": 0, "page_rating": 27, "page_rating_contents": 86, "page_rating_visits": 0, "page_rating_votes": 0, "permanent": false, "source__id": 106, "source_url": "https://feed.theepochtimes.com/world/feed", "status_code": 0, "tags": [], "thumbnail": "https://img.theepochtimes.com/assets/uploads/2022/09/19/rsz_1cp17846386-cc-700x420.jpg", "title": "Suspending China Committee \u2018Sends the Wrong Message\u2019 Amid Interference Concerns, Diaspora Groups Say", "vote": 0}, {"age": null, "album": "", "artist": null, "bookmarked": false, "comments": [], "date_published": "2024-10-20T19:24:42+00:00", "description": "The axis includes terror groups Hamas, Hezbollah, and the Houthis, as well as insurgent militia groups in Iraq, government forces in Syria, and Iran itself.", "id": 1358253, "language": "en-US", "link": "https://www.theepochtimes.com/article/backed-by-iran-axis-of-resistance-terror-groups-target-israel-5742474", "manual_status_code": 0, "page_rating": 27, "page_rating_contents": 86, "page_rating_visits": 0, "page_rating_votes": 0, "permanent": false, "source__id": 106, "source_url": "https://feed.theepochtimes.com/world/feed", "status_code": 0, "tags": [], "thumbnail": "https://img.theepochtimes.com/assets/uploads/2024/10/20/id5744667-Map-all_Israeli-counter-strikes_desktop-80-1080x720.jpg", "title": "Backed by Iran, \u2018Axis of Resistance\u2019 Terror Groups Target Israel", "vote": 0}, {"age": null, "album": "", "artist": null, "bookmarked": false, "comments": [], "date_published": "2024-10-20T18:25:52+00:00", "description": "Ottawa is unlikely to meet its pledge to cap its deficit at or below $40 billion in the previous fiscal year, as recent estimates by the Parliamentary Budget Officer (PBO) indicate that the federal government falls short of its target by 17 percent. In its Economic and Fiscal Outlook report published Oct. 17, the PBO [&#8230;]", "id": 1358005, "language": "en-US", "link": "https://www.theepochtimes.com/world/ottawa-unlikely-to-cap-deficit-below-40b-as-promised-budget-watchdog-5744561", "manual_status_code": 0, "page_rating": 27, "page_rating_contents": 86, "page_rating_visits": 0, "page_rating_votes": 0, "permanent": false, "source__id": 106, "source_url": "https://feed.theepochtimes.com/world/feed", "status_code": 0, "tags": [], "thumbnail": "https://img.theepochtimes.com/assets/uploads/2024/10/20/id5744563-CP168736360-1080x720.jpg", "title": "Ottawa Unlikely to Cap Deficit Below $40B as Promised: Budget Watchdog", "vote": 0}, {"age": null, "album": "", "artist": null, "bookmarked": false, "comments": [], "date_published": "2024-10-20T18:02:36+00:00", "description": "Forecasters expect the Bank of Canada to speed up the pace of interest rate cuts and lower its policy rate by half a percentage point this week. The central bank&#8217;s interest rate announcement on Wednesday comes after Statistics Canada reported the annual inflation rate in September tumbled to 1.6 percent \u2014 below the Bank of [&#8230;]", "id": 1358006, "language": "en-US", "link": "https://www.theepochtimes.com/world/with-inflation-below-target-boc-expected-to-deliver-supersized-rate-cut-this-week-5744601", "manual_status_code": 0, "page_rating": 27, "page_rating_contents": 86, "page_rating_visits": 0, "page_rating_votes": 0, "permanent": false, "source__id": 106, "source_url": "https://feed.theepochtimes.com/world/feed", "status_code": 0, "tags": [], "thumbnail": "https://img.theepochtimes.com/assets/uploads/2024/10/20/id5744607-fec7eeaa-8584-4541-b7b3-37d17b22b910-1080x720.jpg", "title": "With Inflation Below Target, BoC Expected to Deliver Supersized Rate Cut This Week", "vote": 0}, {"age": null, "album": "", "artist": null, "bookmarked": false, "comments": [], "date_published": "2024-10-20T17:52:02+00:00", "description": "Importers say a new online portal for collecting taxes on goods shipped into Canada is creating headaches ahead of its rollout this week, with potential implications for consumers. On Monday, the federal government&#8217;s digital platform for paying duties is set to come online in an effort to streamline the old, paper-based process that customs officials [&#8230;]", "id": 1357788, "language": "en-US", "link": "https://www.theepochtimes.com/world/importers-brace-for-launch-of-new-portal-to-collect-duties-5744597", "manual_status_code": 0, "page_rating": 27, "page_rating_contents": 86, "page_rating_visits": 0, "page_rating_votes": 0, "permanent": false, "source__id": 106, "source_url": "https://feed.theepochtimes.com/world/feed", "status_code": 0, "tags": [], "thumbnail": "https://img.theepochtimes.com/assets/uploads/2024/10/20/id5744598-1911d6df-33d4-4d29-842e-ae90118cb185-1080x720.jpg", "title": "Importers Brace for Launch of New Portal to Collect Duties", "vote": 0}, {"age": null, "album": "", "artist": null, "bookmarked": false, "comments": [], "date_published": "2024-10-20T17:35:58+00:00", "description": "Alleged members of an Indian gang and its leader have been sending shivers down the spines of members of the South Asian diaspora in Canada for years, says a city councillor in Richmond, B.C. Kash Heed said the Bishnoi gang, led by Lawrence Bishnoi, gained notoriety and instilled fear among Indian Canadians well before the [&#8230;]", "id": 1357789, "language": "en-US", "link": "https://www.theepochtimes.com/world/bishnoi-gang-experts-say-fear-of-indian-syndicate-has-existed-for-years-in-canada-5744591", "manual_status_code": 0, "page_rating": 27, "page_rating_contents": 86, "page_rating_visits": 0, "page_rating_votes": 0, "permanent": false, "source__id": 106, "source_url": "https://feed.theepochtimes.com/world/feed", "status_code": 0, "tags": [], "thumbnail": "https://img.theepochtimes.com/assets/uploads/2024/10/20/id5744592-0c5ac362-c3c6-4d3e-91ab-9f9dac9d76ec-1080x720.jpg", "title": "Bishnoi Gang: Experts Say Fear of Indian Syndicate Has Existed for Years in Canada", "vote": 0}, {"age": null, "album": "", "artist": null, "bookmarked": false, "comments": [], "date_published": "2024-10-20T16:21:09+00:00", "description": "Israel is expected to retaliate against Iran after it launched hundreds of drones and missiles at Israel earlier this month.", "id": 1357565, "language": "en-US", "link": "https://www.theepochtimes.com/us/us-probes-intelligence-leak-regarding-israels-plans-to-retaliate-against-iran-5744545", "manual_status_code": 0, "page_rating": 27, "page_rating_contents": 86, "page_rating_visits": 0, "page_rating_votes": 0, "permanent": false, "source__id": 106, "source_url": "https://feed.theepochtimes.com/world/feed", "status_code": 0, "tags": [], "thumbnail": "https://img.theepochtimes.com/assets/uploads/2024/04/07/id5623742-GettyImages-160989986-LSedit-1080x720.jpg", "title": "US Probes Intelligence Leak Regarding Israel\u2019s Plans to Retaliate Against Iran", "vote": 0}, {"age": null, "album": "", "artist": null, "bookmarked": false, "comments": [], "date_published": "2024-10-20T16:00:45+00:00", "description": "As aging U.S. residents deal with soaring costs of living, some say retiring in another country is a great option.", "id": 1357566, "language": "en-US", "link": "https://www.theepochtimes.com/us/inside-the-trend-of-americans-retiring-abroad-5741048", "manual_status_code": 0, "page_rating": 27, "page_rating_contents": 86, "page_rating_visits": 0, "page_rating_votes": 0, "permanent": false, "source__id": 106, "source_url": "https://feed.theepochtimes.com/world/feed", "status_code": 0, "tags": [], "thumbnail": "https://img.theepochtimes.com/assets/uploads/2023/03/04/GettyImages-1125074301-700x420.jpg", "title": "Inside the Trend of Americans Retiring Abroad", "vote": 0}, {"age": null, "album": "", "artist": null, "bookmarked": false, "comments": [], "date_published": "2024-10-20T15:40:32+00:00", "description": "HAVANA\u2014Millions of Cubans awoke on Sunday to find their homes still without power after another partial grid failure overnight, deepening a crisis that has raised questions over the viability of the regime&#8217;s efforts to reestablish electrical service. The country&#8217;s top electricity official, Lazaro Guerra, confirmed a partial grid collapse in the western provinces of Cuba, [&#8230;]", "id": 1357342, "language": "en-US", "link": "https://www.theepochtimes.com/world/millions-of-cubans-still-without-power-as-crisis-deepens-5744546", "manual_status_code": 0, "page_rating": 27, "page_rating_contents": 86, "page_rating_visits": 0, "page_rating_votes": 0, "permanent": false, "source__id": 106, "source_url": "https://feed.theepochtimes.com/world/feed", "status_code": 0, "tags": [], "thumbnail": "https://img.theepochtimes.com/assets/uploads/2024/10/id5744547-1.tagreuters.com2024binary_LYNXMPEK9J02H-FILEDIMAGE-1080x720.jpg", "title": "Millions of Cubans Still Without Power as Crisis Deepens", "vote": 0}, {"age": null, "album": "", "artist": null, "bookmarked": false, "comments": [], "date_published": "2024-10-20T09:02:49+00:00", "description": "The ruling party and opposition in the South Caucuses nation accuse one another of colluding with foreign powers in the run-up to the Oct. 26 election.", "id": 1356048, "language": "en-US", "link": "https://www.theepochtimes.com/world/key-georgia-election-beset-by-rival-claims-of-russian-western-interference-5743660", "manual_status_code": 0, "page_rating": 27, "page_rating_contents": 86, "page_rating_visits": 0, "page_rating_votes": 0, "permanent": false, "source__id": 106, "source_url": "https://feed.theepochtimes.com/world/feed", "status_code": 0, "tags": [], "thumbnail": "https://img.theepochtimes.com/assets/uploads/2024/05/15/id5650502-2024-05-02T122610Z_1_LYNXMPEK410JG_RTROPTP_4_GEORGIA-POLITICS-PROTESTS-OP-1080x720.jpg", "title": "Key Georgia Election Beset by Rival Claims of Russian, Western Interference", "vote": 0}, {"age": null, "album": "", "artist": null, "bookmarked": false, "comments": [], "date_published": "2024-10-20T05:04:18+00:00", "description": "Experts raise concerns about staffing shortages, regulatory complexities, funding inadequacies, and the impact of the new 'Support at Home' program.", "id": 1355630, "language": "en-US", "link": "https://www.theepochtimes.com/world/aged-care-bill-may-not-encourage-people-to-stay-home-as-intended-industry-warns-5743481", "manual_status_code": 0, "page_rating": 27, "page_rating_contents": 86, "page_rating_visits": 0, "page_rating_votes": 0, "permanent": false, "source__id": 106, "source_url": "https://feed.theepochtimes.com/world/feed", "status_code": 0, "tags": [], "thumbnail": "https://img.theepochtimes.com/assets/uploads/2022/10/27/dying--700x420.jpeg", "title": "Aged Care Bill May Not Encourage People to Stay Home as Intended, Industry Warns", "vote": 0}, {"age": null, "album": "", "artist": null, "bookmarked": false, "comments": [], "date_published": "2024-10-20T03:59:35+00:00", "description": "COLOMBO, Sri Lanka\u2014A train carrying thousands of gallons of fuel hit a herd of wild elephants in northeast Sri Lanka, killing two of the giant mammals and injuring one other as two of its tankers got derailed, authorities said. The collision happened in the town of Minneriya \u2014 about 200 kilometers (124 miles) from the [&#8230;]", "id": 1355518, "language": "en-US", "link": "https://www.theepochtimes.com/world/train-hits-and-kills-2-wild-elephants-in-sri-lanka-as-2-of-its-fuel-carrying-tankers-derail-5744095", "manual_status_code": 0, "page_rating": 27, "page_rating_contents": 86, "page_rating_visits": 0, "page_rating_votes": 0, "permanent": false, "source__id": 106, "source_url": "https://feed.theepochtimes.com/world/feed", "status_code": 0, "tags": [], "thumbnail": "https://img.theepochtimes.com/assets/uploads/2024/10/19/id5744256-Sri_Lanka_Wild_Elephants_Collision_24293399285006-1080x720.jpg", "title": "Train Hits and Kills 2 Wild Elephants in Sri Lanka as 2 of Its Fuel-Carrying Tankers Derail", "vote": 0}, {"age": null, "album": "", "artist": null, "bookmarked": false, "comments": [], "date_published": "2024-10-20T03:58:33+00:00", "description": "BANGKOK\u2014The Chinese Consulate in Myanmar\u2019s second-largest city has been slightly damaged by an explosive device, but there were no casualties, the military, independent media and a city resident said Saturday. No public claims of responsibility were made for the attack on Friday in Mandalay. China is a major ally of Myanmar\u2019s military, which came to [&#8230;]", "id": 1355519, "language": "en-US", "link": "https://www.theepochtimes.com/world/a-small-blast-in-myanmars-second-biggest-city-damages-chinese-consulate-5744295", "manual_status_code": 0, "page_rating": 27, "page_rating_contents": 86, "page_rating_visits": 0, "page_rating_votes": 0, "permanent": false, "source__id": 106, "source_url": "https://feed.theepochtimes.com/world/feed", "status_code": 0, "tags": [], "thumbnail": "https://img.theepochtimes.com/assets/uploads/2024/10/19/id5744345-Screenshot-2024-10-19-145346-1080x720.png", "title": "A Small Blast in Myanmar\u2019s Second-Biggest City Damages Chinese Consulate", "vote": 0}, {"age": null, "album": "", "artist": null, "bookmarked": false, "comments": [], "date_published": "2024-10-20T03:54:08+00:00", "description": "MIAMI\u2014Hurricane Oscar formed Saturday off the coast of the Bahamas, the National Hurricane Center in Miami said. It characterized the storm as \u201ctiny.\u201d The government of the Bahamas has issued a hurricane warning for the Turks and Caicos Islands and the southeastern Bahamas. The government of Cuba has issued a hurricane watch for the provinces [&#8230;]", "id": 1355520, "language": "en-US", "link": "https://www.theepochtimes.com/world/hurricane-oscar-forms-off-the-bahamas-5744293", "manual_status_code": 0, "page_rating": 27, "page_rating_contents": 86, "page_rating_visits": 0, "page_rating_votes": 0, "permanent": false, "source__id": 106, "source_url": "https://feed.theepochtimes.com/world/feed", "status_code": 0, "tags": [], "thumbnail": "https://img.theepochtimes.com/assets/uploads/2024/10/20/id5744492-Hurricane-Oscar-AP24293668548248-1080x715.jpg", "title": "Hurricane Oscar Forms Off the Bahamas", "vote": 0}, {"age": null, "album": "", "artist": null, "bookmarked": false, "comments": [], "date_published": "2024-10-20T03:04:09+00:00", "description": "Lack of shipbuilding capacity and Australia's refusal to unquestioningly back the US in regional conflicts are among reasons AUKUS might not happen.", "id": 1355385, "language": "en-US", "link": "https://www.theepochtimes.com/world/australia-may-not-get-aukus-subs-under-alternative-plan-presented-to-congress-5743431", "manual_status_code": 0, "page_rating": 27, "page_rating_contents": 86, "page_rating_visits": 0, "page_rating_votes": 0, "permanent": false, "source__id": 106, "source_url": "https://feed.theepochtimes.com/world/feed", "status_code": 0, "tags": [], "thumbnail": "https://img.theepochtimes.com/assets/uploads/2024/10/19/id5744005-USS_Minnesota_SSN_783_under_construction-1080x720.jpg", "title": "Australia May Not Get AUKUS Subs Under Alternative Plan Presented to Congress", "vote": 0}, {"age": null, "album": "", "artist": null, "bookmarked": false, "comments": [], "date_published": "2024-10-20T02:41:16+00:00", "description": "King Charles and Queen Camilla have made their first public appearance in Australia, greeting devoted well-wishers as they attended a church service. The royal couple was received on Oct. 20 by crowds that wrapped around St Thomas&#8217; Anglican Church in northern Sydney. As the King and Queen made their way to the front entrance, children [&#8230;]", "id": 1355302, "language": "en-US", "link": "https://www.theepochtimes.com/world/king-and-queen-all-smiles-in-first-public-appearance-in-australia-5744488", "manual_status_code": 0, "page_rating": 27, "page_rating_contents": 86, "page_rating_visits": 0, "page_rating_votes": 0, "permanent": false, "source__id": 106, "source_url": "https://feed.theepochtimes.com/world/feed", "status_code": 0, "tags": [], "thumbnail": "https://img.theepochtimes.com/assets/uploads/2024/10/20/id5744489-GettyImages-2178677628.jpg", "title": "King and Queen All Smiles in First Public Appearance in Australia", "vote": 0}, {"age": null, "album": "", "artist": null, "bookmarked": false, "comments": [], "date_published": "2024-10-20T01:09:33+00:00", "description": "The centre-right Liberals are yet to concede defeat on Sydney&#8217;s northern beaches but admit it will be &#8220;extremely difficult&#8221; to defeat the teal independent. Former political adviser Jacqui Scruby appears set to become the first &#8220;teal&#8221; to enter New South Wales (NSW) parliament after a 6 percent swing in the Pittwater by-election on Oct. 19. [&#8230;]", "id": 1355214, "language": "en-US", "link": "https://www.theepochtimes.com/world/teal-takes-by-election-lead-as-liberals-rue-costly-scandals-5744457", "manual_status_code": 0, "page_rating": 27, "page_rating_contents": 86, "page_rating_visits": 0, "page_rating_votes": 0, "permanent": false, "source__id": 106, "source_url": "https://feed.theepochtimes.com/world/feed", "status_code": 0, "tags": [], "thumbnail": "https://img.theepochtimes.com/assets/uploads/2023/10/14/id5510291-GettyImages-1734355897-700x420.jpg", "title": "Teal Takes By-election Lead as Liberals Rue Costly Scandals", "vote": 0}, {"age": null, "album": "", "artist": null, "bookmarked": false, "comments": [], "date_published": "2024-10-20T00:33:49+00:00", "description": "After Canada refused to abide by a ruling over New Zealand dairy imports, the South Pacific nation has invoked a never-before-used dispute resolution.", "id": 1355215, "language": "en-US", "link": "https://www.theepochtimes.com/world/canada-and-new-zealand-in-historic-trade-war-over-dairy-5743399", "manual_status_code": 0, "page_rating": 27, "page_rating_contents": 86, "page_rating_visits": 0, "page_rating_votes": 0, "permanent": false, "source__id": 106, "source_url": "https://feed.theepochtimes.com/world/feed", "status_code": 0, "tags": [], "thumbnail": "https://img.theepochtimes.com/assets/uploads/2024/06/07/id5664542-dairy-cow-OP-1080x720.jpg", "title": "Canada and New Zealand in Historic Trade War Over Dairy", "vote": 0}]