[{"age": null, "album": "", "artist": null, "bookmarked": false, "comments": [], "date_published": "2024-08-04T17:05:00+00:00", "description": "Download Game of Thrones Legends now: https://gotl.onelink.me/W7zw/tft\nThanks to \u202aGame of Thrones Legends\u202c for sponsoring this video.\n\nHey Theorists, what a WILD season it's been on House of the Dragon! The faceoff between Rhaenyra Targaryen vs Alicent, Aemon, and Aegon has been one for the Game of Thrones record books. Then throw in Daemon and his crazy antics and you have yourself a real BATTLE for the Iron Throne. Of course we already _know_ what's going to happen and who will end up on the Iron Throne because of George R.R. Martin's extended readings, but today we're asking who truly BELONGS on the throne...\n\u2010\u2010\u2010\u2010\u2010\u2010\u2010\u2010\u2010\u2010\u2010\u2010\u2010\u2010\u2010\u2010\u2010\u2010\u2010\u2010\u2010\u2010\u2010\u2010\u2010\u2010\u2010\u2010\u2010\u2010\u2010\u2010\u2010\u2010\u2010\u2010\u2010\u2010\u2010\u2010\u2010\u2010\u2010\u2010\u2010\u2010\u2010\u2010\u2010\u2010\n*Credits:*\nWriters:  Forrest Lee, Mike Keenan (The Pok\u00e9mon Biologist)\nEditors:  Danial \"BanditRants\" Keristoufi, JayskiBean, Pedro Freitas\nSound Designer: Yosi Berman\n\u2010\u2010\u2010\u2010\u2010\u2010\u2010\u2010\u2010\u2010\u2010\u2010\u2010\u2010\u2010\u2010\u2010\u2010\u2010\u2010\u2010\u2010\u2010\u2010\u2010\u2010\u2010\u2010\u2010\u2010\u2010\u2010\u2010\u2010\u2010\u2010\u2010\u2010\u2010\u2010\u2010\u2010\u2010\u2010\u2010\u2010\u2010\u2010\u2010\u2010\nNeed Royalty Free Music for your Content? Try Epidemic Sound.\nGet Your 30 Day Free Trial Now \u25ba http://share.ep", "id": 973757, "language": null, "link": "https://www.youtube.com/watch?v=LHIf3jFHDmg", "manual_status_code": 0, "page_rating": 27, "page_rating_contents": 86, "page_rating_visits": 0, "page_rating_votes": 0, "permanent": false, "source": "https://www.youtube.com/feeds/videos.xml?channel_id=UC3sznuotAs2ohg_U__Jzj_Q", "source_obj__id": 339, "status_code": 0, "tags": [], "thumbnail": "https://i1.ytimg.com/vi/LHIf3jFHDmg/hqdefault.jpg", "title": "Film Theory: Who REALLY Belongs on the Iron Throne? (House of the Dragon)", "user": null, "vote": 0}]