[{"age": null, "album": "", "artist": null, "bookmarked": false, "comments": [], "date_published": "2024-08-04T13:45:06+00:00", "description": "Dave Rubin of \u201cThe Rubin Report\u201d talks to Scott Galloway about his political stance as a \"raging moderate\"; the challenges moderates face from both political extremes; the importance of government support in his success; why the current state of affirmative action is failing and how a shift toward income-based support rather than race-based could help reform it; why government involvement in helping underprivileged kids is necessary; the struggles of young men in America; why young men are facing severe issues such as higher suicide rates, addiction, and incarceration compared to women, who are excelling in many areas; how societal changes, biased educational systems, and the impact of social media have negatively affected young men; why we need more support programs for young men; how mandatory national service can foster unity and understanding among different social groups; why telling young people to \u201cfollow their passion\u201d is the worst advice you could give them and what we should", "id": 972998, "language": null, "link": "https://www.youtube.com/watch?v=QdpColMeU2M", "manual_status_code": 0, "page_rating": 27, "page_rating_contents": 86, "page_rating_visits": 0, "page_rating_votes": 0, "permanent": false, "source": "https://www.youtube.com/feeds/videos.xml?channel_id=UCJdKr0Bgd_5saZYqLCa9mng", "source_obj__id": 438, "status_code": 0, "tags": [], "thumbnail": "https://i2.ytimg.com/vi/QdpColMeU2M/hqdefault.jpg", "title": "This Isn\u2019t Normal. It\u2019s the Beginning of a New Crisis | Scott Galloway", "user": null, "vote": 0}]