[{"age": null, "album": "", "artist": null, "bookmarked": false, "comments": [], "date_published": "2024-08-04T09:54:37.255939+00:00", "description": "Some support it, but others who have booked holidays to take advantage of the relatively weak currency are not so thrilled.", "id": 971918, "language": "en-au", "link": "https://www.news.com.au/travel/destinations/asia/japan-is-exploring-dual-pricing-for-foreigners-and-locals-and-people-are-divided/news-story/d485415c4b895998148f2ee629c86f9f?from=rss-basic", "manual_status_code": 0, "page_rating": 26, "page_rating_contents": 82, "page_rating_visits": 0, "page_rating_votes": 0, "permanent": false, "source": "https://www.news.com.au/content-feeds/latest-news-travel", "source_obj__id": 409, "status_code": 0, "tags": [], "thumbnail": "https://content.api.news/v3/images/bin/569e146f1b8f50a99a6007ac49ff954e?width=320", "title": "Japan is exploring \u2018dual pricing\u2019 for foreigners", "user": null, "vote": 0}]