[{"age": null, "album": "", "artist": null, "bookmarked": false, "comments": [], "date_published": "2024-08-04T17:55:15+00:00", "description": "<figure>\n      <img alt=\"The OnePlus Pad in its keyboard case.\" src=\"https://cdn.vox-cdn.com/thumbor/LqgoftY0MaJuZTVe4kzkXaLPYqI=/0x0:3000x2000/1310x873/cdn.vox-cdn.com/uploads/chorus_image/image/73501120/oneplus_pad_6.0.jpg\" />\n        <figcaption><em>The OnePlus Pad\u2019s keyboard case and stylus run an additional $149.99 and $99.99, respectively.</em> | Image: Dan Seifert / The Verge</figcaption>\n    </figure>\n\n  <p id=\"J5DC3C\">The $549.99 <a href=\"https://www.theverge.com/24199198/oneplus-pad-2-tablet-android-stylo-price-release-date\">OnePlus Pad 2</a> may have just recently launched, but the original version remains a worthwhile option that\u2019s now undercutting the new model\u2019s price by $170. Now through August 6th, you can pick the <strong>first-gen OnePlus Pad</strong> at <a href=\"https://go.redirectingat.com?id=66960X1514734&amp;xs=1&amp;url=https%3A%2F%2Fcomputers.woot.com%2Foffers%2Foneplus-pad-11-6-tablet%3F&amp;referrer=theverge.com&amp;sref=https%3A%2F%2Fwww.theverge.com%2F2024%", "id": 973560, "language": "en-US", "link": "https://www.theverge.com/2024/8/4/24211817/oneplus-pad-android-tablet-xbox-game-pass-ultimate-deal-sale", "manual_status_code": 0, "page_rating": 27, "page_rating_contents": 86, "page_rating_visits": 0, "page_rating_votes": 0, "permanent": false, "source": "https://www.theverge.com/rss/index.xml", "source_obj__id": 359, "status_code": 0, "tags": [], "thumbnail": null, "title": "The first-gen OnePlus Pad is selling for a new low of $379.99", "user": null, "vote": 0}, {"age": null, "album": "", "artist": null, "bookmarked": false, "comments": [], "date_published": "2024-08-04T17:22:30+00:00", "description": "<figure>\n      <img alt=\"A picture of an Apple Watch SE balanced on its silicone band.\" src=\"https://cdn.vox-cdn.com/thumbor/S75i5ggNP0-aaUaKlLRc8cIwPuM=/0x0:2040x1360/1310x873/cdn.vox-cdn.com/uploads/chorus_image/image/73501080/226292_Apple_Watch_SE_PHO_akrales_0392.0.jpg\" />\n        <figcaption><em>The Apple Watch SE in its current form looks just like an Apple Watch.</em> | Photo by Amelia Holowaty Krales / The Verge</figcaption>\n    </figure>\n\n  <p id=\"LNkIcn\">It\u2019s impressive watching Apple sell people virtually the same Apple Watch design year in and year out, adding a feature here and there but changing precious little about the way it looks. It\u2019s also fine \u2014 nobody actually needs to buy a new watch annually, but it does make the yearly refresh sort of ho-hum.</p>\n<p id=\"dFqkQ0\">But there\u2019s something rumored on the horizon that might invigorate things: the plastic Apple Watch SE. I <a href=\"https://www.theverge.com/2024/7/7/24193595/apple-watch-x-series-10-thinner-bigger-screen-", "id": 973561, "language": "en-US", "link": "https://www.theverge.com/2024/8/4/24213086/plastic-apple-watch-se-3rd-generation-colors-kid-friendly", "manual_status_code": 0, "page_rating": 27, "page_rating_contents": 86, "page_rating_visits": 0, "page_rating_votes": 0, "permanent": false, "source": "https://www.theverge.com/rss/index.xml", "source_obj__id": 359, "status_code": 0, "tags": [], "thumbnail": null, "title": "The plastic Apple Watch SE could be for kids, and that\u2019s actually exciting", "user": null, "vote": 0}, {"age": null, "album": "", "artist": null, "bookmarked": false, "comments": [], "date_published": "2024-08-04T15:00:00+00:00", "description": "<figure>\n      <img alt=\"Hand holding a phone with Facebook instructions and various illustrations in background.\" src=\"https://cdn.vox-cdn.com/thumbor/gCcLqwK24MHzT9phYYdg9-ELa9Y=/0x0:2040x1360/1310x873/cdn.vox-cdn.com/uploads/chorus_image/image/73500922/HT009_facebook_00011.0.jpg\" />\n        <figcaption>Illustration by Samar Haddad / The Verge</figcaption>\n    </figure>\n\n  <p id=\"dCCNtC\">We\u2019ve been living with social media for a long time now \u2014 Facebook opened up to the public in 2006 \u2014 and that means a lengthy trail of posts stretching back through the years. While this does let you take a nostalgic trip into the past with just a few clicks, it can also bring up some embarrassing and awkward memories.</p>\n<p id=\"ixHFMM\">Maybe your Twitter takes from 10 years ago haven\u2019t aged well, or there\u2019s an ex-partner you\u2019d rather not remember, or you\u2019re heading for a job interview and don\u2019t want your would-be employers to judge who you are now from your decades-old social media posts. </p>\n<p ", "id": 972466, "language": "en-US", "link": "https://www.theverge.com/24212111/social-media-twitter-facebook-instagram-how-to", "manual_status_code": 0, "page_rating": 27, "page_rating_contents": 86, "page_rating_visits": 0, "page_rating_votes": 0, "permanent": false, "source": "https://www.theverge.com/rss/index.xml", "source_obj__id": 359, "status_code": 0, "tags": [], "thumbnail": null, "title": "How to find your oldest social media posts and delete them", "user": null, "vote": 0}, {"age": null, "album": "", "artist": null, "bookmarked": false, "comments": [], "date_published": "2024-08-04T14:00:00+00:00", "description": "<figure>\n      <img alt=\"Breville Oracle Jet espresso machine\" src=\"https://cdn.vox-cdn.com/thumbor/JjuMdODagzMChI3yW-drWRkTRDo=/0x0:2000x1333/1310x873/cdn.vox-cdn.com/uploads/chorus_image/image/73500846/DSC07943_processed.0.jpg\" />\n        <figcaption><em>I didn\u2019t ask how much RAM it has.</em></figcaption>\n    </figure>\n\n  <p id=\"AWHWNL\">There\u2019s no girl math in the world that can make the <a href=\"https://go.redirectingat.com?id=66960X1514734&amp;xs=1&amp;url=https%3A%2F%2Fwww.breville.com%2Fus%2Fen%2Fproducts%2Fespresso%2Fbes985.html%2F&amp;referrer=theverge.com&amp;sref=https%3A%2F%2Fwww.theverge.com%2F24211592%2Fbreville-oracle-jet-espresso-machine-review\" rel=\"sponsored nofollow noopener\" target=\"_blank\">Breville Oracle Jet</a> make sense for me, but boy is it nice to use.</p>\n<p id=\"wpBgzo\">Like <a href=\"https://www.theverge.com/phone-review\">most of the gadgets I test</a>, the $1,999.95 espresso machine has a touchscreen. It connects to a wireless network and receives software ", "id": 972467, "language": "en-US", "link": "https://www.theverge.com/24211592/breville-oracle-jet-espresso-machine-review", "manual_status_code": 0, "page_rating": 27, "page_rating_contents": 86, "page_rating_visits": 0, "page_rating_votes": 0, "permanent": false, "source": "https://www.theverge.com/rss/index.xml", "source_obj__id": 359, "status_code": 0, "tags": [], "thumbnail": null, "title": "The Breville Oracle Jet is a $2,000 computer that also makes coffee", "user": null, "vote": 0}, {"age": null, "album": "", "artist": null, "bookmarked": false, "comments": [], "date_published": "2024-08-04T00:34:58+00:00", "description": "<figure>\n      <img alt=\"A photo collage of a Nintendo Game Boy with a PlayStation controller on the screen.\" src=\"https://cdn.vox-cdn.com/thumbor/cWbllymqrj4Vi8qH1H9R7hX_1GE=/0x0:2040x1360/1310x873/cdn.vox-cdn.com/uploads/chorus_image/image/73500283/STK465_VIDEO_GAMES_EMULATOR__CVirginia_C.0.jpg\" />\n        <figcaption>Image: Cath Virginia / The Verge</figcaption>\n    </figure>\n\n  <p id=\"tJukyo\">ROMhacking.net, a longtime stalwart of the online classic gaming world mostly turned the lights off on Saturday. Nightcrawler, who created and runs ROMhacking, <a href=\"https://www.romhacking.net/forum/index.php?topic=39405\">announced that the site</a>, which has hosted community-made alterations for classic games, has stopped taking submissions and will only post news going forward.</p>\n<p id=\"RPTXHG\">ROM hacks like those the site hosted can be as minor as replacing the original Mario sprite with his <em>Super Mario Bros. 3</em> incarnation, or as thorough as <a href=\"https://romhacking.com/", "id": 971434, "language": "en-US", "link": "https://www.theverge.com/2024/8/3/24212750/romhacking-net-shuts-down-emulation-roms-classic-gaming", "manual_status_code": 0, "page_rating": 27, "page_rating_contents": 86, "page_rating_visits": 0, "page_rating_votes": 0, "permanent": false, "source": "https://www.theverge.com/rss/index.xml", "source_obj__id": 359, "status_code": 0, "tags": [], "thumbnail": null, "title": "A pivotal online hub for ROM hacks goes news-only after two decades", "user": null, "vote": 0}]