[
    {
        "age": null,
        "album": "",
        "author": null,
        "bookmarked": false,
        "comments": [],
        "date_published": "2024-12-04T22:18:54.676604+00:00",
        "description": "\n\t\t\t\t\t\t\t\tThe men were accused of helping Batyr Kulayev, who allegedly provided weapons to the gunmen, flee.\t\t\t",
        "id": 1645386,
        "language": "en-us",
        "link": "https://www.themoscowtimes.com/2024/12/05/russia-arrests-4-over-deadly-crocus-city-hall-attack-reports-a87230",
        "manual_status_code": 0,
        "page_rating": 27,
        "page_rating_contents": 86,
        "page_rating_visits": 0,
        "page_rating_votes": 0,
        "permanent": false,
        "source__id": 350,
        "source_url": "https://www.themoscowtimes.com/rss/news",
        "status_code": 0,
        "tags": [],
        "thumbnail": null,
        "title": "Russia Arrests 4 Over Deadly Crocus City Hall Attack \u2013 Reports",
        "vote": 0
    },
    {
        "age": null,
        "album": "",
        "author": null,
        "bookmarked": false,
        "comments": [],
        "date_published": "2024-12-04T16:53:47.655333+00:00",
        "description": "\n\t\t\t\t\t\t\t\tLavrov will visit Malta for an OSCE summit, but MFA spokeswoman Maria Zakharova had her own visa to attend \u201cannulled.\u201d \t\t\t",
        "id": 1643082,
        "language": "en-us",
        "link": "https://www.themoscowtimes.com/2024/12/04/russian-fm-lavrov-to-visit-malta-in-first-eu-trip-since-2021-a87231",
        "manual_status_code": 0,
        "page_rating": 27,
        "page_rating_contents": 86,
        "page_rating_visits": 0,
        "page_rating_votes": 0,
        "permanent": false,
        "source__id": 350,
        "source_url": "https://www.themoscowtimes.com/rss/news",
        "status_code": 0,
        "tags": [],
        "thumbnail": null,
        "title": "Russian FM Lavrov to Visit Malta in First EU Trip Since 2021",
        "vote": 0
    },
    {
        "age": null,
        "album": "",
        "author": null,
        "bookmarked": false,
        "comments": [],
        "date_published": "2024-12-04T15:48:49.814332+00:00",
        "description": "\n\t\t\t\t\t\t\t\tThe program allows the FSB to record a device\u2019s screen and steal data from third-party apps, among other things.\t\t\t",
        "id": 1642550,
        "language": "en-us",
        "link": "https://www.themoscowtimes.com/2024/12/04/anti-war-russians-targeted-by-fsbs-spy-software-ngo-a87228",
        "manual_status_code": 0,
        "page_rating": 27,
        "page_rating_contents": 86,
        "page_rating_visits": 0,
        "page_rating_votes": 0,
        "permanent": false,
        "source__id": 350,
        "source_url": "https://www.themoscowtimes.com/rss/news",
        "status_code": 0,
        "tags": [],
        "thumbnail": null,
        "title": "Anti-War Russians Targeted by FSB\u2019s Spy Software \u2013 NGO",
        "vote": 0
    },
    {
        "age": null,
        "album": "",
        "author": null,
        "bookmarked": false,
        "comments": [],
        "date_published": "2024-12-04T13:39:00.957355+00:00",
        "description": "\n\t\t\t\t\t\t\t\tGorshkov also said that high interest rates would result in Russians transferring around 350 billion rubles of their cash savings into banks this year.\u00a0\t\t\t",
        "id": 1641543,
        "language": "en-us",
        "link": "https://www.themoscowtimes.com/2024/12/04/russians-cash-savings-reach-all-time-low-vtb-a87227",
        "manual_status_code": 0,
        "page_rating": 27,
        "page_rating_contents": 86,
        "page_rating_visits": 0,
        "page_rating_votes": 0,
        "permanent": false,
        "source__id": 350,
        "source_url": "https://www.themoscowtimes.com/rss/news",
        "status_code": 0,
        "tags": [],
        "thumbnail": null,
        "title": "Russians\u2019 Cash Savings Reach All-Time Low \u2013 VTB",
        "vote": 0
    },
    {
        "age": null,
        "album": "",
        "author": null,
        "bookmarked": false,
        "comments": [],
        "date_published": "2024-12-04T12:33:58.243794+00:00",
        "description": "\n\t\t\t\t\t\t\t\tZaporizhzhia governor Ivan Federov called Matveyev a \u201ctrue patriot,\u201d who, \u201cdid not leave the city or the people, and did everything to ensure the life of the community.\u201d\t\t\t",
        "id": 1641102,
        "language": "en-us",
        "link": "https://www.themoscowtimes.com/2024/12/04/ukraine-says-mayor-jailed-by-russia-died-by-torture-a87226",
        "manual_status_code": 0,
        "page_rating": 27,
        "page_rating_contents": 86,
        "page_rating_visits": 0,
        "page_rating_votes": 0,
        "permanent": false,
        "source__id": 350,
        "source_url": "https://www.themoscowtimes.com/rss/news",
        "status_code": 0,
        "tags": [],
        "thumbnail": null,
        "title": "Ukraine Says Mayor Jailed by Russia Died by Torture\n",
        "vote": 0
    },
    {
        "age": null,
        "album": "",
        "author": null,
        "bookmarked": false,
        "comments": [],
        "date_published": "2024-12-04T12:33:58.085952+00:00",
        "description": "\n\t\t\t\t\t\t\t\tFor pro-EU Georgians \u2014 including those who left Russia after the invasion of Ukraine \u2014 the prospect of creeping Kremlin influence is a serious concern.\t\t\t",
        "id": 1641101,
        "language": "en-us",
        "link": "https://www.themoscowtimes.com/2024/12/04/caught-in-riots-georgias-protesters-say-they-must-choose-between-europe-and-russia-a87221",
        "manual_status_code": 0,
        "page_rating": 27,
        "page_rating_contents": 86,
        "page_rating_visits": 0,
        "page_rating_votes": 0,
        "permanent": false,
        "source__id": 350,
        "source_url": "https://www.themoscowtimes.com/rss/news",
        "status_code": 0,
        "tags": [],
        "thumbnail": null,
        "title": "Caught in Riots, Georgia\u2019s Protesters Say They Must Choose Between Europe and Russia",
        "vote": 0
    },
    {
        "age": null,
        "album": "",
        "author": null,
        "bookmarked": false,
        "comments": [],
        "date_published": "2024-12-04T11:28:47.582459+00:00",
        "description": "\n\t\t\t\t\t\t\t\tUkrainian officials believe the drone attacks are part of Russia\u2019s pressure campaign ahead of Donald Trump\u2019s inauguration and preparations for a potential push across the Dnipro river.\t\t\t",
        "id": 1640691,
        "language": "en-us",
        "link": "https://www.themoscowtimes.com/2024/12/04/ukraines-kherson-targeted-in-months-long-russian-drone-campaign-ft-a87223",
        "manual_status_code": 0,
        "page_rating": 27,
        "page_rating_contents": 86,
        "page_rating_visits": 0,
        "page_rating_votes": 0,
        "permanent": false,
        "source__id": 350,
        "source_url": "https://www.themoscowtimes.com/rss/news",
        "status_code": 0,
        "tags": [],
        "thumbnail": null,
        "title": "Ukraine\u2019s Kherson Targeted in Months-Long Russian Drone Campaign \u2013 FT",
        "vote": 0
    },
    {
        "age": null,
        "album": "",
        "author": null,
        "bookmarked": false,
        "comments": [],
        "date_published": "2024-12-04T11:28:46.867744+00:00",
        "description": "\n\t\t\t\t\t\t\t\tThe Foreign Ministry's spokeswoman said Russia was \"actively working with international partners to ensure the rapid stabilization of the situation in Syria.\"\t\t\t",
        "id": 1640690,
        "language": "en-us",
        "link": "https://www.themoscowtimes.com/2024/12/04/moscow-says-russia-iran-turkey-in-close-contact-over-syria-conflict-a87225",
        "manual_status_code": 0,
        "page_rating": 27,
        "page_rating_contents": 86,
        "page_rating_visits": 0,
        "page_rating_votes": 0,
        "permanent": false,
        "source__id": 350,
        "source_url": "https://www.themoscowtimes.com/rss/news",
        "status_code": 0,
        "tags": [],
        "thumbnail": null,
        "title": "Moscow Says Russia, Iran, Turkey in \u2018Close Contact\u2019 Over Syria Conflict",
        "vote": 0
    },
    {
        "age": null,
        "album": "",
        "author": null,
        "bookmarked": false,
        "comments": [],
        "date_published": "2024-12-04T11:28:46.091012+00:00",
        "description": "\n\t\t\t\t\t\t\t\tThe statement comes amid rumors that the bank could raise the key rate to 22-23% at its Dec. 20 meeting.\t\t\t",
        "id": 1640689,
        "language": "en-us",
        "link": "https://www.themoscowtimes.com/2024/12/04/russias-central-bank-governor-says-likely-rate-hike-not-predetermined-a87224",
        "manual_status_code": 0,
        "page_rating": 27,
        "page_rating_contents": 86,
        "page_rating_visits": 0,
        "page_rating_votes": 0,
        "permanent": false,
        "source__id": 350,
        "source_url": "https://www.themoscowtimes.com/rss/news",
        "status_code": 0,
        "tags": [],
        "thumbnail": null,
        "title": "Russia\u2019s Central Bank Governor Says Likely Rate Hike \u2019Not Predetermined\u2019",
        "vote": 0
    },
    {
        "age": null,
        "album": "",
        "author": null,
        "bookmarked": false,
        "comments": [],
        "date_published": "2024-12-04T10:23:32.863548+00:00",
        "description": "\n\t\t\t\t\t\t\t\tCarlson said in a video on X that the U.S. was already in a \u201chot war\u201d with Russia, and \u201ccloser to nuclear war than any time in history.\u201d\t\t\t",
        "id": 1640348,
        "language": "en-us",
        "link": "https://www.themoscowtimes.com/2024/12/04/tucker-carlson-interviews-russian-fm-lavrov-in-moscow-a87222",
        "manual_status_code": 0,
        "page_rating": 27,
        "page_rating_contents": 86,
        "page_rating_visits": 0,
        "page_rating_votes": 0,
        "permanent": false,
        "source__id": 350,
        "source_url": "https://www.themoscowtimes.com/rss/news",
        "status_code": 0,
        "tags": [],
        "thumbnail": null,
        "title": "Tucker Carlson Interviews Russian FM Lavrov in Moscow",
        "vote": 0
    }
]