[
    {
        "age": null,
        "album": "",
        "author": "Stuff You Should Know",
        "bookmarked": false,
        "comments": [],
        "date_published": "2024-12-04T17:29:33+00:00",
        "description": "\ud83d\udece  If You're New Subscribe \u25ba https://bit.ly/SYSKSubscribe\n\nSelects: Star Wars Holiday Spectacular | STUFF YOU SHOULD KNOW\n\nLong ago, in a galaxy not so far away, George Lucas allowed the Star Wars Holiday Special to be made. What happened on the night of November 17, 1978 can never be fully explained, but we make our best effort in our annual special edition of SYSK. May the force be with us all.\n\nOriginal Air Date: November 30, 2024\n\n\u2764\ufe0f iHeartRadio \u00bb https://ihr.fm/3DyBDna\n\ud83d\udce2 APPLE PODCASTS \u00bb https://apple.co/3SKFZMe\n\ud83d\udce2 AMAZON MUSIC \u00bb https://amzn.to/3WgBVq1\n\ud83d\udfe2 SPOTIFY \u00bb https://spoti.fi/3zvX3ij\n\ud83c\udfa5 PREVIOUS VIDEO \u00bb https://youtu.be/eUYKBGNSdnQ\n\ud83d\udcd5 GRAB YOUR COPY of Stuff You Should Read \u00bb https://bit.ly/3N9DuSm\n\n\u2728 KEEP IN TOUCH WITH :\nFACEBOOK \u00bb https://bit.ly/3DeXKxB\nTWITTER \u00bb https://bit.ly/3NbH9PM\nINSTAGRAM \u00bb https://bit.ly/3N9rosu\nGOOGLE+ \u00bb https://bit.ly/3TJW6v0\n\nIf you've ever wanted to know about champagne, satanism, the Stonewall Uprising, chaos theory, LSD, El Nino, true crime an",
        "id": 1643467,
        "language": null,
        "link": "https://www.youtube.com/watch?v=pV_XcTaFjIo",
        "manual_status_code": 0,
        "page_rating": 27,
        "page_rating_contents": 86,
        "page_rating_visits": 0,
        "page_rating_votes": 0,
        "permanent": false,
        "source__id": 548,
        "source_url": "https://www.youtube.com/feeds/videos.xml?channel_id=UCTb6Oy0TXI03iEUdRMR9dnw",
        "status_code": 0,
        "tags": [],
        "thumbnail": "https://i1.ytimg.com/vi/pV_XcTaFjIo/hqdefault.jpg",
        "title": "Selects: Star Wars Holiday Spectacular | STUFF YOU SHOULD KNOW",
        "vote": 0
    },
    {
        "age": null,
        "album": "",
        "author": "Stuff You Should Know",
        "bookmarked": false,
        "comments": [],
        "date_published": "2024-12-04T14:00:42+00:00",
        "description": "\ud83d\udece  If You're New Subscribe \u25ba https://bit.ly/SYSKSubscribe\n\nSolipsism: This Is All In My Mind? | STUFF YOU SHOULD KNOW\n\nAs the philosophical holds, there\u2019s a chance you don\u2019t exist, that not only you, but this episode, the podcast, and the entire universe are only projections of Josh or Chuck\u2019s mind. If so, then recording this episode was a waste of time. \n\nOriginal Air Date: December 3, 2024\n\n\u2764\ufe0f iHeartRadio \u00bb https://ihr.fm/3DyBDna\n\ud83d\udce2 APPLE PODCASTS \u00bb https://apple.co/3SKFZMe\n\ud83d\udce2 AMAZON MUSIC \u00bb https://amzn.to/3WgBVq1\n\ud83d\udfe2 SPOTIFY \u00bb https://spoti.fi/3zvX3ij\n\ud83c\udfa5 PREVIOUS VIDEO \u00bb https://youtu.be/LirWwzKzw80\n\ud83d\udcd5 GRAB YOUR COPY of Stuff You Should Read \u00bb https://bit.ly/3N9DuSm\n\n\u2728 KEEP IN TOUCH WITH :\nFACEBOOK \u00bb https://bit.ly/3DeXKxB\nTWITTER \u00bb https://bit.ly/3NbH9PM\nINSTAGRAM \u00bb https://bit.ly/3N9rosu\nGOOGLE+ \u00bb https://bit.ly/3TJW6v0\n\nIf you've ever wanted to know about champagne, satanism, the Stonewall Uprising, chaos theory, LSD, El Nino, true crime and Rosa Parks, then look no further. Josh an",
        "id": 1641915,
        "language": null,
        "link": "https://www.youtube.com/watch?v=eUYKBGNSdnQ",
        "manual_status_code": 0,
        "page_rating": 27,
        "page_rating_contents": 86,
        "page_rating_visits": 0,
        "page_rating_votes": 0,
        "permanent": false,
        "source__id": 548,
        "source_url": "https://www.youtube.com/feeds/videos.xml?channel_id=UCTb6Oy0TXI03iEUdRMR9dnw",
        "status_code": 0,
        "tags": [],
        "thumbnail": "https://i2.ytimg.com/vi/eUYKBGNSdnQ/hqdefault.jpg",
        "title": "Solipsism: This Is All In My Mind? | STUFF YOU SHOULD KNOW",
        "vote": 0
    }
]