[
    {
        "age": null,
        "album": "",
        "author": "Rotten Tomatoes Trailers",
        "bookmarked": false,
        "comments": [],
        "date_published": "2024-12-04T20:14:03+00:00",
        "description": "Check out the official behind the scenes first look for Babygirl starring Nicole Kidman!\n\n\u25ba Buy Tickets to Babygirl on Fandango: https://www.fandango.com/babygirl-2024-237065/movie-overview?cmp=Trailers_YouTube_Desc\n\nSubscribe to the channel and click the bell icon to be notified of all the hottest trailers: http://bit.ly/2CNniBy \n\n\u25ba Shop Rotten Tomatoes: http://bit.ly/3KvCU1M\n\nUS Release Date: December 25, 2024\nStarring: Nicole Kidman, Harris Dickinson, Antonio Banderas, and Sophie Wilde\nDirector: Halina Reijn\nSynopsis: A high-powered CEO puts her career and family on the line when she begins a torrid affair with her much younger intern.\n\n\u25ba Learn more: https://www.rottentomatoes.com/m/babygirl_2024?cmp=Trailers_YouTube_Desc \n\nWatch More:  \n\u25ba Rotten Tomatoes Originals: http://bit.ly/2D3sipV  \n\u25ba What to Watch: https://bit.ly/3x6Q01d  \n\u25ba Fresh New Clips: https://bit.ly/3mJePrv    \n\u25ba Hot New Trailers: http://bit.ly/2qThrsF   \n\u25ba New TV This Week: https://bit.ly/3Or3I2w   \n \nRotten Tomato",
        "id": 1644875,
        "language": null,
        "link": "https://www.youtube.com/watch?v=WtlvHVKpbX0",
        "manual_status_code": 0,
        "page_rating": 27,
        "page_rating_contents": 86,
        "page_rating_visits": 0,
        "page_rating_votes": 0,
        "permanent": false,
        "source__id": 285,
        "source_url": "https://www.youtube.com/feeds/videos.xml?channel_id=UCi8e0iOVk1fEOogdfu4YgfA",
        "status_code": 0,
        "tags": [],
        "thumbnail": "https://i4.ytimg.com/vi/WtlvHVKpbX0/hqdefault.jpg",
        "title": "Babygirl Featurette - First Look (2024)",
        "vote": 0
    }
]