[
    {
        "age": null,
        "album": "",
        "author": null,
        "bookmarked": false,
        "comments": [],
        "date_published": "2024-12-04T14:54:21+00:00",
        "description": "A diet high in ultra-processed foods is associated with higher amounts of fat stored inside thigh muscles, regardless of the amount of calories consumed or level of physical activity, according to a new study. Higher amounts of intramuscular fat in the thigh could also increase the risk for knee osteoarthritis.",
        "id": 1645165,
        "language": "en-us",
        "link": "https://www.sciencedaily.com/releases/2024/12/241204145421.htm",
        "manual_status_code": 0,
        "page_rating": 27,
        "page_rating_contents": 86,
        "page_rating_visits": 0,
        "page_rating_votes": 0,
        "permanent": false,
        "source__id": 188,
        "source_url": "https://www.sciencedaily.com/rss/all.xml",
        "status_code": 0,
        "tags": [],
        "thumbnail": null,
        "title": "Eating high-processed foods impacts muscle quality, study finds",
        "vote": 0
    },
    {
        "age": null,
        "album": "",
        "author": null,
        "bookmarked": false,
        "comments": [],
        "date_published": "2024-12-04T14:51:35+00:00",
        "description": "A team of researchers has beaten its own record for the fastest swimming soft robot, drawing inspiration from manta rays to improve their ability to control the robot's movement in the water.",
        "id": 1645166,
        "language": "en-us",
        "link": "https://www.sciencedaily.com/releases/2024/12/241204145135.htm",
        "manual_status_code": 0,
        "page_rating": 27,
        "page_rating_contents": 86,
        "page_rating_visits": 0,
        "page_rating_votes": 0,
        "permanent": false,
        "source__id": 188,
        "source_url": "https://www.sciencedaily.com/rss/all.xml",
        "status_code": 0,
        "tags": [],
        "thumbnail": null,
        "title": "Manta rays inspire fast swimming soft robot yet",
        "vote": 0
    },
    {
        "age": null,
        "album": "",
        "author": null,
        "bookmarked": false,
        "comments": [],
        "date_published": "2024-12-04T14:50:21+00:00",
        "description": "Scientists have uncovered the first direct evidence that ancient Americans relied primarily on mammoth and other large animals for food. Their research sheds new light on both the rapid expansion of humans throughout the Americas and the extinction of large ice age mammals.",
        "id": 1645167,
        "language": "en-us",
        "link": "https://www.sciencedaily.com/releases/2024/12/241204145021.htm",
        "manual_status_code": 0,
        "page_rating": 27,
        "page_rating_contents": 86,
        "page_rating_visits": 0,
        "page_rating_votes": 0,
        "permanent": false,
        "source__id": 188,
        "source_url": "https://www.sciencedaily.com/rss/all.xml",
        "status_code": 0,
        "tags": [],
        "thumbnail": null,
        "title": "Mammoth as key food source for ancient Americans",
        "vote": 0
    },
    {
        "age": null,
        "album": "",
        "author": null,
        "bookmarked": false,
        "comments": [],
        "date_published": "2024-12-04T14:50:18+00:00",
        "description": "Male African elephants have distinct personality traits, but also adapt their behavior to suit the social context, according to a new study.",
        "id": 1645168,
        "language": "en-us",
        "link": "https://www.sciencedaily.com/releases/2024/12/241204145018.htm",
        "manual_status_code": 0,
        "page_rating": 27,
        "page_rating_contents": 86,
        "page_rating_visits": 0,
        "page_rating_votes": 0,
        "permanent": false,
        "source__id": 188,
        "source_url": "https://www.sciencedaily.com/rss/all.xml",
        "status_code": 0,
        "tags": [],
        "thumbnail": null,
        "title": "Male African elephants develop distinct personality traits as they age",
        "vote": 0
    },
    {
        "age": null,
        "album": "",
        "author": null,
        "bookmarked": false,
        "comments": [],
        "date_published": "2024-12-04T14:50:04+00:00",
        "description": "A new study sheds light on how long humans in the Americas have had relationships with the ancestors of today's dogs -- and asks an 'existential question': What is a dog?",
        "id": 1645169,
        "language": "en-us",
        "link": "https://www.sciencedaily.com/releases/2024/12/241204145004.htm",
        "manual_status_code": 0,
        "page_rating": 27,
        "page_rating_contents": 86,
        "page_rating_visits": 0,
        "page_rating_votes": 0,
        "permanent": false,
        "source__id": 188,
        "source_url": "https://www.sciencedaily.com/rss/all.xml",
        "status_code": 0,
        "tags": [],
        "thumbnail": null,
        "title": "How did humans and dogs become friends? Connections in the Americas began 12,000 years ago",
        "vote": 0
    },
    {
        "age": null,
        "album": "",
        "author": null,
        "bookmarked": false,
        "comments": [],
        "date_published": "2024-12-04T11:42:37+00:00",
        "description": "Exposure to car exhaust from leaded gas during childhood altered the balance of mental health in the U.S. population, making generations of Americans more depressed, anxious and inattentive or hyperactive, according to researchers. They estimate that 151 million cases of psychiatric disorder over the past 75 years have resulted from American children's exposure to lead.",
        "id": 1643296,
        "language": "en-us",
        "link": "https://www.sciencedaily.com/releases/2024/12/241204114237.htm",
        "manual_status_code": 0,
        "page_rating": 27,
        "page_rating_contents": 86,
        "page_rating_visits": 0,
        "page_rating_votes": 0,
        "permanent": false,
        "source__id": 188,
        "source_url": "https://www.sciencedaily.com/rss/all.xml",
        "status_code": 0,
        "tags": [],
        "thumbnail": null,
        "title": "20th century lead exposure damaged American mental health",
        "vote": 0
    },
    {
        "age": null,
        "album": "",
        "author": null,
        "bookmarked": false,
        "comments": [],
        "date_published": "2024-12-04T11:36:48+00:00",
        "description": "The discovery of a unique case where the same insect species both pollinate a plant and distribute its seeds not only solves a long-standing botanical mystery. The find also stresses the diverse roles insects play in our ecosystem.",
        "id": 1645540,
        "language": "en-us",
        "link": "https://www.sciencedaily.com/releases/2024/12/241204113648.htm",
        "manual_status_code": 0,
        "page_rating": 27,
        "page_rating_contents": 86,
        "page_rating_visits": 0,
        "page_rating_votes": 0,
        "permanent": false,
        "source__id": 188,
        "source_url": "https://www.sciencedaily.com/rss/all.xml",
        "status_code": 0,
        "tags": [],
        "thumbnail": null,
        "title": "Insects wearing two hats solve botanical mystery",
        "vote": 0
    },
    {
        "age": null,
        "album": "",
        "author": null,
        "bookmarked": false,
        "comments": [],
        "date_published": "2024-12-04T11:36:43+00:00",
        "description": "A multidisciplinary team of researchers studied a large body of texts to find out how people in the ancient Mesopotamian region (within modern day Iraq) experienced emotions in their bodies thousands of years ago.",
        "id": 1645170,
        "language": "en-us",
        "link": "https://www.sciencedaily.com/releases/2024/12/241204113643.htm",
        "manual_status_code": 0,
        "page_rating": 27,
        "page_rating_contents": 86,
        "page_rating_visits": 0,
        "page_rating_votes": 0,
        "permanent": false,
        "source__id": 188,
        "source_url": "https://www.sciencedaily.com/rss/all.xml",
        "status_code": 0,
        "tags": [],
        "thumbnail": null,
        "title": "We might feel love in our fingertips ---- but did the Ancient Mesopotamians?",
        "vote": 0
    },
    {
        "age": null,
        "album": "",
        "author": null,
        "bookmarked": false,
        "comments": [],
        "date_published": "2024-12-04T11:36:40+00:00",
        "description": "New research identifies an association between glyphosate exposure in mice and symptoms of neuroinflammation, as well as accelerated Alzheimer's disease-like pathology. This study tracks both the presence and impact of glyphosate's byproducts in the brain long after exposure ends, showing an array of persistent, damaging effects on brain health. The findings suggest the brain may be much more susceptible to the damaging effects of the herbicide than previously thought. Glyphosate is one of the most pervasive herbicides used in the U.S. and worldwide.",
        "id": 1644738,
        "language": "en-us",
        "link": "https://www.sciencedaily.com/releases/2024/12/241204113640.htm",
        "manual_status_code": 0,
        "page_rating": 27,
        "page_rating_contents": 86,
        "page_rating_visits": 0,
        "page_rating_votes": 0,
        "permanent": false,
        "source__id": 188,
        "source_url": "https://www.sciencedaily.com/rss/all.xml",
        "status_code": 0,
        "tags": [],
        "thumbnail": null,
        "title": "Lasting effects of common herbicide on brain health",
        "vote": 0
    },
    {
        "age": null,
        "album": "",
        "author": null,
        "bookmarked": false,
        "comments": [],
        "date_published": "2024-12-04T11:36:37+00:00",
        "description": "Researchers have developed a novel computational pipeline designed to identify protein biomarkers associated with complex diseases, including Alzheimer's disease (AD). This innovative tool analyzes biomarkers that can induce 3D structural changes in proteins, providing critical insights into disease mechanisms and highlighting potential targets for therapeutic intervention. The findings could lead to advancements in early detection and treatment strategies for Alzheimer's disease, which has long eluded effective therapies.",
        "id": 1645171,
        "language": "en-us",
        "link": "https://www.sciencedaily.com/releases/2024/12/241204113637.htm",
        "manual_status_code": 0,
        "page_rating": 27,
        "page_rating_contents": 86,
        "page_rating_visits": 0,
        "page_rating_votes": 0,
        "permanent": false,
        "source__id": 188,
        "source_url": "https://www.sciencedaily.com/rss/all.xml",
        "status_code": 0,
        "tags": [],
        "thumbnail": null,
        "title": "Novel all-in-one computational pipeline identifies protein biomarkers associated with Alzheimer's disease and predicts 3D structural alterations",
        "vote": 0
    },
    {
        "age": null,
        "album": "",
        "author": null,
        "bookmarked": false,
        "comments": [],
        "date_published": "2024-12-04T11:36:33+00:00",
        "description": "Researchers have developed a revolutionary bone graft substitute inspired by coral which not only promotes faster healing but dissolves naturally in the body after the repair is complete.",
        "id": 1645172,
        "language": "en-us",
        "link": "https://www.sciencedaily.com/releases/2024/12/241204113633.htm",
        "manual_status_code": 0,
        "page_rating": 27,
        "page_rating_contents": 86,
        "page_rating_visits": 0,
        "page_rating_votes": 0,
        "permanent": false,
        "source__id": 188,
        "source_url": "https://www.sciencedaily.com/rss/all.xml",
        "status_code": 0,
        "tags": [],
        "thumbnail": null,
        "title": "Scientists develop coral-inspired material to revolutionize bone repair",
        "vote": 0
    },
    {
        "age": null,
        "album": "",
        "author": null,
        "bookmarked": false,
        "comments": [],
        "date_published": "2024-12-04T11:35:37+00:00",
        "description": "Access to psychotherapy has risen substantially among U.S. adults with mild to moderate distress since 2018, according to a new study. The increase in psychotherapy use is particularly notable among younger adults, women, college-educated individuals, and those with higher family incomes. Privately insured individuals also experienced greater gains in psychotherapy use compared to those who are publicly insured or uninsured.",
        "id": 1645173,
        "language": "en-us",
        "link": "https://www.sciencedaily.com/releases/2024/12/241204113537.htm",
        "manual_status_code": 0,
        "page_rating": 27,
        "page_rating_contents": 86,
        "page_rating_visits": 0,
        "page_rating_votes": 0,
        "permanent": false,
        "source__id": 188,
        "source_url": "https://www.sciencedaily.com/rss/all.xml",
        "status_code": 0,
        "tags": [],
        "thumbnail": null,
        "title": "Study shows significant rise in psychotherapy use among adults, but gains are uneven across socioeconomic groups",
        "vote": 0
    },
    {
        "age": null,
        "album": "",
        "author": null,
        "bookmarked": false,
        "comments": [],
        "date_published": "2024-12-04T11:35:27+00:00",
        "description": "Some people bounce back from trauma, but others get caught in depressive loops that sap the joy from their lives.",
        "id": 1645174,
        "language": "en-us",
        "link": "https://www.sciencedaily.com/releases/2024/12/241204113527.htm",
        "manual_status_code": 0,
        "page_rating": 27,
        "page_rating_contents": 86,
        "page_rating_visits": 0,
        "page_rating_votes": 0,
        "permanent": false,
        "source__id": 188,
        "source_url": "https://www.sciencedaily.com/rss/all.xml",
        "status_code": 0,
        "tags": [],
        "thumbnail": null,
        "title": "The surprising effect of stress on your brain\u2019s reward system",
        "vote": 0
    }
]