[
    {
        "age": null,
        "album": "",
        "author": null,
        "bookmarked": false,
        "comments": [],
        "date_published": "2024-12-04T23:05:49+00:00",
        "description": "Roll 4 Ruins is a print-and-play solo dungeon crawler that blends strategic dice mechanics with immersive dungeon exploration. Designed for players who enjoy a challenge and a DIY approach, the game allows adventurers to assemble their own dungeon experience in minutes. Players step into the role of a daring adventurer, navigating through dungeons filled with...",
        "id": 1645656,
        "language": "en-US",
        "link": "https://www.tabletopgamingnews.com/roll-4-ruins-brings-strategic-solo-dungeon-crawling-to-kickstarter/?utm_source=rss&utm_medium=rss&utm_campaign=roll-4-ruins-brings-strategic-solo-dungeon-crawling-to-kickstarter",
        "manual_status_code": 0,
        "page_rating": 27,
        "page_rating_contents": 86,
        "page_rating_visits": 0,
        "page_rating_votes": 0,
        "permanent": false,
        "source__id": 321,
        "source_url": "https://www.tabletopgamingnews.com/feed",
        "status_code": 0,
        "tags": [],
        "thumbnail": null,
        "title": "Roll 4 Ruins Brings Strategic Solo Dungeon Crawling to Kickstarter",
        "vote": 0
    },
    {
        "age": null,
        "album": "",
        "author": null,
        "bookmarked": false,
        "comments": [],
        "date_published": "2024-12-04T22:53:49+00:00",
        "description": "Solarian Games and TotalCon have introduced the James Carpio Memorial Golden Fez Awards to honor the memory of James Carpio, co-founder of Solarian Games, who passed away earlier this year. These awards aim to recognize creativity, innovation, and fun in tabletop role-playing games The awards are open to TTRPGs released in 2024, with an exception...",
        "id": 1645657,
        "language": "en-US",
        "link": "https://www.tabletopgamingnews.com/solarian-games-and-totalcon-announce-the-james-carpio-memorial-golden-fez-awards/?utm_source=rss&utm_medium=rss&utm_campaign=solarian-games-and-totalcon-announce-the-james-carpio-memorial-golden-fez-awards",
        "manual_status_code": 0,
        "page_rating": 27,
        "page_rating_contents": 86,
        "page_rating_visits": 0,
        "page_rating_votes": 0,
        "permanent": false,
        "source__id": 321,
        "source_url": "https://www.tabletopgamingnews.com/feed",
        "status_code": 0,
        "tags": [],
        "thumbnail": null,
        "title": "Solarian Games and TotalCon Announce the James Carpio Memorial Golden Fez Awards",
        "vote": 0
    },
    {
        "age": null,
        "album": "",
        "author": null,
        "bookmarked": false,
        "comments": [],
        "date_published": "2024-12-04T22:38:53+00:00",
        "description": "Osprey Games has announced Ofrenda, a new card-placement game designed by Orlando S\u00e1 and Andr\u00e9 Santos, with artwork by Alex Herrer\u00edas. The game is rooted in the traditions of D\u00eda de los Muertos, offering players an opportunity to create vibrant altars in remembrance of loved ones. In the game, players work to assemble an ofrenda,...",
        "id": 1645658,
        "language": "en-US",
        "link": "https://www.tabletopgamingnews.com/osprey-games-announces-ofrenda-inspired-by-dia-de-los-muertos/?utm_source=rss&utm_medium=rss&utm_campaign=osprey-games-announces-ofrenda-inspired-by-dia-de-los-muertos",
        "manual_status_code": 0,
        "page_rating": 27,
        "page_rating_contents": 86,
        "page_rating_visits": 0,
        "page_rating_votes": 0,
        "permanent": false,
        "source__id": 321,
        "source_url": "https://www.tabletopgamingnews.com/feed",
        "status_code": 0,
        "tags": [],
        "thumbnail": null,
        "title": "Osprey Games Announces Ofrenda, Inspired by D\u00eda de los Muertos",
        "vote": 0
    },
    {
        "age": null,
        "album": "",
        "author": null,
        "bookmarked": false,
        "comments": [],
        "date_published": "2024-12-04T22:35:06+00:00",
        "description": "Hitpoint Press has announced the release of two new additions to the Humblewood setting. Humblewood Tales and Humblewood: For Want of a Nail are now available, offering new ways for players and game masters to explore the world of Alderheart. Humblewood Tales is a comprehensive sourcebook that expands on the lore and locations of the...",
        "id": 1645659,
        "language": "en-US",
        "link": "https://www.tabletopgamingnews.com/new-humblewood-releases-by-hitpoint-press/?utm_source=rss&utm_medium=rss&utm_campaign=new-humblewood-releases-by-hitpoint-press",
        "manual_status_code": 0,
        "page_rating": 27,
        "page_rating_contents": 86,
        "page_rating_visits": 0,
        "page_rating_votes": 0,
        "permanent": false,
        "source__id": 321,
        "source_url": "https://www.tabletopgamingnews.com/feed",
        "status_code": 0,
        "tags": [],
        "thumbnail": null,
        "title": "New Humblewood Releases by Hitpoint Press",
        "vote": 0
    }
]