[
    {
        "age": null,
        "album": "",
        "author": null,
        "bookmarked": false,
        "comments": [],
        "date_published": "2024-12-04T22:00:16.435479+00:00",
        "description": "W \u015brod\u0119 na ul. Turniowej w Poznaniu.",
        "id": 1645081,
        "language": null,
        "link": "https://epoznan.pl/news-news-157628-doszlo_do_awarii_wodociagowej_zajety_byl_jeden_pas_ruchu?rss=1",
        "manual_status_code": 0,
        "page_rating": 32,
        "page_rating_contents": 100,
        "page_rating_visits": 0,
        "page_rating_votes": 0,
        "permanent": false,
        "source__id": 98,
        "source_url": "https://epoznan.pl/rss",
        "status_code": 0,
        "tags": [],
        "thumbnail": null,
        "title": "Dosz\u0142o do awarii wodoci\u0105gowej. Zaj\u0119ty by\u0142 jeden pas ruchu",
        "vote": 0
    },
    {
        "age": null,
        "album": "",
        "author": null,
        "bookmarked": false,
        "comments": [],
        "date_published": "2024-12-04T21:58:00+00:00",
        "description": "Sytuacj\u0119 przy ul. Husarskiej opisuje Czytelnik epoznan.pl.",
        "id": 1645082,
        "language": null,
        "link": "https://epoznan.pl/news-news-157627-zbyt_waski_przejazd_miedzy_zaparkowanymi_samochodami_smieciarka_wjezdza_niemal_na_styk_w_latach_60_tych_nie_przewidzieli_rozwoju_motoryzacji?rss=1",
        "manual_status_code": 0,
        "page_rating": 32,
        "page_rating_contents": 100,
        "page_rating_visits": 0,
        "page_rating_votes": 0,
        "permanent": false,
        "source__id": 98,
        "source_url": "https://epoznan.pl/rss",
        "status_code": 0,
        "tags": [],
        "thumbnail": null,
        "title": "Zbyt w\u0105ski przejazd mi\u0119dzy zaparkowanymi samochodami. \u015amieciarka wje\u017cd\u017ca niemal na styk. &quot;W latach 60-tych nie przewidzieli rozwoju motoryzacji&quot;",
        "vote": 0
    },
    {
        "age": null,
        "album": "",
        "author": null,
        "bookmarked": false,
        "comments": [],
        "date_published": "2024-12-04T20:54:27.314205+00:00",
        "description": "Chodzi o instruktora nauki p\u0142ywania.",
        "id": 1644649,
        "language": null,
        "link": "https://epoznan.pl/news-news-157626-tarnowskie_termy_poszukuja_pracownika_zobacz_jakie_trzeba_spelniac_wymogi?rss=1",
        "manual_status_code": 0,
        "page_rating": 32,
        "page_rating_contents": 100,
        "page_rating_visits": 0,
        "page_rating_votes": 0,
        "permanent": false,
        "source__id": 98,
        "source_url": "https://epoznan.pl/rss",
        "status_code": 0,
        "tags": [],
        "thumbnail": null,
        "title": "Tarnowskie Termy poszukuj\u0105 pracownika. Zobacz, jakie trzeba spe\u0142nia\u0107 wymogi",
        "vote": 0
    },
    {
        "age": null,
        "album": "",
        "author": null,
        "bookmarked": false,
        "comments": [],
        "date_published": "2024-12-04T20:51:00+00:00",
        "description": "W \u015brod\u0119 w godzinach wieczornych dosz\u0142o do po\u017caru na os. Lotnictwa Polskiego w Poznaniu.",
        "id": 1644650,
        "language": null,
        "link": "https://epoznan.pl/news-news-157625-pozar_w_piwnicy_siedem_zastepow_strazy_pozarnej_prowadzilo_akcje_gasnicza_ewakuowano_mieszkancow?rss=1",
        "manual_status_code": 0,
        "page_rating": 32,
        "page_rating_contents": 100,
        "page_rating_visits": 0,
        "page_rating_votes": 0,
        "permanent": false,
        "source__id": 98,
        "source_url": "https://epoznan.pl/rss",
        "status_code": 0,
        "tags": [],
        "thumbnail": null,
        "title": "Po\u017car w piwnicy. Siedem zast\u0119p\u00f3w stra\u017cy po\u017carnej prowadzi\u0142o akcj\u0119 ga\u015bnicz\u0105. &quot;Ewakuowano mieszka\u0144c\u00f3w&quot;",
        "vote": 0
    },
    {
        "age": null,
        "album": "",
        "author": null,
        "bookmarked": false,
        "comments": [],
        "date_published": "2024-12-04T18:44:11.429885+00:00",
        "description": "Do zdarzenia dosz\u0142o w \u015brod\u0119 w godzinach wieczornych na al. Wielkopolskiej.",
        "id": 1643730,
        "language": null,
        "link": "https://epoznan.pl/news-news-157622-pasazerka_przewrocila_sie_w_tramwaju_wezwano_na_miejsce_karetke_ruch_tramwajowy_byl_wstrzymany?rss=1",
        "manual_status_code": 0,
        "page_rating": 32,
        "page_rating_contents": 100,
        "page_rating_visits": 0,
        "page_rating_votes": 0,
        "permanent": false,
        "source__id": 98,
        "source_url": "https://epoznan.pl/rss",
        "status_code": 0,
        "tags": [],
        "thumbnail": null,
        "title": "Pasa\u017cerka przewr\u00f3ci\u0142a si\u0119 w tramwaju. Wezwano na miejsce karetk\u0119. Ruch tramwajowy by\u0142 wstrzymany",
        "vote": 0
    },
    {
        "age": null,
        "album": "",
        "author": null,
        "bookmarked": false,
        "comments": [],
        "date_published": "2024-12-04T18:44:11.292346+00:00",
        "description": "Czytelnicy epoznan.pl sygnalizowali o ogromnym korku na ul. Krzywoustego w Poznaniu.",
        "id": 1643729,
        "language": null,
        "link": "https://epoznan.pl/news-news-157623-dwie_kolizje_na_jednej_ulicy_i_ogromny_korek?rss=1",
        "manual_status_code": 0,
        "page_rating": 32,
        "page_rating_contents": 100,
        "page_rating_visits": 0,
        "page_rating_votes": 0,
        "permanent": false,
        "source__id": 98,
        "source_url": "https://epoznan.pl/rss",
        "status_code": 0,
        "tags": [],
        "thumbnail": null,
        "title": "Dwie kolizje na jednej ulicy i ogromny korek",
        "vote": 0
    },
    {
        "age": null,
        "album": "",
        "author": null,
        "bookmarked": false,
        "comments": [],
        "date_published": "2024-12-04T16:34:53.343104+00:00",
        "description": "Prace r\u00f3wnie\u017c dotyczy\u0142y zapory wodnej.",
        "id": 1642638,
        "language": null,
        "link": "https://epoznan.pl/news-news-157620-prowadzili_dzialania_porzadkowe_przy_spalonym_moscie_na_strzeszynku?rss=1",
        "manual_status_code": 0,
        "page_rating": 32,
        "page_rating_contents": 100,
        "page_rating_visits": 0,
        "page_rating_votes": 0,
        "permanent": false,
        "source__id": 98,
        "source_url": "https://epoznan.pl/rss",
        "status_code": 0,
        "tags": [],
        "thumbnail": null,
        "title": "Prowadzili dzia\u0142ania porz\u0105dkowe przy spalonym mo\u015bcie na Strzeszynku",
        "vote": 0
    },
    {
        "age": null,
        "album": "",
        "author": null,
        "bookmarked": false,
        "comments": [],
        "date_published": "2024-12-04T16:34:53.031045+00:00",
        "description": "To gratka dla mi\u0142o\u015bnik\u00f3w kolejki parkowej Maltanka.",
        "id": 1642637,
        "language": null,
        "link": "https://epoznan.pl/news-news-157621-mikolajkowa_kolejka_maltanka_z_ogrzewanymi_wagonami_wiemy_kiedy_bedzie_mozna_sie_nia_przejechac?rss=1",
        "manual_status_code": 0,
        "page_rating": 32,
        "page_rating_contents": 100,
        "page_rating_visits": 0,
        "page_rating_votes": 0,
        "permanent": false,
        "source__id": 98,
        "source_url": "https://epoznan.pl/rss",
        "status_code": 0,
        "tags": [],
        "thumbnail": null,
        "title": "Miko\u0142ajkowa kolejka Maltanka z ogrzewanymi wagonami. Wiemy, kiedy b\u0119dzie mo\u017cna si\u0119 ni\u0105 przejecha\u0107",
        "vote": 0
    },
    {
        "age": null,
        "album": "",
        "author": null,
        "bookmarked": false,
        "comments": [],
        "date_published": "2024-12-04T14:24:30.537489+00:00",
        "description": "Ma sp\u0119dzi\u0107 w wi\u0119zieniu 9 lat.",
        "id": 1641618,
        "language": null,
        "link": "https://epoznan.pl/news-news-157617-zgwalcil_7_miesieczna_corke_partnerki_ktora_sie_opiekowal_uslyszal_wyrok?rss=1",
        "manual_status_code": 0,
        "page_rating": 32,
        "page_rating_contents": 100,
        "page_rating_visits": 0,
        "page_rating_votes": 0,
        "permanent": false,
        "source__id": 98,
        "source_url": "https://epoznan.pl/rss",
        "status_code": 0,
        "tags": [],
        "thumbnail": null,
        "title": "Zgwa\u0142ci\u0142 7-miesi\u0119czn\u0105 c\u00f3rk\u0119 partnerki, kt\u00f3r\u0105 si\u0119 opiekowa\u0142. Us\u0142ysza\u0142 wyrok",
        "vote": 0
    },
    {
        "age": null,
        "album": "",
        "author": null,
        "bookmarked": false,
        "comments": [],
        "date_published": "2024-12-04T14:24:30.309630+00:00",
        "description": "Chodzi o wypadek z Wolsztyna.",
        "id": 1641617,
        "language": null,
        "link": "https://epoznan.pl/news-news-157615-smiertelny_wypadek_spowodowany_przez_24_latka_sa_nowe_bulwersujace_informacje?rss=1",
        "manual_status_code": 0,
        "page_rating": 32,
        "page_rating_contents": 100,
        "page_rating_visits": 0,
        "page_rating_votes": 0,
        "permanent": false,
        "source__id": 98,
        "source_url": "https://epoznan.pl/rss",
        "status_code": 0,
        "tags": [],
        "thumbnail": null,
        "title": "\u015amiertelny wypadek spowodowany przez 24-latka. S\u0105 nowe bulwersuj\u0105ce informacje",
        "vote": 0
    },
    {
        "age": null,
        "album": "",
        "author": null,
        "bookmarked": false,
        "comments": [],
        "date_published": "2024-12-04T14:24:30.021670+00:00",
        "description": "Zaniepokojony Czytelnik napisa\u0142 w \u015brod\u0119 do redakcji epoznan.pl",
        "id": 1641616,
        "language": null,
        "link": "https://epoznan.pl/news-news-157619-co_sie_stalo_na_ul_smolnej_trzy_wozy_strazackie_na_sygnale?rss=1",
        "manual_status_code": 0,
        "page_rating": 32,
        "page_rating_contents": 100,
        "page_rating_visits": 0,
        "page_rating_votes": 0,
        "permanent": false,
        "source__id": 98,
        "source_url": "https://epoznan.pl/rss",
        "status_code": 0,
        "tags": [],
        "thumbnail": null,
        "title": "&quot;Co si\u0119 sta\u0142o na ul. Smolnej&quot;? Trzy wozy stra\u017cackie na sygnale",
        "vote": 0
    },
    {
        "age": null,
        "album": "",
        "author": null,
        "bookmarked": false,
        "comments": [],
        "date_published": "2024-12-04T14:21:00+00:00",
        "description": "Jest stosowany w trakcie chemioterapii.",
        "id": 1641619,
        "language": null,
        "link": "https://epoznan.pl/news-news-157616-poznanski_szpital_wprowadza_innowacje_dla_pacjentow_onkologicznych_specjalny_czepek_daje_szanse_na_zachowanie_wlosow?rss=1",
        "manual_status_code": 0,
        "page_rating": 32,
        "page_rating_contents": 100,
        "page_rating_visits": 0,
        "page_rating_votes": 0,
        "permanent": false,
        "source__id": 98,
        "source_url": "https://epoznan.pl/rss",
        "status_code": 0,
        "tags": [],
        "thumbnail": null,
        "title": "Pozna\u0144ski szpital wprowadza innowacj\u0119 dla pacjent\u00f3w onkologicznych. Specjalny czepek daje szans\u0119 na zachowanie w\u0142os\u00f3w",
        "vote": 0
    },
    {
        "age": null,
        "album": "",
        "author": null,
        "bookmarked": false,
        "comments": [],
        "date_published": "2024-12-04T13:19:24.060936+00:00",
        "description": "Chodzi prace na linii kolejowej Pozna\u0144 - Pi\u0142a w Obornikach.",
        "id": 1641154,
        "language": null,
        "link": "https://epoznan.pl/news-news-157605-dodatkowy_tor_i_nowa_nitka_mostu_na_warcie_w_regionie_koniec_waskiego_gardla_jest_przetarg_na_spora_inwestycje?rss=1",
        "manual_status_code": 0,
        "page_rating": 32,
        "page_rating_contents": 100,
        "page_rating_visits": 0,
        "page_rating_votes": 0,
        "permanent": false,
        "source__id": 98,
        "source_url": "https://epoznan.pl/rss",
        "status_code": 0,
        "tags": [],
        "thumbnail": null,
        "title": "Dodatkowy tor i nowa nitka mostu na Warcie w regionie: koniec &quot;w\u0105skiego gard\u0142a&quot;. Jest przetarg na spor\u0105 inwestycj\u0119!",
        "vote": 0
    },
    {
        "age": null,
        "album": "",
        "author": null,
        "bookmarked": false,
        "comments": [],
        "date_published": "2024-12-04T13:19:23.924329+00:00",
        "description": "Chodzi o Wilczy M\u0142yn.",
        "id": 1641153,
        "language": null,
        "link": "https://epoznan.pl/news-news-157613-na_poznanskim_osiedlu_pekaja_domy_i_zapada_sie_ziemia?rss=1",
        "manual_status_code": 0,
        "page_rating": 32,
        "page_rating_contents": 100,
        "page_rating_visits": 0,
        "page_rating_votes": 0,
        "permanent": false,
        "source__id": 98,
        "source_url": "https://epoznan.pl/rss",
        "status_code": 0,
        "tags": [],
        "thumbnail": null,
        "title": "Na pozna\u0144skim osiedlu p\u0119kaj\u0105 domy i zapada si\u0119 ziemia",
        "vote": 0
    },
    {
        "age": null,
        "album": "",
        "author": null,
        "bookmarked": false,
        "comments": [],
        "date_published": "2024-12-04T13:16:00+00:00",
        "description": "19-latek da\u0142 upust emocjom pod os\u0142on\u0105 nocy.",
        "id": 1641155,
        "language": null,
        "link": "https://epoznan.pl/news-news-157611-byl_pijany_i_zly_skopal_4_auta_zaparkowane_na_osiedlu_straty_na_kilka_tysiecy_zlotych?rss=1",
        "manual_status_code": 0,
        "page_rating": 32,
        "page_rating_contents": 100,
        "page_rating_visits": 0,
        "page_rating_votes": 0,
        "permanent": false,
        "source__id": 98,
        "source_url": "https://epoznan.pl/rss",
        "status_code": 0,
        "tags": [],
        "thumbnail": null,
        "title": "By\u0142 pijany i z\u0142y, skopa\u0142 4 auta zaparkowane na osiedlu. Straty na kilka tysi\u0119cy z\u0142otych",
        "vote": 0
    },
    {
        "age": null,
        "album": "",
        "author": null,
        "bookmarked": false,
        "comments": [],
        "date_published": "2024-12-04T12:14:14.054935+00:00",
        "description": "Interwencji jest sporo.",
        "id": 1640782,
        "language": null,
        "link": "https://epoznan.pl/news-news-157609-w_kilka_tygodni_ponad_1000_zgloszen_w_sprawie_bezdomnych_i_lezacych_osob_w_miescie_mozna_uratowac_zycie?rss=1",
        "manual_status_code": 0,
        "page_rating": 32,
        "page_rating_contents": 100,
        "page_rating_visits": 0,
        "page_rating_votes": 0,
        "permanent": false,
        "source__id": 98,
        "source_url": "https://epoznan.pl/rss",
        "status_code": 0,
        "tags": [],
        "thumbnail": null,
        "title": "W kilka tygodni ponad 1000 zg\u0142osze\u0144 w sprawie bezdomnych i le\u017c\u0105cych os\u00f3b w mie\u015bcie. &quot;Mo\u017cna uratowa\u0107 \u017cycie&quot;",
        "vote": 0
    },
    {
        "age": null,
        "album": "",
        "author": null,
        "bookmarked": false,
        "comments": [],
        "date_published": "2024-12-04T11:09:07.530564+00:00",
        "description": "Chodzi o ulice na Ostrowie Tumskim.",
        "id": 1640403,
        "language": null,
        "link": "https://epoznan.pl/news-news-157607-ciezki_sprzet_jezdzacy_na_budowe_nowych_mostow_uszkodzil_ulice_bedzie_remont_i_zmiana_w_organizacji_ruchu?rss=1",
        "manual_status_code": 0,
        "page_rating": 32,
        "page_rating_contents": 100,
        "page_rating_visits": 0,
        "page_rating_votes": 0,
        "permanent": false,
        "source__id": 98,
        "source_url": "https://epoznan.pl/rss",
        "status_code": 0,
        "tags": [],
        "thumbnail": null,
        "title": "Ci\u0119\u017cki sprz\u0119t je\u017cd\u017c\u0105cy na budow\u0119 nowych most\u00f3w uszkodzi\u0142 ulice, b\u0119dzie remont i zmiana w organizacji ruchu",
        "vote": 0
    },
    {
        "age": null,
        "album": "",
        "author": null,
        "bookmarked": false,
        "comments": [],
        "date_published": "2024-12-04T11:09:07.397243+00:00",
        "description": "Wracamy do sprawy z ulicy Galla Anonima.",
        "id": 1640402,
        "language": null,
        "link": "https://epoznan.pl/news-news-157612-wyrzucala_meble_z_mieszkania_przez_okno_pozniej_doszlo_w_nim_do_pozaru_mieszkanka_zatrzymana?rss=1",
        "manual_status_code": 0,
        "page_rating": 32,
        "page_rating_contents": 100,
        "page_rating_visits": 0,
        "page_rating_votes": 0,
        "permanent": false,
        "source__id": 98,
        "source_url": "https://epoznan.pl/rss",
        "status_code": 0,
        "tags": [],
        "thumbnail": null,
        "title": "Wyrzuca\u0142a meble z mieszkania przez okno, p\u00f3\u017aniej dosz\u0142o w nim do po\u017caru. Mieszkanka zatrzymana",
        "vote": 0
    },
    {
        "age": null,
        "album": "",
        "author": null,
        "bookmarked": false,
        "comments": [],
        "date_published": "2024-12-04T10:04:42.975490+00:00",
        "description": "Inspektorzy WITD i policjanci sprawdzaj\u0105 taks\u00f3wkarzy i osoby wykonuj\u0105ce przewozy os\u00f3b na aplikacj\u0119.",
        "id": 1640119,
        "language": null,
        "link": "https://epoznan.pl/news-news-157608-zmasowana_kontrola_przy_poznaniu_glownym?rss=1",
        "manual_status_code": 0,
        "page_rating": 32,
        "page_rating_contents": 100,
        "page_rating_visits": 0,
        "page_rating_votes": 0,
        "permanent": false,
        "source__id": 98,
        "source_url": "https://epoznan.pl/rss",
        "status_code": 0,
        "tags": [],
        "thumbnail": null,
        "title": "Zmasowana kontrola przy Poznaniu G\u0142\u00f3wnym",
        "vote": 0
    },
    {
        "age": null,
        "album": "",
        "author": null,
        "bookmarked": false,
        "comments": [],
        "date_published": "2024-12-04T10:04:42.848371+00:00",
        "description": "Zacz\u0119\u0142o si\u0119 we wrze\u015bniu w Trzciance.",
        "id": 1640118,
        "language": null,
        "link": "https://epoznan.pl/news-news-157606-zatrzymano_szajke_zlodziei_samochodow_i_zlikwidowano_dziuple_dzialali_nie_tylko_w_wielkopolsce?rss=1",
        "manual_status_code": 0,
        "page_rating": 32,
        "page_rating_contents": 100,
        "page_rating_visits": 0,
        "page_rating_votes": 0,
        "permanent": false,
        "source__id": 98,
        "source_url": "https://epoznan.pl/rss",
        "status_code": 0,
        "tags": [],
        "thumbnail": null,
        "title": "Zatrzymano szajk\u0119 z\u0142odziei samochod\u00f3w i zlikwidowano dziupl\u0119. Dzia\u0142ali nie tylko w Wielkopolsce",
        "vote": 0
    },
    {
        "age": null,
        "album": "",
        "author": null,
        "bookmarked": false,
        "comments": [],
        "date_published": "2024-12-04T10:04:42.716500+00:00",
        "description": "Stra\u017cak\u00f3w wezwano do po\u017caru drzwi.",
        "id": 1640117,
        "language": null,
        "link": "https://epoznan.pl/news-news-157610-4_zastepy_strazakow_na_garbarach_duzy_korek?rss=1",
        "manual_status_code": 0,
        "page_rating": 32,
        "page_rating_contents": 100,
        "page_rating_visits": 0,
        "page_rating_votes": 0,
        "permanent": false,
        "source__id": 98,
        "source_url": "https://epoznan.pl/rss",
        "status_code": 0,
        "tags": [],
        "thumbnail": null,
        "title": "4 zast\u0119py stra\u017cak\u00f3w na Garbarach, du\u017cy korek!",
        "vote": 0
    },
    {
        "age": null,
        "album": "",
        "author": null,
        "bookmarked": false,
        "comments": [],
        "date_published": "2024-12-04T09:01:00+00:00",
        "description": "Ka\u017cdy mo\u017ce wzi\u0105\u0107 udzia\u0142.",
        "id": 1640404,
        "language": null,
        "link": "https://epoznan.pl/news-news-157601-miasto_zbliza_sie_do_realizacji_nowej_trasy_tramwajowej_bedzie_spotkanie_ogloszono_przetarg?rss=1",
        "manual_status_code": 0,
        "page_rating": 32,
        "page_rating_contents": 100,
        "page_rating_visits": 0,
        "page_rating_votes": 0,
        "permanent": false,
        "source__id": 98,
        "source_url": "https://epoznan.pl/rss",
        "status_code": 0,
        "tags": [],
        "thumbnail": null,
        "title": "Miasto zbli\u017ca si\u0119 do realizacji nowej trasy tramwajowej. B\u0119dzie spotkanie, og\u0142oszono przetarg!",
        "vote": 0
    },
    {
        "age": null,
        "album": "",
        "author": null,
        "bookmarked": false,
        "comments": [],
        "date_published": "2024-12-04T08:59:49.593702+00:00",
        "description": "Ka\u017cdy mo\u017ce wzi\u0105\u0107 udzia\u0142.",
        "id": 1639860,
        "language": null,
        "link": "https://epoznan.pl/news-news-157601-miasto_zbliza_sie_do_realizacji_nowej_trasy_tramwajowej_bedzie_spotkanie?rss=1",
        "manual_status_code": 0,
        "page_rating": 32,
        "page_rating_contents": 100,
        "page_rating_visits": 0,
        "page_rating_votes": 0,
        "permanent": false,
        "source__id": 98,
        "source_url": "https://epoznan.pl/rss",
        "status_code": 0,
        "tags": [],
        "thumbnail": null,
        "title": "Miasto zbli\u017ca si\u0119 do realizacji nowej trasy tramwajowej. B\u0119dzie spotkanie!",
        "vote": 0
    },
    {
        "age": null,
        "album": "",
        "author": null,
        "bookmarked": false,
        "comments": [],
        "date_published": "2024-12-04T08:59:49.312682+00:00",
        "description": "I spotkania z influencerami.",
        "id": 1639859,
        "language": null,
        "link": "https://epoznan.pl/news-news-157602-popularny_sklep_z_elektronika_otwiera_sie_w_poznaniu_w_nowej_odslonie_promocje_na_start?rss=1",
        "manual_status_code": 0,
        "page_rating": 32,
        "page_rating_contents": 100,
        "page_rating_visits": 0,
        "page_rating_votes": 0,
        "permanent": false,
        "source__id": 98,
        "source_url": "https://epoznan.pl/rss",
        "status_code": 0,
        "tags": [],
        "thumbnail": null,
        "title": "Popularny sklep z elektronik\u0105 otwiera si\u0119 w Poznaniu w nowej ods\u0142onie. Promocje na start",
        "vote": 0
    },
    {
        "age": null,
        "album": "",
        "author": null,
        "bookmarked": false,
        "comments": [],
        "date_published": "2024-12-04T07:53:52.328297+00:00",
        "description": "Byli na tyle skromni, \u017ce nie pochwalili si\u0119 prze\u0142o\u017conym swoim wyczynem. Ci o sprawie dowiedzieli si\u0119 dzi\u0119ki nam.",
        "id": 1639662,
        "language": null,
        "link": "https://epoznan.pl/news-news-157600-policjanci_uratowali_zycie_zaginionemu_mlodemu_mezczyznie_szacun_panowie?rss=1",
        "manual_status_code": 0,
        "page_rating": 32,
        "page_rating_contents": 100,
        "page_rating_visits": 0,
        "page_rating_votes": 0,
        "permanent": false,
        "source__id": 98,
        "source_url": "https://epoznan.pl/rss",
        "status_code": 0,
        "tags": [],
        "thumbnail": null,
        "title": "Policjanci uratowali \u017cycie zaginionemu m\u0142odemu m\u0119\u017cczy\u017anie. &quot;Szacun Panowie!&quot;",
        "vote": 0
    },
    {
        "age": null,
        "album": "",
        "author": null,
        "bookmarked": false,
        "comments": [],
        "date_published": "2024-12-04T07:53:52.195414+00:00",
        "description": "Do wypadku dosz\u0142o chwil\u0119 przed 8.00 w Z\u0142otkowie.",
        "id": 1639661,
        "language": null,
        "link": "https://epoznan.pl/news-news-157603-zderzenie_dwoch_aut_pod_poznaniem_duze_korki?rss=1",
        "manual_status_code": 0,
        "page_rating": 32,
        "page_rating_contents": 100,
        "page_rating_visits": 0,
        "page_rating_votes": 0,
        "permanent": false,
        "source__id": 98,
        "source_url": "https://epoznan.pl/rss",
        "status_code": 0,
        "tags": [],
        "thumbnail": null,
        "title": "Zderzenie dw\u00f3ch aut pod Poznaniem. Du\u017ce korki!",
        "vote": 0
    },
    {
        "age": null,
        "album": "",
        "author": null,
        "bookmarked": false,
        "comments": [],
        "date_published": "2024-12-04T06:49:11.825868+00:00",
        "description": "Do zdarzenia dosz\u0142o oko\u0142o 5.35 w rejonie Kleszczewa.",
        "id": 1639425,
        "language": null,
        "link": "https://epoznan.pl/news-news-157598-wypadek_na_wschodniej_obwodnicy_poznania_duze_utrudnienia_na_trasie?rss=1",
        "manual_status_code": 0,
        "page_rating": 32,
        "page_rating_contents": 100,
        "page_rating_visits": 0,
        "page_rating_votes": 0,
        "permanent": false,
        "source__id": 98,
        "source_url": "https://epoznan.pl/rss",
        "status_code": 0,
        "tags": [],
        "thumbnail": null,
        "title": "Wypadek na wschodniej obwodnicy Poznania. Du\u017ce utrudnienia na trasie!",
        "vote": 0
    },
    {
        "age": null,
        "album": "",
        "author": null,
        "bookmarked": false,
        "comments": [],
        "date_published": "2024-12-04T06:49:11.506617+00:00",
        "description": "Do zdarzenia dosz\u0142o we wtorek wieczorem w Wolsztynie.",
        "id": 1639424,
        "language": null,
        "link": "https://epoznan.pl/news-news-157599-tragiczny_wypadek_nie_zyje_71_latek_sprawca_uciekl_z_miejsca_zdarzenia?rss=1",
        "manual_status_code": 0,
        "page_rating": 32,
        "page_rating_contents": 100,
        "page_rating_visits": 0,
        "page_rating_votes": 0,
        "permanent": false,
        "source__id": 98,
        "source_url": "https://epoznan.pl/rss",
        "status_code": 0,
        "tags": [],
        "thumbnail": null,
        "title": "Tragiczny wypadek. Nie \u017cyje 71-latek. Sprawca uciek\u0142 z miejsca zdarzenia",
        "vote": 0
    }
]