[
    {
        "age": null,
        "album": "",
        "author": null,
        "bookmarked": false,
        "comments": [],
        "date_published": "2024-12-04T23:01:27+00:00",
        "description": "The U.S. population experienced an estimated 151 million excess mental health disorders attributable to exposure to lead from car exhaust, according to a study.",
        "id": 1645609,
        "language": "en-US",
        "link": "https://www.nbcnews.com/health/health-news/lead-gasoline-tied-millions-excess-mental-health-disorders-study-rcna182881",
        "manual_status_code": 0,
        "page_rating": 29,
        "page_rating_contents": 91,
        "page_rating_visits": 0,
        "page_rating_votes": 0,
        "permanent": false,
        "source__id": 56,
        "source_url": "https://www.nbcnews.com/feed",
        "status_code": 0,
        "tags": [],
        "thumbnail": "https://media-cldnry.s-nbcnews.com/image/upload/t_fit_1500w/rockcms/2024-12/241204-lead-ch-1356-55b8f6.jpg",
        "title": "Lead in gasoline tied to over 150 million excess cases of mental health disorders, study suggests",
        "vote": 0
    },
    {
        "age": null,
        "album": "",
        "author": null,
        "bookmarked": false,
        "comments": [],
        "date_published": "2024-12-04T22:53:00+00:00",
        "description": "Louisiana State Treasurer John Fleming announced he would challenge GOP Sen. Bill Cassidy, who voted to convict Trump after his 2021 impeachment trial.",
        "id": 1645610,
        "language": "en-US",
        "link": "https://www.nbcnews.com/politics/congress/gop-sen-bill-cassidy-draws-primary-challenger-trump-impeachment-rcna182940",
        "manual_status_code": 0,
        "page_rating": 29,
        "page_rating_contents": 91,
        "page_rating_visits": 0,
        "page_rating_votes": 0,
        "permanent": false,
        "source__id": 56,
        "source_url": "https://www.nbcnews.com/feed",
        "status_code": 0,
        "tags": [],
        "thumbnail": "https://media-cldnry.s-nbcnews.com/image/upload/t_fit_1500w/rockcms/2022-05/220523-bill-cassidy-ac-425p-44f772.jpg",
        "title": "GOP Sen. Bill Cassidy draws primary challenger citing Trump impeachment vote",
        "vote": 0
    },
    {
        "age": null,
        "album": "",
        "author": null,
        "bookmarked": false,
        "comments": [],
        "date_published": "2024-12-04T21:56:19+00:00",
        "description": "UnitedHealthcare CEO Brian Thompson, gunned down in front of a busy New York City hotel, didn't travel with any personal security despite known threats against him.",
        "id": 1645261,
        "language": "en-US",
        "link": "https://www.nbcnews.com/news/us-news/previous-threats-slain-unitedhealthcare-ceo-brian-thompson-didnt-trave-rcna182878",
        "manual_status_code": 0,
        "page_rating": 29,
        "page_rating_contents": 91,
        "page_rating_visits": 0,
        "page_rating_votes": 0,
        "permanent": false,
        "source__id": 56,
        "source_url": "https://www.nbcnews.com/feed",
        "status_code": 0,
        "tags": [],
        "thumbnail": "https://media-cldnry.s-nbcnews.com/image/upload/t_fit_1500w/rockcms/2024-12/241204-brian-thompson-shooting-mn-1320-3d050c.jpg",
        "title": "Despite previous threats, UnitedHealthcare CEO Brian Thompson didn't travel with security",
        "vote": 0
    },
    {
        "age": null,
        "album": "",
        "author": null,
        "bookmarked": false,
        "comments": [],
        "date_published": "2024-12-04T21:45:30+00:00",
        "description": "Attorneys for President-elect Donald Trump Wednesday asked a Georgia appeals court to dismiss the Fulton County racketeering case against him because a \"sitting president is completely immune from indictment or any criminal process, state or federal.\"",
        "id": 1645259,
        "language": "en-US",
        "link": "https://www.nbcnews.com/politics/donald-trump/trump-lawyers-move-dismiss-georgia-election-interference-case-rcna182910",
        "manual_status_code": 0,
        "page_rating": 29,
        "page_rating_contents": 91,
        "page_rating_visits": 0,
        "page_rating_votes": 0,
        "permanent": false,
        "source__id": 56,
        "source_url": "https://www.nbcnews.com/feed",
        "status_code": 0,
        "tags": [],
        "thumbnail": "https://media-cldnry.s-nbcnews.com/image/upload/t_fit_1500w/rockcms/2023-12/231214-fani-willis-mn-1320-1e82df.jpg",
        "title": "Trump's lawyers move to dismiss Georgia election interference case",
        "vote": 0
    },
    {
        "age": null,
        "album": "",
        "author": null,
        "bookmarked": false,
        "comments": [],
        "date_published": "2024-12-04T21:19:14+00:00",
        "description": "Two sailors assigned to the USS George Washington died within days of each other shortly after the aircraft carrier arrived in Japan, officials and family members said.",
        "id": 1645260,
        "language": "en-US",
        "link": "https://www.nbcnews.com/news/military/two-uss-george-washington-sailors-die-japan-rcna182869",
        "manual_status_code": 0,
        "page_rating": 29,
        "page_rating_contents": 91,
        "page_rating_visits": 0,
        "page_rating_votes": 0,
        "permanent": false,
        "source__id": 56,
        "source_url": "https://www.nbcnews.com/feed",
        "status_code": 0,
        "tags": [],
        "thumbnail": "https://media-cldnry.s-nbcnews.com/image/upload/t_fit_1500w/rockcms/2024-12/241204-dimitri-morales-2-bw-se-140p-8ab2ac.jpg",
        "title": "Two USS George Washington sailors die days apart after reaching Japan, Navy says",
        "vote": 0
    },
    {
        "age": null,
        "album": "",
        "author": null,
        "bookmarked": false,
        "comments": [],
        "date_published": "2024-12-04T20:52:22+00:00",
        "description": "Longtime Rep. Jerry Nadler dropped his bid to remain the top Democrat on the House Judiciary Committee after Rep. Jamie Raskin said he would challenge him for the job.",
        "id": 1644838,
        "language": "en-US",
        "link": "https://www.nbcnews.com/politics/congress/longtime-rep-nadler-drops-bid-remain-top-democrat-judiciary-panel-chal-rcna182908",
        "manual_status_code": 0,
        "page_rating": 29,
        "page_rating_contents": 91,
        "page_rating_visits": 0,
        "page_rating_votes": 0,
        "permanent": false,
        "source__id": 56,
        "source_url": "https://www.nbcnews.com/feed",
        "status_code": 0,
        "tags": [],
        "thumbnail": "https://media-cldnry.s-nbcnews.com/image/upload/t_fit_1500w/rockcms/2024-12/241204-jerry-nadler-vl-343p-675ba5.jpg",
        "title": "Longtime Rep. Nadler drops bid to remain top Democrat on Judiciary panel after challenge",
        "vote": 0
    },
    {
        "age": null,
        "album": "",
        "author": null,
        "bookmarked": false,
        "comments": [],
        "date_published": "2024-12-04T20:12:43+00:00",
        "description": "Two national golf associations announced new gender eligibility policies Wednesday that bar transgender women who have gone through male puberty from participating in elite women\u2019s competitions.",
        "id": 1644839,
        "language": "en-US",
        "link": "https://www.nbcnews.com/nbc-out/out-news/lpga-usga-announce-new-eligibility-rules-transgender-golfers-rcna182884",
        "manual_status_code": 0,
        "page_rating": 29,
        "page_rating_contents": 91,
        "page_rating_visits": 0,
        "page_rating_votes": 0,
        "permanent": false,
        "source__id": 56,
        "source_url": "https://www.nbcnews.com/feed",
        "status_code": 0,
        "tags": [],
        "thumbnail": "https://media-cldnry.s-nbcnews.com/image/upload/t_fit_1500w/rockcms/2024-12/241204-golf-ball-ch-1413-9c7547.jpg",
        "title": "LPGA and USGA announce new eligibility rules for transgender golfers",
        "vote": 0
    },
    {
        "age": null,
        "album": "",
        "author": null,
        "bookmarked": false,
        "comments": [],
        "date_published": "2024-12-04T20:09:12+00:00",
        "description": "Trump's pick for FBI director, Kash Patel, has vowed to \"come after\" the media. But he also later emphasized to NBC News that his comments only apply if people \"broke the law.\"",
        "id": 1644837,
        "language": "en-US",
        "link": "https://www.nbcnews.com/politics/donald-trump/kash-patel-said-come-journalists-now-hangs-fbi-candidacy-rcna182661",
        "manual_status_code": 0,
        "page_rating": 29,
        "page_rating_contents": 91,
        "page_rating_visits": 0,
        "page_rating_votes": 0,
        "permanent": false,
        "source__id": 56,
        "source_url": "https://www.nbcnews.com/feed",
        "status_code": 0,
        "tags": [],
        "thumbnail": "https://media-cldnry.s-nbcnews.com/image/upload/t_fit_1500w/rockcms/2024-12/241203-kash-patel-mn-1200-b2e1ed.jpg",
        "title": "Kash Patel once said he would 'come after' journalists. It now hangs over his FBI candidacy.",
        "vote": 0
    },
    {
        "age": null,
        "album": "",
        "author": null,
        "bookmarked": false,
        "comments": [],
        "date_published": "2024-12-04T19:46:53+00:00",
        "description": "Chipotle said it's raising its menu prices by 2%, a rare direct admission about the impact that ongoing price increases in the economy are having on its finances.",
        "id": 1644401,
        "language": "en-US",
        "link": "https://www.nbcnews.com/business/consumer/chipotle-says-raising-prices-how-much-and-why-rcna182864",
        "manual_status_code": 0,
        "page_rating": 29,
        "page_rating_contents": 91,
        "page_rating_visits": 0,
        "page_rating_votes": 0,
        "permanent": false,
        "source__id": 56,
        "source_url": "https://www.nbcnews.com/feed",
        "status_code": 0,
        "tags": [],
        "thumbnail": "https://media-cldnry.s-nbcnews.com/image/upload/t_fit_1500w/rockcms/2024-12/241204-chipotle-ew-148p-7e8aba.jpg",
        "title": "Chipotle says it's raising prices 2% in response to inflation",
        "vote": 0
    },
    {
        "age": null,
        "album": "",
        "author": null,
        "bookmarked": false,
        "comments": [],
        "date_published": "2024-12-04T19:09:06+00:00",
        "description": "The judge who presided over the California tax fraud case against Hunter Biden called out the president for mischaracterizing and minimizing the charges against his son in announcing why he was pardoning him.",
        "id": 1644398,
        "language": "en-US",
        "link": "https://www.nbcnews.com/politics/joe-biden/judge-hunter-biden-case-calls-presidents-pardon-statement-attempt-rewr-rcna182825",
        "manual_status_code": 0,
        "page_rating": 29,
        "page_rating_contents": 91,
        "page_rating_visits": 0,
        "page_rating_votes": 0,
        "permanent": false,
        "source__id": 56,
        "source_url": "https://www.nbcnews.com/feed",
        "status_code": 0,
        "tags": [],
        "thumbnail": "https://media-cldnry.s-nbcnews.com/image/upload/t_fit_1500w/rockcms/2024-01/240111-hunter-biden-ew-524p-8906eb.jpg",
        "title": "Judge in Hunter Biden tax case calls president's pardon statement an attempt to 'rewrite history'",
        "vote": 0
    },
    {
        "age": null,
        "album": "",
        "author": null,
        "bookmarked": false,
        "comments": [],
        "date_published": "2024-12-04T18:59:54+00:00",
        "description": "Surveillance video captured the moment UnitedHealthcare CEO Brian Thompson was fatally shot outside a New York City hotel. Thompson was on his way to speak at UnitedHealth Group's investor conference when the gunman approached him from behind, firing multiple rounds. Police called the attack \u201cpreplanned\u201d and \u201ctargeted.\u201d",
        "id": 1644400,
        "language": "en-US",
        "link": "https://www.nbcnews.com/video/video-shows-unitedhealthcare-ceo-being-fatally-shot-226169925858",
        "manual_status_code": 0,
        "page_rating": 29,
        "page_rating_contents": 91,
        "page_rating_visits": 0,
        "page_rating_votes": 0,
        "permanent": false,
        "source__id": 56,
        "source_url": "https://www.nbcnews.com/feed",
        "status_code": 0,
        "tags": [],
        "thumbnail": "https://media-cldnry.s-nbcnews.com/image/upload/t_fit_1500w/mpx/2704722219/2024_12/f_tov_ceo_shot_241204.00_00_07_29.Still003__349307-zrz43y.jpg",
        "title": "Surveillance video captures fatal shooting of UnitedHealthcare CEO",
        "vote": 0
    },
    {
        "age": null,
        "album": "",
        "author": null,
        "bookmarked": false,
        "comments": [],
        "date_published": "2024-12-04T18:50:36+00:00",
        "description": "From a hillside overlooking the Bay of Corimba, President Joe Biden declared: \u201cThe future runs through Angola, through Africa.\u201d",
        "id": 1644402,
        "language": "en-US",
        "link": "https://www.nbcnews.com/politics/white-house/biden-marks-americas-contribution-african-infrastucture-angola-visit-rcna182865",
        "manual_status_code": 0,
        "page_rating": 29,
        "page_rating_contents": 91,
        "page_rating_visits": 0,
        "page_rating_votes": 0,
        "permanent": false,
        "source__id": 56,
        "source_url": "https://www.nbcnews.com/feed",
        "status_code": 0,
        "tags": [],
        "thumbnail": "https://media-cldnry.s-nbcnews.com/image/upload/t_fit_1500w/rockcms/2024-12/241204-joe-biden-angola-se-1247p-07efa1.jpg",
        "title": "Biden marks America's contribution to African infrastructure during Angola visit",
        "vote": 0
    },
    {
        "age": null,
        "album": "",
        "author": null,
        "bookmarked": false,
        "comments": [],
        "date_published": "2024-12-04T18:46:03+00:00",
        "description": "Donald Trump has picked billionaire Jared Isaacman to lead NASA. Isaacman has flown to space twice on commercial SpaceX missions but has not worked in government.",
        "id": 1644399,
        "language": "en-US",
        "link": "https://www.nbcnews.com/science/space/trump-picks-billionaire-jared-isaacman-lead-nasa-rcna182840",
        "manual_status_code": 0,
        "page_rating": 29,
        "page_rating_contents": 91,
        "page_rating_visits": 0,
        "page_rating_votes": 0,
        "permanent": false,
        "source__id": 56,
        "source_url": "https://www.nbcnews.com/feed",
        "status_code": 0,
        "tags": [],
        "thumbnail": "https://media-cldnry.s-nbcnews.com/image/upload/t_fit_1500w/rockcms/2024-12/241204-jared-isaacman-nasa-se-1211p-54c45d.jpg",
        "title": "Trump picks billionaire Jared Isaacman to lead NASA",
        "vote": 0
    },
    {
        "age": null,
        "album": "",
        "author": null,
        "bookmarked": false,
        "comments": [],
        "date_published": "2024-12-04T18:22:08+00:00",
        "description": "Pete Hegseth, Donald Trump\u2019s embattled pick for defense secretary, brushed aside suggestions that he would drop out and said Trump urged him to \u201ckeep fighting.\u201d",
        "id": 1643974,
        "language": "en-US",
        "link": "https://www.nbcnews.com/politics/congress/-back-embattled-hegseth-says-trump-told-keep-fighting-rcna182855",
        "manual_status_code": 0,
        "page_rating": 29,
        "page_rating_contents": 91,
        "page_rating_visits": 0,
        "page_rating_votes": 0,
        "permanent": false,
        "source__id": 56,
        "source_url": "https://www.nbcnews.com/feed",
        "status_code": 0,
        "tags": [],
        "thumbnail": "https://media-cldnry.s-nbcnews.com/image/upload/t_fit_1500w/rockcms/2024-12/241204-pete-hegseth-se1224p-1b09f8.jpg",
        "title": "'Why would I back down?': Embattled Pete Hegseth says Trump told him to keep fighting",
        "vote": 0
    },
    {
        "age": null,
        "album": "",
        "author": null,
        "bookmarked": false,
        "comments": [],
        "date_published": "2024-12-04T18:13:06+00:00",
        "description": "President-elect Donald Trump's pick for defense secretary has faced sexual assault and workplace misconduct allegations.",
        "id": 1643975,
        "language": "en-US",
        "link": "https://www.nbcnews.com/politics/donald-trump/live-blog/trump-transition-hegseth-allegations-desantis-live-updates-rcna182862",
        "manual_status_code": 0,
        "page_rating": 29,
        "page_rating_contents": 91,
        "page_rating_visits": 0,
        "page_rating_votes": 0,
        "permanent": false,
        "source__id": 56,
        "source_url": "https://www.nbcnews.com/feed",
        "status_code": 0,
        "tags": [],
        "thumbnail": "https://media-cldnry.s-nbcnews.com/image/upload/t_fit_1500w/rockcms/2024-12/241204-pete-hegseth-ew-1256p-1d3014.jpg",
        "title": "Hegseth meets with Republicans as his candidacy hangs in the balance",
        "vote": 0
    },
    {
        "age": null,
        "album": "",
        "author": null,
        "bookmarked": false,
        "comments": [],
        "date_published": "2024-12-04T17:59:09+00:00",
        "description": "A mysterious disease with flu-like symptoms has killed dozens of people in the Democratic Republic of the Congo, according to health officials.",
        "id": 1643976,
        "language": "en-US",
        "link": "https://www.nbcnews.com/health/health-news/mysterious-disease-congo-kills-dozens-rcna182804",
        "manual_status_code": 0,
        "page_rating": 29,
        "page_rating_contents": 91,
        "page_rating_visits": 0,
        "page_rating_votes": 0,
        "permanent": false,
        "source__id": 56,
        "source_url": "https://www.nbcnews.com/feed",
        "status_code": 0,
        "tags": [],
        "thumbnail": "https://media-cldnry.s-nbcnews.com/image/upload/t_fit_1500w/rockcms/2022-04/220425-world-health-organization-se-1035a-2eb14f.jpg",
        "title": "Mysterious illness in Congo has killed dozens of people, health authorities report",
        "vote": 0
    },
    {
        "age": null,
        "album": "",
        "author": null,
        "bookmarked": false,
        "comments": [],
        "date_published": "2024-12-04T17:56:24+00:00",
        "description": "Detroit Mayor Mike Duggan, a longtime Democrat, announced he's launching an independent campaign for governor of Michigan.",
        "id": 1643977,
        "language": "en-US",
        "link": "https://www.nbcnews.com/politics/elections/detroit-mayor-mike-duggan-launches-independent-run-michigan-governor-rcna182842",
        "manual_status_code": 0,
        "page_rating": 29,
        "page_rating_contents": 91,
        "page_rating_visits": 0,
        "page_rating_votes": 0,
        "permanent": false,
        "source__id": 56,
        "source_url": "https://www.nbcnews.com/feed",
        "status_code": 0,
        "tags": [],
        "thumbnail": "https://media-cldnry.s-nbcnews.com/image/upload/t_fit_1500w/rockcms/2024-12/241204-Mike-Duggan-al-1151-9c4bbd.jpg",
        "title": "Detroit Mayor Mike Duggan launches independent run for Michigan governor",
        "vote": 0
    },
    {
        "age": null,
        "album": "",
        "author": null,
        "bookmarked": false,
        "comments": [],
        "date_published": "2024-12-04T17:00:17+00:00",
        "description": "Cathay Pacific removed the episode of the animated series from its in-flight entertainment system after a complaint that it could violate China's national security laws.",
        "id": 1643427,
        "language": "en-US",
        "link": "https://www.nbcnews.com/news/world/hong-kong-airline-removes-family-guy-episode-tiananmen-square-rcna182771",
        "manual_status_code": 0,
        "page_rating": 29,
        "page_rating_contents": 91,
        "page_rating_visits": 0,
        "page_rating_votes": 0,
        "permanent": false,
        "source__id": 56,
        "source_url": "https://www.nbcnews.com/feed",
        "status_code": 0,
        "tags": [],
        "thumbnail": "https://media-cldnry.s-nbcnews.com/image/upload/t_fit_1500w/rockcms/2024-12/241204-family-guy-wc-0814-0c1d22.jpg",
        "title": "Hong Kong airline removes 'Family Guy' episode with Tiananmen Square reference",
        "vote": 0
    },
    {
        "age": null,
        "album": "",
        "author": null,
        "bookmarked": false,
        "comments": [],
        "date_published": "2024-12-04T16:34:36+00:00",
        "description": "ESPN is coming to Disney+.",
        "id": 1642907,
        "language": "en-US",
        "link": "https://www.nbcnews.com/business/business-news/espn-hopes-reach-casual-sports-fans-disney-integration-rcna182838",
        "manual_status_code": 0,
        "page_rating": 29,
        "page_rating_contents": 91,
        "page_rating_visits": 0,
        "page_rating_votes": 0,
        "permanent": false,
        "source__id": 56,
        "source_url": "https://www.nbcnews.com/feed",
        "status_code": 0,
        "tags": [],
        "thumbnail": "https://media-cldnry.s-nbcnews.com/image/upload/t_fit_1500w/rockcms/2024-12/241204-espn-ch-1131-e25be3.jpg",
        "title": "ESPN hopes to reach more casual sports fans with Disney+ integration",
        "vote": 0
    },
    {
        "age": null,
        "album": "",
        "author": null,
        "bookmarked": false,
        "comments": [],
        "date_published": "2024-12-04T16:29:53+00:00",
        "description": "A study examined discrepancies between the numbers of migrant deaths reported by county and federal agencies, neither of which reflect remains that haven't been recovered.",
        "id": 1642908,
        "language": "en-US",
        "link": "https://www.nbcnews.com/news/latino/migrant-deaths-border-arizona-desert-numbers-rcna182602",
        "manual_status_code": 0,
        "page_rating": 29,
        "page_rating_contents": 91,
        "page_rating_visits": 0,
        "page_rating_votes": 0,
        "permanent": false,
        "source__id": 56,
        "source_url": "https://www.nbcnews.com/feed",
        "status_code": 0,
        "tags": [],
        "thumbnail": "https://media-cldnry.s-nbcnews.com/image/upload/t_fit_1500w/rockcms/2024-10/241017-eagle-pass-texas-concertina-wire-rio-grande-border-ac-1059p-80ffb9.jpg",
        "title": "Investigation finds inconsistencies in number of migrant deaths in Arizona",
        "vote": 0
    },
    {
        "age": null,
        "album": "",
        "author": null,
        "bookmarked": false,
        "comments": [],
        "date_published": "2024-12-04T16:16:10+00:00",
        "description": "Taylor Swift took the No. 1 spot on Spotify's annual top global artists list for a second consecutive year.",
        "id": 1642909,
        "language": "en-US",
        "link": "https://www.nbcnews.com/pop-culture/taylor-swift-spotify-top-artist-2024-rcna182800",
        "manual_status_code": 0,
        "page_rating": 29,
        "page_rating_contents": 91,
        "page_rating_visits": 0,
        "page_rating_votes": 0,
        "permanent": false,
        "source__id": 56,
        "source_url": "https://www.nbcnews.com/feed",
        "status_code": 0,
        "tags": [],
        "thumbnail": "https://media-cldnry.s-nbcnews.com/image/upload/t_fit_1500w/rockcms/2024-12/241204-taylor-swift-ch-0941-61ea5a.jpg",
        "title": "Taylor Swift crowned Spotify's top artist of 2024",
        "vote": 0
    },
    {
        "age": null,
        "album": "",
        "author": null,
        "bookmarked": false,
        "comments": [],
        "date_published": "2024-12-04T16:11:32+00:00",
        "description": "Get the latest on the 2024 Rockefeller Christmas tree lighting, including who's performing, how to watch, where to stream it, what time it kicks off and what to expect.\n",
        "id": 1642910,
        "language": "en-US",
        "link": "https://www.nbcnews.com/news/us-news/rockefeller-center-christmas-tree-lighting-2024-when-time-how-watch-rcna182812",
        "manual_status_code": 0,
        "page_rating": 29,
        "page_rating_contents": 91,
        "page_rating_visits": 0,
        "page_rating_votes": 0,
        "permanent": false,
        "source__id": 56,
        "source_url": "https://www.nbcnews.com/feed",
        "status_code": 0,
        "tags": [],
        "thumbnail": "https://media-cldnry.s-nbcnews.com/image/upload/t_fit_1500w/rockcms/2023-11/viewing-rockerfeller-tree-cz-2x3-231128-c0e6e6.jpg",
        "title": "How to watch the Rockefeller Center Christmas tree lighting",
        "vote": 0
    },
    {
        "age": null,
        "album": "",
        "author": null,
        "bookmarked": false,
        "comments": [],
        "date_published": "2024-12-04T16:02:54+00:00",
        "description": "A 23-year-old Italian man has been sentenced to life in prison after admitting to stabbing his ex-girlfriend in a closely watched case that sparked public outcry.",
        "id": 1642911,
        "language": "en-US",
        "link": "https://www.nbcnews.com/news/world/ex-boyfriend-life-sentence-murder-femicide-italy-rcna182773",
        "manual_status_code": 0,
        "page_rating": 29,
        "page_rating_contents": 91,
        "page_rating_visits": 0,
        "page_rating_votes": 0,
        "permanent": false,
        "source__id": 56,
        "source_url": "https://www.nbcnews.com/feed",
        "status_code": 0,
        "tags": [],
        "thumbnail": "https://media-cldnry.s-nbcnews.com/image/upload/t_fit_1500w/rockcms/2024-12/241204-guilia-cecchetti-wc-1215-26ddef.jpg",
        "title": "Ex-boyfriend sentenced to life in femicide that rocked Italy",
        "vote": 0
    },
    {
        "age": null,
        "album": "",
        "author": null,
        "bookmarked": false,
        "comments": [],
        "date_published": "2024-12-04T15:41:49+00:00",
        "description": "Potential homebuyers are responding to lower mortgage rates and a higher supply of homes for sale.",
        "id": 1642912,
        "language": "en-US",
        "link": "https://www.nbcnews.com/business/real-estate/homebuyer-demand-mortgages-jumped-6-interest-rates-fell-lowest-level-m-rcna182808",
        "manual_status_code": 0,
        "page_rating": 29,
        "page_rating_contents": 91,
        "page_rating_visits": 0,
        "page_rating_votes": 0,
        "permanent": false,
        "source__id": 56,
        "source_url": "https://www.nbcnews.com/feed",
        "status_code": 0,
        "tags": [],
        "thumbnail": "https://media-cldnry.s-nbcnews.com/image/upload/t_fit_1500w/rockcms/2024-09/240906-house-for-sale-LA-aa-316p-149e36.jpg",
        "title": "Homebuyer demand for mortgages jumped 6%, as interest rates fell to lowest level in over a month",
        "vote": 0
    },
    {
        "age": null,
        "album": "",
        "author": null,
        "bookmarked": false,
        "comments": [],
        "date_published": "2024-12-04T15:38:53+00:00",
        "description": "Washington, D.C.\u2019s attorney general sued Amazon on Wednesday, accusing the company of covertly depriving residents in certain ZIP codes in the nation\u2019s capital from access to Prime\u2019s high-speed delivery.",
        "id": 1642913,
        "language": "en-US",
        "link": "https://www.nbcnews.com/business/business-news/amazon-sued-dc-attorney-general-allegedly-neighborhoods-prime-delivery-rcna182814",
        "manual_status_code": 0,
        "page_rating": 29,
        "page_rating_contents": 91,
        "page_rating_visits": 0,
        "page_rating_votes": 0,
        "permanent": false,
        "source__id": 56,
        "source_url": "https://www.nbcnews.com/feed",
        "status_code": 0,
        "tags": [],
        "thumbnail": "https://media-cldnry.s-nbcnews.com/image/upload/t_fit_1500w/rockcms/2024-12/241204-amazon-delivery-mn-1035-a65601.jpg",
        "title": "Amazon sued by D.C. AG for allegedly excluding neighborhoods from Prime delivery",
        "vote": 0
    },
    {
        "age": null,
        "album": "",
        "author": null,
        "bookmarked": false,
        "comments": [],
        "date_published": "2024-12-04T14:57:53+00:00",
        "description": "A clipper system will blanket the Midwest, Great Lakes and Northeast in snow on Wednesday, with 19 million under winter alerts as thousands are already reeling from multiple feet of snow and accidents on hazardous roads.",
        "id": 1644840,
        "language": "en-US",
        "link": "https://www.nbcnews.com/weather/winter-weather/snow-bitter-cold-slam-northeast-midwest-fast-moving-clipper-storm-rcna182779",
        "manual_status_code": 0,
        "page_rating": 29,
        "page_rating_contents": 91,
        "page_rating_visits": 0,
        "page_rating_votes": 0,
        "permanent": false,
        "source__id": 56,
        "source_url": "https://www.nbcnews.com/feed",
        "status_code": 0,
        "tags": [],
        "thumbnail": "https://media-cldnry.s-nbcnews.com/image/upload/t_fit_1500w/rockcms/2024-12/241204-snow-erie-mn-0855-4970ed.jpg",
        "title": "More snow, bitter cold to slam Northeast and Midwest in fast-moving clipper storm",
        "vote": 0
    },
    {
        "age": null,
        "album": "",
        "author": null,
        "bookmarked": false,
        "comments": [],
        "date_published": "2024-12-04T14:37:59+00:00",
        "description": "The mother of Pete Hegseth, President-elect Donald Trump's pick for defense secretary, pleaded her son's case as his future nomination appeared to be in jeopardy in the Senate over allegations involving drinking and sexual assault.",
        "id": 1642392,
        "language": "en-US",
        "link": "https://www.nbcnews.com/politics/donald-trump/pete-hegseths-mother-defends-sons-fitness-lead-pentagon-changed-man-rcna182786",
        "manual_status_code": 0,
        "page_rating": 29,
        "page_rating_contents": 91,
        "page_rating_visits": 0,
        "page_rating_votes": 0,
        "permanent": false,
        "source__id": 56,
        "source_url": "https://www.nbcnews.com/feed",
        "status_code": 0,
        "tags": [],
        "thumbnail": "https://media-cldnry.s-nbcnews.com/image/upload/t_fit_1500w/rockcms/2024-12/241204-pete-hegseth-al-0850-baf2a9.jpg",
        "title": "Pete Hegseth's mother defends son as a 'changed man' after her scathing email",
        "vote": 0
    },
    {
        "age": null,
        "album": "",
        "author": null,
        "bookmarked": false,
        "comments": [],
        "date_published": "2024-12-04T14:21:18+00:00",
        "description": "A man was fatally shot outside of the Hilton hotel in New York City on Wednesday morning, police said.",
        "id": 1641862,
        "language": "en-US",
        "link": "https://www.nbcnews.com/news/us-news/man-fatally-shot-nyc-hotel-police-say-rcna182789",
        "manual_status_code": 0,
        "page_rating": 29,
        "page_rating_contents": 91,
        "page_rating_visits": 0,
        "page_rating_votes": 0,
        "permanent": false,
        "source__id": 56,
        "source_url": "https://www.nbcnews.com/feed",
        "status_code": 0,
        "tags": [],
        "thumbnail": "https://media-cldnry.s-nbcnews.com/image/upload/t_fit_1500w/rockcms/2021-07/nebula-cms-fallback-logos-breaking-4ad6c4.png",
        "title": "Man\u00a0fatally shot outside of NYC hotel, police say",
        "vote": 0
    },
    {
        "age": null,
        "album": "",
        "author": null,
        "bookmarked": false,
        "comments": [],
        "date_published": "2024-12-04T13:49:48+00:00",
        "description": "Lauren Graham and Scott Patterson, who played Luke and Lorelai on the hit show \"Gilmore Girls,\u201d reunited for a Walmart holiday commercial where they recreate a scene from the iconic series. See a peek at the commercial!",
        "id": 1644841,
        "language": "en-US",
        "link": "https://www.today.com/video/see-gilmore-girls-cast-members-reunite-in-holiday-commercial-226135621897",
        "manual_status_code": 0,
        "page_rating": 29,
        "page_rating_contents": 91,
        "page_rating_visits": 0,
        "page_rating_votes": 0,
        "permanent": false,
        "source__id": 56,
        "source_url": "https://www.nbcnews.com/feed",
        "status_code": 0,
        "tags": [],
        "thumbnail": "https://media-cldnry.s-nbcnews.com/image/upload/t_fit_1500w/mpx/2704722219/2024_12/1733320183525_tdy_pop_8a_gilmore_girls_commercial_popstart_241204_1920x1080-enykpp.jpg",
        "title": "'Gilmore Girls\u2019 stars Luke and Lorelai reunite for Walmart holiday ad",
        "vote": 0
    },
    {
        "age": null,
        "album": "",
        "author": null,
        "bookmarked": false,
        "comments": [],
        "date_published": "2024-12-04T13:37:20+00:00",
        "description": "Spotify just dropped its annual wrapped roundups giving users all the data about their most-streamed music of the year. The three top songs around the world in 2024 were Sabrina Carpenter's \u201cEspresso,\u201d Benson Boone\u2019s \u201cBeautiful Things\u201d and Billie Eilish\u2019s \u201cBirds of a Feather.\u201d See the top song on the TODAY anchors lists as well!",
        "id": 1643426,
        "language": "en-US",
        "link": "https://www.today.com/video/spotify-unveils-2024-s-top-3-songs-around-the-world-226137669511",
        "manual_status_code": 0,
        "page_rating": 29,
        "page_rating_contents": 91,
        "page_rating_visits": 0,
        "page_rating_votes": 0,
        "permanent": false,
        "source__id": 56,
        "source_url": "https://www.nbcnews.com/feed",
        "status_code": 0,
        "tags": [],
        "thumbnail": "https://media-cldnry.s-nbcnews.com/image/upload/t_fit_1500w/mpx/2704722219/2024_12/tdy_wrapped_241204-xcj3gm.jpg",
        "title": "Spotify unveils its annual 2024 wrapped music roundups",
        "vote": 0
    },
    {
        "age": null,
        "album": "",
        "author": null,
        "bookmarked": false,
        "comments": [],
        "date_published": "2024-12-04T13:05:00+00:00",
        "description": "Spotify Wrapped \u2014 the platform\u2019s personalized end-of-year user streaming data\u2013 is here, and with it comes the flood of social media posts from listeners.",
        "id": 1641401,
        "language": "en-US",
        "link": "https://www.nbcnews.com/pop-culture/spotify-wrapped-2024-new-features-what-to-know-rcna182702",
        "manual_status_code": 0,
        "page_rating": 29,
        "page_rating_contents": 91,
        "page_rating_visits": 0,
        "page_rating_votes": 0,
        "permanent": false,
        "source__id": 56,
        "source_url": "https://www.nbcnews.com/feed",
        "status_code": 0,
        "tags": [],
        "thumbnail": "https://media-cldnry.s-nbcnews.com/image/upload/t_fit_1500w/rockcms/2024-12/241203-spotify-wrapped-lr-75de25.jpg",
        "title": "Spotify Wrapped 2024 is here. Here's what's new.",
        "vote": 0
    },
    {
        "age": null,
        "album": "",
        "author": null,
        "bookmarked": false,
        "comments": [],
        "date_published": "2024-12-04T12:56:57+00:00",
        "description": "General Motors expects a restructuring of its joint venture operations with SAIC Motor Corp. in China to cost more than $5 billion.",
        "id": 1641402,
        "language": "en-US",
        "link": "https://www.nbcnews.com/business/autos/general-motors-china-restructuring-billions-dollars-wall-street-rcna182776",
        "manual_status_code": 0,
        "page_rating": 29,
        "page_rating_contents": 91,
        "page_rating_visits": 0,
        "page_rating_votes": 0,
        "permanent": false,
        "source__id": 56,
        "source_url": "https://www.nbcnews.com/feed",
        "status_code": 0,
        "tags": [],
        "thumbnail": "https://media-cldnry.s-nbcnews.com/image/upload/t_fit_1500w/rockcms/2024-12/241204-gm-wc-1226-a27d52.jpg",
        "title": "GM expects more than $5 billion impact from China restructuring ",
        "vote": 0
    },
    {
        "age": null,
        "album": "",
        "author": null,
        "bookmarked": false,
        "comments": [],
        "date_published": "2024-12-04T12:10:43+00:00",
        "description": "Millions are facing the coldest air of the season with record low temperatures possible in the south and blizzard conditions and dangerous winds stretching from the Midwest to New England. NBC\u2019s Sam Brock reports and Al Roker tracks the forecast.",
        "id": 1642391,
        "language": "en-US",
        "link": "https://www.today.com/video/severe-winter-weather-bitter-cold-temps-grip-parts-of-us-226131525718",
        "manual_status_code": 0,
        "page_rating": 29,
        "page_rating_contents": 91,
        "page_rating_visits": 0,
        "page_rating_votes": 0,
        "permanent": false,
        "source__id": 56,
        "source_url": "https://www.nbcnews.com/feed",
        "status_code": 0,
        "tags": [],
        "thumbnail": "https://media-cldnry.s-nbcnews.com/image/upload/t_fit_1500w/mpx/2704722219/2024_12/1733314237038_tdy_news_7a_brock_winter_weather_241204_1920x1080-v3pt1n.jpg",
        "title": "Severe winter weather, bitter cold temps grip parts of US",
        "vote": 0
    },
    {
        "age": null,
        "album": "",
        "author": null,
        "bookmarked": false,
        "comments": [],
        "date_published": "2024-12-04T12:08:19+00:00",
        "description": "Pete Hegseth\u2019s drinking, Fox News, Kash Patel, South Korea, Yoon Suk Yeol, martial law, AT&T Verizon cyberattack, Hannah Kobayashi",
        "id": 1640992,
        "language": "en-US",
        "link": "https://www.nbcnews.com/news/hegseth-drinking-allegations-impeachment-south-korea-morning-rundown-rcna182772",
        "manual_status_code": 0,
        "page_rating": 29,
        "page_rating_contents": 91,
        "page_rating_visits": 0,
        "page_rating_votes": 0,
        "permanent": false,
        "source__id": 56,
        "source_url": "https://www.nbcnews.com/feed",
        "status_code": 0,
        "tags": [],
        "thumbnail": "https://media-cldnry.s-nbcnews.com/image/upload/t_fit_1500w/rockcms/2024-12/241203-south-korea-martial-law-al-1126-9a77a5.jpg",
        "title": "Hegseth drinking allegations and South Korean martial law chaos: Morning Rundown",
        "vote": 0
    },
    {
        "age": null,
        "album": "",
        "author": null,
        "bookmarked": false,
        "comments": [],
        "date_published": "2024-12-04T11:46:07+00:00",
        "description": "Republicans will have a narrow majority in the House, with Democrats flipping one final seat in California, leaving GOP leaders with even less margin for error.",
        "id": 1640990,
        "language": "en-US",
        "link": "https://www.nbcnews.com/politics/2024-election/democrats-flip-final-house-seat-2024-elections-republicans-rcna182554",
        "manual_status_code": 0,
        "page_rating": 29,
        "page_rating_contents": 91,
        "page_rating_visits": 0,
        "page_rating_votes": 0,
        "permanent": false,
        "source__id": 56,
        "source_url": "https://www.nbcnews.com/feed",
        "status_code": 0,
        "tags": [],
        "thumbnail": "https://media-cldnry.s-nbcnews.com/image/upload/t_fit_1500w/rockcms/2024-12/241202-capitol-building-se-515p-2a83e0.jpg",
        "title": "Democrats flip final House seat of the 2024 elections, narrowing Republicans' majority",
        "vote": 0
    },
    {
        "age": null,
        "album": "",
        "author": null,
        "bookmarked": false,
        "comments": [],
        "date_published": "2024-12-04T11:45:00+00:00",
        "description": "People who took Zepbound, Eli Lilly\u2019s weight loss drug, shed more pounds than those on Novo Nordisk\u2019s Wegovy in a clinical trial, Lilly said in a release Wednesday.",
        "id": 1640989,
        "language": "en-US",
        "link": "https://www.nbcnews.com/health/health-news/zepbound-weight-loss-wegovy-drug-clinical-trial-rcna182682",
        "manual_status_code": 0,
        "page_rating": 29,
        "page_rating_contents": 91,
        "page_rating_visits": 0,
        "page_rating_votes": 0,
        "permanent": false,
        "source__id": 56,
        "source_url": "https://www.nbcnews.com/feed",
        "status_code": 0,
        "tags": [],
        "thumbnail": "https://media-cldnry.s-nbcnews.com/image/upload/t_fit_1500w/rockcms/2024-12/241203-split-weight-loss-drugs-ch-1310-0f5280.jpg",
        "title": "This weight loss drug helped people shed more pounds than Wegovy, new trial results show",
        "vote": 0
    },
    {
        "age": null,
        "album": "",
        "author": null,
        "bookmarked": false,
        "comments": [],
        "date_published": "2024-12-04T11:26:58+00:00",
        "description": "France's far-right leader Marine Le Pen says she will seek to topple Macron's prime minister, Barnier, in the French parliament.",
        "id": 1640991,
        "language": "en-US",
        "link": "https://www.nbcnews.com/news/world/france-no-confidence-vote-barnier-marine-le-pen-macron-rcna182585",
        "manual_status_code": 0,
        "page_rating": 29,
        "page_rating_contents": 91,
        "page_rating_visits": 0,
        "page_rating_votes": 0,
        "permanent": false,
        "source__id": 56,
        "source_url": "https://www.nbcnews.com/feed",
        "status_code": 0,
        "tags": [],
        "thumbnail": "https://media-cldnry.s-nbcnews.com/image/upload/t_fit_1500w/rockcms/2024-12/241203-michel-barnier-wc-0914-ea72d3.jpg",
        "title": "Far right leaves French government on the brink ahead of no-confidence vote",
        "vote": 0
    },
    {
        "age": null,
        "album": "",
        "author": null,
        "bookmarked": false,
        "comments": [],
        "date_published": "2024-12-04T11:00:00+00:00",
        "description": "Judging by the standings alone, the stakes of Sunday\u2019s Week 13 matchup between Tampa Bay and Carolina were remarkably low.",
        "id": 1640587,
        "language": "en-US",
        "link": "https://www.nbcnews.com/sports/nfl/second-chances-nfl-quarterbacks-rcna182664",
        "manual_status_code": 0,
        "page_rating": 29,
        "page_rating_contents": 91,
        "page_rating_visits": 0,
        "page_rating_votes": 0,
        "permanent": false,
        "source__id": 56,
        "source_url": "https://www.nbcnews.com/feed",
        "status_code": 0,
        "tags": [],
        "thumbnail": "https://media-cldnry.s-nbcnews.com/image/upload/t_fit_1500w/rockcms/2024-12/241203-baker-mayfield-se-1210p-998293.jpg",
        "title": "Given second chances, NFL quarterbacks are thriving this season",
        "vote": 0
    },
    {
        "age": null,
        "album": "",
        "author": null,
        "bookmarked": false,
        "comments": [],
        "date_published": "2024-12-04T11:00:00+00:00",
        "description": "Trump transition officials are exploring the possibility of building immigrant detention facilities on a plot of land recently purchased by the state of Texas.",
        "id": 1640589,
        "language": "en-US",
        "link": "https://www.nbcnews.com/politics/immigration/texas-offering-land-trump-mass-deportation-facilities-rcna182627",
        "manual_status_code": 0,
        "page_rating": 29,
        "page_rating_contents": 91,
        "page_rating_visits": 0,
        "page_rating_votes": 0,
        "permanent": false,
        "source__id": 56,
        "source_url": "https://www.nbcnews.com/feed",
        "status_code": 0,
        "tags": [],
        "thumbnail": "https://media-cldnry.s-nbcnews.com/image/upload/t_fit_1500w/rockcms/2024-12/241203-dawn-buckingham-vl-1253p-2f338c.jpg",
        "title": "Texas is offering land for Trump mass deportation facilities",
        "vote": 0
    },
    {
        "age": null,
        "album": "",
        "author": null,
        "bookmarked": false,
        "comments": [],
        "date_published": "2024-12-04T10:40:40+00:00",
        "description": "Syrian rebel forces were on Wednesday within six miles of the central city of Hama, a city freighted with past horrors for antigovernment forces.",
        "id": 1640588,
        "language": "en-US",
        "link": "https://www.nbcnews.com/news/world/hama-syria-syrian-rebels-assad-rcna182774",
        "manual_status_code": 0,
        "page_rating": 29,
        "page_rating_contents": 91,
        "page_rating_visits": 0,
        "page_rating_votes": 0,
        "permanent": false,
        "source__id": 56,
        "source_url": "https://www.nbcnews.com/feed",
        "status_code": 0,
        "tags": [],
        "thumbnail": "https://media-cldnry.s-nbcnews.com/image/upload/t_fit_1500w/rockcms/2024-12/241204-hama-tanks-wc-0957-1e6657.jpg",
        "title": "Syrian rebels close in on Hama, a city synonymous with government brutality",
        "vote": 0
    },
    {
        "age": null,
        "album": "",
        "author": null,
        "bookmarked": false,
        "comments": [],
        "date_published": "2024-12-04T10:00:00+00:00",
        "description": "President Joe Biden\u2019s decision to pardon his son Hunter has earned plenty of criticism \u2014 and most of it, even the harsh partisan-tinged kind of criticism, has real merit.",
        "id": 1640277,
        "language": "en-US",
        "link": "https://www.nbcnews.com/politics/elections/chuck-todd-trumpification-joe-biden-rcna182705",
        "manual_status_code": 0,
        "page_rating": 29,
        "page_rating_contents": 91,
        "page_rating_visits": 0,
        "page_rating_votes": 0,
        "permanent": false,
        "source__id": 56,
        "source_url": "https://www.nbcnews.com/feed",
        "status_code": 0,
        "tags": [],
        "thumbnail": "https://media-cldnry.s-nbcnews.com/image/upload/t_fit_1500w/rockcms/2024-12/241203-joe-hunter-biden-ch-1433-f85ba6.jpg",
        "title": "Chuck Todd: The Trumpification of Joe Biden",
        "vote": 0
    },
    {
        "age": null,
        "album": "",
        "author": null,
        "bookmarked": false,
        "comments": [],
        "date_published": "2024-12-04T10:00:00+00:00",
        "description": "The conservative-majority Supreme Court dives into the culture war issue of transgender rights as it weighs whether states can restrict gender transition care for minors.",
        "id": 1640276,
        "language": "en-US",
        "link": "https://www.nbcnews.com/politics/supreme-court/supreme-court-tackles-state-bans-treatments-transgender-youth-rcna182517",
        "manual_status_code": 0,
        "page_rating": 29,
        "page_rating_contents": 91,
        "page_rating_visits": 0,
        "page_rating_votes": 0,
        "permanent": false,
        "source__id": 56,
        "source_url": "https://www.nbcnews.com/feed",
        "status_code": 0,
        "tags": [],
        "thumbnail": "https://media-cldnry.s-nbcnews.com/image/upload/t_fit_1500w/rockcms/2024-12/241203-lgbtq-supreme-court-ch-0931-a6cb77.jpg",
        "title": "Supreme Court tackles state bans on treatments for transgender youth",
        "vote": 0
    },
    {
        "age": null,
        "album": "",
        "author": null,
        "bookmarked": false,
        "comments": [],
        "date_published": "2024-12-04T10:00:00+00:00",
        "description": "As President-elect Donald Trump assembles a senior staff and Cabinet for his second administration, there are notable absences: his children.",
        "id": 1640274,
        "language": "en-US",
        "link": "https://www.nbcnews.com/politics/donald-trump/trumps-children-white-house-roles-second-term-rcna181703",
        "manual_status_code": 0,
        "page_rating": 29,
        "page_rating_contents": 91,
        "page_rating_visits": 0,
        "page_rating_votes": 0,
        "permanent": false,
        "source__id": 56,
        "source_url": "https://www.nbcnews.com/feed",
        "status_code": 0,
        "tags": [],
        "thumbnail": "https://media-cldnry.s-nbcnews.com/image/upload/t_fit_1500w/rockcms/2024-11/241125-trump-family-mn-1500-b779a5.jpg",
        "title": "Trump's children won't have White House roles in his second term",
        "vote": 0
    },
    {
        "age": null,
        "album": "",
        "author": null,
        "bookmarked": false,
        "comments": [],
        "date_published": "2024-12-04T10:00:00+00:00",
        "description": "Donald Trump\u2019s pick for FBI director, Kash Patel, promoted a supplement line that purports without evidence to help people \u201cdetox\u201d from Covid vaccines.",
        "id": 1640275,
        "language": "en-US",
        "link": "https://www.nbcnews.com/health/health-news/trump-fbi-director-kash-patel-vaccine-detox-supplements-rcna182434",
        "manual_status_code": 0,
        "page_rating": 29,
        "page_rating_contents": 91,
        "page_rating_visits": 0,
        "page_rating_votes": 0,
        "permanent": false,
        "source__id": 56,
        "source_url": "https://www.nbcnews.com/feed",
        "status_code": 0,
        "tags": [],
        "thumbnail": "https://media-cldnry.s-nbcnews.com/image/upload/t_fit_1500w/rockcms/2024-12/241202-Kash-Patel-aa-10-5b9f08.jpg",
        "title": "Trump's pick for FBI director promoted bogus supplements to 'reverse' vaccines",
        "vote": 0
    },
    {
        "age": null,
        "album": "",
        "author": null,
        "bookmarked": false,
        "comments": [],
        "date_published": "2024-12-04T06:29:23+00:00",
        "description": "South Korean lawmakers called on President Yoon Suk Yeol to resign or face impeachment after he declared martial law only to lift the order hours later.",
        "id": 1639554,
        "language": "en-US",
        "link": "https://www.nbcnews.com/news/world/south-korea-yoon-suk-yeol-lawmakers-call-impeachment-martial-law-rcna182769",
        "manual_status_code": 0,
        "page_rating": 29,
        "page_rating_contents": 91,
        "page_rating_visits": 0,
        "page_rating_votes": 0,
        "permanent": false,
        "source__id": 56,
        "source_url": "https://www.nbcnews.com/feed",
        "status_code": 0,
        "tags": [],
        "thumbnail": "https://media-cldnry.s-nbcnews.com/image/upload/t_fit_1500w/rockcms/2024-12/241203-south-korea-martial-law-al-1126-9a77a5.jpg",
        "title": "South Korean lawmakers seek president\u2019s impeachment after 6-hour martial law declaration",
        "vote": 0
    },
    {
        "age": null,
        "album": "",
        "author": null,
        "bookmarked": false,
        "comments": [],
        "date_published": "2024-12-04T02:30:12+00:00",
        "description": "The sister of missing 30-year-old Hannah Kobayashi said Tuesday the police conclusion that she is a \"voluntary missing person\" is not satisfactory.",
        "id": 1638761,
        "language": "en-US",
        "link": "https://www.nbcnews.com/news/us-news/hannah-kobayashi-sister-unsatisfied-conclusion-vanished-voluntarily-rcna182743",
        "manual_status_code": 0,
        "page_rating": 29,
        "page_rating_contents": 91,
        "page_rating_visits": 0,
        "page_rating_votes": 0,
        "permanent": false,
        "source__id": 56,
        "source_url": "https://www.nbcnews.com/feed",
        "status_code": 0,
        "tags": [],
        "thumbnail": "https://media-cldnry.s-nbcnews.com/image/upload/t_fit_1500w/rockcms/2024-11/241118-Hannah-Midori-Eve-Kobayashi-ac-836p-d524a9.jpg",
        "title": "Family of Hawaiian woman reported missing is skeptical of LAPD conclusion she's not in danger",
        "vote": 0
    },
    {
        "age": null,
        "album": "",
        "author": null,
        "bookmarked": false,
        "comments": [],
        "date_published": "2024-12-04T01:07:34+00:00",
        "description": "A Chinese man living in the United States illegally was arrested Tuesday and accused of exporting guns and ammunition to North Korea and of planning to send other technology to the nuclear-armed pariah state.",
        "id": 1638506,
        "language": "en-US",
        "link": "https://www.nbcnews.com/news/us-news/chinese-man-us-charged-sending-weapons-north-korea-rcna182762",
        "manual_status_code": 0,
        "page_rating": 29,
        "page_rating_contents": 91,
        "page_rating_visits": 0,
        "page_rating_votes": 0,
        "permanent": false,
        "source__id": 56,
        "source_url": "https://www.nbcnews.com/feed",
        "status_code": 0,
        "tags": [],
        "thumbnail": "https://media-cldnry.s-nbcnews.com/image/upload/t_fit_1500w/rockcms/2024-12/241203-guns-ac-742p-922dde.jpg",
        "title": "Chinese man in U.S. charged with sending weapons to North Korea",
        "vote": 0
    },
    {
        "age": null,
        "album": "",
        "author": null,
        "bookmarked": false,
        "comments": [],
        "date_published": "2024-12-04T01:03:31+00:00",
        "description": "Sydni Kobayashi, the sister of missing woman Hannah Kobayashi, is reacting to the Los Angeles Police Departments new \"voluntary missing person\" classification of Hannah, saying the family is \"confused and frustrated.\" NBC News' Tom Llamas also speaks to the family's attorney Sara Azari on what this classification means.\u00a0",
        "id": 1641863,
        "language": "en-US",
        "link": "https://www.nbcnews.com/now/video/sister-of-hannah-kobayashi-reacts-to-lapd-new-voluntary-missing-person-classification-226098245997",
        "manual_status_code": 0,
        "page_rating": 29,
        "page_rating_contents": 91,
        "page_rating_visits": 0,
        "page_rating_votes": 0,
        "permanent": false,
        "source__id": 56,
        "source_url": "https://www.nbcnews.com/feed",
        "status_code": 0,
        "tags": [],
        "thumbnail": "https://media-cldnry.s-nbcnews.com/image/upload/t_fit_1500w/mpx/2704722219/2024_12/1733274203582_now_topstory_hannah_kobayashi_sister_241203_1920x1080-fnv9xr.jpg",
        "title": "'We were shocked': Sister of Hannah Kobayashi reacts to LAPD new classification",
        "vote": 0
    }
]