[
    {
        "age": null,
        "album": "",
        "author": "Langusta na palmie",
        "bookmarked": false,
        "comments": [],
        "date_published": "2024-12-04T19:00:26+00:00",
        "description": "Czy szukasz czego\u015b wi\u0119cej ni\u017c zwyk\u0142ej ko\u0142ysanki na dobranoc? \nOto \"Zasypiaki\" - wieczorne Langustowe spotkania z Bogiem. \ud83c\udf19\ud83d\ude4f\n\nBez wzgl\u0119du na to, czy jeste\u015b na pocz\u0105tku swojej podr\u00f3\u017cy, czy jeste\u015b ju\u017c w przyja\u017ani z Nim, znajdziesz tu co\u015b dla siebie. \ud83d\udee4\ufe0f\ud83d\udc96 \nTo wi\u0119cej ni\u017c podcast, to spo\u0142eczno\u015b\u0107 ludzi, kt\u00f3rzy, podobnie jak Ty, szukaj\u0105 prawdziwych odpowiedzi. \ud83c\udfa7\ud83d\udcad\n\nDzia\u0142aj! \ud83d\ude80 Do\u0142\u0105cz do nas na \"Zasypiakach\" i daj szans\u0119 Bogu i sobie. \nCzekamy na Ciebie codziennie o 20:00. \u23f0\ud83c\udf1f\n\n\ud83d\udd25 Dzia\u0142aj z nami! \u261e\n\u2192 https://niezlafundacja.pl/#darowizna\n\u2192 https://langustanapalmie.pl/przekaz-darowizne/\n\u2192 https://patronite.pl/langustanapalmie\n\n#Zasypiaki #Podcast #AdamSzustak #NocneSpotkania \ud83d\udcab\ud83c\udf0c\n\n  @Langustanapalmie \n________________________________________\n\u0141ASKAWNIK, czyli langustowy modlitewnik mo\u017cna naby\u0107 tutaj: \n\u2192 https://langustanapalmie.pl/products/laskawnik\n________________________________________\nBILETY na wydarzenie UNIESIENI dost\u0119pne s\u0105 tu: \n\u2192 https://ekobilet.pl/shop/uniesieni\n_____________________________",
        "id": 1644182,
        "language": null,
        "link": "https://www.youtube.com/watch?v=XvfKO7I-AUI",
        "manual_status_code": 0,
        "page_rating": 27,
        "page_rating_contents": 86,
        "page_rating_visits": 0,
        "page_rating_votes": 0,
        "permanent": false,
        "source__id": 183,
        "source_url": "https://www.youtube.com/feeds/videos.xml?channel_id=UCme4ZOv65uzGADXuvtHkSvA",
        "status_code": 0,
        "tags": [],
        "thumbnail": "https://i1.ytimg.com/vi/XvfKO7I-AUI/hqdefault.jpg",
        "title": "Zasypiaki || 04.12.2024 S\u0301roda",
        "vote": 0
    },
    {
        "age": null,
        "album": "",
        "author": "Langusta na palmie",
        "bookmarked": false,
        "comments": [],
        "date_published": "2024-12-04T03:30:15+00:00",
        "description": "#roraty #litaniadominika\u0144ska  @Langustanapalmie \n\nW tegorocznych Roratach przyjrzymy si\u0119 wybranym wezwaniom z Litanii Dominika\u0144skiej do Naj\u015bwi\u0119tszej Maryi Panny. \ud83d\ude4f\ud83c\udffb\n\nZapraszamy Was na nieco powa\u017cniejsze adwentowe Wstawaki. \ud83d\ude43\n\n________________________________________\nAby wesprze\u0107 \u0274\u026a\u1d07\u1d22\u0141\u1d00\u0328 \u0493\u1d1c\u0274\u1d05\u1d00\u1d04\u1d0a\u1d07\u0328 zajmuj\u0105c\u0105 si\u0119 dzie\u0142ami Langusty na Palmie,\nkliknij tutaj: \n\u2192 https://langustanapalmie.pl/przekaz-darowizne/\n________________________________________\n\u1d1c\u0274\u026a\u1d07s\u026a\u1d07\u0274\u026a - prezero arena gliwice, 1lutego 2025\n\u2192 https://langustanapalmie.pl/pages/wydarzenia\n\u0141\u1d00s\u1d0b\u1d00\u1d21\u0274\u026a\u1d0b\n\u2192 https://langustanapalmie.pl/products/laskawnik\n\u1d18\u1d0f\u0280\u1d00\u1d05\u0274\u026a\u1d0b \u1d00\u0274\u1d1b\u028f\u1d22\u1d21\u026a\u1d00\u0328\u1d22\u1d0b\u1d0f\u1d21\u028f\n\u2192 https://langustanapalmie.pl/produkt/poradnik-antyzwiazkowy/\n\u1d0a\u1d00\u1d0b s\u026a\u1d07\u0328 \u1d0d\u1d0f\u1d05\u029f\u026a\u1d04\u0301 znajdziecie tu:\n\u2192 https://langustanapalmie.pl/produkt/jaksiemodlic/\n\nKsi\u0105\u017cki s\u0105 cegie\u0142kami i ca\u0142y doch\u00f3d ze sprzeda\u017cy jest przeznaczony na dzia\u0142alno\u015b\u0107 Niez\u0142ej Fundacji zajmuj\u0105cej si\u0119 dzie\u0142ami Langusty Na Palmie.\n________________________________________\nAudiobooka z Nowenn\u0105 Pompeja\u0144sk\u0105 znajdzie",
        "id": 1639013,
        "language": null,
        "link": "https://www.youtube.com/watch?v=UV2vrVf4ozo",
        "manual_status_code": 0,
        "page_rating": 27,
        "page_rating_contents": 86,
        "page_rating_visits": 0,
        "page_rating_votes": 0,
        "permanent": false,
        "source__id": 183,
        "source_url": "https://www.youtube.com/feeds/videos.xml?channel_id=UCme4ZOv65uzGADXuvtHkSvA",
        "status_code": 0,
        "tags": [],
        "thumbnail": "https://i2.ytimg.com/vi/UV2vrVf4ozo/hqdefault.jpg",
        "title": "Roraty [#03] Ramus odoris",
        "vote": 0
    }
]