[
    {
        "age": null,
        "album": "",
        "author": null,
        "bookmarked": false,
        "comments": [],
        "date_published": "2024-12-04T13:39:01+00:00",
        "description": "Thompson, a 50-year-old father of two, spent two decades at UnitedHealth Group before his shocking death. Tributes are pouring in from coworkers and public officials in his home state of Minnesota.",
        "id": 1643986,
        "language": "en",
        "link": "https://www.npr.org/2024/12/04/nx-s1-5215881/brian-thompson-unitedhealthcare-ceo-shot-new-york",
        "manual_status_code": 0,
        "page_rating": 27,
        "page_rating_contents": 86,
        "page_rating_visits": 0,
        "page_rating_votes": 0,
        "permanent": false,
        "source__id": 226,
        "source_url": "https://feeds.npr.org/1002/rss.xml",
        "status_code": 0,
        "tags": [],
        "thumbnail": null,
        "title": "Who is Brian Thompson, the UnitedHealthcare CEO gunned down in New York?",
        "vote": 0
    },
    {
        "age": null,
        "album": "",
        "author": null,
        "bookmarked": false,
        "comments": [],
        "date_published": "2024-12-04T12:28:45+00:00",
        "description": "Set in a small Irish village in the weeks leading up to Christmas 1962, Niall Williams' latest novel avoids clich\u00e9 by investing specificity and life into characters and places.",
        "id": 1643987,
        "language": "en",
        "link": "https://www.npr.org/2024/12/04/nx-s1-5215711/niall-williams-time-of-the-child-review",
        "manual_status_code": 0,
        "page_rating": 27,
        "page_rating_contents": 86,
        "page_rating_visits": 0,
        "page_rating_votes": 0,
        "permanent": false,
        "source__id": 226,
        "source_url": "https://feeds.npr.org/1002/rss.xml",
        "status_code": 0,
        "tags": [],
        "thumbnail": null,
        "title": "'Time of the Child' is a marvelous blend of despair and redemption",
        "vote": 0
    },
    {
        "age": null,
        "album": "",
        "author": null,
        "bookmarked": false,
        "comments": [],
        "date_published": "2024-12-04T09:00:26+00:00",
        "description": "2024 was a year of breakthroughs, with new stars storming the top of the charts and artists across genres making modern classics. NPR Music's list of best songs of the year has something for everyone.",
        "id": 1641877,
        "language": "en",
        "link": "https://www.npr.org/2024/12/04/g-s1-34686/best-songs-2024",
        "manual_status_code": 0,
        "page_rating": 27,
        "page_rating_contents": 86,
        "page_rating_visits": 0,
        "page_rating_votes": 0,
        "permanent": false,
        "source__id": 226,
        "source_url": "https://feeds.npr.org/1002/rss.xml",
        "status_code": 0,
        "tags": [],
        "thumbnail": null,
        "title": "The 124 Best Songs of 2024",
        "vote": 0
    }
]