[
    {
        "age": null,
        "album": "",
        "author": "Dr. John Campbell",
        "bookmarked": false,
        "comments": [],
        "date_published": "2024-12-04T09:03:01+00:00",
        "description": "Action on World Health (AWH). An independent review into the WHO.\n\nhttps://www.actionwh.org\n\nTrump can seize back control of health policy from WHO\n\nhttps://www.telegraph.co.uk/news/2024/12/02/farage-trump-seize-back-control-health-policy-who/\n\nMr Farage is the chairman of Action on World Health (AWH)\n\nhttps://www.actionwh.org\n\n\u201conce in a generation\u201d chance to seize back control of health policy from the World Health Organisation\n\nMr Trump (May 2020)\n\nhttps://www.telegraph.co.uk/news/2020/05/29/donald-trump-says-us-terminating-relationship-world-health-organisation/\n\n\u201cterminating\u201d America\u2019s relationship with WHO\n\n\u201cChina has total control over the World Health Organisation.\u201d\n\n(Had previously paused funding to WHO)\n\nhttps://www.who.int/about/funding/contributors/usa\n\n \n\n\"Because they have failed to make the requested and greatly needed reforms, we will be today terminating the relationship.\"\n\nProcess to end US membership, reversed by Mr. Biden.\n\nBack to 2024\n\nMr Farage\n\nBelieves Mr Tru",
        "id": 1640128,
        "language": null,
        "link": "https://www.youtube.com/watch?v=YyfgBnBKOc4",
        "manual_status_code": 0,
        "page_rating": 27,
        "page_rating_contents": 86,
        "page_rating_visits": 0,
        "page_rating_votes": 0,
        "permanent": false,
        "source__id": 96,
        "source_url": "https://www.youtube.com/feeds/videos.xml?channel_id=UCF9IOB2TExg3QIBupFtBDxg",
        "status_code": 0,
        "tags": [],
        "thumbnail": "https://i2.ytimg.com/vi/YyfgBnBKOc4/hqdefault.jpg",
        "title": "WHO full rethink",
        "vote": 0
    }
]