[
    {
        "age": null,
        "album": "",
        "author": "Second Wind",
        "bookmarked": false,
        "comments": [],
        "date_published": "2024-12-04T22:36:56+00:00",
        "description": "This video is brought to you by Lord Ambermaze, an upcoming adventure-RPG where each of your individual steps controls the flow of time. Head on over to the Steam page now to Wishlist it and play a free prologue today \u2013 https://store.steampowered.com/app/1811330/Lord_Ambermaze/\n\nThis week on Firelink, Marty, Nick, and KC celebrate the 30th anniversary of the original PlayStation. HBD lil' guy!\r\n\r\nSupport us on Patreon: https://www.patreon.com/SecondWindGroup",
        "id": 1645693,
        "language": null,
        "link": "https://www.youtube.com/watch?v=VH9jQWSfsEc",
        "manual_status_code": 0,
        "page_rating": 27,
        "page_rating_contents": 86,
        "page_rating_visits": 0,
        "page_rating_votes": 0,
        "permanent": false,
        "source__id": 540,
        "source_url": "https://www.youtube.com/feeds/videos.xml?channel_id=UC1wZGocgLvopgOqBUFCyIJA",
        "status_code": 0,
        "tags": [],
        "thumbnail": "https://i3.ytimg.com/vi/VH9jQWSfsEc/hqdefault.jpg",
        "title": "Is the Original PlayStation a Top-Tier Console? | Firelink Podcast",
        "vote": 0
    },
    {
        "age": null,
        "album": "",
        "author": "Second Wind",
        "bookmarked": false,
        "comments": [],
        "date_published": "2024-12-04T17:00:53+00:00",
        "description": "This week on Fully Ramblomatic, Yahtzee reviews Slitterhead.\n\nSupport us on Patreon: https://www.patreon.com/SecondWindGroup\n\nSecond Wind Merch Store: https://sharkrobot.com/collections/second-wind",
        "id": 1643494,
        "language": null,
        "link": "https://www.youtube.com/watch?v=hBDELWLfN-8",
        "manual_status_code": 0,
        "page_rating": 27,
        "page_rating_contents": 86,
        "page_rating_visits": 0,
        "page_rating_votes": 0,
        "permanent": false,
        "source__id": 540,
        "source_url": "https://www.youtube.com/feeds/videos.xml?channel_id=UC1wZGocgLvopgOqBUFCyIJA",
        "status_code": 0,
        "tags": [],
        "thumbnail": "https://i1.ytimg.com/vi/hBDELWLfN-8/hqdefault.jpg",
        "title": "Slitterhead | Fully Ramblomatic",
        "vote": 0
    },
    {
        "age": null,
        "album": "",
        "author": "Second Wind",
        "bookmarked": false,
        "comments": [],
        "date_published": "2024-12-04T16:12:24+00:00",
        "description": "This video is brought to you by Lord Ambermaze, an upcoming adventure-RPG where each of your individual steps controls the flow of time. Head on over to the Steam page now to Wishlist it and play a free prologue today \u2013 https://store.steampowered.com/app/1811330/Lord_Ambermaze/\n\nThis week on Yahtzee Tries... Yahtzee and JM8 play Antonblast and Get To Work.\r\n\r\nSupport us on Patreon: https://www.patreon.com/SecondWindGroup\r\n\nhttps://store.steampowered.com/app/1887400/ANTONBLAST/\nhttps://store.steampowered.com/app/2706170/Get_To_Work/",
        "id": 1644043,
        "language": null,
        "link": "https://www.youtube.com/watch?v=pHtKD5c7qzo",
        "manual_status_code": 0,
        "page_rating": 27,
        "page_rating_contents": 86,
        "page_rating_visits": 0,
        "page_rating_votes": 0,
        "permanent": false,
        "source__id": 540,
        "source_url": "https://www.youtube.com/feeds/videos.xml?channel_id=UC1wZGocgLvopgOqBUFCyIJA",
        "status_code": 0,
        "tags": [],
        "thumbnail": "https://i1.ytimg.com/vi/pHtKD5c7qzo/hqdefault.jpg",
        "title": "Yahtzee Tries... Antonblast and Get To Work",
        "vote": 0
    }
]