[
    {
        "age": null,
        "album": "",
        "author": null,
        "bookmarked": false,
        "comments": [],
        "date_published": "2024-12-04T18:04:23+00:00",
        "description": "\n\t\t\t\t\t\t\t\t\t<img width=\"1920\" height=\"1080\" src=\"https://www.wargamer.com/wp-content/sites/wargamer/2024/12/phrozen-rpg-resin-dnd-miniatures.jpg\" class=\"webfeedsFeaturedVisual\" alt=\"Phrozen RPG resin is perfect for DnD miniatures, too expensive for anything else\" title=\"Phrozen RPG resin is perfect for DnD miniatures, too expensive for anything else\">\n\t\t\t\t\t\t\t\t<p>Phrozen\u2019s RPG Resin is utterly fantastic for printing <strong>DnD</strong> miniatures. If I was just considering the sheer quality of the prints - which are as durable as they are detailed - I might call it perfect for printing any kind of miniature. But that quality comes at a price, and while I received the resin I\u2019ve used for testing as a review sample from Phrozen, I'm conscious that the average gamer has to pay to get their fix of chemicals.</p>\n \t\t\t\t<div>\n\t\t\t\tContinue reading <a href=\"https://www.wargamer.com/phrozen-rpg-resin-review-dnd-minis\">Phrozen RPG resin is perfect for DnD miniatures, too expensive for anything el",
        "id": 1644008,
        "language": "en-US",
        "link": "https://www.wargamer.com/phrozen-rpg-resin-review-dnd-minis",
        "manual_status_code": 0,
        "page_rating": 27,
        "page_rating_contents": 86,
        "page_rating_visits": 0,
        "page_rating_votes": 0,
        "permanent": false,
        "source__id": 384,
        "source_url": "https://www.wargamer.com/mainrss.xml",
        "status_code": 0,
        "tags": [],
        "thumbnail": "https://www.wargamer.com/wp-content/sites/wargamer/2024/12/phrozen-rpg-resin-dnd-miniatures.jpg",
        "title": "Phrozen RPG resin is perfect for DnD miniatures, too expensive for anything else",
        "vote": 0
    },
    {
        "age": null,
        "album": "",
        "author": null,
        "bookmarked": false,
        "comments": [],
        "date_published": "2024-12-04T17:30:52+00:00",
        "description": "\n\t\t\t\t\t\t\t\t\t<img width=\"1920\" height=\"1080\" src=\"https://www.wargamer.com/wp-content/sites/wargamer/2023/03/dnd-warlock-patrons-5e.jpg\" class=\"webfeedsFeaturedVisual\" alt=\"DnD Warlock Patrons 5e explained\" title=\"DnD Warlock Patrons 5e explained\">\n\t\t\t\t\t\t\t\t<p>When your Dungeons and Dragons Warlock reaches level three, they\u2019ll choose a subclass and align themselves with a particular <b>DnD Warlock Patron</b>. Their pact with a fey, fiend, or eldritch being is what defines the Warlock as a class, as this deal is where they gain their most unique and powerful abilities. This guide explains each of the <b>Warlock Patrons 5e</b> has to offer, with plenty of advice packed in to help you choose your perfect Patron.</p>\n \t\t\t\t<div>\n\t\t\t\tContinue reading <a href=\"https://www.wargamer.com/dnd/warlock-patrons\">DnD Warlock Patrons 5e explained</a>\n\t\t\t\t</div>\n\t\t\t\tMORE FROM WARGAMER: <a href=\"https://www.wargamer.com/dnd/2024-players-handbook-review\">DnD 2024 Player's Handbook review</a>, <a href=\"http",
        "id": 1643455,
        "language": "en-US",
        "link": "https://www.wargamer.com/dnd/warlock-patrons",
        "manual_status_code": 0,
        "page_rating": 27,
        "page_rating_contents": 86,
        "page_rating_visits": 0,
        "page_rating_votes": 0,
        "permanent": false,
        "source__id": 384,
        "source_url": "https://www.wargamer.com/mainrss.xml",
        "status_code": 0,
        "tags": [],
        "thumbnail": "https://www.wargamer.com/wp-content/sites/wargamer/2023/03/dnd-warlock-patrons-5e.jpg",
        "title": "DnD Warlock Patrons 5e explained",
        "vote": 0
    },
    {
        "age": null,
        "album": "",
        "author": null,
        "bookmarked": false,
        "comments": [],
        "date_published": "2024-12-04T17:16:47+00:00",
        "description": "\n\t\t\t\t\t\t\t\t\t<img width=\"1920\" height=\"1080\" src=\"https://www.wargamer.com/wp-content/sites/wargamer/2024/12/magic-the-gathering-mtg-price-spike-restless-cottage-art.jpg\" class=\"webfeedsFeaturedVisual\" alt=\"MTG land that\u2019s been a Standard staple for a year suddenly spikes 300%\" title=\"MTG land that\u2019s been a Standard staple for a year suddenly spikes 300%\">\n\t\t\t\t\t\t\t\t<p>The <strong>Magic: The Gathering card</strong> Restless Cottage is spiking in price. Just before Foundations released, on November 15, the card was only valued at $3. But it\u2019s since quadrupled, going all the way up to $11.99 - according to the price tracker on MTG Goldfish.</p>\n \t\t\t\t<div>\n\t\t\t\tContinue reading <a href=\"https://www.wargamer.com/magic-the-gathering/mtg-price-spike-restless-cottage\">MTG land that\u2019s been a Standard staple for a year suddenly spikes 300%</a>\n\t\t\t\t</div>\n\t\t\t\tMORE FROM WARGAMER: <a href=\"https://www.wargamer.com/magic-the-gathering/mtg-sets-in-order\">All MTG sets in order</a>, <a href=\"https://www.w",
        "id": 1643454,
        "language": "en-US",
        "link": "https://www.wargamer.com/magic-the-gathering/mtg-price-spike-restless-cottage",
        "manual_status_code": 0,
        "page_rating": 27,
        "page_rating_contents": 86,
        "page_rating_visits": 0,
        "page_rating_votes": 0,
        "permanent": false,
        "source__id": 384,
        "source_url": "https://www.wargamer.com/mainrss.xml",
        "status_code": 0,
        "tags": [],
        "thumbnail": "https://www.wargamer.com/wp-content/sites/wargamer/2024/12/magic-the-gathering-mtg-price-spike-restless-cottage-art.jpg",
        "title": "MTG land that\u2019s been a Standard staple for a year suddenly spikes 300%",
        "vote": 0
    },
    {
        "age": null,
        "album": "",
        "author": null,
        "bookmarked": false,
        "comments": [],
        "date_published": "2024-12-04T15:45:45+00:00",
        "description": "\n\t\t\t\t\t\t\t\t\t<img width=\"1920\" height=\"1080\" src=\"https://www.wargamer.com/wp-content/sites/wargamer/2024/12/spirit-of-christmas.jpg\" class=\"webfeedsFeaturedVisual\" alt=\"Become a Christmas Ghost and haunt Scrooge in this Dickensian board game\" title=\"Become a Christmas Ghost and haunt Scrooge in this Dickensian board game\">\n\t\t\t\t\t\t\t\t<p>Ever wanted to teach a rotten Victorian businessman about the true meaning of Christmas? Spirits of Christmas is a new Kickstarter <strong>board game</strong> that caught our eye for its unique and highly specific premise: you\u2019re all Christmas ghosts trying to get Scrooge to mend his ways before time is up. Based on Charles Dickens\u2019 A Christmas Carol, this looks like the ideal festive family game for someone with a love of the classics.</p>\n \t\t\t\t<div>\n\t\t\t\tContinue reading <a href=\"https://www.wargamer.com/board-games/spirits-of-christmas-carol-scrooge\">Become a Christmas Ghost and haunt Scrooge in this Dickensian board game</a>\n\t\t\t\t</div>\n\t\t\t\tMORE FROM WAR",
        "id": 1642959,
        "language": "en-US",
        "link": "https://www.wargamer.com/board-games/spirits-of-christmas-carol-scrooge",
        "manual_status_code": 0,
        "page_rating": 27,
        "page_rating_contents": 86,
        "page_rating_visits": 0,
        "page_rating_votes": 0,
        "permanent": false,
        "source__id": 384,
        "source_url": "https://www.wargamer.com/mainrss.xml",
        "status_code": 0,
        "tags": [],
        "thumbnail": "https://www.wargamer.com/wp-content/sites/wargamer/2024/12/spirit-of-christmas.jpg",
        "title": "Become a Christmas Ghost and haunt Scrooge in this Dickensian board game",
        "vote": 0
    },
    {
        "age": null,
        "album": "",
        "author": null,
        "bookmarked": false,
        "comments": [],
        "date_published": "2024-12-04T15:37:15+00:00",
        "description": "\n\t\t\t\t\t\t\t\t\t<img width=\"1920\" height=\"1080\" src=\"https://www.wargamer.com/wp-content/sites/wargamer/2024/12/warhammer-40k-detachments-hexwarp-thrallband.jpg\" class=\"webfeedsFeaturedVisual\" alt=\"Warhammer 40k: New Thousand Sons Hexwarp Thrallband detachment explained\" title=\"Warhammer 40k: New Thousand Sons Hexwarp Thrallband detachment explained\">\n\t\t\t\t\t\t\t\t<p>The fourth day of GW\u2019s advent calendar of meta-shifting new <strong>Warhammer 40k</strong> detachments gives a boost to the Thousand Sons, with the new Hexwarp Thrallband detachment joining the existing Cult of Magic available in the Thousand Sons' Index. This warp-addled formation seeks to turn the battlefield itself into a morass of corruption, capturing objectives and turbo-charging its psychic attacks.</p>\n \t\t\t\t<div>\n\t\t\t\tContinue reading <a href=\"https://www.wargamer.com/warhammer-40k/hexwarp-thrallband-detachment-thousand-sons\">Warhammer 40k: New Thousand Sons Hexwarp Thrallband detachment explained</a>\n\t\t\t\t</div>\n\t\t\t\tMORE FRO",
        "id": 1642422,
        "language": "en-US",
        "link": "https://www.wargamer.com/warhammer-40k/hexwarp-thrallband-detachment-thousand-sons",
        "manual_status_code": 0,
        "page_rating": 27,
        "page_rating_contents": 86,
        "page_rating_visits": 0,
        "page_rating_votes": 0,
        "permanent": false,
        "source__id": 384,
        "source_url": "https://www.wargamer.com/mainrss.xml",
        "status_code": 0,
        "tags": [],
        "thumbnail": "https://www.wargamer.com/wp-content/sites/wargamer/2024/12/warhammer-40k-detachments-hexwarp-thrallband.jpg",
        "title": "Warhammer 40k: New Thousand Sons Hexwarp Thrallband detachment explained",
        "vote": 0
    },
    {
        "age": null,
        "album": "",
        "author": null,
        "bookmarked": false,
        "comments": [],
        "date_published": "2024-12-04T12:49:30+00:00",
        "description": "\n\t\t\t\t\t\t\t\t\t<img width=\"1920\" height=\"1080\" src=\"https://www.wargamer.com/wp-content/sites/wargamer/2024/12/magic-the-gathering-innistrad-dfc-mix-up.jpg\" class=\"webfeedsFeaturedVisual\" alt=\"MTG reveals gorgeous Innistrad cards, but admits to awkward printing goof\" title=\"MTG reveals gorgeous Innistrad cards, but admits to awkward printing goof\">\n\t\t\t\t\t\t\t\t<p>The first spoilers for upcoming <strong>Magic: The Gathering</strong> compilation set Innistrad Remastered are here. But along with some stylish reprints of many of the most iconic cards from this gothic-horror themed plane comes the admission that Wizards of the Coast made an error when it comes to the set\u2019s many double-faced cards.</p>\n \t\t\t\t<div>\n\t\t\t\tContinue reading <a href=\"https://www.wargamer.com/magic-the-gathering/innistrad-dfc-mix-up\">MTG reveals gorgeous Innistrad cards, but admits to awkward printing goof</a>\n\t\t\t\t</div>\n\t\t\t\tMORE FROM WARGAMER: <a href=\"https://www.wargamer.com/magic-the-gathering/mtg-sets-in-order\">All MTG",
        "id": 1641441,
        "language": "en-US",
        "link": "https://www.wargamer.com/magic-the-gathering/innistrad-dfc-mix-up",
        "manual_status_code": 0,
        "page_rating": 27,
        "page_rating_contents": 86,
        "page_rating_visits": 0,
        "page_rating_votes": 0,
        "permanent": false,
        "source__id": 384,
        "source_url": "https://www.wargamer.com/mainrss.xml",
        "status_code": 0,
        "tags": [],
        "thumbnail": "https://www.wargamer.com/wp-content/sites/wargamer/2024/12/magic-the-gathering-innistrad-dfc-mix-up.jpg",
        "title": "MTG reveals gorgeous Innistrad cards, but admits to awkward printing goof",
        "vote": 0
    }
]