[
    {
        "age": null,
        "album": "",
        "author": "Nerdrotic",
        "bookmarked": false,
        "comments": [],
        "date_published": "2024-12-04T16:12:33+00:00",
        "description": "The Nerdrotic Nooner with Chris Gore @FilmThreat \n\nProduced by  @XrayGirl_ from @pourchoices_ \n\nBecome a Nerdrotic Channel Member\nwww.youtube.com/c/sutrowatchtower/join\n\nStreamlab Donations: https://streamlabs.com/sutrowatchtower/tip\n\nNerdrotic Merch Store!\nhttps://mixedtees.com/nerdrotic\n\nFNT T-Shirt!\nhttps://mixedtees.com/nerdrotic/friday-night-tights\n\nSponsored by MetaPCs!\nhttps://www.metapcs.com/creator-nerdrotic/\n\nSponsored by GEEK GRIND!\nNerdrotic Blend Coffee from Geek Grind\nUse Promo Code \"Nerdrotic\" for 20% off:\nhttps://geekgrindcoffee.com/collections/nerdrotic-coffee\n\nNerdrotic Coffee Cup from Geek Grind:\nhttps://geekgrindcoffee.com/products/nerdrotic-mug?",
        "id": 1642963,
        "language": null,
        "link": "https://www.youtube.com/watch?v=_nAOjfHGZio",
        "manual_status_code": 0,
        "page_rating": 27,
        "page_rating_contents": 86,
        "page_rating_visits": 0,
        "page_rating_votes": 0,
        "permanent": false,
        "source__id": 235,
        "source_url": "https://www.youtube.com/feeds/videos.xml?channel_id=UC5T0tXJN5CrMZUEJuz4oovw",
        "status_code": 0,
        "tags": [],
        "thumbnail": "https://i4.ytimg.com/vi/_nAOjfHGZio/hqdefault.jpg",
        "title": "Nerdrotic Nooner 447 with Chris Gore",
        "vote": 0
    }
]