[
    {
        "age": null,
        "album": "",
        "author": null,
        "bookmarked": false,
        "comments": [],
        "date_published": "2024-12-04T23:00:13+00:00",
        "description": "Two children were shot by a gunman who opened fire at a Northern California elementary school campus Wednesday, before killing himself, the Butte County sheriff said.",
        "id": 1645518,
        "language": "en-US",
        "link": "https://www.nbcnews.com/news/us-news/2-children-wounded-gunman-dead-shooting-california-school-rcna182946",
        "manual_status_code": 0,
        "page_rating": 27,
        "page_rating_contents": 86,
        "page_rating_visits": 0,
        "page_rating_votes": 0,
        "permanent": false,
        "source__id": 223,
        "source_url": "https://feeds.nbcnews.com/nbcnews/public/tech",
        "status_code": 0,
        "tags": [],
        "thumbnail": "https://media-cldnry.s-nbcnews.com/image/upload/t_fit_1500w/rockcms/2024-12/241204-feather-river-school-palermo-ew-550p-c9d022.jpg",
        "title": "2 children wounded, gunman dead in shooting at California school",
        "vote": 0
    },
    {
        "age": null,
        "album": "",
        "author": null,
        "bookmarked": false,
        "comments": [],
        "date_published": "2024-12-04T22:53:45+00:00",
        "description": "A Chinese hacking campaign that spied on texts and calls of U.S. citizens is significantly larger than previously known to the public.",
        "id": 1645517,
        "language": "en-US",
        "link": "https://www.nbcnews.com/tech/security/chinese-hackers-stole-americans-phone-data-8-telecoms-us-officials-say-rcna182942",
        "manual_status_code": 0,
        "page_rating": 27,
        "page_rating_contents": 86,
        "page_rating_visits": 0,
        "page_rating_votes": 0,
        "permanent": false,
        "source__id": 223,
        "source_url": "https://feeds.nbcnews.com/nbcnews/public/tech",
        "status_code": 0,
        "tags": [],
        "thumbnail": "https://media-cldnry.s-nbcnews.com/image/upload/t_fit_1500w/rockcms/2024-12/241204-person-phone-wall-street-ew-533p-d231f3.jpg",
        "title": "Chinese hackers stole large amounts of Americans\u2019 phone data from eight telecoms, officials say",
        "vote": 0
    },
    {
        "age": null,
        "album": "",
        "author": null,
        "bookmarked": false,
        "comments": [],
        "date_published": "2024-12-04T20:27:36+00:00",
        "description": "Watchdog group Public Citizen asked the Federal Trade Commission to take action against Dr. Mehmet Oz for allegedly violating influencer marketing standards.\n",
        "id": 1644703,
        "language": "en-US",
        "link": "https://www.nbcnews.com/tech/internet/mehmet-oz-potentially-violated-influencer-marketing-standards-watchdog-rcna182757",
        "manual_status_code": 0,
        "page_rating": 27,
        "page_rating_contents": 86,
        "page_rating_visits": 0,
        "page_rating_votes": 0,
        "permanent": false,
        "source__id": 223,
        "source_url": "https://feeds.nbcnews.com/nbcnews/public/tech",
        "status_code": 0,
        "tags": [],
        "thumbnail": "https://media-cldnry.s-nbcnews.com/image/upload/t_fit_1500w/rockcms/2024-11/241126-Mehmet-Oz-ch-1210-e4287e.jpg",
        "title": "Mehmet Oz potentially violated marketing standards as he pushed supplements, watchdog says",
        "vote": 0
    },
    {
        "age": null,
        "album": "",
        "author": null,
        "bookmarked": false,
        "comments": [],
        "date_published": "2024-12-04T20:20:35+00:00",
        "description": "Surveillance video captured the moment UnitedHealthcare CEO Brian Thompson was fatally shot outside a New York City hotel. NBC News\u2019 Sam Brock reports on what police are saying about the \u201ctargeted\u201d attack.",
        "id": 1645126,
        "language": "en-US",
        "link": "https://www.nbcnews.com/now/video/surveillance-video-shows-fatal-shooting-of-unitedhealthcare-ceo-226180165719",
        "manual_status_code": 0,
        "page_rating": 27,
        "page_rating_contents": 86,
        "page_rating_visits": 0,
        "page_rating_votes": 0,
        "permanent": false,
        "source__id": 223,
        "source_url": "https://feeds.nbcnews.com/nbcnews/public/tech",
        "status_code": 0,
        "tags": [],
        "thumbnail": "https://media-cldnry.s-nbcnews.com/image/upload/t_fit_1500w/mpx/2704722219/2024_12/1733343628941_now_daily_b_united_ceo_video_241204_1920x1080-zf7kuo.jpg",
        "title": "Surveillance video shows fatal shooting of UnitedHealthcare CEO",
        "vote": 0
    },
    {
        "age": null,
        "album": "",
        "author": null,
        "bookmarked": false,
        "comments": [],
        "date_published": "2024-12-04T20:00:00+00:00",
        "description": "A killer whale was spotted balancing a salmon on its head. It\u2019s not clear what the behavior means, but orcas were observed doing the same thing in the 1980s.",
        "id": 1644704,
        "language": "en-US",
        "link": "https://www.nbcnews.com/science/science-news/killer-whale-orca-salmon-head-rcna182697",
        "manual_status_code": 0,
        "page_rating": 27,
        "page_rating_contents": 86,
        "page_rating_visits": 0,
        "page_rating_votes": 0,
        "permanent": false,
        "source__id": 223,
        "source_url": "https://feeds.nbcnews.com/nbcnews/public/tech",
        "status_code": 0,
        "tags": [],
        "thumbnail": "https://media-cldnry.s-nbcnews.com/image/upload/t_fit_1500w/rockcms/2024-12/241203-orca-ch-1415-b5e444.jpg",
        "title": "Killer whale spotted balancing a salmon on its head, intriguing scientists and orca watchers",
        "vote": 0
    },
    {
        "age": null,
        "album": "",
        "author": null,
        "bookmarked": false,
        "comments": [],
        "date_published": "2024-12-04T18:25:36+00:00",
        "description": "Pete Hegseth spoke to reporters as he continues to meet with senators about serving as President-elect Trump's secretary of defense. He called the meetings a \"wonderful process\" and said his directive was to bring a \"warfighting ethos\" back to the Pentagon.",
        "id": 1644271,
        "language": "en-US",
        "link": "https://www.msnbc.com/msnbc/watch/hegseth-speaks-amid-meetings-with-senators-on-capitol-hill-226162245826",
        "manual_status_code": 0,
        "page_rating": 27,
        "page_rating_contents": 86,
        "page_rating_visits": 0,
        "page_rating_votes": 0,
        "permanent": false,
        "source__id": 223,
        "source_url": "https://feeds.nbcnews.com/nbcnews/public/tech",
        "status_code": 0,
        "tags": [],
        "thumbnail": "https://media-cldnry.s-nbcnews.com/image/upload/t_fit_1500w/mpx/2704722219/2024_12/1733336732308_n_msnbc_brk_hegseth_gaggle_nom_241204_1920x1080-hrdkkk.jpg",
        "title": "Hegseth: Meeting with senators has been a 'wonderful process'",
        "vote": 0
    },
    {
        "age": null,
        "album": "",
        "author": null,
        "bookmarked": false,
        "comments": [],
        "date_published": "2024-12-04T17:09:18+00:00",
        "description": "South Koreans expressed anger and confusion on Wednesday after President Yoon Suk Yeol declared martial law only to lift the order hours later.",
        "id": 1643238,
        "language": "en-US",
        "link": "https://www.nbcnews.com/news/world/south-korea-night-political-drama-turmoil-rcna182770",
        "manual_status_code": 0,
        "page_rating": 27,
        "page_rating_contents": 86,
        "page_rating_visits": 0,
        "page_rating_votes": 0,
        "permanent": false,
        "source__id": 223,
        "source_url": "https://feeds.nbcnews.com/nbcnews/public/tech",
        "status_code": 0,
        "tags": [],
        "thumbnail": "https://media-cldnry.s-nbcnews.com/image/upload/t_fit_1500w/rockcms/2024-12/241204-sk-protest-wc-1012-e1edb6.jpg",
        "title": "What next for South Korea after night of political drama and turmoil",
        "vote": 0
    },
    {
        "age": null,
        "album": "",
        "author": null,
        "bookmarked": false,
        "comments": [],
        "date_published": "2024-12-04T17:08:41+00:00",
        "description": "President-elect Donald Trump announced Wednesday that Peter Navarro will serve as \u201cSenior Counselor for Trade and Manufacturing\u201d in his next White House term.",
        "id": 1643237,
        "language": "en-US",
        "link": "https://www.nbcnews.com/politics/donald-trump/trump-picks-peter-navarro-went-prison-defying-jan-6-committee-subpoena-rcna182843",
        "manual_status_code": 0,
        "page_rating": 27,
        "page_rating_contents": 86,
        "page_rating_visits": 0,
        "page_rating_votes": 0,
        "permanent": false,
        "source__id": 223,
        "source_url": "https://feeds.nbcnews.com/nbcnews/public/tech",
        "status_code": 0,
        "tags": [],
        "thumbnail": "https://media-cldnry.s-nbcnews.com/image/upload/t_fit_1500w/rockcms/2024-12/241204-peter-navarro-vl-1152a-8e34c2.jpg",
        "title": "Trump picks Peter Navarro, who went to prison for defying Jan. 6 committee subpoena, as top trade adviser",
        "vote": 0
    },
    {
        "age": null,
        "album": "",
        "author": null,
        "bookmarked": false,
        "comments": [],
        "date_published": "2024-12-04T16:54:32+00:00",
        "description": "New York police officials say a masked man shot United Healthcare CEO Brian Thompson several times outside of a Manhattan hotel before fleeing into Central Park.",
        "id": 1643236,
        "language": "en-US",
        "link": "https://www.nbcnews.com/now/video/nypd-gives-details-of-targeted-shooting-that-killed-united-healthcare-ceo-226157125904",
        "manual_status_code": 0,
        "page_rating": 27,
        "page_rating_contents": 86,
        "page_rating_visits": 0,
        "page_rating_votes": 0,
        "permanent": false,
        "source__id": 223,
        "source_url": "https://feeds.nbcnews.com/nbcnews/public/tech",
        "status_code": 0,
        "tags": [],
        "thumbnail": "https://media-cldnry.s-nbcnews.com/image/upload/t_fit_1500w/mpx/2704722219/2024_12/1733331266234_now_brk_nypd_presser_united_healthcare_241204_1920x1080-11ry0r.jpg",
        "title": "NYPD gives details of 'targeted' shooting that killed United Healthcare CEO",
        "vote": 0
    },
    {
        "age": null,
        "album": "",
        "author": null,
        "bookmarked": false,
        "comments": [],
        "date_published": "2024-12-04T13:06:52+00:00",
        "description": "President-elect Donald Trump is considering replacing embattled defense secretary choice Pete Hegseth with Florida Gov.",
        "id": 1641235,
        "language": "en-US",
        "link": "https://www.nbcnews.com/politics/donald-trump/trump-considers-replacing-pete-hegseth-embattled-secretary-defense-pic-rcna182777",
        "manual_status_code": 0,
        "page_rating": 27,
        "page_rating_contents": 86,
        "page_rating_visits": 0,
        "page_rating_votes": 0,
        "permanent": false,
        "source__id": 223,
        "source_url": "https://feeds.nbcnews.com/nbcnews/public/tech",
        "status_code": 0,
        "tags": [],
        "thumbnail": "https://media-cldnry.s-nbcnews.com/image/upload/t_fit_1500w/rockcms/2024-12/241204-desantis-wc-1223-447984.jpg",
        "title": "Trump considers replacing Pete Hegseth, his embattled secretary of defense pick, with Ron DeSantis",
        "vote": 0
    },
    {
        "age": null,
        "album": "",
        "author": null,
        "bookmarked": false,
        "comments": [],
        "date_published": "2024-12-04T00:16:22+00:00",
        "description": "Ten current and former Fox News employees who worked with Pete Hegseth, President-elect Trump's pick for defense secretary, say he drank in ways that concerned them. A Trump transition spokesperson called the allegations \"completely unfounded and false.\" NBC News' Garrett Haake reports",
        "id": 1638413,
        "language": "en-US",
        "link": "https://www.nbcnews.com/nightly-news/video/new-allegations-involving-hegseth-s-drinking-habits-226095685899",
        "manual_status_code": 0,
        "page_rating": 27,
        "page_rating_contents": 86,
        "page_rating_visits": 0,
        "page_rating_votes": 0,
        "permanent": false,
        "source__id": 223,
        "source_url": "https://feeds.nbcnews.com/nbcnews/public/tech",
        "status_code": 0,
        "tags": [],
        "thumbnail": "https://media-cldnry.s-nbcnews.com/image/upload/t_fit_1500w/mpx/2704722219/2024_12/1733271375740_nn_gha_hegsethdrinking_241203_1920x1080-8n48lp.jpg",
        "title": "New allegations involving Hegseth's drinking habits",
        "vote": 0
    },
    {
        "age": null,
        "album": "",
        "author": null,
        "bookmarked": false,
        "comments": [],
        "date_published": "2024-12-04T00:02:30+00:00",
        "description": "U.S. officials say they're investigating Chinese government-affiliated hackers who compromised the networks of of U.S. communication companies and were able to intercept private communications of people affiliated with the U.S. government or politics. NBC News' Hallie Jackson reports.",
        "id": 1638147,
        "language": "en-US",
        "link": "https://www.nbcnews.com/nightly-news/video/u-s-officials-investigate-alleged-chinese-cyber-hack-of-communications-companies-226094149504",
        "manual_status_code": 0,
        "page_rating": 27,
        "page_rating_contents": 86,
        "page_rating_visits": 0,
        "page_rating_votes": 0,
        "permanent": false,
        "source__id": 223,
        "source_url": "https://feeds.nbcnews.com/nbcnews/public/tech",
        "status_code": 0,
        "tags": [],
        "thumbnail": "https://media-cldnry.s-nbcnews.com/image/upload/t_fit_1500w/mpx/2704722219/2024_12/1733270545621_nn_hja_chinese_telecomms_cyber_hack_241203_1920x1080-6q5crk.jpg",
        "title": "U.S. officials investigate alleged Chinese cyber hack of communications companies",
        "vote": 0
    }
]