[
    {
        "age": null,
        "album": "",
        "author": null,
        "bookmarked": false,
        "comments": [],
        "date_published": "2024-12-04T19:49:42.894205+00:00",
        "description": " <img src=\"https://i.wpimg.pl/308x/filerepo.grupawp.pl/api/v1/display/embed/e5659981-6fb3-4048-9039-8eea1c302a66\" width=\"308\" /> W grudniu emeryci mog\u0105 oczekiwa\u0107 zmian w harmonogramie wyp\u0142at z ZUS w zwi\u0105zku z nadchodz\u0105cymi \u015bwi\u0119tami Bo\u017cego Narodzenia. Szczeg\u00f3lnie uprzywilejowane b\u0119d\u0105 osoby otrzymuj\u0105ce \u015bwiadczenia ju\u017c 1. dnia ka\u017cdego miesi\u0105ca, co sprawi, \u017ce dodatkowy przelew otrzyma a\u017c milion os\u00f3b. ",
        "id": 1644196,
        "language": "pl-PL",
        "link": "https://www.money.pl/emerytury/dodatkowy-przelew-dla-miliona-emerytow-to-czeka-seniorow-w-grudniu-7099757083396225a.html",
        "manual_status_code": 0,
        "page_rating": 27,
        "page_rating_contents": 86,
        "page_rating_visits": 0,
        "page_rating_votes": 0,
        "permanent": false,
        "source__id": 215,
        "source_url": "https://www.money.pl/rss/rss.xml",
        "status_code": 0,
        "tags": [],
        "thumbnail": null,
        "title": "Dodatkowy przelew dla miliona emeryt\u00f3w. To czeka senior\u00f3w w grudniu",
        "vote": 0
    },
    {
        "age": null,
        "album": "",
        "author": null,
        "bookmarked": false,
        "comments": [],
        "date_published": "2024-12-04T19:44:40+00:00",
        "description": " <img src=\"https://i.wpimg.pl/308x/filerepo.grupawp.pl/api/v1/display/embed/01fb036e-342b-444e-a03d-1ff727b667c1\" width=\"308\" /> Do 4 grudnia w ramach zasi\u0142k\u00f3w powodziowych i dora\u017anych wyp\u0142acono ponad 331,2 mln z\u0142 dla ponad 125 tys. poszkodowanych rodzin - poinformowa\u0142o nas Ministerstwo Spraw Wewn\u0119trznych i Administracji. Wi\u0119cej pieni\u0119dzy przeznaczono na zasi\u0142ki remontowo-budowlane. ",
        "id": 1644197,
        "language": "pl-PL",
        "link": "https://www.money.pl/pieniadze/zasilki-dla-powodzian-wiemy-ile-rodzin-otrzymalo-pieniadze-7099716885269120a.html",
        "manual_status_code": 0,
        "page_rating": 27,
        "page_rating_contents": 86,
        "page_rating_visits": 0,
        "page_rating_votes": 0,
        "permanent": false,
        "source__id": 215,
        "source_url": "https://www.money.pl/rss/rss.xml",
        "status_code": 0,
        "tags": [],
        "thumbnail": null,
        "title": "Zasi\u0142ki dla powodzian. Wiemy, ile rodzin otrzyma\u0142o pieni\u0105dze",
        "vote": 0
    },
    {
        "age": null,
        "album": "",
        "author": null,
        "bookmarked": false,
        "comments": [],
        "date_published": "2024-12-04T18:44:23.426401+00:00",
        "description": " <img src=\"https://i.wpimg.pl/308x/filerepo.grupawp.pl/api/v1/display/embed/38fa7b13-3844-4f1c-82fe-44508e1e3c00\" width=\"308\" /> \"Postulat dzia\u0142kowc\u00f3w spe\u0142niony. Podpisa\u0142em nowelizacj\u0119\" - og\u0142osi\u0142 minister rozwoju Krzysztof Paszyk. Ogrody dzia\u0142kowe b\u0119d\u0105 brane pod uwag\u0119 w planach zagospodarowania przestrzennego. - Zabezpieczy to ogr\u00f3dki przed niekontrolowan\u0105 likwidacj\u0105 - ocenia Jaros\u0142aw J\u0119drzy\u0144ski, ekspert portalu RynekPierwotny.pl. ",
        "id": 1643743,
        "language": "pl-PL",
        "link": "https://www.money.pl/gospodarka/podpis-ministra-uratowal-ogrodki-przed-deweloperami-radykalna-zmiana-7099693447346816a.html",
        "manual_status_code": 0,
        "page_rating": 27,
        "page_rating_contents": 86,
        "page_rating_visits": 0,
        "page_rating_votes": 0,
        "permanent": false,
        "source__id": 215,
        "source_url": "https://www.money.pl/rss/rss.xml",
        "status_code": 0,
        "tags": [],
        "thumbnail": null,
        "title": "Podpis ministra uratowa\u0142 ogr\u00f3dki przed deweloperami? \"Radykalna zmiana\"",
        "vote": 0
    },
    {
        "age": null,
        "album": "",
        "author": null,
        "bookmarked": false,
        "comments": [],
        "date_published": "2024-12-04T17:39:40.006920+00:00",
        "description": " <img src=\"https://i.wpimg.pl/308x/filerepo.grupawp.pl/api/v1/display/embed/7040cb19-a955-4acf-a77a-1b8a04de93f0\" width=\"308\" /> Nie \u017cyje Brian Thompson, 50-letni dyrektor generalny medycznego giganta UnitedHealthcare. M\u0119\u017cczyzn\u0119 zastrzelono w \u015brod\u0119 przed New York Hilton Midtown na Manhattanie, gdzie firma organizowa\u0142a dzie\u0144 inwestora - informuje CBS. ",
        "id": 1643147,
        "language": "pl-PL",
        "link": "https://www.money.pl/ubezpieczenia/brian-thompson-prezes-medycznego-giganta-zastrzelony-na-manhattanie-7099727237241472a.html",
        "manual_status_code": 0,
        "page_rating": 27,
        "page_rating_contents": 86,
        "page_rating_visits": 0,
        "page_rating_votes": 0,
        "permanent": false,
        "source__id": 215,
        "source_url": "https://www.money.pl/rss/rss.xml",
        "status_code": 0,
        "tags": [],
        "thumbnail": null,
        "title": "Brian Thompson, prezes medycznego giganta, zastrzelony na Manhattanie",
        "vote": 0
    },
    {
        "age": null,
        "album": "",
        "author": null,
        "bookmarked": false,
        "comments": [],
        "date_published": "2024-12-04T16:35:20.804859+00:00",
        "description": " <img src=\"https://i.wpimg.pl/308x/filerepo.grupawp.pl/api/v1/display/embed/4479e76b-bc85-4984-80c4-90dac9e6c8dc\" width=\"308\" /> Cargill, czyli najwi\u0119ksza prywatna firma w Stanach Zjednoczonych zwolni tysi\u0105ce pracownik\u00f3w. Problemy producenta \u017cywno\u015bci maj\u0105 wynika\u0107 z ni\u017cszych cen produkt\u00f3w. W efekcie zwolnionych zostanie nawet 8 tys. os\u00f3b. Firma zatrudnia te\u017c w Polsce. ",
        "id": 1642659,
        "language": "pl-PL",
        "link": "https://www.money.pl/gospodarka/zatrudniaja-160-tys-osob-na-calym-swiecie-amerykanski-gigant-zapowiedzial-wielkie-zwolnienia-7099696671541888a.html",
        "manual_status_code": 0,
        "page_rating": 27,
        "page_rating_contents": 86,
        "page_rating_visits": 0,
        "page_rating_votes": 0,
        "permanent": false,
        "source__id": 215,
        "source_url": "https://www.money.pl/rss/rss.xml",
        "status_code": 0,
        "tags": [],
        "thumbnail": null,
        "title": "Zatrudniaj\u0105 160 tys. os\u00f3b na ca\u0142ym \u015bwiecie. Ameryka\u0144ski gigant zapowiedzia\u0142 wielkie zwolnienia",
        "vote": 0
    },
    {
        "age": null,
        "album": "",
        "author": null,
        "bookmarked": false,
        "comments": [],
        "date_published": "2024-12-04T14:24:52.853568+00:00",
        "description": " <img src=\"https://i.wpimg.pl/308x/filerepo.grupawp.pl/api/v1/display/embed/d0ca78bd-95bb-4f35-b43d-3337e2333ecf\" width=\"308\" /> Atrakcyjna ulga podatkowa, a przy tym \u015bwietna forma zabezpieczenia na przysz\u0142o\u015b\u0107? Tym wyr\u00f3\u017cnia si\u0119 IKZE, czyli specjalne konto emerytalne, kt\u00f3re daje mo\u017cliwo\u015b\u0107 odk\u0142adania na emerytur\u0119 i coroczn\u0105 ulg\u0119 podatkow\u0105. Dlaczego warto zainteresowa\u0107 si\u0119 nimi w\u0142a\u015bnie teraz, a nie po 1 stycznia? Pow\u00f3d jest prosty \u2013 wp\u0142aty na IKZE w danym roku mo\u017cna odliczy\u0107 od dochodu i dzi\u0119ki temu zap\u0142aci\u0107 mniejszy podatek PIT lub zyska\u0107 zwrot od fiskusa. ",
        "id": 1641650,
        "language": "pl-PL",
        "link": "https://www.money.pl/emerytury/to-ostatni-moment-na-skorzystanie-z-tej-ulgi-podatkowej-7099656231152288a.html",
        "manual_status_code": 0,
        "page_rating": 27,
        "page_rating_contents": 86,
        "page_rating_visits": 0,
        "page_rating_votes": 0,
        "permanent": false,
        "source__id": 215,
        "source_url": "https://www.money.pl/rss/rss.xml",
        "status_code": 0,
        "tags": [],
        "thumbnail": null,
        "title": "To ostatni moment na skorzystanie z tej ulgi podatkowej",
        "vote": 0
    },
    {
        "age": null,
        "album": "",
        "author": null,
        "bookmarked": false,
        "comments": [],
        "date_published": "2024-12-04T14:24:52.591354+00:00",
        "description": " <img src=\"https://i.wpimg.pl/308x/filerepo.grupawp.pl/api/v1/display/embed/aab174b4-df82-4e08-af2a-63afe6db733a\" width=\"308\" /> Odsetek firm planuj\u0105cych nowe rekrutacje wzr\u00f3s\u0142 w uj\u0119ciu rocznym do 28 proc., wskazuje to na pozytywn\u0105 zmian\u0119 w podej\u015bciu pracodawc\u00f3w, kt\u00f3rzy dostrzegaj\u0105 konieczno\u015b\u0107 wzmacniania zespo\u0142\u00f3w - oceni\u0142 Robert Lisicki z Konfederacji Lewiatan, komentuj\u0105c badanie Instytutu Badawczego Randstad. Co druga firma planuje podwy\u017cki. ",
        "id": 1641649,
        "language": "pl-PL",
        "link": "https://www.money.pl/gospodarka/nie-wszedzie-zwalniaja-co-druga-firma-planuje-podwyzki-7099678271109792a.html",
        "manual_status_code": 0,
        "page_rating": 27,
        "page_rating_contents": 86,
        "page_rating_visits": 0,
        "page_rating_votes": 0,
        "permanent": false,
        "source__id": 215,
        "source_url": "https://www.money.pl/rss/rss.xml",
        "status_code": 0,
        "tags": [],
        "thumbnail": null,
        "title": "Nie wsz\u0119dzie zwalniaj\u0105. Co druga firma planuje podwy\u017cki",
        "vote": 0
    },
    {
        "age": null,
        "album": "",
        "author": null,
        "bookmarked": false,
        "comments": [],
        "date_published": "2024-12-04T13:19:46.011058+00:00",
        "description": " <img src=\"https://i.wpimg.pl/308x/filerepo.grupawp.pl/api/v1/display/embed/48492282-ff93-4949-a346-fc93a000f0f0\" width=\"308\" /> Administracja Trumpa i w\u0142adze Teksasu rozwa\u017caj\u0105 budow\u0119 o\u015brodk\u00f3w deportacyjnych na zakupionej ziemi wzd\u0142u\u017c Rio Grande. Rozmowy z przysz\u0142\u0105 administracj\u0105 Trumpa dotycz\u0105 wykorzystania zasob\u00f3w wojskowych do transportu migrant\u00f3w i budowy infrastruktury. ",
        "id": 1641168,
        "language": "pl-PL",
        "link": "https://www.money.pl/gospodarka/obozy-wzdluz-rio-grande-teksas-sonduje-pomysl-z-cesarzem-granicy-7099660840348288a.html",
        "manual_status_code": 0,
        "page_rating": 27,
        "page_rating_contents": 86,
        "page_rating_visits": 0,
        "page_rating_votes": 0,
        "permanent": false,
        "source__id": 215,
        "source_url": "https://www.money.pl/rss/rss.xml",
        "status_code": 0,
        "tags": [],
        "thumbnail": null,
        "title": "Teksas ju\u017c si\u0119 pali do pomocy. Stan sonduje pomys\u0142 z \"cesarzem granicy\"",
        "vote": 0
    },
    {
        "age": null,
        "album": "",
        "author": null,
        "bookmarked": false,
        "comments": [],
        "date_published": "2024-12-04T12:14:29.867496+00:00",
        "description": " <img src=\"https://i.wpimg.pl/308x/filerepo.grupawp.pl/api/v1/display/embed/2d27212b-88b6-4103-81bc-3caff94651b7\" width=\"308\" /> Czesi masowo odwiedzaj\u0105 polskie targowiska, szukaj\u0105c ta\u0144szych produkt\u00f3w przed Bo\u017cym Narodzeniem. Wysokie ceny w Czechach sk\u0142aniaj\u0105 ich do zakup\u00f3w w Polsce, szczeg\u00f3lnie w Kudowie-Zdroju. Oszcz\u0119dno\u015bci si\u0119gaj\u0105 nawet 340 z\u0142 - informuje Business Insider Polska, powo\u0142uj\u0105c si\u0119 czeskie CNN Prima News. ",
        "id": 1640800,
        "language": "pl-PL",
        "link": "https://www.money.pl/gospodarka/czesi-szturmuja-polskie-targowiska-oto-ich-faworyt-7099638255700640a.html",
        "manual_status_code": 0,
        "page_rating": 27,
        "page_rating_contents": 86,
        "page_rating_visits": 0,
        "page_rating_votes": 0,
        "permanent": false,
        "source__id": 215,
        "source_url": "https://www.money.pl/rss/rss.xml",
        "status_code": 0,
        "tags": [],
        "thumbnail": null,
        "title": "Czesi szturmuj\u0105 polskie targowiska. Oto ich faworyt",
        "vote": 0
    },
    {
        "age": null,
        "album": "",
        "author": null,
        "bookmarked": false,
        "comments": [],
        "date_published": "2024-12-04T11:09:30.011112+00:00",
        "description": " <img src=\"https://i.wpimg.pl/308x/filerepo.grupawp.pl/api/v1/display/embed/46481d5e-d9d5-47b9-bf08-4b3a5229248b\" width=\"308\" /> W Katowicach, Krakowie, \u0141odzi, Poznaniu, Tr\u00f3jmie\u015bcie, Warszawie i we Wroc\u0142awiu w tym roku deweloperzy sprzedali o 26 proc. mniej mieszka\u0144 ni\u017c w tym samym czasie 2023 r. - wynika z opublikowanego w \u015brod\u0119 raportu. Listopad by\u0142 kolejnym miesi\u0105cem z rz\u0119du, w kt\u00f3rym poda\u017c by\u0142a wi\u0119ksza od popytu. ",
        "id": 1640428,
        "language": "pl-PL",
        "link": "https://www.money.pl/gospodarka/tapniecie-na-rynku-deweloperzy-sprzedali-o-26-proc-mniej-mieszkan-7099622356847264a.html",
        "manual_status_code": 0,
        "page_rating": 27,
        "page_rating_contents": 86,
        "page_rating_visits": 0,
        "page_rating_votes": 0,
        "permanent": false,
        "source__id": 215,
        "source_url": "https://www.money.pl/rss/rss.xml",
        "status_code": 0,
        "tags": [],
        "thumbnail": null,
        "title": "T\u0105pni\u0119cie na rynku. Deweloperzy sprzedali o 26 proc. mniej mieszka\u0144",
        "vote": 0
    },
    {
        "age": null,
        "album": "",
        "author": null,
        "bookmarked": false,
        "comments": [],
        "date_published": "2024-12-04T11:09:29.460826+00:00",
        "description": " <img src=\"https://i.wpimg.pl/308x/filerepo.grupawp.pl/api/v1/display/embed/943fb085-2ac1-4229-9da8-b71b95351999\" width=\"308\" /> W mediach pojawi\u0142y si\u0119 doniesienia o karach za zakr\u0119cone grzejniki i kontrolach przeprowadzanych przez sp\u00f3\u0142dzielnie mieszkaniowe. Czy sp\u00f3\u0142dzielnie faktycznie prowadz\u0105 takie dzia\u0142ania i czy mo\u017cna, dosta\u0107 500 z\u0142 mandatu za oszcz\u0119dzanie ogrzewania? Wyja\u015bniamy. ",
        "id": 1640427,
        "language": "pl-PL",
        "link": "https://www.money.pl/gospodarka/mandat-za-zakrecony-kaloryfer-oto-co-mowi-prawo-7099629697555072a.html",
        "manual_status_code": 0,
        "page_rating": 27,
        "page_rating_contents": 86,
        "page_rating_visits": 0,
        "page_rating_votes": 0,
        "permanent": false,
        "source__id": 215,
        "source_url": "https://www.money.pl/rss/rss.xml",
        "status_code": 0,
        "tags": [],
        "thumbnail": null,
        "title": "Mandat za zakr\u0119cony kaloryfer? Oto co m\u00f3wi prawo",
        "vote": 0
    },
    {
        "age": null,
        "album": "",
        "author": null,
        "bookmarked": false,
        "comments": [],
        "date_published": "2024-12-04T09:58:16+00:00",
        "description": " <img src=\"https://i.wpimg.pl/308x/filerepo.grupawp.pl/api/v1/display/embed/36dca4b1-9f1e-439f-9be2-7ac1344d68d3\" width=\"308\" /> Kryzys polityczny w Korei Po\u0142udniowej wywo\u0142a\u0142 gwa\u0142towne reakcje na rynkach finansowych ca\u0142ego regionu. Niespokojnie jest te\u017c w Gruzji, w obliczu nowego kryzysu politycznego staje tak\u017ce Francja. Czy rosn\u0105cy chaos jest zagro\u017ceniem dla polskiej gospodarki? Analizuj\u0105 to eksperci XTB. ",
        "id": 1640138,
        "language": "pl-PL",
        "link": "https://www.money.pl/gospodarka/kryzys-we-francji-korei-gruzji-tak-chaos-moze-uderzyc-w-polska-gospodarke-7099605184211616a.html",
        "manual_status_code": 0,
        "page_rating": 27,
        "page_rating_contents": 86,
        "page_rating_visits": 0,
        "page_rating_votes": 0,
        "permanent": false,
        "source__id": 215,
        "source_url": "https://www.money.pl/rss/rss.xml",
        "status_code": 0,
        "tags": [],
        "thumbnail": null,
        "title": "Kryzys we Francji, Korei, Gruzji. Tak chaos mo\u017ce uderzy\u0107 w polsk\u0105 gospodark\u0119",
        "vote": 0
    },
    {
        "age": null,
        "album": "",
        "author": null,
        "bookmarked": false,
        "comments": [],
        "date_published": "2024-12-04T09:35:12+00:00",
        "description": " <img src=\"https://i.wpimg.pl/308x/filerepo.grupawp.pl/api/v1/display/embed/90bc9f9a-c286-4d2e-a70d-d61ba49f67e1\" width=\"308\" /> Po\u0142udniowokorea\u0144ski kryzys konstytucyjny wywo\u0142uje znacz\u0105ce turbulencje na rynkach finansowych regionu, prowadz\u0105c do istotnych waha\u0144 na gie\u0142dach i rynku walutowym. Won odnotowa\u0142 jedno z najwi\u0119kszych os\u0142abie\u0144 wzgl\u0119dem dolara na przestrzeni kilku lat, cz\u0119\u015bciowo jednak odrobi\u0142 straty. Co dalej? ",
        "id": 1640139,
        "language": "pl-PL",
        "link": "https://www.money.pl/gielda/tak-azjatyckie-rynki-reaguja-na-polityczny-kryzys-w-korei-poludniowej-7099601148029568a.html",
        "manual_status_code": 0,
        "page_rating": 27,
        "page_rating_contents": 86,
        "page_rating_visits": 0,
        "page_rating_votes": 0,
        "permanent": false,
        "source__id": 215,
        "source_url": "https://www.money.pl/rss/rss.xml",
        "status_code": 0,
        "tags": [],
        "thumbnail": null,
        "title": "Tak azjatyckie rynki reaguj\u0105 na polityczny kryzys w Korei Po\u0142udniowej",
        "vote": 0
    },
    {
        "age": null,
        "album": "",
        "author": null,
        "bookmarked": false,
        "comments": [],
        "date_published": "2024-12-04T07:54:03.810708+00:00",
        "description": " <img src=\"https://i.wpimg.pl/308x/filerepo.grupawp.pl/api/v1/display/embed/dc1477e5-907a-47ac-975a-cb204408ed09\" width=\"308\" /> Ceny ropy na gie\u0142dzie paliw w Nowym Jorku zaliczy\u0142y we wtorek najmocniejszy wzrost od ponad 2 tygodni i dalej id\u0105 w g\u00f3r\u0119. Inwestorzy czekaj\u0105 na decyzj\u0119 w sprawie plan\u00f3w produkcyjnych kraj\u00f3w sojuszu OPEC+, kt\u00f3re w czwartek odb\u0119d\u0105 wirtualne posiedzenie - informuj\u0105 maklerzy. ",
        "id": 1639677,
        "language": "pl-PL",
        "link": "https://www.money.pl/gielda/nagly-skok-cen-ropy-co-zrobi-opec-7099574776916608a.html",
        "manual_status_code": 0,
        "page_rating": 27,
        "page_rating_contents": 86,
        "page_rating_visits": 0,
        "page_rating_votes": 0,
        "permanent": false,
        "source__id": 215,
        "source_url": "https://www.money.pl/rss/rss.xml",
        "status_code": 0,
        "tags": [],
        "thumbnail": null,
        "title": "Nag\u0142y skok cen ropy. Co zrobi OPEC?",
        "vote": 0
    },
    {
        "age": null,
        "album": "",
        "author": null,
        "bookmarked": false,
        "comments": [],
        "date_published": "2024-12-04T07:54:03.698464+00:00",
        "description": " <img src=\"https://i.wpimg.pl/308x/filerepo.grupawp.pl/api/v1/display/embed/b338bc0e-7ee0-483a-ab0f-40c565cc46d5\" width=\"308\" /> Onet ujawnia szczeg\u00f3\u0142y umowy sponsorskiej mi\u0119dzy Orlenem a PZPN. Kontrakt opiewa na 170 mln z\u0142, z czego 134 mln z\u0142 to kwota gwarantowana. Dodatkowe 36 mln z\u0142 zale\u017cy od wynik\u00f3w sportowych. Jak przekonuje portal umowa, podpisana w styczniu ubieg\u0142ego roku, by\u0142a dot\u0105d pilnie strze\u017cona. ",
        "id": 1639676,
        "language": "pl-PL",
        "link": "https://www.money.pl/gospodarka/170-mln-zl-od-orlenu-dla-pzpn-ujawniaja-szczegoly-rekordowego-kontraktu-7099578721028768a.html",
        "manual_status_code": 0,
        "page_rating": 27,
        "page_rating_contents": 86,
        "page_rating_visits": 0,
        "page_rating_votes": 0,
        "permanent": false,
        "source__id": 215,
        "source_url": "https://www.money.pl/rss/rss.xml",
        "status_code": 0,
        "tags": [],
        "thumbnail": null,
        "title": "170 mln z\u0142 od Orlenu dla PZPN. Ujawniaj\u0105 szczeg\u00f3\u0142y rekordowego kontraktu",
        "vote": 0
    },
    {
        "age": null,
        "album": "",
        "author": null,
        "bookmarked": false,
        "comments": [],
        "date_published": "2024-12-04T07:51:32+00:00",
        "description": " <img src=\"https://i.wpimg.pl/308x/filerepo.grupawp.pl/api/v1/display/embed/27f4fca3-79dc-4b76-a2d7-87c0f37e7451\" width=\"308\" /> Rz\u0105d rozwa\u017ca  wycofanie si\u0119 z pomys\u0142u PiS, a dotycz\u0105cego  przekazania aktyw\u00f3w w\u0119glowych sp\u00f3\u0142ek do NABE. - \u017beby NABE funkcjonowa\u0142o, to pa\u0144stwo musia\u0142oby do niego dop\u0142aca\u0107 - przekonuje w rozmowie z Business Insider Polska minister aktyw\u00f3w pa\u0144stwowych Jakub Jaworowski. ",
        "id": 1639678,
        "language": "pl-PL",
        "link": "https://www.money.pl/gospodarka/rzad-ma-problem-ze-sztandarowym-pomyslem-pis-tworzymy-podmiot-ktory-jest-bankrutem-7099570473757344a.html",
        "manual_status_code": 0,
        "page_rating": 27,
        "page_rating_contents": 86,
        "page_rating_visits": 0,
        "page_rating_votes": 0,
        "permanent": false,
        "source__id": 215,
        "source_url": "https://www.money.pl/rss/rss.xml",
        "status_code": 0,
        "tags": [],
        "thumbnail": null,
        "title": "Rz\u0105d ma problem ze sztandarowym pomys\u0142em PiS. \"Tworzymy podmiot, kt\u00f3ry jest bankrutem\"",
        "vote": 0
    },
    {
        "age": null,
        "album": "",
        "author": null,
        "bookmarked": false,
        "comments": [],
        "date_published": "2024-12-04T06:49:26.622484+00:00",
        "description": " <img src=\"https://i.wpimg.pl/308x/filerepo.grupawp.pl/api/v1/display/embed/e0ba71a8-9c02-482d-85dd-ebac5362ee3b\" width=\"308\" /> Kurs dolara - 04.12.2024. W \u015brod\u0119 za jednego dolara (USD) trzeba zap\u0142aci\u0107 4.0804 z\u0142. ",
        "id": 1639439,
        "language": "pl-PL",
        "link": "https://www.money.pl/pieniadze/ile-kosztuje-dolar-kurs-dolara-do-zlotego-pln-usd-04-12-2024-7099564256885408a.html",
        "manual_status_code": 0,
        "page_rating": 27,
        "page_rating_contents": 86,
        "page_rating_visits": 0,
        "page_rating_votes": 0,
        "permanent": false,
        "source__id": 215,
        "source_url": "https://www.money.pl/rss/rss.xml",
        "status_code": 0,
        "tags": [],
        "thumbnail": null,
        "title": "Ile kosztuje dolar? Kurs dolara do z\u0142otego PLN/USD 04.12.2024",
        "vote": 0
    },
    {
        "age": null,
        "album": "",
        "author": null,
        "bookmarked": false,
        "comments": [],
        "date_published": "2024-12-04T06:49:26.366844+00:00",
        "description": " <img src=\"https://i.wpimg.pl/308x/filerepo.grupawp.pl/api/v1/display/embed/b1c04e3f-7bce-4c35-b03c-7a8d7b0adc65\" width=\"308\" /> Kurs franka szwajcarskiego - 04.12.2024. W \u015brod\u0119 za jednego franka (CHF) trzeba zap\u0142aci\u0107 4.6062 z\u0142. ",
        "id": 1639438,
        "language": "pl-PL",
        "link": "https://www.money.pl/pieniadze/ile-kosztuje-frank-szwajcarski-kurs-franka-do-zlotego-pln-chf-04-12-2024-7099564256914080a.html",
        "manual_status_code": 0,
        "page_rating": 27,
        "page_rating_contents": 86,
        "page_rating_visits": 0,
        "page_rating_votes": 0,
        "permanent": false,
        "source__id": 215,
        "source_url": "https://www.money.pl/rss/rss.xml",
        "status_code": 0,
        "tags": [],
        "thumbnail": null,
        "title": "Ile kosztuje frank szwajcarski? Kurs franka do z\u0142otego PLN/CHF 04.12.2024",
        "vote": 0
    },
    {
        "age": null,
        "album": "",
        "author": null,
        "bookmarked": false,
        "comments": [],
        "date_published": "2024-12-04T06:49:26.105494+00:00",
        "description": " <img src=\"https://i.wpimg.pl/308x/filerepo.grupawp.pl/api/v1/display/embed/cf3a8300-d9c9-461f-9fbc-2f314332a28c\" width=\"308\" /> Kurs euro - 04.12.2024. W \u015brod\u0119 za jedno euro (EUR) trzeba zap\u0142aci\u0107 4.2917 z\u0142. ",
        "id": 1639437,
        "language": "pl-PL",
        "link": "https://www.money.pl/pieniadze/ile-kosztuje-euro-kurs-euro-do-zlotego-pln-eur-04-12-2024-7099564992228000a.html",
        "manual_status_code": 0,
        "page_rating": 27,
        "page_rating_contents": 86,
        "page_rating_visits": 0,
        "page_rating_votes": 0,
        "permanent": false,
        "source__id": 215,
        "source_url": "https://www.money.pl/rss/rss.xml",
        "status_code": 0,
        "tags": [],
        "thumbnail": null,
        "title": "Ile kosztuje euro? Kurs euro do z\u0142otego PLN/EUR 04.12.2024",
        "vote": 0
    },
    {
        "age": null,
        "album": "",
        "author": null,
        "bookmarked": false,
        "comments": [],
        "date_published": "2024-12-04T06:49:25.833805+00:00",
        "description": " <img src=\"https://i.wpimg.pl/308x/filerepo.grupawp.pl/api/v1/display/embed/c374eefc-9e8b-424a-aaa7-91759b47d116\" width=\"308\" /> Kurs funta szterlinga - 04.12.2024. W \u015brod\u0119 za jednego funta brytyjskiego (GBP) trzeba zap\u0142aci\u0107 5.1786 z\u0142. ",
        "id": 1639436,
        "language": "pl-PL",
        "link": "https://www.money.pl/pieniadze/ile-kosztuje-funt-kurs-funta-do-zlotego-pln-gbp-04-12-2024-7099568689003136a.html",
        "manual_status_code": 0,
        "page_rating": 27,
        "page_rating_contents": 86,
        "page_rating_visits": 0,
        "page_rating_votes": 0,
        "permanent": false,
        "source__id": 215,
        "source_url": "https://www.money.pl/rss/rss.xml",
        "status_code": 0,
        "tags": [],
        "thumbnail": null,
        "title": "Ile kosztuje funt? Kurs funta do z\u0142otego PLN/GBP 04.12.2024",
        "vote": 0
    },
    {
        "age": null,
        "album": "",
        "author": null,
        "bookmarked": false,
        "comments": [],
        "date_published": "2024-12-04T06:49:25.460259+00:00",
        "description": " <img src=\"https://i.wpimg.pl/308x/filerepo.grupawp.pl/api/v1/display/embed/60093149-ae22-4c6e-b27e-2f7f39b0fedd\" width=\"308\" /> Prawie 200 tys. senior\u00f3w czeka na zmian\u0119 przepis\u00f3w dotycz\u0105cych wcze\u015bniejszych emerytur. \"Fakt\" informuje, \u017ce chodzi o podwy\u017cszenie emerytury nawet o 1,4 tys. z\u0142. Do tego dochodzi 79 tys. z\u0142 wyr\u00f3wnania. Wyrok Trybuna\u0142u Konstytucyjnego w tej sprawie wci\u0105\u017c nie zosta\u0142 opublikowany. ",
        "id": 1639435,
        "language": "pl-PL",
        "link": "https://www.money.pl/emerytury/nawet-1-4-tys-zl-wieksza-emerytura-zus-ma-nowe-wyliczenia-dla-tysiecy-seniorow-7099563539245728a.html",
        "manual_status_code": 0,
        "page_rating": 27,
        "page_rating_contents": 86,
        "page_rating_visits": 0,
        "page_rating_votes": 0,
        "permanent": false,
        "source__id": 215,
        "source_url": "https://www.money.pl/rss/rss.xml",
        "status_code": 0,
        "tags": [],
        "thumbnail": null,
        "title": "Nawet 1,4 tys. z\u0142 wi\u0119ksza emerytura. ZUS ma nowe wyliczenia dla tysi\u0119cy senior\u00f3w",
        "vote": 0
    },
    {
        "age": null,
        "album": "",
        "author": null,
        "bookmarked": false,
        "comments": [],
        "date_published": "2024-12-04T05:44:01.101482+00:00",
        "description": " <img src=\"https://i.wpimg.pl/308x/filerepo.grupawp.pl/api/v1/display/embed/00083b4b-134a-4436-afd1-cf87cb6be1f4\" width=\"308\" /> Prezydent elekt Donald Trump zaoferowa\u0142 miliarderowi Stephenowi Feinbergowi posad\u0119 zast\u0119pcy sekretarza obrony - poda\u0142 we wtorek \"Washington Post\". Feinberg by\u0142 w\u0142a\u015bcicielem firmy z sektora zbrojeniowego DynCorp i inwestowa\u0142 w rozw\u00f3j pocisk\u00f3w hipersonicznych. ",
        "id": 1639231,
        "language": "pl-PL",
        "link": "https://www.money.pl/gospodarka/trump-chce-by-miliarder-z-branzy-zbrojeniowej-zostal-wiceszefem-pentagonu-7099547365898912a.html",
        "manual_status_code": 0,
        "page_rating": 27,
        "page_rating_contents": 86,
        "page_rating_visits": 0,
        "page_rating_votes": 0,
        "permanent": false,
        "source__id": 215,
        "source_url": "https://www.money.pl/rss/rss.xml",
        "status_code": 0,
        "tags": [],
        "thumbnail": null,
        "title": "Trump chce, by miliarder z bran\u017cy zbrojeniowej zosta\u0142 wiceszefem Pentagonu",
        "vote": 0
    },
    {
        "age": null,
        "album": "",
        "author": null,
        "bookmarked": false,
        "comments": [],
        "date_published": "2024-12-04T05:44:00.986738+00:00",
        "description": " <img src=\"https://i.wpimg.pl/308x/filerepo.grupawp.pl/api/v1/display/embed/32fb1d91-2187-4598-84c2-778f1eec6e28\" width=\"308\" /> Senackie komisje gospodarki i klimatu zaproponowa\u0142y odsuni\u0119cie o trzy miesi\u0105ce - do stycznia 2026 r. pocz\u0105tku dzia\u0142ania systemu kaucyjnego. Nowelizacja ustawy o gospodarce opakowaniami trafi teraz pod obrady ca\u0142ego Senatu. ",
        "id": 1639230,
        "language": "pl-PL",
        "link": "https://www.money.pl/gospodarka/system-kaucyjny-jeszcze-pozniej-komisje-senackie-zdecydowaly-7099551849122432a.html",
        "manual_status_code": 0,
        "page_rating": 27,
        "page_rating_contents": 86,
        "page_rating_visits": 0,
        "page_rating_votes": 0,
        "permanent": false,
        "source__id": 215,
        "source_url": "https://www.money.pl/rss/rss.xml",
        "status_code": 0,
        "tags": [],
        "thumbnail": null,
        "title": "System kaucyjny jeszcze p\u00f3\u017aniej? Komisje senackie zdecydowa\u0142y",
        "vote": 0
    },
    {
        "age": null,
        "album": "",
        "author": null,
        "bookmarked": false,
        "comments": [],
        "date_published": "2024-12-04T05:44:00.875530+00:00",
        "description": " <img src=\"https://i.wpimg.pl/308x/filerepo.grupawp.pl/api/v1/display/embed/183881f7-a666-4129-a751-e4034862f0e8\" width=\"308\" /> Kursy walut - 04.12.2024. W \u015brod\u0119 za jednego dolara (USD) zap\u0142acimy 4,08 z\u0142. Cena jednego funta szterlinga (GBP) to 5,18 z\u0142, a franka szwajcarskiego (CHF) 4,60 z\u0142. Z kolei euro (EUR) mo\u017cemy zakupi\u0107 za 4,29 z\u0142. ",
        "id": 1639229,
        "language": "pl-PL",
        "link": "https://www.money.pl/pieniadze/kopia-kopia-kopia-kursy-walut-14-11-2024-czwartkowy-kurs-funta-euro-dolara-i-franka-szwajcarskiego-7099555947727520a.html",
        "manual_status_code": 0,
        "page_rating": 27,
        "page_rating_contents": 86,
        "page_rating_visits": 0,
        "page_rating_votes": 0,
        "permanent": false,
        "source__id": 215,
        "source_url": "https://www.money.pl/rss/rss.xml",
        "status_code": 0,
        "tags": [],
        "thumbnail": null,
        "title": "Kursy walut 04.12.2024. \u015arodowy kurs funta, euro, dolara i franka szwajcarskiego",
        "vote": 0
    }
]