[
    {
        "age": null,
        "album": "",
        "author": null,
        "bookmarked": false,
        "comments": [],
        "date_published": "2024-12-04T22:28:37+00:00",
        "description": "&#32; submitted by &#32; <a href=\"https://www.reddit.com/user/Warcraft_Fan\"> /u/Warcraft_Fan </a> <br/> <span><a href=\"https://www.cnn.com/2024/12/04/entertainment/loki-actor-jack-veal-homeless/index.html\">[link]</a></span> &#32; <span><a href=\"https://www.reddit.com/r/news/comments/1h6t78k/loki_actor_jack_veal_appeals_for_help_as_he_says/\">[comments]</a></span>",
        "id": 1645615,
        "language": null,
        "link": "https://www.reddit.com/r/news/comments/1h6t78k/loki_actor_jack_veal_appeals_for_help_as_he_says",
        "manual_status_code": 0,
        "page_rating": 27,
        "page_rating_contents": 85,
        "page_rating_visits": 0,
        "page_rating_votes": 0,
        "permanent": false,
        "source__id": 277,
        "source_url": "https://www.reddit.com/r/news/.rss",
        "status_code": 0,
        "tags": [],
        "thumbnail": null,
        "title": "\u2018Loki\u2019 actor Jack Veal appeals for help as he says he\u2019s homeless at 17",
        "vote": 0
    },
    {
        "age": null,
        "album": "",
        "author": null,
        "bookmarked": false,
        "comments": [],
        "date_published": "2024-12-04T22:13:53+00:00",
        "description": "&#32; submitted by &#32; <a href=\"https://www.reddit.com/user/panda-rampage\"> /u/panda-rampage </a> <br/> <span><a href=\"https://abcnews.go.com/US/boy-7-fatally-shoots-2-year-brother-after/story?id=116444898\">[link]</a></span> &#32; <span><a href=\"https://www.reddit.com/r/news/comments/1h6su6p/boy_7_fatally_shoots_2yearold_brother_after/\">[comments]</a></span>",
        "id": 1645614,
        "language": null,
        "link": "https://www.reddit.com/r/news/comments/1h6su6p/boy_7_fatally_shoots_2yearold_brother_after",
        "manual_status_code": 0,
        "page_rating": 27,
        "page_rating_contents": 85,
        "page_rating_visits": 0,
        "page_rating_votes": 0,
        "permanent": false,
        "source__id": 277,
        "source_url": "https://www.reddit.com/r/news/.rss",
        "status_code": 0,
        "tags": [],
        "thumbnail": null,
        "title": "Boy, 7, fatally shoots 2-year-old brother after finding gun in glove box",
        "vote": 0
    },
    {
        "age": null,
        "album": "",
        "author": null,
        "bookmarked": false,
        "comments": [],
        "date_published": "2024-12-04T22:09:05+00:00",
        "description": "&#32; submitted by &#32; <a href=\"https://www.reddit.com/user/EnergyIsQuantized\"> /u/EnergyIsQuantized </a> <br/> <span><a href=\"https://www.asahq.org/about-asa/newsroom/news-releases/2024/11/anthem-blue-cross-blue-shield-will-not-pay-complete-duration-of-anesthesia-for-surgical-procedures\">[link]</a></span> &#32; <span><a href=\"https://www.reddit.com/r/news/comments/1h6spxa/anthem_blue_cross_blue_shield_wont_pay_for_the/\">[comments]</a></span>",
        "id": 1645612,
        "language": null,
        "link": "https://www.reddit.com/r/news/comments/1h6spxa/anthem_blue_cross_blue_shield_wont_pay_for_the",
        "manual_status_code": 0,
        "page_rating": 27,
        "page_rating_contents": 85,
        "page_rating_visits": 0,
        "page_rating_votes": 0,
        "permanent": false,
        "source__id": 277,
        "source_url": "https://www.reddit.com/r/news/.rss",
        "status_code": 0,
        "tags": [],
        "thumbnail": null,
        "title": "Anthem Blue Cross Blue Shield Won\u2019t Pay for the Complete Duration of Anesthesia for Patients\u2019 Surgical Procedures",
        "vote": 0
    },
    {
        "age": null,
        "album": "",
        "author": null,
        "bookmarked": false,
        "comments": [],
        "date_published": "2024-12-04T21:14:40+00:00",
        "description": "&#32; submitted by &#32; <a href=\"https://www.reddit.com/user/stockstatus\"> /u/stockstatus </a> <br/> <span><a href=\"https://apnews.com/article/amazon-dc-delivery-prime-exclusion-680a15c55f9b64efddbfee93ba7ad8b6\">[link]</a></span> &#32; <span><a href=\"https://www.reddit.com/r/news/comments/1h6reaz/district_of_columbia_says_amazon_secretly_stopped/\">[comments]</a></span>",
        "id": 1645262,
        "language": null,
        "link": "https://www.reddit.com/r/news/comments/1h6reaz/district_of_columbia_says_amazon_secretly_stopped",
        "manual_status_code": 0,
        "page_rating": 27,
        "page_rating_contents": 85,
        "page_rating_visits": 0,
        "page_rating_votes": 0,
        "permanent": false,
        "source__id": 277,
        "source_url": "https://www.reddit.com/r/news/.rss",
        "status_code": 0,
        "tags": [],
        "thumbnail": null,
        "title": "District of Columbia says Amazon secretly stopped fast deliveries to 2 predominantly Black ZIP codes",
        "vote": 0
    },
    {
        "age": null,
        "album": "",
        "author": null,
        "bookmarked": false,
        "comments": [],
        "date_published": "2024-12-04T21:09:14+00:00",
        "description": "&#32; submitted by &#32; <a href=\"https://www.reddit.com/user/Several_Print4633\"> /u/Several_Print4633 </a> <br/> <span><a href=\"https://www.cnn.com/2024/12/04/americas/cuba-power-blackout-cuts-intl/index.html\">[link]</a></span> &#32; <span><a href=\"https://www.reddit.com/r/news/comments/1h6r9is/cuba_plunged_into_darkness_as_electrical_grid/\">[comments]</a></span>",
        "id": 1645263,
        "language": null,
        "link": "https://www.reddit.com/r/news/comments/1h6r9is/cuba_plunged_into_darkness_as_electrical_grid",
        "manual_status_code": 0,
        "page_rating": 27,
        "page_rating_contents": 85,
        "page_rating_visits": 0,
        "page_rating_votes": 0,
        "permanent": false,
        "source__id": 277,
        "source_url": "https://www.reddit.com/r/news/.rss",
        "status_code": 0,
        "tags": [],
        "thumbnail": null,
        "title": "Cuba plunged into darkness as electrical grid suffers fresh collapse",
        "vote": 0
    },
    {
        "age": null,
        "album": "",
        "author": null,
        "bookmarked": false,
        "comments": [],
        "date_published": "2024-12-04T19:54:28+00:00",
        "description": "&#32; submitted by &#32; <a href=\"https://www.reddit.com/user/thebluecastle\"> /u/thebluecastle </a> <br/> <span><a href=\"https://www.theguardian.com/us-news/2024/dec/04/ohio-satanic-temple-elementary-school\">[link]</a></span> &#32; <span><a href=\"https://www.reddit.com/r/news/comments/1h6pf1v/satanic_temple_to_offer_religious_program_for/\">[comments]</a></span>",
        "id": 1644844,
        "language": null,
        "link": "https://www.reddit.com/r/news/comments/1h6pf1v/satanic_temple_to_offer_religious_program_for",
        "manual_status_code": 0,
        "page_rating": 27,
        "page_rating_contents": 85,
        "page_rating_visits": 0,
        "page_rating_votes": 0,
        "permanent": false,
        "source__id": 277,
        "source_url": "https://www.reddit.com/r/news/.rss",
        "status_code": 0,
        "tags": [],
        "thumbnail": null,
        "title": "Satanic Temple to offer religious program for elementary school students in Ohio",
        "vote": 0
    },
    {
        "age": null,
        "album": "",
        "author": null,
        "bookmarked": false,
        "comments": [],
        "date_published": "2024-12-04T19:37:29+00:00",
        "description": "&#32; submitted by &#32; <a href=\"https://www.reddit.com/user/a_shootin_star\"> /u/a_shootin_star </a> <br/> <span><a href=\"https://www.cnbc.com/2024/12/04/french-government-toppled-in-no-confidence-vote-brought-by-opposition.html\">[link]</a></span> &#32; <span><a href=\"https://www.reddit.com/r/news/comments/1h6p04h/french_government_toppled_by_opposition_parties/\">[comments]</a></span>",
        "id": 1644405,
        "language": null,
        "link": "https://www.reddit.com/r/news/comments/1h6p04h/french_government_toppled_by_opposition_parties",
        "manual_status_code": 0,
        "page_rating": 27,
        "page_rating_contents": 85,
        "page_rating_visits": 0,
        "page_rating_votes": 0,
        "permanent": false,
        "source__id": 277,
        "source_url": "https://www.reddit.com/r/news/.rss",
        "status_code": 0,
        "tags": [],
        "thumbnail": null,
        "title": "French government toppled by opposition parties in no-confidence vote",
        "vote": 0
    },
    {
        "age": null,
        "album": "",
        "author": null,
        "bookmarked": false,
        "comments": [],
        "date_published": "2024-12-04T19:31:34+00:00",
        "description": "&#32; submitted by &#32; <a href=\"https://www.reddit.com/user/DWJones28\"> /u/DWJones28 </a> <br/> <span><a href=\"https://www.bbc.co.uk/news/live/ckgxw9wj241t\">[link]</a></span> &#32; <span><a href=\"https://www.reddit.com/r/news/comments/1h6ouug/french_pm_michel_barnier_ousted_in_noconfidence/\">[comments]</a></span>",
        "id": 1644404,
        "language": null,
        "link": "https://www.reddit.com/r/news/comments/1h6ouug/french_pm_michel_barnier_ousted_in_noconfidence",
        "manual_status_code": 0,
        "page_rating": 27,
        "page_rating_contents": 85,
        "page_rating_visits": 0,
        "page_rating_votes": 0,
        "permanent": false,
        "source__id": 277,
        "source_url": "https://www.reddit.com/r/news/.rss",
        "status_code": 0,
        "tags": [],
        "thumbnail": null,
        "title": "French PM Michel Barnier ousted in no-confidence vote - live updates",
        "vote": 0
    },
    {
        "age": null,
        "album": "",
        "author": null,
        "bookmarked": false,
        "comments": [],
        "date_published": "2024-12-04T18:56:54+00:00",
        "description": "&#32; submitted by &#32; <a href=\"https://www.reddit.com/user/besselfunctions\"> /u/besselfunctions </a> <br/> <span><a href=\"https://www.smartcitiesdive.com/news/amtrak-ridership-record-northeast-corridor-long-distance-trains/734543/\">[link]</a></span> &#32; <span><a href=\"https://www.reddit.com/r/news/comments/1h6nz0b/amtrak_sets_ridership_ticket_revenue_records_in/\">[comments]</a></span>",
        "id": 1644403,
        "language": null,
        "link": "https://www.reddit.com/r/news/comments/1h6nz0b/amtrak_sets_ridership_ticket_revenue_records_in",
        "manual_status_code": 0,
        "page_rating": 27,
        "page_rating_contents": 85,
        "page_rating_visits": 0,
        "page_rating_votes": 0,
        "permanent": false,
        "source__id": 277,
        "source_url": "https://www.reddit.com/r/news/.rss",
        "status_code": 0,
        "tags": [],
        "thumbnail": null,
        "title": "Amtrak sets ridership, ticket revenue records in FY24",
        "vote": 0
    },
    {
        "age": null,
        "album": "",
        "author": null,
        "bookmarked": false,
        "comments": [],
        "date_published": "2024-12-04T17:41:01+00:00",
        "description": "&#32; submitted by &#32; <a href=\"https://www.reddit.com/user/Brilliant-Promise491\"> /u/Brilliant-Promise491 </a> <br/> <span><a href=\"https://www.cnn.com/us/live-news/unitedhealthcare-brian-thompson-death-12-04-24#cm4a4p8ob000a356mra9lxvby\">[link]</a></span> &#32; <span><a href=\"https://www.reddit.com/r/news/comments/1h6m1yi/update_suspect_of_uhc_shooting_on_the_run/\">[comments]</a></span>",
        "id": 1643980,
        "language": null,
        "link": "https://www.reddit.com/r/news/comments/1h6m1yi/update_suspect_of_uhc_shooting_on_the_run",
        "manual_status_code": 0,
        "page_rating": 27,
        "page_rating_contents": 85,
        "page_rating_visits": 0,
        "page_rating_votes": 0,
        "permanent": false,
        "source__id": 277,
        "source_url": "https://www.reddit.com/r/news/.rss",
        "status_code": 0,
        "tags": [],
        "thumbnail": null,
        "title": "Update: Suspect of UHC Shooting On The Run",
        "vote": 0
    },
    {
        "age": null,
        "album": "",
        "author": null,
        "bookmarked": false,
        "comments": [],
        "date_published": "2024-12-04T17:28:54+00:00",
        "description": "&#32; submitted by &#32; <a href=\"https://www.reddit.com/user/__WanderLust_\"> /u/__WanderLust_ </a> <br/> <span><a href=\"https://www.unitedhealthgroup.com/newsroom/2024/2024-12-4-uhg-statement-on-events.html\">[link]</a></span> &#32; <span><a href=\"https://www.reddit.com/r/news/comments/1h6lqqw/unitedhealth_group_statement_on_todays_events/\">[comments]</a></span>",
        "id": 1643431,
        "language": null,
        "link": "https://www.reddit.com/r/news/comments/1h6lqqw/unitedhealth_group_statement_on_todays_events",
        "manual_status_code": 0,
        "page_rating": 27,
        "page_rating_contents": 85,
        "page_rating_visits": 0,
        "page_rating_votes": 0,
        "permanent": false,
        "source__id": 277,
        "source_url": "https://www.reddit.com/r/news/.rss",
        "status_code": 0,
        "tags": [],
        "thumbnail": null,
        "title": "UnitedHealth Group Statement on Today\u2019s Events",
        "vote": 0
    },
    {
        "age": null,
        "album": "",
        "author": null,
        "bookmarked": false,
        "comments": [],
        "date_published": "2024-12-04T16:13:21+00:00",
        "description": "&#32; submitted by &#32; <a href=\"https://www.reddit.com/user/The_Real_Mrs_Coffee\"> /u/The_Real_Mrs_Coffee </a> <br/> <span><a href=\"https://www.reuters.com/business/healthcare-pharmaceuticals/unknown-disease-kills-143-southwest-congo-local-authorities-say-2024-12-03/\">[link]</a></span> &#32; <span><a href=\"https://www.reddit.com/r/news/comments/1h6ju0f/unknown_disease_kills_143_in_southwest_congo/\">[comments]</a></span>",
        "id": 1642914,
        "language": null,
        "link": "https://www.reddit.com/r/news/comments/1h6ju0f/unknown_disease_kills_143_in_southwest_congo",
        "manual_status_code": 0,
        "page_rating": 27,
        "page_rating_contents": 85,
        "page_rating_visits": 0,
        "page_rating_votes": 0,
        "permanent": false,
        "source__id": 277,
        "source_url": "https://www.reddit.com/r/news/.rss",
        "status_code": 0,
        "tags": [],
        "thumbnail": null,
        "title": "Unknown disease kills 143 in southwest Congo, local authorities say",
        "vote": 0
    },
    {
        "age": null,
        "album": "",
        "author": null,
        "bookmarked": false,
        "comments": [],
        "date_published": "2024-12-04T15:11:34+00:00",
        "description": "&#32; submitted by &#32; <a href=\"https://www.reddit.com/user/u8eR\"> /u/u8eR </a> <br/> <span><a href=\"https://www.cnn.com/2024/12/04/us/brian-thompson-united-healthcare-death/index.html\">[link]</a></span> &#32; <span><a href=\"https://www.reddit.com/r/news/comments/1h6ib8v/unitedhealthcare_ceo_brian_thompson_fatally_shot/\">[comments]</a></span>",
        "id": 1642395,
        "language": null,
        "link": "https://www.reddit.com/r/news/comments/1h6ib8v/unitedhealthcare_ceo_brian_thompson_fatally_shot",
        "manual_status_code": 0,
        "page_rating": 27,
        "page_rating_contents": 85,
        "page_rating_visits": 0,
        "page_rating_votes": 0,
        "permanent": false,
        "source__id": 277,
        "source_url": "https://www.reddit.com/r/news/.rss",
        "status_code": 0,
        "tags": [],
        "thumbnail": null,
        "title": "UnitedHealthcare CEO Brian Thompson fatally shot in midtown Manhattan, official say",
        "vote": 0
    },
    {
        "age": null,
        "album": "",
        "author": null,
        "bookmarked": false,
        "comments": [],
        "date_published": "2024-12-04T15:00:28+00:00",
        "description": "&#32; submitted by &#32; <a href=\"https://www.reddit.com/user/AmySchumersAnalTumor\"> /u/AmySchumersAnalTumor </a> <br/> <span><a href=\"https://www.cbsnews.com/chicago/news/canadians-charged-drug-trafficking-cocaine-seized-illinois/\">[link]</a></span> &#32; <span><a href=\"https://www.reddit.com/r/news/comments/1h6i1i0/2_canadians_arrested_for_drug_trafficking_40/\">[comments]</a></span>",
        "id": 1643430,
        "language": null,
        "link": "https://www.reddit.com/r/news/comments/1h6i1i0/2_canadians_arrested_for_drug_trafficking_40",
        "manual_status_code": 0,
        "page_rating": 27,
        "page_rating_contents": 85,
        "page_rating_visits": 0,
        "page_rating_votes": 0,
        "permanent": false,
        "source__id": 277,
        "source_url": "https://www.reddit.com/r/news/.rss",
        "status_code": 0,
        "tags": [],
        "thumbnail": null,
        "title": "2 Canadians arrested for drug trafficking; $40 million of cocaine seized from truck in Illinois",
        "vote": 0
    },
    {
        "age": null,
        "album": "",
        "author": null,
        "bookmarked": false,
        "comments": [],
        "date_published": "2024-12-04T14:16:13+00:00",
        "description": "&#32; submitted by &#32; <a href=\"https://www.reddit.com/user/Hello-Avrammm\"> /u/Hello-Avrammm </a> <br/> <span><a href=\"https://www.reuters.com/world/us/unitedhealthcare-ceo-fatally-shot-ny-post-reports-2024-12-04/\">[link]</a></span> &#32; <span><a href=\"https://www.reddit.com/r/news/comments/1h6h0wp/unitedhealthcare_ceo_fatally_shot_ny_post_reports/\">[comments]</a></span>",
        "id": 1641864,
        "language": null,
        "link": "https://www.reddit.com/r/news/comments/1h6h0wp/unitedhealthcare_ceo_fatally_shot_ny_post_reports",
        "manual_status_code": 0,
        "page_rating": 27,
        "page_rating_contents": 85,
        "page_rating_visits": 0,
        "page_rating_votes": 0,
        "permanent": false,
        "source__id": 277,
        "source_url": "https://www.reddit.com/r/news/.rss",
        "status_code": 0,
        "tags": [],
        "thumbnail": null,
        "title": "UnitedHealthcare CEO fatally shot, NY Post reports -",
        "vote": 0
    },
    {
        "age": null,
        "album": "",
        "author": null,
        "bookmarked": false,
        "comments": [],
        "date_published": "2024-12-04T14:08:05+00:00",
        "description": "&#32; submitted by &#32; <a href=\"https://www.reddit.com/user/errantv\"> /u/errantv </a> <br/> <span><a href=\"https://www.reuters.com/business/energy/meta-seeks-nuclear-power-developers-reactors-start-early-2030s-2024-12-03/\">[link]</a></span> &#32; <span><a href=\"https://www.reddit.com/r/news/comments/1h6gu9d/meta_seeks_nuclear_power_developers_for_reactors/\">[comments]</a></span>",
        "id": 1641866,
        "language": null,
        "link": "https://www.reddit.com/r/news/comments/1h6gu9d/meta_seeks_nuclear_power_developers_for_reactors",
        "manual_status_code": 0,
        "page_rating": 27,
        "page_rating_contents": 85,
        "page_rating_visits": 0,
        "page_rating_votes": 0,
        "permanent": false,
        "source__id": 277,
        "source_url": "https://www.reddit.com/r/news/.rss",
        "status_code": 0,
        "tags": [],
        "thumbnail": null,
        "title": "Meta seeks nuclear power developers for reactors to start in early 2030s",
        "vote": 0
    },
    {
        "age": null,
        "album": "",
        "author": null,
        "bookmarked": false,
        "comments": [],
        "date_published": "2024-12-04T14:07:12+00:00",
        "description": "&#32; submitted by &#32; <a href=\"https://www.reddit.com/user/EnergyLantern\"> /u/EnergyLantern </a> <br/> <span><a href=\"https://abcnews.go.com/US/chinese-espionage-campaign-scooped-data-thousands-us-mobile/story?id=116439853\">[link]</a></span> &#32; <span><a href=\"https://www.reddit.com/r/news/comments/1h6gtjs/chinese_espionage_campaign_scooped_up_data_on/\">[comments]</a></span>",
        "id": 1641865,
        "language": null,
        "link": "https://www.reddit.com/r/news/comments/1h6gtjs/chinese_espionage_campaign_scooped_up_data_on",
        "manual_status_code": 0,
        "page_rating": 27,
        "page_rating_contents": 85,
        "page_rating_visits": 0,
        "page_rating_votes": 0,
        "permanent": false,
        "source__id": 277,
        "source_url": "https://www.reddit.com/r/news/.rss",
        "status_code": 0,
        "tags": [],
        "thumbnail": null,
        "title": "Chinese espionage campaign scooped up data on thousands of US mobile phone users, sources say",
        "vote": 0
    },
    {
        "age": null,
        "album": "",
        "author": null,
        "bookmarked": false,
        "comments": [],
        "date_published": "2024-12-04T12:36:51+00:00",
        "description": "&#32; submitted by &#32; <a href=\"https://www.reddit.com/user/ttforum\"> /u/ttforum </a> <br/> <span><a href=\"https://www.reuters.com/business/aerospace-defense/us-senator-blasts-airlines-viewing-passengers-walking-piggy-banks-2024-12-04/\">[link]</a></span> &#32; <span><a href=\"https://www.reddit.com/r/news/comments/1h6ez8v/us_senator_blasts_airlines_for_viewing_passengers/\">[comments]</a></span>",
        "id": 1641403,
        "language": null,
        "link": "https://www.reddit.com/r/news/comments/1h6ez8v/us_senator_blasts_airlines_for_viewing_passengers",
        "manual_status_code": 0,
        "page_rating": 27,
        "page_rating_contents": 85,
        "page_rating_visits": 0,
        "page_rating_votes": 0,
        "permanent": false,
        "source__id": 277,
        "source_url": "https://www.reddit.com/r/news/.rss",
        "status_code": 0,
        "tags": [],
        "thumbnail": null,
        "title": "US senator blasts airlines for viewing passengers as 'walking piggy banks",
        "vote": 0
    },
    {
        "age": null,
        "album": "",
        "author": null,
        "bookmarked": false,
        "comments": [],
        "date_published": "2024-12-04T09:16:16+00:00",
        "description": "&#32; submitted by &#32; <a href=\"https://www.reddit.com/user/Jackisback123\"> /u/Jackisback123 </a> <br/> <span><a href=\"https://edition.cnn.com/2024/12/03/health/mystery-disease-congo/index.html\">[link]</a></span> &#32; <span><a href=\"https://www.reddit.com/r/news/comments/1h6c11z/health_officials_investigate_mystery_disease_in/\">[comments]</a></span>",
        "id": 1640278,
        "language": null,
        "link": "https://www.reddit.com/r/news/comments/1h6c11z/health_officials_investigate_mystery_disease_in",
        "manual_status_code": 0,
        "page_rating": 27,
        "page_rating_contents": 85,
        "page_rating_visits": 0,
        "page_rating_votes": 0,
        "permanent": false,
        "source__id": 277,
        "source_url": "https://www.reddit.com/r/news/.rss",
        "status_code": 0,
        "tags": [],
        "thumbnail": null,
        "title": "Health officials investigate mystery disease in southwest Congo after 143 deaths",
        "vote": 0
    },
    {
        "age": null,
        "album": "",
        "author": null,
        "bookmarked": false,
        "comments": [],
        "date_published": "2024-12-04T07:45:19+00:00",
        "description": "&#32; submitted by &#32; <a href=\"https://www.reddit.com/user/girlikeapearl_\"> /u/girlikeapearl_ </a> <br/> <span><a href=\"https://www.cbsnews.com/news/south-korea-president-martial-law-emergency/\">[link]</a></span> &#32; <span><a href=\"https://www.reddit.com/r/news/comments/1h6aucv/south_korea_lifts_martial_law_order_president/\">[comments]</a></span>",
        "id": 1639761,
        "language": null,
        "link": "https://www.reddit.com/r/news/comments/1h6aucv/south_korea_lifts_martial_law_order_president",
        "manual_status_code": 0,
        "page_rating": 27,
        "page_rating_contents": 85,
        "page_rating_visits": 0,
        "page_rating_votes": 0,
        "permanent": false,
        "source__id": 277,
        "source_url": "https://www.reddit.com/r/news/.rss",
        "status_code": 0,
        "tags": [],
        "thumbnail": null,
        "title": "South Korea lifts martial law order, president urged to resign",
        "vote": 0
    },
    {
        "age": null,
        "album": "",
        "author": null,
        "bookmarked": false,
        "comments": [],
        "date_published": "2024-12-04T06:26:30+00:00",
        "description": "&#32; submitted by &#32; <a href=\"https://www.reddit.com/user/apple_kicks\"> /u/apple_kicks </a> <br/> <span><a href=\"https://www.koreaherald.com/view.php?ud=20241204050028\">[link]</a></span> &#32; <span><a href=\"https://www.reddit.com/r/news/comments/1h69pwz/south_koreas_largest_labor_union_launches/\">[comments]</a></span>",
        "id": 1639555,
        "language": null,
        "link": "https://www.reddit.com/r/news/comments/1h69pwz/south_koreas_largest_labor_union_launches",
        "manual_status_code": 0,
        "page_rating": 27,
        "page_rating_contents": 85,
        "page_rating_visits": 0,
        "page_rating_votes": 0,
        "permanent": false,
        "source__id": 277,
        "source_url": "https://www.reddit.com/r/news/.rss",
        "status_code": 0,
        "tags": [],
        "thumbnail": null,
        "title": "South Korea\u2019s largest labor union launches indefinite strike, calls for president\u2019s resignation",
        "vote": 0
    },
    {
        "age": null,
        "album": "",
        "author": null,
        "bookmarked": false,
        "comments": [],
        "date_published": "2024-12-04T05:45:01+00:00",
        "description": "&#32; submitted by &#32; <a href=\"https://www.reddit.com/user/Indefatigablex\"> /u/Indefatigablex </a> <br/> <span><a href=\"https://www.yna.co.kr/view/AKR20241204117800001\">[link]</a></span> &#32; <span><a href=\"https://www.reddit.com/r/news/comments/1h691yh/south_koreas_opposition_parties_submit/\">[comments]</a></span>",
        "id": 1639316,
        "language": null,
        "link": "https://www.reddit.com/r/news/comments/1h691yh/south_koreas_opposition_parties_submit",
        "manual_status_code": 0,
        "page_rating": 27,
        "page_rating_contents": 85,
        "page_rating_visits": 0,
        "page_rating_votes": 0,
        "permanent": false,
        "source__id": 277,
        "source_url": "https://www.reddit.com/r/news/.rss",
        "status_code": 0,
        "tags": [],
        "thumbnail": null,
        "title": "South Korea's Opposition Parties Submit Impeachment Bill Against President Yoon",
        "vote": 0
    },
    {
        "age": null,
        "album": "",
        "author": null,
        "bookmarked": false,
        "comments": [],
        "date_published": "2024-12-04T02:35:36+00:00",
        "description": "&#32; submitted by &#32; <a href=\"https://www.reddit.com/user/Deviatedspectre\"> /u/Deviatedspectre </a> <br/> <span><a href=\"https://www.reuters.com/business/autos-transportation/teslas-china-made-ev-sales-drop-43-yy-nov-2024-12-03/\">[link]</a></span> &#32; <span><a href=\"https://www.reddit.com/r/news/comments/1h65jvj/teslas_chinamade_ev_sales_drop_43_in_nov/\">[comments]</a></span>",
        "id": 1638919,
        "language": null,
        "link": "https://www.reddit.com/r/news/comments/1h65jvj/teslas_chinamade_ev_sales_drop_43_in_nov",
        "manual_status_code": 0,
        "page_rating": 27,
        "page_rating_contents": 85,
        "page_rating_visits": 0,
        "page_rating_votes": 0,
        "permanent": false,
        "source__id": 277,
        "source_url": "https://www.reddit.com/r/news/.rss",
        "status_code": 0,
        "tags": [],
        "thumbnail": null,
        "title": "Tesla's China-made EV sales drop 4.3% in Nov",
        "vote": 0
    }
]